sample_id,family,codec,config,pa,pc,product,pa_units,pc_targets,treatment_wells,control_wells,total_wells
0,dinov2,MQ,std_ctrl__tvn_efaar_e0.1_c304,0.2542744809093447,0.0004256165295362484,0.00010822342211426634,370,77,1480,5753,7233
1,dinov2,MQ,std_ctrl__tvn_efaar_e0.1_c304,0.2347787039224692,-0.016138289168591297,-0.0037889266145278875,370,65,1480,5753,7233
2,dinov2,MQ,std_ctrl__tvn_efaar_e0.1_c304,0.20865589091347958,0.018187191597779005,0.0037948646660487285,370,88,1480,5625,7105
3,dinov2,MQ,std_ctrl__tvn_efaar_e0.1_c304,0.2353080765542745,-0.011459190962762732,-0.0026964401843158235,370,55,1480,5433,6913
4,dinov2,MQ,std_ctrl__tvn_efaar_e0.1_c304,0.25294174210551373,0.0032647392518723346,0.0008257888338888399,370,56,1480,5657,7137
5,dinov2,MQ,std_ctrl__tvn_efaar_e0.1_c304,0.19836104269140561,-0.015452528291838664,-0.0030651796241875622,370,82,1480,5785,7265
6,dinov2,MQ,std_ctrl__tvn_efaar_e0.1_c304,0.22788516791125696,0.031795988367994195,0.0072458341481447305,370,63,1480,5721,7201
7,dinov2,MQ,std_ctrl__tvn_efaar_e0.1_c304,0.19975009149485928,-0.01048723660195411,-0.0020948264707685705,370,49,1480,5561,7041
8,dinov2,MQ,std_ctrl__tvn_efaar_e0.1_c304,0.2076535830322329,0.04823777870657309,0.010016747585935851,370,81,1480,5529,7009
9,dinov2,MQ,std_ctrl__tvn_efaar_e0.1_c304,0.22188013536711776,0.011844261005171976,0.0026280062351510323,370,77,1480,5753,7233
10,dinov2,MQ,std_ctrl__tvn_efaar_e0.1_c304,0.20098215290861954,0.04933152325183292,0.009914755749415003,370,85,1480,5753,7233
11,dinov2,MQ,std_ctrl__tvn_efaar_e0.1_c304,0.2303963953802845,-0.009285198061018959,-0.002139276163650775,370,44,1480,5433,6913
12,dinov2,MQ,std_ctrl__tvn_efaar_e0.1_c304,0.22406504351413456,-0.028234324685386385,-0.0063263251892233035,370,92,1480,5785,7265
13,dinov2,MQ,std_ctrl__tvn_efaar_e0.1_c304,0.22086827976639317,0.058881748022310366,0.013005110395325915,370,80,1480,5849,7329
14,dinov2,MQ,std_ctrl__tvn_efaar_e0.1_c304,0.21838225572925737,0.0015828438687325948,0.0003456650145210486,370,93,1480,5753,7233
15,dinov2,MQ,std_ctrl__tvn_efaar_e0.1_c304,0.2241273375882057,0.002083860409420906,0.0004670500854689759,370,67,1480,5625,7105
16,dinov2,MQ,std_ctrl__tvn_efaar_e0.1_c304,0.2239418540812949,0.03494778635489195,0.007826272072351483,370,58,1480,5785,7265
17,dinov2,MQ,std_ctrl__tvn_efaar_e0.1_c304,0.20094257172559632,-0.0083714373554005,-0.0016821781512339014,370,76,1480,5689,7169
18,dinov2,MQ,std_ctrl__tvn_efaar_e0.1_c304,0.23451631641165413,0.0018911225256762888,0.00044349908860470704,370,54,1480,5785,7265
19,dinov2,MQ,std_ctrl__tvn_efaar_e0.1_c304,0.23919531724379212,0.08390689986517669,0.020070137532194037,370,98,1480,5593,7073
20,dinov2,MQ,std_ctrl__tvn_efaar_e0.1_c304,0.19902422348458237,-0.030921633436679887,-0.006154154083610113,370,59,1480,5689,7169
21,dinov2,MQ,std_ctrl__tvn_efaar_e0.1_c304,0.22607832579000017,0.05426193834076022,0.01226744817419929,370,58,1480,5913,7393
22,dinov2,MQ,std_ctrl__tvn_efaar_e0.1_c304,0.214924611148577,-0.026288115638516206,-0.005649963031436922,370,87,1480,5785,7265
23,dinov2,MQ,std_ctrl__tvn_efaar_e0.1_c304,0.24946831271063358,0.106824822106425,0.026649408126503432,370,71,1480,5817,7297
24,dinov2,MQ,std_ctrl__tvn_efaar_e0.1_c304,0.2246112207729742,0.09129204995653269,0.020505218787604154,370,77,1480,5465,6945
25,dinov2,MQ,std_ctrl__tvn_efaar_e0.1_c304,0.20936816893548393,-0.012204452496695963,-0.002555223872093329,370,109,1480,5785,7265
26,dinov2,MQ,std_ctrl__tvn_efaar_e0.1_c304,0.20325805783471249,0.0013460210284474176,0.00027358962004690436,370,74,1480,5066,6546
27,dinov2,MQ,std_ctrl__tvn_efaar_e0.1_c304,0.23462392235136123,-0.008916072509213729,-0.0020919239040808686,370,48,1480,5785,7265
28,dinov2,MQ,std_ctrl__tvn_efaar_e0.1_c304,0.22527540644321928,0.05372312853037276,0.012102499615081034,370,61,1480,5721,7201
29,dinov2,MQ,std_ctrl__tvn_efaar_e0.1_c304,0.20051051696334912,-0.004778418749767566,-0.0009581232137832551,370,101,1480,5753,7233
30,dinov2,MQ,std_ctrl__tvn_efaar_e0.1_c304,0.22313530791180877,0.03027295202201923,0.0067549644708326745,370,68,1480,5561,7041
31,dinov2,MQ,std_ctrl__tvn_efaar_e0.1_c304,0.22204071176162687,0.005784014534311133,0.0012842867040380387,370,72,1480,5913,7393
32,dinov2,MQ,std_ctrl__tvn_efaar_e0.1_c304,0.2181960954013288,-0.02250743655190683,-0.004911034773119218,370,81,1480,5817,7297
33,dinov2,MQ,std_ctrl__tvn_efaar_e0.1_c304,0.22225564866249647,-0.018276039877835062,-0.004061953098029885,370,59,1480,5913,7393
34,dinov2,MQ,std_ctrl__tvn_efaar_e0.1_c304,0.22620261908154612,0.011732871205513086,0.0026540061960335175,370,80,1480,5785,7265
35,dinov2,MQ,std_ctrl__tvn_efaar_e0.1_c304,0.2217048255198111,0.03304648388406747,0.0073265649435604275,370,54,1480,5625,7105
36,dinov2,MQ,std_ctrl__tvn_efaar_e0.1_c304,0.2207218419411596,-0.03417608310177171,-0.007543408012557191,370,57,1480,5657,7137
37,dinov2,MQ,std_ctrl__tvn_efaar_e0.1_c304,0.22439153576772825,-0.011353850150219929,-0.002547707872084502,370,64,1480,5593,7073
38,dinov2,MQ,std_ctrl__tvn_efaar_e0.1_c304,0.23231289085750115,0.037166033627398745,0.008634148713688103,370,86,1480,5561,7041
39,dinov2,MQ,std_ctrl__tvn_efaar_e0.1_c304,0.2213168736990319,0.09390975825279359,0.02078381410634014,370,65,1480,5753,7233
40,dinov2,MQ,std_ctrl__tvn_efaar_e0.1_c304,0.24390437433800544,0.08012030577000376,0.019541693050602455,370,84,1480,5753,7233
41,dinov2,MQ,std_ctrl__tvn_efaar_e0.1_c304,0.19895418820523045,-0.0665791452964711,-0.013246199803857496,370,103,1480,5945,7425
42,dinov2,MQ,std_ctrl__tvn_efaar_e0.1_c304,0.229956408813076,0.012352668233554858,0.0028405752262476384,370,69,1480,5977,7457
43,dinov2,MQ,std_ctrl__tvn_efaar_e0.1_c304,0.228509464249333,0.002944076830117696,0.0006727494191590693,370,61,1480,5375,6855
44,dinov2,MQ,std_ctrl__tvn_efaar_e0.1_c304,0.19220980776831453,-0.010968695451809521,-0.002108290844261494,370,72,1480,5785,7265
45,dinov2,MQ,std_ctrl__tvn_efaar_e0.1_c304,0.22228015642794458,0.04332401215463071,0.009630068198817487,370,84,1480,5753,7233
46,dinov2,MQ,std_ctrl__tvn_efaar_e0.1_c304,0.22084105956149128,-0.014063350433894544,-0.0031057652108058293,370,71,1480,5753,7233
47,dinov2,MQ,std_ctrl__tvn_efaar_e0.1_c304,0.2147602511870931,0.02595322804726534,0.005573721774546614,370,69,1480,5689,7169
48,dinov2,MQ,std_ctrl__tvn_efaar_e0.1_c304,0.21891822806339306,0.018855020638691353,0.004127707708321017,370,71,1480,5753,7233
49,dinov2,MQ,std_ctrl__tvn_efaar_e0.1_c304,0.22841321315543447,0.031197761324691792,0.007125980907429196,370,64,1480,5529,7009
50,dinov2,MQ,std_ctrl__tvn_efaar_e0.1_c304,0.20870104727476568,0.010197027042879855,0.0021281302229381326,370,65,1480,5881,7361
51,dinov2,MQ,std_ctrl__tvn_efaar_e0.1_c304,0.1956881389642167,0.04098970048504634,0.008021198204619369,370,69,1480,5625,7105
52,dinov2,MQ,std_ctrl__tvn_efaar_e0.1_c304,0.25088290189329887,0.045656154612813714,0.011454348558551828,370,60,1480,5689,7169
53,dinov2,MQ,std_ctrl__tvn_efaar_e0.1_c304,0.19427544560035812,0.05362783438092559,0.010418571420936523,370,64,1480,5913,7393
54,dinov2,MQ,std_ctrl__tvn_efaar_e0.1_c304,0.1710888766573847,0.0007352626299423565,0.00012579525740499212,370,64,1480,5753,7233
55,dinov2,MQ,std_ctrl__tvn_efaar_e0.1_c304,0.2197100086367667,0.1876093599161421,0.04121965408751386,370,69,1480,5657,7137
56,dinov2,MQ,std_ctrl__tvn_efaar_e0.1_c304,0.2223070702428781,0.06309931743666909,0.014027424393671259,370,70,1480,5913,7393
57,dinov2,MQ,std_ctrl__tvn_efaar_e0.1_c304,0.20667469124232216,0.03080931445389155,0.006367505552145649,370,75,1480,5529,7009
58,dinov2,MQ,std_ctrl__tvn_efaar_e0.1_c304,0.20944074520905728,-0.00910254699895953,-0.0019064442267625519,370,68,1480,5849,7329
59,dinov2,MQ,std_ctrl__tvn_efaar_e0.1_c304,0.24088650537815712,0.015653078181528075,0.0037706153015593766,370,86,1480,5561,7041
60,dinov2,MQ,std_ctrl__tvn_efaar_e0.1_c304,0.21826626533877724,0.017529609645099278,0.0038261224300824275,370,52,1480,5689,7169
61,dinov2,MQ,std_ctrl__tvn_efaar_e0.1_c304,0.19380028654559986,0.02032363516670815,0.003938726318956269,370,73,1480,5657,7137
62,dinov2,MQ,std_ctrl__tvn_efaar_e0.1_c304,0.20367430408241874,-0.025322954107798695,-0.005157635055216926,370,48,1480,5849,7329
63,dinov2,MQ,std_ctrl__tvn_efaar_e0.1_c304,0.22582577774385318,0.018266470682077058,0.004125039948415344,370,53,1480,5721,7201
64,dinov2,MQ,std_ctrl__tvn_efaar_e0.1_c304,0.20689982330271706,0.031479504875519274,0.006513103996401958,370,82,1480,5753,7233
65,dinov2,MQ,std_ctrl__tvn_efaar_e0.1_c304,0.24012019440343207,0.02198171298522029,0.005278253195331544,370,56,1480,5497,6977
66,dinov2,MQ,std_ctrl__tvn_efaar_e0.1_c304,0.2281724182604513,0.011899876976030307,0.0027152237066227014,370,81,1480,5785,7265
67,dinov2,MQ,std_ctrl__tvn_efaar_e0.1_c304,0.22805960709882758,-0.04671249734022897,-0.010653233790017647,370,114,1480,6009,7489
68,dinov2,MQ,std_ctrl__tvn_efaar_e0.1_c304,0.21012207351156761,-0.011890243993528615,-0.002498402722478695,370,81,1480,5785,7265
69,dinov2,MQ,std_ctrl__tvn_efaar_e0.1_c304,0.23251072989959676,-0.01692673961650763,-0.00393564858305461,370,56,1480,5913,7393
70,dinov2,MQ,std_ctrl__tvn_efaar_e0.1_c304,0.24052745030213435,0.02698424104935707,0.006490450697940046,370,60,1480,5785,7265
71,dinov2,MQ,std_ctrl__tvn_efaar_e0.1_c304,0.2158718190383042,-0.011135128634523981,-0.0024037604735602,370,73,1480,5663,7143
72,dinov2,MQ,std_ctrl__tvn_efaar_e0.1_c304,0.21850516867578765,-0.01639575525195158,-0.003582557266894611,370,75,1480,5881,7361
73,dinov2,MQ,std_ctrl__tvn_efaar_e0.1_c304,0.22151422859384262,0.04180594280384672,0.009260611170832411,370,45,1480,5625,7105
74,dinov2,MQ,std_ctrl__tvn_efaar_e0.1_c304,0.23625501505114624,0.061428669109731035,0.014512831145091387,370,130,1480,5657,7137
75,dinov2,MQ,std_ctrl__tvn_efaar_e0.1_c304,0.20572726054407817,0.01696513959903561,0.0034901916944574565,370,74,1480,5785,7265
76,dinov2,MQ,std_ctrl__tvn_efaar_e0.1_c304,0.22595419899088628,0.004142078135285179,0.0009359199472160267,370,77,1480,5625,7105
77,dinov2,MQ,std_ctrl__tvn_efaar_e0.1_c304,0.21835034194964412,-0.03424966049311234,-0.007478425080330296,370,98,1480,5849,7329
78,dinov2,MQ,std_ctrl__tvn_efaar_e0.1_c304,0.22336292837485117,-0.02148154042309091,-0.004798179774904325,370,98,1480,5849,7329
79,dinov2,MQ,std_ctrl__tvn_efaar_e0.1_c304,0.22543944950790493,0.02022739726820706,0.0045600533051222995,370,102,1480,5753,7233
80,dinov2,MQ,std_ctrl__tvn_efaar_e0.1_c304,0.2411577214159029,0.004475203457594945,0.0010792298687061672,370,68,1480,5817,7297
81,dinov2,MQ,std_ctrl__tvn_efaar_e0.1_c304,0.18579646586047815,-0.007360932471287587,-0.0013676352386028693,370,69,1480,5625,7105
82,dinov2,MQ,std_ctrl__tvn_efaar_e0.1_c304,0.21278199808130058,-0.01397373164325197,-0.0029733585397030498,370,67,1480,5689,7169
83,dinov2,MQ,std_ctrl__tvn_efaar_e0.1_c304,0.2041821921985896,-0.01186054601956148,-0.002421712286946319,370,97,1480,5753,7233
84,dinov2,MQ,std_ctrl__tvn_efaar_e0.1_c304,0.21663425469809014,0.016977802423665762,0.003677973574462261,370,77,1480,5817,7297
85,dinov2,MQ,std_ctrl__tvn_efaar_e0.1_c304,0.19210321111341816,0.06387950580187779,0.01227145818887895,370,90,1480,5785,7265
86,dinov2,MQ,std_ctrl__tvn_efaar_e0.1_c304,0.21058637073228922,-0.014077630358634593,-0.002964557085735554,370,117,1480,5945,7425
87,dinov2,MQ,std_ctrl__tvn_efaar_e0.1_c304,0.202495991117352,0.036232731674782144,0.0073369829113740835,370,55,1480,5657,7137
88,dinov2,MQ,std_ctrl__tvn_efaar_e0.1_c304,0.261169440705059,0.07150107152863508,0.01867389486094604,370,80,1480,5753,7233
89,dinov2,MQ,std_ctrl__tvn_efaar_e0.1_c304,0.22795064300460163,-0.0456056766548077,-0.010395843318123365,370,73,1480,5721,7201
90,dinov2,MQ,std_ctrl__tvn_efaar_e0.1_c304,0.21247524942387913,0.025820927030498392,0.005486307911160929,370,64,1480,5721,7201
91,dinov2,MQ,std_ctrl__tvn_efaar_e0.1_c304,0.2504935171076225,0.051308904198403484,0.012852547871596148,370,83,1480,5849,7329
92,dinov2,MQ,std_ctrl__tvn_efaar_e0.1_c304,0.17007471250794165,0.03185444155640107,0.005417634989805941,370,58,1480,5625,7105
93,dinov2,MQ,std_ctrl__tvn_efaar_e0.1_c304,0.22189785366793605,-0.009979280496756289,-0.002214380923380515,370,81,1480,5785,7265
94,dinov2,MQ,std_ctrl__tvn_efaar_e0.1_c304,0.2269834147321308,0.030621317080365522,0.0069505311144966875,370,61,1480,5561,7041
95,dinov2,MQ,std_ctrl__tvn_efaar_e0.1_c304,0.2287151583519127,0.0010009847342438668,0.00022894038200043323,370,66,1480,5753,7233
96,dinov2,MQ,std_ctrl__tvn_efaar_e0.1_c304,0.21837546016581968,0.017811333947806516,0.003889558247019334,370,47,1480,5689,7169
97,dinov2,MQ,std_ctrl__tvn_efaar_e0.1_c304,0.2341650936193696,0.047752726031905245,0.011182021561841199,370,85,1480,5689,7169
98,dinov2,MQ,std_ctrl__tvn_efaar_e0.1_c304,0.24069303015869456,0.04329874636454116,0.010421706464554172,370,73,1480,5625,7105
99,dinov2,MQ,std_ctrl__tvn_efaar_e0.1_c304,0.2409923707707953,0.01085313232121265,0.002615522088378181,370,62,1480,5785,7265
100,dinov2,MQ,std_ctrl__tvn_efaar_e0.1_c304,0.19939123485621008,0.0066848038749682485,0.0013328912994014972,370,52,1480,5689,7169
101,dinov2,MQ,std_ctrl__tvn_efaar_e0.1_c304,0.21526628764232267,0.008746747159191375,0.0018828797899051591,370,72,1480,5433,6913
102,dinov2,MQ,std_ctrl__tvn_efaar_e0.1_c304,0.2371700697649884,0.017719290229297822,0.004202485299868642,370,72,1480,5753,7233
103,dinov2,MQ,std_ctrl__tvn_efaar_e0.1_c304,0.19563470221736107,0.10508300909916975,0.020557883193220317,370,79,1480,5497,6977
104,dinov2,MQ,std_ctrl__tvn_efaar_e0.1_c304,0.24208482251277394,0.007135333143661633,0.0017273558576528397,370,78,1480,5625,7105
105,dinov2,MQ,std_ctrl__tvn_efaar_e0.1_c304,0.21980859591144275,-0.023854955278531462,-0.005243524225304261,370,45,1480,5689,7169
106,dinov2,MQ,std_ctrl__tvn_efaar_e0.1_c304,0.2176076894155046,-0.021983693202448838,-0.004783820682604226,370,53,1480,5625,7105
107,dinov2,MQ,std_ctrl__tvn_efaar_e0.1_c304,0.21095651284917585,-0.020405140207179952,-0.004304597222305193,370,58,1480,5753,7233
108,dinov2,MQ,std_ctrl__tvn_efaar_e0.1_c304,0.23499050445733166,0.082273682965174,0.01933353426354881,370,61,1480,5657,7137
109,dinov2,MQ,std_ctrl__tvn_efaar_e0.1_c304,0.21536224464164513,-0.028812803057555222,-0.006205189940892749,370,76,1480,5913,7393
110,dinov2,MQ,std_ctrl__tvn_efaar_e0.1_c304,0.22144819116478184,0.019048643370586576,0.0042182876185594105,370,87,1480,5689,7169
111,dinov2,MQ,std_ctrl__tvn_efaar_e0.1_c304,0.21393696900063186,-0.0033272219285877293,-0.0007118157745944956,370,78,1480,5599,7079
112,dinov2,MQ,std_ctrl__tvn_efaar_e0.1_c304,0.2423676366726352,0.011537849397146194,0.0027964012906711118,370,52,1480,5759,7239
113,dinov2,MQ,std_ctrl__tvn_efaar_e0.1_c304,0.2172330094588641,0.021529786287390093,0.0046769802682159346,370,67,1480,5593,7073
114,dinov2,MQ,std_ctrl__tvn_efaar_e0.1_c304,0.2398003718227629,0.04605398740889614,0.011043763304574135,370,60,1480,5625,7105
115,dinov2,MQ,std_ctrl__tvn_efaar_e0.1_c304,0.22126983021688437,0.0036589973711496954,0.0008096257270783193,370,59,1480,5913,7393
116,dinov2,MQ,std_ctrl__tvn_efaar_e0.1_c304,0.17913586389674124,0.047374286147119284,0.008486433675455634,370,72,1480,5625,7105
117,dinov2,MQ,std_ctrl__tvn_efaar_e0.1_c304,0.22483009081588987,-0.004689723413155708,-0.001054390940881203,370,60,1480,5945,7425
118,dinov2,MQ,std_ctrl__tvn_efaar_e0.1_c304,0.22945460777566448,0.04019094333256203,0.00922199713850698,370,53,1480,5721,7201
119,dinov2,MQ,std_ctrl__tvn_efaar_e0.1_c304,0.22477520715633334,0.06784764842136244,0.015250469228981815,370,84,1480,5794,7274
120,dinov2,MQ,std_ctrl__tvn_efaar_e0.1_c304,0.24721507960552036,0.09150930833589752,0.022622480944905012,370,52,1480,5529,7009
121,dinov2,MQ,std_ctrl__tvn_efaar_e0.1_c304,0.2219428039710125,-0.002953693195805774,-0.0006555509499472342,370,61,1480,5721,7201
122,dinov2,MQ,std_ctrl__tvn_efaar_e0.1_c304,0.23454443528784594,0.01884943907049076,0.0044210310422809155,370,93,1480,5625,7105
123,dinov2,MQ,std_ctrl__tvn_efaar_e0.1_c304,0.23887905678494448,0.0025783070205744737,0.0006159035491768307,370,75,1480,5721,7201
124,dinov2,MQ,std_ctrl__tvn_efaar_e0.1_c304,0.2038841030208383,0.0048511972878102485,0.000989082007602316,370,75,1480,5561,7041
125,dinov2,MQ,std_ctrl__tvn_efaar_e0.1_c304,0.22587770510670094,-0.020295360436209227,-0.0045842694396442734,370,61,1480,5593,7073
126,dinov2,MQ,std_ctrl__tvn_efaar_e0.1_c304,0.234278305137781,-0.02044892906011344,-0.004790740442086093,370,60,1480,5689,7169
127,dinov2,MQ,std_ctrl__tvn_efaar_e0.1_c304,0.20308162952974607,0.03042823230201118,0.006179414999602086,370,82,1480,5881,7361
128,dinov2,MQ,std_ctrl__tvn_efaar_e0.1_c304,0.24439916598546396,0.04364932487052081,0.010667858594183855,370,76,1480,5657,7137
129,dinov2,MQ,std_ctrl__tvn_efaar_e0.1_c304,0.2418069967930881,-0.03884825908079003,-0.00939378085896565,370,77,1480,5689,7169
130,dinov2,MQ,std_ctrl__tvn_efaar_e0.1_c304,0.19202261799514533,0.011964723545759691,0.002297497538844934,370,98,1480,5785,7265
131,dinov2,MQ,std_ctrl__tvn_efaar_e0.1_c304,0.22433325330355097,0.022672691724124897,0.0050862386956214345,370,86,1480,5753,7233
132,dinov2,MQ,std_ctrl__tvn_efaar_e0.1_c304,0.2678287544886213,0.024144804023568493,0.006466672789004202,370,100,1480,5849,7329
133,dinov2,MQ,std_ctrl__tvn_efaar_e0.1_c304,0.20348553510133213,0.009125005864759969,0.0018568067011934762,370,120,1480,5753,7233
134,dinov2,MQ,std_ctrl__tvn_efaar_e0.1_c304,0.2001586051158952,-0.007244455842371008,-0.0014500401762326785,370,63,1480,5337,6817
135,dinov2,MQ,std_ctrl__tvn_efaar_e0.1_c304,0.21125088186688093,0.11607924912288001,0.024521843743653765,370,77,1480,5625,7105
136,dinov2,MQ,std_ctrl__tvn_efaar_e0.1_c304,0.21862260044998005,-0.01428408325753959,-0.003122823426807327,370,68,1480,5529,7009
137,dinov2,MQ,std_ctrl__tvn_efaar_e0.1_c304,0.20490923627992197,-0.025630841121970466,-0.005251996079514987,370,79,1480,5529,7009
138,dinov2,MQ,std_ctrl__tvn_efaar_e0.1_c304,0.20196022903883243,-0.005581213337426448,-0.0011271831239412318,370,87,1480,5497,6977
139,dinov2,MQ,std_ctrl__tvn_efaar_e0.1_c304,0.25135983593887257,-0.015521779848847332,-0.0039015520362855635,370,78,1480,5561,7041
140,dinov2,MQ,std_ctrl__tvn_efaar_e0.1_c304,0.24993106644633434,0.05079169032711795,0.012694421330068553,370,43,1480,5625,7105
141,dinov2,MQ,std_ctrl__tvn_efaar_e0.1_c304,0.23431509187531477,0.009273605207785727,0.00217294565627771,370,77,1480,5593,7073
142,dinov2,MQ,std_ctrl__tvn_efaar_e0.1_c304,0.21894119962047986,-0.020086425960582174,-0.004397746195897811,370,68,1480,5913,7393
143,dinov2,MQ,std_ctrl__tvn_efaar_e0.1_c304,0.19874746667987908,-0.07311146895902693,-0.014530719240851218,370,79,1480,5849,7329
144,dinov2,MQ,std_ctrl__tvn_efaar_e0.1_c304,0.22205444470112493,0.004587221508892364,0.0010186129248781503,370,80,1480,5625,7105
145,dinov2,MQ,std_ctrl__tvn_efaar_e0.1_c304,0.23137150037069365,0.02733844157398322,0.006325336244769045,370,95,1480,5753,7233
146,dinov2,MQ,std_ctrl__tvn_efaar_e0.1_c304,0.2269630165779975,0.01487939984588974,0.0033770734738933265,370,69,1480,5529,7009
147,dinov2,MQ,std_ctrl__tvn_efaar_e0.1_c304,0.22589863822907946,0.051172148875440214,0.011559718746217664,370,82,1480,5721,7201
148,dinov2,MQ,std_ctrl__tvn_efaar_e0.1_c304,0.23113756976225175,0.01570428161439588,0.003629849487213475,370,75,1480,5657,7137
149,dinov2,MQ,std_ctrl__tvn_efaar_e0.1_c304,0.2084758770510621,0.01551311351935219,0.0032341099467396365,370,46,1480,5497,6977
150,dinov2,MQ,std_ctrl__tvn_efaar_e0.1_c304,0.20944561907015513,0.035082037488724925,0.007347779060068382,370,84,1480,5849,7329
151,dinov2,MQ,std_ctrl__tvn_efaar_e0.1_c304,0.23990304946438384,0.024852329034547125,0.005962149521680102,370,98,1480,5785,7265
152,dinov2,MQ,std_ctrl__tvn_efaar_e0.1_c304,0.20314623488732964,-0.005270866073567295,-0.0010707565974405586,370,69,1480,5657,7137
153,dinov2,MQ,std_ctrl__tvn_efaar_e0.1_c304,0.23833355122130076,0.026633257099911625,0.0063475987452118595,370,85,1480,5753,7233
154,dinov2,MQ,std_ctrl__tvn_efaar_e0.1_c304,0.19895758243007444,-0.02054016348802582,-0.004086621270296103,370,76,1480,5721,7201
155,dinov2,MQ,std_ctrl__tvn_efaar_e0.1_c304,0.22240108771120856,0.032053386193349825,0.007128707954228436,370,83,1480,5497,6977
156,dinov2,MQ,std_ctrl__tvn_efaar_e0.1_c304,0.22080035354990496,0.09549262878328138,0.02108480619675836,370,63,1480,5785,7265
157,dinov2,MQ,std_ctrl__tvn_efaar_e0.1_c304,0.2238310412173038,-0.0068781600013930804,-0.001539545714771025,370,95,1480,5593,7073
158,dinov2,MQ,std_ctrl__tvn_efaar_e0.1_c304,0.18641382682373328,0.0018964225207732787,0.0003535193793720577,370,78,1480,5625,7105
159,dinov2,MQ,std_ctrl__tvn_efaar_e0.1_c304,0.20452435099936378,0.0972294930832024,0.0198857989708391,370,56,1480,5849,7329
160,dinov2,MQ,std_ctrl__tvn_efaar_e0.1_c304,0.2174916647378507,0.013270838906446673,0.002886296846230925,370,76,1480,5817,7297
161,dinov2,MQ,std_ctrl__tvn_efaar_e0.1_c304,0.22820860319853706,0.018085410927421032,0.004127246366018312,370,95,1480,5657,7137
162,dinov2,MQ,std_ctrl__tvn_efaar_e0.1_c304,0.22906301407833599,0.03951422523592251,0.009051247531510657,370,108,1480,5849,7329
163,dinov2,MQ,std_ctrl__tvn_efaar_e0.1_c304,0.23005322132401929,0.06802022482338868,0.015648271835804587,370,75,1480,5785,7265
164,dinov2,MQ,std_ctrl__tvn_efaar_e0.1_c304,0.2283758620548162,-0.02001907623052509,-0.004571873791687248,370,49,1480,5785,7265
165,dinov2,MQ,std_ctrl__tvn_efaar_e0.1_c304,0.23724540270497868,0.05081942547402395,0.012056675061820465,370,83,1480,5849,7329
166,dinov2,MQ,std_ctrl__tvn_efaar_e0.1_c304,0.22915952043420096,0.007837472352302205,0.001796031405669882,370,84,1480,5631,7111
167,dinov2,MQ,std_ctrl__tvn_efaar_e0.1_c304,0.2184213606464346,0.030357082228306107,0.006630635205562319,370,49,1480,5785,7265
168,dinov2,MQ,std_ctrl__tvn_efaar_e0.1_c304,0.2184790623630505,-0.01579412139691664,-0.003450684833646541,370,49,1480,5721,7201
169,dinov2,MQ,std_ctrl__tvn_efaar_e0.1_c304,0.22044197970759416,-0.025580583285599003,-0.005639034421552438,370,53,1480,5689,7169
170,dinov2,MQ,std_ctrl__tvn_efaar_e0.1_c304,0.21457009942594799,-0.05324720147327343,-0.011425257314273764,370,57,1480,5497,6977
171,dinov2,MQ,std_ctrl__tvn_efaar_e0.1_c304,0.219731856632375,0.0003611646269872362,7.935937403784457e-05,370,78,1480,5561,7041
172,dinov2,MQ,std_ctrl__tvn_efaar_e0.1_c304,0.22179618858052386,-0.029383138339061615,-0.0065170680921381305,370,58,1480,5689,7169
173,dinov2,MQ,std_ctrl__tvn_efaar_e0.1_c304,0.2133989344075508,0.04970271442807644,0.010606506296114314,370,61,1480,5753,7233
174,dinov2,MQ,std_ctrl__tvn_efaar_e0.1_c304,0.21071449150212146,0.09102712809062347,0.0191807350085142,370,81,1480,5497,6977
175,dinov2,MQ,std_ctrl__tvn_efaar_e0.1_c304,0.2161229665038274,-0.004601312167227957,-0.0009944492353914612,370,81,1480,5433,6913
176,dinov2,MQ,std_ctrl__tvn_efaar_e0.1_c304,0.22724277407556,0.024874068510182975,0.0056524523307995116,370,67,1480,5497,6977
177,dinov2,MQ,std_ctrl__tvn_efaar_e0.1_c304,0.20814337643748382,0.03412157784110825,0.007102180421222701,370,74,1480,5657,7137
178,dinov2,MQ,std_ctrl__tvn_efaar_e0.1_c304,0.23353700193991872,0.00451222881166458,0.0010537723887430682,370,66,1480,5657,7137
179,dinov2,MQ,std_ctrl__tvn_efaar_e0.1_c304,0.19334302002678413,0.036454248888535566,0.007048174572917505,370,99,1480,5561,7041
180,dinov2,MQ,std_ctrl__tvn_efaar_e0.1_c304,0.2141597650212521,-0.04317654884347153,-0.009246679554746477,370,79,1480,5753,7233
181,dinov2,MQ,std_ctrl__tvn_efaar_e0.1_c304,0.2125472502571272,0.02110858040355131,0.004486570721606311,370,73,1480,5593,7073
182,dinov2,MQ,std_ctrl__tvn_efaar_e0.1_c304,0.21006034656853156,0.0457919753810969,0.00961907821861088,370,82,1480,5657,7137
183,dinov2,MQ,std_ctrl__tvn_efaar_e0.1_c304,0.22131635662784105,0.05612721806031662,0.012421871408765633,370,126,1480,5593,7073
184,dinov2,MQ,std_ctrl__tvn_efaar_e0.1_c304,0.22754466581492122,0.01565944084614071,0.0035632222341836148,370,69,1480,5721,7201
185,dinov2,MQ,std_ctrl__tvn_efaar_e0.1_c304,0.20817885124335567,0.03282203082064931,0.006832852671716787,370,80,1480,5817,7297
186,dinov2,MQ,std_ctrl__tvn_efaar_e0.1_c304,0.23068825239381258,-0.010188200170352471,-0.002350298092336955,370,62,1480,5721,7201
187,dinov2,MQ,std_ctrl__tvn_efaar_e0.1_c304,0.2173984891350592,0.05081912454824492,0.011048000895954844,370,77,1480,5721,7201
188,dinov2,MQ,std_ctrl__tvn_efaar_e0.1_c304,0.2292666864805587,0.04658003901385253,0.01067925120084112,370,50,1480,5657,7137
189,dinov2,MQ,std_ctrl__tvn_efaar_e0.1_c304,0.19429821315049342,0.01585850366304739,0.003081278924970663,370,49,1480,5753,7233
190,dinov2,MQ,std_ctrl__tvn_efaar_e0.1_c304,0.21692418163476598,0.023722147707559278,0.005145907478081337,370,78,1480,5721,7201
191,dinov2,MQ,std_ctrl__tvn_efaar_e0.1_c304,0.2339889483622144,0.01072148160055825,0.0025087082045994564,370,90,1480,5465,6945
192,dinov2,MQ,std_ctrl__tvn_efaar_e0.1_c304,0.2082335965276472,0.011608333764254028,0.002417245089423937,370,98,1480,5497,6977
193,dinov2,MQ,std_ctrl__tvn_efaar_e0.1_c304,0.22439411417509725,0.020236729331159106,0.004541002952066655,370,85,1480,5721,7201
194,dinov2,MQ,std_ctrl__tvn_efaar_e0.1_c304,0.24143199978591048,0.036379499167617915,0.008783175235247858,370,71,1480,5689,7169
195,dinov2,MQ,std_ctrl__tvn_efaar_e0.1_c304,0.2189278489679977,0.045777246222887674,0.010021914047255196,370,88,1480,5881,7361
196,dinov2,MQ,std_ctrl__tvn_efaar_e0.1_c304,0.20207199188247263,0.021906307588144117,0.0044266512091264065,370,54,1480,5625,7105
197,dinov2,MQ,std_ctrl__tvn_efaar_e0.1_c304,0.1784174886909973,0.011077561549925136,0.0019764307125575945,370,79,1480,5433,6913
198,dinov2,MQ,std_ctrl__tvn_efaar_e0.1_c304,0.21085050435326524,-0.016815284427688308,-0.003545511202421687,370,82,1480,5753,7233
199,dinov2,MQ,std_ctrl__tvn_efaar_e0.1_c304,0.22474309192472086,0.004653510920703823,0.0010458444326244317,370,85,1480,5721,7201
200,dinov2,MQ,std_ctrl__tvn_efaar_e0.1_c304,0.2040302206278986,0.049388933417107365,0.01007683498166901,370,51,1480,5561,7041
201,dinov2,MQ,std_ctrl__tvn_efaar_e0.1_c304,0.2354905718033188,0.0004790442573233991,0.00011281040607618345,370,83,1480,5689,7169
202,dinov2,MQ,std_ctrl__tvn_efaar_e0.1_c304,0.22532994926283675,0.09008280545024798,0.02029835398155837,370,34,1480,5657,7137
203,dinov2,MQ,std_ctrl__tvn_efaar_e0.1_c304,0.22150997436169492,0.036725924072468774,0.008135158499702113,370,71,1480,5465,6945
204,dinov2,MQ,std_ctrl__tvn_efaar_e0.1_c304,0.21863505077713005,0.11784073634840499,0.02576411537514792,370,72,1480,5561,7041
205,dinov2,MQ,std_ctrl__tvn_efaar_e0.1_c304,0.21325876188495377,-0.008135546446623513,-0.0017349765624644655,370,72,1480,5721,7201
206,dinov2,MQ,std_ctrl__tvn_efaar_e0.1_c304,0.18325157387720278,-0.037452560035244796,-0.0068632405721890345,370,70,1480,5337,6817
207,dinov2,MQ,std_ctrl__tvn_efaar_e0.1_c304,0.23980398007989884,0.036621712712301455,0.008782032465752517,370,53,1480,5657,7137
208,dinov2,MQ,std_ctrl__tvn_efaar_e0.1_c304,0.18972360742748293,-0.03494106117601611,-0.006629144173658145,370,60,1480,5881,7361
209,dinov2,MQ,std_ctrl__tvn_efaar_e0.1_c304,0.1908781271162078,0.01790640908248856,0.0034179418290420692,370,54,1480,5881,7361
210,dinov2,MQ,std_ctrl__tvn_efaar_e0.1_c304,0.1926217724481992,-0.013581924640209164,-0.0026161743974549593,370,74,1480,5657,7137
211,dinov2,MQ,std_ctrl__tvn_efaar_e0.1_c304,0.23777701495039286,0.022871198133022755,0.005438245220409149,370,65,1480,5817,7297
212,dinov2,MQ,std_ctrl__tvn_efaar_e0.1_c304,0.23950793036370605,-0.007197978588792388,-0.0017239729546039344,370,67,1480,5913,7393
213,dinov2,MQ,std_ctrl__tvn_efaar_e0.1_c304,0.25576849264141227,0.045479562406047294,0.011632239122585758,370,67,1480,5753,7233
214,dinov2,MQ,std_ctrl__tvn_efaar_e0.1_c304,0.23144266599008276,0.06609015480073106,0.015296081622778464,370,96,1480,5657,7137
215,dinov2,MQ,std_ctrl__tvn_efaar_e0.1_c304,0.18354512376580354,0.06049060193951119,0.011102755019655536,370,67,1480,5401,6881
216,dinov2,MQ,std_ctrl__tvn_efaar_e0.1_c304,0.22666152718633378,-0.018340644820375233,-0.0041571185645683725,370,60,1480,5657,7137
217,dinov2,MQ,std_ctrl__tvn_efaar_e0.1_c304,0.27095630966090356,0.000213845861372405,5.794288543372403e-05,370,58,1480,5689,7169
218,dinov2,MQ,std_ctrl__tvn_efaar_e0.1_c304,0.17713034204498254,-0.01620720657535589,-0.002870788044286479,370,96,1480,5785,7265
219,dinov2,MQ,std_ctrl__tvn_efaar_e0.1_c304,0.18813646348893198,-0.04231929549863015,-0.007961802592455354,370,77,1480,5561,7041
220,dinov2,MQ,std_ctrl__tvn_efaar_e0.1_c304,0.23651755185941667,0.059082891096288795,0.013974140758870752,370,91,1480,5849,7329
221,dinov2,MQ,std_ctrl__tvn_efaar_e0.1_c304,0.1599116871150088,-0.008561452650603244,-0.0013690763375132286,370,74,1480,5945,7425
222,dinov2,MQ,std_ctrl__tvn_efaar_e0.1_c304,0.21861869509003698,-0.0020626493019738454,-0.00045093369882589774,370,60,1480,5465,6945
223,dinov2,MQ,std_ctrl__tvn_efaar_e0.1_c304,0.2341988179334441,-0.008633896561911535,-0.0020220483689593087,370,61,1480,5625,7105
224,dinov2,MQ,std_ctrl__tvn_efaar_e0.1_c304,0.21266418301208476,0.014127613897037464,0.0030044374673236472,370,57,1480,5625,7105
225,dinov2,MQ,std_ctrl__tvn_efaar_e0.1_c304,0.21386003227819655,-0.01613542391818233,-0.003450722279964858,370,86,1480,5786,7266
226,dinov2,MQ,std_ctrl__tvn_efaar_e0.1_c304,0.22151733431726198,0.04801958423444293,0.010637170294637016,370,80,1480,5561,7041
227,dinov2,MQ,std_ctrl__tvn_efaar_e0.1_c304,0.21602075397668904,0.0733064810219066,0.01583572130173011,370,45,1480,5721,7201
228,dinov2,MQ,std_ctrl__tvn_efaar_e0.1_c304,0.23547671951707141,0.058099591514962745,0.013681101215225304,370,48,1480,5689,7169
229,dinov2,MQ,std_ctrl__tvn_efaar_e0.1_c304,0.2371205116791475,0.042338851635099754,0.010039410163622364,370,63,1480,5721,7201
230,dinov2,MQ,std_ctrl__tvn_efaar_e0.1_c304,0.2274363897151458,0.008014255141726599,0.0018227332556903417,370,87,1480,5785,7265
231,dinov2,MQ,std_ctrl__tvn_efaar_e0.1_c304,0.24713010875348937,-0.01702830226380061,-0.004208206190340334,370,45,1480,5657,7137
232,dinov2,MQ,std_ctrl__tvn_efaar_e0.1_c304,0.23035161278524233,0.014245716140659757,0.003281523688281733,370,78,1480,5689,7169
233,dinov2,MQ,std_ctrl__tvn_efaar_e0.1_c304,0.22306037881010227,0.03621556654970316,0.008078257993399255,370,75,1480,5689,7169
234,dinov2,MQ,std_ctrl__tvn_efaar_e0.1_c304,0.22864381686397517,-0.016229608682691098,-0.003710799675419205,370,76,1480,5721,7201
235,dinov2,MQ,std_ctrl__tvn_efaar_e0.1_c304,0.22945747900480842,0.03793459780472513,0.008704377179333568,370,75,1480,5721,7201
236,dinov2,MQ,std_ctrl__tvn_efaar_e0.1_c304,0.23008989709516495,-0.009097215666419132,-0.0020931774165389005,370,71,1480,5689,7169
237,dinov2,MQ,std_ctrl__tvn_efaar_e0.1_c304,0.20719717442487987,-0.003204752529554188,-0.0006640156688546141,370,77,1480,5753,7233
238,dinov2,MQ,std_ctrl__tvn_efaar_e0.1_c304,0.20174867560326856,-0.040338438688205976,-0.008138226581249205,370,58,1480,5785,7265
239,dinov2,MQ,std_ctrl__tvn_efaar_e0.1_c304,0.23608987654653138,0.0074053328592991255,0.0017483241205379027,370,58,1480,5657,7137
240,dinov2,MQ,std_ctrl__tvn_efaar_e0.1_c304,0.2153771009916335,0.0227594543228492,0.004901865292206762,370,61,1480,5817,7297
241,dinov2,MQ,std_ctrl__tvn_efaar_e0.1_c304,0.23717646346514196,0.0062594334404881815,0.001484590286710433,370,86,1480,5785,7265
242,dinov2,MQ,std_ctrl__tvn_efaar_e0.1_c304,0.21495898118066123,-0.0031657456792040565,-0.0006805054658787844,370,72,1480,5753,7233
243,dinov2,MQ,std_ctrl__tvn_efaar_e0.1_c304,0.22498660300270384,0.053768919548441284,0.012097286556329481,370,75,1480,5849,7329
244,dinov2,MQ,std_ctrl__tvn_efaar_e0.1_c304,0.19167355909843206,0.06141446998655864,0.01177153004246753,370,76,1480,5721,7201
245,dinov2,MQ,std_ctrl__tvn_efaar_e0.1_c304,0.25156601812935697,0.04416519625619565,0.011110462562072723,370,83,1480,5529,7009
246,dinov2,MQ,std_ctrl__tvn_efaar_e0.1_c304,0.20232212170257502,-0.022893164609743978,-0.004631793636329705,370,57,1480,5913,7393
247,dinov2,MQ,std_ctrl__tvn_efaar_e0.1_c304,0.19615538792977388,-0.004530071264722213,-0.0008885978862811071,370,65,1480,5817,7297
248,dinov2,MQ,std_ctrl__tvn_efaar_e0.1_c304,0.24228570028721355,0.024914153352231887,0.0060363430920085314,370,72,1480,5721,7201
249,dinov2,MQ,std_ctrl__tvn_efaar_e0.1_c304,0.21637913313006352,0.03531464377640012,0.00764135200713445,370,70,1480,5657,7137
250,dinov2,MQ,std_ctrl__tvn_efaar_e0.1_c304,0.2565439518921311,-0.03346649770325346,-0.00858562757678157,370,81,1480,5817,7297
251,dinov2,MQ,std_ctrl__tvn_efaar_e0.1_c304,0.22946587150678774,0.046628196092825855,0.01069957965322968,370,89,1480,5401,6881
252,dinov2,MQ,std_ctrl__tvn_efaar_e0.1_c304,0.22991034936715327,0.010495591610698669,0.002413045134030694,370,56,1480,5753,7233
253,dinov2,MQ,std_ctrl__tvn_efaar_e0.1_c304,0.21782640720457103,-0.018219873008562495,-0.003968769477178707,370,51,1480,5849,7329
254,dinov2,MQ,std_ctrl__tvn_efaar_e0.1_c304,0.21340763890140108,0.03076487013035061,0.0065654582956263625,370,58,1480,5625,7105
255,dinov2,MQ,std_ctrl__tvn_efaar_e0.1_c304,0.21178324807377308,-0.0008812866045836984,-0.00018664173960264256,370,61,1480,5881,7361
256,dinov2,MQ,std_ctrl__tvn_efaar_e0.1_c304,0.20370660218957692,0.001855081359275014,0.0003778923204831349,370,58,1480,5721,7201
257,dinov2,MQ,std_ctrl__tvn_efaar_e0.1_c304,0.22833942574806818,0.037072486240859036,0.008465110219290911,370,69,1480,5817,7297
258,dinov2,MQ,std_ctrl__tvn_efaar_e0.1_c304,0.2352815249544335,0.0024046040293617538,0.0005657589029398088,370,65,1480,5689,7169
259,dinov2,MQ,std_ctrl__tvn_efaar_e0.1_c304,0.22878028523511554,0.1493442806423226,0.03416702712358371,370,77,1480,5529,7009
260,dinov2,MQ,std_ctrl__tvn_efaar_e0.1_c304,0.22495988854311505,-0.08262523886110908,-0.018587364525043355,370,92,1480,5721,7201
261,dinov2,MQ,std_ctrl__tvn_efaar_e0.1_c304,0.21528314153522748,0.010504254739464862,0.002261388959798298,370,90,1480,5660,7140
262,dinov2,MQ,std_ctrl__tvn_efaar_e0.1_c304,0.19591439527733406,0.03515544631592483,0.006887458005689195,370,83,1480,5721,7201
263,dinov2,MQ,std_ctrl__tvn_efaar_e0.1_c304,0.25690444619290365,-0.016468947277206932,-0.004230945779630975,370,54,1480,5881,7361
264,dinov2,MQ,std_ctrl__tvn_efaar_e0.1_c304,0.2259163645459039,-0.025971727208386895,-0.005867438191896705,370,94,1480,5593,7073
265,dinov2,MQ,std_ctrl__tvn_efaar_e0.1_c304,0.2239959997608898,0.052185205993502605,0.011689277389242594,370,81,1480,5529,7009
266,dinov2,MQ,std_ctrl__tvn_efaar_e0.1_c304,0.20731275097389032,0.05071335222015049,0.010513524559867246,370,47,1480,5625,7105
267,dinov2,MQ,std_ctrl__tvn_efaar_e0.1_c304,0.23043693500062204,-0.0012638996523854779,-0.00029124916204406116,370,64,1480,5721,7201
268,dinov2,MQ,std_ctrl__tvn_efaar_e0.1_c304,0.23354127996616025,0.0018081807691553305,0.00042228485123873205,370,75,1480,5692,7172
269,dinov2,MQ,std_ctrl__tvn_efaar_e0.1_c304,0.20722645424813185,0.08295354385348293,0.01719016876007418,370,80,1480,5593,7073
270,dinov2,MQ,std_ctrl__tvn_efaar_e0.1_c304,0.26225817499730647,0.031180937638991862,0.008177455799906828,370,71,1480,5465,6945
271,dinov2,MQ,std_ctrl__tvn_efaar_e0.1_c304,0.22842922147367947,0.034417833819624065,0.007862038984227201,370,79,1480,5822,7302
272,dinov2,MQ,std_ctrl__tvn_efaar_e0.1_c304,0.19048932111580538,-0.02143496856415202,-0.004083132609923948,370,81,1480,5753,7233
273,dinov2,MQ,std_ctrl__tvn_efaar_e0.1_c304,0.23610741393095164,0.042264570317619314,0.009978978398595956,370,78,1480,5721,7201
274,dinov2,MQ,std_ctrl__tvn_efaar_e0.1_c304,0.21156465237604302,-0.004257954047631968,-0.0009008325679204227,370,69,1480,5721,7201
275,dinov2,MQ,std_ctrl__tvn_efaar_e0.1_c304,0.2020929723085127,0.09718840786292068,0.01964109421894967,370,55,1480,5693,7173
276,dinov2,MQ,std_ctrl__tvn_efaar_e0.1_c304,0.21781697374715134,-0.017718367698502765,-0.003859361231827151,370,47,1480,5817,7297
277,dinov2,MQ,std_ctrl__tvn_efaar_e0.1_c304,0.23234728496471968,0.044353389672986854,0.01030538966950073,370,59,1480,5497,6977
278,dinov2,MQ,std_ctrl__tvn_efaar_e0.1_c304,0.19902136464251707,0.0005883609301299467,0.00011709639521680264,370,55,1480,5657,7137
279,dinov2,MQ,std_ctrl__tvn_efaar_e0.1_c304,0.2102687416561187,0.0785220046991313,0.01651072312040218,370,69,1480,5849,7329
280,dinov2,MQ,std_ctrl__tvn_efaar_e0.1_c304,0.22542702880747556,0.010964326321270266,0.0024716555054795546,370,60,1480,5785,7265
281,dinov2,MQ,std_ctrl__tvn_efaar_e0.1_c304,0.19503135162765084,-0.027931764629833513,-0.00544756980910184,370,75,1480,5753,7233
282,dinov2,MQ,std_ctrl__tvn_efaar_e0.1_c304,0.20415668783435734,-0.0038154428705180063,-0.0007789481790661689,370,73,1480,5977,7457
283,dinov2,MQ,std_ctrl__tvn_efaar_e0.1_c304,0.1976470291615424,-0.012287912277299232,-0.002428669356205836,370,64,1480,5689,7169
284,dinov2,MQ,std_ctrl__tvn_efaar_e0.1_c304,0.20140599517658975,-0.0338984287446916,-0.0068273467762473275,370,61,1480,5561,7041
285,dinov2,MQ,std_ctrl__tvn_efaar_e0.1_c304,0.24199671241478782,0.007044198662914237,0.0017046729180218896,370,61,1480,5593,7073
286,dinov2,MQ,std_ctrl__tvn_efaar_e0.1_c304,0.232371203685511,-0.0044504688516308925,-0.0010341608040183444,370,86,1480,5593,7073
287,dinov2,MQ,std_ctrl__tvn_efaar_e0.1_c304,0.22702071450984995,-0.007378015412969006,-0.0016749623307169095,370,58,1480,5881,7361
288,dinov2,MQ,std_ctrl__tvn_efaar_e0.1_c304,0.22130137922521945,0.10651746603619322,0.02357246214538503,370,75,1480,5785,7265
289,dinov2,MQ,std_ctrl__tvn_efaar_e0.1_c304,0.22266698324372247,0.04167677622836198,0.009280042034093048,370,97,1480,5785,7265
290,dinov2,MQ,std_ctrl__tvn_efaar_e0.1_c304,0.24452220594291418,0.0027280015905531887,0.0006670569667378443,370,57,1480,5625,7105
291,dinov2,MQ,std_ctrl__tvn_efaar_e0.1_c304,0.20226192585656091,-0.029049478920638677,-0.005875603551617949,370,76,1480,5849,7329
292,dinov2,MQ,std_ctrl__tvn_efaar_e0.1_c304,0.23661715077754,-0.025565532978933048,-0.006049243571584372,370,74,1480,5657,7137
293,dinov2,MQ,std_ctrl__tvn_efaar_e0.1_c304,0.22818524388224407,0.011516706505805295,0.0026279424827474083,370,61,1480,5817,7297
294,dinov2,MQ,std_ctrl__tvn_efaar_e0.1_c304,0.24714580191332847,0.00947184217446021,0.0023409260298034532,370,72,1480,5721,7201
295,dinov2,MQ,std_ctrl__tvn_efaar_e0.1_c304,0.2033839918676051,0.017839300997764436,0.003628228249053082,370,65,1480,5724,7204
296,dinov2,MQ,std_ctrl__tvn_efaar_e0.1_c304,0.21031202769107807,0.03621109895090702,0.007615629645287524,370,82,1480,5689,7169
297,dinov2,MQ,std_ctrl__tvn_efaar_e0.1_c304,0.19262678296188634,-0.016054761715366114,-0.0030925771004506305,370,59,1480,5369,6849
298,dinov2,MQ,std_ctrl__tvn_efaar_e0.1_c304,0.22945990888196494,0.12978961821170446,0.02978151396868272,370,62,1480,5689,7169
299,dinov2,MQ,std_ctrl__tvn_efaar_e0.1_c304,0.22311815681402944,-0.02356052375442276,-0.005256780633659963,370,96,1480,5625,7105
300,dinov2,MQ,std_ctrl__tvn_efaar_e0.1_c304,0.22724403727552042,-0.0019431740567958985,-0.0004415747177953514,370,49,1480,5625,7105
301,dinov2,MQ,std_ctrl__tvn_efaar_e0.1_c304,0.2009429883954167,0.0011029447962883235,0.0002216290234013498,370,97,1480,5657,7137
302,dinov2,MQ,std_ctrl__tvn_efaar_e0.1_c304,0.19753664186001343,0.03233415365386987,0.006387180130171138,370,118,1480,5689,7169
303,dinov2,MQ,std_ctrl__tvn_efaar_e0.1_c304,0.20109723998746487,-0.07073706621662484,-0.0142250287809738,370,102,1480,5689,7169
304,dinov2,MQ,std_ctrl__tvn_efaar_e0.1_c304,0.21694711632244734,0.03774494349508142,0.008188656647011633,370,57,1480,5785,7265
305,dinov2,MQ,std_ctrl__tvn_efaar_e0.1_c304,0.20368202387236176,0.09750661702469306,0.019860345096536766,370,70,1480,5849,7329
306,dinov2,MQ,std_ctrl__tvn_efaar_e0.1_c304,0.19544968679189553,0.02019212650151151,0.003946544800382758,370,74,1480,5657,7137
307,dinov2,MQ,std_ctrl__tvn_efaar_e0.1_c304,0.23396327018473811,0.012983556051181157,0.0030376752323611885,370,72,1480,5753,7233
308,dinov2,MQ,std_ctrl__tvn_efaar_e0.1_c304,0.2046829334695032,0.01197905630469681,0.00245190838464169,370,75,1480,5753,7233
309,dinov2,MQ,std_ctrl__tvn_efaar_e0.1_c304,0.21758903065715426,0.04871453423601221,0.010599748283328651,370,73,1480,5849,7329
310,dinov2,MQ,std_ctrl__tvn_efaar_e0.1_c304,0.22229330880687842,0.02621332798130376,0.0058270474118039435,370,73,1480,5753,7233
311,dinov2,MQ,std_ctrl__tvn_efaar_e0.1_c304,0.23910909547100634,0.026930402359162588,0.0064393041487696215,370,67,1480,5724,7204
312,dinov2,MQ,std_ctrl__tvn_efaar_e0.1_c304,0.21960667781646284,-0.021099793631312282,-0.004633655581985451,370,93,1480,5689,7169
313,dinov2,MQ,std_ctrl__tvn_efaar_e0.1_c304,0.18080566672924483,-0.005279251046477382,-0.0009545185052894066,370,100,1480,5721,7201
314,dinov2,MQ,std_ctrl__tvn_efaar_e0.1_c304,0.24336861026442688,0.0860542194798002,0.020942895802188947,370,60,1480,5625,7105
315,dinov2,MQ,std_ctrl__tvn_efaar_e0.1_c304,0.24517471100270807,0.036658270142250565,0.008987680787985484,370,52,1480,5593,7073
316,dinov2,MQ,std_ctrl__tvn_efaar_e0.1_c304,0.23724430871743885,0.06112485517910463,0.01450152401242024,370,61,1480,5561,7041
317,dinov2,MQ,std_ctrl__tvn_efaar_e0.1_c304,0.20548623612812747,0.08093424671865282,0.01663087373208122,370,92,1480,5817,7297
318,dinov2,MQ,std_ctrl__tvn_efaar_e0.1_c304,0.21097800188252275,0.025967006093230115,0.005478467060420983,370,80,1480,5657,7137
319,dinov2,MQ,std_ctrl__tvn_efaar_e0.1_c304,0.20511520269314829,0.03143743495541819,0.006448295843033267,370,86,1480,5881,7361
320,dinov2,MQ,std_ctrl__tvn_efaar_e0.1_c304,0.20777007043929743,0.05019791185642576,0.010429623682315224,370,82,1480,5529,7009
321,dinov2,MQ,std_ctrl__tvn_efaar_e0.1_c304,0.22806780313760092,0.12118093753151138,0.027637470204966652,370,73,1480,5529,7009
322,dinov2,MQ,std_ctrl__tvn_efaar_e0.1_c304,0.19493422506463673,-0.012031810104378102,-0.002345411578821811,370,72,1480,5657,7137
323,dinov2,MQ,std_ctrl__tvn_efaar_e0.1_c304,0.2271358753865103,0.08992172324692843,0.020424449325954604,370,92,1480,5625,7105
324,dinov2,MQ,std_ctrl__tvn_efaar_e0.1_c304,0.2088463738870153,0.006386499078469735,0.001333797174371169,370,61,1480,5721,7201
325,dinov2,MQ,std_ctrl__tvn_efaar_e0.1_c304,0.19777448468174924,0.05513560601621629,0.01090441606747313,370,100,1480,5689,7169
326,dinov2,MQ,std_ctrl__tvn_efaar_e0.1_c304,0.22255879463563386,-0.021329085814153558,-0.004746975629478013,370,46,1480,5663,7143
327,dinov2,MQ,std_ctrl__tvn_efaar_e0.1_c304,0.21044953013057927,-0.0007974348652750845,-0.0001678197927068833,370,79,1480,5497,6977
328,dinov2,MQ,std_ctrl__tvn_efaar_e0.1_c304,0.19154358985999526,0.04948958026017225,0.00947941186369775,370,67,1480,5727,7207
329,dinov2,MQ,std_ctrl__tvn_efaar_e0.1_c304,0.23942266347098212,0.028027972725621454,0.006710531881660331,370,113,1480,5561,7041
330,dinov2,MQ,std_ctrl__tvn_efaar_e0.1_c304,0.26865260141670627,-0.003859065663606656,-0.001036748029565816,370,45,1480,5593,7073
331,dinov2,MQ,std_ctrl__tvn_efaar_e0.1_c304,0.22104272585511336,-0.015886610205967478,-0.0035116196245247155,370,95,1480,5817,7297
332,dinov2,MQ,std_ctrl__tvn_efaar_e0.1_c304,0.24104087634692228,0.013872384794640933,0.0033438117879219698,370,100,1480,5689,7169
333,dinov2,MQ,std_ctrl__tvn_efaar_e0.1_c304,0.20971225895957635,0.0480665570871651,0.010080146267158826,370,92,1480,5433,6913
334,dinov2,MQ,std_ctrl__tvn_efaar_e0.1_c304,0.24212097305450825,-0.0067224326787599644,-0.001627641941474787,370,53,1480,5497,6977
335,dinov2,MQ,std_ctrl__tvn_efaar_e0.1_c304,0.23443367495042935,0.05666843026968791,0.013284988361795088,370,71,1480,5593,7073
336,dinov2,MQ,std_ctrl__tvn_efaar_e0.1_c304,0.2408007063271807,-0.0208296057480651,-0.0050157837766507795,370,53,1480,5593,7073
337,dinov2,MQ,std_ctrl__tvn_efaar_e0.1_c304,0.21977506803238964,-0.02100740576971224,-0.004616904032222522,370,95,1480,5593,7073
338,dinov2,MQ,std_ctrl__tvn_efaar_e0.1_c304,0.23585577468681415,0.03227828662661346,0.00761302029788295,370,87,1480,5561,7041
339,dinov2,MQ,std_ctrl__tvn_efaar_e0.1_c304,0.2124481353278715,0.02034397522362191,0.0043220396014148925,370,86,1480,5817,7297
340,dinov2,MQ,std_ctrl__tvn_efaar_e0.1_c304,0.243796178790211,0.0350174877095565,0.008537129694423053,370,93,1480,5625,7105
341,dinov2,MQ,std_ctrl__tvn_efaar_e0.1_c304,0.24138160963864558,0.012090897884676398,0.002918520393379684,370,52,1480,5561,7041
342,dinov2,MQ,std_ctrl__tvn_efaar_e0.1_c304,0.19795886054109824,0.009103925959599777,0.0018022028094128962,370,78,1480,5785,7265
343,dinov2,MQ,std_ctrl__tvn_efaar_e0.1_c304,0.23127909599459692,-0.013759497618768456,-0.0031822841706085772,370,71,1480,5785,7265
344,dinov2,MQ,std_ctrl__tvn_efaar_e0.1_c304,0.23224946414112857,0.07067942174906425,0.016415257827025,370,48,1480,5561,7041
345,dinov2,MQ,std_ctrl__tvn_efaar_e0.1_c304,0.2501110654170591,-0.0029295581461653676,-0.0007327149091386446,370,77,1480,5785,7265
346,dinov2,MQ,std_ctrl__tvn_efaar_e0.1_c304,0.19938419919395056,0.018475648438814895,0.003683752368562071,370,62,1480,5689,7169
347,dinov2,MQ,std_ctrl__tvn_efaar_e0.1_c304,0.24071237824956965,0.029144884056290128,0.007015534354997561,370,59,1480,5817,7297
348,dinov2,MQ,std_ctrl__tvn_efaar_e0.1_c304,0.22843288967653447,0.016688217839090864,0.0038121378245350177,370,125,1480,5791,7271
349,dinov2,MQ,std_ctrl__tvn_efaar_e0.1_c304,0.17539143577570748,0.003074007179766501,0.00053915453284408,370,84,1480,5689,7169
350,dinov2,MQ,std_ctrl__tvn_efaar_e0.1_c304,0.23212390442900935,-0.0042399773219066175,-0.0009842000906514186,370,84,1480,5497,6977
351,dinov2,MQ,std_ctrl__tvn_efaar_e0.1_c304,0.2320514779476363,0.03225005534265508,0.007483673006156175,370,91,1480,5689,7169
352,dinov2,MQ,std_ctrl__tvn_efaar_e0.1_c304,0.23148611629764398,0.01559023992488346,0.003608924092359745,370,69,1480,5433,6913
353,dinov2,MQ,std_ctrl__tvn_efaar_e0.1_c304,0.22617713255345442,0.034282998564417425,0.007754030310634127,370,90,1480,5593,7073
354,dinov2,MQ,std_ctrl__tvn_efaar_e0.1_c304,0.20776698122563628,-0.010957538528141094,-0.002276614701655477,370,67,1480,5625,7105
355,dinov2,MQ,std_ctrl__tvn_efaar_e0.1_c304,0.235448181510168,0.0032282831072827536,0.000760093387009719,370,67,1480,5561,7041
356,dinov2,MQ,std_ctrl__tvn_efaar_e0.1_c304,0.2567715454555174,0.012802519967300488,0.0032873228377288664,370,63,1480,5881,7361
357,dinov2,MQ,std_ctrl__tvn_efaar_e0.1_c304,0.20418897624918544,-0.008172808317679917,-0.00166879736346789,370,87,1480,5497,6977
358,dinov2,MQ,std_ctrl__tvn_efaar_e0.1_c304,0.2138380313499066,-0.012358579336355492,-0.0026427342755678935,370,70,1480,5561,7041
359,dinov2,MQ,std_ctrl__tvn_efaar_e0.1_c304,0.20615845178260797,-0.02857218461464491,-0.005890397344202046,370,83,1480,5529,7009
360,dinov2,MQ,std_ctrl__tvn_efaar_e0.1_c304,0.2483799219765931,-0.023041091673158067,-0.005722944552034529,370,63,1480,5657,7137
361,dinov2,MQ,std_ctrl__tvn_efaar_e0.1_c304,0.20010027168948655,0.05168881831889737,0.010342946588919873,370,55,1480,5721,7201
362,dinov2,MQ,std_ctrl__tvn_efaar_e0.1_c304,0.2214116863216572,0.005658295451355697,0.0012528127375908275,370,60,1480,5561,7041
363,dinov2,MQ,std_ctrl__tvn_efaar_e0.1_c304,0.19675945139932546,0.0011291067993013948,0.00022216243440179072,370,75,1480,5689,7169
364,dinov2,MQ,std_ctrl__tvn_efaar_e0.1_c304,0.1947031433103507,0.060653087332198284,0.01180934675505622,370,67,1480,5785,7265
365,dinov2,MQ,std_ctrl__tvn_efaar_e0.1_c304,0.2602664414785588,-0.006291747405295507,-0.0016375307078582172,370,62,1480,5753,7233
366,dinov2,MQ,std_ctrl__tvn_efaar_e0.1_c304,0.18244318511014632,-0.021711714244031722,-0.00396115430088248,370,83,1480,5660,7140
367,dinov2,MQ,std_ctrl__tvn_efaar_e0.1_c304,0.21830222487748227,-0.0005711019071240806,-0.00012467281695696002,370,79,1480,5689,7169
368,dinov2,MQ,std_ctrl__tvn_efaar_e0.1_c304,0.21907850310986654,-0.0020348322988898416,-0.00044578801412039503,370,76,1480,5785,7265
369,dinov2,MQ,std_ctrl__tvn_efaar_e0.1_c304,0.22649712107225267,-0.002083052134182411,-0.00047180531143572785,370,63,1480,5721,7201
370,dinov2,MQ,std_ctrl__tvn_efaar_e0.1_c304,0.22557292472365012,-0.034478726351276336,-0.007777467143803789,370,56,1480,5817,7297
371,dinov2,MQ,std_ctrl__tvn_efaar_e0.1_c304,0.24114468974035896,0.050412058570643514,0.012156600223190634,370,63,1480,5529,7009
372,dinov2,MQ,std_ctrl__tvn_efaar_e0.1_c304,0.23410777999233173,0.004962090679288786,0.0011616640330489392,370,77,1480,5881,7361
373,dinov2,MQ,std_ctrl__tvn_efaar_e0.1_c304,0.2309161602225871,0.08698047230085115,0.020085196678059643,370,74,1480,5721,7201
374,dinov2,MQ,std_ctrl__tvn_efaar_e0.1_c304,0.2212981982491569,0.00657521298721874,0.0014550827871759639,370,69,1480,5563,7043
375,dinov2,MQ,std_ctrl__tvn_efaar_e0.1_c304,0.20175226499574336,0.02930657336277675,0.005912667555204128,370,93,1480,5273,6753
376,dinov2,MQ,std_ctrl__tvn_efaar_e0.1_c304,0.2234489022842072,0.07963158220792199,0.017793589631514773,370,86,1480,5593,7073
377,dinov2,MQ,std_ctrl__tvn_efaar_e0.1_c304,0.21903656738144947,0.026553522140949894,0.0058161923416409815,370,79,1480,5817,7297
378,dinov2,MQ,std_ctrl__tvn_efaar_e0.1_c304,0.22680389919722557,-0.011277217407850476,-0.002557716880195317,370,97,1480,5465,6945
379,dinov2,MQ,std_ctrl__tvn_efaar_e0.1_c304,0.2055987155667729,-0.06293262334769738,-0.012938866527534084,370,60,1480,5625,7105
380,dinov2,MQ,std_ctrl__tvn_efaar_e0.1_c304,0.2178260453634888,0.007474626535847352,0.0016281683388726222,370,58,1480,5689,7169
381,dinov2,MQ,std_ctrl__tvn_efaar_e0.1_c304,0.19456253289836664,0.0759121919679311,0.014769668347147718,370,87,1480,5369,6849
382,dinov2,MQ,std_ctrl__tvn_efaar_e0.1_c304,0.22294024180018757,-0.035567710850289494,-0.007929474057242696,370,65,1480,5753,7233
383,dinov2,MQ,std_ctrl__tvn_efaar_e0.1_c304,0.23124579274358853,0.006063573966664059,0.001402175968780616,370,84,1480,6009,7489
384,dinov2,MQ,std_ctrl__tvn_efaar_e0.1_c304,0.20563344199918668,0.03749729407729895,0.0077106976467707,370,65,1480,5561,7041
385,dinov2,MQ,std_ctrl__tvn_efaar_e0.1_c304,0.2546630121595006,-0.031493690349087784,-0.00802027804831729,370,97,1480,5561,7041
386,dinov2,MQ,std_ctrl__tvn_efaar_e0.1_c304,0.19716001293197416,0.031028620097583993,0.006117603139700973,370,59,1480,5753,7233
387,dinov2,MQ,std_ctrl__tvn_efaar_e0.1_c304,0.2273381724670396,-0.002123136296036393,-0.0004826699254393532,370,49,1480,5721,7201
388,dinov2,MQ,std_ctrl__tvn_efaar_e0.1_c304,0.22576381873737209,-0.026457250090658493,-0.005973089813756745,370,49,1480,5657,7137
389,dinov2,MQ,std_ctrl__tvn_efaar_e0.1_c304,0.21899024153401347,0.05266583865606419,0.01153330472788288,370,59,1480,5721,7201
390,dinov2,MQ,std_ctrl__tvn_efaar_e0.1_c304,0.2264392812338754,-0.024942185047534118,-0.0056478904545659405,370,73,1480,5753,7233
391,dinov2,MQ,std_ctrl__tvn_efaar_e0.1_c304,0.21918308015756038,-0.010537561961193978,-0.0023096552880056387,370,83,1480,5657,7137
392,dinov2,MQ,std_ctrl__tvn_efaar_e0.1_c304,0.20374258610225016,-0.0009980561119535983,-0.000203346533324583,370,57,1480,5945,7425
393,dinov2,MQ,std_ctrl__tvn_efaar_e0.1_c304,0.20624460036386624,-0.02476981091665035,-0.005108639753593083,370,39,1480,5791,7271
394,dinov2,MQ,std_ctrl__tvn_efaar_e0.1_c304,0.21423859212923907,0.03407069957611861,0.007299258710045913,370,90,1480,5625,7105
395,dinov2,MQ,std_ctrl__tvn_efaar_e0.1_c304,0.2329446145681299,0.04559034693637827,0.010620025795121958,370,47,1480,5689,7169
396,dinov2,MQ,std_ctrl__tvn_efaar_e0.1_c304,0.2254819258843852,0.11593680233126333,0.026141653470530535,370,81,1480,5657,7137
397,dinov2,MQ,std_ctrl__tvn_efaar_e0.1_c304,0.19289368892940295,0.06260541034438726,0.012076188548267862,370,73,1480,5625,7105
398,dinov2,MQ,std_ctrl__tvn_efaar_e0.1_c304,0.2201730284411794,-0.05252247024255849,-0.011564031334515829,370,87,1480,5913,7393
399,dinov2,MQ,std_ctrl__tvn_efaar_e0.1_c304,0.23596214839401078,-0.012649305049713422,-0.0029847571952215882,370,59,1480,5625,7105
400,dinov2,MQ,std_ctrl__tvn_efaar_e0.1_c304,0.2093762646247166,0.016421833321194082,0.003438342119081321,370,49,1480,5497,6977
401,dinov2,MQ,std_ctrl__tvn_efaar_e0.1_c304,0.2366300907697485,0.02074689443744403,0.004909339513922771,370,82,1480,5497,6977
402,dinov2,MQ,std_ctrl__tvn_efaar_e0.1_c304,0.18962328100542158,0.01572734399193225,0.0029822705692510976,370,64,1480,5657,7137
403,dinov2,MQ,std_ctrl__tvn_efaar_e0.1_c304,0.20917614251057298,0.005296098508122752,0.0011078174562851179,370,81,1480,5785,7265
404,dinov2,MQ,std_ctrl__tvn_efaar_e0.1_c304,0.2338336297274811,0.01067516583444512,0.002496212775011097,370,49,1480,5817,7297
405,dinov2,MQ,std_ctrl__tvn_efaar_e0.1_c304,0.2040948639863994,-0.013694052180639764,-0.0027948857172303285,370,73,1480,5817,7297
406,dinov2,MQ,std_ctrl__tvn_efaar_e0.1_c304,0.22020775122896324,0.02756899361550455,0.006070906087715902,370,85,1480,5529,7009
407,dinov2,MQ,std_ctrl__tvn_efaar_e0.1_c304,0.188323184769236,0.011131534397602292,0.0020963260091247625,370,82,1480,5785,7265
408,dinov2,MQ,std_ctrl__tvn_efaar_e0.1_c304,0.23870177631412653,-0.010593991898139352,-0.0025288046843433285,370,78,1480,5433,6913
409,dinov2,MQ,std_ctrl__tvn_efaar_e0.1_c304,0.20879085842913553,0.08445120329098746,0.017632639230498705,370,50,1480,5689,7169
410,dinov2,MQ,std_ctrl__tvn_efaar_e0.1_c304,0.2261052194133552,0.07159918558126595,0.016188949565669675,370,82,1480,5561,7041
411,dinov2,MQ,std_ctrl__tvn_efaar_e0.1_c304,0.20476550991086095,0.06421481544439131,0.013148979428302615,370,94,1480,5657,7137
412,dinov2,MQ,std_ctrl__tvn_efaar_e0.1_c304,0.20522606392532491,-0.01442740975660541,-0.0029608805169859583,370,64,1480,5753,7233
413,dinov2,MQ,std_ctrl__tvn_efaar_e0.1_c304,0.24604054705518633,0.030284475093792056,0.007451208819355763,370,74,1480,5721,7201
414,dinov2,MQ,std_ctrl__tvn_efaar_e0.1_c304,0.22925097001820227,-9.344604182747532e-05,-2.142259573331022e-05,370,80,1480,5945,7425
415,dinov2,MQ,std_ctrl__tvn_efaar_e0.1_c304,0.24020926886705837,0.010181489857734677,0.002445688234703817,370,82,1480,5785,7265
416,dinov2,MQ,std_ctrl__tvn_efaar_e0.1_c304,0.2669322556296077,0.07709187739910559,0.02057830872486443,370,64,1480,5701,7181
417,dinov2,MQ,std_ctrl__tvn_efaar_e0.1_c304,0.19518100590486415,0.08212072900511458,0.016028406492859016,370,71,1480,5625,7105
418,dinov2,MQ,std_ctrl__tvn_efaar_e0.1_c304,0.21061000043657,0.027101223200246796,0.0057077886300355585,370,74,1480,5817,7297
419,dinov2,MQ,std_ctrl__tvn_efaar_e0.1_c304,0.21710945039962282,0.0686089560633564,0.014895652743407178,370,60,1480,5625,7105
420,dinov2,MQ,std_ctrl__tvn_efaar_e0.1_c304,0.19863781137482184,-0.007379389893358244,-0.0014658258576981617,370,70,1480,5497,6977
421,dinov2,MQ,std_ctrl__tvn_efaar_e0.1_c304,0.24239772367930004,0.02497129230400345,0.00605298441182086,370,63,1480,5657,7137
422,dinov2,MQ,std_ctrl__tvn_efaar_e0.1_c304,0.22845693543360635,-0.01848551710749507,-0.004223144588283826,370,64,1480,5721,7201
423,dinov2,MQ,std_ctrl__tvn_efaar_e0.1_c304,0.21488306547338096,0.04486238237595505,0.009640166249384201,370,74,1480,5689,7169
424,dinov2,MQ,std_ctrl__tvn_efaar_e0.1_c304,0.2226077511192811,0.046626490428720586,0.010379418176922174,370,56,1480,5689,7169
425,dinov2,MQ,std_ctrl__tvn_efaar_e0.1_c304,0.23710109710049188,0.013276323226812367,0.003147830802537955,370,66,1480,5721,7201
426,dinov2,MQ,std_ctrl__tvn_efaar_e0.1_c304,0.2547248320354322,0.025972730809602572,0.006615899492977511,370,46,1480,5625,7105
427,dinov2,MQ,std_ctrl__tvn_efaar_e0.1_c304,0.21866576265084,0.019166857845058446,0.004191135588309941,370,47,1480,5849,7329
428,dinov2,MQ,std_ctrl__tvn_efaar_e0.1_c304,0.2380330856423204,-0.04256092403029717,-0.010130908074720018,370,88,1480,5689,7169
429,dinov2,MQ,std_ctrl__tvn_efaar_e0.1_c304,0.23898518558723944,0.07624798995885641,0.01822214003097127,370,59,1480,5625,7105
430,dinov2,MQ,std_ctrl__tvn_efaar_e0.1_c304,0.22860809315046265,0.007301519143556895,0.001669186368510141,370,56,1480,5625,7105
431,dinov2,MQ,std_ctrl__tvn_efaar_e0.1_c304,0.21953870782299217,0.028139849406291797,0.006177786176990894,370,78,1480,5817,7297
432,dinov2,MQ,std_ctrl__tvn_efaar_e0.1_c304,0.18040280674502648,-0.010092667094262275,-0.001820745471348085,370,74,1480,5727,7207
433,dinov2,MQ,std_ctrl__tvn_efaar_e0.1_c304,0.22652592714143424,-0.01601863661120315,-0.0036286365098945157,370,51,1480,5657,7137
434,dinov2,MQ,std_ctrl__tvn_efaar_e0.1_c304,0.1914024620419146,0.0009996815430607224,0.00019134150859968253,370,81,1480,5945,7425
435,dinov2,MQ,std_ctrl__tvn_efaar_e0.1_c304,0.22094253619486243,-0.024758426621317674,-0.005470189569908326,370,89,1480,5881,7361
436,dinov2,MQ,std_ctrl__tvn_efaar_e0.1_c304,0.2224226519187477,0.00438760390387008,0.0009759024958678333,370,69,1480,5689,7169
437,dinov2,MQ,std_ctrl__tvn_efaar_e0.1_c304,0.22323638895852452,-0.026232284974539187,-0.005856000571847088,370,41,1480,5721,7201
438,dinov2,MQ,std_ctrl__tvn_efaar_e0.1_c304,0.21656119750801545,-0.010883229620015568,-0.002356885239265275,370,77,1480,5753,7233
439,dinov2,MQ,std_ctrl__tvn_efaar_e0.1_c304,0.21382061832625796,0.14015738065220035,0.029968537794042183,370,45,1480,5689,7169
440,dinov2,MQ,std_ctrl__tvn_efaar_e0.1_c304,0.24954289346268047,0.06612735533233999,0.016501611586666933,370,65,1480,5721,7201
441,dinov2,MQ,std_ctrl__tvn_efaar_e0.1_c304,0.22731733482204178,0.029408284614928802,0.006685012880353671,370,74,1480,5657,7137
442,dinov2,MQ,std_ctrl__tvn_efaar_e0.1_c304,0.21113643213881583,0.0689494407292731,0.014557738913545474,370,63,1480,5721,7201
443,dinov2,MQ,std_ctrl__tvn_efaar_e0.1_c304,0.2681314876829268,-0.05375252094460296,-0.014412743407584073,370,57,1480,5657,7137
444,dinov2,MQ,std_ctrl__tvn_efaar_e0.1_c304,0.2038916870997967,-0.024707959309933632,-0.005037747508495497,370,75,1480,5785,7265
445,dinov2,MQ,std_ctrl__tvn_efaar_e0.1_c304,0.22885419202951957,0.11617891551781459,0.02658803184169527,370,101,1480,5785,7265
446,dinov2,MQ,std_ctrl__tvn_efaar_e0.1_c304,0.20032738558150934,-0.047717768918290084,-0.009559175893183659,370,84,1480,5785,7265
447,dinov2,MQ,std_ctrl__tvn_efaar_e0.1_c304,0.23599417980953596,0.050637606129562314,0.011950180326064389,370,73,1480,5561,7041
448,dinov2,MQ,std_ctrl__tvn_efaar_e0.1_c304,0.23307210776634443,-0.017439624297345153,-0.004064689993635388,370,66,1480,5529,7009
449,dinov2,MQ,std_ctrl__tvn_efaar_e0.1_c304,0.21205933503044908,0.013286812691507065,0.0028175926640351197,370,94,1480,5913,7393
450,dinov2,MQ,std_ctrl__tvn_efaar_e0.1_c304,0.22830623237485298,0.016437205438891905,0.003752716444524853,370,76,1480,5625,7105
451,dinov2,MQ,std_ctrl__tvn_efaar_e0.1_c304,0.21051947158986925,0.038780192875121675,0.008163985712223827,370,69,1480,5657,7137
452,dinov2,MQ,std_ctrl__tvn_efaar_e0.1_c304,0.1945172869756765,0.009469433849364725,0.0018419685815740632,370,67,1480,5817,7297
453,dinov2,MQ,std_ctrl__tvn_efaar_e0.1_c304,0.23550252255224005,0.03263551541966128,0.007685746206122759,370,77,1480,5753,7233
454,dinov2,MQ,std_ctrl__tvn_efaar_e0.1_c304,0.21461370188841353,0.013240234733921856,0.002841535790118523,370,66,1480,5689,7169
455,dinov2,MQ,std_ctrl__tvn_efaar_e0.1_c304,0.2163603414599367,0.012686889660714178,0.00274493977905666,370,66,1480,5817,7297
456,dinov2,MQ,std_ctrl__tvn_efaar_e0.1_c304,0.2180823219850993,0.0670024367267187,0.01461204698002251,370,87,1480,5881,7361
457,dinov2,MQ,std_ctrl__tvn_efaar_e0.1_c304,0.20939562149592147,-0.01318109066365591,-0.002760062671510317,370,74,1480,5625,7105
458,dinov2,MQ,std_ctrl__tvn_efaar_e0.1_c304,0.18654849087850045,-0.03812922689885503,-0.007112949736345331,370,124,1480,5465,6945
459,dinov2,MQ,std_ctrl__tvn_efaar_e0.1_c304,0.21924363923915482,-0.025667210619968468,-0.00562737266543977,370,84,1480,5689,7169
460,dinov2,MQ,std_ctrl__tvn_efaar_e0.1_c304,0.2109023366350228,0.002236299154951191,0.00047164071719413313,370,75,1480,5657,7137
461,dinov2,MQ,std_ctrl__tvn_efaar_e0.1_c304,0.23861374590649728,0.07924176560130256,0.018908174522371424,370,64,1480,5529,7009
462,dinov2,MQ,std_ctrl__tvn_efaar_e0.1_c304,0.2245997074331508,0.1046523212801703,0.02350488074172635,370,86,1480,5785,7265
463,dinov2,MQ,std_ctrl__tvn_efaar_e0.1_c304,0.22661864741417048,0.03285622546854695,0.0074458333748171285,370,56,1480,5689,7169
464,dinov2,MQ,std_ctrl__tvn_efaar_e0.1_c304,0.24755399063517955,0.013797168055842001,0.0034155440116879093,370,51,1480,5561,7041
465,dinov2,MQ,std_ctrl__tvn_efaar_e0.1_c304,0.23081073502336205,-0.0036753136740096184,-0.0008483018505395733,370,70,1480,5721,7201
466,dinov2,MQ,std_ctrl__tvn_efaar_e0.1_c304,0.1976451085775056,0.09192700349560852,0.018168922587094283,370,88,1480,5657,7137
467,dinov2,MQ,std_ctrl__tvn_efaar_e0.1_c304,0.21801712494489045,-0.006421054385427233,-0.001399899816225626,370,95,1480,5785,7265
468,dinov2,MQ,std_ctrl__tvn_efaar_e0.1_c304,0.2153712242260121,-0.025001128244609268,-0.005384523597073027,370,73,1480,5657,7137
469,dinov2,MQ,std_ctrl__tvn_efaar_e0.1_c304,0.20299135089632345,0.07080046613034816,0.014371882263888766,370,68,1480,5817,7297
470,dinov2,MQ,std_ctrl__tvn_efaar_e0.1_c304,0.20577812013798225,0.0038523898206003363,0.0007927375353218359,370,79,1480,5561,7041
471,dinov2,MQ,std_ctrl__tvn_efaar_e0.1_c304,0.20405070557858304,-0.00906609974263934,-0.0018499440493313674,370,72,1480,5881,7361
472,dinov2,MQ,std_ctrl__tvn_efaar_e0.1_c304,0.23050766616374313,0.03482478327428159,0.008027379517212805,370,100,1480,5753,7233
473,dinov2,MQ,std_ctrl__tvn_efaar_e0.1_c304,0.18704089697165838,0.007796493253260698,0.0014582630913233638,370,82,1480,5721,7201
474,dinov2,MQ,std_ctrl__tvn_efaar_e0.1_c304,0.22723940791106742,0.025994191392725515,0.005906904661209911,370,65,1480,5881,7361
475,dinov2,MQ,std_ctrl__tvn_efaar_e0.1_c304,0.2027475254817066,0.018237283490964776,0.003697564099301488,370,90,1480,5337,6817
476,dinov2,MQ,std_ctrl__tvn_efaar_e0.1_c304,0.19331484342123587,0.005811615497988264,0.001123471540018029,370,95,1480,5657,7137
477,dinov2,MQ,std_ctrl__tvn_efaar_e0.1_c304,0.21391883014805602,-0.011548966812049782,-0.002470541469852413,370,80,1480,5660,7140
478,dinov2,MQ,std_ctrl__tvn_efaar_e0.1_c304,0.22107259497518048,-0.03322239758782744,-0.0073445616460381885,370,50,1480,5817,7297
479,dinov2,MQ,std_ctrl__tvn_efaar_e0.1_c304,0.22164764737868825,0.009170469682437427,0.002032613030469842,370,53,1480,5753,7233
480,dinov2,MQ,std_ctrl__tvn_efaar_e0.1_c304,0.22364330659385273,0.017270217099459553,0.0038623684577168307,370,63,1480,5721,7201
481,dinov2,MQ,std_ctrl__tvn_efaar_e0.1_c304,0.21208560234005616,0.03211448177702587,0.006811019211519288,370,83,1480,5689,7169
482,dinov2,MQ,std_ctrl__tvn_efaar_e0.1_c304,0.23366332437695936,0.0038140002443406845,0.0008911919762671796,370,68,1480,5785,7265
483,dinov2,MQ,std_ctrl__tvn_efaar_e0.1_c304,0.23227275531183034,0.05624122759233575,0.013063304894991561,370,61,1480,5753,7233
484,dinov2,MQ,std_ctrl__tvn_efaar_e0.1_c304,0.245080428592112,0.07338639277034416,0.017985568592985016,370,49,1480,5561,7041
485,dinov2,MQ,std_ctrl__tvn_efaar_e0.1_c304,0.21771693872845796,-0.021450555557445832,-0.004670149289991817,370,75,1480,5433,6913
486,dinov2,MQ,std_ctrl__tvn_efaar_e0.1_c304,0.22052978025886844,0.032542806031687875,0.0071766578631751055,370,84,1480,5657,7137
487,dinov2,MQ,std_ctrl__tvn_efaar_e0.1_c304,0.2068978011943338,-0.04081844136684817,-0.008445245766980723,370,40,1480,5529,7009
488,dinov2,MQ,std_ctrl__tvn_efaar_e0.1_c304,0.2028424586174225,0.04718233804117041,0.009570581451589349,370,77,1480,5625,7105
489,dinov2,MQ,std_ctrl__tvn_efaar_e0.1_c304,0.24068592624932714,0.013791841835207158,0.0033195022267910545,370,57,1480,5849,7329
490,dinov2,MQ,std_ctrl__tvn_efaar_e0.1_c304,0.26745576295966317,0.01911909199769065,0.005113511337338343,370,68,1480,5913,7393
491,dinov2,MQ,std_ctrl__tvn_efaar_e0.1_c304,0.22541324953234432,0.0033931204054445615,0.0007648542966457643,370,75,1480,5913,7393
492,dinov2,MQ,std_ctrl__tvn_efaar_e0.1_c304,0.2107758988786172,0.03102745690416881,0.0065398401188937385,370,85,1480,5561,7041
493,dinov2,MQ,std_ctrl__tvn_efaar_e0.1_c304,0.21959235354557152,-0.06500190792337494,-0.014273921945846438,370,112,1480,5529,7009
494,dinov2,MQ,std_ctrl__tvn_efaar_e0.1_c304,0.21585541341600722,-0.0039022904394503148,-0.0008423305160768802,370,68,1480,5689,7169
495,dinov2,MQ,std_ctrl__tvn_efaar_e0.1_c304,0.22245083014165148,0.03656508381535171,0.008133933248924053,370,65,1480,5369,6849
496,dinov2,MQ,std_ctrl__tvn_efaar_e0.1_c304,0.2160538670628206,0.03264094375165087,0.007052202122124182,370,81,1480,5657,7137
497,dinov2,MQ,std_ctrl__tvn_efaar_e0.1_c304,0.20867971571830116,0.06233559899961519,0.013008175078369716,370,98,1480,5753,7233
498,dinov2,MQ,std_ctrl__tvn_efaar_e0.1_c304,0.2314179010271591,0.023713812356801763,0.005487800680962973,370,84,1480,5945,7425
499,dinov2,MQ,std_ctrl__tvn_efaar_e0.1_c304,0.23256288264455544,0.0060836044014481935,0.0014148205764698972,370,65,1480,5817,7297
500,dinov2,MQ,std_ctrl__tvn_efaar_e0.1_c304,0.2141252788936951,0.02816981905588693,0.006031870361726715,370,72,1480,5753,7233
501,dinov2,MQ,std_ctrl__tvn_efaar_e0.1_c304,0.22109573960645804,-0.004029686125526392,-0.0008909464343051398,370,83,1480,5593,7073
502,dinov2,MQ,std_ctrl__tvn_efaar_e0.1_c304,0.23347675568651036,0.0266105245592216,0.006212938941203265,370,84,1480,5817,7297
503,dinov2,MQ,std_ctrl__tvn_efaar_e0.1_c304,0.20582884732735704,-0.01627209546538738,-0.003349266653241398,370,83,1480,5785,7265
504,dinov2,MQ,std_ctrl__tvn_efaar_e0.1_c304,0.2414382784794823,0.03225592988462991,0.007787816182099931,370,71,1480,5721,7201
505,dinov2,MQ,std_ctrl__tvn_efaar_e0.1_c304,0.20432232968236283,-0.03099663716700959,-0.0063333051182823145,370,62,1480,5625,7105
506,dinov2,MQ,std_ctrl__tvn_efaar_e0.1_c304,0.2371675372158365,0.05027337921847755,0.011923213536764135,370,88,1480,5657,7137
507,dinov2,MQ,std_ctrl__tvn_efaar_e0.1_c304,0.2270263339794743,-0.014762266929146187,-0.0033514233421504907,370,83,1480,5657,7137
508,dinov2,MQ,std_ctrl__tvn_efaar_e0.1_c304,0.21919697627354956,0.0027225931802616564,0.0005967841927363421,370,81,1480,5881,7361
509,dinov2,MQ,std_ctrl__tvn_efaar_e0.1_c304,0.22266480720478923,0.03226036749351063,0.007183248508298195,370,61,1480,5593,7073
510,dinov2,MQ,std_ctrl__tvn_efaar_e0.1_c304,0.20890394319204933,-0.00415157867956402,-0.0008672811566329652,370,79,1480,5433,6913
511,dinov2,MQ,std_ctrl__tvn_efaar_e0.1_c304,0.23222118645080075,-0.07558249534004327,-0.017551856742776966,370,73,1480,5593,7073
512,dinov2,MQ,std_ctrl__tvn_efaar_e0.1_c304,0.2250649181563031,0.0442408555167267,0.009957064526036926,370,71,1480,5753,7233
513,dinov2,MQ,std_ctrl__tvn_efaar_e0.1_c304,0.23035079127403005,0.07527195674068912,0.0173389547959623,370,73,1480,5497,6977
514,dinov2,MQ,std_ctrl__tvn_efaar_e0.1_c304,0.24913823987591552,0.10027205033389466,0.024981602128935722,370,61,1480,5945,7425
515,dinov2,MQ,std_ctrl__tvn_efaar_e0.1_c304,0.2551269013229043,-0.011114614806639504,-0.0028356372350156075,370,61,1480,5497,6977
516,dinov2,MQ,std_ctrl__tvn_efaar_e0.1_c304,0.22558726479925648,-0.03681565392083656,-0.008305142669797542,370,47,1480,5657,7137
517,dinov2,MQ,std_ctrl__tvn_efaar_e0.1_c304,0.22237199825641307,-0.026935081604306382,-0.005989607919549163,370,82,1480,5753,7233
518,dinov2,MQ,std_ctrl__tvn_efaar_e0.1_c304,0.2217596133947539,-0.03530888014880646,-0.00783008361120102,370,72,1480,5785,7265
519,dinov2,MQ,std_ctrl__tvn_efaar_e0.1_c304,0.22068205118683965,-0.008642904231453748,-0.001907333834008629,370,86,1480,5881,7361
520,dinov2,MQ,std_ctrl__tvn_efaar_e0.1_c304,0.2027742061446088,0.003934374702058863,0.0007977897068854179,370,75,1480,5753,7233
521,dinov2,MQ,std_ctrl__tvn_efaar_e0.1_c304,0.23855425217486562,0.03554970539341679,0.00848053338516333,370,66,1480,5849,7329
522,dinov2,MQ,std_ctrl__tvn_efaar_e0.1_c304,0.1985770646952988,-0.0006602898271248418,-0.00013111841571861735,370,87,1480,5529,7009
523,dinov2,MQ,std_ctrl__tvn_efaar_e0.1_c304,0.22680913015633636,-0.008550996736610866,-0.0019394441318003814,370,63,1480,5433,6913
524,dinov2,MQ,std_ctrl__tvn_efaar_e0.1_c304,0.2173280585992834,-0.05885576386439864,-0.012791008898027614,370,84,1480,5817,7297
525,dinov2,MQ,std_ctrl__tvn_efaar_e0.1_c304,0.23370446568142933,0.00044415714996929277,0.00010380150941216004,370,69,1480,5657,7137
526,dinov2,MQ,std_ctrl__tvn_efaar_e0.1_c304,0.22629233141287858,0.06302086571837184,0.014261138631068319,370,55,1480,5913,7393
527,dinov2,MQ,std_ctrl__tvn_efaar_e0.1_c304,0.22762077005278317,-0.02857492099023179,-0.006504245519993997,370,51,1480,5721,7201
528,dinov2,MQ,std_ctrl__tvn_efaar_e0.1_c304,0.20343570433207908,0.01392038063206205,0.002831902438454175,370,88,1480,5913,7393
529,dinov2,MQ,std_ctrl__tvn_efaar_e0.1_c304,0.21714666836501417,0.051751349675909296,0.01123763316551656,370,56,1480,5401,6881
530,dinov2,MQ,std_ctrl__tvn_efaar_e0.1_c304,0.21398548236452347,-0.025903762897059212,-0.005543029198583462,370,80,1480,5657,7137
531,dinov2,MQ,std_ctrl__tvn_efaar_e0.1_c304,0.22285299082802418,-0.022097329925282766,-0.0049244560631628645,370,64,1480,5689,7169
532,dinov2,MQ,std_ctrl__tvn_efaar_e0.1_c304,0.23020078982084619,0.0058864289041619415,0.001355060582962337,370,61,1480,5657,7137
533,dinov2,MQ,std_ctrl__tvn_efaar_e0.1_c304,0.21990423561473868,0.04922771117097585,0.010825382196116578,370,61,1480,5689,7169
534,dinov2,MQ,std_ctrl__tvn_efaar_e0.1_c304,0.23229309174389745,0.005263459555778799,0.0012226652934808182,370,74,1480,5689,7169
535,dinov2,MQ,std_ctrl__tvn_efaar_e0.1_c304,0.1867444300487039,0.042638024081524374,0.007962413505507181,370,89,1480,5433,6913
536,dinov2,MQ,std_ctrl__tvn_efaar_e0.1_c304,0.2039305309955759,0.05166768320112757,0.010536618070517142,370,90,1480,5593,7073
537,dinov2,MQ,std_ctrl__tvn_efaar_e0.1_c304,0.23134937062613864,0.014871405896156117,0.003440490394401565,370,96,1480,5785,7265
538,dinov2,MQ,std_ctrl__tvn_efaar_e0.1_c304,0.21755628362965093,-0.0248267862857374,-0.005401223358792614,370,92,1480,5561,7041
539,dinov2,MQ,std_ctrl__tvn_efaar_e0.1_c304,0.240897853682085,-0.004632812994186682,-0.0011160347068100453,370,68,1480,5721,7201
540,dinov2,MQ,std_ctrl__tvn_efaar_e0.1_c304,0.2385788989324341,0.010114352446365217,0.002413071070068385,370,53,1480,5785,7265
541,dinov2,MQ,std_ctrl__tvn_efaar_e0.1_c304,0.20207617072107537,0.03387818646359112,0.006845974191537064,370,63,1480,5849,7329
542,dinov2,MQ,std_ctrl__tvn_efaar_e0.1_c304,0.22650079853283236,0.012080303839578843,0.002736198466183849,370,72,1480,5593,7073
543,dinov2,MQ,std_ctrl__tvn_efaar_e0.1_c304,0.20392014937191033,0.01578601460636474,0.0032190864565170563,370,64,1480,5433,6913
544,dinov2,MQ,std_ctrl__tvn_efaar_e0.1_c304,0.23449122846277265,-0.033931966486537506,-0.00795674850558581,370,50,1480,5817,7297
545,dinov2,MQ,std_ctrl__tvn_efaar_e0.1_c304,0.23946205983633181,0.024275974250671937,0.005813174798599653,370,53,1480,5753,7233
546,dinov2,MQ,std_ctrl__tvn_efaar_e0.1_c304,0.2033372495130668,0.10732961331224238,0.021824108362212404,370,85,1480,5785,7265
547,dinov2,MQ,std_ctrl__tvn_efaar_e0.1_c304,0.2172071913661189,0.05645541258828228,0.012262521605716227,370,79,1480,5785,7265
548,dinov2,MQ,std_ctrl__tvn_efaar_e0.1_c304,0.21080415151239384,-0.00887130847747375,-0.0018701086563985602,370,84,1480,5786,7266
549,dinov2,MQ,std_ctrl__tvn_efaar_e0.1_c304,0.20593502378046702,0.03047031712490534,0.006274905481715752,370,82,1480,5881,7361
550,dinov2,MQ,std_ctrl__tvn_efaar_e0.1_c304,0.23311881978096258,0.09673393279691442,0.022550500246387637,370,77,1480,5561,7041
551,dinov2,MQ,std_ctrl__tvn_efaar_e0.1_c304,0.21194012992033587,-0.008318327747387746,-0.0017629874635012937,370,56,1480,5529,7009
552,dinov2,MQ,std_ctrl__tvn_efaar_e0.1_c304,0.2218644366714305,0.015607107995200672,0.003462662223425376,370,78,1480,5785,7265
553,dinov2,MQ,std_ctrl__tvn_efaar_e0.1_c304,0.2150530105712241,0.010926047275840156,0.0023496793603129474,370,89,1480,5753,7233
554,dinov2,MQ,std_ctrl__tvn_efaar_e0.1_c304,0.24225414662767053,-0.0003572856632630999,-8.655393345610353e-05,370,47,1480,5657,7137
555,dinov2,MQ,std_ctrl__tvn_efaar_e0.1_c304,0.22804278519629176,0.004430090174793209,0.0010102501021305704,370,53,1480,5593,7073
556,dinov2,MQ,std_ctrl__tvn_efaar_e0.1_c304,0.23807722720152186,-0.017637787932287544,-0.004199155644887482,370,71,1480,5561,7041
557,dinov2,MQ,std_ctrl__tvn_efaar_e0.1_c304,0.22838259512076442,0.08398760279210914,0.019181306683633843,370,60,1480,5465,6945
558,dinov2,MQ,std_ctrl__tvn_efaar_e0.1_c304,0.24487376332600216,0.016293357444158933,0.0039898157545669305,370,90,1480,5785,7265
559,dinov2,MQ,std_ctrl__tvn_efaar_e0.1_c304,0.24304099378446206,0.0162501215314818,0.003949445686129621,370,79,1480,5753,7233
560,dinov2,MQ,std_ctrl__tvn_efaar_e0.1_c304,0.23861163319542653,-0.033005221720063906,-0.007875429858601613,370,56,1480,5785,7265
561,dinov2,MQ,std_ctrl__tvn_efaar_e0.1_c304,0.2037961877836544,-0.014488948603735428,-0.002952792490434583,370,78,1480,5465,6945
562,dinov2,MQ,std_ctrl__tvn_efaar_e0.1_c304,0.22143078008947195,-0.03297434860187663,-0.007301535733855732,370,67,1480,5785,7265
563,dinov2,MQ,std_ctrl__tvn_efaar_e0.1_c304,0.22415773855186882,0.07503689309492359,0.016820100264116414,370,87,1480,5913,7393
564,dinov2,MQ,std_ctrl__tvn_efaar_e0.1_c304,0.21368768615600695,-0.0012629303419933434,-0.0002698726625567721,370,75,1480,5657,7137
565,dinov2,MQ,std_ctrl__tvn_efaar_e0.1_c304,0.1761004589370575,-0.010750041701223558,-0.0018930872771779751,370,78,1480,5625,7105
566,dinov2,MQ,std_ctrl__tvn_efaar_e0.1_c304,0.2423242133837404,0.02297096540554359,0.005566421122563464,370,75,1480,5721,7201
567,dinov2,MQ,std_ctrl__tvn_efaar_e0.1_c304,0.19512333049205524,0.007378668162282267,0.0014397503064202087,370,66,1480,5657,7137
568,dinov2,MQ,std_ctrl__tvn_efaar_e0.1_c304,0.20523382346676003,0.04355280729595801,0.008938509164060464,370,74,1480,5849,7329
569,dinov2,MQ,std_ctrl__tvn_efaar_e0.1_c304,0.21644133177681937,0.032532144608230645,0.0070413007045615145,370,104,1480,5881,7361
570,dinov2,MQ,std_ctrl__tvn_efaar_e0.1_c304,0.21759239537160127,0.04230783641235778,0.009205863467954782,370,68,1480,5433,6913
571,dinov2,MQ,std_ctrl__tvn_efaar_e0.1_c304,0.21204742436393065,0.03978781275468932,0.008436903215706218,370,88,1480,5657,7137
572,dinov2,MQ,std_ctrl__tvn_efaar_e0.1_c304,0.22719601048958327,-0.012419524090201101,-0.0028216663254729615,370,55,1480,5817,7297
573,dinov2,MQ,std_ctrl__tvn_efaar_e0.1_c304,0.21163780639625177,0.012856041016267679,0.0027208243196231306,370,52,1480,5753,7233
574,dinov2,MQ,std_ctrl__tvn_efaar_e0.1_c304,0.21279666684181686,0.007237125515476145,0.0015400361872091894,370,72,1480,5657,7137
575,dinov2,MQ,std_ctrl__tvn_efaar_e0.1_c304,0.2055499200798276,0.006947400564858784,0.0014280376308692722,370,74,1480,5881,7361
576,dinov2,MQ,std_ctrl__tvn_efaar_e0.1_c304,0.21126175303451844,0.03749002262037519,0.007920207900084212,370,119,1480,5721,7201
577,dinov2,MQ,std_ctrl__tvn_efaar_e0.1_c304,0.2460304172471944,0.05750808464345823,0.014148738059917001,370,52,1480,5657,7137
578,dinov2,MQ,std_ctrl__tvn_efaar_e0.1_c304,0.21472065700048362,0.04482828665236207,0.009625559162201194,370,57,1480,5785,7265
579,dinov2,MQ,std_ctrl__tvn_efaar_e0.1_c304,0.21588845049294564,-0.010697234111109,-0.0023094092968076047,370,79,1480,5497,6977
580,dinov2,MQ,std_ctrl__tvn_efaar_e0.1_c304,0.23446226729561784,0.1221623821234328,0.02864246909089371,370,53,1480,5657,7137
581,dinov2,MQ,std_ctrl__tvn_efaar_e0.1_c304,0.22847930770504707,0.059990060547891445,0.013706487503166094,370,76,1480,5753,7233
582,dinov2,MQ,std_ctrl__tvn_efaar_e0.1_c304,0.23754040894387388,0.027125354344331377,0.006443367763699961,370,63,1480,5913,7393
583,dinov2,MQ,std_ctrl__tvn_efaar_e0.1_c304,0.20880962799277958,0.0006037630335757614,0.00012607153443674682,370,49,1480,5721,7201
584,dinov2,MQ,std_ctrl__tvn_efaar_e0.1_c304,0.24138607068592197,-0.002365546761954825,-0.0005710100378920811,370,86,1480,5945,7425
585,dinov2,MQ,std_ctrl__tvn_efaar_e0.1_c304,0.24849501501278118,0.002707892811126388,0.000672897864753854,370,59,1480,5785,7265
586,dinov2,MQ,std_ctrl__tvn_efaar_e0.1_c304,0.2236731945583293,0.02350026225899667,0.0052563787324283245,370,57,1480,5721,7201
587,dinov2,MQ,std_ctrl__tvn_efaar_e0.1_c304,0.22680569800027653,0.038759176296948576,0.008790802033945196,370,76,1480,5785,7265
588,dinov2,MQ,std_ctrl__tvn_efaar_e0.1_c304,0.21231724395187748,0.05328974487999654,0.01131433176381954,370,96,1480,5817,7297
589,dinov2,MQ,std_ctrl__tvn_efaar_e0.1_c304,0.21523235633363902,0.03458976763928663,0.007444837194036716,370,67,1480,5849,7329
590,dinov2,MQ,std_ctrl__tvn_efaar_e0.1_c304,0.23843054334703323,-0.013249808279501795,-0.0031591589873256327,370,80,1480,5849,7329
591,dinov2,MQ,std_ctrl__tvn_efaar_e0.1_c304,0.2190815236278868,0.01183473614620173,0.0025927720266439003,370,85,1480,5785,7265
592,dinov2,MQ,std_ctrl__tvn_efaar_e0.1_c304,0.2208660498500169,0.0049736186734014145,0.0010985035098544516,370,56,1480,5817,7297
593,dinov2,MQ,std_ctrl__tvn_efaar_e0.1_c304,0.2199904534785538,-0.05795684851754159,-0.012749953387561824,370,50,1480,5689,7169
594,dinov2,MQ,std_ctrl__tvn_efaar_e0.1_c304,0.20218790154655644,-0.06168165630017732,-0.012471284651248785,370,75,1480,5657,7137
595,dinov2,MQ,std_ctrl__tvn_efaar_e0.1_c304,0.26026227421446957,0.058356579214022056,0.015188016021618223,370,51,1480,5721,7201
596,dinov2,MQ,std_ctrl__tvn_efaar_e0.1_c304,0.2027557962545812,-0.0055895053139400856,-0.0011333046005971349,370,66,1480,5785,7265
597,dinov2,MQ,std_ctrl__tvn_efaar_e0.1_c304,0.20929796298100864,0.025711018087834714,0.005381263711951674,370,89,1480,5625,7105
598,dinov2,MQ,std_ctrl__tvn_efaar_e0.1_c304,0.2096337910626131,0.08082233559184919,0.01694309261265411,370,48,1480,5913,7393
599,dinov2,MQ,std_ctrl__tvn_efaar_e0.1_c304,0.23704661580447092,0.028735141373448035,0.006811568017238893,370,63,1480,5721,7201
600,dinov2,MQ,std_ctrl__tvn_efaar_e0.1_c304,0.22535247375026402,0.0047234388332790195,0.001064438625687488,370,77,1480,5849,7329
601,dinov2,MQ,std_ctrl__tvn_efaar_e0.1_c304,0.22913936373735982,0.044470974945574594,0.010190050903809032,370,45,1480,5785,7265
602,dinov2,MQ,std_ctrl__tvn_efaar_e0.1_c304,0.23001929479165503,0.09721726262137355,0.02236184618974347,370,95,1480,5721,7201
603,dinov2,MQ,std_ctrl__tvn_efaar_e0.1_c304,0.2551954982056399,0.021729888168802666,0.005545369637190436,370,60,1480,5625,7105
604,dinov2,MQ,std_ctrl__tvn_efaar_e0.1_c304,0.21490657159318344,0.018166704035198655,0.0039041440813525944,370,66,1480,5369,6849
605,dinov2,MQ,std_ctrl__tvn_efaar_e0.1_c304,0.2262956771566849,0.064715350485259,0.014644804060493882,370,44,1480,5689,7169
606,dinov2,MQ,std_ctrl__tvn_efaar_e0.1_c304,0.23258773896077592,-0.009986569868097567,-0.0023227537055946273,370,92,1480,5561,7041
607,dinov2,MQ,std_ctrl__tvn_efaar_e0.1_c304,0.22871161068755844,-0.026042401506242582,-0.005956199594664839,370,96,1480,5721,7201
608,dinov2,MQ,std_ctrl__tvn_efaar_e0.1_c304,0.2177375554806315,0.10019480720417655,0.02181617239249057,370,103,1480,5689,7169
609,dinov2,MQ,std_ctrl__tvn_efaar_e0.1_c304,0.21816645777148322,-0.048469091484607506,-0.01057433000059878,370,57,1480,5663,7143
610,dinov2,MQ,std_ctrl__tvn_efaar_e0.1_c304,0.18016741507453612,-0.01873814124851592,-0.0033760024720466543,370,49,1480,5753,7233
611,dinov2,MQ,std_ctrl__tvn_efaar_e0.1_c304,0.21922876151176623,-0.010938629875838518,-0.0023980622803156837,370,66,1480,5561,7041
612,dinov2,MQ,std_ctrl__tvn_efaar_e0.1_c304,0.2319058511661741,0.009318057877207547,0.0021609121432294895,370,61,1480,5529,7009
613,dinov2,MQ,std_ctrl__tvn_efaar_e0.1_c304,0.2261741464939928,0.07452656196244906,0.016855981542988584,370,69,1480,5721,7201
614,dinov2,MQ,std_ctrl__tvn_efaar_e0.1_c304,0.23799600884356487,0.03511873128676614,0.008358117881899971,370,84,1480,5593,7073
615,dinov2,MQ,std_ctrl__tvn_efaar_e0.1_c304,0.22134942058751159,-0.03113087648406107,-0.006890801472128308,370,56,1480,5689,7169
616,dinov2,MQ,std_ctrl__tvn_efaar_e0.1_c304,0.23675350929078273,0.04643375056556109,0.010993353395929455,370,68,1480,5625,7105
617,dinov2,MQ,std_ctrl__tvn_efaar_e0.1_c304,0.2116111160331933,0.030754126841253986,0.006507915103504141,370,82,1480,5849,7329
618,dinov2,MQ,std_ctrl__tvn_efaar_e0.1_c304,0.21291259557032763,-0.015207338233130661,-0.0032378338549317294,370,63,1480,5823,7303
619,dinov2,MQ,std_ctrl__tvn_efaar_e0.1_c304,0.23895592548144629,0.026077256236232214,0.006231314897945686,370,58,1480,5593,7073
620,dinov2,MQ,std_ctrl__tvn_efaar_e0.1_c304,0.21772600527032204,-0.007018599966587894,-0.001528131733315598,370,71,1480,5657,7137
621,dinov2,MQ,std_ctrl__tvn_efaar_e0.1_c304,0.23205932039476096,0.013341341655965658,0.0030959826778377054,370,67,1480,5561,7041
622,dinov2,MQ,std_ctrl__tvn_efaar_e0.1_c304,0.23268103985626382,0.01675817831201431,0.003899310355736177,370,68,1480,5657,7137
623,dinov2,MQ,std_ctrl__tvn_efaar_e0.1_c304,0.2106480938201166,-0.0021186391196004414,-0.000446287292036563,370,96,1480,5753,7233
624,dinov2,MQ,std_ctrl__tvn_efaar_e0.1_c304,0.20613589876808358,0.008646031204431423,0.0017822574131023676,370,86,1480,5593,7073
625,dinov2,MQ,std_ctrl__tvn_efaar_e0.1_c304,0.262963863914164,-0.019557494840431604,-0.005142914411721221,370,43,1480,5433,6913
626,dinov2,MQ,std_ctrl__tvn_efaar_e0.1_c304,0.23504125876132062,0.015615938320662878,0.003670389799627746,370,80,1480,5881,7361
627,dinov2,MQ,std_ctrl__tvn_efaar_e0.1_c304,0.23217267653180906,0.06417086607217884,0.014898721731342018,370,83,1480,5657,7137
628,dinov2,MQ,std_ctrl__tvn_efaar_e0.1_c304,0.22838779333197856,-0.019737258667073106,-0.004507748953395295,370,69,1480,5753,7233
629,dinov2,MQ,std_ctrl__tvn_efaar_e0.1_c304,0.22177148138657254,0.03005372196172213,0.006665058440631286,370,61,1480,5529,7009
630,dinov2,MQ,std_ctrl__tvn_efaar_e0.1_c304,0.22550722853890354,0.04594341715277336,0.010360572671728642,370,72,1480,5593,7073
631,dinov2,MQ,std_ctrl__tvn_efaar_e0.1_c304,0.18830676774927768,-0.0100172165307534,-0.0018863096667508057,370,75,1480,5561,7041
632,dinov2,MQ,std_ctrl__tvn_efaar_e0.1_c304,0.2332137906928948,-0.04121866194385777,-0.009612760399216035,370,74,1480,5657,7137
633,dinov2,MQ,std_ctrl__tvn_efaar_e0.1_c304,0.22999440316093403,0.022305485217289457,0.005130136759765525,370,75,1480,5625,7105
634,dinov2,MQ,std_ctrl__tvn_efaar_e0.1_c304,0.21067055565192905,0.006753135517839392,0.0014226868119360024,370,68,1480,5529,7009
635,dinov2,MQ,std_ctrl__tvn_efaar_e0.1_c304,0.21745604302352234,0.025449472124112388,0.005534141505146916,370,80,1480,5657,7137
636,dinov2,MQ,std_ctrl__tvn_efaar_e0.1_c304,0.244142918518186,0.009359647095435228,0.002285091558179819,370,86,1480,5753,7233
637,dinov2,MQ,std_ctrl__tvn_efaar_e0.1_c304,0.22122494933939588,0.08278815254084293,0.018314804851750154,370,74,1480,5561,7041
638,dinov2,MQ,std_ctrl__tvn_efaar_e0.1_c304,0.2340531572503112,-0.0043476778198696785,-0.001017587720447648,370,94,1480,5721,7201
639,dinov2,MQ,std_ctrl__tvn_efaar_e0.1_c304,0.22225900927646855,-0.015071442780199888,-0.0033497639406942117,370,69,1480,5753,7233
640,dinov2,MQ,std_ctrl__tvn_efaar_e0.1_c304,0.20814003503405745,-0.014315642852530182,-0.0029796584048606863,370,99,1480,5689,7169
641,dinov2,MQ,std_ctrl__tvn_efaar_e0.1_c304,0.22583648336059417,0.009374221386978611,0.002117041192278921,370,74,1480,5849,7329
642,dinov2,MQ,std_ctrl__tvn_efaar_e0.1_c304,0.22811472538264868,-0.011226647327617877,-0.0025609635721073986,370,63,1480,5497,6977
643,dinov2,MQ,std_ctrl__tvn_efaar_e0.1_c304,0.23686093146025494,-0.0195090821681361,-0.004620939374279366,370,68,1480,5625,7105
644,dinov2,MQ,std_ctrl__tvn_efaar_e0.1_c304,0.195175418790167,0.08582779117943201,0.016751475087280643,370,74,1480,5753,7233
645,dinov2,MQ,std_ctrl__tvn_efaar_e0.1_c304,0.18292060756870882,0.035109509014472975,0.0064222527203664555,370,88,1480,5721,7201
646,dinov2,MQ,std_ctrl__tvn_efaar_e0.1_c304,0.2090898504924931,0.06304629590357302,0.013182340584583563,370,50,1480,5817,7297
647,dinov2,MQ,std_ctrl__tvn_efaar_e0.1_c304,0.2740531942467132,0.088820068023413,0.024341423355026683,370,81,1480,5625,7105
648,dinov2,MQ,std_ctrl__tvn_efaar_e0.1_c304,0.21546911990791276,0.0698198117359967,0.015044013386891368,370,74,1480,5593,7073
649,dinov2,MQ,std_ctrl__tvn_efaar_e0.1_c304,0.21761835790580297,-0.012367494196184077,-0.0026913937783831277,370,83,1480,5785,7265
650,dinov2,MQ,std_ctrl__tvn_efaar_e0.1_c304,0.2105312905237077,0.06727535784242353,0.014163567907009665,370,74,1480,5721,7201
651,dinov2,MQ,std_ctrl__tvn_efaar_e0.1_c304,0.22570265701088174,-0.029769751114033197,-0.006719111924989949,370,104,1480,5881,7361
652,dinov2,MQ,std_ctrl__tvn_efaar_e0.1_c304,0.1999612699668295,0.032796887809628084,0.006558107337372861,370,82,1480,5497,6977
653,dinov2,MQ,std_ctrl__tvn_efaar_e0.1_c304,0.20892295097327793,0.006046042668000509,0.0012631570759090167,370,55,1480,5401,6881
654,dinov2,MQ,std_ctrl__tvn_efaar_e0.1_c304,0.24253621543836137,-0.0012557248532252725,-0.0003045587535331494,370,72,1480,5785,7265
655,dinov2,MQ,std_ctrl__tvn_efaar_e0.1_c304,0.2312797927272695,-0.04222474442985221,-0.009765730139698147,370,77,1480,5657,7137
656,dinov2,MQ,std_ctrl__tvn_efaar_e0.1_c304,0.22578762790192416,0.025171424460890664,0.005683396219936973,370,56,1480,5625,7105
657,dinov2,MQ,std_ctrl__tvn_efaar_e0.1_c304,0.20472391687810615,-0.0024291688044898265,-0.0004973089524132637,370,82,1480,5401,6881
658,dinov2,MQ,std_ctrl__tvn_efaar_e0.1_c304,0.2259074767729567,-0.01577709731695183,-0.003564164245673973,370,67,1480,5657,7137
659,dinov2,MQ,std_ctrl__tvn_efaar_e0.1_c304,0.2185759456440626,-0.00172263512918349,-0.00037652660236096327,370,61,1480,5561,7041
660,dinov2,MQ,std_ctrl__tvn_efaar_e0.1_c304,0.20211742612284844,0.02737536999821278,0.005533039323199413,370,82,1480,5785,7265
661,dinov2,MQ,std_ctrl__tvn_efaar_e0.1_c304,0.20598072317246208,-0.0038107432760096133,-0.0007849396558170574,370,73,1480,5689,7169
662,dinov2,MQ,std_ctrl__tvn_efaar_e0.1_c304,0.21965579535343538,0.00024021203033007123,5.276396457561534e-05,370,71,1480,5628,7108
663,dinov2,MQ,std_ctrl__tvn_efaar_e0.1_c304,0.19517927525223724,0.04949535755471784,0.009660468015880172,370,90,1480,5721,7201
664,dinov2,MQ,std_ctrl__tvn_efaar_e0.1_c304,0.23292922805806754,0.03494802043002194,0.008140415420922583,370,61,1480,5593,7073
665,dinov2,MQ,std_ctrl__tvn_efaar_e0.1_c304,0.22800602872691414,0.042971903260782984,0.00979785300932826,370,66,1480,5785,7265
666,dinov2,MQ,std_ctrl__tvn_efaar_e0.1_c304,0.24774205512974035,0.06784673205618663,0.01680848883343651,370,64,1480,5657,7137
667,dinov2,MQ,std_ctrl__tvn_efaar_e0.1_c304,0.24220277554997294,0.003053940895944131,0.0007396729613632397,370,75,1480,5753,7233
668,dinov2,MQ,std_ctrl__tvn_efaar_e0.1_c304,0.2199756852433171,-0.03859998361153727,-0.00849105784532872,370,76,1480,5625,7105
669,dinov2,MQ,std_ctrl__tvn_efaar_e0.1_c304,0.24238784614991057,0.08366382003711982,0.020279093139471203,370,62,1480,5753,7233
670,dinov2,MQ,std_ctrl__tvn_efaar_e0.1_c304,0.20165302954316014,-0.016834863635357578,-0.0033948012540158338,370,65,1480,5721,7201
671,dinov2,MQ,std_ctrl__tvn_efaar_e0.1_c304,0.20681431754876647,0.019658110121555307,0.00406557862908796,370,81,1480,5817,7297
672,dinov2,MQ,std_ctrl__tvn_efaar_e0.1_c304,0.21951423674038492,0.023523743417884418,0.005163796581653552,370,71,1480,5625,7105
673,dinov2,MQ,std_ctrl__tvn_efaar_e0.1_c304,0.26190278902146846,0.09717255530665056,0.025449763251154677,370,46,1480,5657,7137
674,dinov2,MQ,std_ctrl__tvn_efaar_e0.1_c304,0.20716593804744032,0.01614135099419926,0.003343938120066273,370,67,1480,5753,7233
675,dinov2,MQ,std_ctrl__tvn_efaar_e0.1_c304,0.24389065397591464,0.041655955333325424,0.010159498188236226,370,76,1480,5497,6977
676,dinov2,MQ,std_ctrl__tvn_efaar_e0.1_c304,0.24554857789501525,0.0345271260723724,0.008478086705872946,370,80,1480,5593,7073
677,dinov2,MQ,std_ctrl__tvn_efaar_e0.1_c304,0.1865702297615621,-0.06879968082234503,-0.01283597225854705,370,110,1480,5657,7137
678,dinov2,MQ,std_ctrl__tvn_efaar_e0.1_c304,0.2039437538715468,0.016074131649404192,0.0032782187488049294,370,79,1480,5913,7393
679,dinov2,MQ,std_ctrl__tvn_efaar_e0.1_c304,0.2231660476560092,0.01927043028814018,0.004300505764034895,370,86,1480,5785,7265
680,dinov2,MQ,std_ctrl__tvn_efaar_e0.1_c304,0.2362445254267105,0.0314131896255446,0.007421194075226051,370,79,1480,5625,7105
681,dinov2,MQ,std_ctrl__tvn_efaar_e0.1_c304,0.22698139062514805,0.034885586746263283,0.007918378992441074,370,78,1480,5561,7041
682,dinov2,MQ,std_ctrl__tvn_efaar_e0.1_c304,0.21977195169710775,0.06117692410211527,0.013444972008747703,370,71,1480,5657,7137
683,dinov2,MQ,std_ctrl__tvn_efaar_e0.1_c304,0.25369966209003597,0.01101989881291815,0.002795744605103723,370,75,1480,5433,6913
684,dinov2,MQ,std_ctrl__tvn_efaar_e0.1_c304,0.22093919958417302,0.04414112483785457,0.009752504790420648,370,86,1480,5721,7201
685,dinov2,MQ,std_ctrl__tvn_efaar_e0.1_c304,0.21918112609730944,-0.024509527194126995,-0.005372025770521384,370,80,1480,5625,7105
686,dinov2,MQ,std_ctrl__tvn_efaar_e0.1_c304,0.20529790813750723,0.004794787271515852,0.0009843597968065504,370,93,1480,5369,6849
687,dinov2,MQ,std_ctrl__tvn_efaar_e0.1_c304,0.1920094796116426,0.0037872442859410898,0.0007271868045057156,370,49,1480,5497,6977
688,dinov2,MQ,std_ctrl__tvn_efaar_e0.1_c304,0.23450378096120134,0.00246569843056213,0.0005782156046769196,370,59,1480,5721,7201
689,dinov2,MQ,std_ctrl__tvn_efaar_e0.1_c304,0.2161073453657331,0.06487273365008273,0.014019474255737642,370,73,1480,5881,7361
690,dinov2,MQ,std_ctrl__tvn_efaar_e0.1_c304,0.22745819553615168,0.042032721394827506,0.009560686961941262,370,88,1480,5465,6945
691,dinov2,MQ,std_ctrl__tvn_efaar_e0.1_c304,0.2128307693142796,-0.01502768499016269,-0.0031983537574689774,370,77,1480,5561,7041
692,dinov2,MQ,std_ctrl__tvn_efaar_e0.1_c304,0.23542568237384906,0.0020646121586070584,0.00048606272627741223,370,63,1480,5657,7137
693,dinov2,MQ,std_ctrl__tvn_efaar_e0.1_c304,0.2062490893137987,0.026432479829430342,0.005451674893125361,370,91,1480,5945,7425
694,dinov2,MQ,std_ctrl__tvn_efaar_e0.1_c304,0.22385181790316844,0.038983200100239326,0.00872646021012155,370,73,1480,5337,6817
695,dinov2,MQ,std_ctrl__tvn_efaar_e0.1_c304,0.21077870482613423,0.04424151857429229,0.009325169984630689,370,77,1480,5721,7201
696,dinov2,MQ,std_ctrl__tvn_efaar_e0.1_c304,0.2260074168860429,0.0109850214839819,0.002482696330032435,370,92,1480,5849,7329
697,dinov2,MQ,std_ctrl__tvn_efaar_e0.1_c304,0.21633321900419022,0.0747789598011774,0.016177173087573646,370,59,1480,5849,7329
698,dinov2,MQ,std_ctrl__tvn_efaar_e0.1_c304,0.2061824598519981,0.04173305297992825,0.008604623520535365,370,76,1480,5657,7137
699,dinov2,MQ,std_ctrl__tvn_efaar_e0.1_c304,0.2052747576683805,0.05564148040715133,0.01142179140688793,370,60,1480,5529,7009
700,dinov2,MQ,std_ctrl__tvn_efaar_e0.1_c304,0.25015916400690286,0.03723769351386129,0.009315350278972808,370,74,1480,5913,7393
701,dinov2,MQ,std_ctrl__tvn_efaar_e0.1_c304,0.19395047051967076,0.003361042213686755,0.000651875718781022,370,108,1480,5785,7265
702,dinov2,MQ,std_ctrl__tvn_efaar_e0.1_c304,0.19162053064330664,0.025996595085062545,0.004981481345118863,370,97,1480,5689,7169
703,dinov2,MQ,std_ctrl__tvn_efaar_e0.1_c304,0.205222561684918,-0.036770461239741356,-0.007546128249955707,370,71,1480,5401,6881
704,dinov2,MQ,std_ctrl__tvn_efaar_e0.1_c304,0.22419305714287596,0.05352548075034779,0.01200004116446263,370,63,1480,5689,7169
705,dinov2,MQ,std_ctrl__tvn_efaar_e0.1_c304,0.21816050632353673,0.028187410394922716,0.006149379723705662,370,84,1480,5529,7009
706,dinov2,MQ,std_ctrl__tvn_efaar_e0.1_c304,0.20172314154986085,-0.011365915854125557,-0.0022927682526855775,370,74,1480,5753,7233
707,dinov2,MQ,std_ctrl__tvn_efaar_e0.1_c304,0.18470886650085774,0.08109548870790939,0.014979055797571052,370,71,1480,5593,7073
708,dinov2,MQ,std_ctrl__tvn_efaar_e0.1_c304,0.24060752794195692,0.11291107266823772,0.027167254071979334,370,97,1480,5593,7073
709,dinov2,MQ,std_ctrl__tvn_efaar_e0.1_c304,0.20763345761140684,0.020742424082765557,0.004306821231546727,370,67,1480,5785,7265
710,dinov2,MQ,std_ctrl__tvn_efaar_e0.1_c304,0.22589114112486586,0.0784408836940061,0.017719100728481922,370,68,1480,5689,7169
711,dinov2,MQ,std_ctrl__tvn_efaar_e0.1_c304,0.1722520116228272,0.03536696856474686,0.006092031480278939,370,72,1480,5881,7361
712,dinov2,MQ,std_ctrl__tvn_efaar_e0.1_c304,0.21108776762453135,-0.008508853695900822,-0.0017961149317114475,370,75,1480,5753,7233
713,dinov2,MQ,std_ctrl__tvn_efaar_e0.1_c304,0.2253995951717889,0.008991975640765752,0.0020267876692231877,370,55,1480,5529,7009
714,dinov2,MQ,std_ctrl__tvn_efaar_e0.1_c304,0.1986124970667653,-0.011063781555033734,-0.0021974052816464695,370,69,1480,5881,7361
715,dinov2,MQ,std_ctrl__tvn_efaar_e0.1_c304,0.17134863066211825,0.006926608144110159,0.001186864820626352,370,65,1480,5561,7041
716,dinov2,MQ,std_ctrl__tvn_efaar_e0.1_c304,0.22130077061607484,0.009724030571890476,0.002151935459053633,370,72,1480,5721,7201
717,dinov2,MQ,std_ctrl__tvn_efaar_e0.1_c304,0.2098982195620429,0.03257007536791173,0.0068364008307262225,370,73,1480,5529,7009
718,dinov2,MQ,std_ctrl__tvn_efaar_e0.1_c304,0.22892351007739473,0.067625068770788,0.015480968112233998,370,74,1480,5657,7137
719,dinov2,MQ,std_ctrl__tvn_efaar_e0.1_c304,0.20833532376086317,-0.06289479983066708,-0.013103208485596707,370,76,1480,5529,7009
720,dinov2,MQ,std_ctrl__tvn_efaar_e0.1_c304,0.2271258000117275,-0.02575377032636108,-0.0058493456886930485,370,60,1480,5625,7105
721,dinov2,MQ,std_ctrl__tvn_efaar_e0.1_c304,0.21912027141828702,0.01499138036222973,0.0032849153339065563,370,72,1480,5689,7169
722,dinov2,MQ,std_ctrl__tvn_efaar_e0.1_c304,0.20927490814707056,0.034144004298071635,0.007145483363252124,370,86,1480,5593,7073
723,dinov2,MQ,std_ctrl__tvn_efaar_e0.1_c304,0.21576884699709936,-0.018105306072803227,-0.003906561015858333,370,80,1480,5721,7201
724,dinov2,MQ,std_ctrl__tvn_efaar_e0.1_c304,0.23230269520141805,0.00490370926887559,0.0011391448796439748,370,53,1480,5913,7393
725,dinov2,MQ,std_ctrl__tvn_efaar_e0.1_c304,0.2213408389367444,0.022401037983448214,0.004958264540310305,370,60,1480,5721,7201
726,dinov2,MQ,std_ctrl__tvn_efaar_e0.1_c304,0.2360009390671969,0.025710474663429548,0.006067696164432747,370,75,1480,5785,7265
727,dinov2,MQ,std_ctrl__tvn_efaar_e0.1_c304,0.24756434141670408,0.12624208149284677,0.031253037763850494,370,51,1480,5913,7393
728,dinov2,MQ,std_ctrl__tvn_efaar_e0.1_c304,0.2180628732276488,-0.04311766671729394,-0.00940236229124528,370,97,1480,5561,7041
729,dinov2,MQ,std_ctrl__tvn_efaar_e0.1_c304,0.24614395561953817,0.02633514456657038,0.006482236655428021,370,75,1480,5535,7015
730,dinov2,MQ,std_ctrl__tvn_efaar_e0.1_c304,0.22654945536486734,0.057682058876092755,0.013067839022703026,370,53,1480,5849,7329
731,dinov2,MQ,std_ctrl__tvn_efaar_e0.1_c304,0.22694396350796692,-0.06725875183399573,-0.01526396772180573,370,93,1480,5593,7073
732,dinov2,MQ,std_ctrl__tvn_efaar_e0.1_c304,0.19561258732135822,0.001169125623073052,0.0002286956880330147,370,59,1480,5753,7233
733,dinov2,MQ,std_ctrl__tvn_efaar_e0.1_c304,0.22246859420185414,-0.02851737819344824,-0.00634422103701904,370,80,1480,5945,7425
734,dinov2,MQ,std_ctrl__tvn_efaar_e0.1_c304,0.22441442614450902,0.024846002790801725,0.005575801458282638,370,64,1480,5625,7105
735,dinov2,MQ,std_ctrl__tvn_efaar_e0.1_c304,0.21761419465375686,0.013886632178016969,0.0030219282778721082,370,100,1480,5945,7425
736,dinov2,MQ,std_ctrl__tvn_efaar_e0.1_c304,0.2394354550661548,-0.036039176709557745,-0.008629056675662525,370,57,1480,5657,7137
737,dinov2,MQ,std_ctrl__tvn_efaar_e0.1_c304,0.21885522082209033,0.0030391483750986594,0.0006651334887433141,370,79,1480,5753,7233
738,dinov2,MQ,std_ctrl__tvn_efaar_e0.1_c304,0.1851250310388886,0.0568554430748174,0.010525365663955335,370,93,1480,5785,7265
739,dinov2,MQ,std_ctrl__tvn_efaar_e0.1_c304,0.20303359062979234,0.06802200599003347,0.013810752117997737,370,110,1480,5721,7201
740,dinov2,MQ,std_ctrl__tvn_efaar_e0.1_c304,0.2562059624501992,0.10992524655477741,0.028163503591142194,370,67,1480,5497,6977
741,dinov2,MQ,std_ctrl__tvn_efaar_e0.1_c304,0.20917746852167388,0.008528205846016882,0.0017839085099015514,370,101,1480,5945,7425
742,dinov2,MQ,std_ctrl__tvn_efaar_e0.1_c304,0.21623990411726543,-0.05728182612713671,-0.012386616589393912,370,47,1480,5593,7073
743,dinov2,MQ,std_ctrl__tvn_efaar_e0.1_c304,0.22473265555520525,-0.006112741401534286,-0.0013737326078890474,370,64,1480,5625,7105
744,dinov2,MQ,std_ctrl__tvn_efaar_e0.1_c304,0.24079416849696436,-0.006609671166168046,-0.0015915702724957953,370,74,1480,5593,7073
745,dinov2,MQ,std_ctrl__tvn_efaar_e0.1_c304,0.21914772444490485,0.003836526257472486,0.0008407659990982224,370,76,1480,5593,7073
746,dinov2,MQ,std_ctrl__tvn_efaar_e0.1_c304,0.219168815253968,0.02548642806671344,0.005585830244437063,370,56,1480,5657,7137
747,dinov2,MQ,std_ctrl__tvn_efaar_e0.1_c304,0.19858802183910867,0.04493737468008053,0.008924024344360041,370,77,1480,5913,7393
748,dinov2,MQ,std_ctrl__tvn_efaar_e0.1_c304,0.19857819862590076,-0.0237532141478255,-0.004716870477050448,370,78,1480,5721,7201
749,dinov2,MQ,std_ctrl__tvn_efaar_e0.1_c304,0.21836888846688213,0.08266691472654694,0.018051882281822584,370,85,1480,5724,7204
750,dinov2,MQ,std_ctrl__tvn_efaar_e0.1_c304,0.24349418719844373,-0.00793159912178313,-0.0019312982813424733,370,84,1480,5753,7233
751,dinov2,MQ,std_ctrl__tvn_efaar_e0.1_c304,0.23540137954498785,-0.021852093270066392,-0.0051440129017193735,370,78,1480,5753,7233
752,dinov2,MQ,std_ctrl__tvn_efaar_e0.1_c304,0.2644033040924562,0.011853671977795993,0.0031341500365574208,370,47,1480,5625,7105
753,dinov2,MQ,std_ctrl__tvn_efaar_e0.1_c304,0.21736210756259625,0.09233973097266918,0.020071158535982517,370,71,1480,5401,6881
754,dinov2,MQ,std_ctrl__tvn_efaar_e0.1_c304,0.20835335539782365,0.012458692236409292,0.0025958103313246917,370,72,1480,5785,7265
755,dinov2,MQ,std_ctrl__tvn_efaar_e0.1_c304,0.2552207324803027,0.07301062215882993,0.018633824466219195,370,79,1480,5657,7137
756,dinov2,MQ,std_ctrl__tvn_efaar_e0.1_c304,0.21386769010518286,-0.0011317143761793214,-0.00024203713949229945,370,69,1480,5593,7073
757,dinov2,MQ,std_ctrl__tvn_efaar_e0.1_c304,0.22640807398747742,0.04807456303135853,0.010884469223719469,370,52,1480,5657,7137
758,dinov2,MQ,std_ctrl__tvn_efaar_e0.1_c304,0.22137960162303189,0.03821906316723993,0.008460920978369067,370,95,1480,5593,7073
759,dinov2,MQ,std_ctrl__tvn_efaar_e0.1_c304,0.23070586353958014,-0.010352129356660154,-0.002388296942701719,370,81,1480,5753,7233
760,dinov2,MQ,std_ctrl__tvn_efaar_e0.1_c304,0.1985820664101193,0.0038603032556979587,0.0007665869974862118,370,62,1480,5593,7073
761,dinov2,MQ,std_ctrl__tvn_efaar_e0.1_c304,0.2266608692166629,0.020624789466591464,0.004674832707908295,370,81,1480,5913,7393
762,dinov2,MQ,std_ctrl__tvn_efaar_e0.1_c304,0.2514618102258322,0.09397004566111528,0.023629877788948154,370,88,1480,5721,7201
763,dinov2,MQ,std_ctrl__tvn_efaar_e0.1_c304,0.21277602954868824,0.039871938856684414,0.008483792840333373,370,63,1480,5689,7169
764,dinov2,MQ,std_ctrl__tvn_efaar_e0.1_c304,0.22259548993085795,0.0024755568561504204,0.0005510477912464973,370,81,1480,5849,7329
765,dinov2,MQ,std_ctrl__tvn_efaar_e0.1_c304,0.23563754297384654,9.630161640110397e-05,2.2692276273166022e-05,370,79,1480,5945,7425
766,dinov2,MQ,std_ctrl__tvn_efaar_e0.1_c304,0.20228878830264946,-0.027698048341731733,-0.005603004637397121,370,79,1480,5881,7361
767,dinov2,MQ,std_ctrl__tvn_efaar_e0.1_c304,0.19792178393254592,0.012018827884489498,0.0023787878556763885,370,88,1480,5753,7233
768,dinov2,MQ,std_ctrl__tvn_efaar_e0.1_c304,0.21983680592195542,-0.017300712637911386,-0.003803333406492047,370,80,1480,5689,7169
769,dinov2,MQ,std_ctrl__tvn_efaar_e0.1_c304,0.22141143902457774,-0.028760000896073744,-0.006367793184747833,370,90,1480,5785,7265
770,dinov2,MQ,std_ctrl__tvn_efaar_e0.1_c304,0.19595166008223747,-0.008543178546957943,-0.0016740500186553662,370,66,1480,5657,7137
771,dinov2,MQ,std_ctrl__tvn_efaar_e0.1_c304,0.21111185535429652,-0.018754306084770807,-0.003959256353438338,370,79,1480,5689,7169
772,dinov2,MQ,std_ctrl__tvn_efaar_e0.1_c304,0.1804819697797295,-0.007547482489805552,-0.0013621845066381232,370,106,1480,5983,7463
773,dinov2,MQ,std_ctrl__tvn_efaar_e0.1_c304,0.23346080242469933,0.04213976684907285,0.009837983782574292,370,63,1480,5593,7073
774,dinov2,MQ,std_ctrl__tvn_efaar_e0.1_c304,0.23696921474439128,0.05476241714063695,0.012977006987321531,370,91,1480,5593,7073
775,dinov2,MQ,std_ctrl__tvn_efaar_e0.1_c304,0.19571520212619908,-0.0013745857897245293,-0.00026902733567573723,370,77,1480,5689,7169
776,dinov2,MQ,std_ctrl__tvn_efaar_e0.1_c304,0.22453157149203098,-0.036390283198676224,-0.008170767473638825,370,81,1480,5913,7393
777,dinov2,MQ,std_ctrl__tvn_efaar_e0.1_c304,0.21452801614799877,0.026539440956306552,0.005693453618033392,370,45,1480,5529,7009
778,dinov2,MQ,std_ctrl__tvn_efaar_e0.1_c304,0.24532966298853384,0.08175489856657589,0.02005690171299983,370,77,1480,5721,7201
779,dinov2,MQ,std_ctrl__tvn_efaar_e0.1_c304,0.21374108588332505,0.03646843092569202,0.007794802026518445,370,83,1480,5721,7201
780,dinov2,MQ,std_ctrl__tvn_efaar_e0.1_c304,0.20878859623300675,0.004579785218413399,0.0009562069268012077,370,75,1480,5657,7137
781,dinov2,MQ,std_ctrl__tvn_efaar_e0.1_c304,0.2337119636797257,0.014147262525144312,0.003306384505444072,370,55,1480,5689,7169
782,dinov2,MQ,std_ctrl__tvn_efaar_e0.1_c304,0.24441275362949447,-0.00428751142875858,-0.0010479224745208126,370,88,1480,5369,6849
783,dinov2,MQ,std_ctrl__tvn_efaar_e0.1_c304,0.19961472965768065,0.07308554804107918,0.014588951914103452,370,67,1480,5273,6753
784,dinov2,MQ,std_ctrl__tvn_efaar_e0.1_c304,0.21293333221770785,-0.03916017927626167,-0.008338507463537224,370,62,1480,5785,7265
785,dinov2,MQ,std_ctrl__tvn_efaar_e0.1_c304,0.22376993348026716,-0.028130683142075254,-0.006294801095456652,370,73,1480,5401,6881
786,dinov2,MQ,std_ctrl__tvn_efaar_e0.1_c304,0.22687509594014532,-0.003077783149001659,-0.000698272347212714,370,83,1480,5657,7137
787,dinov2,MQ,std_ctrl__tvn_efaar_e0.1_c304,0.20093894087504494,-0.009143127256381217,-0.0018372103071829973,370,64,1480,5625,7105
788,dinov2,MQ,std_ctrl__tvn_efaar_e0.1_c304,0.22863901694095604,-0.025290199866727696,-0.0057823264357689174,370,90,1480,5756,7236
789,dinov2,MQ,std_ctrl__tvn_efaar_e0.1_c304,0.19426441180103796,0.04393848601537673,0.008535684141205292,370,63,1480,5593,7073
790,dinov2,MQ,std_ctrl__tvn_efaar_e0.1_c304,0.2099333708011366,-0.016457371123138574,-0.0034549513944057684,370,89,1480,6009,7489
791,dinov2,MQ,std_ctrl__tvn_efaar_e0.1_c304,0.20092890487523865,0.15128838834701192,0.030398210190904922,370,85,1480,5465,6945
792,dinov2,MQ,std_ctrl__tvn_efaar_e0.1_c304,0.17506221963836932,-0.05005353987410395,-0.008762483791118263,370,65,1480,5852,7332
793,dinov2,MQ,std_ctrl__tvn_efaar_e0.1_c304,0.20643217197541142,0.017575194229254278,0.0036280855176346774,370,70,1480,5625,7105
794,dinov2,MQ,std_ctrl__tvn_efaar_e0.1_c304,0.24507562922072382,0.008375234766405924,0.0020525659302482136,370,70,1480,5785,7265
795,dinov2,MQ,std_ctrl__tvn_efaar_e0.1_c304,0.21702500837605682,0.010879194435366144,0.002361057263460088,370,71,1480,5785,7265
796,dinov2,MQ,std_ctrl__tvn_efaar_e0.1_c304,0.22783602581684484,0.04273441953965276,0.009736440313504206,370,88,1480,5689,7169
797,dinov2,MQ,std_ctrl__tvn_efaar_e0.1_c304,0.2303170983751401,-0.03464155548206817,-0.007978542541831368,370,56,1480,5817,7297
798,dinov2,MQ,std_ctrl__tvn_efaar_e0.1_c304,0.2261343817872976,-0.030509734012890703,-0.0068992998394999255,370,67,1480,5753,7233
799,dinov2,MQ,std_ctrl__tvn_efaar_e0.1_c304,0.2077263300736087,0.014502808688452284,0.003012615224611839,370,87,1480,5721,7201
800,dinov2,MQ,std_ctrl__tvn_efaar_e0.1_c304,0.2194267163371312,-0.029212644063502942,-0.00641003456237984,370,49,1480,5625,7105
801,dinov2,MQ,std_ctrl__tvn_efaar_e0.1_c304,0.24193042583048716,0.028271588643993747,0.006839757479545772,370,67,1480,5695,7175
802,dinov2,MQ,std_ctrl__tvn_efaar_e0.1_c304,0.1970067614810512,-0.00148448395831272,-0.00029245337709776076,370,94,1480,5785,7265
803,dinov2,MQ,std_ctrl__tvn_efaar_e0.1_c304,0.2093565091406136,-0.0021508419182244727,-0.00045029275571277673,370,50,1480,5721,7201
804,dinov2,MQ,std_ctrl__tvn_efaar_e0.1_c304,0.22979974041397178,0.02515581529388946,0.0057807998244376185,370,85,1480,5689,7169
805,dinov2,MQ,std_ctrl__tvn_efaar_e0.1_c304,0.1893996458489613,-0.03027388838103356,-0.005733863737838741,370,52,1480,5753,7233
806,dinov2,MQ,std_ctrl__tvn_efaar_e0.1_c304,0.23521749437779826,0.004682902340534999,0.0011015005549565695,370,74,1480,5817,7297
807,dinov2,MQ,std_ctrl__tvn_efaar_e0.1_c304,0.19269270820426393,-0.007399008839109053,-0.0014257350512352103,370,104,1480,5625,7105
808,dinov2,MQ,std_ctrl__tvn_efaar_e0.1_c304,0.23500915990963311,0.04154262806813828,0.009762898122731522,370,76,1480,5691,7171
809,dinov2,MQ,std_ctrl__tvn_efaar_e0.1_c304,0.20433631993585688,0.023386993721040143,0.004778812231320335,370,90,1480,5689,7169
810,dinov2,MQ,std_ctrl__tvn_efaar_e0.1_c304,0.22779031474393086,0.028203854338130357,0.006424564856674694,370,85,1480,5657,7137
811,dinov2,MQ,std_ctrl__tvn_efaar_e0.1_c304,0.20746152611500476,0.008931144485216563,0.0018528688648566367,370,97,1480,5593,7073
812,dinov2,MQ,std_ctrl__tvn_efaar_e0.1_c304,0.21044429048794253,0.0518691378784565,0.010915563919053042,370,102,1480,5561,7041
813,dinov2,MQ,std_ctrl__tvn_efaar_e0.1_c304,0.2184209531846376,0.04018812230315201,0.008777927980155255,370,75,1480,5465,6945
814,dinov2,MQ,std_ctrl__tvn_efaar_e0.1_c304,0.2199004171990351,0.03509312916798346,0.007716993744859191,370,104,1480,5785,7265
815,dinov2,MQ,std_ctrl__tvn_efaar_e0.1_c304,0.23982640485234014,0.014418103871573263,0.003457842016307022,370,89,1480,5817,7297
816,dinov2,MQ,std_ctrl__tvn_efaar_e0.1_c304,0.20813959606017818,-0.024916540131452745,-0.005186118598177794,370,79,1480,5465,6945
817,dinov2,MQ,std_ctrl__tvn_efaar_e0.1_c304,0.23000809951669146,0.1251972221008304,0.02879637512018112,370,53,1480,5913,7393
818,dinov2,MQ,std_ctrl__tvn_efaar_e0.1_c304,0.17912720451114844,0.06765165255054392,0.012118251401938437,370,83,1480,5657,7137
819,dinov2,MQ,std_ctrl__tvn_efaar_e0.1_c304,0.18947819634319862,-0.010054357910385505,-0.0019050816022488169,370,61,1480,5689,7169
820,dinov2,MQ,std_ctrl__tvn_efaar_e0.1_c304,0.19693598285596803,0.007371678635728966,0.0014517487774256255,370,59,1480,5689,7169
821,dinov2,MQ,std_ctrl__tvn_efaar_e0.1_c304,0.24370679127968906,0.017180913102711384,0.004187105203516958,370,75,1480,5465,6945
822,dinov2,MQ,std_ctrl__tvn_efaar_e0.1_c304,0.18792399509971963,0.038180221761889954,0.007174979807287617,370,86,1480,5849,7329
823,dinov2,MQ,std_ctrl__tvn_efaar_e0.1_c304,0.22231053576637738,0.09220310862739241,0.020497722478281098,370,85,1480,5691,7171
824,dinov2,MQ,std_ctrl__tvn_efaar_e0.1_c304,0.24787425791814652,0.022898383051675023,0.00567591970645941,370,69,1480,5977,7457
825,dinov2,MQ,std_ctrl__tvn_efaar_e0.1_c304,0.24083060320860478,-0.03737706246379045,-0.009001540499320355,370,51,1480,5497,6977
826,dinov2,MQ,std_ctrl__tvn_efaar_e0.1_c304,0.21785609311768456,0.009127313001838848,0.001988440751242857,370,77,1480,5849,7329
827,dinov2,MQ,std_ctrl__tvn_efaar_e0.1_c304,0.2210033223051765,0.016092635277878038,0.0035565258610565334,370,67,1480,5721,7201
828,dinov2,MQ,std_ctrl__tvn_efaar_e0.1_c304,0.22568710452691812,0.04013573323869512,0.009058117422705887,370,70,1480,5849,7329
829,dinov2,MQ,std_ctrl__tvn_efaar_e0.1_c304,0.19357927070828526,-0.016097492022420137,-0.00311614076593253,370,55,1480,5561,7041
830,dinov2,MQ,std_ctrl__tvn_efaar_e0.1_c304,0.21577309803692393,-0.04756911445203634,-0.010264135196188892,370,70,1480,5401,6881
831,dinov2,MQ,std_ctrl__tvn_efaar_e0.1_c304,0.2034824522992204,0.04541279392216546,0.00924070667304136,370,69,1480,5753,7233
832,dinov2,MQ,std_ctrl__tvn_efaar_e0.1_c304,0.214197643621195,0.0684194081854884,0.014655276011288318,370,72,1480,5753,7233
833,dinov2,MQ,std_ctrl__tvn_efaar_e0.1_c304,0.22594135412022454,0.03487039037621696,0.007878663220303306,370,68,1480,5881,7361
834,dinov2,MQ,std_ctrl__tvn_efaar_e0.1_c304,0.22076621698527055,-0.01255519640753872,-0.002771763214399382,370,76,1480,5785,7265
835,dinov2,MQ,std_ctrl__tvn_efaar_e0.1_c304,0.21383903156459635,0.004406494054710386,0.0009422804212544204,370,69,1480,5881,7361
836,dinov2,MQ,std_ctrl__tvn_efaar_e0.1_c304,0.22425652180090588,0.0533499773445272,0.0119640803574408,370,99,1480,5785,7265
837,dinov2,MQ,std_ctrl__tvn_efaar_e0.1_c304,0.20293541071020735,0.023633331025076323,0.004796039738024149,370,73,1480,5401,6881
838,dinov2,MQ,std_ctrl__tvn_efaar_e0.1_c304,0.20266017752987767,0.03520640685803906,0.007134936664039298,370,69,1480,5817,7297
839,dinov2,MQ,std_ctrl__tvn_efaar_e0.1_c304,0.22157588787524704,0.04672387671917258,0.01035288446902425,370,64,1480,5817,7297
840,dinov2,MQ,std_ctrl__tvn_efaar_e0.1_c304,0.23168253801769628,0.02372351056015905,0.005496323137267269,370,60,1480,5849,7329
841,dinov2,MQ,std_ctrl__tvn_efaar_e0.1_c304,0.21045924139816935,0.012721552879188486,0.002677368368360706,370,82,1480,5881,7361
842,dinov2,MQ,std_ctrl__tvn_efaar_e0.1_c304,0.2330957169593972,0.1703892395934162,0.03971700196519386,370,68,1480,5753,7233
843,dinov2,MQ,std_ctrl__tvn_efaar_e0.1_c304,0.20219128332283684,0.024642973163231295,0.004982594368763964,370,78,1480,5625,7105
844,dinov2,MQ,std_ctrl__tvn_efaar_e0.1_c304,0.2500639904704325,-0.014516850308252177,-0.0036301415171434673,370,96,1480,5881,7361
845,dinov2,MQ,std_ctrl__tvn_efaar_e0.1_c304,0.2143293023524419,-0.037295323595688365,-0.007993480687272453,370,71,1480,5785,7265
846,dinov2,MQ,std_ctrl__tvn_efaar_e0.1_c304,0.20508588184918208,0.041427519458116534,0.008496199360891979,370,76,1480,5785,7265
847,dinov2,MQ,std_ctrl__tvn_efaar_e0.1_c304,0.19172537570425294,0.06600675190459265,0.01265516930792544,370,57,1480,5625,7105
848,dinov2,MQ,std_ctrl__tvn_efaar_e0.1_c304,0.21881510325056155,-0.02178067233752982,-0.004765940066403238,370,41,1480,5660,7140
849,dinov2,MQ,std_ctrl__tvn_efaar_e0.1_c304,0.2300837952241852,0.006996062907805748,0.0016096807054550954,370,70,1480,5663,7143
850,dinov2,MQ,std_ctrl__tvn_efaar_e0.1_c304,0.23081887969044287,0.039809813398487624,0.009188856529324496,370,75,1480,5881,7361
851,dinov2,MQ,std_ctrl__tvn_efaar_e0.1_c304,0.21766121639875632,0.032380244400250245,0.007047923383447487,370,91,1480,5561,7041
852,dinov2,MQ,std_ctrl__tvn_efaar_e0.1_c304,0.20452639393201968,0.04037731682718022,0.008258227007313828,370,82,1480,5657,7137
853,dinov2,MQ,std_ctrl__tvn_efaar_e0.1_c304,0.19136632740396742,0.08928375797070157,0.017085904859677863,370,80,1480,5689,7169
854,dinov2,MQ,std_ctrl__tvn_efaar_e0.1_c304,0.23092714764616315,0.031155078578921337,0.007194553430922382,370,103,1480,5785,7265
855,dinov2,MQ,std_ctrl__tvn_efaar_e0.1_c304,0.23204419720397707,-0.002058731877467907,-0.000477716785765277,370,56,1480,5689,7169
856,dinov2,MQ,std_ctrl__tvn_efaar_e0.1_c304,0.1998510601861075,-0.05687334280513361,-0.01136619785593388,370,72,1480,5753,7233
857,dinov2,MQ,std_ctrl__tvn_efaar_e0.1_c304,0.22326902555362496,-0.006018044976317701,-0.001343643037600341,370,83,1480,5625,7105
858,dinov2,MQ,std_ctrl__tvn_efaar_e0.1_c304,0.2497480071026259,0.08709695808451741,0.021752291706309164,370,65,1480,5785,7265
859,dinov2,MQ,std_ctrl__tvn_efaar_e0.1_c304,0.23297737446279213,-0.014870947139792463,-0.003464594220403816,370,53,1480,5689,7169
860,dinov2,MQ,std_ctrl__tvn_efaar_e0.1_c304,0.22548954788566522,0.036056910639840074,0.00813045647833137,370,60,1480,5561,7041
861,dinov2,MQ,std_ctrl__tvn_efaar_e0.1_c304,0.23409690733394461,0.04298981023087608,0.010063781621921262,370,85,1480,5817,7297
862,dinov2,MQ,std_ctrl__tvn_efaar_e0.1_c304,0.2220018350535487,-0.008702165292434463,-0.0019318966638597521,370,58,1480,5625,7105
863,dinov2,MQ,std_ctrl__tvn_efaar_e0.1_c304,0.22879091948094882,0.057299287122936436,0.013109556586459518,370,86,1480,5470,6950
864,dinov2,MQ,std_ctrl__tvn_efaar_e0.1_c304,0.20470112517905234,0.02166711469294904,0.004435282757030245,370,53,1480,5785,7265
865,dinov2,MQ,std_ctrl__tvn_efaar_e0.1_c304,0.21120437302585063,0.14721879717066666,0.031093253754050525,370,61,1480,5881,7361
866,dinov2,MQ,std_ctrl__tvn_efaar_e0.1_c304,0.20415683315818672,-0.0029069289841052092,-0.0005934694156106644,370,80,1480,5817,7297
867,dinov2,MQ,std_ctrl__tvn_efaar_e0.1_c304,0.21691499197549274,-0.011990915372885179,-0.002601009311888201,370,67,1480,6009,7489
868,dinov2,MQ,std_ctrl__tvn_efaar_e0.1_c304,0.2167636619131875,0.12836437170945772,0.027824731270927622,370,83,1480,5689,7169
869,dinov2,MQ,std_ctrl__tvn_efaar_e0.1_c304,0.2584397125967768,0.002040708563088237,0.0005274001345383053,370,64,1480,5625,7105
870,dinov2,MQ,std_ctrl__tvn_efaar_e0.1_c304,0.2117953138940525,0.087233546533235,0.018475656370097945,370,46,1480,6009,7489
871,dinov2,MQ,std_ctrl__tvn_efaar_e0.1_c304,0.2190289796483922,0.007383312014555868,0.001617159296973887,370,80,1480,5817,7297
872,dinov2,MQ,std_ctrl__tvn_efaar_e0.1_c304,0.22026125976184788,-0.048495910646075585,-0.010681770372202618,370,70,1480,5657,7137
873,dinov2,MQ,std_ctrl__tvn_efaar_e0.1_c304,0.2211254392700283,-0.004248964039107524,-0.0009395540395902049,370,84,1480,5657,7137
874,dinov2,MQ,std_ctrl__tvn_efaar_e0.1_c304,0.21925771208918524,0.05377795604310215,0.011791231602843351,370,100,1480,5721,7201
875,dinov2,MQ,std_ctrl__tvn_efaar_e0.1_c304,0.2072155462152693,-0.0035210777570728463,-0.0007296220506982852,370,71,1480,5561,7041
876,dinov2,MQ,std_ctrl__tvn_efaar_e0.1_c304,0.2053164121763897,-0.0333507862802708,-0.006847463782326762,370,71,1480,5817,7297
877,dinov2,MQ,std_ctrl__tvn_efaar_e0.1_c304,0.24436470670538135,-0.0068724214593912985,-0.0016793772542799236,370,53,1480,5657,7137
878,dinov2,MQ,std_ctrl__tvn_efaar_e0.1_c304,0.2221535801966873,0.02105026608809736,0.004676391975563744,370,79,1480,5753,7233
879,dinov2,MQ,std_ctrl__tvn_efaar_e0.1_c304,0.22025718374958486,0.01362570567186805,0.0030011595578864013,370,90,1480,5785,7265
880,dinov2,MQ,std_ctrl__tvn_efaar_e0.1_c304,0.20089671651054383,0.03532927394756693,0.007097535132767696,370,53,1480,5753,7233
881,dinov2,MQ,std_ctrl__tvn_efaar_e0.1_c304,0.20328617257143042,-0.014656908088283158,-0.0029795467469983243,370,58,1480,5785,7265
882,dinov2,MQ,std_ctrl__tvn_efaar_e0.1_c304,0.2055604030439761,0.05874473614058705,0.012075591637771103,370,64,1480,5785,7265
883,dinov2,MQ,std_ctrl__tvn_efaar_e0.1_c304,0.17313986838481438,-0.0794449572302476,-0.013755089438682276,370,84,1480,5785,7265
884,dinov2,MQ,std_ctrl__tvn_efaar_e0.1_c304,0.25702360337773106,0.03486705530934952,0.008961656194779663,370,81,1480,5561,7041
885,dinov2,MQ,std_ctrl__tvn_efaar_e0.1_c304,0.21550507810559671,0.026359763104455973,0.005680662806670811,370,62,1480,5401,6881
886,dinov2,MQ,std_ctrl__tvn_efaar_e0.1_c304,0.22766328728124294,0.019479676095223792,0.004434807095012495,370,67,1480,5561,7041
887,dinov2,MQ,std_ctrl__tvn_efaar_e0.1_c304,0.24343248081541535,0.007550201192360455,0.0018379642069118126,370,83,1480,5817,7297
888,dinov2,MQ,std_ctrl__tvn_efaar_e0.1_c304,0.2199443216277212,-0.01530267981903637,-0.003365737531884174,370,46,1480,5593,7073
889,dinov2,MQ,std_ctrl__tvn_efaar_e0.1_c304,0.22147046134009626,-0.06125576643944986,-0.013566342853086147,370,74,1480,5721,7201
890,dinov2,MQ,std_ctrl__tvn_efaar_e0.1_c304,0.23917863154848354,0.044001793670956156,0.010524288795898017,370,50,1480,5753,7233
891,dinov2,MQ,std_ctrl__tvn_efaar_e0.1_c304,0.2231040844437616,0.14018942395358197,0.031276833079862246,370,82,1480,5401,6881
892,dinov2,MQ,std_ctrl__tvn_efaar_e0.1_c304,0.23976970410799933,-0.019581617271081334,-0.0046950785790432605,370,81,1480,5407,6887
893,dinov2,MQ,std_ctrl__tvn_efaar_e0.1_c304,0.1904764797407564,-0.00330981261303198,-0.0006304414551318859,370,58,1480,5817,7297
894,dinov2,MQ,std_ctrl__tvn_efaar_e0.1_c304,0.20162933223270588,0.01831373787292095,0.0036925867380018665,370,63,1480,5753,7233
895,dinov2,MQ,std_ctrl__tvn_efaar_e0.1_c304,0.20105512908378875,0.00040567326438650634,8.1562690537071e-05,370,84,1480,5817,7297
896,dinov2,MQ,std_ctrl__tvn_efaar_e0.1_c304,0.2038945182290988,0.018718127441349985,0.003816523576804929,370,84,1480,5529,7009
897,dinov2,MQ,std_ctrl__tvn_efaar_e0.1_c304,0.18545286975972025,0.001882902159521265,0.0003491896089599932,370,79,1480,5689,7169
898,dinov2,MQ,std_ctrl__tvn_efaar_e0.1_c304,0.20902173921757405,-0.007411814853030191,-0.0015492304313390185,370,79,1480,5977,7457
899,dinov2,MQ,std_ctrl__tvn_efaar_e0.1_c304,0.23963670603253104,0.029275782428903205,0.007015552067787415,370,88,1480,5689,7169
900,dinov2,MQ,std_ctrl__tvn_efaar_e0.1_c304,0.1906745071488792,0.06126395946411717,0.011681475276809456,370,65,1480,5849,7329
901,dinov2,MQ,std_ctrl__tvn_efaar_e0.1_c304,0.22858885928286016,0.05380446036165062,0.01229910021839958,370,59,1480,5561,7041
902,dinov2,MQ,std_ctrl__tvn_efaar_e0.1_c304,0.2198457046914959,-0.027657149089862384,-0.00608030543141856,370,52,1480,5849,7329
903,dinov2,MQ,std_ctrl__tvn_efaar_e0.1_c304,0.22142072423635345,0.01931031541316989,0.004275704024016495,370,75,1480,5786,7266
904,dinov2,MQ,std_ctrl__tvn_efaar_e0.1_c304,0.25086675079676757,0.002021586686097002,0.0005071488833951598,370,72,1480,5913,7393
905,dinov2,MQ,std_ctrl__tvn_efaar_e0.1_c304,0.21643523622502467,0.010800094275972645,0.002337520955872676,370,65,1480,5753,7233
906,dinov2,MQ,std_ctrl__tvn_efaar_e0.1_c304,0.2382039246646647,0.006695964684127148,0.0015950050671750785,370,90,1480,5913,7393
907,dinov2,MQ,std_ctrl__tvn_efaar_e0.1_c304,0.2358100781298333,-0.0014827895935978325,-0.0003496567299164086,370,52,1480,5593,7073
908,dinov2,MQ,std_ctrl__tvn_efaar_e0.1_c304,0.21982544046994512,0.00016915763524152043,3.718515167582154e-05,370,70,1480,5593,7073
909,dinov2,MQ,std_ctrl__tvn_efaar_e0.1_c304,0.23092339345136764,0.027757806366821108,0.006409926840992309,370,53,1480,5593,7073
910,dinov2,MQ,std_ctrl__tvn_efaar_e0.1_c304,0.25068400262912505,0.010293957478604227,0.0025805304636305234,370,55,1480,5465,6945
911,dinov2,MQ,std_ctrl__tvn_efaar_e0.1_c304,0.21092458176055648,0.02309161506473026,0.004870589249703995,370,80,1480,5753,7233
912,dinov2,MQ,std_ctrl__tvn_efaar_e0.1_c304,0.2390044110708523,0.03667714587354004,0.008765999649265178,370,54,1480,5497,6977
913,dinov2,MQ,std_ctrl__tvn_efaar_e0.1_c304,0.19557019158087832,-0.009422139427398604,-0.0018426896129180922,370,82,1480,5401,6881
914,dinov2,MQ,std_ctrl__tvn_efaar_e0.1_c304,0.23304177339953122,-0.00311564865692776,-0.0007260762883003129,370,69,1480,5561,7041
915,dinov2,MQ,std_ctrl__tvn_efaar_e0.1_c304,0.20482342042100327,0.010023232870282874,0.0020529928401675683,370,101,1480,5849,7329
916,dinov2,MQ,std_ctrl__tvn_efaar_e0.1_c304,0.24958963372454493,0.011554963843520562,0.002883999193404657,370,74,1480,5657,7137
917,dinov2,MQ,std_ctrl__tvn_efaar_e0.1_c304,0.24119074176701838,-0.01321410240772183,-0.0031871191615037717,370,80,1480,5561,7041
918,dinov2,MQ,std_ctrl__tvn_efaar_e0.1_c304,0.2280812135953139,-0.05619570872060476,-0.012817185443844298,370,107,1480,5209,6689
919,dinov2,MQ,std_ctrl__tvn_efaar_e0.1_c304,0.21284038967908606,0.04279804296627808,0.009109152142444895,370,70,1480,5599,7079
920,dinov2,MQ,std_ctrl__tvn_efaar_e0.1_c304,0.22454673599811872,0.020374756520800077,0.0045750850735020426,370,74,1480,5855,7335
921,dinov2,MQ,std_ctrl__tvn_efaar_e0.1_c304,0.22634126369136326,0.007087857678097015,0.0016042746637250102,370,46,1480,5785,7265
922,dinov2,MQ,std_ctrl__tvn_efaar_e0.1_c304,0.23006650902581882,-0.006679074483661011,-0.0015366313499793121,370,115,1480,5721,7201
923,dinov2,MQ,std_ctrl__tvn_efaar_e0.1_c304,0.22083024633336748,0.10316716327088964,0.0227824300786253,370,81,1480,5721,7201
924,dinov2,MQ,std_ctrl__tvn_efaar_e0.1_c304,0.21571062973756056,-0.006019949114098682,-0.0012985670143902965,370,74,1480,5785,7265
925,dinov2,MQ,std_ctrl__tvn_efaar_e0.1_c304,0.2020867508292298,0.03365276464388903,0.006800777863304316,370,92,1480,5497,6977
926,dinov2,MQ,std_ctrl__tvn_efaar_e0.1_c304,0.21557269905596196,0.01115604284732794,0.002404938267382443,370,91,1480,5078,6558
927,dinov2,MQ,std_ctrl__tvn_efaar_e0.1_c304,0.2250169343030098,0.044271322370205396,0.009961797237283876,370,53,1480,5785,7265
928,dinov2,MQ,std_ctrl__tvn_efaar_e0.1_c304,0.19728110601056156,0.005744119191107266,0.0011332061870781337,370,72,1480,5721,7201
929,dinov2,MQ,std_ctrl__tvn_efaar_e0.1_c304,0.21706857459539783,0.01869270484386338,0.004057598795789912,370,73,1480,5561,7041
930,dinov2,MQ,std_ctrl__tvn_efaar_e0.1_c304,0.20662082046320765,-0.041174396487892624,-0.008507487584405789,370,77,1480,5657,7137
931,dinov2,MQ,std_ctrl__tvn_efaar_e0.1_c304,0.23746218488993412,0.012575543419544767,0.002986216016583334,370,101,1480,5977,7457
932,dinov2,MQ,std_ctrl__tvn_efaar_e0.1_c304,0.2533379366106705,-0.004199977613905682,-0.0010640136625178727,370,66,1480,5689,7169
933,dinov2,MQ,std_ctrl__tvn_efaar_e0.1_c304,0.22895546522652543,0.047447156673183666,0.010863285829784608,370,67,1480,5593,7073
934,dinov2,MQ,std_ctrl__tvn_efaar_e0.1_c304,0.22423894310305986,0.004287553102747549,0.0009614363762583554,370,53,1480,5561,7041
935,dinov2,MQ,std_ctrl__tvn_efaar_e0.1_c304,0.2538589074132206,-0.036151718502016914,-0.009177435760032325,370,91,1480,5657,7137
936,dinov2,MQ,std_ctrl__tvn_efaar_e0.1_c304,0.2386893149928029,0.015531320216906069,0.0037071601835071805,370,88,1480,5753,7233
937,dinov2,MQ,std_ctrl__tvn_efaar_e0.1_c304,0.21690112464509698,-0.01906231077634824,-0.004134636645724285,370,52,1480,5721,7201
938,dinov2,MQ,std_ctrl__tvn_efaar_e0.1_c304,0.16682550660240286,0.021211883497996926,0.0035386832105444863,370,75,1480,5566,7046
939,dinov2,MQ,std_ctrl__tvn_efaar_e0.1_c304,0.190293623400178,0.08709585455309621,0.016573785746043568,370,67,1480,5753,7233
940,dinov2,MQ,std_ctrl__tvn_efaar_e0.1_c304,0.24920948128018358,0.024317753892552984,0.006060214833462294,370,58,1480,5785,7265
941,dinov2,MQ,std_ctrl__tvn_efaar_e0.1_c304,0.20819925530619018,0.015160015958267539,0.003156304032941261,370,67,1480,5721,7201
942,dinov2,MQ,std_ctrl__tvn_efaar_e0.1_c304,0.23758737868706645,0.039979851391223495,0.009498708092339258,370,84,1480,5881,7361
943,dinov2,MQ,std_ctrl__tvn_efaar_e0.1_c304,0.23254707866466204,-0.04963732631242189,-0.011543015226678272,370,99,1480,5753,7233
944,dinov2,MQ,std_ctrl__tvn_efaar_e0.1_c304,0.21625469547841422,0.020347638904270455,0.004400272454947741,370,56,1480,5593,7073
945,dinov2,MQ,std_ctrl__tvn_efaar_e0.1_c304,0.20645038255558532,-0.032397692825311825,-0.006688516077703968,370,83,1480,5625,7105
946,dinov2,MQ,std_ctrl__tvn_efaar_e0.1_c304,0.1966678580672965,0.0060737391963169105,0.0011945092781990296,370,81,1480,5625,7105
947,dinov2,MQ,std_ctrl__tvn_efaar_e0.1_c304,0.17263269729726616,0.09013609049838432,0.015560436426566569,370,89,1480,5721,7201
948,dinov2,MQ,std_ctrl__tvn_efaar_e0.1_c304,0.2234121532690826,-0.0008887649802676,-0.0001985608979917382,370,67,1480,5561,7041
949,dinov2,MQ,std_ctrl__tvn_efaar_e0.1_c304,0.24242483469500564,0.003856659888672304,0.0009349501359862422,370,60,1480,5849,7329
950,dinov2,MQ,std_ctrl__tvn_efaar_e0.1_c304,0.22552478451696725,-0.007053622438025004,-0.0015907666803996342,370,65,1480,5721,7201
951,dinov2,MQ,std_ctrl__tvn_efaar_e0.1_c304,0.2296423558919011,0.057378448067344705,0.013176521991606138,370,70,1480,5689,7169
952,dinov2,MQ,std_ctrl__tvn_efaar_e0.1_c304,0.2404231455486128,0.006556165319297365,0.0015762538888021978,370,66,1480,5881,7361
953,dinov2,MQ,std_ctrl__tvn_efaar_e0.1_c304,0.22423949663215048,-0.008490109418442075,-0.0019038178623433308,370,64,1480,5785,7265
954,dinov2,MQ,std_ctrl__tvn_efaar_e0.1_c304,0.2231341464919232,0.14111477739709222,0.03148752541189791,370,84,1480,5561,7041
955,dinov2,MQ,std_ctrl__tvn_efaar_e0.1_c304,0.19231664661161996,0.0503408369135149,0.009681380942829639,370,58,1480,5785,7265
956,dinov2,MQ,std_ctrl__tvn_efaar_e0.1_c304,0.2245938655691194,0.05607335660855723,0.012593731916151596,370,56,1480,5753,7233
957,dinov2,MQ,std_ctrl__tvn_efaar_e0.1_c304,0.22907484711671205,0.011082206666896011,0.002538654797935011,370,61,1480,5721,7201
958,dinov2,MQ,std_ctrl__tvn_efaar_e0.1_c304,0.19842749572676885,0.03296523205279389,0.006541208442287704,370,79,1480,5721,7201
959,dinov2,MQ,std_ctrl__tvn_efaar_e0.1_c304,0.25100897875787054,0.02731896601851971,0.006857305761029601,370,62,1480,5881,7361
960,dinov2,MQ,std_ctrl__tvn_efaar_e0.1_c304,0.2365122820891078,0.04225719491580935,0.009994345604222313,370,69,1480,5689,7169
961,dinov2,MQ,std_ctrl__tvn_efaar_e0.1_c304,0.22201345839287323,0.07265769491387818,0.016130986126684368,370,64,1480,5657,7137
962,dinov2,MQ,std_ctrl__tvn_efaar_e0.1_c304,0.2287478561474929,0.05057485315373412,0.01156888923389095,370,82,1480,5785,7265
963,dinov2,MQ,std_ctrl__tvn_efaar_e0.1_c304,0.20636694051491272,0.0009356415124916232,0.00019308547635164176,370,82,1480,5689,7169
964,dinov2,MQ,std_ctrl__tvn_efaar_e0.1_c304,0.21753787605108932,-0.011787197791965392,-0.002564161972258241,370,103,1480,5785,7265
965,dinov2,MQ,std_ctrl__tvn_efaar_e0.1_c304,0.1944675884761932,0.022961603252329828,0.004465287612027696,370,53,1480,5625,7105
966,dinov2,MQ,std_ctrl__tvn_efaar_e0.1_c304,0.22169001024535523,0.035994154020964134,0.007979544373680434,370,67,1480,5561,7041
967,dinov2,MQ,std_ctrl__tvn_efaar_e0.1_c304,0.2432552756893067,0.056214294003003346,0.013674423585380319,370,61,1480,5849,7329
968,dinov2,MQ,std_ctrl__tvn_efaar_e0.1_c304,0.27089962948527235,-0.016808937688143077,-0.00455353499175899,370,109,1480,5817,7297
969,dinov2,MQ,std_ctrl__tvn_efaar_e0.1_c304,0.2182880520661566,0.04714414362794342,0.010291003278870878,370,88,1480,5657,7137
970,dinov2,MQ,std_ctrl__tvn_efaar_e0.1_c304,0.1947313368254435,-0.0030821046797466552,-0.0006001823645230216,370,61,1480,5593,7073
971,dinov2,MQ,std_ctrl__tvn_efaar_e0.1_c304,0.20596229710096509,0.001378614540759611,0.00028394261763164155,370,66,1480,5753,7233
972,dinov2,MQ,std_ctrl__tvn_efaar_e0.1_c304,0.22763613107866748,-0.05936978519402563,-0.01351470820453955,370,46,1480,5817,7297
973,dinov2,MQ,std_ctrl__tvn_efaar_e0.1_c304,0.2459696218091731,0.023057840346276153,0.005671528269709838,370,58,1480,5657,7137
974,dinov2,MQ,std_ctrl__tvn_efaar_e0.1_c304,0.2197589453064965,0.042788832103344186,0.009403228613927677,370,83,1480,5753,7233
975,dinov2,MQ,std_ctrl__tvn_efaar_e0.1_c304,0.2352818020268026,0.04424727001003422,0.010410577422727352,370,71,1480,5529,7009
976,dinov2,MQ,std_ctrl__tvn_efaar_e0.1_c304,0.20978885822573934,0.07038118371038382,0.014765188171177427,370,90,1480,5785,7265
977,dinov2,MQ,std_ctrl__tvn_efaar_e0.1_c304,0.21475099078019538,0.015547535221856907,0.003338848593083756,370,84,1480,5753,7233
978,dinov2,MQ,std_ctrl__tvn_efaar_e0.1_c304,0.2338579695089956,0.04691439498939165,0.010971305152962128,370,66,1480,5593,7073
979,dinov2,MQ,std_ctrl__tvn_efaar_e0.1_c304,0.2072124658633163,-0.017415286492904265,-0.0036086644579107984,370,96,1480,5753,7233
980,dinov2,MQ,std_ctrl__tvn_efaar_e0.1_c304,0.22120975881056504,0.01643827257480823,0.0036363063115356542,370,73,1480,5529,7009
981,dinov2,MQ,std_ctrl__tvn_efaar_e0.1_c304,0.2158160172973993,-0.004496651013221021,-0.0009704493128496758,370,50,1480,5817,7297
982,dinov2,MQ,std_ctrl__tvn_efaar_e0.1_c304,0.21244941660883376,0.009282982705584194,0.001972164260191255,370,63,1480,5465,6945
983,dinov2,MQ,std_ctrl__tvn_efaar_e0.1_c304,0.2505421751184737,-0.005660197955113859,-0.0014181183072753633,370,73,1480,5753,7233
984,dinov2,MQ,std_ctrl__tvn_efaar_e0.1_c304,0.2471681447548544,0.06681741140986897,0.016515135615499152,370,90,1480,5753,7233
985,dinov2,MQ,std_ctrl__tvn_efaar_e0.1_c304,0.1864445176788371,-0.045125146887918126,-0.008413336246704572,370,89,1480,5689,7169
986,dinov2,MQ,std_ctrl__tvn_efaar_e0.1_c304,0.24258125119553264,0.029332807774666254,0.007115589211056587,370,92,1480,5721,7201
987,dinov2,MQ,std_ctrl__tvn_efaar_e0.1_c304,0.21178068017176147,0.12379123003481524,0.02621659089607216,370,63,1480,5721,7201
988,dinov2,MQ,std_ctrl__tvn_efaar_e0.1_c304,0.22928250581683818,0.03048463308341818,0.006989593062273006,370,56,1480,5785,7265
989,dinov2,MQ,std_ctrl__tvn_efaar_e0.1_c304,0.2687504211824147,0.06672689549897538,0.017932881269544607,370,107,1480,5689,7169
990,dinov2,MQ,std_ctrl__tvn_efaar_e0.1_c304,0.21239285094387067,-0.007906392918827328,-0.0016792613327121673,370,81,1480,5785,7265
991,dinov2,MQ,std_ctrl__tvn_efaar_e0.1_c304,0.25636095960322675,0.04911294801634344,0.012590642482413195,370,60,1480,5593,7073
992,dinov2,MQ,std_ctrl__tvn_efaar_e0.1_c304,0.23930425122944443,0.05944839683635387,0.014226254091714536,370,72,1480,5721,7201
993,dinov2,MQ,std_ctrl__tvn_efaar_e0.1_c304,0.2119551651052979,0.0531244554881247,0.01126000273411452,370,91,1480,5593,7073
994,dinov2,MQ,std_ctrl__tvn_efaar_e0.1_c304,0.2133232793237244,-0.031314767191325275,-0.006680168828512483,370,66,1480,5401,6881
995,dinov2,MQ,std_ctrl__tvn_efaar_e0.1_c304,0.21918983274774564,0.009953660939928253,0.0021817412766506426,370,63,1480,5689,7169
996,dinov2,MQ,std_ctrl__tvn_efaar_e0.1_c304,0.22261265867658123,0.0320671478005338,0.007138553028051714,370,50,1480,5721,7201
997,dinov2,MQ,std_ctrl__tvn_efaar_e0.1_c304,0.22168256349294863,0.008680365245258165,0.0019242856196239277,370,88,1480,5849,7329
998,dinov2,MQ,std_ctrl__tvn_efaar_e0.1_c304,0.2420312560419032,-0.003985482649215466,-0.0009646113715228313,370,69,1480,5913,7393
999,dinov2,MQ,std_ctrl__tvn_efaar_e0.1_c304,0.22496398228789063,-0.0009263754459674668,-0.000208401109418562,370,61,1480,5753,7233
1000,dinov2,MQ,std_ctrl__tvn_efaar_e0.1_c304,0.24624200611598895,0.0759704049828812,0.01870710492842879,370,74,1480,5433,6913
1001,dinov2,MQ,std_ctrl__tvn_efaar_e0.1_c304,0.21620229699124016,-0.022250765808991112,-0.004810666677718028,370,50,1480,5817,7297
1002,dinov2,MQ,std_ctrl__tvn_efaar_e0.1_c304,0.23766743523268158,-0.003467102588216692,-0.0008240173798300533,370,64,1480,5561,7041
1003,dinov2,MQ,std_ctrl__tvn_efaar_e0.1_c304,0.20979284562534256,-0.000978629732280732,-0.00020530951634874196,370,107,1480,5753,7233
1004,dinov2,MQ,std_ctrl__tvn_efaar_e0.1_c304,0.22771055174824517,0.027347871185697144,0.006227398836835033,370,68,1480,5721,7201
1005,dinov2,MQ,std_ctrl__tvn_efaar_e0.1_c304,0.20260064268629,-0.019900930972772037,-0.004031941405139109,370,71,1480,5657,7137
1006,dinov2,MQ,std_ctrl__tvn_efaar_e0.1_c304,0.1831253952439536,0.0232605340136297,0.004259594484831365,370,65,1480,5625,7105
1007,dinov2,MQ,std_ctrl__tvn_efaar_e0.1_c304,0.20778904320168068,-0.039910741659734114,-0.008293014822945609,370,59,1480,5625,7105
1008,dinov2,MQ,std_ctrl__tvn_efaar_e0.1_c304,0.23138251031002363,0.06265845092275565,0.01449806966664462,370,71,1480,5945,7425
1009,dinov2,MQ,std_ctrl__tvn_efaar_e0.1_c304,0.2487217737087989,-0.007881093782827994,-0.001960199624430366,370,65,1480,5849,7329
1010,dinov2,MQ,std_ctrl__tvn_efaar_e0.1_c304,0.2176818066568954,-0.015611468895689313,-0.0033983327537815775,370,102,1480,5753,7233
1011,dinov2,MQ,std_ctrl__tvn_efaar_e0.1_c304,0.22303128476035697,0.033690647221376824,0.007514068334191624,370,70,1480,5881,7361
1012,dinov2,MQ,std_ctrl__tvn_efaar_e0.1_c304,0.23908292123439767,-0.001961504196567293,-0.0004689621533288386,370,56,1480,5849,7329
1013,dinov2,MQ,std_ctrl__tvn_efaar_e0.1_c304,0.20661763561215019,0.11656170499343403,0.0240837038886643,370,91,1480,5791,7271
1014,dinov2,MQ,std_ctrl__tvn_efaar_e0.1_c304,0.1946079792657916,0.011815309619011108,0.0022993535293554215,370,83,1480,5881,7361
1015,dinov2,MQ,std_ctrl__tvn_efaar_e0.1_c304,0.21341700503410968,-0.00800238657290536,-0.001707845375514635,370,56,1480,5945,7425
1016,dinov2,MQ,std_ctrl__tvn_efaar_e0.1_c304,0.23350655643779433,0.007428617361484192,0.0017346308591741873,370,77,1480,5625,7105
1017,dinov2,MQ,std_ctrl__tvn_efaar_e0.1_c304,0.23242337166048022,-0.03392332068413617,-0.007884572571326636,370,68,1480,5817,7297
1018,dinov2,MQ,std_ctrl__tvn_efaar_e0.1_c304,0.22169636935554898,0.04448094475197305,0.009861263957017185,370,77,1480,5657,7137
1019,dinov2,MQ,std_ctrl__tvn_efaar_e0.1_c304,0.2187212734211766,0.10328197987977317,0.022589966160764325,370,64,1480,5561,7041
1020,dinov2,MQ,std_ctrl__tvn_efaar_e0.1_c304,0.19355001218157025,-0.0007339473535509153,-0.0001420555192204109,370,71,1480,5753,7233
1021,dinov2,MQ,std_ctrl__tvn_efaar_e0.1_c304,0.22858391923912527,0.0632785871261343,0.014464467449206233,370,70,1480,5529,7009
1022,dinov2,MQ,std_ctrl__tvn_efaar_e0.1_c304,0.21695993368702532,0.031608575587810855,0.006857794463472771,370,53,1480,5561,7041
1023,dinov2,MQ,std_ctrl__tvn_efaar_e0.1_c304,0.24964984896767609,-0.001897126955905218,-0.0004736174580142447,370,80,1480,5593,7073
1024,dinov2,MQ,std_ctrl__tvn_efaar_e0.1_c304,0.20151515179863172,0.04181649857248927,0.008426658057522442,370,85,1480,5529,7009
1025,dinov2,MQ,std_ctrl__tvn_efaar_e0.1_c304,0.2220013908433189,0.025419887883438998,0.005643250465204688,370,80,1480,5593,7073
1026,dinov2,MQ,std_ctrl__tvn_efaar_e0.1_c304,0.21262810975545834,0.03783124215456755,0.008043985509026711,370,62,1480,5529,7009
1027,dinov2,MQ,std_ctrl__tvn_efaar_e0.1_c304,0.21453348776903491,0.03125357797363769,0.00670493908794598,370,98,1480,5561,7041
1028,dinov2,MQ,std_ctrl__tvn_efaar_e0.1_c304,0.2364697105680317,0.11383788158190458,0.026919210909350844,370,83,1480,5817,7297
1029,dinov2,MQ,std_ctrl__tvn_efaar_e0.1_c304,0.21824557733229322,0.06367897892650666,0.01389765551974638,370,63,1480,5849,7329
1030,dinov2,MQ,std_ctrl__tvn_efaar_e0.1_c304,0.19019471972977522,0.05312832594301139,0.010104727062443197,370,51,1480,5593,7073
1031,dinov2,MQ,std_ctrl__tvn_efaar_e0.1_c304,0.21369624167357515,0.04216026328245323,0.009009489811428682,370,58,1480,5625,7105
1032,dinov2,MQ,std_ctrl__tvn_efaar_e0.1_c304,0.21014356900233438,0.14174718403623468,0.029787259149405075,370,85,1480,5465,6945
1033,dinov2,MQ,std_ctrl__tvn_efaar_e0.1_c304,0.21413687351132235,-0.0031297575592148285,-0.0006701964985786907,370,71,1480,5401,6881
1034,dinov2,MQ,std_ctrl__tvn_efaar_e0.1_c304,0.2152037780943674,-0.0735145052781034,-0.015820599280586163,370,80,1480,5593,7073
1035,dinov2,MQ,std_ctrl__tvn_efaar_e0.1_c304,0.24117462201411521,0.1283927954800342,0.03096508391923285,370,96,1480,5753,7233
1036,dinov2,MQ,std_ctrl__tvn_efaar_e0.1_c304,0.23844130191572427,0.016169290964156625,0.0038554267885476624,370,65,1480,5465,6945
1037,dinov2,MQ,std_ctrl__tvn_efaar_e0.1_c304,0.19102455769701124,0.019162666475540716,0.0036605398877855105,370,42,1480,5753,7233
1038,dinov2,MQ,std_ctrl__tvn_efaar_e0.1_c304,0.21460601239306235,0.00547738209137305,0.0011754791289827426,370,91,1480,5625,7105
1039,dinov2,MQ,std_ctrl__tvn_efaar_e0.1_c304,0.22135174610951402,0.012226530935947989,0.002706363971534078,370,61,1480,5753,7233
1040,dinov2,MQ,std_ctrl__tvn_efaar_e0.1_c304,0.23244370913078746,-5.958207395603021e-05,-1.3849478268044554e-05,370,59,1480,5625,7105
1041,dinov2,MQ,std_ctrl__tvn_efaar_e0.1_c304,0.1880577159875477,0.027808759981281024,0.005229651886525629,370,71,1480,5753,7233
1042,dinov2,MQ,std_ctrl__tvn_efaar_e0.1_c304,0.20679782735357927,-0.005025695221051932,-0.001039302852654806,370,84,1480,5561,7041
1043,dinov2,MQ,std_ctrl__tvn_efaar_e0.1_c304,0.19593142368706623,0.08109735990874242,0.015889521184182312,370,63,1480,5657,7137
1044,dinov2,MQ,std_ctrl__tvn_efaar_e0.1_c304,0.24158610806798136,0.031239347390368575,0.0075469923546227944,370,93,1480,5753,7233
1045,dinov2,MQ,std_ctrl__tvn_efaar_e0.1_c304,0.21719559780054978,0.054458254480523154,0.011828093137071696,370,81,1480,5305,6785
1046,dinov2,MQ,std_ctrl__tvn_efaar_e0.1_c304,0.2194177875016632,-0.01879479344104627,-0.004123911993385143,370,81,1480,5497,6977
1047,dinov2,MQ,std_ctrl__tvn_efaar_e0.1_c304,0.20763088459197163,0.016896303883509236,0.003508194521667788,370,68,1480,5657,7137
1048,dinov2,MQ,std_ctrl__tvn_efaar_e0.1_c304,0.26264659189390255,0.0007909520047355639,0.0002077408483954457,370,65,1480,5849,7329
1049,dinov2,MQ,std_ctrl__tvn_efaar_e0.1_c304,0.2167012947284513,-0.007892970794842746,-0.0017104169904962763,370,60,1480,5593,7073
1050,dinov2,MQ,std_ctrl__tvn_efaar_e0.1_c304,0.26387489170053086,0.012340333444658886,0.0032563041512578025,370,52,1480,5817,7297
1051,dinov2,MQ,std_ctrl__tvn_efaar_e0.1_c304,0.24095877536688748,0.03176689517892643,0.007654512159522395,370,65,1480,5529,7009
1052,dinov2,MQ,std_ctrl__tvn_efaar_e0.1_c304,0.19651734862571668,0.034217398338134315,0.00672431239828016,370,85,1480,5689,7169
1053,dinov2,MQ,std_ctrl__tvn_efaar_e0.1_c304,0.20397524893769017,-0.009615128245438809,-0.001961248177431197,370,69,1480,5593,7073
1054,dinov2,MQ,std_ctrl__tvn_efaar_e0.1_c304,0.23060240782555008,0.05139036497850554,0.011850741903077201,370,127,1480,5657,7137
1055,dinov2,MQ,std_ctrl__tvn_efaar_e0.1_c304,0.23744418504725118,0.042088854922177114,0.009993753856568331,370,59,1480,5465,6945
1056,dinov2,MQ,std_ctrl__tvn_efaar_e0.1_c304,0.20393235930045323,-0.017287914311460637,-0.003525565152920238,370,66,1480,5689,7169
1057,dinov2,MQ,std_ctrl__tvn_efaar_e0.1_c304,0.21953459624183713,0.044148321550067274,0.009692083946248816,370,53,1480,5753,7233
1058,dinov2,MQ,std_ctrl__tvn_efaar_e0.1_c304,0.18340182344831604,0.07705529597392793,0.014132081787968069,370,72,1480,5753,7233
1059,dinov2,MQ,std_ctrl__tvn_efaar_e0.1_c304,0.23658673263839566,0.00010263840232032461,2.4282884248190727e-05,370,70,1480,5689,7169
1060,dinov2,MQ,std_ctrl__tvn_efaar_e0.1_c304,0.17934832363925177,-0.011281628210614464,-0.0020233411074949957,370,87,1480,5849,7329
1061,dinov2,MQ,std_ctrl__tvn_efaar_e0.1_c304,0.21832210192387616,0.02996048268830549,0.0065410355551647585,370,70,1480,5945,7425
1062,dinov2,MQ,std_ctrl__tvn_efaar_e0.1_c304,0.20811337550344752,0.058817898974429704,0.012240791495589329,370,61,1480,5433,6913
1063,dinov2,MQ,std_ctrl__tvn_efaar_e0.1_c304,0.21064652218670976,-0.008318248725620257,-0.0017522101647359377,370,75,1480,5561,7041
1064,dinov2,MQ,std_ctrl__tvn_efaar_e0.1_c304,0.22646636177570353,0.03117328294120915,0.007059699972300239,370,63,1480,5657,7137
1065,dinov2,MQ,std_ctrl__tvn_efaar_e0.1_c304,0.22693596244010683,0.02197171070969519,0.004986171316360281,370,87,1480,5657,7137
1066,dinov2,MQ,std_ctrl__tvn_efaar_e0.1_c304,0.23509497828403242,0.015300518567781784,0.0035970750804270933,370,48,1480,5785,7265
1067,dinov2,MQ,std_ctrl__tvn_efaar_e0.1_c304,0.22562646878001544,0.004766321116354891,0.001075408202554775,370,75,1480,5535,7015
1068,dinov2,MQ,std_ctrl__tvn_efaar_e0.1_c304,0.22901773234254147,0.0334282328961058,0.007655658094084499,370,53,1480,5401,6881
1069,dinov2,MQ,std_ctrl__tvn_efaar_e0.1_c304,0.21902352622176538,0.025405448106597884,0.005564390829551141,370,57,1480,5689,7169
1070,dinov2,MQ,std_ctrl__tvn_efaar_e0.1_c304,0.25853366675475103,0.008577941480230465,0.002217686664091659,370,102,1480,5689,7169
1071,dinov2,MQ,std_ctrl__tvn_efaar_e0.1_c304,0.2182052833230688,-0.04179312451091297,-0.009119480574860056,370,94,1480,5593,7073
1072,dinov2,MQ,std_ctrl__tvn_efaar_e0.1_c304,0.18750718221053497,0.05159530907523926,0.009674491019979756,370,67,1480,5561,7041
1073,dinov2,MQ,std_ctrl__tvn_efaar_e0.1_c304,0.22342235324471998,0.06835059140952951,0.015271049978385425,370,84,1480,5849,7329
1074,dinov2,MQ,std_ctrl__tvn_efaar_e0.1_c304,0.2110364439780079,0.03868580006734601,0.00816411367865688,370,74,1480,5785,7265
1075,dinov2,MQ,std_ctrl__tvn_efaar_e0.1_c304,0.24202646549705378,0.05220260773112115,0.012634412638892426,370,64,1480,5561,7041
1076,dinov2,MQ,std_ctrl__tvn_efaar_e0.1_c304,0.222532713287262,0.03325816856290186,0.007401030489267671,370,74,1480,5913,7393
1077,dinov2,MQ,std_ctrl__tvn_efaar_e0.1_c304,0.21939929346173193,0.029339642307966894,0.006437096792787874,370,60,1480,5689,7169
1078,dinov2,MQ,std_ctrl__tvn_efaar_e0.1_c304,0.20555919508070286,0.08682028742380689,0.017846708399513012,370,55,1480,5689,7169
1079,dinov2,MQ,std_ctrl__tvn_efaar_e0.1_c304,0.21764912467615224,-0.03332190269310999,-0.007252482953699309,370,91,1480,5657,7137
1080,dinov2,MQ,std_ctrl__tvn_efaar_e0.1_c304,0.18957572425420444,0.01785820465723395,0.0033854820817749327,370,88,1480,5785,7265
1081,dinov2,MQ,std_ctrl__tvn_efaar_e0.1_c304,0.2269479896136026,-0.020974357428671882,-0.004760088251874215,370,92,1480,5657,7137
1082,dinov2,MQ,std_ctrl__tvn_efaar_e0.1_c304,0.19238140414221994,-0.011277067438428753,-0.0021694980684114308,370,54,1480,5721,7201
1083,dinov2,MQ,std_ctrl__tvn_efaar_e0.1_c304,0.20524430719973943,0.01859370601728359,0.003816252309792997,370,70,1480,5817,7297
1084,dinov2,MQ,std_ctrl__tvn_efaar_e0.1_c304,0.21447056982299195,0.0017851742154756602,0.00038286733122637744,370,59,1480,5721,7201
1085,dinov2,MQ,std_ctrl__tvn_efaar_e0.1_c304,0.253736732635949,0.04500919363570364,0.011420485731702191,370,80,1480,5817,7297
1086,dinov2,MQ,std_ctrl__tvn_efaar_e0.1_c304,0.23740460345074077,0.012432560506348727,0.0029515470968870606,370,81,1480,5561,7041
1087,dinov2,MQ,std_ctrl__tvn_efaar_e0.1_c304,0.18995512552138757,0.05387268560820182,0.010233392756880226,370,96,1480,5849,7329
1088,dinov2,MQ,std_ctrl__tvn_efaar_e0.1_c304,0.20821348901661285,0.005079857170039362,0.0010576947850799527,370,86,1480,5497,6977
1089,dinov2,MQ,std_ctrl__tvn_efaar_e0.1_c304,0.23775003516248389,0.0831018925214884,0.019757477869052825,370,44,1480,5753,7233
1090,dinov2,MQ,std_ctrl__tvn_efaar_e0.1_c304,0.20335726528668205,-0.036155556159356554,-0.0073524950254858015,370,73,1480,5785,7265
1091,dinov2,MQ,std_ctrl__tvn_efaar_e0.1_c304,0.235105438223153,0.06299916930246338,0.014811447306550261,370,73,1480,5753,7233
1092,dinov2,MQ,std_ctrl__tvn_efaar_e0.1_c304,0.24996808133321877,-0.021940413972332602,-0.0054844031843205255,370,57,1480,5657,7137
1093,dinov2,MQ,std_ctrl__tvn_efaar_e0.1_c304,0.2407238496635797,0.02557581488318113,0.006156708616962439,370,80,1480,5689,7169
1094,dinov2,MQ,std_ctrl__tvn_efaar_e0.1_c304,0.206106180558197,-0.007180330359569972,-0.0014799104655570322,370,79,1480,5625,7105
1095,dinov2,MQ,std_ctrl__tvn_efaar_e0.1_c304,0.18363077479967238,-0.025047897611188294,-0.0045995648454453695,370,49,1480,5753,7233
1096,dinov2,MQ,std_ctrl__tvn_efaar_e0.1_c304,0.21044462884271925,-0.03011329222088511,-0.006337180604656512,370,84,1480,5593,7073
1097,dinov2,MQ,std_ctrl__tvn_efaar_e0.1_c304,0.2267370900600811,0.1385709217623727,0.03141916756734355,370,87,1480,5657,7137
1098,dinov2,MQ,std_ctrl__tvn_efaar_e0.1_c304,0.18237185669959882,0.020815482471540147,0.003796158186432731,370,86,1480,5753,7233
1099,dinov2,MQ,std_ctrl__tvn_efaar_e0.1_c304,0.20602149869881384,0.06762502992466365,0.01393221001463134,370,82,1480,5721,7201
1100,dinov2,MQ,std_ctrl__tvn_efaar_e0.1_c304,0.1861120246134969,0.018005049741563667,0.0033509562606691334,370,76,1480,5817,7297
1101,dinov2,MQ,std_ctrl__tvn_efaar_e0.1_c304,0.22294860122288915,-0.0023371121746645117,-0.0005210558902424375,370,77,1480,5593,7073
1102,dinov2,MQ,std_ctrl__tvn_efaar_e0.1_c304,0.22893989048891916,0.03748334867482511,0.008581433740772434,370,56,1480,5753,7233
1103,dinov2,MQ,std_ctrl__tvn_efaar_e0.1_c304,0.23438425784344996,0.00966428620200485,0.0022651565490436005,370,57,1480,5977,7457
1104,dinov2,MQ,std_ctrl__tvn_efaar_e0.1_c304,0.2139354514586758,-0.011507928490410603,-0.00246195387695015,370,89,1480,5689,7169
1105,dinov2,MQ,std_ctrl__tvn_efaar_e0.1_c304,0.22364329058593432,0.0710384027814518,0.015887262156012872,370,65,1480,5721,7201
1106,dinov2,MQ,std_ctrl__tvn_efaar_e0.1_c304,0.2566647802234642,-0.01620760130712976,-0.004159920427443991,370,79,1480,5593,7073
1107,dinov2,MQ,std_ctrl__tvn_efaar_e0.1_c304,0.24035066896843704,-0.0071769632361383135,-0.0017249879149677223,370,77,1480,5497,6977
1108,dinov2,MQ,std_ctrl__tvn_efaar_e0.1_c304,0.24508125841364461,0.03398076316854116,0.008328048199202093,370,77,1480,5753,7233
1109,dinov2,MQ,std_ctrl__tvn_efaar_e0.1_c304,0.19830264819895438,0.03806794500926839,0.007548974306830091,370,67,1480,5689,7169
1110,dinov2,MQ,std_ctrl__tvn_efaar_e0.1_c304,0.20052614565671217,0.041991955325887155,0.008420484950088998,370,74,1480,5817,7297
1111,dinov2,MQ,std_ctrl__tvn_efaar_e0.1_c304,0.21329103407502573,0.022437472060108866,0.004785711617730118,370,76,1480,5785,7265
1112,dinov2,MQ,std_ctrl__tvn_efaar_e0.1_c304,0.2375176736148978,-0.019676092738579603,-0.004673419773098411,370,90,1480,5817,7297
1113,dinov2,MQ,std_ctrl__tvn_efaar_e0.1_c304,0.20029980612588352,0.009167540319993828,0.001836256548745984,370,64,1480,5689,7169
1114,dinov2,MQ,std_ctrl__tvn_efaar_e0.1_c304,0.22480486832611288,-0.028781641956920616,-0.0064702532303348645,370,70,1480,5657,7137
1115,dinov2,MQ,std_ctrl__tvn_efaar_e0.1_c304,0.2507892074053756,0.09739606976186446,0.024425883139976654,370,86,1480,5529,7009
1116,dinov2,MQ,std_ctrl__tvn_efaar_e0.1_c304,0.20228159978371585,0.01401385073511257,0.002834744145828773,370,89,1480,5657,7137
1117,dinov2,MQ,std_ctrl__tvn_efaar_e0.1_c304,0.24231910718329874,-0.023914261969305954,-0.005794882609349734,370,75,1480,5753,7233
1118,dinov2,MQ,std_ctrl__tvn_efaar_e0.1_c304,0.22130257944566215,0.024834667715898255,0.005495976025204194,370,82,1480,5657,7137
1119,dinov2,MQ,std_ctrl__tvn_efaar_e0.1_c304,0.21865783112327503,0.008828469242548539,0.0019304139367142062,370,60,1480,5785,7265
1120,dinov2,MQ,std_ctrl__tvn_efaar_e0.1_c304,0.2444267840550742,0.012013351845802192,0.0029363849573915196,370,65,1480,5657,7137
1121,dinov2,MQ,std_ctrl__tvn_efaar_e0.1_c304,0.23105227536915515,0.02134621351461363,0.004932091203067289,370,83,1480,5753,7233
1122,dinov2,MQ,std_ctrl__tvn_efaar_e0.1_c304,0.20582606266612327,-0.011357196964217164,-0.002337607134068467,370,66,1480,5625,7105
1123,dinov2,MQ,std_ctrl__tvn_efaar_e0.1_c304,0.22134621198567522,-0.0028503944485759134,-0.0006309240138572759,370,102,1480,5273,6753
1124,dinov2,MQ,std_ctrl__tvn_efaar_e0.1_c304,0.23442652427832544,0.12016435813365482,0.028169712819408627,370,81,1480,5913,7393
1125,dinov2,MQ,std_ctrl__tvn_efaar_e0.1_c304,0.22745181323092845,0.018543250330572268,0.004217695910883675,370,64,1480,5657,7137
1126,dinov2,MQ,std_ctrl__tvn_efaar_e0.1_c304,0.19891842645630203,0.05955207530472342,0.011846005111822787,370,104,1480,5817,7297
1127,dinov2,MQ,std_ctrl__tvn_efaar_e0.1_c304,0.204970734262441,0.03173779614097852,0.006505319378888034,370,93,1480,5593,7073
1128,dinov2,MQ,std_ctrl__tvn_efaar_e0.1_c304,0.22478111663841832,-0.01813589090947104,-0.00407660580986344,370,81,1480,5593,7073
1129,dinov2,MQ,std_ctrl__tvn_efaar_e0.1_c304,0.20297905808369684,0.03017148892750924,0.006124180403488514,370,64,1480,5721,7201
1130,dinov2,MQ,std_ctrl__tvn_efaar_e0.1_c304,0.2244684198673823,0.01491724074585421,0.003348449459003226,370,85,1480,5625,7105
1131,dinov2,MQ,std_ctrl__tvn_efaar_e0.1_c304,0.2123667992901619,0.008284518100534308,0.0017593565926718826,370,57,1480,5689,7169
1132,dinov2,MQ,std_ctrl__tvn_efaar_e0.1_c304,0.21934517379596413,-0.007087817754905794,-0.0015546786172839317,370,84,1480,5817,7297
1133,dinov2,MQ,std_ctrl__tvn_efaar_e0.1_c304,0.22806327922998731,0.0660758651153271,0.015069478476159824,370,54,1480,5881,7361
1134,dinov2,MQ,std_ctrl__tvn_efaar_e0.1_c304,0.2110159941795425,0.01969724475231715,0.00415643368400798,370,54,1480,5721,7201
1135,dinov2,MQ,std_ctrl__tvn_efaar_e0.1_c304,0.19806260581688828,0.10283209573107764,0.02036719284210895,370,59,1480,5657,7137
1136,dinov2,MQ,std_ctrl__tvn_efaar_e0.1_c304,0.19415978333086556,0.010179966845768789,0.001976540157089863,370,71,1480,5593,7073
1137,dinov2,MQ,std_ctrl__tvn_efaar_e0.1_c304,0.20389850222766184,0.024319677991622185,0.004958745917150795,370,91,1480,5689,7169
1138,dinov2,MQ,std_ctrl__tvn_efaar_e0.1_c304,0.19751404034104048,0.0441615366739847,0.008722523536147752,370,70,1480,5593,7073
1139,dinov2,MQ,std_ctrl__tvn_efaar_e0.1_c304,0.2227303047435252,-0.01978898698847646,-0.004407607102509017,370,74,1480,5785,7265
1140,dinov2,MQ,std_ctrl__tvn_efaar_e0.1_c304,0.20795951484122857,0.006546131415215612,0.0013613303131951636,370,54,1480,5785,7265
1141,dinov2,MQ,std_ctrl__tvn_efaar_e0.1_c304,0.16685212609466452,0.008522832116785974,0.0014220526590336298,370,85,1480,5817,7297
1142,dinov2,MQ,std_ctrl__tvn_efaar_e0.1_c304,0.2526772803460812,-0.017042732616559506,-0.004306311327217709,370,69,1480,5561,7041
1143,dinov2,MQ,std_ctrl__tvn_efaar_e0.1_c304,0.21286688217557395,-0.01660555004461952,-0.00353477166480862,370,60,1480,5689,7169
1144,dinov2,MQ,std_ctrl__tvn_efaar_e0.1_c304,0.22938018088559883,0.05250560743099165,0.012043745730029106,370,61,1480,5631,7111
1145,dinov2,MQ,std_ctrl__tvn_efaar_e0.1_c304,0.23056941475150952,-0.03309300663754095,-0.007630235172785637,370,91,1480,5785,7265
1146,dinov2,MQ,std_ctrl__tvn_efaar_e0.1_c304,0.224915793014194,-0.020098886038972,-0.0045205568921573,370,77,1480,5625,7105
1147,dinov2,MQ,std_ctrl__tvn_efaar_e0.1_c304,0.18687088734549628,0.0024480364585557483,0.00045746674526443893,370,46,1480,5849,7329
1148,dinov2,MQ,std_ctrl__tvn_efaar_e0.1_c304,0.1972699978165848,-0.01617250709929331,-0.0031903504401662934,370,75,1480,5529,7009
1149,dinov2,MQ,std_ctrl__tvn_efaar_e0.1_c304,0.2433907716125757,-0.025991826000042375,-0.006326170585770121,370,69,1480,5625,7105
1150,dinov2,MQ,std_ctrl__tvn_efaar_e0.1_c304,0.2279210866172309,0.002100903235736872,0.0004788401483668043,370,53,1480,5785,7265
1151,dinov2,MQ,std_ctrl__tvn_efaar_e0.1_c304,0.2271909109160737,0.03099758459922779,0.0070423694812966195,370,87,1480,5657,7137
1152,dinov2,MQ,std_ctrl__tvn_efaar_e0.1_c304,0.24428392896219273,0.011252130495516571,0.0027487146466400924,370,80,1480,5849,7329
1153,dinov2,MQ,std_ctrl__tvn_efaar_e0.1_c304,0.2257046313853466,0.09564294747212157,0.021587056203803266,370,75,1480,5497,6977
1154,dinov2,MQ,std_ctrl__tvn_efaar_e0.1_c304,0.21699229683189006,0.0011203407322711299,0.00024310530872983407,370,71,1480,5401,6881
1155,dinov2,MQ,std_ctrl__tvn_efaar_e0.1_c304,0.20640908620169,-0.03346829896894777,-0.006908161006905472,370,70,1480,5881,7361
1156,dinov2,MQ,std_ctrl__tvn_efaar_e0.1_c304,0.20913144098918643,0.03779643148287085,0.007904422180261834,370,93,1480,5753,7233
1157,dinov2,MQ,std_ctrl__tvn_efaar_e0.1_c304,0.24381670390051888,-0.02405075406546567,-0.005863975582563844,370,55,1480,5785,7265
1158,dinov2,MQ,std_ctrl__tvn_efaar_e0.1_c304,0.23131444712421317,-0.01779705252945011,-0.004116715366290331,370,67,1480,5657,7137
1159,dinov2,MQ,std_ctrl__tvn_efaar_e0.1_c304,0.20519893026990624,0.009947182326165484,0.002041151172528875,370,78,1480,5791,7271
1160,dinov2,MQ,std_ctrl__tvn_efaar_e0.1_c304,0.22078692914389866,-0.006155168824140848,-0.0013589808230443196,370,34,1480,5689,7169
1161,dinov2,MQ,std_ctrl__tvn_efaar_e0.1_c304,0.21196717693194578,0.0021682711879643084,0.00045960232253567084,370,65,1480,5817,7297
1162,dinov2,MQ,std_ctrl__tvn_efaar_e0.1_c304,0.2264646906285084,0.0401026718021714,0.009081839163055353,370,71,1480,5753,7233
1163,dinov2,MQ,std_ctrl__tvn_efaar_e0.1_c304,0.2553667282134057,0.04714002074050696,0.01203799286441535,370,68,1480,5593,7073
1164,dinov2,MQ,std_ctrl__tvn_efaar_e0.1_c304,0.21164571429394796,0.003682768457842082,0.0007794421608392086,370,83,1480,5753,7233
1165,dinov2,MQ,std_ctrl__tvn_efaar_e0.1_c304,0.20804565889563492,0.08393100516420977,0.01746148127116096,370,81,1480,5721,7201
1166,dinov2,MQ,std_ctrl__tvn_efaar_e0.1_c304,0.22662791034638266,0.04796665628849619,0.010870583080965066,370,87,1480,5625,7105
1167,dinov2,MQ,std_ctrl__tvn_efaar_e0.1_c304,0.23167213575729267,0.004713908113054329,0.0010920811603149258,370,64,1480,5721,7201
1168,dinov2,MQ,std_ctrl__tvn_efaar_e0.1_c304,0.22664457202076072,0.04281417433385249,0.009703600218318236,370,63,1480,5913,7393
1169,dinov2,MQ,std_ctrl__tvn_efaar_e0.1_c304,0.20534110820869125,0.0208270313241826,0.004276645692804781,370,62,1480,5529,7009
1170,dinov2,MQ,std_ctrl__tvn_efaar_e0.1_c304,0.24503137865792415,0.019718494247821978,0.004831649830602166,370,97,1480,5468,6948
1171,dinov2,MQ,std_ctrl__tvn_efaar_e0.1_c304,0.22329201142952898,0.031883702649956096,0.0071193760965297,370,102,1480,5817,7297
1172,dinov2,MQ,std_ctrl__tvn_efaar_e0.1_c304,0.2067698761280104,-0.000730228266831854,-0.0001509892082779942,370,81,1480,5881,7361
1173,dinov2,MQ,std_ctrl__tvn_efaar_e0.1_c304,0.23890727569547512,0.02758297453014358,0.006589773300574281,370,89,1480,5657,7137
1174,dinov2,MQ,std_ctrl__tvn_efaar_e0.1_c304,0.2311797940096737,0.05191066909224591,0.012000697787649745,370,87,1480,5913,7393
1175,dinov2,MQ,std_ctrl__tvn_efaar_e0.1_c304,0.22662363759550463,0.03027873626623589,0.006861877354449306,370,77,1480,5785,7265
1176,dinov2,MQ,std_ctrl__tvn_efaar_e0.1_c304,0.18092565099020438,0.016669750396498033,0.003015985442330624,370,78,1480,5497,6977
1177,dinov2,MQ,std_ctrl__tvn_efaar_e0.1_c304,0.24383260589061628,-0.020822215919633742,-0.0050771351681013705,370,62,1480,5753,7233
1178,dinov2,MQ,std_ctrl__tvn_efaar_e0.1_c304,0.22061248807207337,0.022737368329391862,0.005016147399358301,370,63,1480,5593,7073
1179,dinov2,MQ,std_ctrl__tvn_efaar_e0.1_c304,0.21550407302497238,-0.008082640955306154,-0.0017418420466669298,370,85,1480,5721,7201
1180,dinov2,MQ,std_ctrl__tvn_efaar_e0.1_c304,0.23432466246780861,-0.03173518336210997,-0.007436336129680434,370,87,1480,5721,7201
1181,dinov2,MQ,std_ctrl__tvn_efaar_e0.1_c304,0.20599645425877164,0.022008329736516657,0.004533637889880317,370,70,1480,5401,6881
1182,dinov2,MQ,std_ctrl__tvn_efaar_e0.1_c304,0.2565751940157496,0.051417287220329365,0.013192400444319527,370,76,1480,5753,7233
1183,dinov2,MQ,std_ctrl__tvn_efaar_e0.1_c304,0.19263733453413556,0.013930178676623687,0.002683472489849039,370,74,1480,5849,7329
1184,dinov2,MQ,std_ctrl__tvn_efaar_e0.1_c304,0.24514206150923576,0.08629959083467732,0.021155659604616347,370,79,1480,5753,7233
1185,dinov2,MQ,std_ctrl__tvn_efaar_e0.1_c304,0.23365783567225046,-0.011708513096443744,-0.0027357858290552447,370,59,1480,5881,7361
1186,dinov2,MQ,std_ctrl__tvn_efaar_e0.1_c304,0.19698060838331574,-0.023274186898835987,-0.004584563494959709,370,65,1480,5561,7041
1187,dinov2,MQ,std_ctrl__tvn_efaar_e0.1_c304,0.1704476554082413,0.09134399818346547,0.015569370325986343,370,75,1480,5785,7265
1188,dinov2,MQ,std_ctrl__tvn_efaar_e0.1_c304,0.2578813911457813,0.005370595110781926,0.0013849765384491744,370,62,1480,5849,7329
1189,dinov2,MQ,std_ctrl__tvn_efaar_e0.1_c304,0.23335314019832132,0.013446277880637,0.0031377311674258726,370,67,1480,5625,7105
1190,dinov2,MQ,std_ctrl__tvn_efaar_e0.1_c304,0.21891536741677317,0.03794833805620107,0.008307474368429173,370,63,1480,5657,7137
1191,dinov2,MQ,std_ctrl__tvn_efaar_e0.1_c304,0.20027498192892,-0.024830203071366113,-0.0049728684714092615,370,52,1480,5721,7201
1192,dinov2,MQ,std_ctrl__tvn_efaar_e0.1_c304,0.21246058568847312,0.01948688129982916,0.004140194214203458,370,72,1480,5401,6881
1193,dinov2,MQ,std_ctrl__tvn_efaar_e0.1_c304,0.2556852270287566,0.0020947638344888638,0.000535600166592914,370,67,1480,5689,7169
1194,dinov2,MQ,std_ctrl__tvn_efaar_e0.1_c304,0.20342677745544177,0.13015239183912822,0.02647648164995179,370,70,1480,5721,7201
1195,dinov2,MQ,std_ctrl__tvn_efaar_e0.1_c304,0.2520338293320128,0.025668431924565662,0.006469313190896371,370,43,1480,5593,7073
1196,dinov2,MQ,std_ctrl__tvn_efaar_e0.1_c304,0.20462618129082402,-0.033288941882688855,-0.006811789056666794,370,75,1480,5721,7201
1197,dinov2,MQ,std_ctrl__tvn_efaar_e0.1_c304,0.21402578592040455,0.019257978157965025,0.004121703910496449,370,51,1480,5657,7137
1198,dinov2,MQ,std_ctrl__tvn_efaar_e0.1_c304,0.2023472483715667,-0.029683255178689194,-0.006006325008118816,370,72,1480,5593,7073
1199,dinov2,MQ,std_ctrl__tvn_efaar_e0.1_c304,0.23471040044149874,0.01272163999955042,0.002985901218567067,370,89,1480,5689,7169
1200,dinov2,MQ,std_ctrl__tvn_efaar_e0.1_c304,0.2316812536404633,0.04003803438107836,0.009276061998708207,370,61,1480,5689,7169
1201,dinov2,MQ,std_ctrl__tvn_efaar_e0.1_c304,0.2440887555908887,0.05513809920501778,0.01345859002059976,370,61,1480,5625,7105
1202,dinov2,MQ,std_ctrl__tvn_efaar_e0.1_c304,0.23607066453241965,-0.0018557970696605425,-0.00043809924747208136,370,96,1480,5817,7297
1203,dinov2,MQ,std_ctrl__tvn_efaar_e0.1_c304,0.20845982363006252,0.022494756016076763,0.00468925287171265,370,41,1480,5625,7105
1204,dinov2,MQ,std_ctrl__tvn_efaar_e0.1_c304,0.2332241026132394,-0.025318455097402343,-0.005904873969645258,370,73,1480,5657,7137
1205,dinov2,MQ,std_ctrl__tvn_efaar_e0.1_c304,0.26145785416455497,0.05121137493528261,0.013389616199395467,370,84,1480,5849,7329
1206,dinov2,MQ,std_ctrl__tvn_efaar_e0.1_c304,0.26243391154512485,0.0400157090831777,0.010501479057950106,370,46,1480,5625,7105
1207,dinov2,MQ,std_ctrl__tvn_efaar_e0.1_c304,0.2255766382632859,0.037448304161839495,0.008447462561488771,370,67,1480,5465,6945
1208,dinov2,MQ,std_ctrl__tvn_efaar_e0.1_c304,0.2122848685173811,0.002639374347664983,0.0005602992363622094,370,86,1480,5625,7105
1209,dinov2,MQ,std_ctrl__tvn_efaar_e0.1_c304,0.23576547264276135,-0.005694037405221058,-0.0013424574200875052,370,60,1480,5753,7233
1210,dinov2,MQ,std_ctrl__tvn_efaar_e0.1_c304,0.22325490932587838,-0.034715918528518484,-0.007750499243248976,370,67,1480,5753,7233
1211,dinov2,MQ,std_ctrl__tvn_efaar_e0.1_c304,0.2011299595350505,0.015453212596613142,0.003108104024243334,370,61,1480,5625,7105
1212,dinov2,MQ,std_ctrl__tvn_efaar_e0.1_c304,0.22836257756442535,0.03515997206489078,0.008029221847831648,370,63,1480,5791,7271
1213,dinov2,MQ,std_ctrl__tvn_efaar_e0.1_c304,0.2296062924834915,-4.39686209605315e-06,-1.009547204435957e-06,370,63,1480,5721,7201
1214,dinov2,MQ,std_ctrl__tvn_efaar_e0.1_c304,0.20188932315105185,0.11980457193005778,0.02418726393736087,370,64,1480,5817,7297
1215,dinov2,MQ,std_ctrl__tvn_efaar_e0.1_c304,0.22238779261306346,0.07057245446089573,0.015694452366844545,370,88,1480,5616,7096
1216,dinov2,MQ,std_ctrl__tvn_efaar_e0.1_c304,0.20093959174131715,0.00990786984048466,0.0019908833207730966,370,98,1480,5657,7137
1217,dinov2,MQ,std_ctrl__tvn_efaar_e0.1_c304,0.22406140198038832,0.010766089784495026,0.002412265170960692,370,88,1480,5721,7201
1218,dinov2,MQ,std_ctrl__tvn_efaar_e0.1_c304,0.22608828662476224,0.007908897263783039,0.0017881090314599774,370,61,1480,5753,7233
1219,dinov2,MQ,std_ctrl__tvn_efaar_e0.1_c304,0.25143423613735294,-0.008673269294988083,-0.0021807568399988863,370,68,1480,5849,7329
1220,dinov2,MQ,std_ctrl__tvn_efaar_e0.1_c304,0.20630359130150439,-0.02118411232389075,-0.004370358450953119,370,62,1480,5817,7297
1221,dinov2,MQ,std_ctrl__tvn_efaar_e0.1_c304,0.24050650320690883,-0.0009805841978855149,-0.0002358368765333967,370,63,1480,5849,7329
1222,dinov2,MQ,std_ctrl__tvn_efaar_e0.1_c304,0.1967870531259376,0.01783813201368257,0.00351031343224404,370,69,1480,5785,7265
1223,dinov2,MQ,std_ctrl__tvn_efaar_e0.1_c304,0.22234798541769313,0.0014129713053027551,0.0003141713231870758,370,77,1480,5561,7041
1224,dinov2,MQ,std_ctrl__tvn_efaar_e0.1_c304,0.21865767102831285,0.030896441118174606,0.006755743857963461,370,70,1480,5305,6785
1225,dinov2,MQ,std_ctrl__tvn_efaar_e0.1_c304,0.23068581310751546,0.059264150110162006,0.013671398656288573,370,111,1480,5817,7297
1226,dinov2,MQ,std_ctrl__tvn_efaar_e0.1_c304,0.19057363290649512,0.07224952052654636,0.01376885360249633,370,43,1480,5593,7073
1227,dinov2,MQ,std_ctrl__tvn_efaar_e0.1_c304,0.17976847365062906,0.02051211479939604,0.0036874315688339055,370,65,1480,5661,7141
1228,dinov2,MQ,std_ctrl__tvn_efaar_e0.1_c304,0.22898633984980143,0.013638657842971042,0.0031230663399257268,370,55,1480,5689,7169
1229,dinov2,MQ,std_ctrl__tvn_efaar_e0.1_c304,0.2723265271115816,0.023489287885400254,0.006396756194155198,370,61,1480,5631,7111
1230,dinov2,MQ,std_ctrl__tvn_efaar_e0.1_c304,0.24240909697769275,-0.007107078771556796,-0.001722820547162413,370,98,1480,5817,7297
1231,dinov2,MQ,std_ctrl__tvn_efaar_e0.1_c304,0.19370362739622551,-0.027299247694778924,-0.005287963303666725,370,61,1480,5561,7041
1232,dinov2,MQ,std_ctrl__tvn_efaar_e0.1_c304,0.22423636294947832,0.13089295615254543,0.029350960423352328,370,59,1480,5689,7169
1233,dinov2,MQ,std_ctrl__tvn_efaar_e0.1_c304,0.2576483888530018,0.011027233028207167,0.0028411488232241845,370,40,1480,5593,7073
1234,dinov2,MQ,std_ctrl__tvn_efaar_e0.1_c304,0.20052887081886117,0.05133063940007101,0.010293275157306384,370,71,1480,5433,6913
1235,dinov2,MQ,std_ctrl__tvn_efaar_e0.1_c304,0.1895045694947979,0.012693987633210429,0.002405568661603831,370,73,1480,5753,7233
1236,dinov2,MQ,std_ctrl__tvn_efaar_e0.1_c304,0.2242789295627817,-0.01981079655930542,-0.004443144246107058,370,56,1480,5561,7041
1237,dinov2,MQ,std_ctrl__tvn_efaar_e0.1_c304,0.19186966180560733,0.020226934771661695,0.0038809351340028087,370,72,1480,5625,7105
1238,dinov2,MQ,std_ctrl__tvn_efaar_e0.1_c304,0.19932567150764235,-0.01624615144980565,-0.003238275047147369,370,75,1480,5721,7201
1239,dinov2,MQ,std_ctrl__tvn_efaar_e0.1_c304,0.19775084239639518,0.047035103174978984,0.009301231275053456,370,93,1480,5753,7233
1240,dinov2,MQ,std_ctrl__tvn_efaar_e0.1_c304,0.22147087489407746,-0.0100417436117827,-0.002223953743163528,370,104,1480,5785,7265
1241,dinov2,MQ,std_ctrl__tvn_efaar_e0.1_c304,0.18635950421925218,0.005250931307216537,0.0009785609551022237,370,50,1480,5401,6881
1242,dinov2,MQ,std_ctrl__tvn_efaar_e0.1_c304,0.21601520228831878,0.07020264036070606,0.015164837558692012,370,69,1480,5657,7137
1243,dinov2,MQ,std_ctrl__tvn_efaar_e0.1_c304,0.2397708320670162,0.0468873245763089,0.011242212827057842,370,66,1480,5785,7265
1244,dinov2,MQ,std_ctrl__tvn_efaar_e0.1_c304,0.22186507993974067,-0.01662494571800636,-0.0036884949107193307,370,68,1480,5721,7201
1245,dinov2,MQ,std_ctrl__tvn_efaar_e0.1_c304,0.232722155542249,-0.024529965576858888,-0.005708666464423768,370,75,1480,5593,7073
1246,dinov2,MQ,std_ctrl__tvn_efaar_e0.1_c304,0.2438536402008751,0.019423122337864765,0.0047363990861552544,370,61,1480,5561,7041
1247,dinov2,MQ,std_ctrl__tvn_efaar_e0.1_c304,0.20834939933523697,0.03287333597859369,0.006849139805285429,370,48,1480,5785,7265
1248,dinov2,MQ,std_ctrl__tvn_efaar_e0.1_c304,0.2312419295439315,0.014210452169230964,0.003286052379304715,370,71,1480,5785,7265
1249,dinov2,MQ,std_ctrl__tvn_efaar_e0.1_c304,0.21429825059819335,-0.01766679049594383,-0.0037859622969655515,370,61,1480,5657,7137
1250,dinov2,MQ,std_ctrl__tvn_efaar_e0.1_c304,0.2370227573657971,-0.005889349812729414,-0.0013959099317048663,370,67,1480,5561,7041
1251,dinov2,MQ,std_ctrl__tvn_efaar_e0.1_c304,0.2242514296312031,0.006735065584501976,0.0015103480859844825,370,56,1480,5561,7041
1252,dinov2,MQ,std_ctrl__tvn_efaar_e0.1_c304,0.2035765658314779,-0.02215726735809199,-0.00451070039697027,370,62,1480,5753,7233
1253,dinov2,MQ,std_ctrl__tvn_efaar_e0.1_c304,0.18622855250198492,0.06525617736614023,0.012152563452709085,370,81,1480,5849,7329
1254,dinov2,MQ,std_ctrl__tvn_efaar_e0.1_c304,0.2303121897454393,-0.0329790014606266,-0.0075954660420149535,370,77,1480,5689,7169
1255,dinov2,MQ,std_ctrl__tvn_efaar_e0.1_c304,0.21068027348196736,-0.01840401208451632,-0.00387736229913133,370,101,1480,5657,7137
1256,dinov2,MQ,std_ctrl__tvn_efaar_e0.1_c304,0.1931757634614318,-0.004389409730180733,-0.0008479275757727005,370,100,1480,5625,7105
1257,dinov2,MQ,std_ctrl__tvn_efaar_e0.1_c304,0.22823540918885749,0.055982403684936594,0.012777166812407306,370,78,1480,5625,7105
1258,dinov2,MQ,std_ctrl__tvn_efaar_e0.1_c304,0.2149242421705501,0.02405397858033094,0.0051697831175642715,370,70,1480,5849,7329
1259,dinov2,MQ,std_ctrl__tvn_efaar_e0.1_c304,0.23964327434546104,-0.004986401756705929,-0.001194957644178968,370,66,1480,5657,7137
1260,dinov2,MQ,std_ctrl__tvn_efaar_e0.1_c304,0.18872968194330714,0.018665454654047633,0.003522725320185632,370,63,1480,5785,7265
1261,dinov2,MQ,std_ctrl__tvn_efaar_e0.1_c304,0.1808979245880061,0.09780412877351587,0.017692563911267112,370,64,1480,5369,6849
1262,dinov2,MQ,std_ctrl__tvn_efaar_e0.1_c304,0.22118812593931547,0.02166737487266838,0.004792566042110134,370,79,1480,5689,7169
1263,dinov2,MQ,std_ctrl__tvn_efaar_e0.1_c304,0.21409642397166723,0.03269155945681544,0.006999145973761326,370,83,1480,5817,7297
1264,dinov2,MQ,std_ctrl__tvn_efaar_e0.1_c304,0.239513824679709,-0.01586218815716149,-0.003799213353310934,370,71,1480,5753,7233
1265,dinov2,MQ,std_ctrl__tvn_efaar_e0.1_c304,0.2169893976723228,0.018390439336235385,0.003990530354499108,370,56,1480,5849,7329
1266,dinov2,MQ,std_ctrl__tvn_efaar_e0.1_c304,0.1870471790427268,-0.05841904024668879,-0.010927116680526662,370,80,1480,5628,7108
1267,dinov2,MQ,std_ctrl__tvn_efaar_e0.1_c304,0.2522861984433626,0.008182281207719551,0.0020642766204901314,370,52,1480,5599,7079
1268,dinov2,MQ,std_ctrl__tvn_efaar_e0.1_c304,0.1811075419246348,0.056417180476020165,0.01021757687833051,370,79,1480,5753,7233
1269,dinov2,MQ,std_ctrl__tvn_efaar_e0.1_c304,0.214781443233596,0.011618492378675745,0.002495436561290512,370,84,1480,5561,7041
1270,dinov2,MQ,std_ctrl__tvn_efaar_e0.1_c304,0.22449813505667351,0.02920772010348263,0.006557078692489162,370,68,1480,5631,7111
1271,dinov2,MQ,std_ctrl__tvn_efaar_e0.1_c304,0.24834194293330564,0.03134446665912978,0.007784145750336509,370,60,1480,5689,7169
1272,dinov2,MQ,std_ctrl__tvn_efaar_e0.1_c304,0.23677055971618247,0.033132289415910635,0.007844750709683709,370,59,1480,5657,7137
1273,dinov2,MQ,std_ctrl__tvn_efaar_e0.1_c304,0.22215311886047884,-0.00970598411360813,-0.0021562146424483064,370,61,1480,5753,7233
1274,dinov2,MQ,std_ctrl__tvn_efaar_e0.1_c304,0.21103720704524717,0.018055291673624803,0.0038103383271890848,370,85,1480,5785,7265
1275,dinov2,MQ,std_ctrl__tvn_efaar_e0.1_c304,0.2615801496318121,-0.02130802934605295,-0.005573757504699573,370,57,1480,5785,7265
1276,dinov2,MQ,std_ctrl__tvn_efaar_e0.1_c304,0.24359169831177044,-0.0014449170224045277,-0.00035196979140710537,370,72,1480,5689,7169
1277,dinov2,MQ,std_ctrl__tvn_efaar_e0.1_c304,0.21858151524187033,0.03259172229792246,0.007123948044222144,370,62,1480,5721,7201
1278,dinov2,MQ,std_ctrl__tvn_efaar_e0.1_c304,0.187850243165267,0.04086276048089608,0.007676079492740391,370,70,1480,5465,6945
1279,dinov2,MQ,std_ctrl__tvn_efaar_e0.1_c304,0.21354897790278096,0.01284558781174373,0.0027431621477582943,370,57,1480,5593,7073
1280,dinov2,MQ,std_ctrl__tvn_efaar_e0.1_c304,0.21169748093593768,-0.0025465112175322123,-0.000539090009926677,370,54,1480,5881,7361
1281,dinov2,MQ,std_ctrl__tvn_efaar_e0.1_c304,0.22745542129338825,0.007835620556530585,0.0017822543747807976,370,88,1480,5881,7361
1282,dinov2,MQ,std_ctrl__tvn_efaar_e0.1_c304,0.23864516401173283,0.020000761071458716,0.004773084906257746,370,59,1480,5593,7073
1283,dinov2,MQ,std_ctrl__tvn_efaar_e0.1_c304,0.21275311901952942,0.025143861003024532,0.005349434852586983,370,78,1480,5657,7137
1284,dinov2,MQ,std_ctrl__tvn_efaar_e0.1_c304,0.18352434091608288,0.11003762460867512,0.020194582532278446,370,75,1480,5669,7149
1285,dinov2,MQ,std_ctrl__tvn_efaar_e0.1_c304,0.21147493518259422,0.0302911450695238,0.006405817940184104,370,75,1480,5657,7137
1286,dinov2,MQ,std_ctrl__tvn_efaar_e0.1_c304,0.20658993893578456,-0.019056312036052275,-0.003936842339869296,370,83,1480,5625,7105
1287,dinov2,MQ,std_ctrl__tvn_efaar_e0.1_c304,0.22714786750575014,0.005546436607307092,0.0012598612476056336,370,94,1480,5502,6982
1288,dinov2,MQ,std_ctrl__tvn_efaar_e0.1_c304,0.20083566221330806,0.10417900515492529,0.020922859489013054,370,56,1480,5561,7041
1289,dinov2,MQ,std_ctrl__tvn_efaar_e0.1_c304,0.21662666832437652,0.0747233195950718,0.016187063770018002,370,57,1480,5913,7393
1290,dinov2,MQ,std_ctrl__tvn_efaar_e0.1_c304,0.21414668157380165,0.05736138945772722,0.012283751202834734,370,49,1480,5433,6913
1291,dinov2,MQ,std_ctrl__tvn_efaar_e0.1_c304,0.2245522526337117,0.05160129912062153,0.01158718795636153,370,62,1480,5561,7041
1292,dinov2,MQ,std_ctrl__tvn_efaar_e0.1_c304,0.20130887483182544,0.009071773831829054,0.0018262285828143045,370,94,1480,5593,7073
1293,dinov2,MQ,std_ctrl__tvn_efaar_e0.1_c304,0.2021810653344021,0.027576909421501296,0.005575528925469443,370,61,1480,5561,7041
1294,dinov2,MQ,std_ctrl__tvn_efaar_e0.1_c304,0.2187776165635955,-0.029531741658520173,-0.0064608840530228865,370,49,1480,5881,7361
1295,dinov2,MQ,std_ctrl__tvn_efaar_e0.1_c304,0.21407105507091326,-0.004578148856787383,-0.0009800491560441704,370,68,1480,5785,7265
1296,dinov2,MQ,std_ctrl__tvn_efaar_e0.1_c304,0.20915441656101047,0.0008352667565552751,0.00017469973114012615,370,89,1480,5721,7201
1297,dinov2,MQ,std_ctrl__tvn_efaar_e0.1_c304,0.2157800989817488,-0.0363320789695047,-0.007839739596252438,370,89,1480,5593,7073
1298,dinov2,MQ,std_ctrl__tvn_efaar_e0.1_c304,0.26914032448363,0.05830926944954161,0.015693375700053042,370,72,1480,5849,7329
1299,dinov2,MQ,std_ctrl__tvn_efaar_e0.1_c304,0.20700318625691727,-0.017867987994727323,-0.0036987304469089017,370,52,1480,5753,7233
1300,dinov2,MQ,std_ctrl__tvn_efaar_e0.1_c304,0.23622926062583707,0.0026515323331491474,0.0006263695225853239,370,70,1480,5753,7233
1301,dinov2,MQ,std_ctrl__tvn_efaar_e0.1_c304,0.2306468772495258,0.01605530276482378,0.003703105446002283,370,59,1480,5689,7169
1302,dinov2,MQ,std_ctrl__tvn_efaar_e0.1_c304,0.23312016354296322,0.007942543550641171,0.0018515670514725776,370,89,1480,5785,7265
1303,dinov2,MQ,std_ctrl__tvn_efaar_e0.1_c304,0.21875028694233173,-0.004114903011213859,-0.0009001362144428965,370,54,1480,5689,7169
1304,dinov2,MQ,std_ctrl__tvn_efaar_e0.1_c304,0.22254644260186193,0.009981986174193214,0.0022214555131676696,370,78,1480,5465,6945
1305,dinov2,MQ,std_ctrl__tvn_efaar_e0.1_c304,0.22251939308333155,-0.01759864960658577,-0.003916040829543677,370,92,1480,5785,7265
1306,dinov2,MQ,std_ctrl__tvn_efaar_e0.1_c304,0.22509717280001268,0.02178691390528662,0.004904172724117302,370,75,1480,5817,7297
1307,dinov2,MQ,std_ctrl__tvn_efaar_e0.1_c304,0.20526055788921818,-0.007149958569637303,-0.0014676044848885492,370,91,1480,5593,7073
1308,dinov2,MQ,std_ctrl__tvn_efaar_e0.1_c304,0.22477341129063813,-0.03197414048937466,-0.007186936630882855,370,57,1480,5817,7297
1309,dinov2,MQ,std_ctrl__tvn_efaar_e0.1_c304,0.171163493170999,0.03897830131961468,0.006671662211737008,370,97,1480,5721,7201
1310,dinov2,MQ,std_ctrl__tvn_efaar_e0.1_c304,0.1988164177017243,0.02278431522877216,0.004529895933571324,370,63,1480,5945,7425
1311,dinov2,MQ,std_ctrl__tvn_efaar_e0.1_c304,0.22110523390033948,0.05435224499824539,0.012017565843345604,370,68,1480,5561,7041
1312,dinov2,MQ,std_ctrl__tvn_efaar_e0.1_c304,0.20260227170955766,0.029420358703516784,0.005960631507842557,370,67,1480,6009,7489
1313,dinov2,MQ,std_ctrl__tvn_efaar_e0.1_c304,0.19596994178486624,0.0005591617898234581,0.0001095789034000247,370,81,1480,5497,6977
1314,dinov2,MQ,std_ctrl__tvn_efaar_e0.1_c304,0.22729356663886832,-0.000654707097498573,-0.00014881071129423196,370,51,1480,5785,7265
1315,dinov2,MQ,std_ctrl__tvn_efaar_e0.1_c304,0.21741170438774904,0.036900346239109746,0.008022567168342916,370,56,1480,5369,6849
1316,dinov2,MQ,std_ctrl__tvn_efaar_e0.1_c304,0.21881740528612822,0.05796120616482463,0.012682920740241264,370,71,1480,5849,7329
1317,dinov2,MQ,std_ctrl__tvn_efaar_e0.1_c304,0.21186291496097293,0.015270811875342311,0.0032353187177306636,370,78,1480,5689,7169
1318,dinov2,MQ,std_ctrl__tvn_efaar_e0.1_c304,0.24411051002711573,0.0705403886048119,0.017219650239831578,370,55,1480,5913,7393
1319,dinov2,MQ,std_ctrl__tvn_efaar_e0.1_c304,0.22489289454848208,0.022021751068902334,0.004952535340911575,370,71,1480,5689,7169
1320,dinov2,MQ,std_ctrl__tvn_efaar_e0.1_c304,0.23357708401648775,-0.016184589612679812,-0.0037803492477332876,370,62,1480,5689,7169
1321,dinov2,MQ,std_ctrl__tvn_efaar_e0.1_c304,0.2270598745283027,-0.004836670321506586,-0.0010982137563360509,370,75,1480,5721,7201
1322,dinov2,MQ,std_ctrl__tvn_efaar_e0.1_c304,0.20905137100681442,0.024569357858511772,0.005136257945078936,370,65,1480,5689,7169
1323,dinov2,MQ,std_ctrl__tvn_efaar_e0.1_c304,0.22411720367682061,0.016195316916690822,0.0036296491400286553,370,85,1480,5657,7137
1324,dinov2,MQ,std_ctrl__tvn_efaar_e0.1_c304,0.23291457750318353,0.018458229396786704,0.004299190701409417,370,85,1480,5593,7073
1325,dinov2,MQ,std_ctrl__tvn_efaar_e0.1_c304,0.23728004782263906,0.060767583517364825,0.014418935123066539,370,60,1480,5465,6945
1326,dinov2,MQ,std_ctrl__tvn_efaar_e0.1_c304,0.21430159937044033,-0.017719441052895583,-0.0037973045575857623,370,93,1480,5593,7073
1327,dinov2,MQ,std_ctrl__tvn_efaar_e0.1_c304,0.20232770796397154,0.03566659898692359,0.00721634122389436,370,72,1480,5881,7361
1328,dinov2,MQ,std_ctrl__tvn_efaar_e0.1_c304,0.2252571917869528,-0.00352310522704555,-0.0007936047898142153,370,64,1480,5817,7297
1329,dinov2,MQ,std_ctrl__tvn_efaar_e0.1_c304,0.22494042413363188,0.03447712357947952,0.007755298800875763,370,63,1480,5823,7303
1330,dinov2,MQ,std_ctrl__tvn_efaar_e0.1_c304,0.21208941513510984,0.028241817674074462,0.005989790592846861,370,114,1480,5849,7329
1331,dinov2,MQ,std_ctrl__tvn_efaar_e0.1_c304,0.2332770363384705,0.009968093959434654,0.002325327416800326,370,78,1480,5721,7201
1332,dinov2,MQ,std_ctrl__tvn_efaar_e0.1_c304,0.20144735620599197,-0.02204164272154045,-0.004440230652691369,370,74,1480,5977,7457
1333,dinov2,MQ,std_ctrl__tvn_efaar_e0.1_c304,0.26324590842683515,-0.008170429761524847,-0.0021508322048102583,370,78,1480,5561,7041
1334,dinov2,MQ,std_ctrl__tvn_efaar_e0.1_c304,0.18100108981069332,-0.00518045278726672,-0.0009376676002081202,370,93,1480,5791,7271
1335,dinov2,MQ,std_ctrl__tvn_efaar_e0.1_c304,0.2392835579665195,0.04097060371112277,0.009803591828033746,370,62,1480,5657,7137
1336,dinov2,MQ,std_ctrl__tvn_efaar_e0.1_c304,0.2116586122428836,-0.015509262102359605,-0.0032826688934965813,370,69,1480,5849,7329
1337,dinov2,MQ,std_ctrl__tvn_efaar_e0.1_c304,0.19279856642739288,0.024869441442450423,0.004794792657954435,370,64,1480,5657,7137
1338,dinov2,MQ,std_ctrl__tvn_efaar_e0.1_c304,0.20947878611090778,0.027462902527216202,0.005752895484483432,370,54,1480,5721,7201
1339,dinov2,MQ,std_ctrl__tvn_efaar_e0.1_c304,0.20151081278149993,-0.02122347360050618,-0.0042767594152847066,370,71,1480,5785,7265
1340,dinov2,MQ,std_ctrl__tvn_efaar_e0.1_c304,0.21952598433778206,-0.023441146371424318,-0.0051459407311929516,370,87,1480,5689,7169
1341,dinov2,MQ,std_ctrl__tvn_efaar_e0.1_c304,0.2330134658218838,0.017570299954240764,0.004094116487867726,370,63,1480,5529,7009
1342,dinov2,MQ,std_ctrl__tvn_efaar_e0.1_c304,0.2033231151005983,0.031133949617978614,0.006330251621712494,370,71,1480,5849,7329
1343,dinov2,MQ,std_ctrl__tvn_efaar_e0.1_c304,0.2028694056864647,0.047338563828086495,0.009603546309854683,370,103,1480,5561,7041
1344,dinov2,MQ,std_ctrl__tvn_efaar_e0.1_c304,0.22231589296096535,0.0365249889198077,0.008120085527096413,370,53,1480,5785,7265
1345,dinov2,MQ,std_ctrl__tvn_efaar_e0.1_c304,0.2133034353452482,-0.006314306081584684,-0.0013468631790234061,370,50,1480,5721,7201
1346,dinov2,MQ,std_ctrl__tvn_efaar_e0.1_c304,0.2645594039782749,-0.01123780250244643,-0.002973066332072793,370,86,1480,5529,7009
1347,dinov2,MQ,std_ctrl__tvn_efaar_e0.1_c304,0.22972470739437775,-0.03469232234543642,-0.007969683599636814,370,65,1480,5529,7009
1348,dinov2,MQ,std_ctrl__tvn_efaar_e0.1_c304,0.24046267948716074,0.014973403354282992,0.0036005446916129286,370,72,1480,5657,7137
1349,dinov2,MQ,std_ctrl__tvn_efaar_e0.1_c304,0.23027578751690944,0.08381718218049905,0.01930106763406269,370,83,1480,5913,7393
1350,dinov2,MQ,std_ctrl__tvn_efaar_e0.1_c304,0.22954825213162044,-0.018499148009253313,-0.004246447091448244,370,53,1480,5593,7073
1351,dinov2,MQ,std_ctrl__tvn_efaar_e0.1_c304,0.16922800836071422,0.06635468767866093,0.011229071641257013,370,66,1480,5689,7169
1352,dinov2,MQ,std_ctrl__tvn_efaar_e0.1_c304,0.19730463563510786,0.01721210357006905,0.0033960278234062133,370,61,1480,5529,7009
1353,dinov2,MQ,std_ctrl__tvn_efaar_e0.1_c304,0.2093342418214986,-0.004342739200123225,-0.0009090840178862966,370,95,1480,5689,7169
1354,dinov2,MQ,std_ctrl__tvn_efaar_e0.1_c304,0.18949505629114574,0.03276330379781722,0.006208484097451283,370,58,1480,5785,7265
1355,dinov2,MQ,std_ctrl__tvn_efaar_e0.1_c304,0.2334331717674505,0.09267691259035966,0.021633865655582424,370,92,1480,5849,7329
1356,dinov2,MQ,std_ctrl__tvn_efaar_e0.1_c304,0.2387559979735637,0.057421782319002426,0.01370979494299416,370,82,1480,5625,7105
1357,dinov2,MQ,std_ctrl__tvn_efaar_e0.1_c304,0.2270894029297029,0.03624860129762175,0.008231673225713778,370,88,1480,5721,7201
1358,dinov2,MQ,std_ctrl__tvn_efaar_e0.1_c304,0.2178401237004227,-0.0006257260784719703,-0.0001363082463369144,370,119,1480,5593,7073
1359,dinov2,MQ,std_ctrl__tvn_efaar_e0.1_c304,0.20851722890466934,0.09862461177969234,0.020564930750100255,370,92,1480,5433,6913
1360,dinov2,MQ,std_ctrl__tvn_efaar_e0.1_c304,0.20852505359748935,0.005403415270209746,0.0011267474588299796,370,74,1480,5593,7073
1361,dinov2,MQ,std_ctrl__tvn_efaar_e0.1_c304,0.24193144990987384,-0.01374813247110651,-0.0033261056222878144,370,62,1480,5593,7073
1362,dinov2,MQ,std_ctrl__tvn_efaar_e0.1_c304,0.23370329177704696,0.03813050193971015,0.008911223820421336,370,71,1480,5689,7169
1363,dinov2,MQ,std_ctrl__tvn_efaar_e0.1_c304,0.21405135157140256,0.07358917717327927,0.015751862834967833,370,77,1480,5593,7073
1364,dinov2,MQ,std_ctrl__tvn_efaar_e0.1_c304,0.22773776301496498,-0.010708520513151956,-0.0024387345068650913,370,61,1480,5721,7201
1365,dinov2,MQ,std_ctrl__tvn_efaar_e0.1_c304,0.20262586468420807,-0.037639073586121376,-0.00762664983130038,370,76,1480,5502,6982
1366,dinov2,MQ,std_ctrl__tvn_efaar_e0.1_c304,0.19568573620165033,-0.0033193045247233363,-0.0006495405495979551,370,67,1480,5913,7393
1367,dinov2,MQ,std_ctrl__tvn_efaar_e0.1_c304,0.22109003391436158,0.055437246216756095,0.012256622646181417,370,81,1480,5529,7009
1368,dinov2,MQ,std_ctrl__tvn_efaar_e0.1_c304,0.22833538309377072,0.006982544039489267,0.001594361868225907,370,77,1480,5598,7078
1369,dinov2,MQ,std_ctrl__tvn_efaar_e0.1_c304,0.2273481981555365,0.037250775526154634,0.008468896695767614,370,61,1480,5561,7041
1370,dinov2,MQ,std_ctrl__tvn_efaar_e0.1_c304,0.2138967297120259,0.03575704694122974,0.00764831540488844,370,100,1480,5753,7233
1371,dinov2,MQ,std_ctrl__tvn_efaar_e0.1_c304,0.20479345682623334,0.02352807221619742,0.004818395241612327,370,62,1480,5721,7201
1372,dinov2,MQ,std_ctrl__tvn_efaar_e0.1_c304,0.2361523221469389,0.005001067356827989,0.0011810136695281834,370,61,1480,5561,7041
1373,dinov2,MQ,std_ctrl__tvn_efaar_e0.1_c304,0.19841570945180606,0.10604809559996818,0.02104160812448064,370,43,1480,5753,7233
1374,dinov2,MQ,std_ctrl__tvn_efaar_e0.1_c304,0.20787287026586565,0.04892516418909441,0.010170214308215797,370,57,1480,5817,7297
1375,dinov2,MQ,std_ctrl__tvn_efaar_e0.1_c304,0.23382201518536921,0.013835755390416146,0.003235104206998938,370,66,1480,5849,7329
1376,dinov2,MQ,std_ctrl__tvn_efaar_e0.1_c304,0.22883945240390138,-0.02065898596629441,-0.004727591035746696,370,84,1480,5849,7329
1377,dinov2,MQ,std_ctrl__tvn_efaar_e0.1_c304,0.24582377537609307,-0.01199494868642232,-0.002948643571538843,370,63,1480,5689,7169
1378,dinov2,MQ,std_ctrl__tvn_efaar_e0.1_c304,0.18960585651248266,-0.01572078979835398,-0.0029807538147696056,370,61,1480,5689,7169
1379,dinov2,MQ,std_ctrl__tvn_efaar_e0.1_c304,0.20847862117392965,-0.0313464910700833,-0.0065350732369318645,370,75,1480,5401,6881
1380,dinov2,MQ,std_ctrl__tvn_efaar_e0.1_c304,0.2509862763491881,0.03441071330463908,0.008636616798850827,370,76,1480,5849,7329
1381,dinov2,MQ,std_ctrl__tvn_efaar_e0.1_c304,0.22424639204039473,0.03542466225883989,0.007943852700794386,370,76,1480,5785,7265
1382,dinov2,MQ,std_ctrl__tvn_efaar_e0.1_c304,0.2205516253506387,0.05377481694142392,0.011860123279364108,370,79,1480,5817,7297
1383,dinov2,MQ,std_ctrl__tvn_efaar_e0.1_c304,0.18898141368760488,-0.022821761798325704,-0.004312888807489367,370,89,1480,5817,7297
1384,dinov2,MQ,std_ctrl__tvn_efaar_e0.1_c304,0.21136681586386177,0.05204195771992266,0.010999942894581774,370,75,1480,5689,7169
1385,dinov2,MQ,std_ctrl__tvn_efaar_e0.1_c304,0.21672764775984513,0.05666333867834138,0.012280512105976377,370,60,1480,5721,7201
1386,dinov2,MQ,std_ctrl__tvn_efaar_e0.1_c304,0.22827796713108023,0.055813755897804136,0.012741050734301068,370,70,1480,5785,7265
1387,dinov2,MQ,std_ctrl__tvn_efaar_e0.1_c304,0.23510810092985798,0.022091320032845904,0.0051938482999561286,370,79,1480,5657,7137
1388,dinov2,MQ,std_ctrl__tvn_efaar_e0.1_c304,0.21426972713433273,0.00803643368454805,0.0017219644527212707,370,68,1480,5785,7265
1389,dinov2,MQ,std_ctrl__tvn_efaar_e0.1_c304,0.21865853534746826,0.03725930458195349,0.008147064967955165,370,62,1480,5625,7105
1390,dinov2,MQ,std_ctrl__tvn_efaar_e0.1_c304,0.1912432795322496,-0.0304197132735057,-0.005817565728855934,370,82,1480,5689,7169
1391,dinov2,MQ,std_ctrl__tvn_efaar_e0.1_c304,0.2625048493999162,-0.021732111244701004,-0.005704784589432462,370,82,1480,5753,7233
1392,dinov2,MQ,std_ctrl__tvn_efaar_e0.1_c304,0.22602404898274647,0.015002511960284376,0.0033909284981755556,370,65,1480,5561,7041
1393,dinov2,MQ,std_ctrl__tvn_efaar_e0.1_c304,0.20189352838183036,-0.02076018529170744,-0.004191347058403393,370,53,1480,5561,7041
1394,dinov2,MQ,std_ctrl__tvn_efaar_e0.1_c304,0.21030539011005228,0.016253359810027,0.0034181691754467734,370,62,1480,5753,7233
1395,dinov2,MQ,std_ctrl__tvn_efaar_e0.1_c304,0.22960873632826925,0.017900451805818715,0.00411010011883912,370,75,1480,5721,7201
1396,dinov2,MQ,std_ctrl__tvn_efaar_e0.1_c304,0.21416677955332175,0.0035378989842977486,0.0007577004318520169,370,111,1480,5849,7329
1397,dinov2,MQ,std_ctrl__tvn_efaar_e0.1_c304,0.1895463438669453,-0.027269689508823736,-0.0051688699447843345,370,87,1480,5593,7073
1398,dinov2,MQ,std_ctrl__tvn_efaar_e0.1_c304,0.22000657035988946,-0.025248168272607806,-0.005554762909525818,370,80,1480,5849,7329
1399,dinov2,MQ,std_ctrl__tvn_efaar_e0.1_c304,0.21450782570749985,-0.016444194744229604,-0.003527408460095389,370,52,1480,5689,7169
1400,dinov2,MQ,std_ctrl__tvn_efaar_e0.1_c304,0.19876736204751513,0.010209551049262083,0.0020293255297512643,370,57,1480,5497,6977
1401,dinov2,MQ,std_ctrl__tvn_efaar_e0.1_c304,0.18884623894822372,0.10015258934684758,0.018913439819078105,370,71,1480,5721,7201
1402,dinov2,MQ,std_ctrl__tvn_efaar_e0.1_c304,0.21266763285076776,0.06686328910168425,0.014219657417871727,370,68,1480,5689,7169
1403,dinov2,MQ,std_ctrl__tvn_efaar_e0.1_c304,0.20354499396809267,0.04105518116991026,0.008356576603588337,370,68,1480,5785,7265
1404,dinov2,MQ,std_ctrl__tvn_efaar_e0.1_c304,0.21405683492774166,0.027918618651766047,0.005976171144151654,370,59,1480,5817,7297
1405,dinov2,MQ,std_ctrl__tvn_efaar_e0.1_c304,0.19366010887330484,0.05923939756527864,0.011472308182080851,370,58,1480,5817,7297
1406,dinov2,MQ,std_ctrl__tvn_efaar_e0.1_c304,0.1914483551465116,-0.020586950864200784,-0.003941337880433295,370,58,1480,5657,7137
1407,dinov2,MQ,std_ctrl__tvn_efaar_e0.1_c304,0.2284656590709417,0.02782601808064721,0.006357289560115005,370,80,1480,5753,7233
1408,dinov2,MQ,std_ctrl__tvn_efaar_e0.1_c304,0.2227537979129612,0.04392356935653851,0.009784141892062314,370,66,1480,5849,7329
1409,dinov2,MQ,std_ctrl__tvn_efaar_e0.1_c304,0.20271930503507202,0.08797179853584133,0.01783358186187112,370,65,1480,5849,7329
1410,dinov2,MQ,std_ctrl__tvn_efaar_e0.1_c304,0.24138570962514766,0.05942603298905814,0.014344595143271233,370,69,1480,6041,7521
1411,dinov2,MQ,std_ctrl__tvn_efaar_e0.1_c304,0.2195026472047005,0.05328249595856772,0.01169564891257937,370,58,1480,5817,7297
1412,dinov2,MQ,std_ctrl__tvn_efaar_e0.1_c304,0.2120637569754204,-0.020151424803494813,-0.0042733868522367826,370,65,1480,5689,7169
1413,dinov2,MQ,std_ctrl__tvn_efaar_e0.1_c304,0.21130055983248663,0.01232830626064259,0.002604978014660129,370,75,1480,5721,7201
1414,dinov2,MQ,std_ctrl__tvn_efaar_e0.1_c304,0.20050382631207722,-0.0054102114515515425,-0.0010847680971935016,370,94,1480,5631,7111
1415,dinov2,MQ,std_ctrl__tvn_efaar_e0.1_c304,0.19807675365831023,0.038028783681237945,0.007532618017153736,370,58,1480,5785,7265
1416,dinov2,MQ,std_ctrl__tvn_efaar_e0.1_c304,0.22900224154524815,0.03793203241363773,0.00868652044909005,370,70,1480,5849,7329
1417,dinov2,MQ,std_ctrl__tvn_efaar_e0.1_c304,0.23766619598936392,0.05346387892669027,0.012706556727342394,370,57,1480,5753,7233
1418,dinov2,MQ,std_ctrl__tvn_efaar_e0.1_c304,0.21572245699788137,-0.012540551091189412,-0.0027052784934988422,370,92,1480,5817,7297
1419,dinov2,MQ,std_ctrl__tvn_efaar_e0.1_c304,0.22437021597952042,0.051959205672694304,0.011658098198906744,370,61,1480,5849,7329
1420,dinov2,MQ,std_ctrl__tvn_efaar_e0.1_c304,0.22923453331965987,-0.03452734300926661,-0.007914859361497053,370,63,1480,5785,7265
1421,dinov2,MQ,std_ctrl__tvn_efaar_e0.1_c304,0.2245810635470169,-0.01074128409134999,-0.002412289005096034,370,103,1480,5657,7137
1422,dinov2,MQ,std_ctrl__tvn_efaar_e0.1_c304,0.21885017334071113,0.052748654430281816,0.011544052165556446,370,73,1480,5817,7297
1423,dinov2,MQ,std_ctrl__tvn_efaar_e0.1_c304,0.2088658527454235,0.042721289146130985,0.008923018487890453,370,71,1480,5823,7303
1424,dinov2,MQ,std_ctrl__tvn_efaar_e0.1_c304,0.21682130933154264,0.004692494454160142,0.0010174327915820046,370,44,1480,5721,7201
1425,dinov2,MQ,std_ctrl__tvn_efaar_e0.1_c304,0.22645851531260525,0.013462326913992424,0.003048658565595651,370,86,1480,5497,6977
1426,dinov2,MQ,std_ctrl__tvn_efaar_e0.1_c304,0.21686720847935795,-0.005882172213966953,-0.0012756502678378577,370,63,1480,5497,6977
1427,dinov2,MQ,std_ctrl__tvn_efaar_e0.1_c304,0.18989225895386394,0.005416645204356415,0.0010285789938068537,370,73,1480,5721,7201
1428,dinov2,MQ,std_ctrl__tvn_efaar_e0.1_c304,0.1945373450837407,0.04676206573868068,0.009096968119434291,370,94,1480,5657,7137
1429,dinov2,MQ,std_ctrl__tvn_efaar_e0.1_c304,0.22794856784932266,0.021895922062222874,0.004991144075824092,370,69,1480,5817,7297
1430,dinov2,MQ,std_ctrl__tvn_efaar_e0.1_c304,0.21949895155842805,0.011028413164335539,0.002420725126924817,370,77,1480,5567,7047
1431,dinov2,MQ,std_ctrl__tvn_efaar_e0.1_c304,0.20099081436409424,0.03223088774899932,0.0064781123763490815,370,64,1480,5529,7009
1432,dinov2,MQ,std_ctrl__tvn_efaar_e0.1_c304,0.2259859817951978,0.013114582693976137,0.002963711845932507,370,59,1480,5752,7232
1433,dinov2,MQ,std_ctrl__tvn_efaar_e0.1_c304,0.20847443305460914,-0.07596050925106757,-0.015835824100655704,370,65,1480,5721,7201
1434,dinov2,MQ,std_ctrl__tvn_efaar_e0.1_c304,0.23683766106417553,0.061481628346889965,0.014561165056094331,370,63,1480,5625,7105
1435,dinov2,MQ,std_ctrl__tvn_efaar_e0.1_c304,0.2541896078396726,-0.014048537916835914,-0.003570992343801292,370,88,1480,5785,7265
1436,dinov2,MQ,std_ctrl__tvn_efaar_e0.1_c304,0.18362820280985712,0.040460932017597505,0.007429768230403236,370,92,1480,5721,7201
1437,dinov2,MQ,std_ctrl__tvn_efaar_e0.1_c304,0.21685793767067318,0.058952587824747445,0.012784336616023968,370,52,1480,5753,7233
1438,dinov2,MQ,std_ctrl__tvn_efaar_e0.1_c304,0.1886700929027711,0.029516576881825702,0.0055688953024658405,370,64,1480,5689,7169
1439,dinov2,MQ,std_ctrl__tvn_efaar_e0.1_c304,0.2086785125871748,-0.017681435464848797,-0.0036897356532107684,370,58,1480,5721,7201
1440,dinov2,MQ,std_ctrl__tvn_efaar_e0.1_c304,0.21552585033021945,0.12558810885417535,0.027067483952160305,370,81,1480,5657,7137
1441,dinov2,MQ,std_ctrl__tvn_efaar_e0.1_c304,0.26900749040224253,0.0830637951162871,0.022344783067518442,370,76,1480,5593,7073
1442,dinov2,MQ,std_ctrl__tvn_efaar_e0.1_c304,0.22387241612390424,0.1028966052303885,0.023035711623874636,370,57,1480,5785,7265
1443,dinov2,MQ,std_ctrl__tvn_efaar_e0.1_c304,0.2150670226711975,0.020853215623622422,0.004484838997292974,370,62,1480,5657,7137
1444,dinov2,MQ,std_ctrl__tvn_efaar_e0.1_c304,0.2185495334699728,0.004802835576658462,0.0010496574746116948,370,82,1480,5721,7201
1445,dinov2,MQ,std_ctrl__tvn_efaar_e0.1_c304,0.2350430104112645,0.03703163249986215,0.00870402638321122,370,85,1480,5817,7297
1446,dinov2,MQ,std_ctrl__tvn_efaar_e0.1_c304,0.23193218162942328,-0.01875867620609369,-0.0043507406969592625,370,87,1480,5657,7137
1447,dinov2,MQ,std_ctrl__tvn_efaar_e0.1_c304,0.22400001693975918,-0.012277564842010468,-0.0027501747325893366,370,55,1480,5721,7201
1448,dinov2,MQ,std_ctrl__tvn_efaar_e0.1_c304,0.23838241288535433,0.11139563337947896,0.026554759869892513,370,68,1480,5657,7137
1449,dinov2,MQ,std_ctrl__tvn_efaar_e0.1_c304,0.22578611488688335,0.01690065333791736,0.0038159328562183976,370,74,1480,5625,7105
1450,dinov2,MQ,std_ctrl__tvn_efaar_e0.1_c304,0.23564355675567805,-0.005516080464303751,-0.001299828819959048,370,83,1480,5881,7361
1451,dinov2,MQ,std_ctrl__tvn_efaar_e0.1_c304,0.2122872876436868,0.025318511586272525,0.005374798151825053,370,70,1480,5689,7169
1452,dinov2,MQ,std_ctrl__tvn_efaar_e0.1_c304,0.21060569291914025,-0.0006644719664855188,-0.00013994157892702642,370,63,1480,5913,7393
1453,dinov2,MQ,std_ctrl__tvn_efaar_e0.1_c304,0.1916163729226,-0.006531822533693025,-0.0012516041424803647,370,56,1480,5657,7137
1454,dinov2,MQ,std_ctrl__tvn_efaar_e0.1_c304,0.22673552289674964,0.10844617988592477,0.024588601302590125,370,79,1480,5785,7265
1455,dinov2,MQ,std_ctrl__tvn_efaar_e0.1_c304,0.2830555114580601,0.03234270343430812,0.009154780462534443,370,81,1480,5657,7137
1456,dinov2,MQ,std_ctrl__tvn_efaar_e0.1_c304,0.1975030055989476,0.0032281146540568207,0.0006375623465942291,370,79,1480,5753,7233
1457,dinov2,MQ,std_ctrl__tvn_efaar_e0.1_c304,0.23562852057684266,0.024863751954556583,0.005858609089041748,370,76,1480,5887,7367
1458,dinov2,MQ,std_ctrl__tvn_efaar_e0.1_c304,0.2184003810189387,0.011614671133363483,0.0025366486009362533,370,85,1480,5721,7201
1459,dinov2,MQ,std_ctrl__tvn_efaar_e0.1_c304,0.2325297142002167,0.03404633928189419,0.007916785542782467,370,85,1480,5817,7297
1460,dinov2,MQ,std_ctrl__tvn_efaar_e0.1_c304,0.21359166615222352,-0.010142598301434727,-0.002166374470316156,370,40,1480,5657,7137
1461,dinov2,MQ,std_ctrl__tvn_efaar_e0.1_c304,0.23409708160084958,0.025264460157582005,0.005914336391110888,370,81,1480,5785,7265
1462,dinov2,MQ,std_ctrl__tvn_efaar_e0.1_c304,0.251460541942402,-0.03789744248983609,-0.009529711426725197,370,75,1480,5817,7297
1463,dinov2,MQ,std_ctrl__tvn_efaar_e0.1_c304,0.21681329833114477,0.012949776548963265,0.002807683766232035,370,79,1480,5849,7329
1464,dinov2,MQ,std_ctrl__tvn_efaar_e0.1_c304,0.2344971862368289,0.1226867069286741,0.028769687563436536,370,94,1480,5721,7201
1465,dinov2,MQ,std_ctrl__tvn_efaar_e0.1_c304,0.21104142403548592,-0.00015915704368335364,-3.3588729144212996e-05,370,78,1480,5561,7041
1466,dinov2,MQ,std_ctrl__tvn_efaar_e0.1_c304,0.22208838683165555,0.03050144676887812,0.006774017108931754,370,57,1480,5625,7105
1467,dinov2,MQ,std_ctrl__tvn_efaar_e0.1_c304,0.19633107516002407,-0.028812965935071298,-0.005656880580581696,370,75,1480,5657,7137
1468,dinov2,MQ,std_ctrl__tvn_efaar_e0.1_c304,0.23569780441262245,-0.02990289513606982,-0.0070480467291525436,370,90,1480,5785,7265
1469,dinov2,MQ,std_ctrl__tvn_efaar_e0.1_c304,0.2340644247715178,0.06476415496986547,0.015158984678834996,370,70,1480,5881,7361
1470,dinov2,MQ,std_ctrl__tvn_efaar_e0.1_c304,0.20955560272823606,-0.005918646126409705,-0.0012402854563549255,370,102,1480,5689,7169
1471,dinov2,MQ,std_ctrl__tvn_efaar_e0.1_c304,0.2205074875891429,0.022840047358134517,0.0050364014593592835,370,67,1480,5881,7361
1472,dinov2,MQ,std_ctrl__tvn_efaar_e0.1_c304,0.24874618171311977,-0.006943965735600284,-0.0017272849626773056,370,67,1480,5657,7137
1473,dinov2,MQ,std_ctrl__tvn_efaar_e0.1_c304,0.2355132879988174,0.028352636637485724,0.006677422677929997,370,82,1480,5497,6977
1474,dinov2,MQ,std_ctrl__tvn_efaar_e0.1_c304,0.19612686231874882,0.042494041581024,0.008334223042528682,370,84,1480,5593,7073
1475,dinov2,MQ,std_ctrl__tvn_efaar_e0.1_c304,0.19393675339818306,-0.02382810382327279,-0.004621145095120358,370,84,1480,5593,7073
1476,dinov2,MQ,std_ctrl__tvn_efaar_e0.1_c304,0.21858035749074148,-0.009071074576457434,-0.001982758723747242,370,79,1480,5657,7137
1477,dinov2,MQ,std_ctrl__tvn_efaar_e0.1_c304,0.20500513738946888,-0.018918379870735826,-0.0038783650645863605,370,58,1480,5689,7169
1478,dinov2,MQ,std_ctrl__tvn_efaar_e0.1_c304,0.2320438675857656,0.04979055446549401,0.011553592827412942,370,48,1480,5657,7137
1479,dinov2,MQ,std_ctrl__tvn_efaar_e0.1_c304,0.2284989442498932,0.051733361135057825,0.01182101840185917,370,84,1480,5497,6977
1480,dinov2,MQ,std_ctrl__tvn_efaar_e0.1_c304,0.21265998039969877,0.008948181270607538,0.0019029200536203506,370,51,1480,5689,7169
1481,dinov2,MQ,std_ctrl__tvn_efaar_e0.1_c304,0.2631399417887125,-0.016298864192750572,-0.004288882174902516,370,50,1480,6041,7521
1482,dinov2,MQ,std_ctrl__tvn_efaar_e0.1_c304,0.20569835639879613,0.03716177338521879,0.007644115706204031,370,70,1480,5689,7169
1483,dinov2,MQ,std_ctrl__tvn_efaar_e0.1_c304,0.22944707595550076,0.022781992476554967,0.005227261558185754,370,73,1480,5753,7233
1484,dinov2,MQ,std_ctrl__tvn_efaar_e0.1_c304,0.22597914264065233,0.04779987408490871,0.010801774564038807,370,67,1480,5753,7233
1485,dinov2,MQ,std_ctrl__tvn_efaar_e0.1_c304,0.23545371218064073,-0.0032792979862512903,-0.0007721228842093661,370,62,1480,5593,7073
1486,dinov2,MQ,std_ctrl__tvn_efaar_e0.1_c304,0.20777848130539187,0.00290431171089184,0.0006034534765265708,370,92,1480,5529,7009
1487,dinov2,MQ,std_ctrl__tvn_efaar_e0.1_c304,0.22402321215428067,0.07977929173375499,0.017872413197589244,370,86,1480,5753,7233
1488,dinov2,MQ,std_ctrl__tvn_efaar_e0.1_c304,0.2064743072464086,-0.0036908354902532516,-0.000762062701010499,370,76,1480,5849,7329
1489,dinov2,MQ,std_ctrl__tvn_efaar_e0.1_c304,0.2508368853697313,0.05094884962975569,0.012779850754298706,370,61,1480,5785,7265
1490,dinov2,MQ,std_ctrl__tvn_efaar_e0.1_c304,0.25139290413952314,0.009982103035139864,0.0025094298714237588,370,70,1480,5497,6977
1491,dinov2,MQ,std_ctrl__tvn_efaar_e0.1_c304,0.2550882336027284,0.0273623629954923,0.0069798168437167915,370,102,1480,5625,7105
1492,dinov2,MQ,std_ctrl__tvn_efaar_e0.1_c304,0.24407794983436895,0.03975486381078077,0.009703285654879918,370,66,1480,5689,7169
1493,dinov2,MQ,std_ctrl__tvn_efaar_e0.1_c304,0.20116385781314036,0.007966706455413428,0.0016026134046358143,370,62,1480,5477,6957
1494,dinov2,MQ,std_ctrl__tvn_efaar_e0.1_c304,0.23162190105631716,0.0077319558408756135,0.001790890310747105,370,52,1480,5497,6977
1495,dinov2,MQ,std_ctrl__tvn_efaar_e0.1_c304,0.22090341616704326,0.013438710516514836,0.0029686570619780975,370,65,1480,5657,7137
1496,dinov2,MQ,std_ctrl__tvn_efaar_e0.1_c304,0.202966350010413,0.006310188098276889,0.0012807558461864093,370,97,1480,5785,7265
1497,dinov2,MQ,std_ctrl__tvn_efaar_e0.1_c304,0.22896360060676915,0.03137031750965175,0.007182660849187441,370,65,1480,5497,6977
1498,dinov2,MQ,std_ctrl__tvn_efaar_e0.1_c304,0.20864286727647263,0.01676072995209361,0.003497006754851467,370,58,1480,5433,6913
1499,dinov2,MQ,std_ctrl__tvn_efaar_e0.1_c304,0.1924707156965966,0.03628784942498736,0.006984348349917649,370,70,1480,5657,7137
1500,dinov2,MQ,std_ctrl__tvn_efaar_e0.1_c304,0.22256594755985956,0.10495855666995131,0.023360200619762933,370,71,1480,5721,7201
1501,dinov2,MQ,std_ctrl__tvn_efaar_e0.1_c304,0.2204104879177019,0.03495477232792799,0.007704398423850793,370,44,1480,5913,7393
1502,dinov2,MQ,std_ctrl__tvn_efaar_e0.1_c304,0.21251112427550609,-0.0003776679845067521,-8.02586479903943e-05,370,72,1480,5945,7425
1503,dinov2,MQ,std_ctrl__tvn_efaar_e0.1_c304,0.23321255398830254,0.13129261904352332,0.03061908700695332,370,50,1480,5657,7137
1504,dinov2,MQ,std_ctrl__tvn_efaar_e0.1_c304,0.21080132325805231,0.03124872571645888,0.006587272731157461,370,67,1480,5657,7137
1505,dinov2,MQ,std_ctrl__tvn_efaar_e0.1_c304,0.20410034489558584,-0.021641679345709784,-0.004417074218579044,370,83,1480,5529,7009
1506,dinov2,MQ,std_ctrl__tvn_efaar_e0.1_c304,0.1940097641330995,0.011868171591920964,0.002302541171239738,370,57,1480,5369,6849
1507,dinov2,MQ,std_ctrl__tvn_efaar_e0.1_c304,0.21894817354597315,0.035634817703264744,0.007802178250773526,370,74,1480,5497,6977
1508,dinov2,MQ,std_ctrl__tvn_efaar_e0.1_c304,0.19605978431785964,0.09297598984841976,0.018228852516420684,370,74,1480,5945,7425
1509,dinov2,MQ,std_ctrl__tvn_efaar_e0.1_c304,0.23501781099242064,0.05392297542399321,0.01267285964634498,370,57,1480,5721,7201
1510,dinov2,MQ,std_ctrl__tvn_efaar_e0.1_c304,0.22620480913147967,0.0365330399129689,0.008263949320505858,370,50,1480,5721,7201
1511,dinov2,MQ,std_ctrl__tvn_efaar_e0.1_c304,0.24857073395154453,0.019643849684810796,0.004882886133787236,370,72,1480,5945,7425
1512,dinov2,MQ,std_ctrl__tvn_efaar_e0.1_c304,0.2218982341743849,0.046705800038784114,0.010363934554308112,370,58,1480,5311,6791
1513,dinov2,MQ,std_ctrl__tvn_efaar_e0.1_c304,0.21342429756260153,0.06897259633809645,0.014720427924527098,370,97,1480,5724,7204
1514,dinov2,MQ,std_ctrl__tvn_efaar_e0.1_c304,0.22795426526109316,-0.022257398888947667,-0.005073669010353137,370,59,1480,5753,7233
1515,dinov2,MQ,std_ctrl__tvn_efaar_e0.1_c304,0.23739744121067866,-0.01930075016695256,-0.0045819487030811165,370,61,1480,5689,7169
1516,dinov2,MQ,std_ctrl__tvn_efaar_e0.1_c304,0.23801160948093864,0.05031024299890922,0.011974421909547507,370,99,1480,5593,7073
1517,dinov2,MQ,std_ctrl__tvn_efaar_e0.1_c304,0.21445047275345838,-0.0349726800243525,-0.007499907764677824,370,70,1480,5721,7201
1518,dinov2,MQ,std_ctrl__tvn_efaar_e0.1_c304,0.20927346360163812,0.007132228072070941,0.0014925860718391197,370,96,1480,5849,7329
1519,dinov2,MQ,std_ctrl__tvn_efaar_e0.1_c304,0.18247685594478005,0.008025644117565194,0.0014644943055050154,370,96,1480,5913,7393
1520,dinov2,MQ,std_ctrl__tvn_efaar_e0.1_c304,0.21436295006054937,0.03055300832812669,0.00654943299844177,370,69,1480,5657,7137
1521,dinov2,MQ,std_ctrl__tvn_efaar_e0.1_c304,0.2217266312360605,0.020014180515708385,0.0044376768226984204,370,57,1480,5849,7329
1522,dinov2,MQ,std_ctrl__tvn_efaar_e0.1_c304,0.2194713694385794,0.01960247923680512,0.0043021829624929385,370,47,1480,5785,7265
1523,dinov2,MQ,std_ctrl__tvn_efaar_e0.1_c304,0.22683966629031535,0.022392552019553945,0.005079519027504144,370,77,1480,5497,6977
1524,dinov2,MQ,std_ctrl__tvn_efaar_e0.1_c304,0.1933586087004118,0.00598224409797937,0.0011567183956915409,370,90,1480,5822,7302
1525,dinov2,MQ,std_ctrl__tvn_efaar_e0.1_c304,0.214994170595398,-0.0033724765496507005,-0.000725062798644582,370,51,1480,5625,7105
1526,dinov2,MQ,std_ctrl__tvn_efaar_e0.1_c304,0.1959605924067578,0.020105362500950127,0.003939858746238801,370,50,1480,5721,7201
1527,dinov2,MQ,std_ctrl__tvn_efaar_e0.1_c304,0.20104688429598264,0.020763390828904677,0.004174415033571066,370,59,1480,5753,7233
1528,dinov2,MQ,std_ctrl__tvn_efaar_e0.1_c304,0.24968725566164096,0.020921274436954383,0.005223775599107182,370,69,1480,5369,6849
1529,dinov2,MQ,std_ctrl__tvn_efaar_e0.1_c304,0.22522566404670816,0.003433133387952366,0.0007732297470624966,370,96,1480,5817,7297
1530,dinov2,MQ,std_ctrl__tvn_efaar_e0.1_c304,0.2521654730288149,-0.07008196655825752,-0.017672252247952595,370,80,1480,5849,7329
1531,dinov2,MQ,std_ctrl__tvn_efaar_e0.1_c304,0.20846373513350952,0.03922857762799196,0.008177735816306033,370,47,1480,5625,7105
1532,dinov2,MQ,std_ctrl__tvn_efaar_e0.1_c304,0.21692958352110867,0.12704820788152013,0.027560514822841397,370,63,1480,5593,7073
1533,dinov2,MQ,std_ctrl__tvn_efaar_e0.1_c304,0.20208091642327258,-0.020503503270783943,-0.004143366730847586,370,65,1480,5849,7329
1534,dinov2,MQ,std_ctrl__tvn_efaar_e0.1_c304,0.2301519651740774,0.022171892221589492,0.005102904566426663,370,84,1480,5689,7169
1535,dinov2,MQ,std_ctrl__tvn_efaar_e0.1_c304,0.22922039976287034,0.1561622728371056,0.03579557860759977,370,86,1480,5913,7393
1536,dinov2,MQ,std_ctrl__tvn_efaar_e0.1_c304,0.2245905065271847,0.024772318022293016,0.005563627452479295,370,77,1480,5689,7169
1537,dinov2,MQ,std_ctrl__tvn_efaar_e0.1_c304,0.2293328586476695,-0.02267572561084923,-0.005200288976246225,370,66,1480,5657,7137
1538,dinov2,MQ,std_ctrl__tvn_efaar_e0.1_c304,0.21784545939526687,0.024255672461326865,0.0052839881102788745,370,59,1480,5785,7265
1539,dinov2,MQ,std_ctrl__tvn_efaar_e0.1_c304,0.19944217919484747,-0.03278994285812045,-0.006539697659298068,370,66,1480,5689,7169
1540,dinov2,MQ,std_ctrl__tvn_efaar_e0.1_c304,0.2313057963052665,0.05520999458144488,0.012770391760670555,370,92,1480,5753,7233
1541,dinov2,MQ,std_ctrl__tvn_efaar_e0.1_c304,0.2230280858967817,0.023875512642199285,0.00532490988439412,370,75,1480,5849,7329
1542,dinov2,MQ,std_ctrl__tvn_efaar_e0.1_c304,0.19826181212632088,0.032772254383942746,0.006497486541625253,370,85,1480,5625,7105
1543,dinov2,MQ,std_ctrl__tvn_efaar_e0.1_c304,0.20838073818347883,-0.0136019519058017,-0.002834384778867135,370,64,1480,5817,7297
1544,dinov2,MQ,std_ctrl__tvn_efaar_e0.1_c304,0.23170277618056417,0.007754318029235764,0.0017966970147609276,370,60,1480,5497,6977
1545,dinov2,MQ,std_ctrl__tvn_efaar_e0.1_c304,0.22506055966085828,0.03489001839650015,0.007852367066893965,370,103,1480,5465,6945
1546,dinov2,MQ,std_ctrl__tvn_efaar_e0.1_c304,0.20628466873612075,0.07744153693946917,0.015975001793974458,370,57,1480,5529,7009
1547,dinov2,MQ,std_ctrl__tvn_efaar_e0.1_c304,0.22193989175318543,0.016270899461992647,0.003611161665321611,370,79,1480,5529,7009
1548,dinov2,MQ,std_ctrl__tvn_efaar_e0.1_c304,0.2208617626705614,0.040183727786091424,0.008875048949510168,370,63,1480,5849,7329
1549,dinov2,MQ,std_ctrl__tvn_efaar_e0.1_c304,0.24526700187225695,0.0309365006241628,0.007587702756507615,370,68,1480,5689,7169
1550,dinov2,MQ,std_ctrl__tvn_efaar_e0.1_c304,0.21487926654985984,0.015996429634140125,0.003437301067200473,370,66,1480,5593,7073
1551,dinov2,MQ,std_ctrl__tvn_efaar_e0.1_c304,0.21882817107814181,0.1070349580463953,0.02342226411071832,370,64,1480,5625,7105
1552,dinov2,MQ,std_ctrl__tvn_efaar_e0.1_c304,0.20063028859211443,0.10723901185571998,0.02151539389694628,370,79,1480,5657,7137
1553,dinov2,MQ,std_ctrl__tvn_efaar_e0.1_c304,0.23087214898752054,0.07584901547213696,0.017511425200639953,370,64,1480,5817,7297
1554,dinov2,MQ,std_ctrl__tvn_efaar_e0.1_c304,0.20420405944266462,0.006493746313215555,0.0013260493581494534,370,80,1480,5625,7105
1555,dinov2,MQ,std_ctrl__tvn_efaar_e0.1_c304,0.18100304068002618,-0.026889179082087305,-0.004867023175247558,370,91,1480,5881,7361
1556,dinov2,MQ,std_ctrl__tvn_efaar_e0.1_c304,0.23788689828411738,-0.023983148876776564,-0.0057052768973825906,370,59,1480,5881,7361
1557,dinov2,MQ,std_ctrl__tvn_efaar_e0.1_c304,0.25024779188919566,0.025241325983121118,0.00631658609163144,370,114,1480,5785,7265
1558,dinov2,MQ,std_ctrl__tvn_efaar_e0.1_c304,0.23302002753860235,0.02127652645669659,0.004957856780865241,370,69,1480,5689,7169
1559,dinov2,MQ,std_ctrl__tvn_efaar_e0.1_c304,0.22772465420186117,0.013086127598488703,0.0029800338822072716,370,52,1480,5593,7073
1560,dinov2,MQ,std_ctrl__tvn_efaar_e0.1_c304,0.211669160788772,-0.0009964977156971602,-0.0002109278352095462,370,73,1480,5593,7073
1561,dinov2,MQ,std_ctrl__tvn_efaar_e0.1_c304,0.24740060114674114,0.007604727761477925,0.00188141421974695,370,90,1480,5721,7201
1562,dinov2,MQ,std_ctrl__tvn_efaar_e0.1_c304,0.241249695480882,0.025734586442382232,0.006208461142551147,370,106,1480,5849,7329
1563,dinov2,MQ,std_ctrl__tvn_efaar_e0.1_c304,0.2234551158201474,0.004802952947116902,0.0010732444070767257,370,78,1480,5689,7169
1564,dinov2,MQ,std_ctrl__tvn_efaar_e0.1_c304,0.21496293728956398,0.04755748224871529,0.010223096074280137,370,78,1480,5305,6785
1565,dinov2,MQ,std_ctrl__tvn_efaar_e0.1_c304,0.25235382658878064,0.07751725028478319,0.019561774736005285,370,84,1480,5785,7265
1566,dinov2,MQ,std_ctrl__tvn_efaar_e0.1_c304,0.187472615552699,0.06754173004541059,0.012662224790567438,370,76,1480,5625,7105
1567,dinov2,MQ,std_ctrl__tvn_efaar_e0.1_c304,0.2253513847985026,0.003144647507868317,0.0007086506706012853,370,70,1480,5689,7169
1568,dinov2,MQ,std_ctrl__tvn_efaar_e0.1_c304,0.21327642553070364,-0.0011528850040846254,-0.0002458831927191196,370,94,1480,5753,7233
1569,dinov2,MQ,std_ctrl__tvn_efaar_e0.1_c304,0.21523189865711098,0.026519051616684414,0.005707745830044915,370,58,1480,5689,7169
1570,dinov2,MQ,std_ctrl__tvn_efaar_e0.1_c304,0.21008601100235622,0.004382288484515794,0.0009206575067734839,370,75,1480,5497,6977
1571,dinov2,MQ,std_ctrl__tvn_efaar_e0.1_c304,0.2351174403941575,0.028188964004241666,0.006627717064040342,370,55,1480,5497,6977
1572,dinov2,MQ,std_ctrl__tvn_efaar_e0.1_c304,0.2011496539315438,-0.002658956897931552,-0.0005348482598378229,370,96,1480,5753,7233
1573,dinov2,MQ,std_ctrl__tvn_efaar_e0.1_c304,0.20966041854294382,0.05113851674751067,0.01072172282494843,370,42,1480,5785,7265
1574,dinov2,MQ,std_ctrl__tvn_efaar_e0.1_c304,0.21967728694180713,-0.04100911497221752,-0.009008771116981387,370,81,1480,5689,7169
1575,dinov2,MQ,std_ctrl__tvn_efaar_e0.1_c304,0.19870141418881315,0.024533201707576963,0.004874781873874948,370,76,1480,5625,7105
1576,dinov2,MQ,std_ctrl__tvn_efaar_e0.1_c304,0.2552784392094516,0.08036412700226238,0.020515228909567685,370,60,1480,5593,7073
1577,dinov2,MQ,std_ctrl__tvn_efaar_e0.1_c304,0.21234581177345682,0.02364589541442413,0.005021106856886152,370,70,1480,5529,7009
1578,dinov2,MQ,std_ctrl__tvn_efaar_e0.1_c304,0.23108444210456414,0.027193106703032318,0.0062839038915601065,370,67,1480,5689,7169
1579,dinov2,MQ,std_ctrl__tvn_efaar_e0.1_c304,0.21369693057716624,0.04510572532664591,0.00963895505376098,370,50,1480,5529,7009
1580,dinov2,MQ,std_ctrl__tvn_efaar_e0.1_c304,0.23978055654943406,-0.014360848740943679,-0.0034434523036257145,370,53,1480,5625,7105
1581,dinov2,MQ,std_ctrl__tvn_efaar_e0.1_c304,0.19521741159195818,0.08860546582269754,0.01729732969080673,370,53,1480,5657,7137
1582,dinov2,MQ,std_ctrl__tvn_efaar_e0.1_c304,0.200895946166244,0.046755298293064455,0.009392949888870157,370,58,1480,5721,7201
1583,dinov2,MQ,std_ctrl__tvn_efaar_e0.1_c304,0.19529444706768798,0.0040060968247016705,0.0007823684642797332,370,101,1480,5849,7329
1584,dinov2,MQ,std_ctrl__tvn_efaar_e0.1_c304,0.18129505504935398,-0.009824830991462384,-0.001781193275447772,370,82,1480,5628,7108
1585,dinov2,MQ,std_ctrl__tvn_efaar_e0.1_c304,0.21001089520655783,0.06477321377256268,0.013603080609781628,370,120,1480,5913,7393
1586,dinov2,MQ,std_ctrl__tvn_efaar_e0.1_c304,0.21688245571355128,-0.026903280399122192,-0.005834849519711871,370,69,1480,5849,7329
1587,dinov2,MQ,std_ctrl__tvn_efaar_e0.1_c304,0.2175639265881362,0.007035284042366646,0.001530624020920143,370,57,1480,5785,7265
1588,dinov2,MQ,std_ctrl__tvn_efaar_e0.1_c304,0.20239203381518125,0.012760050008120687,0.002582532472726966,370,68,1480,5689,7169
1589,dinov2,MQ,std_ctrl__tvn_efaar_e0.1_c304,0.2063235293334652,0.06784915611511687,0.013998877351968175,370,80,1480,5625,7105
1590,dinov2,MQ,std_ctrl__tvn_efaar_e0.1_c304,0.23401769660102162,-0.005820096262109427,-0.001362005521255064,370,100,1480,5689,7169
1591,dinov2,MQ,std_ctrl__tvn_efaar_e0.1_c304,0.24163322619265065,0.025714382173187996,0.006213449124058199,370,86,1480,5785,7265
1592,dinov2,MQ,std_ctrl__tvn_efaar_e0.1_c304,0.22339159000770684,0.06219425631446647,0.013893673807435525,370,74,1480,5753,7233
1593,dinov2,MQ,std_ctrl__tvn_efaar_e0.1_c304,0.21227924293577288,0.025249831886233524,0.005360015197065191,370,67,1480,5689,7169
1594,dinov2,MQ,std_ctrl__tvn_efaar_e0.1_c304,0.20591517251295813,0.0005532151677146592,0.00011391539669674912,370,97,1480,5721,7201
1595,dinov2,MQ,std_ctrl__tvn_efaar_e0.1_c304,0.235191489949633,-0.012292224542742931,-0.002891026605003156,370,64,1480,5689,7169
1596,dinov2,MQ,std_ctrl__tvn_efaar_e0.1_c304,0.22320940734125624,0.05472205980312297,0.012214478537147858,370,89,1480,5817,7297
1597,dinov2,MQ,std_ctrl__tvn_efaar_e0.1_c304,0.2607163670497039,0.10132185792154523,0.026416266700031537,370,93,1480,5631,7111
1598,dinov2,MQ,std_ctrl__tvn_efaar_e0.1_c304,0.21301410214990965,-0.01946315182968084,-0.004145925812006835,370,84,1480,5753,7233
1599,dinov2,MQ,std_ctrl__tvn_efaar_e0.1_c304,0.23506987873579988,0.031197476165238044,0.007333586939025514,370,63,1480,5657,7137
1600,dinov2,MQ,std_ctrl__tvn_efaar_e0.1_c304,0.20876238793366886,0.0256366258850224,0.005351963238319383,370,63,1480,5625,7105
1601,dinov2,MQ,std_ctrl__tvn_efaar_e0.1_c304,0.23293632988768131,-0.002177474505261356,-0.000507212919679575,370,68,1480,5753,7233
1602,dinov2,MQ,std_ctrl__tvn_efaar_e0.1_c304,0.2132146926503245,0.02287905722689822,0.00487815115476229,370,84,1480,5881,7361
1603,dinov2,MQ,std_ctrl__tvn_efaar_e0.1_c304,0.2107781542012901,0.06722658583952051,0.01416989567650872,370,76,1480,5817,7297
1604,dinov2,MQ,std_ctrl__tvn_efaar_e0.1_c304,0.19684949306429753,0.034026161371965694,0.006698032616995429,370,64,1480,5625,7105
1605,dinov2,MQ,std_ctrl__tvn_efaar_e0.1_c304,0.21008020825674345,0.03476365743459697,0.00730315639362622,370,74,1480,5503,6983
1606,dinov2,MQ,std_ctrl__tvn_efaar_e0.1_c304,0.1964086864623887,-0.05385065796741565,-0.010576736996515476,370,84,1480,5881,7361
1607,dinov2,MQ,std_ctrl__tvn_efaar_e0.1_c304,0.21066098514296727,0.0893215234225819,0.018816560118671728,370,73,1480,5753,7233
1608,dinov2,MQ,std_ctrl__tvn_efaar_e0.1_c304,0.21858660258580204,0.0034609379392509312,0.000756514665901168,370,72,1480,5785,7265
1609,dinov2,MQ,std_ctrl__tvn_efaar_e0.1_c304,0.22286778736887441,0.0023861723325503685,0.0005318009480363267,370,108,1480,5593,7073
1610,dinov2,MQ,std_ctrl__tvn_efaar_e0.1_c304,0.2168952372318124,0.023100357529613584,0.005010357526525222,370,65,1480,5625,7105
1611,dinov2,MQ,std_ctrl__tvn_efaar_e0.1_c304,0.2322752298102157,0.05522777318205646,0.012828043707768633,370,48,1480,5657,7137
1612,dinov2,MQ,std_ctrl__tvn_efaar_e0.1_c304,0.2260264561802742,-0.01787828527761928,-0.004040965463880255,370,95,1480,5657,7137
1613,dinov2,MQ,std_ctrl__tvn_efaar_e0.1_c304,0.22033585913180426,-0.003002778905423787,-0.000661619869909409,370,49,1480,5529,7009
1614,dinov2,MQ,std_ctrl__tvn_efaar_e0.1_c304,0.21720629530347713,0.008071727682712672,0.0017532300666605397,370,88,1480,5753,7233
1615,dinov2,MQ,std_ctrl__tvn_efaar_e0.1_c304,0.26501442401622666,-0.03453104859330494,-0.009151225953631043,370,49,1480,5977,7457
1616,dinov2,MQ,std_ctrl__tvn_efaar_e0.1_c304,0.2316144979769431,0.05272036781533432,0.012210801524708447,370,72,1480,5657,7137
1617,dinov2,MQ,std_ctrl__tvn_efaar_e0.1_c304,0.23140396308721156,0.03182759243753872,0.007365031025571025,370,73,1480,5689,7169
1618,dinov2,MQ,std_ctrl__tvn_efaar_e0.1_c304,0.21645856672255837,-0.028607989583723147,-0.006192444422106591,370,46,1480,5753,7233
1619,dinov2,MQ,std_ctrl__tvn_efaar_e0.1_c304,0.20764209751738424,0.02283326004487619,0.0047411460088779755,370,48,1480,5785,7265
1620,dinov2,MQ,std_ctrl__tvn_efaar_e0.1_c304,0.18257040544286296,-0.024173734592917176,-0.004413408525697051,370,52,1480,5561,7041
1621,dinov2,MQ,std_ctrl__tvn_efaar_e0.1_c304,0.22621090540993688,0.009599657894663027,0.0021715473039773717,370,71,1480,5625,7105
1622,dinov2,MQ,std_ctrl__tvn_efaar_e0.1_c304,0.1807251001797151,0.0402963706881408,0.007282565629493181,370,65,1480,5305,6785
1623,dinov2,MQ,std_ctrl__tvn_efaar_e0.1_c304,0.2053476677788463,0.07874325267602161,0.016169743290341435,370,68,1480,5753,7233
1624,dinov2,MQ,std_ctrl__tvn_efaar_e0.1_c304,0.22525271020879728,0.04033956488834149,0.00908659631974256,370,72,1480,5689,7169
1625,dinov2,MQ,std_ctrl__tvn_efaar_e0.1_c304,0.21582418394915845,0.05118846853982888,0.011047709450215737,370,70,1480,5913,7393
1626,dinov2,MQ,std_ctrl__tvn_efaar_e0.1_c304,0.2371728744684527,0.05132308413172107,0.012172443390106518,370,54,1480,5593,7073
1627,dinov2,MQ,std_ctrl__tvn_efaar_e0.1_c304,0.20063225067411888,0.011348347902645998,0.002276844581140783,370,61,1480,5529,7009
1628,dinov2,MQ,std_ctrl__tvn_efaar_e0.1_c304,0.21129996390810157,-0.01302381798401973,-0.002751932269969053,370,94,1480,5849,7329
1629,dinov2,MQ,std_ctrl__tvn_efaar_e0.1_c304,0.22528679633116763,0.021138654263338594,0.00476225969773973,370,70,1480,5817,7297
1630,dinov2,MQ,std_ctrl__tvn_efaar_e0.1_c304,0.20897081208216625,0.044550880261947805,0.009309833627314584,370,69,1480,5657,7137
1631,dinov2,MQ,std_ctrl__tvn_efaar_e0.1_c304,0.22925389817945732,0.17956357820141935,0.04116565027372721,370,50,1480,5881,7361
1632,dinov2,MQ,std_ctrl__tvn_efaar_e0.1_c304,0.2508361729578397,0.027719723429350675,0.006953109340468088,370,73,1480,5721,7201
1633,dinov2,MQ,std_ctrl__tvn_efaar_e0.1_c304,0.22190814387016883,0.020234927446751944,0.0044902951910562585,370,72,1480,5721,7201
1634,dinov2,MQ,std_ctrl__tvn_efaar_e0.1_c304,0.23385260716823528,-0.06561417650510462,-0.015344046242915483,370,53,1480,5663,7143
1635,dinov2,MQ,std_ctrl__tvn_efaar_e0.1_c304,0.22932699039587967,0.024748189874812136,0.00567542790173645,370,77,1480,5753,7233
1636,dinov2,MQ,std_ctrl__tvn_efaar_e0.1_c304,0.21571428008286872,-0.017677944731321615,-0.003813385121061784,370,56,1480,5753,7233
1637,dinov2,MQ,std_ctrl__tvn_efaar_e0.1_c304,0.2337343089204721,0.013369839406422376,0.003124990174037829,370,61,1480,5881,7361
1638,dinov2,MQ,std_ctrl__tvn_efaar_e0.1_c304,0.22657408278219726,0.03239421359046233,0.0073396892317095916,370,58,1480,5881,7361
1639,dinov2,MQ,std_ctrl__tvn_efaar_e0.1_c304,0.19674288030226722,-0.029436070509969197,-0.005791337296911968,370,69,1480,5977,7457
1640,dinov2,MQ,std_ctrl__tvn_efaar_e0.1_c304,0.21491238753389877,0.030754087399969335,0.006609434349553603,370,72,1480,5625,7105
1641,dinov2,MQ,std_ctrl__tvn_efaar_e0.1_c304,0.22960771068684618,0.0010010264537877371,0.00022984339239117435,370,78,1480,5657,7137
1642,dinov2,MQ,std_ctrl__tvn_efaar_e0.1_c304,0.21998246876598437,-0.01000917980008332,-0.0022018440827449508,370,113,1480,5593,7073
1643,dinov2,MQ,std_ctrl__tvn_efaar_e0.1_c304,0.19552943066987755,-0.00567398012803862,-0.0011094301040675903,370,104,1480,5689,7169
1644,dinov2,MQ,std_ctrl__tvn_efaar_e0.1_c304,0.20273043861811335,-0.02146485600091338,-0.004351579671939812,370,61,1480,5561,7041
1645,dinov2,MQ,std_ctrl__tvn_efaar_e0.1_c304,0.1991261815435425,-0.038212145259454065,-0.007609038574102267,370,61,1480,5785,7265
1646,dinov2,MQ,std_ctrl__tvn_efaar_e0.1_c304,0.25465852239139447,0.00617630398814981,0.0015728484474623074,370,71,1480,5753,7233
1647,dinov2,MQ,std_ctrl__tvn_efaar_e0.1_c304,0.21897944376719805,0.05869140657405118,0.0128522115655002,370,70,1480,5881,7361
1648,dinov2,MQ,std_ctrl__tvn_efaar_e0.1_c304,0.24074890006341815,0.04509147192205032,0.010855722267474117,370,87,1480,5817,7297
1649,dinov2,MQ,std_ctrl__tvn_efaar_e0.1_c304,0.238572917786385,0.057305765801831,0.01367160375332606,370,101,1480,5913,7393
1650,dinov2,MQ,std_ctrl__tvn_efaar_e0.1_c304,0.2142552493259399,0.03813123915956185,0.008169818153238967,370,48,1480,5625,7105
1651,dinov2,MQ,std_ctrl__tvn_efaar_e0.1_c304,0.19608985352043043,0.013687376511534817,0.0026839556552258424,370,79,1480,5689,7169
1652,dinov2,MQ,std_ctrl__tvn_efaar_e0.1_c304,0.20459461084793168,-0.008426131833512372,-0.0017239411634308328,370,77,1480,5535,7015
1653,dinov2,MQ,std_ctrl__tvn_efaar_e0.1_c304,0.22604378377062193,-0.008526526559502284,-0.0019273683259305992,370,61,1480,5753,7233
1654,dinov2,MQ,std_ctrl__tvn_efaar_e0.1_c304,0.19798278883671586,-0.021464364913389197,-0.0042495748261617465,370,87,1480,5753,7233
1655,dinov2,MQ,std_ctrl__tvn_efaar_e0.1_c304,0.196317564000879,0.028892138582204952,0.005672034265234286,370,86,1480,5785,7265
1656,dinov2,MQ,std_ctrl__tvn_efaar_e0.1_c304,0.22006376849095674,0.0322585149214349,0.007098930359532724,370,68,1480,5785,7265
1657,dinov2,MQ,std_ctrl__tvn_efaar_e0.1_c304,0.21474781770101395,0.06780412145488274,0.014560787113570567,370,64,1480,5753,7233
1658,dinov2,MQ,std_ctrl__tvn_efaar_e0.1_c304,0.20452102244281398,0.013755593181616961,0.0028133079818117015,370,61,1480,5657,7137
1659,dinov2,MQ,std_ctrl__tvn_efaar_e0.1_c304,0.21875238391700014,0.03096093771800309,0.006772778934118942,370,50,1480,5785,7265
1660,dinov2,MQ,std_ctrl__tvn_efaar_e0.1_c304,0.23054299839793166,-0.005922769364597719,-0.0013654530081337705,370,72,1480,5625,7105
1661,dinov2,MQ,std_ctrl__tvn_efaar_e0.1_c304,0.2407123240163333,0.0011171012622339979,0.00026890004099392503,370,87,1480,5913,7393
1662,dinov2,MQ,std_ctrl__tvn_efaar_e0.1_c304,0.23582565393268026,0.027289058580131732,0.006435460084866785,370,70,1480,5657,7137
1663,dinov2,MQ,std_ctrl__tvn_efaar_e0.1_c304,0.20463490243628238,0.07378751029697646,0.01509949997063796,370,76,1480,5689,7169
1664,dinov2,MQ,std_ctrl__tvn_efaar_e0.1_c304,0.2394674244560103,-0.029202151324546302,-0.006992963966263773,370,77,1480,5625,7105
1665,dinov2,MQ,std_ctrl__tvn_efaar_e0.1_c304,0.19667964544141822,-0.056413304056040434,-0.011095348639920953,370,88,1480,5753,7233
1666,dinov2,MQ,std_ctrl__tvn_efaar_e0.1_c304,0.2274648449966521,0.011382937262618876,0.0025892180600482176,370,100,1480,5561,7041
1667,dinov2,MQ,std_ctrl__tvn_efaar_e0.1_c304,0.21957372659102317,0.01766521052293083,0.0038788161055348797,370,120,1480,5657,7137
1668,dinov2,MQ,std_ctrl__tvn_efaar_e0.1_c304,0.23695186931229553,0.03579872795854438,0.008482575508779427,370,95,1480,5561,7041
1669,dinov2,MQ,std_ctrl__tvn_efaar_e0.1_c304,0.19725554380632304,-0.008959872296261566,-0.0017673844822342836,370,88,1480,5593,7073
1670,dinov2,MQ,std_ctrl__tvn_efaar_e0.1_c304,0.23013312059704982,0.040931727824920286,0.009419746255778,370,79,1480,5753,7233
1671,dinov2,MQ,std_ctrl__tvn_efaar_e0.1_c304,0.23103470975185433,-0.021041465982664428,-0.004861308986058393,370,54,1480,5785,7265
1672,dinov2,MQ,std_ctrl__tvn_efaar_e0.1_c304,0.22300393051990583,0.011122253465982945,0.0024803062391528423,370,58,1480,5529,7009
1673,dinov2,MQ,std_ctrl__tvn_efaar_e0.1_c304,0.21742156209090366,0.051350891758887296,0.011164791100978188,370,107,1480,5657,7137
1674,dinov2,MQ,std_ctrl__tvn_efaar_e0.1_c304,0.2302332867243719,0.0764765103678838,0.017607438339208394,370,55,1480,5785,7265
1675,dinov2,MQ,std_ctrl__tvn_efaar_e0.1_c304,0.23961770781739006,0.009399484154783143,0.0022522828478350144,370,57,1480,5497,6977
1676,dinov2,MQ,std_ctrl__tvn_efaar_e0.1_c304,0.21261461933941897,0.03600842688167561,0.007655917974458761,370,41,1480,5817,7297
1677,dinov2,MQ,std_ctrl__tvn_efaar_e0.1_c304,0.21320201376980835,0.06356503606749324,0.013552193694940057,370,70,1480,5593,7073
1678,dinov2,MQ,std_ctrl__tvn_efaar_e0.1_c304,0.24054457737805682,0.10791918087049082,0.025959373753478288,370,55,1480,5625,7105
1679,dinov2,MQ,std_ctrl__tvn_efaar_e0.1_c304,0.24692330227825016,0.021362322993756563,0.005274855337952965,370,77,1480,5721,7201
1680,dinov2,MQ,std_ctrl__tvn_efaar_e0.1_c304,0.21799657307052914,-0.019268418982719776,-0.004200449306720043,370,89,1480,5913,7393
1681,dinov2,MQ,std_ctrl__tvn_efaar_e0.1_c304,0.24692287747805047,-0.024598485192896057,-0.006073928745431112,370,60,1480,5593,7073
1682,dinov2,MQ,std_ctrl__tvn_efaar_e0.1_c304,0.23684690943215708,0.016290641364925744,0.0038583880599503194,370,73,1480,5849,7329
1683,dinov2,MQ,std_ctrl__tvn_efaar_e0.1_c304,0.23311402077544935,0.14071258798979408,0.0328020771600201,370,84,1480,5689,7169
1684,dinov2,MQ,std_ctrl__tvn_efaar_e0.1_c304,0.21493687529096384,0.05137252176155044,0.011041849303244693,370,84,1480,5721,7201
1685,dinov2,MQ,std_ctrl__tvn_efaar_e0.1_c304,0.2488349136873502,0.08430299022645711,0.02097752729658598,370,69,1480,5657,7137
1686,dinov2,MQ,std_ctrl__tvn_efaar_e0.1_c304,0.1930742813568392,0.06647300881225215,0.012834228406052424,370,95,1480,5689,7169
1687,dinov2,MQ,std_ctrl__tvn_efaar_e0.1_c304,0.23575069683068853,-0.005638091979112824,-0.0013291841128713641,370,52,1480,5721,7201
1688,dinov2,MQ,std_ctrl__tvn_efaar_e0.1_c304,0.18803747791055186,-0.05608819577645504,-0.010546682874357872,370,72,1480,5529,7009
1689,dinov2,MQ,std_ctrl__tvn_efaar_e0.1_c304,0.23196373408952362,0.031973451967490116,0.007416681310111033,370,52,1480,5529,7009
1690,dinov2,MQ,std_ctrl__tvn_efaar_e0.1_c304,0.25556160600429517,0.015094330481285473,0.003857531339356901,370,61,1480,5849,7329
1691,dinov2,MQ,std_ctrl__tvn_efaar_e0.1_c304,0.19324540962895254,0.018559973556694625,0.0035866296926659797,370,86,1480,5529,7009
1692,dinov2,MQ,std_ctrl__tvn_efaar_e0.1_c304,0.1988679121503687,-0.039495291135471,-0.007854346087882082,370,80,1480,5497,6977
1693,dinov2,MQ,std_ctrl__tvn_efaar_e0.1_c304,0.22013174797748322,0.02222283110457657,0.004891950656058825,370,79,1480,5817,7297
1694,dinov2,MQ,std_ctrl__tvn_efaar_e0.1_c304,0.21002977731436578,0.05871747813883151,0.012332418857959923,370,50,1480,5753,7233
1695,dinov2,MQ,std_ctrl__tvn_efaar_e0.1_c304,0.20165184093310093,-0.03798097863370333,-0.0076589342619270495,370,86,1480,5721,7201
1696,dinov2,MQ,std_ctrl__tvn_efaar_e0.1_c304,0.21888158009475392,0.016767412759190057,0.003670077798832457,370,76,1480,5689,7169
1697,dinov2,MQ,std_ctrl__tvn_efaar_e0.1_c304,0.2149647545436713,0.016334185675403453,0.0035112742143838553,370,74,1480,5913,7393
1698,dinov2,MQ,std_ctrl__tvn_efaar_e0.1_c304,0.23186830596049207,-0.02504565137092372,-0.005807292755053159,370,65,1480,5625,7105
1699,dinov2,MQ,std_ctrl__tvn_efaar_e0.1_c304,0.17181182479495372,-0.008149282756258414,-0.0014001431411228083,370,57,1480,5561,7041
1700,dinov2,MQ,std_ctrl__tvn_efaar_e0.1_c304,0.21803479796542719,0.031212901425426053,0.006805498656207564,370,85,1480,5753,7233
1701,dinov2,MQ,std_ctrl__tvn_efaar_e0.1_c304,0.23269626681133204,0.024474374437331293,0.005695095564109687,370,95,1480,5689,7169
1702,dinov2,MQ,std_ctrl__tvn_efaar_e0.1_c304,0.24002416986985972,-0.03623813642950185,-0.008698028614121903,370,59,1480,5689,7169
1703,dinov2,MQ,std_ctrl__tvn_efaar_e0.1_c304,0.18984436363744384,-0.010059680091994197,-0.0019097735654609008,370,81,1480,5529,7009
1704,dinov2,MQ,std_ctrl__tvn_efaar_e0.1_c304,0.22506924860540178,0.05915248150063976,0.01331340456449392,370,85,1480,5689,7169
1705,dinov2,MQ,std_ctrl__tvn_efaar_e0.1_c304,0.2299382917309287,-0.02224315209509595,-0.005114552395457591,370,91,1480,5817,7297
1706,dinov2,MQ,std_ctrl__tvn_efaar_e0.1_c304,0.19289274372265106,0.0673155408032007,0.012984679360703452,370,40,1480,5625,7105
1707,dinov2,MQ,std_ctrl__tvn_efaar_e0.1_c304,0.21912963283573997,0.005736717822838921,0.0012570848702009383,370,95,1480,5817,7297
1708,dinov2,MQ,std_ctrl__tvn_efaar_e0.1_c304,0.2394451787401939,0.03128339781640571,0.0074906587817498566,370,99,1480,5497,6977
1709,dinov2,MQ,std_ctrl__tvn_efaar_e0.1_c304,0.22060699585172575,0.03873198900316732,0.00854454773735082,370,89,1480,5817,7297
1710,dinov2,MQ,std_ctrl__tvn_efaar_e0.1_c304,0.22245829251612922,-0.006446640211061782,-0.001434108573818623,370,75,1480,5657,7137
1711,dinov2,MQ,std_ctrl__tvn_efaar_e0.1_c304,0.21589286929081436,0.08454265899049375,0.018252157226932558,370,79,1480,5689,7169
1712,dinov2,MQ,std_ctrl__tvn_efaar_e0.1_c304,0.229480998942374,-0.006521704387599521,-0.0014966072376732015,370,91,1480,5625,7105
1713,dinov2,MQ,std_ctrl__tvn_efaar_e0.1_c304,0.2590262139831358,0.035096949079762595,0.009091029842489808,370,71,1480,5753,7233
1714,dinov2,MQ,std_ctrl__tvn_efaar_e0.1_c304,0.20841636621783657,0.018815450126439186,0.003921447744105389,370,87,1480,5817,7297
1715,dinov2,MQ,std_ctrl__tvn_efaar_e0.1_c304,0.2302940632835212,0.03845449849293927,0.008855842709469026,370,71,1480,5529,7009
1716,dinov2,MQ,std_ctrl__tvn_efaar_e0.1_c304,0.25659463809788907,-0.011030151100347843,-0.0028302776297587876,370,80,1480,5721,7201
1717,dinov2,MQ,std_ctrl__tvn_efaar_e0.1_c304,0.22463962673304183,0.022509795561067046,0.005056592072675183,370,63,1480,5721,7201
1718,dinov2,MQ,std_ctrl__tvn_efaar_e0.1_c304,0.21275636232708003,0.030003038668355332,0.006383337365838,370,80,1480,5657,7137
1719,dinov2,MQ,std_ctrl__tvn_efaar_e0.1_c304,0.23192118186276894,-0.045960322896069376,-0.010659172404850889,370,72,1480,5689,7169
1720,dinov2,MQ,std_ctrl__tvn_efaar_e0.1_c304,0.22216214943996831,0.08505593968121399,0.01889621038221479,370,61,1480,5497,6977
1721,dinov2,MQ,std_ctrl__tvn_efaar_e0.1_c304,0.21089874000271971,-0.053656608450984834,-0.011316111115131984,370,61,1480,5721,7201
1722,dinov2,MQ,std_ctrl__tvn_efaar_e0.1_c304,0.18930915821760397,0.03076371491172311,0.005823852973584653,370,68,1480,5497,6977
1723,dinov2,MQ,std_ctrl__tvn_efaar_e0.1_c304,0.20954589628664363,0.09077209134266224,0.019020919238211247,370,70,1480,5817,7297
1724,dinov2,MQ,std_ctrl__tvn_efaar_e0.1_c304,0.21905582021044906,0.03103150942575219,0.0067976327496264265,370,65,1480,5401,6881
1725,dinov2,MQ,std_ctrl__tvn_efaar_e0.1_c304,0.21559769481481833,0.02821031077985426,0.006082077974146199,370,78,1480,5721,7201
1726,dinov2,MQ,std_ctrl__tvn_efaar_e0.1_c304,0.2040699865412649,0.05360662318398119,0.0109395028716777,370,61,1480,5593,7073
1727,dinov2,MQ,std_ctrl__tvn_efaar_e0.1_c304,0.24240258249262478,0.02762494601249003,0.00669635825464692,370,97,1480,5529,7009
1728,dinov2,MQ,std_ctrl__tvn_efaar_e0.1_c304,0.2201533452630642,-0.005719620826387284,-0.0012591936585654524,370,68,1480,5785,7265
1729,dinov2,MQ,std_ctrl__tvn_efaar_e0.1_c304,0.252171294260534,0.03630943867946059,0.009156198145673072,370,51,1480,5593,7073
1730,dinov2,MQ,std_ctrl__tvn_efaar_e0.1_c304,0.21886689807450063,-0.006011850555956649,-0.0013157950828696938,370,54,1480,5593,7073
1731,dinov2,MQ,std_ctrl__tvn_efaar_e0.1_c304,0.20472967561791636,0.015505513520403219,0.0031744387533213674,370,70,1480,5593,7073
1732,dinov2,MQ,std_ctrl__tvn_efaar_e0.1_c304,0.20893043840937459,0.059992062309203203,0.012534167879344343,370,52,1480,5433,6913
1733,dinov2,MQ,std_ctrl__tvn_efaar_e0.1_c304,0.20378165632645703,-0.001015929748341561,-0.00020702784682836398,370,80,1480,5753,7233
1734,dinov2,MQ,std_ctrl__tvn_efaar_e0.1_c304,0.22200423272545805,0.06844275896219551,0.015194582189015681,370,57,1480,5721,7201
1735,dinov2,MQ,std_ctrl__tvn_efaar_e0.1_c304,0.22886604527103707,-0.03400438813869491,-0.007782449835164466,370,65,1480,5753,7233
1736,dinov2,MQ,std_ctrl__tvn_efaar_e0.1_c304,0.24453012336999222,0.010619431043285167,0.0025967707831336473,370,65,1480,5625,7105
1737,dinov2,MQ,std_ctrl__tvn_efaar_e0.1_c304,0.23820052784558265,0.0175998156179705,0.0041922853701855025,370,85,1480,5721,7201
1738,dinov2,MQ,std_ctrl__tvn_efaar_e0.1_c304,0.22737763554697318,0.004297163400113818,0.0009770788534768718,370,86,1480,5593,7073
1739,dinov2,MQ,std_ctrl__tvn_efaar_e0.1_c304,0.23409420974087794,0.020593003595034416,0.00482070290277064,370,92,1480,5657,7137
1740,dinov2,MQ,std_ctrl__tvn_efaar_e0.1_c304,0.18295100665960856,0.03544953171073053,0.006485527512089866,370,77,1480,5529,7009
1741,dinov2,MQ,std_ctrl__tvn_efaar_e0.1_c304,0.21686386577832237,0.05385070752539802,0.01167827260885561,370,81,1480,5657,7137
1742,dinov2,MQ,std_ctrl__tvn_efaar_e0.1_c304,0.2308831998771336,0.030396742978953055,0.007018097284823476,370,77,1480,5529,7009
1743,dinov2,MQ,std_ctrl__tvn_efaar_e0.1_c304,0.24062524687258424,0.008804303396979964,0.002118537678439436,370,44,1480,5625,7105
1744,dinov2,MQ,std_ctrl__tvn_efaar_e0.1_c304,0.22058704408960525,0.04729891917779244,0.010433528770062376,370,92,1480,5657,7137
1745,dinov2,MQ,std_ctrl__tvn_efaar_e0.1_c304,0.19843955489629403,0.0561867444927887,0.01114967256822079,370,70,1480,5785,7265
1746,dinov2,MQ,std_ctrl__tvn_efaar_e0.1_c304,0.20564261141664547,0.01820717745213108,0.003744171517782501,370,82,1480,5721,7201
1747,dinov2,MQ,std_ctrl__tvn_efaar_e0.1_c304,0.20834262901931438,0.031792109718253594,0.006623651720771448,370,57,1480,5785,7265
1748,dinov2,MQ,std_ctrl__tvn_efaar_e0.1_c304,0.22856583293164007,0.0949709417254715,0.021707112399784644,370,73,1480,5817,7297
1749,dinov2,MQ,std_ctrl__tvn_efaar_e0.1_c304,0.21562136913962227,0.01266956234200565,0.0027318283785830576,370,68,1480,5881,7361
1750,dinov2,MQ,std_ctrl__tvn_efaar_e0.1_c304,0.20343233944121591,0.06761171870117236,0.013754410109020902,370,59,1480,5497,6977
1751,dinov2,MQ,std_ctrl__tvn_efaar_e0.1_c304,0.20971033985345092,0.046647947847556846,0.0097825569965772,370,60,1480,5625,7105
1752,dinov2,MQ,std_ctrl__tvn_efaar_e0.1_c304,0.2016739205832812,0.039807282741063106,0.008028090778157382,370,62,1480,5625,7105
1753,dinov2,MQ,std_ctrl__tvn_efaar_e0.1_c304,0.2140365250626884,0.003461417488843669,0.0007408697711033159,370,86,1480,5529,7009
1754,dinov2,MQ,std_ctrl__tvn_efaar_e0.1_c304,0.22625409457028864,-0.0021211342153752352,-0.0004799153013617835,370,66,1480,5465,6945
1755,dinov2,MQ,std_ctrl__tvn_efaar_e0.1_c304,0.25771882167541,-0.0226858551311307,-0.005846571853094058,370,56,1480,5689,7169
1756,dinov2,MQ,std_ctrl__tvn_efaar_e0.1_c304,0.24613656013218166,0.03171764865275525,0.007806872934870302,370,66,1480,5753,7233
1757,dinov2,MQ,std_ctrl__tvn_efaar_e0.1_c304,0.25829752486112123,-0.014779247990759508,-0.00381744317532188,370,64,1480,5657,7137
1758,dinov2,MQ,std_ctrl__tvn_efaar_e0.1_c304,0.21710436692921928,-0.006759968924266552,-0.0014676187737640853,370,66,1480,5721,7201
1759,dinov2,MQ,std_ctrl__tvn_efaar_e0.1_c304,0.20933132342517652,-0.012285312770449494,-0.002571700780930414,370,99,1480,5625,7105
1760,dinov2,MQ,std_ctrl__tvn_efaar_e0.1_c304,0.24123881271289468,0.031600858682147674,0.007623353629189275,370,100,1480,5977,7457
1761,dinov2,MQ,std_ctrl__tvn_efaar_e0.1_c304,0.20234219330310238,0.024749761252054022,0.005007920975468748,370,58,1480,5689,7169
1762,dinov2,MQ,std_ctrl__tvn_efaar_e0.1_c304,0.2249759194583313,-0.003009514589262727,-0.0006770683118426443,370,58,1480,5657,7137
1763,dinov2,MQ,std_ctrl__tvn_efaar_e0.1_c304,0.2107623013258857,0.02217154687000561,0.00467292624227712,370,61,1480,5465,6945
1764,dinov2,MQ,std_ctrl__tvn_efaar_e0.1_c304,0.21089383890511074,-0.010029909391119819,-0.0021152460953636804,370,67,1480,5433,6913
1765,dinov2,MQ,std_ctrl__tvn_efaar_e0.1_c304,0.21227022732973258,-0.03814347969121363,-0.008096725105200955,370,58,1480,5817,7297
1766,dinov2,MQ,std_ctrl__tvn_efaar_e0.1_c304,0.2109863885059366,0.07402422281487468,0.015618103433669164,370,67,1480,5913,7393
1767,dinov2,MQ,std_ctrl__tvn_efaar_e0.1_c304,0.23305499695773668,0.10352563344510135,0.024127166187595857,370,75,1480,5945,7425
1768,dinov2,MQ,std_ctrl__tvn_efaar_e0.1_c304,0.20800033608836782,0.035003865963400986,0.007280815884779584,370,82,1480,5753,7233
1769,dinov2,MQ,std_ctrl__tvn_efaar_e0.1_c304,0.22421821786486706,-0.047654897796639985,-0.010685096256494997,370,55,1480,5817,7297
1770,dinov2,MQ,std_ctrl__tvn_efaar_e0.1_c304,0.21475208143537966,0.01022502024169463,0.0021958443796228104,370,64,1480,5849,7329
1771,dinov2,MQ,std_ctrl__tvn_efaar_e0.1_c304,0.22626020317307016,0.02847833628119242,0.006443514153013612,370,66,1480,5913,7393
1772,dinov2,MQ,std_ctrl__tvn_efaar_e0.1_c304,0.20276263538220585,-0.022538025661350946,-0.004569869479407301,370,51,1480,5753,7233
1773,dinov2,MQ,std_ctrl__tvn_efaar_e0.1_c304,0.20412639822499773,-0.012419060412899374,-0.0025350580714238024,370,63,1480,5881,7361
1774,dinov2,MQ,std_ctrl__tvn_efaar_e0.1_c304,0.2076895931067176,-0.04211475488063663,-0.008746796304948571,370,57,1480,5849,7329
1775,dinov2,MQ,std_ctrl__tvn_efaar_e0.1_c304,0.23079427034997693,0.009449175963230309,0.0021808156718422797,370,52,1480,5913,7393
1776,dinov2,MQ,std_ctrl__tvn_efaar_e0.1_c304,0.22016350948897878,0.0797338782969601,0.017554490471025856,370,77,1480,5561,7041
1777,dinov2,MQ,std_ctrl__tvn_efaar_e0.1_c304,0.218229364214037,0.018903389374043414,0.004125274644587877,370,81,1480,5593,7073
1778,dinov2,MQ,std_ctrl__tvn_efaar_e0.1_c304,0.20865102518693543,-0.016958037435266103,-0.0035383118960267018,370,86,1480,5913,7393
1779,dinov2,MQ,std_ctrl__tvn_efaar_e0.1_c304,0.20574720596617604,-0.02485398998429649,-0.0051136389963803265,370,50,1480,5881,7361
1780,dinov2,MQ,std_ctrl__tvn_efaar_e0.1_c304,0.17655277062151992,0.01392150308671106,0.0024578799411748794,370,56,1480,5689,7169
1781,dinov2,MQ,std_ctrl__tvn_efaar_e0.1_c304,0.2267176467954155,0.019165569729396505,0.004345172868542224,370,65,1480,5689,7169
1782,dinov2,MQ,std_ctrl__tvn_efaar_e0.1_c304,0.23329791819268916,-0.006164040485201926,-0.001438057812853063,370,84,1480,5721,7201
1783,dinov2,MQ,std_ctrl__tvn_efaar_e0.1_c304,0.22772589930512005,0.014896111489517536,0.003392230385099712,370,61,1480,5657,7137
1784,dinov2,MQ,std_ctrl__tvn_efaar_e0.1_c304,0.22924269980318462,0.0028975838436960354,0.0006642499432349681,370,42,1480,5762,7242
1785,dinov2,MQ,std_ctrl__tvn_efaar_e0.1_c304,0.2255142534421888,0.1200464093406024,0.027072176380861353,370,66,1480,5433,6913
1786,dinov2,MQ,std_ctrl__tvn_efaar_e0.1_c304,0.23259812063375399,-0.004673544139826649,-0.001087057583622573,370,98,1480,5817,7297
1787,dinov2,MQ,std_ctrl__tvn_efaar_e0.1_c304,0.22256382425798063,0.026347818132421055,0.005864071164405395,370,86,1480,5657,7137
1788,dinov2,MQ,std_ctrl__tvn_efaar_e0.1_c304,0.22173342323544107,-0.003289411790425699,-0.0007293725367221116,370,93,1480,5625,7105
1789,dinov2,MQ,std_ctrl__tvn_efaar_e0.1_c304,0.2116083527442176,0.02046250920654305,0.004330037866209962,370,84,1480,5689,7169
1790,dinov2,MQ,std_ctrl__tvn_efaar_e0.1_c304,0.21274738700534737,-0.01756225341007389,-0.0037363235229189717,370,94,1480,5471,6951
1791,dinov2,MQ,std_ctrl__tvn_efaar_e0.1_c304,0.1971242876338373,-0.0027852243013363606,-0.0005490353563013823,370,103,1480,5689,7169
1792,dinov2,MQ,std_ctrl__tvn_efaar_e0.1_c304,0.2422321923707516,-0.002982516186556657,-0.0007224614346508727,370,67,1480,5721,7201
1793,dinov2,MQ,std_ctrl__tvn_efaar_e0.1_c304,0.22703097042204506,0.04528264471945246,0.010280562773933986,370,58,1480,5593,7073
1794,dinov2,MQ,std_ctrl__tvn_efaar_e0.1_c304,0.21112863636336945,0.10389653615348286,0.02193553400096235,370,62,1480,5945,7425
1795,dinov2,MQ,std_ctrl__tvn_efaar_e0.1_c304,0.20978730550688868,-0.0137103077233678,-0.002876248514955616,370,70,1480,5593,7073
1796,dinov2,MQ,std_ctrl__tvn_efaar_e0.1_c304,0.22409844524757444,0.013670758478494518,0.0030635957203857178,370,104,1480,5753,7233
1797,dinov2,MQ,std_ctrl__tvn_efaar_e0.1_c304,0.23358905826019916,0.04416940804257086,0.010317490428574593,370,71,1480,5785,7265
1798,dinov2,MQ,std_ctrl__tvn_efaar_e0.1_c304,0.2445387367739348,-0.036017605941345586,-0.00880769985851802,370,55,1480,5497,6977
1799,dinov2,MQ,std_ctrl__tvn_efaar_e0.1_c304,0.20414972342135113,-0.018354076365163077,-0.0037469796136024,370,93,1480,5753,7233
1800,dinov2,MQ,std_ctrl__tvn_efaar_e0.1_c304,0.19829665108801725,0.02744138018523238,0.0054415337919646554,370,88,1480,5721,7201
1801,dinov2,MQ,std_ctrl__tvn_efaar_e0.1_c304,0.2266621475624833,0.019254776094239773,0.004364328900355151,370,73,1480,5753,7233
1802,dinov2,MQ,std_ctrl__tvn_efaar_e0.1_c304,0.20332746294331192,0.0006040477385969805,0.0001228194941855689,370,85,1480,5849,7329
1803,dinov2,MQ,std_ctrl__tvn_efaar_e0.1_c304,0.2284100151724225,0.04035993578071532,0.009218613544031183,370,70,1480,5753,7233
1804,dinov2,MQ,std_ctrl__tvn_efaar_e0.1_c304,0.22446710571600192,0.04347881980507109,0.00975956484159189,370,49,1480,5657,7137
1805,dinov2,MQ,std_ctrl__tvn_efaar_e0.1_c304,0.21235346908984595,0.002008330265937268,0.0004264758990499117,370,50,1480,5657,7137
1806,dinov2,MQ,std_ctrl__tvn_efaar_e0.1_c304,0.21948454540052942,0.07030162229157559,0.015430119609586193,370,50,1480,5625,7105
1807,dinov2,MQ,std_ctrl__tvn_efaar_e0.1_c304,0.2347924880153818,-0.0043002234330031695,-0.0010096601588568607,370,92,1480,5785,7265
1808,dinov2,MQ,std_ctrl__tvn_efaar_e0.1_c304,0.2288365430021899,-0.05218612935418785,-0.011942093434077452,370,97,1480,5433,6913
1809,dinov2,MQ,std_ctrl__tvn_efaar_e0.1_c304,0.23298103009117122,0.12936057961691885,0.03013856109234072,370,64,1480,5689,7169
1810,dinov2,MQ,std_ctrl__tvn_efaar_e0.1_c304,0.24668875828300482,0.003138260985165757,0.0007741737055985401,370,55,1480,5945,7425
1811,dinov2,MQ,std_ctrl__tvn_efaar_e0.1_c304,0.21949590458562937,0.023055971873992432,0.005060691402582797,370,98,1480,5657,7137
1812,dinov2,MQ,std_ctrl__tvn_efaar_e0.1_c304,0.2260172881890031,0.021630641107220884,0.0048888988448436395,370,80,1480,5657,7137
1813,dinov2,MQ,std_ctrl__tvn_efaar_e0.1_c304,0.2639153344336277,0.01577029936522576,0.004162023831091983,370,39,1480,5593,7073
1814,dinov2,MQ,std_ctrl__tvn_efaar_e0.1_c304,0.23834677378347155,-0.005118603534394114,-0.0012200026386995119,370,85,1480,5721,7201
1815,dinov2,MQ,std_ctrl__tvn_efaar_e0.1_c304,0.2170409163615336,-0.02130836359318275,-0.004624786760429125,370,73,1480,5625,7105
1816,dinov2,MQ,std_ctrl__tvn_efaar_e0.1_c304,0.20875827017566012,-0.017614918920200444,-0.0036772600030655516,370,91,1480,5849,7329
1817,dinov2,MQ,std_ctrl__tvn_efaar_e0.1_c304,0.20474627367031184,0.023172159033900717,0.004744413215087025,370,58,1480,5497,6977
1818,dinov2,MQ,std_ctrl__tvn_efaar_e0.1_c304,0.22691269801261318,0.004313850708765336,0.0009788675031495659,370,89,1480,5657,7137
1819,dinov2,MQ,std_ctrl__tvn_efaar_e0.1_c304,0.20937811711726131,-0.05113248083643933,-0.010706022561068113,370,81,1480,5785,7265
1820,dinov2,MQ,std_ctrl__tvn_efaar_e0.1_c304,0.1950404780550152,0.006393631124094534,0.001247016870950822,370,76,1480,5753,7233
1821,dinov2,MQ,std_ctrl__tvn_efaar_e0.1_c304,0.20458582237610862,0.0001634727645889525,3.3444209979526856e-05,370,90,1480,5753,7233
1822,dinov2,MQ,std_ctrl__tvn_efaar_e0.1_c304,0.22305976271907288,0.008818343938071337,0.0019670177064013672,370,58,1480,5817,7297
1823,dinov2,MQ,std_ctrl__tvn_efaar_e0.1_c304,0.2319488488587322,-0.01978581156215952,-0.004589296215578695,370,64,1480,5817,7297
1824,dinov2,MQ,std_ctrl__tvn_efaar_e0.1_c304,0.216502392065925,0.09044496664072432,0.019581551628039606,370,77,1480,5497,6977
1825,dinov2,MQ,std_ctrl__tvn_efaar_e0.1_c304,0.21660462372943134,0.04255939464573054,0.009218561663390839,370,83,1480,5753,7233
1826,dinov2,MQ,std_ctrl__tvn_efaar_e0.1_c304,0.23986990166331928,0.0955686885653284,0.022924051928257708,370,78,1480,5529,7009
1827,dinov2,MQ,std_ctrl__tvn_efaar_e0.1_c304,0.2191435967772177,0.029935519018098194,0.006560177309018843,370,69,1480,5849,7329
1828,dinov2,MQ,std_ctrl__tvn_efaar_e0.1_c304,0.22393800791101207,-0.014467945889470365,-0.003239922981052309,370,55,1480,5625,7105
1829,dinov2,MQ,std_ctrl__tvn_efaar_e0.1_c304,0.22910143479185593,0.005599544543518444,0.0012828636891009835,370,78,1480,5689,7169
1830,dinov2,MQ,std_ctrl__tvn_efaar_e0.1_c304,0.24953220896438033,0.018382247211988518,0.004586962752536817,370,57,1480,5753,7233
1831,dinov2,MQ,std_ctrl__tvn_efaar_e0.1_c304,0.22644769878063387,0.05899611291082965,0.013359534005659817,370,68,1480,5881,7361
1832,dinov2,MQ,std_ctrl__tvn_efaar_e0.1_c304,0.24214289972564113,0.009753285167890577,0.0023616887524041106,370,66,1480,5753,7233
1833,dinov2,MQ,std_ctrl__tvn_efaar_e0.1_c304,0.1974289666336067,0.035135847736358666,0.006936834110385041,370,64,1480,5689,7169
1834,dinov2,MQ,std_ctrl__tvn_efaar_e0.1_c304,0.22624353672294134,-0.01270931203170152,-0.002875399703367583,370,66,1480,5721,7201
1835,dinov2,MQ,std_ctrl__tvn_efaar_e0.1_c304,0.2493995989848515,0.102137487077689,0.02547304831849609,370,53,1480,5657,7137
1836,dinov2,MQ,std_ctrl__tvn_efaar_e0.1_c304,0.2047134979002639,0.07965126216330866,0.01630568848962186,370,76,1480,5721,7201
1837,dinov2,MQ,std_ctrl__tvn_efaar_e0.1_c304,0.19006706045037058,0.07375552612010812,0.014018496041619477,370,83,1480,5881,7361
1838,dinov2,MQ,std_ctrl__tvn_efaar_e0.1_c304,0.22099054144796873,0.04760404179709122,0.010520042971850923,370,44,1480,5593,7073
1839,dinov2,MQ,std_ctrl__tvn_efaar_e0.1_c304,0.23750286665532078,0.10313306976445967,0.02449439971602236,370,52,1480,5945,7425
1840,dinov2,MQ,std_ctrl__tvn_efaar_e0.1_c304,0.2337038895046921,0.013077824547786044,0.0030563384630775394,370,83,1480,5657,7137
1841,dinov2,MQ,std_ctrl__tvn_efaar_e0.1_c304,0.23327138857445076,0.07904290783193291,0.01843844886691732,370,69,1480,5593,7073
1842,dinov2,MQ,std_ctrl__tvn_efaar_e0.1_c304,0.21852184059396287,0.03585990025575565,0.007836171407403645,370,71,1480,5497,6977
1843,dinov2,MQ,std_ctrl__tvn_efaar_e0.1_c304,0.22331130443245575,-0.018986999369285683,-0.0042400115964134006,370,60,1480,5625,7105
1844,dinov2,MQ,std_ctrl__tvn_efaar_e0.1_c304,0.20320422388929388,-0.0212104085235063,-0.004310044602393962,370,77,1480,5817,7297
1845,dinov2,MQ,std_ctrl__tvn_efaar_e0.1_c304,0.24996902719624228,0.041912608418139104,0.010476853953539266,370,51,1480,5625,7105
1846,dinov2,MQ,std_ctrl__tvn_efaar_e0.1_c304,0.24071887088656463,0.07778872317802815,0.018725213611122477,370,45,1480,5433,6913
1847,dinov2,MQ,std_ctrl__tvn_efaar_e0.1_c304,0.22413307572252497,0.07573826876453946,0.01697545112809547,370,67,1480,5817,7297
1848,dinov2,MQ,std_ctrl__tvn_efaar_e0.1_c304,0.24044586199408438,0.05692178244527023,0.01368660704629274,370,71,1480,5529,7009
1849,dinov2,MQ,std_ctrl__tvn_efaar_e0.1_c304,0.1934755051492888,0.027764771642199534,0.0053718032188292035,370,68,1480,5689,7169
1850,dinov2,MQ,std_ctrl__tvn_efaar_e0.1_c304,0.1915961408468437,-0.044074723492895894,-0.008444546930130572,370,67,1480,5433,6913
1851,dinov2,MQ,std_ctrl__tvn_efaar_e0.1_c304,0.19386915602030652,-0.017843207122466762,-0.003459247505528153,370,63,1480,5657,7137
1852,dinov2,MQ,std_ctrl__tvn_efaar_e0.1_c304,0.23042883899705027,0.02620609725735315,0.0060386405656556695,370,71,1480,6041,7521
1853,dinov2,MQ,std_ctrl__tvn_efaar_e0.1_c304,0.2541908635035032,0.07160429113002031,0.018201156592896096,370,83,1480,5849,7329
1854,dinov2,MQ,std_ctrl__tvn_efaar_e0.1_c304,0.2226926223554884,0.03886232625095314,0.008654353343659292,370,86,1480,5849,7329
1855,dinov2,MQ,std_ctrl__tvn_efaar_e0.1_c304,0.213074853225118,-0.0015753508317547951,-0.00033566764725422054,370,56,1480,5817,7297
1856,dinov2,MQ,std_ctrl__tvn_efaar_e0.1_c304,0.24249964812450914,0.024361739669742016,0.005907713297613334,370,59,1480,5913,7393
1857,dinov2,MQ,std_ctrl__tvn_efaar_e0.1_c304,0.2208672214431469,0.02977689015968219,0.006576738992786789,370,64,1480,5817,7297
1858,dinov2,MQ,std_ctrl__tvn_efaar_e0.1_c304,0.20379005950677756,0.008403872337747939,0.0017126256437970144,370,66,1480,5625,7105
1859,dinov2,MQ,std_ctrl__tvn_efaar_e0.1_c304,0.19882456203685148,0.06036628961618285,0.01200230109472729,370,88,1480,5561,7041
1860,dinov2,MQ,std_ctrl__tvn_efaar_e0.1_c304,0.22020869207068533,-0.01492615048616619,-0.0032868680762088804,370,66,1480,5625,7105
1861,dinov2,MQ,std_ctrl__tvn_efaar_e0.1_c304,0.21636532490358165,-0.013222834308777574,-0.0028609628413648865,370,90,1480,5945,7425
1862,dinov2,MQ,std_ctrl__tvn_efaar_e0.1_c304,0.21663351910056247,0.017463114607242976,0.003783095971823483,370,73,1480,5817,7297
1863,dinov2,MQ,std_ctrl__tvn_efaar_e0.1_c304,0.19613614156337159,0.14313748745996702,0.028074434503473415,370,75,1480,5561,7041
1864,dinov2,MQ,std_ctrl__tvn_efaar_e0.1_c304,0.22550722942416654,0.0069953460492875,0.0015775011064381131,370,98,1480,5625,7105
1865,dinov2,MQ,std_ctrl__tvn_efaar_e0.1_c304,0.2164734447813166,0.09036180898459331,0.01956093206756624,370,69,1480,5657,7137
1866,dinov2,MQ,std_ctrl__tvn_efaar_e0.1_c304,0.22812693096030223,0.0513569231133215,0.011715897253406243,370,42,1480,5945,7425
1867,dinov2,MQ,std_ctrl__tvn_efaar_e0.1_c304,0.23288279835743386,-0.0672370043442946,-0.015658341724870264,370,71,1480,5753,7233
1868,dinov2,MQ,std_ctrl__tvn_efaar_e0.1_c304,0.17211499111922102,-0.026277001538285782,-0.004522665886401814,370,62,1480,5913,7393
1869,dinov2,MQ,std_ctrl__tvn_efaar_e0.1_c304,0.19679390816110556,-0.017582480041637847,-0.00346012496255855,370,72,1480,5689,7169
1870,dinov2,MQ,std_ctrl__tvn_efaar_e0.1_c304,0.23300709133857583,0.020844982806270094,0.004857028812691618,370,77,1480,5785,7265
1871,dinov2,MQ,std_ctrl__tvn_efaar_e0.1_c304,0.19880342539928303,0.011913156967398114,0.00236837641243808,370,74,1480,5593,7073
1872,dinov2,MQ,std_ctrl__tvn_efaar_e0.1_c304,0.23574912452885782,0.07432109533830106,0.01752113316003025,370,82,1480,5881,7361
1873,dinov2,MQ,std_ctrl__tvn_efaar_e0.1_c304,0.22482960802977145,0.027884708112557555,0.006269307994970903,370,63,1480,5529,7009
1874,dinov2,MQ,std_ctrl__tvn_efaar_e0.1_c304,0.19726760165403887,0.03492249881109671,0.006889077584231071,370,94,1480,5529,7009
1875,dinov2,MQ,std_ctrl__tvn_efaar_e0.1_c304,0.2050886567951716,-0.012703539812630714,-0.002605351916716419,370,62,1480,5593,7073
1876,dinov2,MQ,std_ctrl__tvn_efaar_e0.1_c304,0.21801065618910087,0.029433337699482868,0.006416781265699661,370,61,1480,5721,7201
1877,dinov2,MQ,std_ctrl__tvn_efaar_e0.1_c304,0.24327245383912063,0.05073477739190346,0.012342373791109897,370,70,1480,5657,7137
1878,dinov2,MQ,std_ctrl__tvn_efaar_e0.1_c304,0.2429477550322614,0.05659142671919913,0.013748760075502162,370,74,1480,5817,7297
1879,dinov2,MQ,std_ctrl__tvn_efaar_e0.1_c304,0.18779307801134035,-0.000257690283656337,-4.839245154143892e-05,370,76,1480,5593,7073
1880,dinov2,MQ,std_ctrl__tvn_efaar_e0.1_c304,0.27114780195320615,-0.014820893826515956,-0.004018652784041644,370,74,1480,5625,7105
1881,dinov2,MQ,std_ctrl__tvn_efaar_e0.1_c304,0.2103288734854934,-0.02138488463341908,-0.004497858694564274,370,76,1480,5785,7265
1882,dinov2,MQ,std_ctrl__tvn_efaar_e0.1_c304,0.20254407051791373,-0.010610261315828243,-0.0021490455161666078,370,95,1480,5817,7297
1883,dinov2,MQ,std_ctrl__tvn_efaar_e0.1_c304,0.21768213295959998,0.053611631512329616,0.011670294299048015,370,79,1480,5753,7233
1884,dinov2,MQ,std_ctrl__tvn_efaar_e0.1_c304,0.21296456780492837,-0.011867243638120037,-0.0025273024124280196,370,72,1480,5625,7105
1885,dinov2,MQ,std_ctrl__tvn_efaar_e0.1_c304,0.21837664217612276,0.03437331104782498,0.007506328247099442,370,110,1480,5881,7361
1886,dinov2,MQ,std_ctrl__tvn_efaar_e0.1_c304,0.19047889165693324,0.016326987243227366,0.003109946434186837,370,84,1480,5273,6753
1887,dinov2,MQ,std_ctrl__tvn_efaar_e0.1_c304,0.1929429654018494,-0.003927000706028355,-0.000757687161356267,370,70,1480,5785,7265
1888,dinov2,MQ,std_ctrl__tvn_efaar_e0.1_c304,0.2123819633676438,0.020595721682383095,0.004374159807878074,370,56,1480,5657,7137
1889,dinov2,MQ,std_ctrl__tvn_efaar_e0.1_c304,0.2172953137565319,-0.03544311112059476,-0.007701621951457264,370,75,1480,5817,7297
1890,dinov2,MQ,std_ctrl__tvn_efaar_e0.1_c304,0.20330630996611349,0.03786479173753868,0.007698151085794371,370,70,1480,5561,7041
1891,dinov2,MQ,std_ctrl__tvn_efaar_e0.1_c304,0.20220831460442978,0.03647469422313498,0.007375486444572055,370,60,1480,5433,6913
1892,dinov2,MQ,std_ctrl__tvn_efaar_e0.1_c304,0.2324801156828477,0.07826703428575135,0.01819552918490488,370,109,1480,5689,7169
1893,dinov2,MQ,std_ctrl__tvn_efaar_e0.1_c304,0.2222424294485471,0.0008267110565401794,0.00018373027365746467,370,95,1480,5401,6881
1894,dinov2,MQ,std_ctrl__tvn_efaar_e0.1_c304,0.22597281299158364,-0.051699576595580235,-0.011682698753777107,370,50,1480,5753,7233
1895,dinov2,MQ,std_ctrl__tvn_efaar_e0.1_c304,0.2067379305740605,0.04109576173474405,0.008496052736405649,370,85,1480,5753,7233
1896,dinov2,MQ,std_ctrl__tvn_efaar_e0.1_c304,0.23375584827061255,0.007095083743266669,0.0016585173189583332,370,66,1480,5817,7297
1897,dinov2,MQ,std_ctrl__tvn_efaar_e0.1_c304,0.21418041896464413,0.017643081039554864,0.0037788024888790296,370,79,1480,5435,6915
1898,dinov2,MQ,std_ctrl__tvn_efaar_e0.1_c304,0.2256756856084192,0.02290277520584328,0.005168599496914186,370,106,1480,5625,7105
1899,dinov2,MQ,std_ctrl__tvn_efaar_e0.1_c304,0.22022914629027845,-0.01702418267416073,-0.003749221216620167,370,49,1480,5657,7137
1900,dinov2,MQ,std_ctrl__tvn_efaar_e0.1_c304,0.22758301510249543,0.017589417940979405,0.00400305276890602,370,74,1480,5529,7009
1901,dinov2,MQ,std_ctrl__tvn_efaar_e0.1_c304,0.17228468213573137,-0.024832855578131193,-0.004278320629800856,370,106,1480,5721,7201
1902,dinov2,MQ,std_ctrl__tvn_efaar_e0.1_c304,0.23439880452248407,0.026289103903451006,0.006162134526936285,370,70,1480,5785,7265
1903,dinov2,MQ,std_ctrl__tvn_efaar_e0.1_c304,0.20829412589826352,0.010359961960291523,0.002157919220858183,370,72,1480,5689,7169
1904,dinov2,MQ,std_ctrl__tvn_efaar_e0.1_c304,0.211988154799362,-0.007206418099675286,-0.0015276752756628888,370,84,1480,5753,7233
1905,dinov2,MQ,std_ctrl__tvn_efaar_e0.1_c304,0.21762220391218354,-0.008145581505320259,-0.0017726593993341163,370,80,1480,5593,7073
1906,dinov2,MQ,std_ctrl__tvn_efaar_e0.1_c304,0.2012734320459467,-0.05463571243493365,-0.010996717354054502,370,66,1480,5404,6884
1907,dinov2,MQ,std_ctrl__tvn_efaar_e0.1_c304,0.24014053466897042,0.08120415219767836,0.01950040852609093,370,99,1480,5817,7297
1908,dinov2,MQ,std_ctrl__tvn_efaar_e0.1_c304,0.23262216476992614,0.0402546071877202,0.0093641138659705,370,74,1480,5625,7105
1909,dinov2,MQ,std_ctrl__tvn_efaar_e0.1_c304,0.2186196931458865,0.01632920116373564,0.0035698849477333386,370,42,1480,5721,7201
1910,dinov2,MQ,std_ctrl__tvn_efaar_e0.1_c304,0.21749505163286964,0.014843115181962926,0.003228304102893658,370,54,1480,5657,7137
1911,dinov2,MQ,std_ctrl__tvn_efaar_e0.1_c304,0.1907131024083364,-0.003101410338508645,-0.0005914795874982724,370,76,1480,5497,6977
1912,dinov2,MQ,std_ctrl__tvn_efaar_e0.1_c304,0.22385283998177988,0.02440267326864513,0.005462607714333676,370,75,1480,5657,7137
1913,dinov2,MQ,std_ctrl__tvn_efaar_e0.1_c304,0.20676237174420634,-0.023698407724982395,-0.004899938987778581,370,58,1480,5657,7137
1914,dinov2,MQ,std_ctrl__tvn_efaar_e0.1_c304,0.23872404350760462,-0.001474366375988878,-0.00035196670288771824,370,80,1480,5913,7393
1915,dinov2,MQ,std_ctrl__tvn_efaar_e0.1_c304,0.21360871016858865,0.05408126416178909,0.011552229081886486,370,75,1480,5721,7201
1916,dinov2,MQ,std_ctrl__tvn_efaar_e0.1_c304,0.2701404566666926,0.015391132886872813,0.004157767666677573,370,79,1480,5817,7297
1917,dinov2,MQ,std_ctrl__tvn_efaar_e0.1_c304,0.2068946627758009,-0.0009181264385837157,-0.00018995545989632494,370,63,1480,5854,7334
1918,dinov2,MQ,std_ctrl__tvn_efaar_e0.1_c304,0.23640475656918394,0.020289322189437596,0.004796492273147737,370,66,1480,5817,7297
1919,dinov2,MQ,std_ctrl__tvn_efaar_e0.1_c304,0.23184336373483053,0.025907915876391466,0.006006578364141617,370,81,1480,5849,7329
1920,dinov2,MQ,std_ctrl__tvn_efaar_e0.1_c304,0.25395557576741684,0.000714275769855028,0.00018139431439024857,370,55,1480,5817,7297
1921,dinov2,MQ,std_ctrl__tvn_efaar_e0.1_c304,0.24765757863141258,-0.014753211775012058,-0.003653744705235931,370,97,1480,5817,7297
1922,dinov2,MQ,std_ctrl__tvn_efaar_e0.1_c304,0.2416882687825366,-0.005741710825835409,-0.0013877041493461086,370,69,1480,5817,7297
1923,dinov2,MQ,std_ctrl__tvn_efaar_e0.1_c304,0.24681248988500679,0.03924849978235436,0.009687019955534027,370,50,1480,5753,7233
1924,dinov2,MQ,std_ctrl__tvn_efaar_e0.1_c304,0.20715784502113568,0.004934539346323646,0.00102222853715641,370,83,1480,5721,7201
1925,dinov2,MQ,std_ctrl__tvn_efaar_e0.1_c304,0.19117816461773673,-0.002151617172451247,-0.0004113422219892338,370,78,1480,5849,7329
1926,dinov2,MQ,std_ctrl__tvn_efaar_e0.1_c304,0.22293271605999357,0.03947036484455096,0.008799235638674631,370,62,1480,5657,7137
1927,dinov2,MQ,std_ctrl__tvn_efaar_e0.1_c304,0.24503245498803478,0.0542250303543591,0.013286892309529315,370,67,1480,5593,7073
1928,dinov2,MQ,std_ctrl__tvn_efaar_e0.1_c304,0.20824720407575703,0.061917955282513835,0.012894241069671257,370,81,1480,5369,6849
1929,dinov2,MQ,std_ctrl__tvn_efaar_e0.1_c304,0.2081308325963333,0.032279487904589774,0.00671835669336554,370,88,1480,5881,7361
1930,dinov2,MQ,std_ctrl__tvn_efaar_e0.1_c304,0.19136838160242492,0.0043308802198002054,0.0008287935385771196,370,68,1480,5721,7201
1931,dinov2,MQ,std_ctrl__tvn_efaar_e0.1_c304,0.21274586151951463,0.034686054386004576,0.0073793145230632825,370,77,1480,5689,7169
1932,dinov2,MQ,std_ctrl__tvn_efaar_e0.1_c304,0.21614502877880884,-0.02080670932134955,-0.0044972667850554085,370,51,1480,5945,7425
1933,dinov2,MQ,std_ctrl__tvn_efaar_e0.1_c304,0.20187772099223925,0.09135406972915133,0.01844235140028718,370,83,1480,5753,7233
1934,dinov2,MQ,std_ctrl__tvn_efaar_e0.1_c304,0.25763620947573795,-0.02510002565186713,-0.006466675466690836,370,60,1480,5689,7169
1935,dinov2,MQ,std_ctrl__tvn_efaar_e0.1_c304,0.22367073183611993,0.019450012800633715,0.004350398597339644,370,77,1480,5689,7169
1936,dinov2,MQ,std_ctrl__tvn_efaar_e0.1_c304,0.24227299480545064,-0.02367563808141952,-0.00573596774191548,370,49,1480,5593,7073
1937,dinov2,MQ,std_ctrl__tvn_efaar_e0.1_c304,0.22686529224267865,0.012423403136200316,0.0028184389831426952,370,94,1480,5689,7169
1938,dinov2,MQ,std_ctrl__tvn_efaar_e0.1_c304,0.23090741439726442,0.06213008801530956,0.014346297979889596,370,68,1480,5785,7265
1939,dinov2,MQ,std_ctrl__tvn_efaar_e0.1_c304,0.2022629661966405,-0.022047563215892473,-0.004459405533454354,370,90,1480,5657,7137
1940,dinov2,MQ,std_ctrl__tvn_efaar_e0.1_c304,0.21531506438063697,0.07535405988619322,0.016224864255738065,370,91,1480,5849,7329
1941,dinov2,MQ,std_ctrl__tvn_efaar_e0.1_c304,0.21802522112700898,0.0005834274521977711,0.0001272018992769865,370,57,1480,5689,7169
1942,dinov2,MQ,std_ctrl__tvn_efaar_e0.1_c304,0.19694785878986998,-0.01614903019087834,-0.003180516917626454,370,69,1480,5625,7105
1943,dinov2,MQ,std_ctrl__tvn_efaar_e0.1_c304,0.22131889263904916,0.07755757371679521,0.01716495633077254,370,111,1480,5497,6977
1944,dinov2,MQ,std_ctrl__tvn_efaar_e0.1_c304,0.22661735149002066,0.01611277213366872,0.003651433746094214,370,84,1480,5689,7169
1945,dinov2,MQ,std_ctrl__tvn_efaar_e0.1_c304,0.2072665732472783,0.013479696591549807,0.0027938905209435455,370,76,1480,5625,7105
1946,dinov2,MQ,std_ctrl__tvn_efaar_e0.1_c304,0.23550815306562936,0.031344008354590766,0.0073817695172633275,370,80,1480,5305,6785
1947,dinov2,MQ,std_ctrl__tvn_efaar_e0.1_c304,0.2036721390295995,0.02058142873791465,0.004191863615336347,370,90,1480,5721,7201
1948,dinov2,MQ,std_ctrl__tvn_efaar_e0.1_c304,0.21748521767192103,0.02475178420739787,0.005383147176114342,370,64,1480,5529,7009
1949,dinov2,MQ,std_ctrl__tvn_efaar_e0.1_c304,0.2738308222377583,0.06429584563498446,0.017606184276699775,370,70,1480,5689,7169
1950,dinov2,MQ,std_ctrl__tvn_efaar_e0.1_c304,0.23389052275146505,0.027745306022405686,0.0064893641294798375,370,96,1480,5689,7169
1951,dinov2,MQ,std_ctrl__tvn_efaar_e0.1_c304,0.2348889038691494,0.018412074263810887,0.004324791941783915,370,48,1480,5689,7169
1952,dinov2,MQ,std_ctrl__tvn_efaar_e0.1_c304,0.24897826321418123,0.0803706792958473,0.020010552144424015,370,65,1480,5593,7073
1953,dinov2,MQ,std_ctrl__tvn_efaar_e0.1_c304,0.24146560642460588,0.0948449084175018,0.02290178332731828,370,67,1480,5785,7265
1954,dinov2,MQ,std_ctrl__tvn_efaar_e0.1_c304,0.22092036740768273,0.0004192815810995107,9.262784094377803e-05,370,79,1480,5817,7297
1955,dinov2,MQ,std_ctrl__tvn_efaar_e0.1_c304,0.23407538970169095,-0.03257065032739212,-0.007623987668221819,370,54,1480,5593,7073
1956,dinov2,MQ,std_ctrl__tvn_efaar_e0.1_c304,0.1956288234714119,0.026259647270661688,0.005137143900333818,370,62,1480,5593,7073
1957,dinov2,MQ,std_ctrl__tvn_efaar_e0.1_c304,0.2407426473003089,0.03934164819559449,0.009471212535764838,370,64,1480,5721,7201
1958,dinov2,MQ,std_ctrl__tvn_efaar_e0.1_c304,0.2327263423223153,0.06275894645950719,0.014605660057523128,370,68,1480,5657,7137
1959,dinov2,MQ,std_ctrl__tvn_efaar_e0.1_c304,0.23364308688189347,0.04531696012358821,0.010587994451378823,370,86,1480,5945,7425
1960,dinov2,MQ,std_ctrl__tvn_efaar_e0.1_c304,0.23327871831177657,0.026556975087000282,0.006195177110533207,370,74,1480,5657,7137
1961,dinov2,MQ,std_ctrl__tvn_efaar_e0.1_c304,0.2363957457087683,0.026778113940166992,0.00633023221356014,370,65,1480,5817,7297
1962,dinov2,MQ,std_ctrl__tvn_efaar_e0.1_c304,0.21429652308024408,-0.05805571281497866,-0.012441137401195098,370,82,1480,5564,7044
1963,dinov2,MQ,std_ctrl__tvn_efaar_e0.1_c304,0.22220104818710648,0.01511710985240079,0.00335903765476309,370,72,1480,5689,7169
1964,dinov2,MQ,std_ctrl__tvn_efaar_e0.1_c304,0.2140466992851145,-0.02006181446972146,-0.004294165168914228,370,57,1480,5593,7073
1965,dinov2,MQ,std_ctrl__tvn_efaar_e0.1_c304,0.23306039660847133,0.06769196658144941,0.015776316578679988,370,57,1480,5727,7207
1966,dinov2,MQ,std_ctrl__tvn_efaar_e0.1_c304,0.2366869587598864,0.046690766808623566,0.011051095598100158,370,78,1480,5785,7265
1967,dinov2,MQ,std_ctrl__tvn_efaar_e0.1_c304,0.21215021848290733,0.007090054969374172,0.0015041567108085535,370,62,1480,5785,7265
1968,dinov2,MQ,std_ctrl__tvn_efaar_e0.1_c304,0.21344526604900274,0.1031813558661229,0.02202357195414143,370,90,1480,5817,7297
1969,dinov2,MQ,std_ctrl__tvn_efaar_e0.1_c304,0.2317285831326809,0.08079147546787714,0.01872169413936992,370,45,1480,5689,7169
1970,dinov2,MQ,std_ctrl__tvn_efaar_e0.1_c304,0.22758788629664634,-0.0041290218472580225,-0.0009397153546901275,370,79,1480,5701,7181
1971,dinov2,MQ,std_ctrl__tvn_efaar_e0.1_c304,0.1973858229910608,0.03680928529644263,0.007265631071951082,370,112,1480,5689,7169
1972,dinov2,MQ,std_ctrl__tvn_efaar_e0.1_c304,0.23134300901640056,0.002410736659088704,0.0005577070726597254,370,55,1480,5689,7169
1973,dinov2,MQ,std_ctrl__tvn_efaar_e0.1_c304,0.23463054377404524,0.07924086152169686,0.018592326427959553,370,58,1480,5721,7201
1974,dinov2,MQ,std_ctrl__tvn_efaar_e0.1_c304,0.18886522185952787,-0.006499607598812123,-0.001227549831149525,370,67,1480,5849,7329
1975,dinov2,MQ,std_ctrl__tvn_efaar_e0.1_c304,0.20231249996152478,0.008976644663784294,0.0018160874231964816,370,82,1480,5721,7201
1976,dinov2,MQ,std_ctrl__tvn_efaar_e0.1_c304,0.20836257315342996,-0.0011433454338057045,-0.00023823039659098122,370,65,1480,5497,6977
1977,dinov2,MQ,std_ctrl__tvn_efaar_e0.1_c304,0.21547078436256847,0.010139843665067793,0.0021848400678259783,370,53,1480,5753,7233
1978,dinov2,MQ,std_ctrl__tvn_efaar_e0.1_c304,0.16680636069214985,0.017369025797367692,0.002897263982026971,370,67,1480,5663,7143
1979,dinov2,MQ,std_ctrl__tvn_efaar_e0.1_c304,0.20893688279727402,0.011343507650274361,0.002370077128435355,370,65,1480,5561,7041
1980,dinov2,MQ,std_ctrl__tvn_efaar_e0.1_c304,0.20708154855149724,0.05089843606812579,0.010540126959836868,370,49,1480,5657,7137
1981,dinov2,MQ,std_ctrl__tvn_efaar_e0.1_c304,0.2123961124409337,-0.011306710910043847,-0.002401501441786805,370,41,1480,5657,7137
1982,dinov2,MQ,std_ctrl__tvn_efaar_e0.1_c304,0.20977535616202417,0.020917724780089186,0.004388023165842408,370,74,1480,5753,7233
1983,dinov2,MQ,std_ctrl__tvn_efaar_e0.1_c304,0.2260949713198753,0.06931402733197693,0.015671553021688378,370,68,1480,5625,7105
1984,dinov2,MQ,std_ctrl__tvn_efaar_e0.1_c304,0.23135872339583224,0.007628531439973977,0.0017649272953373493,370,60,1480,5721,7201
1985,dinov2,MQ,std_ctrl__tvn_efaar_e0.1_c304,0.21337357123457962,0.01092101261134263,0.002330255462380059,370,76,1480,5721,7201
1986,dinov2,MQ,std_ctrl__tvn_efaar_e0.1_c304,0.22610498085980507,0.0340195662724791,0.007691993380897758,370,56,1480,5881,7361
1987,dinov2,MQ,std_ctrl__tvn_efaar_e0.1_c304,0.1929410125352395,0.08087487325764074,0.015604079934988368,370,87,1480,5817,7297
1988,dinov2,MQ,std_ctrl__tvn_efaar_e0.1_c304,0.22329587728845166,0.0049726302290660235,0.001110367829430372,370,63,1480,5785,7265
1989,dinov2,MQ,std_ctrl__tvn_efaar_e0.1_c304,0.1905217781118416,-0.024756917585635738,-0.004716731958983641,370,52,1480,5721,7201
1990,dinov2,MQ,std_ctrl__tvn_efaar_e0.1_c304,0.2259827190254505,0.011281431489270298,0.0025494085624446394,370,74,1480,5785,7265
1991,dinov2,MQ,std_ctrl__tvn_efaar_e0.1_c304,0.2033986017055219,0.013965751276183937,0.0028406142813429207,370,65,1480,5433,6913
1992,dinov2,MQ,std_ctrl__tvn_efaar_e0.1_c304,0.2709365171960614,0.0058448285985954794,0.0015835775041113955,370,47,1480,5497,6977
1993,dinov2,MQ,std_ctrl__tvn_efaar_e0.1_c304,0.21677862104646098,0.02103007936650647,0.004558871605568905,370,72,1480,5625,7105
1994,dinov2,MQ,std_ctrl__tvn_efaar_e0.1_c304,0.2333744128110062,-0.00030151914584907184,-7.036685361380328e-05,370,66,1480,5561,7041
1995,dinov2,MQ,std_ctrl__tvn_efaar_e0.1_c304,0.2532531868446028,0.0057173099901576315,0.0014479269751859049,370,93,1480,5497,6977
1996,dinov2,MQ,std_ctrl__tvn_efaar_e0.1_c304,0.20552920454382495,-0.028790902522146233,-0.0059173712934755185,370,88,1480,5721,7201
1997,dinov2,MQ,std_ctrl__tvn_efaar_e0.1_c304,0.20883692061293577,-0.011431679561980964,-0.002387356757157939,370,100,1480,5849,7329
1998,dinov2,MQ,std_ctrl__tvn_efaar_e0.1_c304,0.22238218339804944,-0.006722887803848438,-0.0014950504685599332,370,73,1480,5817,7297
1999,dinov2,MQ,std_ctrl__tvn_efaar_e0.1_c304,0.21538448436485508,-0.00720421265277707,-0.001551675627473154,370,92,1480,5721,7201
