sample_id,family,codec,config,pa,pc,product,pa_units,pc_targets,treatment_wells,control_wells,total_wells
0,dinov2,Raw,std_ctrl__tvn_efaar_e0.1_c304,0.27600296714779093,0.007818353113793367,0.0021578886576161397,370,77,1480,5753,7233
1,dinov2,Raw,std_ctrl__tvn_efaar_e0.1_c304,0.25667115429327525,-0.013434436280266396,-0.003448232267335431,370,65,1480,5753,7233
2,dinov2,Raw,std_ctrl__tvn_efaar_e0.1_c304,0.23113012986520384,-0.014838167836691063,-0.003429547659056096,370,88,1480,5625,7105
3,dinov2,Raw,std_ctrl__tvn_efaar_e0.1_c304,0.25525597262159605,-0.012381980603148792,-0.0031605745018384816,370,55,1480,5433,6913
4,dinov2,Raw,std_ctrl__tvn_efaar_e0.1_c304,0.26458192158251564,0.045192433528841884,0.011957100904051094,370,56,1480,5657,7137
5,dinov2,Raw,std_ctrl__tvn_efaar_e0.1_c304,0.21722799176233828,-0.04504546993288632,-0.009785136971511687,370,82,1480,5785,7265
6,dinov2,Raw,std_ctrl__tvn_efaar_e0.1_c304,0.24262064716198492,0.042929068378314256,0.010415478352007707,370,63,1480,5721,7201
7,dinov2,Raw,std_ctrl__tvn_efaar_e0.1_c304,0.23350908532303707,0.00033398059297663676,7.798750278161999e-05,370,49,1480,5561,7041
8,dinov2,Raw,std_ctrl__tvn_efaar_e0.1_c304,0.24316227631808576,0.03307443154328995,0.008042454061993082,370,81,1480,5529,7009
9,dinov2,Raw,std_ctrl__tvn_efaar_e0.1_c304,0.22963673617406172,-0.003205846783861222,-0.0007361801921200037,370,77,1480,5753,7233
10,dinov2,Raw,std_ctrl__tvn_efaar_e0.1_c304,0.23024652391654374,0.02686096388663404,0.006184643563945302,370,85,1480,5753,7233
11,dinov2,Raw,std_ctrl__tvn_efaar_e0.1_c304,0.2454724714776043,0.05072433199305311,0.012451427138385261,370,44,1480,5433,6913
12,dinov2,Raw,std_ctrl__tvn_efaar_e0.1_c304,0.24938509592245606,-0.020823808048761126,-0.005193147367711106,370,92,1480,5785,7265
13,dinov2,Raw,std_ctrl__tvn_efaar_e0.1_c304,0.24196003742395292,0.06935430232068734,0.016780969585025656,370,80,1480,5849,7329
14,dinov2,Raw,std_ctrl__tvn_efaar_e0.1_c304,0.2448966295649541,0.0010189258927127474,0.0002495315169018139,370,93,1480,5753,7233
15,dinov2,Raw,std_ctrl__tvn_efaar_e0.1_c304,0.23042861212081636,0.00420580236526985,0.0009691372018835782,370,67,1480,5625,7105
16,dinov2,Raw,std_ctrl__tvn_efaar_e0.1_c304,0.2467226002146421,0.035516935199937295,0.008762830604183479,370,58,1480,5785,7265
17,dinov2,Raw,std_ctrl__tvn_efaar_e0.1_c304,0.2063392506511892,0.01641901384020365,0.003387887012219125,370,76,1480,5689,7169
18,dinov2,Raw,std_ctrl__tvn_efaar_e0.1_c304,0.24685696278070346,-0.012395803115862953,-0.003059990308409509,370,54,1480,5785,7265
19,dinov2,Raw,std_ctrl__tvn_efaar_e0.1_c304,0.2518531484554991,0.0581972943978686,0.014657171825694789,370,98,1480,5593,7073
20,dinov2,Raw,std_ctrl__tvn_efaar_e0.1_c304,0.21136237548922163,-0.001575139297613785,-0.00033292518367007364,370,59,1480,5689,7169
21,dinov2,Raw,std_ctrl__tvn_efaar_e0.1_c304,0.25807821012505333,0.04842318354418222,0.012496968537639484,370,58,1480,5913,7393
22,dinov2,Raw,std_ctrl__tvn_efaar_e0.1_c304,0.22966707070886475,-0.012444731245565343,-0.002858144970928074,370,87,1480,5785,7265
23,dinov2,Raw,std_ctrl__tvn_efaar_e0.1_c304,0.2702834552008715,0.030486364231097643,0.00823995986089333,370,71,1480,5817,7297
24,dinov2,Raw,std_ctrl__tvn_efaar_e0.1_c304,0.2547385844169041,0.051216308712639456,0.013046769980516928,370,77,1480,5465,6945
25,dinov2,Raw,std_ctrl__tvn_efaar_e0.1_c304,0.23792542598759903,0.00369317834624592,0.000878701031278737,370,109,1480,5785,7265
26,dinov2,Raw,std_ctrl__tvn_efaar_e0.1_c304,0.2179395773320495,-0.009041522971339977,-0.001970505694811851,370,74,1480,5066,6546
27,dinov2,Raw,std_ctrl__tvn_efaar_e0.1_c304,0.25001027274812143,0.022937218206083815,0.005734540179786191,370,48,1480,5785,7265
28,dinov2,Raw,std_ctrl__tvn_efaar_e0.1_c304,0.2522920804400797,-0.02530380275520353,-0.00638394904015572,370,61,1480,5721,7201
29,dinov2,Raw,std_ctrl__tvn_efaar_e0.1_c304,0.221186709365847,0.020756476548151534,0.004591056745715013,370,101,1480,5753,7233
30,dinov2,Raw,std_ctrl__tvn_efaar_e0.1_c304,0.25031142267644657,0.03447340393824666,0.008629086784282338,370,68,1480,5561,7041
31,dinov2,Raw,std_ctrl__tvn_efaar_e0.1_c304,0.2616716184795153,0.029729665000512027,0.007779409557537783,370,72,1480,5913,7393
32,dinov2,Raw,std_ctrl__tvn_efaar_e0.1_c304,0.24363197217373114,-0.005983792764553753,-0.0014578432323071337,370,81,1480,5817,7297
33,dinov2,Raw,std_ctrl__tvn_efaar_e0.1_c304,0.2385701064976472,-0.051242458146895854,-0.012224918697306174,370,59,1480,5913,7393
34,dinov2,Raw,std_ctrl__tvn_efaar_e0.1_c304,0.25805659016928345,-0.016314134006574315,-0.004209969793301318,370,80,1480,5785,7265
35,dinov2,Raw,std_ctrl__tvn_efaar_e0.1_c304,0.23359169667461147,0.0029785327961204503,0.0006957605294467506,370,54,1480,5625,7105
36,dinov2,Raw,std_ctrl__tvn_efaar_e0.1_c304,0.24343317014631513,0.013137307480592653,0.00319805640718757,370,57,1480,5657,7137
37,dinov2,Raw,std_ctrl__tvn_efaar_e0.1_c304,0.24789879779781596,-0.028223380356518054,-0.00699654206017132,370,64,1480,5593,7073
38,dinov2,Raw,std_ctrl__tvn_efaar_e0.1_c304,0.23481894448620622,0.012541229456923354,0.0029449182636340594,370,86,1480,5561,7041
39,dinov2,Raw,std_ctrl__tvn_efaar_e0.1_c304,0.2457931977952033,-0.0690999262723164,-0.01698429184588543,370,65,1480,5753,7233
40,dinov2,Raw,std_ctrl__tvn_efaar_e0.1_c304,0.25362753370723917,0.0751108499342924,0.01905017962348913,370,84,1480,5753,7233
41,dinov2,Raw,std_ctrl__tvn_efaar_e0.1_c304,0.20963498682129778,0.03242912955225735,0.006798280146313628,370,103,1480,5945,7425
42,dinov2,Raw,std_ctrl__tvn_efaar_e0.1_c304,0.24712174951311655,0.0005738007886692673,0.0001417986547679554,370,69,1480,5977,7457
43,dinov2,Raw,std_ctrl__tvn_efaar_e0.1_c304,0.23464464175743788,0.03291146450625276,0.0077224987987823115,370,61,1480,5375,6855
44,dinov2,Raw,std_ctrl__tvn_efaar_e0.1_c304,0.21023622852673024,0.028697842277315186,0.006033326127237696,370,72,1480,5785,7265
45,dinov2,Raw,std_ctrl__tvn_efaar_e0.1_c304,0.24688367946909395,0.029075932947723843,0.0071783733101307215,370,84,1480,5753,7233
46,dinov2,Raw,std_ctrl__tvn_efaar_e0.1_c304,0.22905467435379404,0.02011769687675502,0.004608052506853461,370,71,1480,5753,7233
47,dinov2,Raw,std_ctrl__tvn_efaar_e0.1_c304,0.21648516990409752,0.0005295558050293876,0.00011464097842548812,370,69,1480,5689,7169
48,dinov2,Raw,std_ctrl__tvn_efaar_e0.1_c304,0.23940198825192086,-0.018911732647868693,-0.004527506397188529,370,71,1480,5753,7233
49,dinov2,Raw,std_ctrl__tvn_efaar_e0.1_c304,0.24914670307579243,0.028023350055593074,0.006981925275489839,370,64,1480,5529,7009
50,dinov2,Raw,std_ctrl__tvn_efaar_e0.1_c304,0.22693932179748078,0.001984370314236621,0.0004503316533079126,370,65,1480,5881,7361
51,dinov2,Raw,std_ctrl__tvn_efaar_e0.1_c304,0.2115426498408907,0.024797448053932754,0.005245717870620773,370,69,1480,5625,7105
52,dinov2,Raw,std_ctrl__tvn_efaar_e0.1_c304,0.26555068129110987,0.005903949654261052,0.001567797852997435,370,60,1480,5689,7169
53,dinov2,Raw,std_ctrl__tvn_efaar_e0.1_c304,0.2155382373981264,0.053155814635514345,0.011457110594000291,370,64,1480,5913,7393
54,dinov2,Raw,std_ctrl__tvn_efaar_e0.1_c304,0.18745048053867336,-0.003030478209704989,-0.0005680645966711788,370,64,1480,5753,7233
55,dinov2,Raw,std_ctrl__tvn_efaar_e0.1_c304,0.24895603654038068,0.245344015708253,0.06107987373962757,370,69,1480,5657,7137
56,dinov2,Raw,std_ctrl__tvn_efaar_e0.1_c304,0.2394736989794034,0.055792093611632176,0.013360739030982699,370,70,1480,5913,7393
57,dinov2,Raw,std_ctrl__tvn_efaar_e0.1_c304,0.22229255961598945,0.014062158619719978,0.003125913233303603,370,75,1480,5529,7009
58,dinov2,Raw,std_ctrl__tvn_efaar_e0.1_c304,0.22519630163417625,-0.002686419278397427,-0.000604971686133853,370,68,1480,5849,7329
59,dinov2,Raw,std_ctrl__tvn_efaar_e0.1_c304,0.25256713296992,-0.030733910370251666,-0.007762375627168956,370,86,1480,5561,7041
60,dinov2,Raw,std_ctrl__tvn_efaar_e0.1_c304,0.24109417081245224,-0.01852064343409352,-0.004465219171655865,370,52,1480,5689,7169
61,dinov2,Raw,std_ctrl__tvn_efaar_e0.1_c304,0.23248923603857324,0.02274039508098922,0.005286897079594512,370,73,1480,5657,7137
62,dinov2,Raw,std_ctrl__tvn_efaar_e0.1_c304,0.21682663055772308,-0.0033029259724469857,-0.0007161623095872709,370,48,1480,5849,7329
63,dinov2,Raw,std_ctrl__tvn_efaar_e0.1_c304,0.23880004804227556,-0.021174892581636944,-0.0050565653657849265,370,53,1480,5721,7201
64,dinov2,Raw,std_ctrl__tvn_efaar_e0.1_c304,0.2203026497637179,-0.00863306490112208,-0.0019018870732993437,370,82,1480,5753,7233
65,dinov2,Raw,std_ctrl__tvn_efaar_e0.1_c304,0.2484300559175914,0.00637101295541303,0.0015827511047649583,370,56,1480,5497,6977
66,dinov2,Raw,std_ctrl__tvn_efaar_e0.1_c304,0.2510912817017583,-0.01601242709054055,-0.004020580841319784,370,81,1480,5785,7265
67,dinov2,Raw,std_ctrl__tvn_efaar_e0.1_c304,0.24856591615452284,-0.011378096812055826,-0.002828207058183512,370,114,1480,6009,7489
68,dinov2,Raw,std_ctrl__tvn_efaar_e0.1_c304,0.2268786038230168,0.000639745879527922,0.00014514465194882285,370,81,1480,5785,7265
69,dinov2,Raw,std_ctrl__tvn_efaar_e0.1_c304,0.2507942022301032,0.05525119131381769,0.013856678447811714,370,56,1480,5913,7393
70,dinov2,Raw,std_ctrl__tvn_efaar_e0.1_c304,0.25554751731055664,-0.015401019514265337,-0.003935692300921942,370,60,1480,5785,7265
71,dinov2,Raw,std_ctrl__tvn_efaar_e0.1_c304,0.2335923796049123,0.014836274982372612,0.003465640777605247,370,73,1480,5663,7143
72,dinov2,Raw,std_ctrl__tvn_efaar_e0.1_c304,0.22547731987142886,0.01676486538615049,0.0037800969152744996,370,75,1480,5881,7361
73,dinov2,Raw,std_ctrl__tvn_efaar_e0.1_c304,0.24341967495955702,0.032645493381113395,0.007946555387724992,370,45,1480,5625,7105
74,dinov2,Raw,std_ctrl__tvn_efaar_e0.1_c304,0.24451191990625415,0.09465538555069812,0.023144370050467905,370,130,1480,5657,7137
75,dinov2,Raw,std_ctrl__tvn_efaar_e0.1_c304,0.21888298431394226,-0.022929048513472338,-0.005018778566107987,370,74,1480,5785,7265
76,dinov2,Raw,std_ctrl__tvn_efaar_e0.1_c304,0.2473222945264581,0.02865006577531189,0.007085800005884085,370,77,1480,5625,7105
77,dinov2,Raw,std_ctrl__tvn_efaar_e0.1_c304,0.25448929909589363,-0.0033811925419676534,-0.000860477320113611,370,98,1480,5849,7329
78,dinov2,Raw,std_ctrl__tvn_efaar_e0.1_c304,0.24264121965783206,0.037010172454175934,0.008980193384027947,370,98,1480,5849,7329
79,dinov2,Raw,std_ctrl__tvn_efaar_e0.1_c304,0.23253925795881,0.02523178005570412,0.005867379411133338,370,102,1480,5753,7233
80,dinov2,Raw,std_ctrl__tvn_efaar_e0.1_c304,0.2633064318907448,0.038904562708549084,0.01024382159105779,370,68,1480,5817,7297
81,dinov2,Raw,std_ctrl__tvn_efaar_e0.1_c304,0.2078156825668476,-0.016462499667427744,-0.003421165605142998,370,69,1480,5625,7105
82,dinov2,Raw,std_ctrl__tvn_efaar_e0.1_c304,0.24018125329439913,0.010764189856996934,0.0025853566105523825,370,67,1480,5689,7169
83,dinov2,Raw,std_ctrl__tvn_efaar_e0.1_c304,0.21454474797707956,-0.039248633605885555,-0.008420588205419452,370,97,1480,5753,7233
84,dinov2,Raw,std_ctrl__tvn_efaar_e0.1_c304,0.23255595808626242,0.021460687489234524,0.0049908107402488,370,77,1480,5817,7297
85,dinov2,Raw,std_ctrl__tvn_efaar_e0.1_c304,0.2067140148279316,-0.018584344955146572,-0.0038416445586255646,370,90,1480,5785,7265
86,dinov2,Raw,std_ctrl__tvn_efaar_e0.1_c304,0.23504294901614903,-0.003999434044582824,-0.0009400387722343314,370,117,1480,5945,7425
87,dinov2,Raw,std_ctrl__tvn_efaar_e0.1_c304,0.21666732754474316,-0.0077495032049507435,-0.0016790641492160996,370,55,1480,5657,7137
88,dinov2,Raw,std_ctrl__tvn_efaar_e0.1_c304,0.28867415589197526,0.13823889550965254,0.039905996472687916,370,80,1480,5753,7233
89,dinov2,Raw,std_ctrl__tvn_efaar_e0.1_c304,0.252783889007511,-0.019418249951551836,-0.004908620740473184,370,73,1480,5721,7201
90,dinov2,Raw,std_ctrl__tvn_efaar_e0.1_c304,0.22984997005201682,-0.020501304509336474,-0.004712224227498266,370,64,1480,5721,7201
91,dinov2,Raw,std_ctrl__tvn_efaar_e0.1_c304,0.28860662092384676,0.027165243532988822,0.007840069142629285,370,83,1480,5849,7329
92,dinov2,Raw,std_ctrl__tvn_efaar_e0.1_c304,0.18738769046159703,-0.009574772924686949,-0.0017941945850513182,370,58,1480,5625,7105
93,dinov2,Raw,std_ctrl__tvn_efaar_e0.1_c304,0.25282460536429563,0.037107234497692716,0.009381621918039538,370,81,1480,5785,7265
94,dinov2,Raw,std_ctrl__tvn_efaar_e0.1_c304,0.24096445907954692,-0.0071034943850455425,-0.0017116896820670979,370,61,1480,5561,7041
95,dinov2,Raw,std_ctrl__tvn_efaar_e0.1_c304,0.23889794653155472,0.012684585101253474,0.003030321333294208,370,66,1480,5753,7233
96,dinov2,Raw,std_ctrl__tvn_efaar_e0.1_c304,0.23423025375139783,0.04394894811903106,0.010294173270027664,370,47,1480,5689,7169
97,dinov2,Raw,std_ctrl__tvn_efaar_e0.1_c304,0.25100578752799363,0.07098047888470176,0.017816511001568686,370,85,1480,5689,7169
98,dinov2,Raw,std_ctrl__tvn_efaar_e0.1_c304,0.26475703985713495,0.05684248214246708,0.015049447310171637,370,73,1480,5625,7105
99,dinov2,Raw,std_ctrl__tvn_efaar_e0.1_c304,0.2494737084977017,0.030470423953971464,0.007601569663294464,370,62,1480,5785,7265
100,dinov2,Raw,std_ctrl__tvn_efaar_e0.1_c304,0.21292985186713267,-0.0018027612871999875,-0.00038386169383529476,370,52,1480,5689,7169
101,dinov2,Raw,std_ctrl__tvn_efaar_e0.1_c304,0.23305951518076873,0.01351739544149168,0.003150357628100784,370,72,1480,5433,6913
102,dinov2,Raw,std_ctrl__tvn_efaar_e0.1_c304,0.25588246252874897,0.024497578110241846,0.00626850061283906,370,72,1480,5753,7233
103,dinov2,Raw,std_ctrl__tvn_efaar_e0.1_c304,0.21374280082453467,0.0659633823847766,0.014099198102781924,370,79,1480,5497,6977
104,dinov2,Raw,std_ctrl__tvn_efaar_e0.1_c304,0.26403354435503185,0.07448628941256222,0.019666878999453484,370,78,1480,5625,7105
105,dinov2,Raw,std_ctrl__tvn_efaar_e0.1_c304,0.23620297380020308,-0.005354827419747887,-0.0012648261607313192,370,45,1480,5689,7169
106,dinov2,Raw,std_ctrl__tvn_efaar_e0.1_c304,0.2343665023361416,0.030558134898174456,0.007161803194001133,370,53,1480,5625,7105
107,dinov2,Raw,std_ctrl__tvn_efaar_e0.1_c304,0.21839693389426842,-0.005283150324559201,-0.0011538238321862385,370,58,1480,5753,7233
108,dinov2,Raw,std_ctrl__tvn_efaar_e0.1_c304,0.2574244132924105,0.061873043738352035,0.015927631982960926,370,61,1480,5657,7137
109,dinov2,Raw,std_ctrl__tvn_efaar_e0.1_c304,0.23067054206579876,-0.04200353926203166,-0.009688979170254904,370,76,1480,5913,7393
110,dinov2,Raw,std_ctrl__tvn_efaar_e0.1_c304,0.24250361826978312,0.019443973539192784,0.004715233936796171,370,87,1480,5689,7169
111,dinov2,Raw,std_ctrl__tvn_efaar_e0.1_c304,0.2355041877497608,0.0009645050721092384,0.00022714498358761067,370,78,1480,5599,7079
112,dinov2,Raw,std_ctrl__tvn_efaar_e0.1_c304,0.2715495947437214,0.026479195936570603,0.007190414925715342,370,52,1480,5759,7239
113,dinov2,Raw,std_ctrl__tvn_efaar_e0.1_c304,0.23815258976044937,0.0006263962560070994,0.00014917789058434017,370,67,1480,5593,7073
114,dinov2,Raw,std_ctrl__tvn_efaar_e0.1_c304,0.26136350092583766,0.038651392633884014,0.010102063294451059,370,60,1480,5625,7105
115,dinov2,Raw,std_ctrl__tvn_efaar_e0.1_c304,0.25024465680738117,0.049828059484359526,0.012469205645041325,370,59,1480,5913,7393
116,dinov2,Raw,std_ctrl__tvn_efaar_e0.1_c304,0.18894607416640358,0.01628809149101486,0.0030775709428904605,370,72,1480,5625,7105
117,dinov2,Raw,std_ctrl__tvn_efaar_e0.1_c304,0.23912318510843578,0.0011597443948754324,0.00027732177361426886,370,60,1480,5945,7425
118,dinov2,Raw,std_ctrl__tvn_efaar_e0.1_c304,0.24047824484657201,0.009275121123662935,0.0022304648485578274,370,53,1480,5721,7201
119,dinov2,Raw,std_ctrl__tvn_efaar_e0.1_c304,0.235012190443904,0.020369583427767735,0.0047871004197895415,370,84,1480,5794,7274
120,dinov2,Raw,std_ctrl__tvn_efaar_e0.1_c304,0.2583828992887979,0.07242777676571746,0.01871409894976791,370,52,1480,5529,7009
121,dinov2,Raw,std_ctrl__tvn_efaar_e0.1_c304,0.24478957704048943,0.033349670781597826,0.0081636518050669,370,61,1480,5721,7201
122,dinov2,Raw,std_ctrl__tvn_efaar_e0.1_c304,0.2544348842137758,-0.036855632752224636,-0.009377358651937718,370,93,1480,5625,7105
123,dinov2,Raw,std_ctrl__tvn_efaar_e0.1_c304,0.2651554800685557,0.00178368159137659,0.0004729529486509051,370,75,1480,5721,7201
124,dinov2,Raw,std_ctrl__tvn_efaar_e0.1_c304,0.2202632118674043,-0.0065029283563701286,-0.001432355886317705,370,75,1480,5561,7041
125,dinov2,Raw,std_ctrl__tvn_efaar_e0.1_c304,0.24204759051259275,-0.04301717449107762,-0.010412203436225106,370,61,1480,5593,7073
126,dinov2,Raw,std_ctrl__tvn_efaar_e0.1_c304,0.24413874107280656,0.013418060210612263,0.0032758683274579955,370,60,1480,5689,7169
127,dinov2,Raw,std_ctrl__tvn_efaar_e0.1_c304,0.22027787219452094,-0.008013892529580619,-0.0017652831944115857,370,82,1480,5881,7361
128,dinov2,Raw,std_ctrl__tvn_efaar_e0.1_c304,0.26406932298208774,0.03416462307124898,0.009021828884362933,370,76,1480,5657,7137
129,dinov2,Raw,std_ctrl__tvn_efaar_e0.1_c304,0.2655722210939174,0.0039036679585490544,0.0010367057701650307,370,77,1480,5689,7169
130,dinov2,Raw,std_ctrl__tvn_efaar_e0.1_c304,0.20482992713501244,0.025641049489867285,0.005252054298674764,370,98,1480,5785,7265
131,dinov2,Raw,std_ctrl__tvn_efaar_e0.1_c304,0.2408139800254737,0.030541224950968757,0.007354753935296089,370,86,1480,5753,7233
132,dinov2,Raw,std_ctrl__tvn_efaar_e0.1_c304,0.28703469200215337,0.012316840991527623,0.0035353606604426285,370,100,1480,5849,7329
133,dinov2,Raw,std_ctrl__tvn_efaar_e0.1_c304,0.23036127894819225,-0.05207441609659535,-0.011995929092492034,370,120,1480,5753,7233
134,dinov2,Raw,std_ctrl__tvn_efaar_e0.1_c304,0.2145456802165529,-0.00876782633556499,-0.0018810992651843972,370,63,1480,5337,6817
135,dinov2,Raw,std_ctrl__tvn_efaar_e0.1_c304,0.21838357529650104,0.013256361113211528,0.002894971535324638,370,77,1480,5625,7105
136,dinov2,Raw,std_ctrl__tvn_efaar_e0.1_c304,0.2497224524236161,-0.03294865737677323,-0.00822801952419328,370,68,1480,5529,7009
137,dinov2,Raw,std_ctrl__tvn_efaar_e0.1_c304,0.23230027924322907,-0.011978497446478716,-0.002782608301731312,370,79,1480,5529,7009
138,dinov2,Raw,std_ctrl__tvn_efaar_e0.1_c304,0.2206672744891424,-0.016597801320603754,-0.0036625915799299185,370,87,1480,5497,6977
139,dinov2,Raw,std_ctrl__tvn_efaar_e0.1_c304,0.2623890995062766,0.009455481276189838,0.0024810152174579107,370,78,1480,5561,7041
140,dinov2,Raw,std_ctrl__tvn_efaar_e0.1_c304,0.2658855774739671,0.01244531920364592,0.003309030883309248,370,43,1480,5625,7105
141,dinov2,Raw,std_ctrl__tvn_efaar_e0.1_c304,0.24925100619931262,0.011525456176645204,0.0028727315489348996,370,77,1480,5593,7073
142,dinov2,Raw,std_ctrl__tvn_efaar_e0.1_c304,0.23796691637651798,-0.00207827894738229,-0.0004945616324787993,370,68,1480,5913,7393
143,dinov2,Raw,std_ctrl__tvn_efaar_e0.1_c304,0.231271364053368,-0.018828510115584063,-0.004354495217523764,370,79,1480,5849,7329
144,dinov2,Raw,std_ctrl__tvn_efaar_e0.1_c304,0.23785231605390986,0.0233354981025565,0.005550402269964683,370,80,1480,5625,7105
145,dinov2,Raw,std_ctrl__tvn_efaar_e0.1_c304,0.24285712328811887,-0.0024378605387399906,-0.0005920517974160178,370,95,1480,5753,7233
146,dinov2,Raw,std_ctrl__tvn_efaar_e0.1_c304,0.2423872394423132,0.03905953577769484,0.009467533051053717,370,69,1480,5529,7009
147,dinov2,Raw,std_ctrl__tvn_efaar_e0.1_c304,0.23444740977376943,0.11903412065351968,0.02790724126191604,370,82,1480,5721,7201
148,dinov2,Raw,std_ctrl__tvn_efaar_e0.1_c304,0.2517451779841713,-0.0218891433034972,-0.005510486276859934,370,75,1480,5657,7137
149,dinov2,Raw,std_ctrl__tvn_efaar_e0.1_c304,0.22940447427502672,0.00800413957114776,0.0018361854303430897,370,46,1480,5497,6977
150,dinov2,Raw,std_ctrl__tvn_efaar_e0.1_c304,0.21678132594524047,0.026091945186644722,0.005656246474051377,370,84,1480,5849,7329
151,dinov2,Raw,std_ctrl__tvn_efaar_e0.1_c304,0.2552454967659645,0.03002547197304454,0.007663866509392297,370,98,1480,5785,7265
152,dinov2,Raw,std_ctrl__tvn_efaar_e0.1_c304,0.22873535245092086,-0.0023074968658616103,-0.0005278061088922507,370,69,1480,5657,7137
153,dinov2,Raw,std_ctrl__tvn_efaar_e0.1_c304,0.2529221428819343,-0.009234045108638513,-0.0023354944763452966,370,85,1480,5753,7233
154,dinov2,Raw,std_ctrl__tvn_efaar_e0.1_c304,0.2214383260071712,0.012491735037588598,0.002766148895648747,370,76,1480,5721,7201
155,dinov2,Raw,std_ctrl__tvn_efaar_e0.1_c304,0.2387826141807091,-0.007841763106187295,-0.0018724766942812398,370,83,1480,5497,6977
156,dinov2,Raw,std_ctrl__tvn_efaar_e0.1_c304,0.25084376759265514,0.11078715783780593,0.027790268072917394,370,63,1480,5785,7265
157,dinov2,Raw,std_ctrl__tvn_efaar_e0.1_c304,0.2551353732581227,0.0456989850058706,0.011659427596990148,370,95,1480,5593,7073
158,dinov2,Raw,std_ctrl__tvn_efaar_e0.1_c304,0.20579059136565198,0.00324311149508096,0.0006674018324374544,370,78,1480,5625,7105
159,dinov2,Raw,std_ctrl__tvn_efaar_e0.1_c304,0.21855702254483375,-0.031181112760209767,-0.006814851164506169,370,56,1480,5849,7329
160,dinov2,Raw,std_ctrl__tvn_efaar_e0.1_c304,0.22596152188875013,0.03364481769065216,0.007602434209049306,370,76,1480,5817,7297
161,dinov2,Raw,std_ctrl__tvn_efaar_e0.1_c304,0.252076190408562,-0.022495420222878867,-0.00567055983142303,370,95,1480,5657,7137
162,dinov2,Raw,std_ctrl__tvn_efaar_e0.1_c304,0.23996675295234138,0.013930240447125253,0.003342794567942019,370,108,1480,5849,7329
163,dinov2,Raw,std_ctrl__tvn_efaar_e0.1_c304,0.23835106786226262,0.0504549497760297,0.012025991158053508,370,75,1480,5785,7265
164,dinov2,Raw,std_ctrl__tvn_efaar_e0.1_c304,0.2342067541665331,0.04079681884146671,0.00955489052117998,370,49,1480,5785,7265
165,dinov2,Raw,std_ctrl__tvn_efaar_e0.1_c304,0.25075098784339,0.00025402790225943864,6.369774743133836e-05,370,83,1480,5849,7329
166,dinov2,Raw,std_ctrl__tvn_efaar_e0.1_c304,0.261086422725988,-0.016647477043074368,-0.004346430228589295,370,84,1480,5631,7111
167,dinov2,Raw,std_ctrl__tvn_efaar_e0.1_c304,0.2361527610981992,0.03576855478656743,0.008446842973340108,370,49,1480,5785,7265
168,dinov2,Raw,std_ctrl__tvn_efaar_e0.1_c304,0.23944207587632868,0.010576904910802713,0.0025325560681891367,370,49,1480,5721,7201
169,dinov2,Raw,std_ctrl__tvn_efaar_e0.1_c304,0.2475212865853378,0.0566499969606655,0.014022080132759402,370,53,1480,5689,7169
170,dinov2,Raw,std_ctrl__tvn_efaar_e0.1_c304,0.22030127568160052,-0.03356248623838883,-0.007393858533363221,370,57,1480,5497,6977
171,dinov2,Raw,std_ctrl__tvn_efaar_e0.1_c304,0.2386249685791678,-0.01285015920092871,-0.003066368835558917,370,78,1480,5561,7041
172,dinov2,Raw,std_ctrl__tvn_efaar_e0.1_c304,0.2380084205526313,-0.03754908356556161,-0.008936998072638083,370,58,1480,5689,7169
173,dinov2,Raw,std_ctrl__tvn_efaar_e0.1_c304,0.2479584703539002,0.0017111217393951373,0.0004242871290897233,370,61,1480,5753,7233
174,dinov2,Raw,std_ctrl__tvn_efaar_e0.1_c304,0.24265521602122625,0.08657691943288193,0.021008341087438265,370,81,1480,5497,6977
175,dinov2,Raw,std_ctrl__tvn_efaar_e0.1_c304,0.24650121415200477,-0.005462739237024581,-0.0013465718545223554,370,81,1480,5433,6913
176,dinov2,Raw,std_ctrl__tvn_efaar_e0.1_c304,0.23935876530136133,0.04943552982588065,0.011832827381141414,370,67,1480,5497,6977
177,dinov2,Raw,std_ctrl__tvn_efaar_e0.1_c304,0.23702611282216401,0.006408580753964511,0.0015190009848191411,370,74,1480,5657,7137
178,dinov2,Raw,std_ctrl__tvn_efaar_e0.1_c304,0.24931898949174439,0.009084411975630376,0.0022649164138908665,370,66,1480,5657,7137
179,dinov2,Raw,std_ctrl__tvn_efaar_e0.1_c304,0.22764053489975436,0.014266707226023826,0.0032476808641902547,370,99,1480,5561,7041
180,dinov2,Raw,std_ctrl__tvn_efaar_e0.1_c304,0.23044960978412066,0.011514358873528432,0.0026534795093189545,370,79,1480,5753,7233
181,dinov2,Raw,std_ctrl__tvn_efaar_e0.1_c304,0.23801159181785933,0.01971508344460451,0.004692418393472245,370,73,1480,5593,7073
182,dinov2,Raw,std_ctrl__tvn_efaar_e0.1_c304,0.22364089944785392,0.03323731831391203,0.007433223762957914,370,82,1480,5657,7137
183,dinov2,Raw,std_ctrl__tvn_efaar_e0.1_c304,0.23738111246068394,0.04067992418635348,0.009656645658172872,370,126,1480,5593,7073
184,dinov2,Raw,std_ctrl__tvn_efaar_e0.1_c304,0.24864322115677967,0.03448824367838935,0.008575268000234672,370,69,1480,5721,7201
185,dinov2,Raw,std_ctrl__tvn_efaar_e0.1_c304,0.23349900731421144,0.05329385572190688,0.012444062407012065,370,80,1480,5817,7297
186,dinov2,Raw,std_ctrl__tvn_efaar_e0.1_c304,0.24095137355481785,0.0207141679181533,0.004991107211924179,370,62,1480,5721,7201
187,dinov2,Raw,std_ctrl__tvn_efaar_e0.1_c304,0.2419748572973631,0.02715053777193997,0.0065697475029118406,370,77,1480,5721,7201
188,dinov2,Raw,std_ctrl__tvn_efaar_e0.1_c304,0.24063515784257228,0.032164131939692704,0.007739820966177274,370,50,1480,5657,7137
189,dinov2,Raw,std_ctrl__tvn_efaar_e0.1_c304,0.2123532684142742,-0.005147860564627956,-0.0010931650162396976,370,49,1480,5753,7233
190,dinov2,Raw,std_ctrl__tvn_efaar_e0.1_c304,0.24859507941510162,-0.02781054618779245,-0.0069135649381316154,370,78,1480,5721,7201
191,dinov2,Raw,std_ctrl__tvn_efaar_e0.1_c304,0.25458011542707226,-0.008703012592188194,-0.0022156139502825336,370,90,1480,5465,6945
192,dinov2,Raw,std_ctrl__tvn_efaar_e0.1_c304,0.2252966878324553,0.05553568381358103,0.012512005619710305,370,98,1480,5497,6977
193,dinov2,Raw,std_ctrl__tvn_efaar_e0.1_c304,0.25289574114971314,0.014557334183000656,0.0036814878173740046,370,85,1480,5721,7201
194,dinov2,Raw,std_ctrl__tvn_efaar_e0.1_c304,0.25785449010590844,0.002187183464977767,0.0005639750771299161,370,71,1480,5689,7169
195,dinov2,Raw,std_ctrl__tvn_efaar_e0.1_c304,0.24440160292091212,0.058257454552655734,0.01423821527476125,370,88,1480,5881,7361
196,dinov2,Raw,std_ctrl__tvn_efaar_e0.1_c304,0.2125357854413955,0.00033254063099096216,7.067678419884141e-05,370,54,1480,5625,7105
197,dinov2,Raw,std_ctrl__tvn_efaar_e0.1_c304,0.19284303443544146,0.04169256618012931,0.008040120975576598,370,79,1480,5433,6913
198,dinov2,Raw,std_ctrl__tvn_efaar_e0.1_c304,0.23779885550960578,-0.03789660500420747,-0.009011769297700135,370,82,1480,5753,7233
199,dinov2,Raw,std_ctrl__tvn_efaar_e0.1_c304,0.24776191477596446,-0.0064836127393560075,-0.0016063923069686806,370,85,1480,5721,7201
200,dinov2,Raw,std_ctrl__tvn_efaar_e0.1_c304,0.24277936247403517,-0.023342040222039825,-0.005666965643950115,370,51,1480,5561,7041
201,dinov2,Raw,std_ctrl__tvn_efaar_e0.1_c304,0.2405557897752965,-0.008004712308465868,-0.001925579891287044,370,83,1480,5689,7169
202,dinov2,Raw,std_ctrl__tvn_efaar_e0.1_c304,0.23738880078345195,0.11845886807740988,0.02812080863506147,370,34,1480,5657,7137
203,dinov2,Raw,std_ctrl__tvn_efaar_e0.1_c304,0.24779281805973474,0.018417452017765647,0.004563712336962097,370,71,1480,5465,6945
204,dinov2,Raw,std_ctrl__tvn_efaar_e0.1_c304,0.229037508567356,0.008378187832040683,0.0019189192673599357,370,72,1480,5561,7041
205,dinov2,Raw,std_ctrl__tvn_efaar_e0.1_c304,0.2447521441879611,-0.017368854723056784,-0.004251064435557343,370,72,1480,5721,7201
206,dinov2,Raw,std_ctrl__tvn_efaar_e0.1_c304,0.20338768649760505,-0.02174281947928774,-0.004422221751827395,370,70,1480,5337,6817
207,dinov2,Raw,std_ctrl__tvn_efaar_e0.1_c304,0.2527182413633888,0.028135826469310392,0.007110436584629606,370,53,1480,5657,7137
208,dinov2,Raw,std_ctrl__tvn_efaar_e0.1_c304,0.22322847673629725,0.01358485471616046,0.003032526424972403,370,60,1480,5881,7361
209,dinov2,Raw,std_ctrl__tvn_efaar_e0.1_c304,0.21374332389301565,0.0029976653528763293,0.0006407309564427163,370,54,1480,5881,7361
210,dinov2,Raw,std_ctrl__tvn_efaar_e0.1_c304,0.21504135831659388,0.02064880719744105,0.004440347547355184,370,74,1480,5657,7137
211,dinov2,Raw,std_ctrl__tvn_efaar_e0.1_c304,0.2640384228879704,-0.021735390082233293,-0.005738978118167712,370,65,1480,5817,7297
212,dinov2,Raw,std_ctrl__tvn_efaar_e0.1_c304,0.25426498114796897,-0.004512231459974138,-0.0011473024471055967,370,67,1480,5913,7393
213,dinov2,Raw,std_ctrl__tvn_efaar_e0.1_c304,0.28416218159362977,-0.0018765050745929083,-0.0005332317757678378,370,67,1480,5753,7233
214,dinov2,Raw,std_ctrl__tvn_efaar_e0.1_c304,0.23835536349689157,0.041640337554315586,0.009925197793892157,370,96,1480,5657,7137
215,dinov2,Raw,std_ctrl__tvn_efaar_e0.1_c304,0.19752851896107462,0.07396485356971441,0.014610167980798441,370,67,1480,5401,6881
216,dinov2,Raw,std_ctrl__tvn_efaar_e0.1_c304,0.2487845343520161,-0.02920501389141323,-0.007265755781719402,370,60,1480,5657,7137
217,dinov2,Raw,std_ctrl__tvn_efaar_e0.1_c304,0.27760117286322356,0.00964961871328294,0.002678745472490254,370,58,1480,5689,7169
218,dinov2,Raw,std_ctrl__tvn_efaar_e0.1_c304,0.20225106381617203,0.0017490157563101142,0.0003537402973449673,370,96,1480,5785,7265
219,dinov2,Raw,std_ctrl__tvn_efaar_e0.1_c304,0.19552505396268047,0.011316436057098426,0.0022126467707293926,370,77,1480,5561,7041
220,dinov2,Raw,std_ctrl__tvn_efaar_e0.1_c304,0.24281655495875015,0.02208142695242835,0.005361736021161945,370,91,1480,5849,7329
221,dinov2,Raw,std_ctrl__tvn_efaar_e0.1_c304,0.18865260080352494,0.003851767912070084,0.0007266460343035843,370,74,1480,5945,7425
222,dinov2,Raw,std_ctrl__tvn_efaar_e0.1_c304,0.24566191948534818,0.002831456209888142,0.0006955809674598299,370,60,1480,5465,6945
223,dinov2,Raw,std_ctrl__tvn_efaar_e0.1_c304,0.25306765955049637,0.011211679091191877,0.0028373133872391645,370,61,1480,5625,7105
224,dinov2,Raw,std_ctrl__tvn_efaar_e0.1_c304,0.24351723997081012,0.009154779928053872,0.0022293467406198507,370,57,1480,5625,7105
225,dinov2,Raw,std_ctrl__tvn_efaar_e0.1_c304,0.23387969854850418,0.030173161651568033,0.007056889951324018,370,86,1480,5786,7266
226,dinov2,Raw,std_ctrl__tvn_efaar_e0.1_c304,0.23734498953157387,0.02297000847297065,0.005451816420557382,370,80,1480,5561,7041
227,dinov2,Raw,std_ctrl__tvn_efaar_e0.1_c304,0.22825690266985074,0.0685254152896449,0.01564139904817958,370,45,1480,5721,7201
228,dinov2,Raw,std_ctrl__tvn_efaar_e0.1_c304,0.251772260632742,-0.0010340760629469123,-0.0002603516680343497,370,48,1480,5689,7169
229,dinov2,Raw,std_ctrl__tvn_efaar_e0.1_c304,0.2609897820869342,0.07179609613037903,0.018738047483760203,370,63,1480,5721,7201
230,dinov2,Raw,std_ctrl__tvn_efaar_e0.1_c304,0.25309173318943773,0.05955895766371734,0.015073879822066566,370,87,1480,5785,7265
231,dinov2,Raw,std_ctrl__tvn_efaar_e0.1_c304,0.2653818158217396,0.07565590141734004,0.020077700495764222,370,45,1480,5657,7137
232,dinov2,Raw,std_ctrl__tvn_efaar_e0.1_c304,0.24491289585096498,-0.007626486055029682,-0.0018678247849043214,370,78,1480,5689,7169
233,dinov2,Raw,std_ctrl__tvn_efaar_e0.1_c304,0.24065343262580702,0.02016039756078461,0.004851668876103763,370,75,1480,5689,7169
234,dinov2,Raw,std_ctrl__tvn_efaar_e0.1_c304,0.2516141427717827,-0.03733173333992894,-0.009393192082511,370,76,1480,5721,7201
235,dinov2,Raw,std_ctrl__tvn_efaar_e0.1_c304,0.24194172044216675,0.018861395725450616,0.0045633585317560515,370,75,1480,5721,7201
236,dinov2,Raw,std_ctrl__tvn_efaar_e0.1_c304,0.26678860975053575,0.013840770679376549,0.0036925599674268476,370,71,1480,5689,7169
237,dinov2,Raw,std_ctrl__tvn_efaar_e0.1_c304,0.22001738097892154,-0.026416779665075874,-0.005812150675807226,370,77,1480,5753,7233
238,dinov2,Raw,std_ctrl__tvn_efaar_e0.1_c304,0.21802447895155283,-0.03550782329816009,-0.007741574673285161,370,58,1480,5785,7265
239,dinov2,Raw,std_ctrl__tvn_efaar_e0.1_c304,0.27379057577827903,0.04522281465448445,0.012381580462565694,370,58,1480,5657,7137
240,dinov2,Raw,std_ctrl__tvn_efaar_e0.1_c304,0.2325709913380599,-0.01758066232462403,-0.004088752065217491,370,61,1480,5817,7297
241,dinov2,Raw,std_ctrl__tvn_efaar_e0.1_c304,0.2564632242119027,0.08541868937017279,0.021906752483829495,370,86,1480,5785,7265
242,dinov2,Raw,std_ctrl__tvn_efaar_e0.1_c304,0.24278416081790297,0.04431174658655332,0.010758190209391923,370,72,1480,5753,7233
243,dinov2,Raw,std_ctrl__tvn_efaar_e0.1_c304,0.25765342768315674,0.06254051714093523,0.01611377861043918,370,75,1480,5849,7329
244,dinov2,Raw,std_ctrl__tvn_efaar_e0.1_c304,0.21372233811486335,0.08490254380868122,0.018145570174690966,370,76,1480,5721,7201
245,dinov2,Raw,std_ctrl__tvn_efaar_e0.1_c304,0.26668256339888974,0.018915050500780673,0.005044314154367643,370,83,1480,5529,7009
246,dinov2,Raw,std_ctrl__tvn_efaar_e0.1_c304,0.23503034843923443,0.05517768506471787,0.012968430546830981,370,57,1480,5913,7393
247,dinov2,Raw,std_ctrl__tvn_efaar_e0.1_c304,0.21847460352265732,-0.005533325511038976,-0.0012088910971860456,370,65,1480,5817,7297
248,dinov2,Raw,std_ctrl__tvn_efaar_e0.1_c304,0.27994683093928,0.018367621310530585,0.005141957377775823,370,72,1480,5721,7201
249,dinov2,Raw,std_ctrl__tvn_efaar_e0.1_c304,0.22841427655585475,0.024943145759764206,0.0056973705937437774,370,70,1480,5657,7137
250,dinov2,Raw,std_ctrl__tvn_efaar_e0.1_c304,0.2757227449224355,-0.05360359695081073,-0.014779730888993427,370,81,1480,5817,7297
251,dinov2,Raw,std_ctrl__tvn_efaar_e0.1_c304,0.251063398235421,0.039459958375878276,0.009906951244076265,370,89,1480,5401,6881
252,dinov2,Raw,std_ctrl__tvn_efaar_e0.1_c304,0.24322690786193318,0.012366592325125336,0.00300788801202935,370,56,1480,5753,7233
253,dinov2,Raw,std_ctrl__tvn_efaar_e0.1_c304,0.2296571593465948,-0.008921990102390722,-0.0020489989026334877,370,51,1480,5849,7329
254,dinov2,Raw,std_ctrl__tvn_efaar_e0.1_c304,0.21780609564365597,0.05308544688214194,0.011562333920898026,370,58,1480,5625,7105
255,dinov2,Raw,std_ctrl__tvn_efaar_e0.1_c304,0.23673902588788917,0.015200638569590006,0.003598584367838615,370,61,1480,5881,7361
256,dinov2,Raw,std_ctrl__tvn_efaar_e0.1_c304,0.23090735085579167,-0.027175834495815062,-0.006275099950724095,370,58,1480,5721,7201
257,dinov2,Raw,std_ctrl__tvn_efaar_e0.1_c304,0.254490593498746,0.017644647168756075,0.004490396730052701,370,69,1480,5817,7297
258,dinov2,Raw,std_ctrl__tvn_efaar_e0.1_c304,0.2511416567953264,0.002193846439384234,0.0005509662295414842,370,65,1480,5689,7169
259,dinov2,Raw,std_ctrl__tvn_efaar_e0.1_c304,0.25526108826058613,0.08217931282313123,0.02097718082373962,370,77,1480,5529,7009
260,dinov2,Raw,std_ctrl__tvn_efaar_e0.1_c304,0.237439547256638,0.10394110497995435,0.02467972890779504,370,92,1480,5721,7201
261,dinov2,Raw,std_ctrl__tvn_efaar_e0.1_c304,0.2306902056681679,0.04609690448824172,0.010634104377058374,370,90,1480,5660,7140
262,dinov2,Raw,std_ctrl__tvn_efaar_e0.1_c304,0.21556404344166477,0.005788634371198202,0.001247821431060883,370,83,1480,5721,7201
263,dinov2,Raw,std_ctrl__tvn_efaar_e0.1_c304,0.2819530892710566,0.05251061942819278,0.01480553136731572,370,54,1480,5881,7361
264,dinov2,Raw,std_ctrl__tvn_efaar_e0.1_c304,0.24607108244130993,-0.028967407249443272,-0.007128041257388754,370,94,1480,5593,7073
265,dinov2,Raw,std_ctrl__tvn_efaar_e0.1_c304,0.2342447451555355,0.021017743971454388,0.004923296080337626,370,81,1480,5529,7009
266,dinov2,Raw,std_ctrl__tvn_efaar_e0.1_c304,0.22731974399195776,-0.029266350410943318,-0.006652819282994563,370,47,1480,5625,7105
267,dinov2,Raw,std_ctrl__tvn_efaar_e0.1_c304,0.2684988064290078,0.0015763785404856404,0.0004232557566006958,370,64,1480,5721,7201
268,dinov2,Raw,std_ctrl__tvn_efaar_e0.1_c304,0.24005781177593555,0.027150067800212216,0.006517585865687232,370,75,1480,5692,7172
269,dinov2,Raw,std_ctrl__tvn_efaar_e0.1_c304,0.22075488836532373,0.03528291148015687,0.0077888751850056295,370,80,1480,5593,7073
270,dinov2,Raw,std_ctrl__tvn_efaar_e0.1_c304,0.29030736495976384,0.014286548687028531,0.0041474903037006265,370,71,1480,5465,6945
271,dinov2,Raw,std_ctrl__tvn_efaar_e0.1_c304,0.24425038168123414,0.05278996363363221,0.012893968766453138,370,79,1480,5822,7302
272,dinov2,Raw,std_ctrl__tvn_efaar_e0.1_c304,0.20889958147277926,0.002141491413480914,0.00044735666000371346,370,81,1480,5753,7233
273,dinov2,Raw,std_ctrl__tvn_efaar_e0.1_c304,0.25794551048748693,0.06400940463986274,0.016510938555829507,370,78,1480,5721,7201
274,dinov2,Raw,std_ctrl__tvn_efaar_e0.1_c304,0.23376084339298334,-0.017976794408411205,-0.00420227062241247,370,69,1480,5721,7201
275,dinov2,Raw,std_ctrl__tvn_efaar_e0.1_c304,0.22321172080392812,0.1039969090609932,0.023213329029793915,370,55,1480,5693,7173
276,dinov2,Raw,std_ctrl__tvn_efaar_e0.1_c304,0.237238519486844,0.047697576474607116,0.011315702425946312,370,47,1480,5817,7297
277,dinov2,Raw,std_ctrl__tvn_efaar_e0.1_c304,0.25121645341504395,0.054572612937170965,0.013709538275668034,370,59,1480,5497,6977
278,dinov2,Raw,std_ctrl__tvn_efaar_e0.1_c304,0.23131641277861031,-0.03202548006771094,-0.007408019166775782,370,55,1480,5657,7137
279,dinov2,Raw,std_ctrl__tvn_efaar_e0.1_c304,0.2253767968198677,0.008881893006997413,0.0020017725956138596,370,69,1480,5849,7329
280,dinov2,Raw,std_ctrl__tvn_efaar_e0.1_c304,0.238136376671279,-0.012436207356958063,-0.0029615133595186963,370,60,1480,5785,7265
281,dinov2,Raw,std_ctrl__tvn_efaar_e0.1_c304,0.21073380343637627,-0.004998920317418585,-0.0010534414915649958,370,75,1480,5753,7233
282,dinov2,Raw,std_ctrl__tvn_efaar_e0.1_c304,0.23023676990009131,0.0022928823510846913,0.0005279058262746665,370,73,1480,5977,7457
283,dinov2,Raw,std_ctrl__tvn_efaar_e0.1_c304,0.21471297342989581,-0.021814690175088636,-0.004683896991945215,370,64,1480,5689,7169
284,dinov2,Raw,std_ctrl__tvn_efaar_e0.1_c304,0.2176889214548972,-0.0536517462168444,-0.011679390768116719,370,61,1480,5561,7041
285,dinov2,Raw,std_ctrl__tvn_efaar_e0.1_c304,0.2638044994016328,-0.014269192295967393,-0.003764277130503314,370,61,1480,5593,7073
286,dinov2,Raw,std_ctrl__tvn_efaar_e0.1_c304,0.24633202998591053,-0.030931966814293357,-0.0076195341768217,370,86,1480,5593,7073
287,dinov2,Raw,std_ctrl__tvn_efaar_e0.1_c304,0.23728524853477986,0.007343673333126494,0.0017425453520091552,370,58,1480,5881,7361
288,dinov2,Raw,std_ctrl__tvn_efaar_e0.1_c304,0.24253404577138002,0.10674844387753822,0.025890131973418447,370,75,1480,5785,7265
289,dinov2,Raw,std_ctrl__tvn_efaar_e0.1_c304,0.24221677329453664,0.03370182215448589,0.008163146616405902,370,97,1480,5785,7265
290,dinov2,Raw,std_ctrl__tvn_efaar_e0.1_c304,0.25466178709956805,0.004620378035024392,0.0011766337274749022,370,57,1480,5625,7105
291,dinov2,Raw,std_ctrl__tvn_efaar_e0.1_c304,0.206732887982996,-0.013658685416158313,-0.0028236994821336375,370,76,1480,5849,7329
292,dinov2,Raw,std_ctrl__tvn_efaar_e0.1_c304,0.2558341879169812,-4.193706578247787e-05,-1.0728935168081246e-05,370,74,1480,5657,7137
293,dinov2,Raw,std_ctrl__tvn_efaar_e0.1_c304,0.24060560852093812,-0.003963950347627933,-0.0009537486855378031,370,61,1480,5817,7297
294,dinov2,Raw,std_ctrl__tvn_efaar_e0.1_c304,0.2593016037529182,-0.01195798500429979,-0.0031007246892682822,370,72,1480,5721,7201
295,dinov2,Raw,std_ctrl__tvn_efaar_e0.1_c304,0.21746133545658833,0.008686566430211382,0.0018889923364461363,370,65,1480,5724,7204
296,dinov2,Raw,std_ctrl__tvn_efaar_e0.1_c304,0.23591481523113197,-0.05625315790749535,-0.013270953353914455,370,82,1480,5689,7169
297,dinov2,Raw,std_ctrl__tvn_efaar_e0.1_c304,0.221480085192606,-0.010482082726919948,-0.002321572575354174,370,59,1480,5369,6849
298,dinov2,Raw,std_ctrl__tvn_efaar_e0.1_c304,0.2476218275472203,0.0007537692021572576,0.0001866497073869903,370,62,1480,5689,7169
299,dinov2,Raw,std_ctrl__tvn_efaar_e0.1_c304,0.2534961220418315,0.010493446611292707,0.002660048022815699,370,96,1480,5625,7105
300,dinov2,Raw,std_ctrl__tvn_efaar_e0.1_c304,0.23968316806076836,-0.01958371686916268,-0.004693887301606023,370,49,1480,5625,7105
301,dinov2,Raw,std_ctrl__tvn_efaar_e0.1_c304,0.22050560372976083,0.0015268858101483672,0.0003366868773931707,370,97,1480,5657,7137
302,dinov2,Raw,std_ctrl__tvn_efaar_e0.1_c304,0.21375404240828336,0.05438433765577909,0.011624872017619805,370,118,1480,5689,7169
303,dinov2,Raw,std_ctrl__tvn_efaar_e0.1_c304,0.20601776766529944,-0.046689021849629496,-0.009618768055937059,370,102,1480,5689,7169
304,dinov2,Raw,std_ctrl__tvn_efaar_e0.1_c304,0.2440851384440003,-0.01635950472674089,-0.0039931119761018275,370,57,1480,5785,7265
305,dinov2,Raw,std_ctrl__tvn_efaar_e0.1_c304,0.22355650188420875,0.11923280967396908,0.026655269840538173,370,70,1480,5849,7329
306,dinov2,Raw,std_ctrl__tvn_efaar_e0.1_c304,0.21239051614365598,0.023051840469192852,0.0048959922953130865,370,74,1480,5657,7137
307,dinov2,Raw,std_ctrl__tvn_efaar_e0.1_c304,0.2524758838927825,-0.03488495682527357,-0.008807610309022502,370,72,1480,5753,7233
308,dinov2,Raw,std_ctrl__tvn_efaar_e0.1_c304,0.22180732221511695,0.05926700375396552,0.013145855398380377,370,75,1480,5753,7233
309,dinov2,Raw,std_ctrl__tvn_efaar_e0.1_c304,0.2429670036241453,0.030154757798498917,0.007326611147313111,370,73,1480,5849,7329
310,dinov2,Raw,std_ctrl__tvn_efaar_e0.1_c304,0.2530437337919206,0.014926689509445071,0.003777105246622672,370,73,1480,5753,7233
311,dinov2,Raw,std_ctrl__tvn_efaar_e0.1_c304,0.25941792393954277,0.012482932168487863,0.003238296347827256,370,67,1480,5724,7204
312,dinov2,Raw,std_ctrl__tvn_efaar_e0.1_c304,0.22984152409351744,0.05447840613244075,0.01252139989566581,370,93,1480,5689,7169
313,dinov2,Raw,std_ctrl__tvn_efaar_e0.1_c304,0.20670319116032504,0.010974162967620852,0.002268394505720693,370,100,1480,5721,7201
314,dinov2,Raw,std_ctrl__tvn_efaar_e0.1_c304,0.27630518921244157,0.046434342161932436,0.012830049697007994,370,60,1480,5625,7105
315,dinov2,Raw,std_ctrl__tvn_efaar_e0.1_c304,0.25964021248554736,0.030136965725635238,0.007824768184673592,370,52,1480,5593,7073
316,dinov2,Raw,std_ctrl__tvn_efaar_e0.1_c304,0.23913029099711103,0.04525888487433097,0.010822770310203511,370,61,1480,5561,7041
317,dinov2,Raw,std_ctrl__tvn_efaar_e0.1_c304,0.2297376104364266,0.055336084347148325,0.012712779788822405,370,92,1480,5817,7297
318,dinov2,Raw,std_ctrl__tvn_efaar_e0.1_c304,0.2238351847936284,0.012168815847877733,0.0027238091440293464,370,80,1480,5657,7137
319,dinov2,Raw,std_ctrl__tvn_efaar_e0.1_c304,0.21691996913838515,0.02720783563777772,0.005901922866868999,370,86,1480,5881,7361
320,dinov2,Raw,std_ctrl__tvn_efaar_e0.1_c304,0.23135541228594741,0.048628104205175465,0.011250375097072383,370,82,1480,5529,7009
321,dinov2,Raw,std_ctrl__tvn_efaar_e0.1_c304,0.25093910717517376,0.027771441838130136,0.006968940819827642,370,73,1480,5529,7009
322,dinov2,Raw,std_ctrl__tvn_efaar_e0.1_c304,0.21257319938142588,-0.021424814491198922,-0.004554341362547691,370,72,1480,5657,7137
323,dinov2,Raw,std_ctrl__tvn_efaar_e0.1_c304,0.265624118179565,0.07975171357075131,0.021183978590540064,370,92,1480,5625,7105
324,dinov2,Raw,std_ctrl__tvn_efaar_e0.1_c304,0.216049693684162,-0.02644393092702748,-0.0057132031765894245,370,61,1480,5721,7201
325,dinov2,Raw,std_ctrl__tvn_efaar_e0.1_c304,0.2176734157835285,0.05051829948661907,0.010996490808827647,370,100,1480,5689,7169
326,dinov2,Raw,std_ctrl__tvn_efaar_e0.1_c304,0.23392882102663587,-0.03772253550325116,-0.008824388256410957,370,46,1480,5663,7143
327,dinov2,Raw,std_ctrl__tvn_efaar_e0.1_c304,0.22149256930018568,0.04522612280368376,0.010017250139273633,370,79,1480,5497,6977
328,dinov2,Raw,std_ctrl__tvn_efaar_e0.1_c304,0.20834415767451708,0.020366212707263423,0.004243181431514844,370,67,1480,5727,7207
329,dinov2,Raw,std_ctrl__tvn_efaar_e0.1_c304,0.2521866445675423,0.026842030228378118,0.006769201536675219,370,113,1480,5561,7041
330,dinov2,Raw,std_ctrl__tvn_efaar_e0.1_c304,0.28880636841174656,0.015519644519804388,0.00448217217280597,370,45,1480,5593,7073
331,dinov2,Raw,std_ctrl__tvn_efaar_e0.1_c304,0.24432670864406902,-0.027762196024823563,-0.006783045979476598,370,95,1480,5817,7297
332,dinov2,Raw,std_ctrl__tvn_efaar_e0.1_c304,0.26429279292958774,0.04852019326162472,0.01282353739059816,370,100,1480,5689,7169
333,dinov2,Raw,std_ctrl__tvn_efaar_e0.1_c304,0.22041519509171362,0.03356636503229822,0.007398536897113686,370,92,1480,5433,6913
334,dinov2,Raw,std_ctrl__tvn_efaar_e0.1_c304,0.26888916244123456,0.04209296253898245,0.011318341441777253,370,53,1480,5497,6977
335,dinov2,Raw,std_ctrl__tvn_efaar_e0.1_c304,0.24402054517995758,0.03918156895051399,0.009561107816310522,370,71,1480,5593,7073
336,dinov2,Raw,std_ctrl__tvn_efaar_e0.1_c304,0.2540893680589068,-0.012834098418539889,-0.003261007956772616,370,53,1480,5593,7073
337,dinov2,Raw,std_ctrl__tvn_efaar_e0.1_c304,0.236526574514274,0.04004567034185309,0.009471865230086368,370,95,1480,5593,7073
338,dinov2,Raw,std_ctrl__tvn_efaar_e0.1_c304,0.26886761966737,0.03261596240243591,0.008769376174303378,370,87,1480,5561,7041
339,dinov2,Raw,std_ctrl__tvn_efaar_e0.1_c304,0.22661183590641165,0.067902663628925,0.015387547267886218,370,86,1480,5817,7297
340,dinov2,Raw,std_ctrl__tvn_efaar_e0.1_c304,0.2707413948963615,0.0023526143169775612,0.0006369500818316557,370,93,1480,5625,7105
341,dinov2,Raw,std_ctrl__tvn_efaar_e0.1_c304,0.23598980936526207,0.030112509746618076,0.007106245434613996,370,52,1480,5561,7041
342,dinov2,Raw,std_ctrl__tvn_efaar_e0.1_c304,0.21729946585502224,-0.025926133768730236,-0.005633735019630935,370,78,1480,5785,7265
343,dinov2,Raw,std_ctrl__tvn_efaar_e0.1_c304,0.23397860136299636,-0.0061272847055344045,-0.001433653505553819,370,71,1480,5785,7265
344,dinov2,Raw,std_ctrl__tvn_efaar_e0.1_c304,0.23645524720545033,0.09323746094657526,0.022046486876930973,370,48,1480,5561,7041
345,dinov2,Raw,std_ctrl__tvn_efaar_e0.1_c304,0.2720425139771329,-0.015225375266180561,-0.004141949363657019,370,77,1480,5785,7265
346,dinov2,Raw,std_ctrl__tvn_efaar_e0.1_c304,0.21150841215043692,-0.009290289551163995,-0.0019649743913844916,370,62,1480,5689,7169
347,dinov2,Raw,std_ctrl__tvn_efaar_e0.1_c304,0.25352025963973435,-0.0391278069372343,-0.009919691773861037,370,59,1480,5817,7297
348,dinov2,Raw,std_ctrl__tvn_efaar_e0.1_c304,0.25276694041591413,0.004745006839684498,0.0011993808611196364,370,125,1480,5791,7271
349,dinov2,Raw,std_ctrl__tvn_efaar_e0.1_c304,0.19387915681756207,0.013044719711140436,0.00252909925851734,370,84,1480,5689,7169
350,dinov2,Raw,std_ctrl__tvn_efaar_e0.1_c304,0.2462459736238123,0.06268481287793233,0.015435882778552934,370,84,1480,5497,6977
351,dinov2,Raw,std_ctrl__tvn_efaar_e0.1_c304,0.2543479819249549,-0.015328452021364883,-0.0038987608376676534,370,91,1480,5689,7169
352,dinov2,Raw,std_ctrl__tvn_efaar_e0.1_c304,0.2487783461747443,0.05194866751005338,0.012923703589132753,370,69,1480,5433,6913
353,dinov2,Raw,std_ctrl__tvn_efaar_e0.1_c304,0.25108750143210495,0.015014994811279657,0.0037700775311802293,370,90,1480,5593,7073
354,dinov2,Raw,std_ctrl__tvn_efaar_e0.1_c304,0.22590564439290173,0.03561047028422908,0.00804460623669305,370,67,1480,5625,7105
355,dinov2,Raw,std_ctrl__tvn_efaar_e0.1_c304,0.2505548801238995,0.03024623706377467,0.007578342301713108,370,67,1480,5561,7041
356,dinov2,Raw,std_ctrl__tvn_efaar_e0.1_c304,0.27301256739767266,0.0049325162014250456,0.0013466389118816677,370,63,1480,5881,7361
357,dinov2,Raw,std_ctrl__tvn_efaar_e0.1_c304,0.22688635927111367,0.012965786371868075,0.002941760065000169,370,87,1480,5497,6977
358,dinov2,Raw,std_ctrl__tvn_efaar_e0.1_c304,0.23561514508936027,-0.015055376260397308,-0.003547274661968422,370,70,1480,5561,7041
359,dinov2,Raw,std_ctrl__tvn_efaar_e0.1_c304,0.23320916137687217,0.017631493468950057,0.004111825805715641,370,83,1480,5529,7009
360,dinov2,Raw,std_ctrl__tvn_efaar_e0.1_c304,0.2676277112135336,-0.031529010351909054,-0.008438036877309228,370,63,1480,5657,7137
361,dinov2,Raw,std_ctrl__tvn_efaar_e0.1_c304,0.21982135601544167,0.00786075302897986,0.0017279613901328432,370,55,1480,5721,7201
362,dinov2,Raw,std_ctrl__tvn_efaar_e0.1_c304,0.24820390051564228,-0.0068647611699065225,-0.0017038604984791227,370,60,1480,5561,7041
363,dinov2,Raw,std_ctrl__tvn_efaar_e0.1_c304,0.21069237838111113,0.01958031217935804,0.004125422542513583,370,75,1480,5689,7169
364,dinov2,Raw,std_ctrl__tvn_efaar_e0.1_c304,0.24084044806860422,0.006800324161247269,0.0016377931180065475,370,67,1480,5785,7265
365,dinov2,Raw,std_ctrl__tvn_efaar_e0.1_c304,0.27744323202939425,0.03084824439225371,0.008558636626619506,370,62,1480,5753,7233
366,dinov2,Raw,std_ctrl__tvn_efaar_e0.1_c304,0.2028078257301387,-0.012999540034807099,-0.002636408449951119,370,83,1480,5660,7140
367,dinov2,Raw,std_ctrl__tvn_efaar_e0.1_c304,0.24134142244356904,0.010652239267280683,0.002570826576974762,370,79,1480,5689,7169
368,dinov2,Raw,std_ctrl__tvn_efaar_e0.1_c304,0.25122740091167733,0.03159243746343683,0.00793688595240394,370,76,1480,5785,7265
369,dinov2,Raw,std_ctrl__tvn_efaar_e0.1_c304,0.2460620168294672,-0.012286338268530792,-0.003023201173803751,370,63,1480,5721,7201
370,dinov2,Raw,std_ctrl__tvn_efaar_e0.1_c304,0.2458997170734992,-0.007947970222202486,-0.0019544036289481878,370,56,1480,5817,7297
371,dinov2,Raw,std_ctrl__tvn_efaar_e0.1_c304,0.25022300358884464,0.06095554093299328,0.015252478537636345,370,63,1480,5529,7009
372,dinov2,Raw,std_ctrl__tvn_efaar_e0.1_c304,0.25081264013965265,0.0456611521441522,0.011452394121093175,370,77,1480,5881,7361
373,dinov2,Raw,std_ctrl__tvn_efaar_e0.1_c304,0.24742386249932177,0.08995671510401586,0.022257437908786683,370,74,1480,5721,7201
374,dinov2,Raw,std_ctrl__tvn_efaar_e0.1_c304,0.2527750773522827,-0.05064058181669311,-0.012800676985879203,370,69,1480,5563,7043
375,dinov2,Raw,std_ctrl__tvn_efaar_e0.1_c304,0.2437905699689966,-0.00356521386894255,-0.0008691655211708757,370,93,1480,5273,6753
376,dinov2,Raw,std_ctrl__tvn_efaar_e0.1_c304,0.2559223534032155,0.08763997247667207,0.02242902800842295,370,86,1480,5593,7073
377,dinov2,Raw,std_ctrl__tvn_efaar_e0.1_c304,0.24448440942128738,-0.02129195078312906,-0.005205550012640425,370,79,1480,5817,7297
378,dinov2,Raw,std_ctrl__tvn_efaar_e0.1_c304,0.24809281385286427,-0.03993034566320196,-0.009906431813701289,370,97,1480,5465,6945
379,dinov2,Raw,std_ctrl__tvn_efaar_e0.1_c304,0.22573648779392586,-0.028869899186259273,-0.006516989645270886,370,60,1480,5625,7105
380,dinov2,Raw,std_ctrl__tvn_efaar_e0.1_c304,0.23844854263184484,-0.0012985603788740032,-0.0003096398298619623,370,58,1480,5689,7169
381,dinov2,Raw,std_ctrl__tvn_efaar_e0.1_c304,0.20249536701051188,0.04085819927244455,0.008273596057062288,370,87,1480,5369,6849
382,dinov2,Raw,std_ctrl__tvn_efaar_e0.1_c304,0.23923978450498137,-0.010658223001099214,-0.002549870973989012,370,65,1480,5753,7233
383,dinov2,Raw,std_ctrl__tvn_efaar_e0.1_c304,0.24675422566339494,0.04060730323044943,0.010020023664908225,370,84,1480,6009,7489
384,dinov2,Raw,std_ctrl__tvn_efaar_e0.1_c304,0.2243747889426592,0.004842673161773968,0.001086573768591314,370,65,1480,5561,7041
385,dinov2,Raw,std_ctrl__tvn_efaar_e0.1_c304,0.26723158462622293,-0.05989276093229145,-0.016005237411575782,370,97,1480,5561,7041
386,dinov2,Raw,std_ctrl__tvn_efaar_e0.1_c304,0.21821106760664313,0.002374883466759569,0.0005182258567229713,370,59,1480,5753,7233
387,dinov2,Raw,std_ctrl__tvn_efaar_e0.1_c304,0.2475456036698519,-0.02925541716044915,-0.007242049901596729,370,49,1480,5721,7201
388,dinov2,Raw,std_ctrl__tvn_efaar_e0.1_c304,0.24165123178356274,0.0031568671985786503,0.0007628608471136558,370,49,1480,5657,7137
389,dinov2,Raw,std_ctrl__tvn_efaar_e0.1_c304,0.23315066845236396,0.08700017189788656,0.02028414823346282,370,59,1480,5721,7201
390,dinov2,Raw,std_ctrl__tvn_efaar_e0.1_c304,0.24981929116914414,0.026597832364359406,0.006644651627899988,370,73,1480,5753,7233
391,dinov2,Raw,std_ctrl__tvn_efaar_e0.1_c304,0.237953829308065,0.007735667371547016,0.0018407316733130665,370,83,1480,5657,7137
392,dinov2,Raw,std_ctrl__tvn_efaar_e0.1_c304,0.23915712591642113,-0.02637052459558242,-0.0063066988711877854,370,57,1480,5945,7425
393,dinov2,Raw,std_ctrl__tvn_efaar_e0.1_c304,0.23397295535359833,0.008406950217913661,0.001966998987995837,370,39,1480,5791,7271
394,dinov2,Raw,std_ctrl__tvn_efaar_e0.1_c304,0.2333749671545076,0.012633926520857222,0.0029484421868375167,370,90,1480,5625,7105
395,dinov2,Raw,std_ctrl__tvn_efaar_e0.1_c304,0.253264409018983,0.07553568478074343,0.019130500565839176,370,47,1480,5689,7169
396,dinov2,Raw,std_ctrl__tvn_efaar_e0.1_c304,0.24355436990091564,0.009965873072966891,0.0024272319367989533,370,81,1480,5657,7137
397,dinov2,Raw,std_ctrl__tvn_efaar_e0.1_c304,0.21228052133356928,0.02124257133224167,0.004509384116873795,370,73,1480,5625,7105
398,dinov2,Raw,std_ctrl__tvn_efaar_e0.1_c304,0.2377819833584123,-0.03720988119070739,-0.008847839350057283,370,87,1480,5913,7393
399,dinov2,Raw,std_ctrl__tvn_efaar_e0.1_c304,0.2549261611256405,0.030296603007004798,0.007723396699723269,370,59,1480,5625,7105
400,dinov2,Raw,std_ctrl__tvn_efaar_e0.1_c304,0.2141574146658823,0.07443651110476866,0.015941130774945494,370,49,1480,5497,6977
401,dinov2,Raw,std_ctrl__tvn_efaar_e0.1_c304,0.25575048292444097,0.10408017115374493,0.026618554035428735,370,82,1480,5497,6977
402,dinov2,Raw,std_ctrl__tvn_efaar_e0.1_c304,0.21477500260240096,0.016549821770807393,0.0035544880138944296,370,64,1480,5657,7137
403,dinov2,Raw,std_ctrl__tvn_efaar_e0.1_c304,0.23121580860882548,-0.00956575809040485,-0.0022117544918293717,370,81,1480,5785,7265
404,dinov2,Raw,std_ctrl__tvn_efaar_e0.1_c304,0.24046668620619194,0.028380606464352764,0.006824590389004939,370,49,1480,5817,7297
405,dinov2,Raw,std_ctrl__tvn_efaar_e0.1_c304,0.23569770391213313,-0.0034240233818121158,-0.0008070344492345728,370,73,1480,5817,7297
406,dinov2,Raw,std_ctrl__tvn_efaar_e0.1_c304,0.24379751533720648,0.06603189274548882,0.016098411384363083,370,85,1480,5529,7009
407,dinov2,Raw,std_ctrl__tvn_efaar_e0.1_c304,0.1998458527198974,0.04275212275062745,0.00854383442668487,370,82,1480,5785,7265
408,dinov2,Raw,std_ctrl__tvn_efaar_e0.1_c304,0.24332008930059734,0.10099351165162795,0.02457375027385503,370,78,1480,5433,6913
409,dinov2,Raw,std_ctrl__tvn_efaar_e0.1_c304,0.22465276365067122,0.03684242622198015,0.008276752870363798,370,50,1480,5689,7169
410,dinov2,Raw,std_ctrl__tvn_efaar_e0.1_c304,0.24799802489574055,0.008177101351051121,0.0020279049844329697,370,82,1480,5561,7041
411,dinov2,Raw,std_ctrl__tvn_efaar_e0.1_c304,0.2204327494825014,-0.0026039613230308795,-0.0005739983539817888,370,94,1480,5657,7137
412,dinov2,Raw,std_ctrl__tvn_efaar_e0.1_c304,0.22311316997618635,-0.02265545607175666,-0.005054730621425867,370,64,1480,5753,7233
413,dinov2,Raw,std_ctrl__tvn_efaar_e0.1_c304,0.28030550037141233,0.010251517707996038,0.0028735568007062237,370,74,1480,5721,7201
414,dinov2,Raw,std_ctrl__tvn_efaar_e0.1_c304,0.24243755641110984,-0.022176332275027376,-0.005376375806918465,370,80,1480,5945,7425
415,dinov2,Raw,std_ctrl__tvn_efaar_e0.1_c304,0.2635037771175052,0.012418635304475158,0.0032723573093740035,370,82,1480,5785,7265
416,dinov2,Raw,std_ctrl__tvn_efaar_e0.1_c304,0.27973321561922876,0.07968229172133556,0.02228978369111865,370,64,1480,5701,7181
417,dinov2,Raw,std_ctrl__tvn_efaar_e0.1_c304,0.23732631479171304,0.07447765823013695,0.0176755081620751,370,71,1480,5625,7105
418,dinov2,Raw,std_ctrl__tvn_efaar_e0.1_c304,0.2254627600413364,-0.0028660280279625737,-0.0006461825895402703,370,74,1480,5817,7297
419,dinov2,Raw,std_ctrl__tvn_efaar_e0.1_c304,0.23293287923009565,0.08629772102454895,0.020101576629243747,370,60,1480,5625,7105
420,dinov2,Raw,std_ctrl__tvn_efaar_e0.1_c304,0.21796155610072482,0.019000927125051532,0.0041414716435327036,370,70,1480,5497,6977
421,dinov2,Raw,std_ctrl__tvn_efaar_e0.1_c304,0.2552933703215194,0.005910711406707086,0.001508965436016101,370,63,1480,5657,7137
422,dinov2,Raw,std_ctrl__tvn_efaar_e0.1_c304,0.24217450469094082,-0.009411691306983593,-0.002279271680572785,370,64,1480,5721,7201
423,dinov2,Raw,std_ctrl__tvn_efaar_e0.1_c304,0.21793672234834013,0.006820402460495789,0.0014864161573370067,370,74,1480,5689,7169
424,dinov2,Raw,std_ctrl__tvn_efaar_e0.1_c304,0.23754192521988468,0.04585327101421984,0.010892074274346915,370,56,1480,5689,7169
425,dinov2,Raw,std_ctrl__tvn_efaar_e0.1_c304,0.25667045009561046,0.015281087104476815,0.003922203505056293,370,66,1480,5721,7201
426,dinov2,Raw,std_ctrl__tvn_efaar_e0.1_c304,0.2751991275056319,0.026710016181039544,0.007350573148683393,370,46,1480,5625,7105
427,dinov2,Raw,std_ctrl__tvn_efaar_e0.1_c304,0.24504621847037633,-0.03017425706812753,-0.007394087589697676,370,47,1480,5849,7329
428,dinov2,Raw,std_ctrl__tvn_efaar_e0.1_c304,0.24440724971993436,-0.0014801011305506158,-0.0003617474466252415,370,88,1480,5689,7169
429,dinov2,Raw,std_ctrl__tvn_efaar_e0.1_c304,0.26015033156371986,0.03649068359274957,0.009493063435640593,370,59,1480,5625,7105
430,dinov2,Raw,std_ctrl__tvn_efaar_e0.1_c304,0.2370079243242553,0.047795743711200434,0.011327970008525694,370,56,1480,5625,7105
431,dinov2,Raw,std_ctrl__tvn_efaar_e0.1_c304,0.2343727371131981,0.01771611463208666,0.004152174277333329,370,78,1480,5817,7297
432,dinov2,Raw,std_ctrl__tvn_efaar_e0.1_c304,0.20793445058734913,-0.00043116484751395224,-8.965402568039183e-05,370,74,1480,5727,7207
433,dinov2,Raw,std_ctrl__tvn_efaar_e0.1_c304,0.2503366520857455,-0.01553541697452736,-0.003889084274159241,370,51,1480,5657,7137
434,dinov2,Raw,std_ctrl__tvn_efaar_e0.1_c304,0.2263436679282353,0.0077475933321677765,0.0017536186924191931,370,81,1480,5945,7425
435,dinov2,Raw,std_ctrl__tvn_efaar_e0.1_c304,0.24058860419777459,0.006316672936667299,0.0015197195250066433,370,89,1480,5881,7361
436,dinov2,Raw,std_ctrl__tvn_efaar_e0.1_c304,0.2245618881823596,0.010019633752672669,0.002250027874395876,370,69,1480,5689,7169
437,dinov2,Raw,std_ctrl__tvn_efaar_e0.1_c304,0.23467173364071972,-0.014941479346123597,-0.0035063428613118317,370,41,1480,5721,7201
438,dinov2,Raw,std_ctrl__tvn_efaar_e0.1_c304,0.23964821297769967,0.021544264458939325,0.005163044477503776,370,77,1480,5753,7233
439,dinov2,Raw,std_ctrl__tvn_efaar_e0.1_c304,0.2283397171982242,0.06922706235551826,0.015807287840722873,370,45,1480,5689,7169
440,dinov2,Raw,std_ctrl__tvn_efaar_e0.1_c304,0.26258217092107966,0.034717292587230296,0.009116142056057238,370,65,1480,5721,7201
441,dinov2,Raw,std_ctrl__tvn_efaar_e0.1_c304,0.24251824202849356,0.012897116580075424,0.003127786040236429,370,74,1480,5657,7137
442,dinov2,Raw,std_ctrl__tvn_efaar_e0.1_c304,0.2289251628224217,0.026077395870306497,0.005969772095594662,370,63,1480,5721,7201
443,dinov2,Raw,std_ctrl__tvn_efaar_e0.1_c304,0.28582382571590353,-0.03430765490335781,-0.009805945175818707,370,57,1480,5657,7137
444,dinov2,Raw,std_ctrl__tvn_efaar_e0.1_c304,0.21038181117066715,0.08535279550834853,0.017956675707525946,370,75,1480,5785,7265
445,dinov2,Raw,std_ctrl__tvn_efaar_e0.1_c304,0.24874304968065808,0.15895916036424737,0.03953998632367968,370,101,1480,5785,7265
446,dinov2,Raw,std_ctrl__tvn_efaar_e0.1_c304,0.20702221030187168,-0.007291433214899649,-0.0015094886204170075,370,84,1480,5785,7265
447,dinov2,Raw,std_ctrl__tvn_efaar_e0.1_c304,0.2552715669423498,0.044120789941898296,0.011262783183202646,370,73,1480,5561,7041
448,dinov2,Raw,std_ctrl__tvn_efaar_e0.1_c304,0.2510190463759049,-0.002700617281348618,-0.0006779063745904188,370,66,1480,5529,7009
449,dinov2,Raw,std_ctrl__tvn_efaar_e0.1_c304,0.23340107889090797,0.02702943568457573,0.006308699450592383,370,94,1480,5913,7393
450,dinov2,Raw,std_ctrl__tvn_efaar_e0.1_c304,0.24889439885004278,-0.027871832210092005,-0.006937142922780109,370,76,1480,5625,7105
451,dinov2,Raw,std_ctrl__tvn_efaar_e0.1_c304,0.2211222589056016,0.04850770727737025,0.010726133807503799,370,69,1480,5657,7137
452,dinov2,Raw,std_ctrl__tvn_efaar_e0.1_c304,0.21608126058758292,0.0382359512357485,0.008262072542785884,370,67,1480,5817,7297
453,dinov2,Raw,std_ctrl__tvn_efaar_e0.1_c304,0.25963408188526277,0.02855582573843538,0.007414065598074226,370,77,1480,5753,7233
454,dinov2,Raw,std_ctrl__tvn_efaar_e0.1_c304,0.2259521253078044,0.03242874871674099,0.007327344693620362,370,66,1480,5689,7169
455,dinov2,Raw,std_ctrl__tvn_efaar_e0.1_c304,0.24366483885767637,-0.015385711064363072,-0.0037489568072087962,370,66,1480,5817,7297
456,dinov2,Raw,std_ctrl__tvn_efaar_e0.1_c304,0.23218018965155887,0.017726620827469917,0.004115770185603239,370,87,1480,5881,7361
457,dinov2,Raw,std_ctrl__tvn_efaar_e0.1_c304,0.23068628097337204,0.011152653166832394,0.0025727640820424652,370,74,1480,5625,7105
458,dinov2,Raw,std_ctrl__tvn_efaar_e0.1_c304,0.20367815249747392,-0.025719958582335858,-0.0052385936463617165,370,124,1480,5465,6945
459,dinov2,Raw,std_ctrl__tvn_efaar_e0.1_c304,0.24700421833805442,0.008552285275406938,0.002112450539455943,370,84,1480,5689,7169
460,dinov2,Raw,std_ctrl__tvn_efaar_e0.1_c304,0.22778258954118283,0.058038434118568176,0.013220144816442797,370,75,1480,5657,7137
461,dinov2,Raw,std_ctrl__tvn_efaar_e0.1_c304,0.2458713209466857,0.029194080577540537,0.007177987155423873,370,64,1480,5529,7009
462,dinov2,Raw,std_ctrl__tvn_efaar_e0.1_c304,0.2425955551170076,0.06516416258352954,0.015808536195686285,370,86,1480,5785,7265
463,dinov2,Raw,std_ctrl__tvn_efaar_e0.1_c304,0.2445000460368615,0.06948587197160459,0.01698929889596879,370,56,1480,5689,7169
464,dinov2,Raw,std_ctrl__tvn_efaar_e0.1_c304,0.2578941612534995,-0.02523751641680589,-0.00650860812843358,370,51,1480,5561,7041
465,dinov2,Raw,std_ctrl__tvn_efaar_e0.1_c304,0.2445740709553661,0.012264076735622163,0.0029994751737401092,370,70,1480,5721,7201
466,dinov2,Raw,std_ctrl__tvn_efaar_e0.1_c304,0.22659853004294936,0.07289796512890206,0.016518571741331388,370,88,1480,5657,7137
467,dinov2,Raw,std_ctrl__tvn_efaar_e0.1_c304,0.24242191971889604,0.023925759360412267,0.005800128514883488,370,95,1480,5785,7265
468,dinov2,Raw,std_ctrl__tvn_efaar_e0.1_c304,0.23319396846761398,-0.01926876933393736,-0.004493360788467915,370,73,1480,5657,7137
469,dinov2,Raw,std_ctrl__tvn_efaar_e0.1_c304,0.23230244744294148,0.026928793310042814,0.006255624592608055,370,68,1480,5817,7297
470,dinov2,Raw,std_ctrl__tvn_efaar_e0.1_c304,0.22203744957641863,0.03126347521807306,0.00694166230231651,370,79,1480,5561,7041
471,dinov2,Raw,std_ctrl__tvn_efaar_e0.1_c304,0.2171945137596232,0.0007235137150751546,0.00015714320954416676,370,72,1480,5881,7361
472,dinov2,Raw,std_ctrl__tvn_efaar_e0.1_c304,0.242735117839575,-0.01624285651585849,-0.00394271169042822,370,100,1480,5753,7233
473,dinov2,Raw,std_ctrl__tvn_efaar_e0.1_c304,0.2214045139177735,0.015647240438130143,0.0034643696633587335,370,82,1480,5721,7201
474,dinov2,Raw,std_ctrl__tvn_efaar_e0.1_c304,0.24571900285285092,-0.02328665255764451,-0.0057219730462451995,370,65,1480,5881,7361
475,dinov2,Raw,std_ctrl__tvn_efaar_e0.1_c304,0.21839114131535178,-0.005588108789855033,-0.00122039345641079,370,90,1480,5337,6817
476,dinov2,Raw,std_ctrl__tvn_efaar_e0.1_c304,0.22652763920449723,0.009347421870993898,0.002117449409084732,370,95,1480,5657,7137
477,dinov2,Raw,std_ctrl__tvn_efaar_e0.1_c304,0.22074574011970777,0.08191582263990112,0.018082568896159685,370,80,1480,5660,7140
478,dinov2,Raw,std_ctrl__tvn_efaar_e0.1_c304,0.23474437190520483,0.03116002881700279,0.007314641393195403,370,50,1480,5817,7297
479,dinov2,Raw,std_ctrl__tvn_efaar_e0.1_c304,0.23301318758188544,0.05185261076080555,0.012082342117818076,370,53,1480,5753,7233
480,dinov2,Raw,std_ctrl__tvn_efaar_e0.1_c304,0.2413321725628541,0.03184087493026299,0.007684227523222483,370,63,1480,5721,7201
481,dinov2,Raw,std_ctrl__tvn_efaar_e0.1_c304,0.23446559912405499,0.002770273830721439,0.000649533913457793,370,83,1480,5689,7169
482,dinov2,Raw,std_ctrl__tvn_efaar_e0.1_c304,0.24984681465408254,-0.04063746230091786,-0.01015314051150969,370,68,1480,5785,7265
483,dinov2,Raw,std_ctrl__tvn_efaar_e0.1_c304,0.26409743191040574,0.035528918813767504,0.009383096217269297,370,61,1480,5753,7233
484,dinov2,Raw,std_ctrl__tvn_efaar_e0.1_c304,0.25540293227890964,0.056695835698003905,0.01448028268527348,370,49,1480,5561,7041
485,dinov2,Raw,std_ctrl__tvn_efaar_e0.1_c304,0.2426613601225319,-0.02122447825369543,-0.005150360760932834,370,75,1480,5433,6913
486,dinov2,Raw,std_ctrl__tvn_efaar_e0.1_c304,0.24137619521759912,0.02821706224273219,0.00681092712436887,370,84,1480,5657,7137
487,dinov2,Raw,std_ctrl__tvn_efaar_e0.1_c304,0.2160492868534595,-0.03350556934598781,-0.007238854362819799,370,40,1480,5529,7009
488,dinov2,Raw,std_ctrl__tvn_efaar_e0.1_c304,0.21039079061717947,0.03858650757911911,0.008118245836726658,370,77,1480,5625,7105
489,dinov2,Raw,std_ctrl__tvn_efaar_e0.1_c304,0.26471033187968607,0.0566005984381311,0.014982763197146524,370,57,1480,5849,7329
490,dinov2,Raw,std_ctrl__tvn_efaar_e0.1_c304,0.27832238284571686,-0.029159748977003123,-0.008115810818462464,370,68,1480,5913,7393
491,dinov2,Raw,std_ctrl__tvn_efaar_e0.1_c304,0.24537931410852684,-0.02224690003502924,-0.005458929071636437,370,75,1480,5913,7393
492,dinov2,Raw,std_ctrl__tvn_efaar_e0.1_c304,0.230634308401317,0.0430972494751776,0.009939704326706609,370,85,1480,5561,7041
493,dinov2,Raw,std_ctrl__tvn_efaar_e0.1_c304,0.23514408798652875,-0.009770018997350043,-0.002297362206742936,370,112,1480,5529,7009
494,dinov2,Raw,std_ctrl__tvn_efaar_e0.1_c304,0.2577823039712345,0.0018153784127594274,0.000467972429820768,370,68,1480,5689,7169
495,dinov2,Raw,std_ctrl__tvn_efaar_e0.1_c304,0.24761793182464842,-0.019442943327454106,-0.004814421415328033,370,65,1480,5369,6849
496,dinov2,Raw,std_ctrl__tvn_efaar_e0.1_c304,0.23310461947900535,0.030528052250711247,0.007116230003337238,370,81,1480,5657,7137
497,dinov2,Raw,std_ctrl__tvn_efaar_e0.1_c304,0.22797023135036992,0.02568488148359951,0.0058553883740230135,370,98,1480,5753,7233
498,dinov2,Raw,std_ctrl__tvn_efaar_e0.1_c304,0.2573254665834152,0.022739373982453105,0.005851420019849517,370,84,1480,5945,7425
499,dinov2,Raw,std_ctrl__tvn_efaar_e0.1_c304,0.2499570509758846,0.03034401952896278,0.007584701636214187,370,65,1480,5817,7297
500,dinov2,Raw,std_ctrl__tvn_efaar_e0.1_c304,0.24158216347369485,-0.026183662379890418,-0.006325505805398721,370,72,1480,5753,7233
501,dinov2,Raw,std_ctrl__tvn_efaar_e0.1_c304,0.23528841144559026,-0.006261925611437546,-0.0014733585297055968,370,83,1480,5593,7073
502,dinov2,Raw,std_ctrl__tvn_efaar_e0.1_c304,0.24945129366604457,-0.009548028924422448,-0.0023817681671579917,370,84,1480,5817,7297
503,dinov2,Raw,std_ctrl__tvn_efaar_e0.1_c304,0.23694433137794774,0.02006747165792275,0.004754873654432423,370,83,1480,5785,7265
504,dinov2,Raw,std_ctrl__tvn_efaar_e0.1_c304,0.2582189347785229,0.021222416694318527,0.005480029832232872,370,71,1480,5721,7201
505,dinov2,Raw,std_ctrl__tvn_efaar_e0.1_c304,0.22402551584624716,-0.011526088051923412,-0.0025821378215214086,370,62,1480,5625,7105
506,dinov2,Raw,std_ctrl__tvn_efaar_e0.1_c304,0.24225270672479646,0.027430594127846753,0.006645135674540183,370,88,1480,5657,7137
507,dinov2,Raw,std_ctrl__tvn_efaar_e0.1_c304,0.26052142517210397,-0.018035403380846863,-0.004698608992332007,370,83,1480,5657,7137
508,dinov2,Raw,std_ctrl__tvn_efaar_e0.1_c304,0.22971992632520216,-0.001628259155380558,-0.0003740435732123577,370,81,1480,5881,7361
509,dinov2,Raw,std_ctrl__tvn_efaar_e0.1_c304,0.24801270920852014,0.026592798928650588,0.006595352107732064,370,61,1480,5593,7073
510,dinov2,Raw,std_ctrl__tvn_efaar_e0.1_c304,0.21706174138849932,0.01102386447459927,0.0023928592196873315,370,79,1480,5433,6913
511,dinov2,Raw,std_ctrl__tvn_efaar_e0.1_c304,0.2403803383989138,-0.013502323205536368,-0.0032456930213183386,370,73,1480,5593,7073
512,dinov2,Raw,std_ctrl__tvn_efaar_e0.1_c304,0.2430530084328702,0.032974434416282485,0.008014535486249832,370,71,1480,5753,7233
513,dinov2,Raw,std_ctrl__tvn_efaar_e0.1_c304,0.24683435887016894,0.021187491252554893,0.0052298008193917,370,73,1480,5497,6977
514,dinov2,Raw,std_ctrl__tvn_efaar_e0.1_c304,0.2589697085583381,0.1127611298809898,0.02920171694198884,370,61,1480,5945,7425
515,dinov2,Raw,std_ctrl__tvn_efaar_e0.1_c304,0.26803310757041865,0.015797552878707943,0.004234267190088103,370,61,1480,5497,6977
516,dinov2,Raw,std_ctrl__tvn_efaar_e0.1_c304,0.24582889020621676,0.010014420866397339,0.0024618339676444377,370,47,1480,5657,7137
517,dinov2,Raw,std_ctrl__tvn_efaar_e0.1_c304,0.24141337652892225,0.012343532907003553,0.002979893957375591,370,82,1480,5753,7233
518,dinov2,Raw,std_ctrl__tvn_efaar_e0.1_c304,0.23086460139176052,0.011733838901065038,0.002708928040689513,370,72,1480,5785,7265
519,dinov2,Raw,std_ctrl__tvn_efaar_e0.1_c304,0.24306527812479553,0.015710063327293376,0.0038185709120067152,370,86,1480,5881,7361
520,dinov2,Raw,std_ctrl__tvn_efaar_e0.1_c304,0.21823649760275748,-0.014203079358563601,-0.0030996302943869397,370,75,1480,5753,7233
521,dinov2,Raw,std_ctrl__tvn_efaar_e0.1_c304,0.25518753986546416,-0.020885983973171367,-0.005329842867783114,370,66,1480,5849,7329
522,dinov2,Raw,std_ctrl__tvn_efaar_e0.1_c304,0.21298876545013548,0.06866971880337114,0.014625878631737973,370,87,1480,5529,7009
523,dinov2,Raw,std_ctrl__tvn_efaar_e0.1_c304,0.24511112823401665,0.003366719767600931,0.0008252204806844305,370,63,1480,5433,6913
524,dinov2,Raw,std_ctrl__tvn_efaar_e0.1_c304,0.24712311928200215,-0.013535536454880783,-0.0033449439898853924,370,84,1480,5817,7297
525,dinov2,Raw,std_ctrl__tvn_efaar_e0.1_c304,0.2568201490158103,-0.047862517506088186,-0.012292058878185397,370,69,1480,5657,7137
526,dinov2,Raw,std_ctrl__tvn_efaar_e0.1_c304,0.2457572952779696,-0.012832596629911135,-0.0031537042391601485,370,55,1480,5913,7393
527,dinov2,Raw,std_ctrl__tvn_efaar_e0.1_c304,0.24047953725550605,0.015472393494818514,0.003720794027869058,370,51,1480,5721,7201
528,dinov2,Raw,std_ctrl__tvn_efaar_e0.1_c304,0.22045060537714314,-0.007881565545858123,-0.0017374958959040568,370,88,1480,5913,7393
529,dinov2,Raw,std_ctrl__tvn_efaar_e0.1_c304,0.2256574632442576,0.06298150405922218,0.014212246437311988,370,56,1480,5401,6881
530,dinov2,Raw,std_ctrl__tvn_efaar_e0.1_c304,0.24913078133406005,-0.00501365745171971,-0.0012490563982882638,370,80,1480,5657,7137
531,dinov2,Raw,std_ctrl__tvn_efaar_e0.1_c304,0.2397955819185922,0.021090997218974502,0.005057527951367401,370,64,1480,5689,7169
532,dinov2,Raw,std_ctrl__tvn_efaar_e0.1_c304,0.2558233758160634,0.0374663309589479,0.00958476326535994,370,61,1480,5657,7137
533,dinov2,Raw,std_ctrl__tvn_efaar_e0.1_c304,0.23590355246158592,-0.008739070853550265,-0.0020615778595660115,370,61,1480,5689,7169
534,dinov2,Raw,std_ctrl__tvn_efaar_e0.1_c304,0.25229034382494564,0.025641738714849226,0.006469163076638731,370,74,1480,5689,7169
535,dinov2,Raw,std_ctrl__tvn_efaar_e0.1_c304,0.20898980163626252,-0.023393238860526622,-0.004888948349091166,370,89,1480,5433,6913
536,dinov2,Raw,std_ctrl__tvn_efaar_e0.1_c304,0.22894088252988867,0.0029880539791491212,0.0006840877150333454,370,90,1480,5593,7073
537,dinov2,Raw,std_ctrl__tvn_efaar_e0.1_c304,0.24900359431311891,0.021237294836945367,0.005288162747886839,370,96,1480,5785,7265
538,dinov2,Raw,std_ctrl__tvn_efaar_e0.1_c304,0.2403911273907431,-0.028251917651300616,-0.00679151033514659,370,92,1480,5561,7041
539,dinov2,Raw,std_ctrl__tvn_efaar_e0.1_c304,0.26085298184651706,0.03220323666704911,0.008400310309708853,370,68,1480,5721,7201
540,dinov2,Raw,std_ctrl__tvn_efaar_e0.1_c304,0.24690599761435833,0.012380087461154718,0.0030567178451494145,370,53,1480,5785,7265
541,dinov2,Raw,std_ctrl__tvn_efaar_e0.1_c304,0.22635521490207608,0.0002702529624735221,6.11731673986168e-05,370,63,1480,5849,7329
542,dinov2,Raw,std_ctrl__tvn_efaar_e0.1_c304,0.23598682169626609,-0.0108874630581858,-0.002569297803436776,370,72,1480,5593,7073
543,dinov2,Raw,std_ctrl__tvn_efaar_e0.1_c304,0.2238626570186244,-0.01751255039724457,-0.003920406063099735,370,64,1480,5433,6913
544,dinov2,Raw,std_ctrl__tvn_efaar_e0.1_c304,0.24946233351702815,0.09423415479908234,0.023507872153183937,370,50,1480,5817,7297
545,dinov2,Raw,std_ctrl__tvn_efaar_e0.1_c304,0.2615491792645269,0.0582161945312486,0.015226397899552113,370,53,1480,5753,7233
546,dinov2,Raw,std_ctrl__tvn_efaar_e0.1_c304,0.2274666703972033,0.07844369820183462,0.017843326843614407,370,85,1480,5785,7265
547,dinov2,Raw,std_ctrl__tvn_efaar_e0.1_c304,0.24189500656232152,0.029826712790111613,0.007214932886096528,370,79,1480,5785,7265
548,dinov2,Raw,std_ctrl__tvn_efaar_e0.1_c304,0.21738647156076105,0.025922384943785896,0.005635175797369413,370,84,1480,5786,7266
549,dinov2,Raw,std_ctrl__tvn_efaar_e0.1_c304,0.22000717136309694,0.024410980641265644,0.005370590801084173,370,82,1480,5881,7361
550,dinov2,Raw,std_ctrl__tvn_efaar_e0.1_c304,0.23511721915090697,0.07446916209362252,0.01750898230395066,370,77,1480,5561,7041
551,dinov2,Raw,std_ctrl__tvn_efaar_e0.1_c304,0.23375565183040695,-0.03051485174295349,-0.0071330190596823224,370,56,1480,5529,7009
552,dinov2,Raw,std_ctrl__tvn_efaar_e0.1_c304,0.23243867689322198,-0.0003299169788844253,-7.668546605650487e-05,370,78,1480,5785,7265
553,dinov2,Raw,std_ctrl__tvn_efaar_e0.1_c304,0.2362782577073306,0.041880506838907164,0.00989545318779693,370,89,1480,5753,7233
554,dinov2,Raw,std_ctrl__tvn_efaar_e0.1_c304,0.264384522974906,-0.024268812027196687,-0.006416298290978058,370,47,1480,5657,7137
555,dinov2,Raw,std_ctrl__tvn_efaar_e0.1_c304,0.24564419547197913,0.010459918162108164,0.0025694181816338026,370,53,1480,5593,7073
556,dinov2,Raw,std_ctrl__tvn_efaar_e0.1_c304,0.25614085249584395,0.003524219094288457,0.0009026964831931765,370,71,1480,5561,7041
557,dinov2,Raw,std_ctrl__tvn_efaar_e0.1_c304,0.23865755182484696,0.07956071640548391,0.01898776579876373,370,60,1480,5465,6945
558,dinov2,Raw,std_ctrl__tvn_efaar_e0.1_c304,0.2631815336937513,0.03623158082223805,0.009535483008945717,370,90,1480,5785,7265
559,dinov2,Raw,std_ctrl__tvn_efaar_e0.1_c304,0.26592999457368255,-0.007187126749459232,-0.0019112725774840622,370,79,1480,5753,7233
560,dinov2,Raw,std_ctrl__tvn_efaar_e0.1_c304,0.2649560660947358,0.02355390169028292,0.006240749133039511,370,56,1480,5785,7265
561,dinov2,Raw,std_ctrl__tvn_efaar_e0.1_c304,0.20457334225584303,-0.011176688329964006,-0.0022864524870126134,370,78,1480,5465,6945
562,dinov2,Raw,std_ctrl__tvn_efaar_e0.1_c304,0.2477723368335992,0.04785580455441558,0.011857344525499547,370,67,1480,5785,7265
563,dinov2,Raw,std_ctrl__tvn_efaar_e0.1_c304,0.23784102045960107,0.031753841441519166,0.007552366051963288,370,87,1480,5913,7393
564,dinov2,Raw,std_ctrl__tvn_efaar_e0.1_c304,0.21790603209382567,-0.028180779548654188,-0.006140761852758065,370,75,1480,5657,7137
565,dinov2,Raw,std_ctrl__tvn_efaar_e0.1_c304,0.19091141803032946,0.061993083832377886,0.011835187542512353,370,78,1480,5625,7105
566,dinov2,Raw,std_ctrl__tvn_efaar_e0.1_c304,0.2683129005545334,0.023581278168606452,0.0063271611442020925,370,75,1480,5721,7201
567,dinov2,Raw,std_ctrl__tvn_efaar_e0.1_c304,0.22831898007475201,-0.03960379411134968,-0.009042297878593827,370,66,1480,5657,7137
568,dinov2,Raw,std_ctrl__tvn_efaar_e0.1_c304,0.21128060487969624,0.04094669829775508,0.008651243184176122,370,74,1480,5849,7329
569,dinov2,Raw,std_ctrl__tvn_efaar_e0.1_c304,0.2232485353425159,-0.019661332009538478,-0.00438936357401239,370,104,1480,5881,7361
570,dinov2,Raw,std_ctrl__tvn_efaar_e0.1_c304,0.23138996288765484,0.06701864251044969,0.01550744120327396,370,68,1480,5433,6913
571,dinov2,Raw,std_ctrl__tvn_efaar_e0.1_c304,0.2404421993926201,0.05712523745690807,0.01373531773496466,370,88,1480,5657,7137
572,dinov2,Raw,std_ctrl__tvn_efaar_e0.1_c304,0.24779515482309997,0.010101057151745163,0.002502993020793674,370,55,1480,5817,7297
573,dinov2,Raw,std_ctrl__tvn_efaar_e0.1_c304,0.24245566313419448,-0.023831785682916582,-0.005778151401423542,370,52,1480,5753,7233
574,dinov2,Raw,std_ctrl__tvn_efaar_e0.1_c304,0.22532021728321083,-0.019162209280433717,-0.0043176331586936845,370,72,1480,5657,7137
575,dinov2,Raw,std_ctrl__tvn_efaar_e0.1_c304,0.2190442457809435,-0.015572689326590979,-0.0034111079883240697,370,74,1480,5881,7361
576,dinov2,Raw,std_ctrl__tvn_efaar_e0.1_c304,0.23537351661306483,0.00864783238001107,0.0020354707183635355,370,119,1480,5721,7201
577,dinov2,Raw,std_ctrl__tvn_efaar_e0.1_c304,0.2760363083088859,-0.001165264008009002,-0.000321655174976021,370,52,1480,5657,7137
578,dinov2,Raw,std_ctrl__tvn_efaar_e0.1_c304,0.24033759736642327,0.07606365208826563,0.018280955389809284,370,57,1480,5785,7265
579,dinov2,Raw,std_ctrl__tvn_efaar_e0.1_c304,0.2339267902482635,0.004397706234326568,0.0010287413038507919,370,79,1480,5497,6977
580,dinov2,Raw,std_ctrl__tvn_efaar_e0.1_c304,0.2544931142839105,0.015603283128044721,0.003970928116309698,370,53,1480,5657,7137
581,dinov2,Raw,std_ctrl__tvn_efaar_e0.1_c304,0.2396123417215257,0.021474944076843302,0.005145661638591231,370,76,1480,5753,7233
582,dinov2,Raw,std_ctrl__tvn_efaar_e0.1_c304,0.2639026509701517,0.011361006583567283,0.002998199755092752,370,63,1480,5913,7393
583,dinov2,Raw,std_ctrl__tvn_efaar_e0.1_c304,0.21552864309454395,0.02399359951438783,0.005171307946289917,370,49,1480,5721,7201
584,dinov2,Raw,std_ctrl__tvn_efaar_e0.1_c304,0.250611295382609,0.004326812278000547,0.0010843480298670944,370,86,1480,5945,7425
585,dinov2,Raw,std_ctrl__tvn_efaar_e0.1_c304,0.2677989130463381,0.053143529589473194,0.01423177945950683,370,59,1480,5785,7265
586,dinov2,Raw,std_ctrl__tvn_efaar_e0.1_c304,0.2484199479651013,0.04008159256146707,0.009957067138478042,370,57,1480,5721,7201
587,dinov2,Raw,std_ctrl__tvn_efaar_e0.1_c304,0.2515225851271209,0.016580601165251226,0.0041703956680457415,370,76,1480,5785,7265
588,dinov2,Raw,std_ctrl__tvn_efaar_e0.1_c304,0.23813917113130947,0.04850442573476262,0.011550803740676527,370,96,1480,5817,7297
589,dinov2,Raw,std_ctrl__tvn_efaar_e0.1_c304,0.24775218416348038,0.022900539654563172,0.0056736587179404205,370,67,1480,5849,7329
590,dinov2,Raw,std_ctrl__tvn_efaar_e0.1_c304,0.27804862386326806,0.02590253261010713,0.0072021635468137125,370,80,1480,5849,7329
591,dinov2,Raw,std_ctrl__tvn_efaar_e0.1_c304,0.24016269828127995,0.05395855093803691,0.012958831188626835,370,85,1480,5785,7265
592,dinov2,Raw,std_ctrl__tvn_efaar_e0.1_c304,0.2226171179453992,-0.021075140012385748,-0.00469168692985308,370,56,1480,5817,7297
593,dinov2,Raw,std_ctrl__tvn_efaar_e0.1_c304,0.22431574612073424,0.002881469617676166,0.000646359007213256,370,50,1480,5689,7169
594,dinov2,Raw,std_ctrl__tvn_efaar_e0.1_c304,0.21782281238306128,-0.06751301801163967,-0.014705875455763625,370,75,1480,5657,7137
595,dinov2,Raw,std_ctrl__tvn_efaar_e0.1_c304,0.27249377947000364,-0.032401474196776754,-0.008829200164279499,370,51,1480,5721,7201
596,dinov2,Raw,std_ctrl__tvn_efaar_e0.1_c304,0.2250639984259825,-0.010183481219109272,-0.0022919350010686314,370,66,1480,5785,7265
597,dinov2,Raw,std_ctrl__tvn_efaar_e0.1_c304,0.23331839668809595,0.042700084170098115,0.00996271517701404,370,89,1480,5625,7105
598,dinov2,Raw,std_ctrl__tvn_efaar_e0.1_c304,0.23061849049260796,0.07237883194129253,0.01669189696591904,370,48,1480,5913,7393
599,dinov2,Raw,std_ctrl__tvn_efaar_e0.1_c304,0.2582707955619901,0.03817976457349893,0.009860718170767054,370,63,1480,5721,7201
600,dinov2,Raw,std_ctrl__tvn_efaar_e0.1_c304,0.2413504445977918,-0.004211537557743365,-0.0010164564620016594,370,77,1480,5849,7329
601,dinov2,Raw,std_ctrl__tvn_efaar_e0.1_c304,0.2456848744084761,0.030366188348668218,0.007460513170706682,370,45,1480,5785,7265
602,dinov2,Raw,std_ctrl__tvn_efaar_e0.1_c304,0.2542953615765201,0.0812210708049739,0.020654141567982977,370,95,1480,5721,7201
603,dinov2,Raw,std_ctrl__tvn_efaar_e0.1_c304,0.27032407970173866,0.023608630152163933,0.006381981218902434,370,60,1480,5625,7105
604,dinov2,Raw,std_ctrl__tvn_efaar_e0.1_c304,0.239454071109212,-0.034765397568221654,-0.008324715981440974,370,66,1480,5369,6849
605,dinov2,Raw,std_ctrl__tvn_efaar_e0.1_c304,0.2319188750894768,0.04970731031432887,0.0115280634918227,370,44,1480,5689,7169
606,dinov2,Raw,std_ctrl__tvn_efaar_e0.1_c304,0.2578559482783899,-0.022204899867429163,-0.005725665511742642,370,92,1480,5561,7041
607,dinov2,Raw,std_ctrl__tvn_efaar_e0.1_c304,0.2480259220147773,-0.02148109582061547,-0.005327868596795931,370,96,1480,5721,7201
608,dinov2,Raw,std_ctrl__tvn_efaar_e0.1_c304,0.22809016092330187,0.07911272034045917,0.01804483311353551,370,103,1480,5689,7169
609,dinov2,Raw,std_ctrl__tvn_efaar_e0.1_c304,0.24486324722896882,-0.02782272284016474,-0.006812762261394337,370,57,1480,5663,7143
610,dinov2,Raw,std_ctrl__tvn_efaar_e0.1_c304,0.18881558711902716,-0.004542124881475806,-0.000857623976263796,370,49,1480,5753,7233
611,dinov2,Raw,std_ctrl__tvn_efaar_e0.1_c304,0.24865698344582962,0.011505126115748754,0.0028608299541059198,370,66,1480,5561,7041
612,dinov2,Raw,std_ctrl__tvn_efaar_e0.1_c304,0.24884846034264194,0.00032950052131281744,8.199569741079249e-05,370,61,1480,5529,7009
613,dinov2,Raw,std_ctrl__tvn_efaar_e0.1_c304,0.2585985939554887,-0.02006700383677301,-0.005189298977088897,370,69,1480,5721,7201
614,dinov2,Raw,std_ctrl__tvn_efaar_e0.1_c304,0.24332733574962448,0.01420759406501854,0.0034570960112531384,370,84,1480,5593,7073
615,dinov2,Raw,std_ctrl__tvn_efaar_e0.1_c304,0.24248716176360222,-0.00975747857587525,-0.0023660632858331448,370,56,1480,5689,7169
616,dinov2,Raw,std_ctrl__tvn_efaar_e0.1_c304,0.23885698431265026,0.025895232927500626,0.006185257245136441,370,68,1480,5625,7105
617,dinov2,Raw,std_ctrl__tvn_efaar_e0.1_c304,0.2381756774133631,0.0140825512905758,0.003354121193341322,370,82,1480,5849,7329
618,dinov2,Raw,std_ctrl__tvn_efaar_e0.1_c304,0.24185744488934122,-0.016179087288708816,-0.0039130327122887335,370,63,1480,5823,7303
619,dinov2,Raw,std_ctrl__tvn_efaar_e0.1_c304,0.25758225787979816,0.07775025384220033,0.020027085935401413,370,58,1480,5593,7073
620,dinov2,Raw,std_ctrl__tvn_efaar_e0.1_c304,0.23835447717649033,0.004048329925382942,0.0009649375628025912,370,71,1480,5657,7137
621,dinov2,Raw,std_ctrl__tvn_efaar_e0.1_c304,0.25227872437460186,0.030858701752774127,0.007784993914046147,370,67,1480,5561,7041
622,dinov2,Raw,std_ctrl__tvn_efaar_e0.1_c304,0.2568501876014084,0.010833579159370247,0.002782606839478956,370,68,1480,5657,7137
623,dinov2,Raw,std_ctrl__tvn_efaar_e0.1_c304,0.21955388871682982,0.0017604335767774741,0.00038651003760917224,370,96,1480,5753,7233
624,dinov2,Raw,std_ctrl__tvn_efaar_e0.1_c304,0.2250829996097929,-0.0032470020826593955,-0.0007308449685042214,370,86,1480,5593,7073
625,dinov2,Raw,std_ctrl__tvn_efaar_e0.1_c304,0.27880805601152464,-0.009842964552863495,-0.002744297812374217,370,43,1480,5433,6913
626,dinov2,Raw,std_ctrl__tvn_efaar_e0.1_c304,0.2596682703071271,0.018442336560060862,0.0047888896349728965,370,80,1480,5881,7361
627,dinov2,Raw,std_ctrl__tvn_efaar_e0.1_c304,0.2501296865728689,0.030393716637554916,0.0076023708163362015,370,83,1480,5657,7137
628,dinov2,Raw,std_ctrl__tvn_efaar_e0.1_c304,0.24355418590960776,-0.02312937270451304,-0.005633255539647576,370,69,1480,5753,7233
629,dinov2,Raw,std_ctrl__tvn_efaar_e0.1_c304,0.22495675092693626,-0.04696892958037436,-0.010565977792917083,370,61,1480,5529,7009
630,dinov2,Raw,std_ctrl__tvn_efaar_e0.1_c304,0.24505168692924487,0.02946693145533155,0.007220921261757425,370,72,1480,5593,7073
631,dinov2,Raw,std_ctrl__tvn_efaar_e0.1_c304,0.18445017441411513,0.005663430671032597,0.0010446207750542116,370,75,1480,5561,7041
632,dinov2,Raw,std_ctrl__tvn_efaar_e0.1_c304,0.26024567151590944,-0.03205493032734809,-0.008342156868436394,370,74,1480,5657,7137
633,dinov2,Raw,std_ctrl__tvn_efaar_e0.1_c304,0.23714713328066364,0.00118329359909183,0.00028061468485398634,370,75,1480,5625,7105
634,dinov2,Raw,std_ctrl__tvn_efaar_e0.1_c304,0.22743914661924583,-0.005492156940843433,-0.0012491314877243983,370,68,1480,5529,7009
635,dinov2,Raw,std_ctrl__tvn_efaar_e0.1_c304,0.23932078198198012,0.04140989904924172,0.009910249422259383,370,80,1480,5657,7137
636,dinov2,Raw,std_ctrl__tvn_efaar_e0.1_c304,0.26230114795442666,0.004078411058982376,0.001069771902601106,370,86,1480,5753,7233
637,dinov2,Raw,std_ctrl__tvn_efaar_e0.1_c304,0.2372857761309188,0.034536063373162985,0.008194916602007577,370,74,1480,5561,7041
638,dinov2,Raw,std_ctrl__tvn_efaar_e0.1_c304,0.2532622049045615,-0.023842009006384526,-0.0060382797703113595,370,94,1480,5721,7201
639,dinov2,Raw,std_ctrl__tvn_efaar_e0.1_c304,0.2502803557140948,-0.04173334231639556,-0.010445035760085566,370,69,1480,5753,7233
640,dinov2,Raw,std_ctrl__tvn_efaar_e0.1_c304,0.2197410130675563,-0.017514960847298894,-0.0038487552404240432,370,99,1480,5689,7169
641,dinov2,Raw,std_ctrl__tvn_efaar_e0.1_c304,0.24054190658487287,0.0015994650673682225,0.0003847383768206544,370,74,1480,5849,7329
642,dinov2,Raw,std_ctrl__tvn_efaar_e0.1_c304,0.24043944869852144,0.021398341972342444,0.005145005546892449,370,63,1480,5497,6977
643,dinov2,Raw,std_ctrl__tvn_efaar_e0.1_c304,0.24012466126865845,-0.01779088374286118,-0.004272029932424623,370,68,1480,5625,7105
644,dinov2,Raw,std_ctrl__tvn_efaar_e0.1_c304,0.2133839877854402,0.015435407861884761,0.0032936688826637056,370,74,1480,5753,7233
645,dinov2,Raw,std_ctrl__tvn_efaar_e0.1_c304,0.21248270151243995,0.01738405632458449,0.00369381125109213,370,88,1480,5721,7201
646,dinov2,Raw,std_ctrl__tvn_efaar_e0.1_c304,0.22111199768333795,0.03495392066380793,0.007728731224839478,370,50,1480,5817,7297
647,dinov2,Raw,std_ctrl__tvn_efaar_e0.1_c304,0.2875148018557252,0.026468765153006762,0.007610161768332463,370,81,1480,5625,7105
648,dinov2,Raw,std_ctrl__tvn_efaar_e0.1_c304,0.2298306464526646,0.011816070197935884,0.0027156950521216687,370,74,1480,5593,7073
649,dinov2,Raw,std_ctrl__tvn_efaar_e0.1_c304,0.2306055502051956,0.04315535299196195,0.00995186392101082,370,83,1480,5785,7265
650,dinov2,Raw,std_ctrl__tvn_efaar_e0.1_c304,0.22935079836909422,0.0330543861160195,0.007581049845309375,370,74,1480,5721,7201
651,dinov2,Raw,std_ctrl__tvn_efaar_e0.1_c304,0.2515072380000357,-0.04079317452892965,-0.010259778655024504,370,104,1480,5881,7361
652,dinov2,Raw,std_ctrl__tvn_efaar_e0.1_c304,0.22098031615247327,0.0018618928219642891,0.0004114416644396892,370,82,1480,5497,6977
653,dinov2,Raw,std_ctrl__tvn_efaar_e0.1_c304,0.23938178409106248,0.04357263599655874,0.01043049534240668,370,55,1480,5401,6881
654,dinov2,Raw,std_ctrl__tvn_efaar_e0.1_c304,0.2524712302361556,0.013806470057051512,0.0034857364805224405,370,72,1480,5785,7265
655,dinov2,Raw,std_ctrl__tvn_efaar_e0.1_c304,0.2529244984963687,-0.04297884851460308,-0.010870403706507386,370,77,1480,5657,7137
656,dinov2,Raw,std_ctrl__tvn_efaar_e0.1_c304,0.26581010551836376,0.04674397343953361,0.012425020512310023,370,56,1480,5625,7105
657,dinov2,Raw,std_ctrl__tvn_efaar_e0.1_c304,0.2271150144693621,-0.00399511841633389,-0.0009073513769324865,370,82,1480,5401,6881
658,dinov2,Raw,std_ctrl__tvn_efaar_e0.1_c304,0.25236256566868936,-0.027703982778901636,-0.006991448173324803,370,67,1480,5657,7137
659,dinov2,Raw,std_ctrl__tvn_efaar_e0.1_c304,0.2369782444134231,0.0011214998412978248,0.00026577106350069113,370,61,1480,5561,7041
660,dinov2,Raw,std_ctrl__tvn_efaar_e0.1_c304,0.22474860328672802,0.024974538798999128,0.005612992712805252,370,82,1480,5785,7265
661,dinov2,Raw,std_ctrl__tvn_efaar_e0.1_c304,0.22132757084731158,-0.007861910508192394,-0.0017400575549971755,370,73,1480,5689,7169
662,dinov2,Raw,std_ctrl__tvn_efaar_e0.1_c304,0.2476223346289161,-0.013803086883756971,-0.0034179525992416716,370,71,1480,5628,7108
663,dinov2,Raw,std_ctrl__tvn_efaar_e0.1_c304,0.20693266314153255,0.0217511133906921,0.004501015820229366,370,90,1480,5721,7201
664,dinov2,Raw,std_ctrl__tvn_efaar_e0.1_c304,0.2510051839607023,0.022347693387397564,0.005609386889801097,370,61,1480,5593,7073
665,dinov2,Raw,std_ctrl__tvn_efaar_e0.1_c304,0.2557857594013104,-0.004308741770255134,-0.0011021147857688558,370,66,1480,5785,7265
666,dinov2,Raw,std_ctrl__tvn_efaar_e0.1_c304,0.28160435163895287,0.18120000660312297,0.05102671037644642,370,64,1480,5657,7137
667,dinov2,Raw,std_ctrl__tvn_efaar_e0.1_c304,0.240616841664651,-0.02652829546711736,-0.006383154670044457,370,75,1480,5753,7233
668,dinov2,Raw,std_ctrl__tvn_efaar_e0.1_c304,0.23214125577357672,-0.0002700542524948599,-6.269073330115134e-05,370,76,1480,5625,7105
669,dinov2,Raw,std_ctrl__tvn_efaar_e0.1_c304,0.25975725837187086,0.18669593841577803,0.048495625112046144,370,62,1480,5753,7233
670,dinov2,Raw,std_ctrl__tvn_efaar_e0.1_c304,0.22682807426492188,0.030940269037689316,0.007018121643057655,370,65,1480,5721,7201
671,dinov2,Raw,std_ctrl__tvn_efaar_e0.1_c304,0.2315252757198485,-0.006896372291577012,-0.0015966844962740912,370,81,1480,5817,7297
672,dinov2,Raw,std_ctrl__tvn_efaar_e0.1_c304,0.24234146638822418,0.024581637453467482,0.0059571500666970026,370,71,1480,5625,7105
673,dinov2,Raw,std_ctrl__tvn_efaar_e0.1_c304,0.2846431955158121,0.10241395732553314,0.029151436078559766,370,46,1480,5657,7137
674,dinov2,Raw,std_ctrl__tvn_efaar_e0.1_c304,0.21966276086029335,0.0029217656083620107,0.0006418031001194539,370,67,1480,5753,7233
675,dinov2,Raw,std_ctrl__tvn_efaar_e0.1_c304,0.2695411270448815,0.05199153168458203,0.014013856047051906,370,76,1480,5497,6977
676,dinov2,Raw,std_ctrl__tvn_efaar_e0.1_c304,0.2625176641950856,0.046009293635800294,0.012078252296536111,370,80,1480,5593,7073
677,dinov2,Raw,std_ctrl__tvn_efaar_e0.1_c304,0.2117617276028923,0.002619437575848597,0.0005546966264096312,370,110,1480,5657,7137
678,dinov2,Raw,std_ctrl__tvn_efaar_e0.1_c304,0.22816006750599566,0.012784129059637814,0.0029168277492523246,370,79,1480,5913,7393
679,dinov2,Raw,std_ctrl__tvn_efaar_e0.1_c304,0.24219526024820015,0.0007128739439745237,0.00017265469038507062,370,86,1480,5785,7265
680,dinov2,Raw,std_ctrl__tvn_efaar_e0.1_c304,0.2564088351483205,-0.010187422883918308,-0.0026121452348288375,370,79,1480,5625,7105
681,dinov2,Raw,std_ctrl__tvn_efaar_e0.1_c304,0.26045996833780083,0.03098283257577502,0.008069787591701745,370,78,1480,5561,7041
682,dinov2,Raw,std_ctrl__tvn_efaar_e0.1_c304,0.2433254642097655,0.013705440995621139,0.003334882792459064,370,71,1480,5657,7137
683,dinov2,Raw,std_ctrl__tvn_efaar_e0.1_c304,0.2681362362971658,0.040045274166424304,0.010737589096473137,370,75,1480,5433,6913
684,dinov2,Raw,std_ctrl__tvn_efaar_e0.1_c304,0.23880556774406536,0.06749841735095741,0.016118997877321257,370,86,1480,5721,7201
685,dinov2,Raw,std_ctrl__tvn_efaar_e0.1_c304,0.22976620927328031,-0.03756569435779815,-0.008631327191309934,370,80,1480,5625,7105
686,dinov2,Raw,std_ctrl__tvn_efaar_e0.1_c304,0.2321991482130862,0.03514102038248347,0.008159715000151363,370,93,1480,5369,6849
687,dinov2,Raw,std_ctrl__tvn_efaar_e0.1_c304,0.20586664288357068,-0.004531185909816492,-0.0009328200315352591,370,49,1480,5497,6977
688,dinov2,Raw,std_ctrl__tvn_efaar_e0.1_c304,0.260139088346843,-0.0014973034634449187,-0.00038950715795913176,370,59,1480,5721,7201
689,dinov2,Raw,std_ctrl__tvn_efaar_e0.1_c304,0.2202403288862655,0.06074332249218087,0.013378129323322403,370,73,1480,5881,7361
690,dinov2,Raw,std_ctrl__tvn_efaar_e0.1_c304,0.24195245401926965,0.006511481848483936,0.0015754690125426186,370,88,1480,5465,6945
691,dinov2,Raw,std_ctrl__tvn_efaar_e0.1_c304,0.23613595129506956,0.02931486856323527,0.006922294375269489,370,77,1480,5561,7041
692,dinov2,Raw,std_ctrl__tvn_efaar_e0.1_c304,0.2477126616072937,0.02687048274867485,0.0066561588003471155,370,63,1480,5657,7137
693,dinov2,Raw,std_ctrl__tvn_efaar_e0.1_c304,0.22752060311437497,-0.013704761622561174,-0.0031181156299038585,370,91,1480,5945,7425
694,dinov2,Raw,std_ctrl__tvn_efaar_e0.1_c304,0.25296836703975595,0.011403209579938647,0.002884651306449181,370,73,1480,5337,6817
695,dinov2,Raw,std_ctrl__tvn_efaar_e0.1_c304,0.22581759695486273,0.005603437079443827,0.001265354695967779,370,77,1480,5721,7201
696,dinov2,Raw,std_ctrl__tvn_efaar_e0.1_c304,0.24511989552289828,0.04038805009354753,0.009899914619303953,370,92,1480,5849,7329
697,dinov2,Raw,std_ctrl__tvn_efaar_e0.1_c304,0.23710647989590056,0.06619420157250452,0.01569507412437623,370,59,1480,5849,7329
698,dinov2,Raw,std_ctrl__tvn_efaar_e0.1_c304,0.22566869281361177,0.011125899683649304,0.002510767237984515,370,76,1480,5657,7137
699,dinov2,Raw,std_ctrl__tvn_efaar_e0.1_c304,0.2190886733432773,0.08702016357331115,0.019065132191391724,370,60,1480,5529,7009
700,dinov2,Raw,std_ctrl__tvn_efaar_e0.1_c304,0.26097492544772244,0.07921026046631728,0.02067189181989183,370,74,1480,5913,7393
701,dinov2,Raw,std_ctrl__tvn_efaar_e0.1_c304,0.2118614030388817,0.05924028699038076,0.01255073031820808,370,108,1480,5785,7265
702,dinov2,Raw,std_ctrl__tvn_efaar_e0.1_c304,0.20454246001084744,-0.014664661418171963,-0.002999545921699056,370,97,1480,5689,7169
703,dinov2,Raw,std_ctrl__tvn_efaar_e0.1_c304,0.21874856808832274,-0.03383559336590109,-0.007401487599209616,370,71,1480,5401,6881
704,dinov2,Raw,std_ctrl__tvn_efaar_e0.1_c304,0.2472675311344076,0.07982343312139588,0.01973774323460006,370,63,1480,5689,7169
705,dinov2,Raw,std_ctrl__tvn_efaar_e0.1_c304,0.2333659759391774,0.026376921850899834,0.006155476110006653,370,84,1480,5529,7009
706,dinov2,Raw,std_ctrl__tvn_efaar_e0.1_c304,0.21941414099748546,-0.00607815019750015,-0.001333632104438192,370,74,1480,5753,7233
707,dinov2,Raw,std_ctrl__tvn_efaar_e0.1_c304,0.20617398206638574,0.017303647850668867,0.003567561981646857,370,71,1480,5593,7073
708,dinov2,Raw,std_ctrl__tvn_efaar_e0.1_c304,0.2648174946939544,0.022783597464618513,0.006033495200695805,370,97,1480,5593,7073
709,dinov2,Raw,std_ctrl__tvn_efaar_e0.1_c304,0.2341868868413614,0.02297091478417634,0.005379487021204461,370,67,1480,5785,7265
710,dinov2,Raw,std_ctrl__tvn_efaar_e0.1_c304,0.24796979849370798,0.06506349251467099,0.016133781128159844,370,68,1480,5689,7169
711,dinov2,Raw,std_ctrl__tvn_efaar_e0.1_c304,0.20695276449666788,-0.0003698967172042543,-7.65511482036626e-05,370,72,1480,5881,7361
712,dinov2,Raw,std_ctrl__tvn_efaar_e0.1_c304,0.2357068591806552,-0.0044193889926853495,-0.0010416802989634234,370,75,1480,5753,7233
713,dinov2,Raw,std_ctrl__tvn_efaar_e0.1_c304,0.25293603686628724,0.04401289524396592,0.011132447294019802,370,55,1480,5529,7009
714,dinov2,Raw,std_ctrl__tvn_efaar_e0.1_c304,0.2174455488254736,-0.022878897973662073,-0.004974914526404965,370,69,1480,5881,7361
715,dinov2,Raw,std_ctrl__tvn_efaar_e0.1_c304,0.2062160878475937,0.06509759929296621,0.013424172254465775,370,65,1480,5561,7041
716,dinov2,Raw,std_ctrl__tvn_efaar_e0.1_c304,0.23545265934282353,0.002044953311862974,0.0004814896955100516,370,72,1480,5721,7201
717,dinov2,Raw,std_ctrl__tvn_efaar_e0.1_c304,0.2365173271219142,0.08556914561047242,0.020238585603894816,370,73,1480,5529,7009
718,dinov2,Raw,std_ctrl__tvn_efaar_e0.1_c304,0.2581159529062315,0.0746683115966564,0.019273082399670384,370,74,1480,5657,7137
719,dinov2,Raw,std_ctrl__tvn_efaar_e0.1_c304,0.23176436227101252,-0.010507638867606296,-0.002435296221124877,370,76,1480,5529,7009
720,dinov2,Raw,std_ctrl__tvn_efaar_e0.1_c304,0.24402365542497817,0.0549686738237729,0.013413656720340375,370,60,1480,5625,7105
721,dinov2,Raw,std_ctrl__tvn_efaar_e0.1_c304,0.24164529133699744,-0.02090489427409003,-0.005051569267231615,370,72,1480,5689,7169
722,dinov2,Raw,std_ctrl__tvn_efaar_e0.1_c304,0.21756930735348928,0.043334646820368514,0.009428289093115664,370,86,1480,5593,7073
723,dinov2,Raw,std_ctrl__tvn_efaar_e0.1_c304,0.23487764538298597,-0.018853631857051828,-0.004428296657501987,370,80,1480,5721,7201
724,dinov2,Raw,std_ctrl__tvn_efaar_e0.1_c304,0.2583712073412586,0.03683572073590141,0.009517289639820284,370,53,1480,5913,7393
725,dinov2,Raw,std_ctrl__tvn_efaar_e0.1_c304,0.25130195186431953,-0.010277728818076945,-0.002582813312714902,370,60,1480,5721,7201
726,dinov2,Raw,std_ctrl__tvn_efaar_e0.1_c304,0.2555505475612439,0.0036683214261183455,0.0009374415490751863,370,75,1480,5785,7265
727,dinov2,Raw,std_ctrl__tvn_efaar_e0.1_c304,0.26732344229634236,0.1289652187527486,0.03447542621348556,370,51,1480,5913,7393
728,dinov2,Raw,std_ctrl__tvn_efaar_e0.1_c304,0.2409202441182548,0.027716357586949313,0.006677431635916672,370,97,1480,5561,7041
729,dinov2,Raw,std_ctrl__tvn_efaar_e0.1_c304,0.24969620519263938,0.050313091271143195,0.012562987961915364,370,75,1480,5535,7015
730,dinov2,Raw,std_ctrl__tvn_efaar_e0.1_c304,0.24312089582679916,0.04991217816622818,0.0121346934684402,370,53,1480,5849,7329
731,dinov2,Raw,std_ctrl__tvn_efaar_e0.1_c304,0.2382244753049257,0.029325073509373106,0.006985950250048784,370,93,1480,5593,7073
732,dinov2,Raw,std_ctrl__tvn_efaar_e0.1_c304,0.22193656638935189,0.026262633225995306,0.005828638642520306,370,59,1480,5753,7233
733,dinov2,Raw,std_ctrl__tvn_efaar_e0.1_c304,0.24395779599708683,-0.01649533605793473,-0.004024165828925032,370,80,1480,5945,7425
734,dinov2,Raw,std_ctrl__tvn_efaar_e0.1_c304,0.24227152950592085,-0.02827966693251715,-0.006851358161658942,370,64,1480,5625,7105
735,dinov2,Raw,std_ctrl__tvn_efaar_e0.1_c304,0.24489363754547103,-0.019149390779546416,-0.004689563964782825,370,100,1480,5945,7425
736,dinov2,Raw,std_ctrl__tvn_efaar_e0.1_c304,0.2590765274491055,0.010372429735153435,0.002687253076993397,370,57,1480,5657,7137
737,dinov2,Raw,std_ctrl__tvn_efaar_e0.1_c304,0.23572230116910153,0.007503031886977831,0.0017686319421435603,370,79,1480,5753,7233
738,dinov2,Raw,std_ctrl__tvn_efaar_e0.1_c304,0.22388161625259426,0.050526097946300495,0.011311864471154637,370,93,1480,5785,7265
739,dinov2,Raw,std_ctrl__tvn_efaar_e0.1_c304,0.22014882865968222,0.10100173359416252,0.022235413343352155,370,110,1480,5721,7201
740,dinov2,Raw,std_ctrl__tvn_efaar_e0.1_c304,0.27554823430932973,0.042014354000469184,0.011576981060476407,370,67,1480,5497,6977
741,dinov2,Raw,std_ctrl__tvn_efaar_e0.1_c304,0.22283838428342093,0.06536254357057522,0.014565283601921684,370,101,1480,5945,7425
742,dinov2,Raw,std_ctrl__tvn_efaar_e0.1_c304,0.24246050819615847,-0.046042651395865955,-0.011163524656140225,370,47,1480,5593,7073
743,dinov2,Raw,std_ctrl__tvn_efaar_e0.1_c304,0.24534226741588644,-0.010280107353589356,-0.0025221448474083406,370,64,1480,5625,7105
744,dinov2,Raw,std_ctrl__tvn_efaar_e0.1_c304,0.26219952529735385,0.03851587155173924,0.010098843237279885,370,74,1480,5593,7073
745,dinov2,Raw,std_ctrl__tvn_efaar_e0.1_c304,0.23531119239530596,0.0021525961677296888,0.000506529970974039,370,76,1480,5593,7073
746,dinov2,Raw,std_ctrl__tvn_efaar_e0.1_c304,0.23162573721508292,-0.015893349009623296,-0.003681308681170604,370,56,1480,5657,7137
747,dinov2,Raw,std_ctrl__tvn_efaar_e0.1_c304,0.21419224610937465,0.04936287043163541,0.010573144092158026,370,77,1480,5913,7393
748,dinov2,Raw,std_ctrl__tvn_efaar_e0.1_c304,0.20930383129346164,-0.012623158180709835,-0.0026420753702459713,370,78,1480,5721,7201
749,dinov2,Raw,std_ctrl__tvn_efaar_e0.1_c304,0.2428166504469082,0.05342046638763867,0.012971378713558067,370,85,1480,5724,7204
750,dinov2,Raw,std_ctrl__tvn_efaar_e0.1_c304,0.25767328412692697,0.04625018063140129,0.011917435934756759,370,84,1480,5753,7233
751,dinov2,Raw,std_ctrl__tvn_efaar_e0.1_c304,0.25010064025211887,-0.02919925229305921,-0.007302751693377259,370,78,1480,5753,7233
752,dinov2,Raw,std_ctrl__tvn_efaar_e0.1_c304,0.2890652276966973,0.07864540433796455,0.022733651712252546,370,47,1480,5625,7105
753,dinov2,Raw,std_ctrl__tvn_efaar_e0.1_c304,0.24937400677385557,0.05850513972636832,0.01458966111042874,370,71,1480,5401,6881
754,dinov2,Raw,std_ctrl__tvn_efaar_e0.1_c304,0.21904922638327765,-0.0438015808821785,-0.009594702406605763,370,72,1480,5785,7265
755,dinov2,Raw,std_ctrl__tvn_efaar_e0.1_c304,0.26255545505171834,0.0015561497277973813,0.0004085755999104491,370,79,1480,5657,7137
756,dinov2,Raw,std_ctrl__tvn_efaar_e0.1_c304,0.2461684661424228,-0.00513418148336703,-0.001263873580657291,370,69,1480,5593,7073
757,dinov2,Raw,std_ctrl__tvn_efaar_e0.1_c304,0.2558929390761858,0.02984490569541012,0.007637100634850093,370,52,1480,5657,7137
758,dinov2,Raw,std_ctrl__tvn_efaar_e0.1_c304,0.24325577017025096,0.03081919237550963,0.007496946377329721,370,95,1480,5593,7073
759,dinov2,Raw,std_ctrl__tvn_efaar_e0.1_c304,0.2516056452699906,-0.03317119200312946,-0.008346059168322139,370,81,1480,5753,7233
760,dinov2,Raw,std_ctrl__tvn_efaar_e0.1_c304,0.2140412609972033,0.004468366070791787,0.0009564147083893927,370,62,1480,5593,7073
761,dinov2,Raw,std_ctrl__tvn_efaar_e0.1_c304,0.2343021460403106,-0.023117197877301612,-0.005416409073090281,370,81,1480,5913,7393
762,dinov2,Raw,std_ctrl__tvn_efaar_e0.1_c304,0.2643173907511503,0.08360588204285241,0.0220984885930152,370,88,1480,5721,7201
763,dinov2,Raw,std_ctrl__tvn_efaar_e0.1_c304,0.2238638100652781,0.00938158834964264,0.002100198112415026,370,63,1480,5689,7169
764,dinov2,Raw,std_ctrl__tvn_efaar_e0.1_c304,0.23211798054472463,-0.01394380483328494,-0.0032366078190118708,370,81,1480,5849,7329
765,dinov2,Raw,std_ctrl__tvn_efaar_e0.1_c304,0.2477412595822023,0.03703405644732552,0.009174863791698804,370,79,1480,5945,7425
766,dinov2,Raw,std_ctrl__tvn_efaar_e0.1_c304,0.2306474923061788,0.010998621104292405,0.002536804376530858,370,79,1480,5881,7361
767,dinov2,Raw,std_ctrl__tvn_efaar_e0.1_c304,0.20768923633288897,0.009473342019904126,0.0019675111696341556,370,88,1480,5753,7233
768,dinov2,Raw,std_ctrl__tvn_efaar_e0.1_c304,0.2553698543425036,-0.01636889043557784,-0.004180121166281914,370,80,1480,5689,7169
769,dinov2,Raw,std_ctrl__tvn_efaar_e0.1_c304,0.24222655892179423,-0.04443973317261283,-0.010764483645804715,370,90,1480,5785,7265
770,dinov2,Raw,std_ctrl__tvn_efaar_e0.1_c304,0.22773341906405625,-0.0024331938272785796,-0.0005541195495317076,370,66,1480,5657,7137
771,dinov2,Raw,std_ctrl__tvn_efaar_e0.1_c304,0.2243248275462281,-0.0002895596984193735,-6.495542941226378e-05,370,79,1480,5689,7169
772,dinov2,Raw,std_ctrl__tvn_efaar_e0.1_c304,0.21433507850419223,0.003030518307999972,0.0006495463794535659,370,106,1480,5983,7463
773,dinov2,Raw,std_ctrl__tvn_efaar_e0.1_c304,0.24221705325688114,0.01699359620504607,0.004116138797023577,370,63,1480,5593,7073
774,dinov2,Raw,std_ctrl__tvn_efaar_e0.1_c304,0.26636130668996144,-0.04226033007361907,-0.011256516739558249,370,91,1480,5593,7073
775,dinov2,Raw,std_ctrl__tvn_efaar_e0.1_c304,0.21108223433191103,0.0006471597812821157,0.00013660393260277984,370,77,1480,5689,7169
776,dinov2,Raw,std_ctrl__tvn_efaar_e0.1_c304,0.24593555590861657,-0.024210478415639353,-0.005954217467963827,370,81,1480,5913,7393
777,dinov2,Raw,std_ctrl__tvn_efaar_e0.1_c304,0.23751641272142884,0.047836599782099545,0.011361977577034969,370,45,1480,5529,7009
778,dinov2,Raw,std_ctrl__tvn_efaar_e0.1_c304,0.2522182766394078,0.10163279018327327,0.02563364719007971,370,77,1480,5721,7201
779,dinov2,Raw,std_ctrl__tvn_efaar_e0.1_c304,0.22693871395722423,0.03133029424398553,0.0071100566836315,370,83,1480,5721,7201
780,dinov2,Raw,std_ctrl__tvn_efaar_e0.1_c304,0.2387683874992321,0.03170761721150513,0.007570776633033979,370,75,1480,5657,7137
781,dinov2,Raw,std_ctrl__tvn_efaar_e0.1_c304,0.23584887536657945,-0.016236903087833526,-0.003829455332701678,370,55,1480,5689,7169
782,dinov2,Raw,std_ctrl__tvn_efaar_e0.1_c304,0.25456684029940957,0.032743212201594346,0.008335336071412947,370,88,1480,5369,6849
783,dinov2,Raw,std_ctrl__tvn_efaar_e0.1_c304,0.2145768146107335,0.025758063282658165,0.005527083169734483,370,67,1480,5273,6753
784,dinov2,Raw,std_ctrl__tvn_efaar_e0.1_c304,0.21856059744744982,-0.006103604675920238,-0.0013340074845521754,370,62,1480,5785,7265
785,dinov2,Raw,std_ctrl__tvn_efaar_e0.1_c304,0.2389247138330846,0.06530671803990742,0.015603388919062825,370,73,1480,5401,6881
786,dinov2,Raw,std_ctrl__tvn_efaar_e0.1_c304,0.2463933273365512,-0.007366424819683652,-0.001815037921896409,370,83,1480,5657,7137
787,dinov2,Raw,std_ctrl__tvn_efaar_e0.1_c304,0.22584196005426693,0.004443014284738376,0.0010034190546144217,370,64,1480,5625,7105
788,dinov2,Raw,std_ctrl__tvn_efaar_e0.1_c304,0.23730673824185577,-0.03717556568142041,-0.008822012234153749,370,90,1480,5756,7236
789,dinov2,Raw,std_ctrl__tvn_efaar_e0.1_c304,0.20583054486084298,0.037720250274138806,0.0077639796662133526,370,63,1480,5593,7073
790,dinov2,Raw,std_ctrl__tvn_efaar_e0.1_c304,0.22447428681265422,-0.04787640261414669,-0.010747021331966072,370,89,1480,6009,7489
791,dinov2,Raw,std_ctrl__tvn_efaar_e0.1_c304,0.2317153608712372,0.1204801540635534,0.027917102376658533,370,85,1480,5465,6945
792,dinov2,Raw,std_ctrl__tvn_efaar_e0.1_c304,0.18565568822016285,-0.02526165917312038,-0.004689970719368854,370,65,1480,5852,7332
793,dinov2,Raw,std_ctrl__tvn_efaar_e0.1_c304,0.24379964647174773,0.027278187963420988,0.006650412581871921,370,70,1480,5625,7105
794,dinov2,Raw,std_ctrl__tvn_efaar_e0.1_c304,0.26065912894933213,0.0018806128488420425,0.0004901989070700888,370,70,1480,5785,7265
795,dinov2,Raw,std_ctrl__tvn_efaar_e0.1_c304,0.2454576115172663,0.0027847885273932743,0.0006835475405146384,370,71,1480,5785,7265
796,dinov2,Raw,std_ctrl__tvn_efaar_e0.1_c304,0.24298513414950934,-0.04793661843408669,-0.011647885660880397,370,88,1480,5689,7169
797,dinov2,Raw,std_ctrl__tvn_efaar_e0.1_c304,0.2514753397581113,-0.008343186671201186,-0.0020981057028056638,370,56,1480,5817,7297
798,dinov2,Raw,std_ctrl__tvn_efaar_e0.1_c304,0.23606950079231095,0.0282744303966377,0.006674730668921205,370,67,1480,5753,7233
799,dinov2,Raw,std_ctrl__tvn_efaar_e0.1_c304,0.21676200591440767,0.04646338092427693,0.010071495650711493,370,87,1480,5721,7201
800,dinov2,Raw,std_ctrl__tvn_efaar_e0.1_c304,0.2295995673663593,-0.03426299574571198,-0.007866768999890882,370,49,1480,5625,7105
801,dinov2,Raw,std_ctrl__tvn_efaar_e0.1_c304,0.24959762430822974,-0.0026771588743003073,-0.0006682124949210514,370,67,1480,5695,7175
802,dinov2,Raw,std_ctrl__tvn_efaar_e0.1_c304,0.21509357549049,0.007707079550375849,0.0016577432970799795,370,94,1480,5785,7265
803,dinov2,Raw,std_ctrl__tvn_efaar_e0.1_c304,0.2495884072699866,-0.019968759902199554,-0.00498397097914676,370,50,1480,5721,7201
804,dinov2,Raw,std_ctrl__tvn_efaar_e0.1_c304,0.252981400431631,0.03128742478811334,0.007915136538796238,370,85,1480,5689,7169
805,dinov2,Raw,std_ctrl__tvn_efaar_e0.1_c304,0.2116322177791358,0.0637090456934068,0.013482886632687981,370,52,1480,5753,7233
806,dinov2,Raw,std_ctrl__tvn_efaar_e0.1_c304,0.25386925899239365,0.004888043000970596,0.0012409238545793614,370,74,1480,5817,7297
807,dinov2,Raw,std_ctrl__tvn_efaar_e0.1_c304,0.20912337225295713,0.018952514258970602,0.003963413694508187,370,104,1480,5625,7105
808,dinov2,Raw,std_ctrl__tvn_efaar_e0.1_c304,0.25176133481259494,0.05272218147867696,0.013273406783303581,370,76,1480,5691,7171
809,dinov2,Raw,std_ctrl__tvn_efaar_e0.1_c304,0.22079286453037011,0.0874906748595165,0.019317316721927887,370,90,1480,5689,7169
810,dinov2,Raw,std_ctrl__tvn_efaar_e0.1_c304,0.2400382281295194,0.000625035299278569,0.00015003236575723155,370,85,1480,5657,7137
811,dinov2,Raw,std_ctrl__tvn_efaar_e0.1_c304,0.2130760493513567,-0.0076102800574288695,-0.0016215684090943596,370,97,1480,5593,7073
812,dinov2,Raw,std_ctrl__tvn_efaar_e0.1_c304,0.2255235718170245,-0.01101307603055965,-0.0024837082431042705,370,102,1480,5561,7041
813,dinov2,Raw,std_ctrl__tvn_efaar_e0.1_c304,0.2251370280304587,-0.005913297718504732,-0.0013313022742034474,370,75,1480,5465,6945
814,dinov2,Raw,std_ctrl__tvn_efaar_e0.1_c304,0.24334051036165177,0.025294044526506982,0.0061550657041905535,370,104,1480,5785,7265
815,dinov2,Raw,std_ctrl__tvn_efaar_e0.1_c304,0.25341474289531163,-0.006915500735360699,-0.0017524898408437701,370,89,1480,5817,7297
816,dinov2,Raw,std_ctrl__tvn_efaar_e0.1_c304,0.21304207704281536,-0.013217906390939104,-0.00281597023168317,370,79,1480,5465,6945
817,dinov2,Raw,std_ctrl__tvn_efaar_e0.1_c304,0.25033823678782746,0.04090447816338509,0.010239954940148014,370,53,1480,5913,7393
818,dinov2,Raw,std_ctrl__tvn_efaar_e0.1_c304,0.20198605529085323,0.018061356841097925,0.0036481422215338356,370,83,1480,5657,7137
819,dinov2,Raw,std_ctrl__tvn_efaar_e0.1_c304,0.21753601175605197,-0.028003205037680633,-0.006091705540284028,370,61,1480,5689,7169
820,dinov2,Raw,std_ctrl__tvn_efaar_e0.1_c304,0.21923569825553682,-0.005372933853745196,-0.0011779389051066404,370,59,1480,5689,7169
821,dinov2,Raw,std_ctrl__tvn_efaar_e0.1_c304,0.25982876970869334,-0.027447081811536503,-0.007131541499185384,370,75,1480,5465,6945
822,dinov2,Raw,std_ctrl__tvn_efaar_e0.1_c304,0.2128710531960605,0.021021935797486586,0.004474961613430936,370,86,1480,5849,7329
823,dinov2,Raw,std_ctrl__tvn_efaar_e0.1_c304,0.23115460377181285,0.03648854696212095,0.008434495615238253,370,85,1480,5691,7171
824,dinov2,Raw,std_ctrl__tvn_efaar_e0.1_c304,0.2706645845818486,0.04065284842606436,0.01100328633130957,370,69,1480,5977,7457
825,dinov2,Raw,std_ctrl__tvn_efaar_e0.1_c304,0.2636745440458941,-0.020665629194218115,-0.005449000355206979,370,51,1480,5497,6977
826,dinov2,Raw,std_ctrl__tvn_efaar_e0.1_c304,0.24194926987502388,-0.021433233449252066,-0.005185755184107477,370,77,1480,5849,7329
827,dinov2,Raw,std_ctrl__tvn_efaar_e0.1_c304,0.23256024499935582,0.017939869659828942,0.004172100483346329,370,67,1480,5721,7201
828,dinov2,Raw,std_ctrl__tvn_efaar_e0.1_c304,0.23697100386580208,0.008912805027656134,0.0021120763546638418,370,70,1480,5849,7329
829,dinov2,Raw,std_ctrl__tvn_efaar_e0.1_c304,0.20289375308113047,0.09729265846433235,0.019740072623069007,370,55,1480,5561,7041
830,dinov2,Raw,std_ctrl__tvn_efaar_e0.1_c304,0.2308157565243661,-0.03489076946281949,-0.00805333934927793,370,70,1480,5401,6881
831,dinov2,Raw,std_ctrl__tvn_efaar_e0.1_c304,0.23316938979972768,0.09277644015348717,0.021632625938379557,370,69,1480,5753,7233
832,dinov2,Raw,std_ctrl__tvn_efaar_e0.1_c304,0.24176507633594585,0.06797905267893752,0.016434960860168612,370,72,1480,5753,7233
833,dinov2,Raw,std_ctrl__tvn_efaar_e0.1_c304,0.24267636721740002,-0.006703582542915525,-0.00162680105885672,370,68,1480,5881,7361
834,dinov2,Raw,std_ctrl__tvn_efaar_e0.1_c304,0.25665320698769317,0.020638130784166125,0.005296842451987671,370,76,1480,5785,7265
835,dinov2,Raw,std_ctrl__tvn_efaar_e0.1_c304,0.24666202897566886,0.0077581714789220985,0.0019136463181320903,370,69,1480,5881,7361
836,dinov2,Raw,std_ctrl__tvn_efaar_e0.1_c304,0.2401222008889966,0.02494660098332717,0.005990232732816127,370,99,1480,5785,7265
837,dinov2,Raw,std_ctrl__tvn_efaar_e0.1_c304,0.21263740361663136,0.04376195257541297,0.009305427972829967,370,73,1480,5401,6881
838,dinov2,Raw,std_ctrl__tvn_efaar_e0.1_c304,0.22654715147750668,-0.011531828133229437,-0.002612502814911302,370,69,1480,5817,7297
839,dinov2,Raw,std_ctrl__tvn_efaar_e0.1_c304,0.23139712950162056,0.01750849639460328,0.004051415807600671,370,64,1480,5817,7297
840,dinov2,Raw,std_ctrl__tvn_efaar_e0.1_c304,0.25184759532654094,0.015987368990741626,0.004026380435916386,370,60,1480,5849,7329
841,dinov2,Raw,std_ctrl__tvn_efaar_e0.1_c304,0.23318902589031482,0.05220730739938934,0.012174171156819825,370,82,1480,5881,7361
842,dinov2,Raw,std_ctrl__tvn_efaar_e0.1_c304,0.25777724376239824,-0.0021060384830043793,-0.0005428887954064113,370,68,1480,5753,7233
843,dinov2,Raw,std_ctrl__tvn_efaar_e0.1_c304,0.2218624931524648,-0.00020079443950664523,-4.454875496009609e-05,370,78,1480,5625,7105
844,dinov2,Raw,std_ctrl__tvn_efaar_e0.1_c304,0.2639684858785945,0.014113435883643952,0.0037255023007501174,370,96,1480,5881,7361
845,dinov2,Raw,std_ctrl__tvn_efaar_e0.1_c304,0.22643202085949246,-0.008419268118277526,-0.0019063918941794765,370,71,1480,5785,7265
846,dinov2,Raw,std_ctrl__tvn_efaar_e0.1_c304,0.22798669697802668,0.05088456730154803,0.011601004426236034,370,76,1480,5785,7265
847,dinov2,Raw,std_ctrl__tvn_efaar_e0.1_c304,0.20714404322451785,0.09728627843796288,0.020152273065905862,370,57,1480,5625,7105
848,dinov2,Raw,std_ctrl__tvn_efaar_e0.1_c304,0.2251624560151369,-0.030720686453314956,-0.006917145212299341,370,41,1480,5660,7140
849,dinov2,Raw,std_ctrl__tvn_efaar_e0.1_c304,0.2497917601645105,0.08503945457790742,0.021242155042445435,370,70,1480,5663,7143
850,dinov2,Raw,std_ctrl__tvn_efaar_e0.1_c304,0.24468807536962453,0.04896308172421115,0.011980682231262862,370,75,1480,5881,7361
851,dinov2,Raw,std_ctrl__tvn_efaar_e0.1_c304,0.22983476903876837,0.059117951740716365,0.0135873607843726,370,91,1480,5561,7041
852,dinov2,Raw,std_ctrl__tvn_efaar_e0.1_c304,0.22826441843510642,-0.03911739720145275,-0.00892910992288467,370,82,1480,5657,7137
853,dinov2,Raw,std_ctrl__tvn_efaar_e0.1_c304,0.21495636185970018,0.09966938702191994,0.02142456882301833,370,80,1480,5689,7169
854,dinov2,Raw,std_ctrl__tvn_efaar_e0.1_c304,0.2540752974109933,0.10417627313126289,0.026468617578994488,370,103,1480,5785,7265
855,dinov2,Raw,std_ctrl__tvn_efaar_e0.1_c304,0.24187003357076148,-0.044693437449765984,-0.010810003216367627,370,56,1480,5689,7169
856,dinov2,Raw,std_ctrl__tvn_efaar_e0.1_c304,0.22201669704983532,-0.02683345045863322,-0.005957474041276136,370,72,1480,5753,7233
857,dinov2,Raw,std_ctrl__tvn_efaar_e0.1_c304,0.23843788333314703,0.018249562098504635,0.00435138695852427,370,83,1480,5625,7105
858,dinov2,Raw,std_ctrl__tvn_efaar_e0.1_c304,0.26118958778098655,0.05938702640080837,0.015511272945165704,370,65,1480,5785,7265
859,dinov2,Raw,std_ctrl__tvn_efaar_e0.1_c304,0.2404702196916523,-0.034154335233966195,-0.008213100497134192,370,53,1480,5689,7169
860,dinov2,Raw,std_ctrl__tvn_efaar_e0.1_c304,0.23970204900159992,0.05057942095429781,0.012123990840059643,370,60,1480,5561,7041
861,dinov2,Raw,std_ctrl__tvn_efaar_e0.1_c304,0.2612711664079778,0.053361494747464634,0.013941819973943267,370,85,1480,5817,7297
862,dinov2,Raw,std_ctrl__tvn_efaar_e0.1_c304,0.24464016519300108,0.033092089700888484,0.00809565429100697,370,58,1480,5625,7105
863,dinov2,Raw,std_ctrl__tvn_efaar_e0.1_c304,0.2517216844086338,0.07830132915458658,0.0197101424662274,370,86,1480,5470,6950
864,dinov2,Raw,std_ctrl__tvn_efaar_e0.1_c304,0.2217121627185335,0.025281583903802127,0.005605234644262035,370,53,1480,5785,7265
865,dinov2,Raw,std_ctrl__tvn_efaar_e0.1_c304,0.23028553043455863,0.11676402030090394,0.026889064350665234,370,61,1480,5881,7361
866,dinov2,Raw,std_ctrl__tvn_efaar_e0.1_c304,0.21382377433892732,0.0034850664417599682,0.0007451900603990518,370,80,1480,5817,7297
867,dinov2,Raw,std_ctrl__tvn_efaar_e0.1_c304,0.22728035289840554,0.002566274267323999,0.0005832637211114956,370,67,1480,6009,7489
868,dinov2,Raw,std_ctrl__tvn_efaar_e0.1_c304,0.23567019702141412,0.011579329349234373,0.0027289028291099075,370,83,1480,5689,7169
869,dinov2,Raw,std_ctrl__tvn_efaar_e0.1_c304,0.2670811050784117,-0.019683326102960568,-0.005257044487197456,370,64,1480,5625,7105
870,dinov2,Raw,std_ctrl__tvn_efaar_e0.1_c304,0.22878192791240645,0.07442125935505117,0.017026239192917823,370,46,1480,6009,7489
871,dinov2,Raw,std_ctrl__tvn_efaar_e0.1_c304,0.23591801742725105,-0.0037317476498011223,-0.0008803865070798843,370,80,1480,5817,7297
872,dinov2,Raw,std_ctrl__tvn_efaar_e0.1_c304,0.2434032271857571,0.017204095404438274,0.004187532342251929,370,70,1480,5657,7137
873,dinov2,Raw,std_ctrl__tvn_efaar_e0.1_c304,0.2465128027565144,0.001919425301088394,0.0004731629106530666,370,84,1480,5657,7137
874,dinov2,Raw,std_ctrl__tvn_efaar_e0.1_c304,0.24593939431420922,0.015338668536581416,0.003772382849473251,370,100,1480,5721,7201
875,dinov2,Raw,std_ctrl__tvn_efaar_e0.1_c304,0.22822872050943568,0.02330210041227971,0.005318208562276992,370,71,1480,5561,7041
876,dinov2,Raw,std_ctrl__tvn_efaar_e0.1_c304,0.22687681967340706,0.01341787772175488,0.003044205424278408,370,71,1480,5817,7297
877,dinov2,Raw,std_ctrl__tvn_efaar_e0.1_c304,0.27281936264960094,0.06871536520405382,0.01874688213920453,370,53,1480,5657,7137
878,dinov2,Raw,std_ctrl__tvn_efaar_e0.1_c304,0.2516918908609412,-0.023248012782459682,-0.005851336295976608,370,79,1480,5753,7233
879,dinov2,Raw,std_ctrl__tvn_efaar_e0.1_c304,0.23978213438451407,0.01324085003247681,0.0031749192818525517,370,90,1480,5785,7265
880,dinov2,Raw,std_ctrl__tvn_efaar_e0.1_c304,0.21858498177327107,0.03779792213276778,0.008262058120458564,370,53,1480,5753,7233
881,dinov2,Raw,std_ctrl__tvn_efaar_e0.1_c304,0.22742644863975564,-0.0038651928186614524,-0.0008790470760560612,370,58,1480,5785,7265
882,dinov2,Raw,std_ctrl__tvn_efaar_e0.1_c304,0.22556893667270758,-0.041323438842244195,-0.009321284159304685,370,64,1480,5785,7265
883,dinov2,Raw,std_ctrl__tvn_efaar_e0.1_c304,0.1938301016511587,0.040599404151631845,0.007869386633687275,370,84,1480,5785,7265
884,dinov2,Raw,std_ctrl__tvn_efaar_e0.1_c304,0.2841417459076963,0.05291026975552515,0.015034016424782097,370,81,1480,5561,7041
885,dinov2,Raw,std_ctrl__tvn_efaar_e0.1_c304,0.2258137282506448,0.010903335256094786,0.0024621227845454626,370,62,1480,5401,6881
886,dinov2,Raw,std_ctrl__tvn_efaar_e0.1_c304,0.2426194468407049,0.0037549092652218894,0.0009110140088651725,370,67,1480,5561,7041
887,dinov2,Raw,std_ctrl__tvn_efaar_e0.1_c304,0.2525761337300218,0.013091884799034512,0.0033066976457789806,370,83,1480,5817,7297
888,dinov2,Raw,std_ctrl__tvn_efaar_e0.1_c304,0.24184976708283581,-0.0027031772056843283,-0.0006537627775783858,370,46,1480,5593,7073
889,dinov2,Raw,std_ctrl__tvn_efaar_e0.1_c304,0.23271939789205343,-0.03849380584843385,-0.00895825531962113,370,74,1480,5721,7201
890,dinov2,Raw,std_ctrl__tvn_efaar_e0.1_c304,0.2577559206914257,0.04663749437142334,0.012021090300447408,370,50,1480,5753,7233
891,dinov2,Raw,std_ctrl__tvn_efaar_e0.1_c304,0.2559811586142515,0.1501887937120716,0.038445501425292905,370,82,1480,5401,6881
892,dinov2,Raw,std_ctrl__tvn_efaar_e0.1_c304,0.24338181949537496,0.07803235282783245,0.01899165601074293,370,81,1480,5407,6887
893,dinov2,Raw,std_ctrl__tvn_efaar_e0.1_c304,0.20140148361127055,0.024156010537165155,0.004865056360314547,370,58,1480,5817,7297
894,dinov2,Raw,std_ctrl__tvn_efaar_e0.1_c304,0.2271137265172315,-0.031088896941833633,-0.0070607152377699985,370,63,1480,5753,7233
895,dinov2,Raw,std_ctrl__tvn_efaar_e0.1_c304,0.22742111875512327,-0.014786722627815082,-0.003362813002739402,370,84,1480,5817,7297
896,dinov2,Raw,std_ctrl__tvn_efaar_e0.1_c304,0.22220740152303312,0.05824793220412153,0.012943121659167644,370,84,1480,5529,7009
897,dinov2,Raw,std_ctrl__tvn_efaar_e0.1_c304,0.21211788884225266,0.017356808006459057,0.0036816894713704034,370,79,1480,5689,7169
898,dinov2,Raw,std_ctrl__tvn_efaar_e0.1_c304,0.22395580005467608,-0.002583987741876202,-0.0005786990420633606,370,79,1480,5977,7457
899,dinov2,Raw,std_ctrl__tvn_efaar_e0.1_c304,0.26846743804989,0.016849352113076605,0.004523502394598177,370,88,1480,5689,7169
900,dinov2,Raw,std_ctrl__tvn_efaar_e0.1_c304,0.22360759477679146,0.005166162081804702,0.0011551930773394112,370,65,1480,5849,7329
901,dinov2,Raw,std_ctrl__tvn_efaar_e0.1_c304,0.24586846984211638,0.0066429000441713204,0.0016332796691745299,370,59,1480,5561,7041
902,dinov2,Raw,std_ctrl__tvn_efaar_e0.1_c304,0.2536988515205301,-0.01908782528698331,-0.004842559353332199,370,52,1480,5849,7329
903,dinov2,Raw,std_ctrl__tvn_efaar_e0.1_c304,0.2423707152313692,-0.007340664061266653,-0.001779161998802406,370,75,1480,5786,7266
904,dinov2,Raw,std_ctrl__tvn_efaar_e0.1_c304,0.2537569786635971,0.03320987251157282,0.008427236910339964,370,72,1480,5913,7393
905,dinov2,Raw,std_ctrl__tvn_efaar_e0.1_c304,0.23623368808178627,0.0992800312923704,0.02345328794507181,370,65,1480,5753,7233
906,dinov2,Raw,std_ctrl__tvn_efaar_e0.1_c304,0.2565214208709626,-0.002677842584698575,-0.0006869239846956493,370,90,1480,5913,7393
907,dinov2,Raw,std_ctrl__tvn_efaar_e0.1_c304,0.24816793239677018,-0.048041737032543934,-0.011922418548115774,370,52,1480,5593,7073
908,dinov2,Raw,std_ctrl__tvn_efaar_e0.1_c304,0.23552224317731768,-0.01535603023162891,-0.003616686686451946,370,70,1480,5593,7073
909,dinov2,Raw,std_ctrl__tvn_efaar_e0.1_c304,0.25434145341847375,0.00967494981695175,0.0024607407981943044,370,53,1480,5593,7073
910,dinov2,Raw,std_ctrl__tvn_efaar_e0.1_c304,0.2652367221594934,0.03693131513624104,0.009795540971775858,370,55,1480,5465,6945
911,dinov2,Raw,std_ctrl__tvn_efaar_e0.1_c304,0.24488419601470374,-0.005450740873781802,-0.0013348002965605404,370,80,1480,5753,7233
912,dinov2,Raw,std_ctrl__tvn_efaar_e0.1_c304,0.25415702127568895,0.013617354976259573,0.003460946378419813,370,54,1480,5497,6977
913,dinov2,Raw,std_ctrl__tvn_efaar_e0.1_c304,0.2095278031495426,-0.02198907935989486,-0.004607323491559721,370,82,1480,5401,6881
914,dinov2,Raw,std_ctrl__tvn_efaar_e0.1_c304,0.2478585309619449,-0.008494168376411726,-0.002105352095520819,370,69,1480,5561,7041
915,dinov2,Raw,std_ctrl__tvn_efaar_e0.1_c304,0.22329011637593443,-0.005723539419689005,-0.001278009783104606,370,101,1480,5849,7329
916,dinov2,Raw,std_ctrl__tvn_efaar_e0.1_c304,0.26539910269764766,0.00416169089196385,0.0011045090284321787,370,74,1480,5657,7137
917,dinov2,Raw,std_ctrl__tvn_efaar_e0.1_c304,0.24528727535332348,0.005697628316725592,0.0013975557257855631,370,80,1480,5561,7041
918,dinov2,Raw,std_ctrl__tvn_efaar_e0.1_c304,0.2483607957446536,-0.09039430643986503,-0.022450401878190945,370,107,1480,5209,6689
919,dinov2,Raw,std_ctrl__tvn_efaar_e0.1_c304,0.2377268660593308,0.029089385800062408,0.006915328521839635,370,70,1480,5599,7079
920,dinov2,Raw,std_ctrl__tvn_efaar_e0.1_c304,0.24722979951951418,-0.001283160347482581,-0.0003172354754595087,370,74,1480,5855,7335
921,dinov2,Raw,std_ctrl__tvn_efaar_e0.1_c304,0.24480957709545537,0.017439924942971093,0.004269460649865236,370,46,1480,5785,7265
922,dinov2,Raw,std_ctrl__tvn_efaar_e0.1_c304,0.2480916438628979,-0.014915277252315355,-0.0037003556521978034,370,115,1480,5721,7201
923,dinov2,Raw,std_ctrl__tvn_efaar_e0.1_c304,0.25110732792650775,0.0988144384673347,0.024813029604090736,370,81,1480,5721,7201
924,dinov2,Raw,std_ctrl__tvn_efaar_e0.1_c304,0.22575908049526353,0.02988283546530198,0.006746321457237825,370,74,1480,5785,7265
925,dinov2,Raw,std_ctrl__tvn_efaar_e0.1_c304,0.2275377437999495,0.028310043961146163,0.006441603529796583,370,92,1480,5497,6977
926,dinov2,Raw,std_ctrl__tvn_efaar_e0.1_c304,0.22467307284545604,0.03652298883454115,0.008205732130956642,370,91,1480,5078,6558
927,dinov2,Raw,std_ctrl__tvn_efaar_e0.1_c304,0.24964338604656072,0.06678988894551398,0.016673654030031865,370,53,1480,5785,7265
928,dinov2,Raw,std_ctrl__tvn_efaar_e0.1_c304,0.21752253639616315,-0.01592035095739727,-0.0034630351205701382,370,72,1480,5721,7201
929,dinov2,Raw,std_ctrl__tvn_efaar_e0.1_c304,0.23991473684440898,0.02264442954723432,0.005432732355816481,370,73,1480,5561,7041
930,dinov2,Raw,std_ctrl__tvn_efaar_e0.1_c304,0.2311765494402973,-0.05905554717394575,-0.013652257620981479,370,77,1480,5657,7137
931,dinov2,Raw,std_ctrl__tvn_efaar_e0.1_c304,0.25292047684824237,0.04678395321182965,0.011832619755181814,370,101,1480,5977,7457
932,dinov2,Raw,std_ctrl__tvn_efaar_e0.1_c304,0.26648114683329227,0.010228539030744964,0.0027257128113420096,370,66,1480,5689,7169
933,dinov2,Raw,std_ctrl__tvn_efaar_e0.1_c304,0.26629990536432185,0.024462393769895542,0.006514333145907959,370,67,1480,5593,7073
934,dinov2,Raw,std_ctrl__tvn_efaar_e0.1_c304,0.23137169331707905,0.06382486078738639,0.014767266116104428,370,53,1480,5561,7041
935,dinov2,Raw,std_ctrl__tvn_efaar_e0.1_c304,0.27087841414506575,-0.03231641822579386,-0.00875382011985174,370,91,1480,5657,7137
936,dinov2,Raw,std_ctrl__tvn_efaar_e0.1_c304,0.24503404651500305,-0.02407439530700085,-0.005899046499476217,370,88,1480,5753,7233
937,dinov2,Raw,std_ctrl__tvn_efaar_e0.1_c304,0.2379540641258226,-0.014076625146440681,-0.003349590162771313,370,52,1480,5721,7201
938,dinov2,Raw,std_ctrl__tvn_efaar_e0.1_c304,0.17472373346383777,0.0306452390752394,0.005354450584117715,370,75,1480,5566,7046
939,dinov2,Raw,std_ctrl__tvn_efaar_e0.1_c304,0.20352382280694906,0.047432401837019196,0.0096536237467855,370,67,1480,5753,7233
940,dinov2,Raw,std_ctrl__tvn_efaar_e0.1_c304,0.2585121986548207,-0.007293555482637672,-0.0018854730638275868,370,58,1480,5785,7265
941,dinov2,Raw,std_ctrl__tvn_efaar_e0.1_c304,0.23232968353794642,0.03710294086499967,0.008620114509492514,370,67,1480,5721,7201
942,dinov2,Raw,std_ctrl__tvn_efaar_e0.1_c304,0.24685276928334804,0.03471088626775826,0.008568478399475464,370,84,1480,5881,7361
943,dinov2,Raw,std_ctrl__tvn_efaar_e0.1_c304,0.26158800598881576,0.022418526465536045,0.005864417635327067,370,99,1480,5753,7233
944,dinov2,Raw,std_ctrl__tvn_efaar_e0.1_c304,0.23860467010108588,-0.0011941434544565004,-0.0002849282050039643,370,56,1480,5593,7073
945,dinov2,Raw,std_ctrl__tvn_efaar_e0.1_c304,0.22753418885127916,-0.022772787540454954,-0.005181587740899935,370,83,1480,5625,7105
946,dinov2,Raw,std_ctrl__tvn_efaar_e0.1_c304,0.20952787909681142,-0.03427072405031298,-0.007180672125374165,370,81,1480,5625,7105
947,dinov2,Raw,std_ctrl__tvn_efaar_e0.1_c304,0.17892701045854179,0.03887967359340012,0.006956623763670994,370,89,1480,5721,7201
948,dinov2,Raw,std_ctrl__tvn_efaar_e0.1_c304,0.24401110701580062,0.07085100393702735,0.017288431903854894,370,67,1480,5561,7041
949,dinov2,Raw,std_ctrl__tvn_efaar_e0.1_c304,0.2542087922790177,0.013609176064066647,0.0034595722111588983,370,60,1480,5849,7329
950,dinov2,Raw,std_ctrl__tvn_efaar_e0.1_c304,0.23867437054824733,0.021344289220946607,0.005094334794609172,370,65,1480,5721,7201
951,dinov2,Raw,std_ctrl__tvn_efaar_e0.1_c304,0.24095230537722967,0.06523923902435305,0.015719545043973996,370,70,1480,5689,7169
952,dinov2,Raw,std_ctrl__tvn_efaar_e0.1_c304,0.2529978163915288,0.023703329375981422,0.005996890573332478,370,66,1480,5881,7361
953,dinov2,Raw,std_ctrl__tvn_efaar_e0.1_c304,0.2441475576583348,0.004406071166390435,0.0010757315141430353,370,64,1480,5785,7265
954,dinov2,Raw,std_ctrl__tvn_efaar_e0.1_c304,0.23900541216669607,0.11149205167957417,0.026647203764987203,370,84,1480,5561,7041
955,dinov2,Raw,std_ctrl__tvn_efaar_e0.1_c304,0.2071966739053642,-0.02428635385706852,-0.00503205174047331,370,58,1480,5785,7265
956,dinov2,Raw,std_ctrl__tvn_efaar_e0.1_c304,0.24487181178300818,0.02430863745937761,0.0059525000966540965,370,56,1480,5753,7233
957,dinov2,Raw,std_ctrl__tvn_efaar_e0.1_c304,0.24263554821391,0.01744810902845173,0.004233531499414458,370,61,1480,5721,7201
958,dinov2,Raw,std_ctrl__tvn_efaar_e0.1_c304,0.21698474659873546,0.014100932051839588,0.0030596871680744,370,79,1480,5721,7201
959,dinov2,Raw,std_ctrl__tvn_efaar_e0.1_c304,0.2750359601394231,-0.04518332413825109,-0.01242703893665466,370,62,1480,5881,7361
960,dinov2,Raw,std_ctrl__tvn_efaar_e0.1_c304,0.2649558477992328,-0.0023026383549236,-0.0006100974975038132,370,69,1480,5689,7169
961,dinov2,Raw,std_ctrl__tvn_efaar_e0.1_c304,0.2414579004295135,0.05691865728454423,0.013743459483193086,370,64,1480,5657,7137
962,dinov2,Raw,std_ctrl__tvn_efaar_e0.1_c304,0.24366001846238988,0.025630735453582625,0.006245185473824574,370,82,1480,5785,7265
963,dinov2,Raw,std_ctrl__tvn_efaar_e0.1_c304,0.22130042244988535,0.011572384118838935,0.0025609734942514005,370,82,1480,5689,7169
964,dinov2,Raw,std_ctrl__tvn_efaar_e0.1_c304,0.2462376726099237,-0.013756886784123123,-0.003387463784080696,370,103,1480,5785,7265
965,dinov2,Raw,std_ctrl__tvn_efaar_e0.1_c304,0.2144694884311445,0.012511182092980029,0.0026832668231503223,370,53,1480,5625,7105
966,dinov2,Raw,std_ctrl__tvn_efaar_e0.1_c304,0.22903444623121422,-0.010807139694242527,-0.002475207255214211,370,67,1480,5561,7041
967,dinov2,Raw,std_ctrl__tvn_efaar_e0.1_c304,0.2626921937858855,-0.020669305158863126,-0.005429665116211675,370,61,1480,5849,7329
968,dinov2,Raw,std_ctrl__tvn_efaar_e0.1_c304,0.29846729376743936,-0.012589363480624506,-0.0037575132483166273,370,109,1480,5817,7297
969,dinov2,Raw,std_ctrl__tvn_efaar_e0.1_c304,0.2320717408169295,0.05300033802769051,0.012299880709971844,370,88,1480,5657,7137
970,dinov2,Raw,std_ctrl__tvn_efaar_e0.1_c304,0.2166376911375518,-0.016004103138319896,-0.003467091952612869,370,61,1480,5593,7073
971,dinov2,Raw,std_ctrl__tvn_efaar_e0.1_c304,0.23841617341414464,-0.022725184212467824,-0.0054180514600681105,370,66,1480,5753,7233
972,dinov2,Raw,std_ctrl__tvn_efaar_e0.1_c304,0.24423936114194006,-0.020110995777958083,-0.0049118967607367356,370,46,1480,5817,7297
973,dinov2,Raw,std_ctrl__tvn_efaar_e0.1_c304,0.26164327478048544,0.012020886876421572,0.0031451842081127008,370,58,1480,5657,7137
974,dinov2,Raw,std_ctrl__tvn_efaar_e0.1_c304,0.228382261717608,-0.008820473917430106,-0.0020144397826838576,370,83,1480,5753,7233
975,dinov2,Raw,std_ctrl__tvn_efaar_e0.1_c304,0.24289476474675376,0.030554119435960266,0.007421435652441785,370,71,1480,5529,7009
976,dinov2,Raw,std_ctrl__tvn_efaar_e0.1_c304,0.2444792271239515,0.12079105970779645,0.029530904920845157,370,90,1480,5785,7265
977,dinov2,Raw,std_ctrl__tvn_efaar_e0.1_c304,0.22376361099322783,0.047792670030046516,0.010694260424931027,370,84,1480,5753,7233
978,dinov2,Raw,std_ctrl__tvn_efaar_e0.1_c304,0.2589221402478899,0.0355228672157429,0.009197656807241755,370,66,1480,5593,7073
979,dinov2,Raw,std_ctrl__tvn_efaar_e0.1_c304,0.22463236041407028,-0.015168468382122277,-0.003407328856542321,370,96,1480,5753,7233
980,dinov2,Raw,std_ctrl__tvn_efaar_e0.1_c304,0.2393787661817301,0.009282914415116696,0.0022221325992612313,370,73,1480,5529,7009
981,dinov2,Raw,std_ctrl__tvn_efaar_e0.1_c304,0.23897961603776044,-0.009949730380050828,-0.0023777827459037872,370,50,1480,5817,7297
982,dinov2,Raw,std_ctrl__tvn_efaar_e0.1_c304,0.22747542795865752,-0.013249073457034336,-0.0030138386546945755,370,63,1480,5465,6945
983,dinov2,Raw,std_ctrl__tvn_efaar_e0.1_c304,0.2568367096176671,-0.004811861722150312,-0.0012358627318522872,370,73,1480,5753,7233
984,dinov2,Raw,std_ctrl__tvn_efaar_e0.1_c304,0.26838314031677724,0.05628603740791451,0.015106223475523694,370,90,1480,5753,7233
985,dinov2,Raw,std_ctrl__tvn_efaar_e0.1_c304,0.22511574116058186,0.00669222429249208,0.0015065250316172053,370,89,1480,5689,7169
986,dinov2,Raw,std_ctrl__tvn_efaar_e0.1_c304,0.2536491207884756,0.030892881526373914,0.007835952237787285,370,92,1480,5721,7201
987,dinov2,Raw,std_ctrl__tvn_efaar_e0.1_c304,0.22589415081348496,0.08341585199236892,0.018843153050199526,370,63,1480,5721,7201
988,dinov2,Raw,std_ctrl__tvn_efaar_e0.1_c304,0.23860204368159155,0.005238060145771287,0.0012498118557081243,370,56,1480,5785,7265
989,dinov2,Raw,std_ctrl__tvn_efaar_e0.1_c304,0.29863824474045514,0.0668447019237856,0.019962384452718255,370,107,1480,5689,7169
990,dinov2,Raw,std_ctrl__tvn_efaar_e0.1_c304,0.23398912503195474,-0.00021284976661374458,-4.9804530653205865e-05,370,81,1480,5785,7265
991,dinov2,Raw,std_ctrl__tvn_efaar_e0.1_c304,0.2761782413613531,0.08760225467248198,0.02419383663473545,370,60,1480,5593,7073
992,dinov2,Raw,std_ctrl__tvn_efaar_e0.1_c304,0.2606466943229841,0.05687245055853349,0.014823616236129104,370,72,1480,5721,7201
993,dinov2,Raw,std_ctrl__tvn_efaar_e0.1_c304,0.24055974669874902,-0.02354847174413076,-0.005664814397910744,370,91,1480,5593,7073
994,dinov2,Raw,std_ctrl__tvn_efaar_e0.1_c304,0.22125733225139638,-0.0013394664666180375,-0.0002963667770441111,370,66,1480,5401,6881
995,dinov2,Raw,std_ctrl__tvn_efaar_e0.1_c304,0.2390549349055881,0.006942387126038085,0.0016596119025044272,370,63,1480,5689,7169
996,dinov2,Raw,std_ctrl__tvn_efaar_e0.1_c304,0.22309840277993773,0.031575059706718235,0.007044345388250007,370,50,1480,5721,7201
997,dinov2,Raw,std_ctrl__tvn_efaar_e0.1_c304,0.2525801571643127,-0.012157452821324084,-0.003070731344327754,370,88,1480,5849,7329
998,dinov2,Raw,std_ctrl__tvn_efaar_e0.1_c304,0.24708643692463486,0.04256321736542081,0.010516793722870572,370,69,1480,5913,7393
999,dinov2,Raw,std_ctrl__tvn_efaar_e0.1_c304,0.255722680017981,-0.039771702258524236,-0.010170526290427005,370,61,1480,5753,7233
1000,dinov2,Raw,std_ctrl__tvn_efaar_e0.1_c304,0.2596116910028938,0.09190198608292725,0.023858830013513153,370,74,1480,5433,6913
1001,dinov2,Raw,std_ctrl__tvn_efaar_e0.1_c304,0.2374498199210363,-0.010808370171173969,-0.0025664455507851593,370,50,1480,5817,7297
1002,dinov2,Raw,std_ctrl__tvn_efaar_e0.1_c304,0.2431536606176068,-0.004968670703825069,-0.0012081504700385264,370,64,1480,5561,7041
1003,dinov2,Raw,std_ctrl__tvn_efaar_e0.1_c304,0.2387580531210417,-0.06455076450320509,-0.015412014860260092,370,107,1480,5753,7233
1004,dinov2,Raw,std_ctrl__tvn_efaar_e0.1_c304,0.25800892094407674,0.029568093820381978,0.007628831980969978,370,68,1480,5721,7201
1005,dinov2,Raw,std_ctrl__tvn_efaar_e0.1_c304,0.2104935934538201,0.010628540189855864,0.0022372396177311083,370,71,1480,5657,7137
1006,dinov2,Raw,std_ctrl__tvn_efaar_e0.1_c304,0.21099940647417018,0.044623672798979164,0.009415568475282176,370,65,1480,5625,7105
1007,dinov2,Raw,std_ctrl__tvn_efaar_e0.1_c304,0.23414577775488063,-0.010735366188659338,-0.002513640665727089,370,59,1480,5625,7105
1008,dinov2,Raw,std_ctrl__tvn_efaar_e0.1_c304,0.24986861470154054,0.02510099265848456,0.006271950263209076,370,71,1480,5945,7425
1009,dinov2,Raw,std_ctrl__tvn_efaar_e0.1_c304,0.26035820681618527,-0.003692063691436006,-0.000961259082153424,370,65,1480,5849,7329
1010,dinov2,Raw,std_ctrl__tvn_efaar_e0.1_c304,0.2357308630308614,-0.003395656673954769,-0.0008004610783078621,370,102,1480,5753,7233
1011,dinov2,Raw,std_ctrl__tvn_efaar_e0.1_c304,0.22446355602813264,0.038505015360896566,0.008642972672824715,370,70,1480,5881,7361
1012,dinov2,Raw,std_ctrl__tvn_efaar_e0.1_c304,0.24830128603297724,-0.003759562997593232,-0.0009335043272243944,370,56,1480,5849,7329
1013,dinov2,Raw,std_ctrl__tvn_efaar_e0.1_c304,0.23566308471772765,0.029855658352444265,0.007035876543615606,370,91,1480,5791,7271
1014,dinov2,Raw,std_ctrl__tvn_efaar_e0.1_c304,0.20057716828738203,0.01246699469510293,0.0025005944929975595,370,83,1480,5881,7361
1015,dinov2,Raw,std_ctrl__tvn_efaar_e0.1_c304,0.2377422916903199,0.017010540505433287,0.004044124882652722,370,56,1480,5945,7425
1016,dinov2,Raw,std_ctrl__tvn_efaar_e0.1_c304,0.23356805829380015,-0.02545305142753097,-0.005945019799580647,370,77,1480,5625,7105
1017,dinov2,Raw,std_ctrl__tvn_efaar_e0.1_c304,0.256288676026821,-0.05669498719940593,-0.01453028320669331,370,68,1480,5817,7297
1018,dinov2,Raw,std_ctrl__tvn_efaar_e0.1_c304,0.24228111424039667,0.03302293914697708,0.008000834492022421,370,77,1480,5657,7137
1019,dinov2,Raw,std_ctrl__tvn_efaar_e0.1_c304,0.23085261333065032,0.01242453856474719,0.0028682371970993365,370,64,1480,5561,7041
1020,dinov2,Raw,std_ctrl__tvn_efaar_e0.1_c304,0.20793317472870693,-0.005413639370480822,-0.0011256752211403957,370,71,1480,5753,7233
1021,dinov2,Raw,std_ctrl__tvn_efaar_e0.1_c304,0.24477825847863535,-0.028119054418994198,-0.006882933170747375,370,70,1480,5529,7009
1022,dinov2,Raw,std_ctrl__tvn_efaar_e0.1_c304,0.24327924565197112,0.005903352666999319,0.0014361631836451462,370,53,1480,5561,7041
1023,dinov2,Raw,std_ctrl__tvn_efaar_e0.1_c304,0.2715054621196428,0.03375261455509018,0.009164019212525942,370,80,1480,5593,7073
1024,dinov2,Raw,std_ctrl__tvn_efaar_e0.1_c304,0.22031885527213563,0.05197199658309994,0.011450410793395923,370,85,1480,5529,7009
1025,dinov2,Raw,std_ctrl__tvn_efaar_e0.1_c304,0.23338210345221638,0.013166367151012617,0.00307279446052749,370,80,1480,5593,7073
1026,dinov2,Raw,std_ctrl__tvn_efaar_e0.1_c304,0.23484518487144496,0.04796699803241282,0.011264818520650225,370,62,1480,5529,7009
1027,dinov2,Raw,std_ctrl__tvn_efaar_e0.1_c304,0.23057006053599885,0.04600965856273015,0.010608449760049328,370,98,1480,5561,7041
1028,dinov2,Raw,std_ctrl__tvn_efaar_e0.1_c304,0.24703540636758706,0.09068663735812874,0.022402810311875333,370,83,1480,5817,7297
1029,dinov2,Raw,std_ctrl__tvn_efaar_e0.1_c304,0.24492997291313118,0.0008733219285927484,0.00021390271631466535,370,63,1480,5849,7329
1030,dinov2,Raw,std_ctrl__tvn_efaar_e0.1_c304,0.19589847201319277,0.03507108656012565,0.006870372268971035,370,51,1480,5593,7073
1031,dinov2,Raw,std_ctrl__tvn_efaar_e0.1_c304,0.23615182848797622,-0.016595618400300046,-0.003919085630119559,370,58,1480,5625,7105
1032,dinov2,Raw,std_ctrl__tvn_efaar_e0.1_c304,0.22465039219952385,0.029578234717699776,0.006644762029900827,370,85,1480,5465,6945
1033,dinov2,Raw,std_ctrl__tvn_efaar_e0.1_c304,0.22782959926560012,0.008369762798173737,0.0019068797042560504,370,71,1480,5401,6881
1034,dinov2,Raw,std_ctrl__tvn_efaar_e0.1_c304,0.22920140114399531,0.01188248424568795,0.0027234820381831283,370,80,1480,5593,7073
1035,dinov2,Raw,std_ctrl__tvn_efaar_e0.1_c304,0.2642187386745252,0.08157065162349918,0.021552494684820067,370,96,1480,5753,7233
1036,dinov2,Raw,std_ctrl__tvn_efaar_e0.1_c304,0.2493789208096141,0.0015392356590834908,0.000383852927533916,370,65,1480,5465,6945
1037,dinov2,Raw,std_ctrl__tvn_efaar_e0.1_c304,0.20768705857435188,0.0028045228682349547,0.0005824631052082224,370,42,1480,5753,7233
1038,dinov2,Raw,std_ctrl__tvn_efaar_e0.1_c304,0.24425374127653396,-0.005041016162929036,-0.0012312870576308948,370,91,1480,5625,7105
1039,dinov2,Raw,std_ctrl__tvn_efaar_e0.1_c304,0.23480731225413976,0.005565393130093266,0.0013067950025148537,370,61,1480,5753,7233
1040,dinov2,Raw,std_ctrl__tvn_efaar_e0.1_c304,0.2422203953106462,-0.020626475534266425,-0.004996153057775386,370,59,1480,5625,7105
1041,dinov2,Raw,std_ctrl__tvn_efaar_e0.1_c304,0.2118690505446476,0.026743564640700344,0.005666133648604592,370,71,1480,5753,7233
1042,dinov2,Raw,std_ctrl__tvn_efaar_e0.1_c304,0.23249950021992608,0.005075027852278416,0.0011799414392569367,370,84,1480,5561,7041
1043,dinov2,Raw,std_ctrl__tvn_efaar_e0.1_c304,0.23837968315230576,0.05479850825648471,0.013062851035399836,370,63,1480,5657,7137
1044,dinov2,Raw,std_ctrl__tvn_efaar_e0.1_c304,0.25572268249965213,0.04793657226091619,0.012258468848399902,370,93,1480,5753,7233
1045,dinov2,Raw,std_ctrl__tvn_efaar_e0.1_c304,0.23748731040294094,-0.01710526302147941,-0.004062282908706028,370,81,1480,5305,6785
1046,dinov2,Raw,std_ctrl__tvn_efaar_e0.1_c304,0.2538204383146836,-0.01099525683036636,-0.0027908209080661083,370,81,1480,5497,6977
1047,dinov2,Raw,std_ctrl__tvn_efaar_e0.1_c304,0.22040866439499013,-0.013106349606799215,-0.002888753011928419,370,68,1480,5657,7137
1048,dinov2,Raw,std_ctrl__tvn_efaar_e0.1_c304,0.28651567665439825,0.010034296830709569,0.002874983346201836,370,65,1480,5849,7329
1049,dinov2,Raw,std_ctrl__tvn_efaar_e0.1_c304,0.24519552226232053,0.014855454449182848,0.0036424909121115013,370,60,1480,5593,7073
1050,dinov2,Raw,std_ctrl__tvn_efaar_e0.1_c304,0.2850546586214613,0.016955267719670392,0.004833178051666126,370,52,1480,5817,7297
1051,dinov2,Raw,std_ctrl__tvn_efaar_e0.1_c304,0.23612779070478926,-0.01225329801453459,-0.0028933441890194333,370,65,1480,5529,7009
1052,dinov2,Raw,std_ctrl__tvn_efaar_e0.1_c304,0.22057060245998347,0.0057268211646623315,0.0012631683944701547,370,85,1480,5689,7169
1053,dinov2,Raw,std_ctrl__tvn_efaar_e0.1_c304,0.2350281579874596,0.00604066223827176,0.0014197257188854166,370,69,1480,5593,7073
1054,dinov2,Raw,std_ctrl__tvn_efaar_e0.1_c304,0.24300032684548506,0.06354313046284434,0.015441001471256472,370,127,1480,5657,7137
1055,dinov2,Raw,std_ctrl__tvn_efaar_e0.1_c304,0.26161185865438297,-0.02775381478704629,-0.007260727071188678,370,59,1480,5465,6945
1056,dinov2,Raw,std_ctrl__tvn_efaar_e0.1_c304,0.23379777793472978,-0.0201915952682267,-0.004720750106668807,370,66,1480,5689,7169
1057,dinov2,Raw,std_ctrl__tvn_efaar_e0.1_c304,0.24136142094513885,-0.005830361584793641,-0.0014072243567297448,370,53,1480,5753,7233
1058,dinov2,Raw,std_ctrl__tvn_efaar_e0.1_c304,0.20010247721061744,-0.0048811229291309145,-0.000976724789688641,370,72,1480,5753,7233
1059,dinov2,Raw,std_ctrl__tvn_efaar_e0.1_c304,0.24740556111749779,0.01838887022014152,0.0045495087551309585,370,70,1480,5689,7169
1060,dinov2,Raw,std_ctrl__tvn_efaar_e0.1_c304,0.21119910417564022,0.014765632614885183,0.003118488380850367,370,87,1480,5849,7329
1061,dinov2,Raw,std_ctrl__tvn_efaar_e0.1_c304,0.23810772256191554,0.007340471355870852,0.0017478229170773847,370,70,1480,5945,7425
1062,dinov2,Raw,std_ctrl__tvn_efaar_e0.1_c304,0.2249527749275888,0.055114575661854875,0.012398176734090804,370,61,1480,5433,6913
1063,dinov2,Raw,std_ctrl__tvn_efaar_e0.1_c304,0.2384134647607982,-0.02330479344880289,-0.005556176551663849,370,75,1480,5561,7041
1064,dinov2,Raw,std_ctrl__tvn_efaar_e0.1_c304,0.25495344347296894,0.06104079943083279,0.015562562007233664,370,63,1480,5657,7137
1065,dinov2,Raw,std_ctrl__tvn_efaar_e0.1_c304,0.2518213838418763,0.05402307428237911,0.013604165325181185,370,87,1480,5657,7137
1066,dinov2,Raw,std_ctrl__tvn_efaar_e0.1_c304,0.25575271964319685,0.004814166841863531,0.001231236262622698,370,48,1480,5785,7265
1067,dinov2,Raw,std_ctrl__tvn_efaar_e0.1_c304,0.24851944201376563,0.0501660370652912,0.012467235539508055,370,75,1480,5535,7015
1068,dinov2,Raw,std_ctrl__tvn_efaar_e0.1_c304,0.2344292109550309,-0.002764815645142216,-0.0006481535501268144,370,53,1480,5401,6881
1069,dinov2,Raw,std_ctrl__tvn_efaar_e0.1_c304,0.23309124533573378,-0.01263337044970665,-0.0029447280509097822,370,57,1480,5689,7169
1070,dinov2,Raw,std_ctrl__tvn_efaar_e0.1_c304,0.28251279390803635,0.049337878651115066,0.013938581943222178,370,102,1480,5689,7169
1071,dinov2,Raw,std_ctrl__tvn_efaar_e0.1_c304,0.23161576978563322,-0.0358986691761168,-0.008314697895506077,370,94,1480,5593,7073
1072,dinov2,Raw,std_ctrl__tvn_efaar_e0.1_c304,0.21446172076318187,-0.07137365812413564,-0.015306917538465185,370,67,1480,5561,7041
1073,dinov2,Raw,std_ctrl__tvn_efaar_e0.1_c304,0.24062862533074333,0.029901621005149037,0.007195185957629893,370,84,1480,5849,7329
1074,dinov2,Raw,std_ctrl__tvn_efaar_e0.1_c304,0.23069562163366622,0.011985015669466744,0.002764890640156861,370,74,1480,5785,7265
1075,dinov2,Raw,std_ctrl__tvn_efaar_e0.1_c304,0.2578533464167864,0.03827474163782071,0.009869270214549981,370,64,1480,5561,7041
1076,dinov2,Raw,std_ctrl__tvn_efaar_e0.1_c304,0.24349816624182358,0.004835165397732191,0.001177353907823706,370,74,1480,5913,7393
1077,dinov2,Raw,std_ctrl__tvn_efaar_e0.1_c304,0.2493807848695767,-0.0025115316860618324,-0.0006263277430949111,370,60,1480,5689,7169
1078,dinov2,Raw,std_ctrl__tvn_efaar_e0.1_c304,0.23606511836237604,0.07745572206519999,0.018284594197164737,370,55,1480,5689,7169
1079,dinov2,Raw,std_ctrl__tvn_efaar_e0.1_c304,0.23261926193562785,0.02596970449973364,0.006041053493414393,370,91,1480,5657,7137
1080,dinov2,Raw,std_ctrl__tvn_efaar_e0.1_c304,0.20338295174330268,-0.027687151241672422,-0.005631094544894585,370,88,1480,5785,7265
1081,dinov2,Raw,std_ctrl__tvn_efaar_e0.1_c304,0.25857382660086636,-0.023555776812441243,-0.00609090734894889,370,92,1480,5657,7137
1082,dinov2,Raw,std_ctrl__tvn_efaar_e0.1_c304,0.2277346211499293,-0.04170414078695884,-0.009497476702501385,370,54,1480,5721,7201
1083,dinov2,Raw,std_ctrl__tvn_efaar_e0.1_c304,0.22206174600584636,-0.03851429055708057,-0.008552550607281792,370,70,1480,5817,7297
1084,dinov2,Raw,std_ctrl__tvn_efaar_e0.1_c304,0.2374567997172887,-0.004994551329413256,-0.0011859901747062016,370,59,1480,5721,7201
1085,dinov2,Raw,std_ctrl__tvn_efaar_e0.1_c304,0.2743686283528739,0.07248242633492628,0.01988690389320195,370,80,1480,5817,7297
1086,dinov2,Raw,std_ctrl__tvn_efaar_e0.1_c304,0.24458721247105672,0.05073434799507498,0.012408972752651935,370,81,1480,5561,7041
1087,dinov2,Raw,std_ctrl__tvn_efaar_e0.1_c304,0.20971448427239298,-0.014873933816776576,-0.0031192793594870052,370,96,1480,5849,7329
1088,dinov2,Raw,std_ctrl__tvn_efaar_e0.1_c304,0.23287553097284977,-0.006383851694150317,-0.0014866428529271816,370,86,1480,5497,6977
1089,dinov2,Raw,std_ctrl__tvn_efaar_e0.1_c304,0.2526918193412255,0.10844911066421153,0.02740420307967751,370,44,1480,5753,7233
1090,dinov2,Raw,std_ctrl__tvn_efaar_e0.1_c304,0.2238373386113114,-0.015119400188402892,-0.0033842862995714634,370,73,1480,5785,7265
1091,dinov2,Raw,std_ctrl__tvn_efaar_e0.1_c304,0.2492265880213111,0.06266392442593317,0.01561751607670062,370,73,1480,5753,7233
1092,dinov2,Raw,std_ctrl__tvn_efaar_e0.1_c304,0.27357606227476255,-0.02372037630023659,-0.0064893271438943275,370,57,1480,5657,7137
1093,dinov2,Raw,std_ctrl__tvn_efaar_e0.1_c304,0.2510694133835259,0.025888662101858945,0.0064998512071980435,370,80,1480,5689,7169
1094,dinov2,Raw,std_ctrl__tvn_efaar_e0.1_c304,0.22218436028085017,0.053719385871402625,0.011935607384517733,370,79,1480,5625,7105
1095,dinov2,Raw,std_ctrl__tvn_efaar_e0.1_c304,0.21091272792762752,-0.031887744597681074,-0.006725531200556383,370,49,1480,5753,7233
1096,dinov2,Raw,std_ctrl__tvn_efaar_e0.1_c304,0.23724949392910666,0.007092757337487378,0.0016827530888808384,370,84,1480,5593,7073
1097,dinov2,Raw,std_ctrl__tvn_efaar_e0.1_c304,0.24302943041348876,0.006643806971284032,0.001614640624008324,370,87,1480,5657,7137
1098,dinov2,Raw,std_ctrl__tvn_efaar_e0.1_c304,0.20039396922918437,-0.020199519322671756,-0.0040478618535917995,370,86,1480,5753,7233
1099,dinov2,Raw,std_ctrl__tvn_efaar_e0.1_c304,0.22605313212095968,0.0318698590686912,0.007204281462731217,370,82,1480,5721,7201
1100,dinov2,Raw,std_ctrl__tvn_efaar_e0.1_c304,0.21803835930649582,-0.03907667914349054,-0.008520215007593042,370,76,1480,5817,7297
1101,dinov2,Raw,std_ctrl__tvn_efaar_e0.1_c304,0.25787616495688154,0.0041578446521024085,0.0010722090333706484,370,77,1480,5593,7073
1102,dinov2,Raw,std_ctrl__tvn_efaar_e0.1_c304,0.2613834224052946,0.035342982108526697,0.009238069621535804,370,56,1480,5753,7233
1103,dinov2,Raw,std_ctrl__tvn_efaar_e0.1_c304,0.2535325316179658,0.04221584118256798,0.010703089089398439,370,57,1480,5977,7457
1104,dinov2,Raw,std_ctrl__tvn_efaar_e0.1_c304,0.24187805528575546,-0.020546687789471416,-0.004969792885080924,370,89,1480,5689,7169
1105,dinov2,Raw,std_ctrl__tvn_efaar_e0.1_c304,0.23090312846761554,0.06539924266220624,0.015100889730116172,370,65,1480,5721,7201
1106,dinov2,Raw,std_ctrl__tvn_efaar_e0.1_c304,0.2865196163168149,0.06014228015383864,0.01723194303409624,370,79,1480,5593,7073
1107,dinov2,Raw,std_ctrl__tvn_efaar_e0.1_c304,0.2654647012816598,-0.014067020880655347,-0.0037342974960060424,370,77,1480,5497,6977
1108,dinov2,Raw,std_ctrl__tvn_efaar_e0.1_c304,0.2561779142790831,0.033569336434697096,0.008599722591573534,370,77,1480,5753,7233
1109,dinov2,Raw,std_ctrl__tvn_efaar_e0.1_c304,0.21960348943626817,0.05677039097451716,0.012466975954665192,370,67,1480,5689,7169
1110,dinov2,Raw,std_ctrl__tvn_efaar_e0.1_c304,0.21238751739533723,0.016809223035946626,0.0035700691499492175,370,74,1480,5817,7297
1111,dinov2,Raw,std_ctrl__tvn_efaar_e0.1_c304,0.22130484444181173,0.010577673109244233,0.00234089030199763,370,76,1480,5785,7265
1112,dinov2,Raw,std_ctrl__tvn_efaar_e0.1_c304,0.2572802952806392,0.002384226511128856,0.0006134145007991603,370,90,1480,5817,7297
1113,dinov2,Raw,std_ctrl__tvn_efaar_e0.1_c304,0.20761326118345633,0.018355123981276186,0.0038107671491794154,370,64,1480,5689,7169
1114,dinov2,Raw,std_ctrl__tvn_efaar_e0.1_c304,0.23221458833081415,-0.03159491273104106,-0.007336799653186698,370,70,1480,5657,7137
1115,dinov2,Raw,std_ctrl__tvn_efaar_e0.1_c304,0.26438006297793776,0.0404800753219683,0.010702124862973643,370,86,1480,5529,7009
1116,dinov2,Raw,std_ctrl__tvn_efaar_e0.1_c304,0.22580469257222227,0.04147817171792963,0.009365965813224944,370,89,1480,5657,7137
1117,dinov2,Raw,std_ctrl__tvn_efaar_e0.1_c304,0.23911860511163585,-0.02068725763868466,-0.0049467081901473095,370,75,1480,5753,7233
1118,dinov2,Raw,std_ctrl__tvn_efaar_e0.1_c304,0.24163415242875863,0.02213849006990347,0.005349415284093614,370,82,1480,5657,7137
1119,dinov2,Raw,std_ctrl__tvn_efaar_e0.1_c304,0.24103679850768933,0.005294756293894453,0.0012762311059587572,370,60,1480,5785,7265
1120,dinov2,Raw,std_ctrl__tvn_efaar_e0.1_c304,0.25204816212925485,0.02577843144010818,0.006497406267054267,370,65,1480,5657,7137
1121,dinov2,Raw,std_ctrl__tvn_efaar_e0.1_c304,0.24966557028541025,0.050521547897981876,0.012613491067651314,370,83,1480,5753,7233
1122,dinov2,Raw,std_ctrl__tvn_efaar_e0.1_c304,0.21483828198091767,-0.02760082125758917,-0.005929713020242849,370,66,1480,5625,7105
1123,dinov2,Raw,std_ctrl__tvn_efaar_e0.1_c304,0.2546881763252826,-0.02121631383118947,-0.005403544278010516,370,102,1480,5273,6753
1124,dinov2,Raw,std_ctrl__tvn_efaar_e0.1_c304,0.2506794029548185,0.0307181222718571,0.00770040055100225,370,81,1480,5913,7393
1125,dinov2,Raw,std_ctrl__tvn_efaar_e0.1_c304,0.2516452255602795,0.019178690970606403,0.004826226015249144,370,64,1480,5657,7137
1126,dinov2,Raw,std_ctrl__tvn_efaar_e0.1_c304,0.22055732853043744,0.029782580932839073,0.006568766487288529,370,104,1480,5817,7297
1127,dinov2,Raw,std_ctrl__tvn_efaar_e0.1_c304,0.22419766133377272,0.039873264927939384,0.008939492746585951,370,93,1480,5593,7073
1128,dinov2,Raw,std_ctrl__tvn_efaar_e0.1_c304,0.23311957748042766,0.03631369666486105,0.008465433623264823,370,81,1480,5593,7073
1129,dinov2,Raw,std_ctrl__tvn_efaar_e0.1_c304,0.20732313582026013,-9.113343677419252e-06,-1.8894069890103005e-06,370,64,1480,5721,7201
1130,dinov2,Raw,std_ctrl__tvn_efaar_e0.1_c304,0.23024644791068438,0.028268705398791956,0.0065087690051054345,370,85,1480,5625,7105
1131,dinov2,Raw,std_ctrl__tvn_efaar_e0.1_c304,0.22950533672105303,0.03367050705702647,0.007727561059691452,370,57,1480,5689,7169
1132,dinov2,Raw,std_ctrl__tvn_efaar_e0.1_c304,0.23250813648580312,0.04872795225372434,0.011329645373282637,370,84,1480,5817,7297
1133,dinov2,Raw,std_ctrl__tvn_efaar_e0.1_c304,0.24129945251936127,0.01666283452100276,0.004020732847338679,370,54,1480,5881,7361
1134,dinov2,Raw,std_ctrl__tvn_efaar_e0.1_c304,0.23643547736881504,0.02356452045330079,0.0055714886423433784,370,54,1480,5721,7201
1135,dinov2,Raw,std_ctrl__tvn_efaar_e0.1_c304,0.2191561685068593,0.0754690767912828,0.016539513710327476,370,59,1480,5657,7137
1136,dinov2,Raw,std_ctrl__tvn_efaar_e0.1_c304,0.22365130387453203,-0.03223050330125417,-0.007208394087857903,370,71,1480,5593,7073
1137,dinov2,Raw,std_ctrl__tvn_efaar_e0.1_c304,0.21697000242072728,0.03880379279487141,0.008419259016636649,370,91,1480,5689,7169
1138,dinov2,Raw,std_ctrl__tvn_efaar_e0.1_c304,0.21147434646283825,-0.005107103656009727,-0.001080021407972629,370,70,1480,5593,7073
1139,dinov2,Raw,std_ctrl__tvn_efaar_e0.1_c304,0.23564575352282593,-0.009385984163536368,-0.0022117673107698386,370,74,1480,5785,7265
1140,dinov2,Raw,std_ctrl__tvn_efaar_e0.1_c304,0.23615741266742857,0.023651648028668128,0.005585512003770952,370,54,1480,5785,7265
1141,dinov2,Raw,std_ctrl__tvn_efaar_e0.1_c304,0.18519303273896087,0.03526607711547356,0.006531031773820614,370,85,1480,5817,7297
1142,dinov2,Raw,std_ctrl__tvn_efaar_e0.1_c304,0.2857624682586766,-0.003700382077050722,-0.001057430315838183,370,69,1480,5561,7041
1143,dinov2,Raw,std_ctrl__tvn_efaar_e0.1_c304,0.2281276833006281,0.0355158532197077,0.008102149315457071,370,60,1480,5689,7169
1144,dinov2,Raw,std_ctrl__tvn_efaar_e0.1_c304,0.2415174639563938,-0.04390962453674771,-0.010604941161392751,370,61,1480,5631,7111
1145,dinov2,Raw,std_ctrl__tvn_efaar_e0.1_c304,0.24133845674042054,0.036744195567231124,0.008867787452363761,370,91,1480,5785,7265
1146,dinov2,Raw,std_ctrl__tvn_efaar_e0.1_c304,0.23451061404639711,0.016995923962934298,0.003985724564833597,370,77,1480,5625,7105
1147,dinov2,Raw,std_ctrl__tvn_efaar_e0.1_c304,0.20682197627340637,0.0434611196528214,0.008988714657651503,370,46,1480,5849,7329
1148,dinov2,Raw,std_ctrl__tvn_efaar_e0.1_c304,0.20668678900918414,-0.024176733906481628,-0.004997011499860157,370,75,1480,5529,7009
1149,dinov2,Raw,std_ctrl__tvn_efaar_e0.1_c304,0.261947739953738,0.026403918458860587,0.006916446766221315,370,69,1480,5625,7105
1150,dinov2,Raw,std_ctrl__tvn_efaar_e0.1_c304,0.2514981702900077,0.03516139044425203,0.008843025361581948,370,53,1480,5785,7265
1151,dinov2,Raw,std_ctrl__tvn_efaar_e0.1_c304,0.24370187236095361,-0.03833675432562197,-0.009342738809395961,370,87,1480,5657,7137
1152,dinov2,Raw,std_ctrl__tvn_efaar_e0.1_c304,0.2597342703555055,0.011435049520210459,0.002970074243610937,370,80,1480,5849,7329
1153,dinov2,Raw,std_ctrl__tvn_efaar_e0.1_c304,0.24312722121842406,0.06189269217877993,0.015047798263154052,370,75,1480,5497,6977
1154,dinov2,Raw,std_ctrl__tvn_efaar_e0.1_c304,0.238004090607431,-0.01787468204698982,-0.004254247445490786,370,71,1480,5401,6881
1155,dinov2,Raw,std_ctrl__tvn_efaar_e0.1_c304,0.24259773925280897,0.0016742438852131029,0.00040616778151053817,370,70,1480,5881,7361
1156,dinov2,Raw,std_ctrl__tvn_efaar_e0.1_c304,0.2330128915751926,0.008052528082179232,0.001876342852919023,370,93,1480,5753,7233
1157,dinov2,Raw,std_ctrl__tvn_efaar_e0.1_c304,0.26203450854553123,0.019521382238570098,0.0051152758010131775,370,55,1480,5785,7265
1158,dinov2,Raw,std_ctrl__tvn_efaar_e0.1_c304,0.24505885408873312,-0.011620858968472259,-0.0028477943823405887,370,67,1480,5657,7137
1159,dinov2,Raw,std_ctrl__tvn_efaar_e0.1_c304,0.20425928834308066,-0.018675329136041106,-0.0038146094389005557,370,78,1480,5791,7271
1160,dinov2,Raw,std_ctrl__tvn_efaar_e0.1_c304,0.23865192623755646,-0.03343484849647762,-0.007979290997145252,370,34,1480,5689,7169
1161,dinov2,Raw,std_ctrl__tvn_efaar_e0.1_c304,0.2366040368582277,0.1317184894791221,0.03116512633962828,370,65,1480,5817,7297
1162,dinov2,Raw,std_ctrl__tvn_efaar_e0.1_c304,0.2525096877107806,0.005345691752459101,0.0013498389550115428,370,71,1480,5753,7233
1163,dinov2,Raw,std_ctrl__tvn_efaar_e0.1_c304,0.2696169826096032,-0.0599035683185855,-0.016151019337605245,370,68,1480,5593,7073
1164,dinov2,Raw,std_ctrl__tvn_efaar_e0.1_c304,0.22845942646594097,0.015459676842680951,0.003531908904827679,370,83,1480,5753,7233
1165,dinov2,Raw,std_ctrl__tvn_efaar_e0.1_c304,0.23367790382796705,0.03796420832512384,0.008871396621903194,370,81,1480,5721,7201
1166,dinov2,Raw,std_ctrl__tvn_efaar_e0.1_c304,0.2508809569642592,0.014776403189605786,0.003707118172698032,370,87,1480,5625,7105
1167,dinov2,Raw,std_ctrl__tvn_efaar_e0.1_c304,0.24610510094163596,-0.0351318793948443,-0.008646134724737537,370,64,1480,5721,7201
1168,dinov2,Raw,std_ctrl__tvn_efaar_e0.1_c304,0.241780936956858,0.034581295060706695,0.00836109792095923,370,63,1480,5913,7393
1169,dinov2,Raw,std_ctrl__tvn_efaar_e0.1_c304,0.22118189645591274,0.03236851897576293,0.007159330412528442,370,62,1480,5529,7009
1170,dinov2,Raw,std_ctrl__tvn_efaar_e0.1_c304,0.2748362379959829,-0.0346882921271229,-0.009533599710724129,370,97,1480,5468,6948
1171,dinov2,Raw,std_ctrl__tvn_efaar_e0.1_c304,0.23092791199297083,0.02232462782894436,0.005155379690558291,370,102,1480,5817,7297
1172,dinov2,Raw,std_ctrl__tvn_efaar_e0.1_c304,0.2249669798355719,-0.013464663022769364,-0.0030291045747361262,370,81,1480,5881,7361
1173,dinov2,Raw,std_ctrl__tvn_efaar_e0.1_c304,0.24210520285584483,0.009387460920667655,0.0022727531304995584,370,89,1480,5657,7137
1174,dinov2,Raw,std_ctrl__tvn_efaar_e0.1_c304,0.24421882250077528,0.05610906065179863,0.013702888724006844,370,87,1480,5913,7393
1175,dinov2,Raw,std_ctrl__tvn_efaar_e0.1_c304,0.25283467962110007,0.004249807197291655,0.0010744986411786808,370,77,1480,5785,7265
1176,dinov2,Raw,std_ctrl__tvn_efaar_e0.1_c304,0.19124078899130775,-0.0027600682811978116,-0.0005278376357661521,370,78,1480,5497,6977
1177,dinov2,Raw,std_ctrl__tvn_efaar_e0.1_c304,0.2648069886750706,0.0033769391351211975,0.0008942370833104415,370,62,1480,5753,7233
1178,dinov2,Raw,std_ctrl__tvn_efaar_e0.1_c304,0.24524782416237004,0.0030420870585661495,0.0007460652320258525,370,63,1480,5593,7073
1179,dinov2,Raw,std_ctrl__tvn_efaar_e0.1_c304,0.25867334283941096,-0.0016715958253244463,-0.0004323972800130786,370,85,1480,5721,7201
1180,dinov2,Raw,std_ctrl__tvn_efaar_e0.1_c304,0.2593928027317013,-0.013816695342767244,-0.0035839513294504397,370,87,1480,5721,7201
1181,dinov2,Raw,std_ctrl__tvn_efaar_e0.1_c304,0.2273160977400366,-0.0018425576776578728,-0.0004188430211461319,370,70,1480,5401,6881
1182,dinov2,Raw,std_ctrl__tvn_efaar_e0.1_c304,0.27029840948137845,0.05085356905547161,0.013745638832145421,370,76,1480,5753,7233
1183,dinov2,Raw,std_ctrl__tvn_efaar_e0.1_c304,0.2095108656750033,-0.03927100642639474,-0.00822770255232258,370,74,1480,5849,7329
1184,dinov2,Raw,std_ctrl__tvn_efaar_e0.1_c304,0.26590160484412145,0.005891515427020668,0.0015665634070086952,370,79,1480,5753,7233
1185,dinov2,Raw,std_ctrl__tvn_efaar_e0.1_c304,0.23936757994391278,0.011808549947610712,0.0028265840236063942,370,59,1480,5881,7361
1186,dinov2,Raw,std_ctrl__tvn_efaar_e0.1_c304,0.22551260132043255,-0.029193401532568174,-0.006583479921001351,370,65,1480,5561,7041
1187,dinov2,Raw,std_ctrl__tvn_efaar_e0.1_c304,0.19564636049212022,0.027490304989048326,0.00537837811992568,370,75,1480,5785,7265
1188,dinov2,Raw,std_ctrl__tvn_efaar_e0.1_c304,0.273411185563342,0.003552067746178603,0.000971175053684,370,62,1480,5849,7329
1189,dinov2,Raw,std_ctrl__tvn_efaar_e0.1_c304,0.24601754856604588,-0.008214748657843248,-0.0020209723268888114,370,67,1480,5625,7105
1190,dinov2,Raw,std_ctrl__tvn_efaar_e0.1_c304,0.23775527044636519,0.023052117190891373,0.005480762357081682,370,63,1480,5657,7137
1191,dinov2,Raw,std_ctrl__tvn_efaar_e0.1_c304,0.23131724501606027,0.0017904013343572147,0.0004141507041365891,370,52,1480,5721,7201
1192,dinov2,Raw,std_ctrl__tvn_efaar_e0.1_c304,0.23035716515162052,-0.03449929186752571,-0.007947159074341579,370,72,1480,5401,6881
1193,dinov2,Raw,std_ctrl__tvn_efaar_e0.1_c304,0.26533917318512523,0.008409031490533903,0.002231245462985947,370,67,1480,5689,7169
1194,dinov2,Raw,std_ctrl__tvn_efaar_e0.1_c304,0.22761919564394253,0.05921795737640654,0.01347914382569493,370,70,1480,5721,7201
1195,dinov2,Raw,std_ctrl__tvn_efaar_e0.1_c304,0.26482931250456,0.013799662728245744,0.003654555193116121,370,43,1480,5593,7073
1196,dinov2,Raw,std_ctrl__tvn_efaar_e0.1_c304,0.22826759066729962,0.008010237601153332,0.0018284776378878808,370,75,1480,5721,7201
1197,dinov2,Raw,std_ctrl__tvn_efaar_e0.1_c304,0.24418057671510637,-0.01049066354093039,-0.0025616162735485224,370,51,1480,5657,7137
1198,dinov2,Raw,std_ctrl__tvn_efaar_e0.1_c304,0.21621027476375063,-0.0012156946779204537,-0.00026284568034201064,370,72,1480,5593,7073
1199,dinov2,Raw,std_ctrl__tvn_efaar_e0.1_c304,0.2744337998999036,-0.013925594130944264,-0.00382165371321883,370,89,1480,5689,7169
1200,dinov2,Raw,std_ctrl__tvn_efaar_e0.1_c304,0.2571753224724569,0.033030249191615645,0.008494564987199362,370,61,1480,5689,7169
1201,dinov2,Raw,std_ctrl__tvn_efaar_e0.1_c304,0.2559185092518637,0.05848856950407185,0.014968307515756086,370,61,1480,5625,7105
1202,dinov2,Raw,std_ctrl__tvn_efaar_e0.1_c304,0.24601976605526565,-0.005787452390843909,-0.0014238276832514063,370,96,1480,5817,7297
1203,dinov2,Raw,std_ctrl__tvn_efaar_e0.1_c304,0.23623767416250005,0.01758215252598845,0.004153566819509837,370,41,1480,5625,7105
1204,dinov2,Raw,std_ctrl__tvn_efaar_e0.1_c304,0.24351786393831404,0.054272116121903295,0.013216229789418027,370,73,1480,5657,7137
1205,dinov2,Raw,std_ctrl__tvn_efaar_e0.1_c304,0.26843704517079653,0.07142861821731623,0.019174087214889297,370,84,1480,5849,7329
1206,dinov2,Raw,std_ctrl__tvn_efaar_e0.1_c304,0.25728022918079885,-0.03227706131213057,-0.008304249731667648,370,46,1480,5625,7105
1207,dinov2,Raw,std_ctrl__tvn_efaar_e0.1_c304,0.23814291549543284,0.011794999586674374,0.002808895589838061,370,67,1480,5465,6945
1208,dinov2,Raw,std_ctrl__tvn_efaar_e0.1_c304,0.23535334981950712,0.038727264095005945,0.009114591334104373,370,86,1480,5625,7105
1209,dinov2,Raw,std_ctrl__tvn_efaar_e0.1_c304,0.2595312639469597,0.02384690787102498,0.006189018140993814,370,60,1480,5753,7233
1210,dinov2,Raw,std_ctrl__tvn_efaar_e0.1_c304,0.24319425014609045,-0.02521695702266676,-0.006132618954093632,370,67,1480,5753,7233
1211,dinov2,Raw,std_ctrl__tvn_efaar_e0.1_c304,0.23329065356211448,0.02721683219698503,0.006349432571125037,370,61,1480,5625,7105
1212,dinov2,Raw,std_ctrl__tvn_efaar_e0.1_c304,0.24274528782337665,0.031018322873207223,0.007529551713655115,370,63,1480,5791,7271
1213,dinov2,Raw,std_ctrl__tvn_efaar_e0.1_c304,0.25585662246648927,0.004292971212298252,0.0010983851147245006,370,63,1480,5721,7201
1214,dinov2,Raw,std_ctrl__tvn_efaar_e0.1_c304,0.21694599475248816,0.14618020687183475,0.0317132103929347,370,64,1480,5817,7297
1215,dinov2,Raw,std_ctrl__tvn_efaar_e0.1_c304,0.2459661740748001,0.004655865879440715,0.001145185517371437,370,88,1480,5616,7096
1216,dinov2,Raw,std_ctrl__tvn_efaar_e0.1_c304,0.22517362932720356,-0.018954972579674635,-0.0042681599695629634,370,98,1480,5657,7137
1217,dinov2,Raw,std_ctrl__tvn_efaar_e0.1_c304,0.23873577663920614,0.03894181705234273,0.009296804937732923,370,88,1480,5721,7201
1218,dinov2,Raw,std_ctrl__tvn_efaar_e0.1_c304,0.24160689122334242,0.005210641278418027,0.0012589268405586022,370,61,1480,5753,7233
1219,dinov2,Raw,std_ctrl__tvn_efaar_e0.1_c304,0.2660039492074664,0.021518817970160448,0.005724090562339275,370,68,1480,5849,7329
1220,dinov2,Raw,std_ctrl__tvn_efaar_e0.1_c304,0.23621606155331132,-0.020970205129648697,-0.004953499265690661,370,62,1480,5817,7297
1221,dinov2,Raw,std_ctrl__tvn_efaar_e0.1_c304,0.2732129843037963,-0.019242423356552307,-0.005257279910480729,370,63,1480,5849,7329
1222,dinov2,Raw,std_ctrl__tvn_efaar_e0.1_c304,0.21030614126024208,0.01986744313770948,0.004178245302998957,370,69,1480,5785,7265
1223,dinov2,Raw,std_ctrl__tvn_efaar_e0.1_c304,0.23637728233546365,-0.004480167234410553,-0.0010590097552783566,370,77,1480,5561,7041
1224,dinov2,Raw,std_ctrl__tvn_efaar_e0.1_c304,0.23982328938599481,0.02475903422802246,0.0059377930305847815,370,70,1480,5305,6785
1225,dinov2,Raw,std_ctrl__tvn_efaar_e0.1_c304,0.25616137424728896,-0.031074109453189665,-0.007959986581039738,370,111,1480,5817,7297
1226,dinov2,Raw,std_ctrl__tvn_efaar_e0.1_c304,0.202561806312612,0.052602881323229954,0.010655334658081422,370,43,1480,5593,7073
1227,dinov2,Raw,std_ctrl__tvn_efaar_e0.1_c304,0.18824992074126748,-0.017765002577048997,-0.0033442603270978865,370,65,1480,5661,7141
1228,dinov2,Raw,std_ctrl__tvn_efaar_e0.1_c304,0.24135962719292212,-0.030631952312417585,-0.007393316590316477,370,55,1480,5689,7169
1229,dinov2,Raw,std_ctrl__tvn_efaar_e0.1_c304,0.2766430649908327,-0.019577945296377932,-0.005416102793012847,370,61,1480,5631,7111
1230,dinov2,Raw,std_ctrl__tvn_efaar_e0.1_c304,0.2535126906471028,0.06666977719485072,0.01690163460150946,370,98,1480,5817,7297
1231,dinov2,Raw,std_ctrl__tvn_efaar_e0.1_c304,0.19896621120763697,0.006072347523124731,0.0012081919798122064,370,61,1480,5561,7041
1232,dinov2,Raw,std_ctrl__tvn_efaar_e0.1_c304,0.2543711018289737,0.08719378017003965,0.022179577934486303,370,59,1480,5689,7169
1233,dinov2,Raw,std_ctrl__tvn_efaar_e0.1_c304,0.2631537977666355,-0.001881955159031179,-0.0004952436473255672,370,40,1480,5593,7073
1234,dinov2,Raw,std_ctrl__tvn_efaar_e0.1_c304,0.21567666407838093,0.024206947327455874,0.005220873647106761,370,71,1480,5433,6913
1235,dinov2,Raw,std_ctrl__tvn_efaar_e0.1_c304,0.21608194012297985,0.02247933920818241,0.004857379228786624,370,73,1480,5753,7233
1236,dinov2,Raw,std_ctrl__tvn_efaar_e0.1_c304,0.2475375201694965,0.027408278814590233,0.006784577369877814,370,56,1480,5561,7041
1237,dinov2,Raw,std_ctrl__tvn_efaar_e0.1_c304,0.222852017294538,0.02387682637924952,0.005320998925207195,370,72,1480,5625,7105
1238,dinov2,Raw,std_ctrl__tvn_efaar_e0.1_c304,0.22463259917324946,0.005501759554287569,0.001235874548705875,370,75,1480,5721,7201
1239,dinov2,Raw,std_ctrl__tvn_efaar_e0.1_c304,0.23792190423497458,0.04088246190467243,0.00972683318617347,370,93,1480,5753,7233
1240,dinov2,Raw,std_ctrl__tvn_efaar_e0.1_c304,0.2494621924600072,-0.017993193272551614,-0.004488621443127378,370,104,1480,5785,7265
1241,dinov2,Raw,std_ctrl__tvn_efaar_e0.1_c304,0.19771193766412606,-0.009760284175764926,-0.001929724696542991,370,50,1480,5401,6881
1242,dinov2,Raw,std_ctrl__tvn_efaar_e0.1_c304,0.22196973036736228,-0.024698480209286028,-0.0054823149925388535,370,69,1480,5657,7137
1243,dinov2,Raw,std_ctrl__tvn_efaar_e0.1_c304,0.25547742454096084,0.07836239943145559,0.02001982398759833,370,66,1480,5785,7265
1244,dinov2,Raw,std_ctrl__tvn_efaar_e0.1_c304,0.25672631993071615,0.03961533409495797,0.010170298935024387,370,68,1480,5721,7201
1245,dinov2,Raw,std_ctrl__tvn_efaar_e0.1_c304,0.24675744048077874,-0.044082700062228725,-0.010877734236837426,370,75,1480,5593,7073
1246,dinov2,Raw,std_ctrl__tvn_efaar_e0.1_c304,0.2677596289401093,0.0074171234417922715,0.001986006220577285,370,61,1480,5561,7041
1247,dinov2,Raw,std_ctrl__tvn_efaar_e0.1_c304,0.22516269386669518,0.03306812770515783,0.007445708715221234,370,48,1480,5785,7265
1248,dinov2,Raw,std_ctrl__tvn_efaar_e0.1_c304,0.25280147312859436,-0.04118959322539013,-0.010412789844946195,370,71,1480,5785,7265
1249,dinov2,Raw,std_ctrl__tvn_efaar_e0.1_c304,0.2327771826800741,0.014175656086283111,0.003299769286406628,370,61,1480,5657,7137
1250,dinov2,Raw,std_ctrl__tvn_efaar_e0.1_c304,0.2593501404519642,0.008054485799188838,0.0020889320232879765,370,67,1480,5561,7041
1251,dinov2,Raw,std_ctrl__tvn_efaar_e0.1_c304,0.2358335891847695,-0.02149943984143271,-0.0050702900632671076,370,56,1480,5561,7041
1252,dinov2,Raw,std_ctrl__tvn_efaar_e0.1_c304,0.23145452453458554,0.04232918307514043,0.009797280942594053,370,62,1480,5753,7233
1253,dinov2,Raw,std_ctrl__tvn_efaar_e0.1_c304,0.21481484541198262,-0.04481284364944363,-0.00962646408102658,370,81,1480,5849,7329
1254,dinov2,Raw,std_ctrl__tvn_efaar_e0.1_c304,0.2527087838390979,0.008178594573561064,0.002066802688197662,370,77,1480,5689,7169
1255,dinov2,Raw,std_ctrl__tvn_efaar_e0.1_c304,0.23386525166495917,-0.07832742950338446,-0.018318064013078356,370,101,1480,5657,7137
1256,dinov2,Raw,std_ctrl__tvn_efaar_e0.1_c304,0.21576223403392789,-0.02538379361129634,-0.005476864017829445,370,100,1480,5625,7105
1257,dinov2,Raw,std_ctrl__tvn_efaar_e0.1_c304,0.2377535432908967,0.047619210982800676,0.011321636139877644,370,78,1480,5625,7105
1258,dinov2,Raw,std_ctrl__tvn_efaar_e0.1_c304,0.23203480004051524,0.08337345294411196,0.019345542482574325,370,70,1480,5849,7329
1259,dinov2,Raw,std_ctrl__tvn_efaar_e0.1_c304,0.2453494305582365,-0.0075207416704456635,-0.001845209686219444,370,66,1480,5657,7137
1260,dinov2,Raw,std_ctrl__tvn_efaar_e0.1_c304,0.208173431030604,0.028074221533965528,0.0058443070202388704,370,63,1480,5785,7265
1261,dinov2,Raw,std_ctrl__tvn_efaar_e0.1_c304,0.19745377518740514,0.03563810726768121,0.007036878820537356,370,64,1480,5369,6849
1262,dinov2,Raw,std_ctrl__tvn_efaar_e0.1_c304,0.23363751831369778,0.019183791733924954,0.004482053492561056,370,79,1480,5689,7169
1263,dinov2,Raw,std_ctrl__tvn_efaar_e0.1_c304,0.22564027715259652,0.08675831610393972,0.019576170490985537,370,83,1480,5817,7297
1264,dinov2,Raw,std_ctrl__tvn_efaar_e0.1_c304,0.25920768991575555,0.020128301353732152,0.005217410495829087,370,71,1480,5753,7233
1265,dinov2,Raw,std_ctrl__tvn_efaar_e0.1_c304,0.23693389108330093,0.007155852260772917,0.001695463920162163,370,56,1480,5849,7329
1266,dinov2,Raw,std_ctrl__tvn_efaar_e0.1_c304,0.21235139131970557,0.01609472196643525,0.003417736602476353,370,80,1480,5628,7108
1267,dinov2,Raw,std_ctrl__tvn_efaar_e0.1_c304,0.2724200476963016,0.03430085574773037,0.00934424075882067,370,52,1480,5599,7079
1268,dinov2,Raw,std_ctrl__tvn_efaar_e0.1_c304,0.19735131407688783,-0.02610623218285645,-0.00515209922688306,370,79,1480,5753,7233
1269,dinov2,Raw,std_ctrl__tvn_efaar_e0.1_c304,0.23092973248105012,-0.008640490339467153,-0.0019953461225982474,370,84,1480,5561,7041
1270,dinov2,Raw,std_ctrl__tvn_efaar_e0.1_c304,0.26146015069440165,0.0897738261625532,0.023472278116874176,370,68,1480,5631,7111
1271,dinov2,Raw,std_ctrl__tvn_efaar_e0.1_c304,0.266683951267375,0.070914288105306,0.018911702553236015,370,60,1480,5689,7169
1272,dinov2,Raw,std_ctrl__tvn_efaar_e0.1_c304,0.2452080550958916,0.057952259168149105,0.014210360759034896,370,59,1480,5657,7137
1273,dinov2,Raw,std_ctrl__tvn_efaar_e0.1_c304,0.2398576953927062,-0.046388376648829284,-0.01112660911599702,370,61,1480,5753,7233
1274,dinov2,Raw,std_ctrl__tvn_efaar_e0.1_c304,0.23422549208923688,0.061429079188330155,0.01438825630147533,370,85,1480,5785,7265
1275,dinov2,Raw,std_ctrl__tvn_efaar_e0.1_c304,0.2763547336552664,-0.04135896091087218,-0.011429744626782657,370,57,1480,5785,7265
1276,dinov2,Raw,std_ctrl__tvn_efaar_e0.1_c304,0.2632803104158199,0.00944387767510136,0.0024863870458297177,370,72,1480,5689,7169
1277,dinov2,Raw,std_ctrl__tvn_efaar_e0.1_c304,0.2540312530213566,0.0670622194314496,0.01703589963256431,370,62,1480,5721,7201
1278,dinov2,Raw,std_ctrl__tvn_efaar_e0.1_c304,0.2187337923126286,0.03992010967310112,0.008731876978333455,370,70,1480,5465,6945
1279,dinov2,Raw,std_ctrl__tvn_efaar_e0.1_c304,0.22949798726689935,0.0388834371765379,0.008923670570034375,370,57,1480,5593,7073
1280,dinov2,Raw,std_ctrl__tvn_efaar_e0.1_c304,0.24070790346330084,-0.008861218101516917,-0.002132965231347188,370,54,1480,5881,7361
1281,dinov2,Raw,std_ctrl__tvn_efaar_e0.1_c304,0.2538992939077985,0.03193812804580754,0.008109068159567391,370,88,1480,5881,7361
1282,dinov2,Raw,std_ctrl__tvn_efaar_e0.1_c304,0.25780728377097306,-0.012489426232318648,-0.003219865052812009,370,59,1480,5593,7073
1283,dinov2,Raw,std_ctrl__tvn_efaar_e0.1_c304,0.23670655105488922,0.09046225182447927,0.021413007630031348,370,78,1480,5657,7137
1284,dinov2,Raw,std_ctrl__tvn_efaar_e0.1_c304,0.2082149452982465,0.08528330300447723,0.017757258269931006,370,75,1480,5669,7149
1285,dinov2,Raw,std_ctrl__tvn_efaar_e0.1_c304,0.21669919435299412,0.05758276644990159,0.012478139098310293,370,75,1480,5657,7137
1286,dinov2,Raw,std_ctrl__tvn_efaar_e0.1_c304,0.23079343574596747,0.0037152701035233515,0.0008574599519164305,370,83,1480,5625,7105
1287,dinov2,Raw,std_ctrl__tvn_efaar_e0.1_c304,0.2351162821530503,-0.0393224971009706,-0.009245359323354305,370,94,1480,5502,6982
1288,dinov2,Raw,std_ctrl__tvn_efaar_e0.1_c304,0.21456641518900638,0.009112668820578845,0.0019552726816362337,370,56,1480,5561,7041
1289,dinov2,Raw,std_ctrl__tvn_efaar_e0.1_c304,0.23136399249748954,0.05880451880509491,0.01360524824764046,370,57,1480,5913,7393
1290,dinov2,Raw,std_ctrl__tvn_efaar_e0.1_c304,0.23048147951632253,0.07316769078856177,0.016863797625740518,370,49,1480,5433,6913
1291,dinov2,Raw,std_ctrl__tvn_efaar_e0.1_c304,0.24873434047742016,-0.003947496928311597,-0.000981878045000227,370,62,1480,5561,7041
1292,dinov2,Raw,std_ctrl__tvn_efaar_e0.1_c304,0.21391437304223587,-0.04129082701524558,-0.008832701373361673,370,94,1480,5593,7073
1293,dinov2,Raw,std_ctrl__tvn_efaar_e0.1_c304,0.2291425904267257,-0.01427342941928827,-0.003270650591408749,370,61,1480,5561,7041
1294,dinov2,Raw,std_ctrl__tvn_efaar_e0.1_c304,0.22379453756125373,-0.02105152660625551,-0.00471121666180538,370,49,1480,5881,7361
1295,dinov2,Raw,std_ctrl__tvn_efaar_e0.1_c304,0.2446318389636358,0.01334011815546417,0.0032634176363633854,370,68,1480,5785,7265
1296,dinov2,Raw,std_ctrl__tvn_efaar_e0.1_c304,0.24277755692109115,0.00882113710617026,0.0021415741159019996,370,89,1480,5721,7201
1297,dinov2,Raw,std_ctrl__tvn_efaar_e0.1_c304,0.2339850162063169,-0.042105740927232,-0.00985211247323736,370,89,1480,5593,7073
1298,dinov2,Raw,std_ctrl__tvn_efaar_e0.1_c304,0.28278038016951434,0.05179060021225504,0.01464536561722881,370,72,1480,5849,7329
1299,dinov2,Raw,std_ctrl__tvn_efaar_e0.1_c304,0.22325886812852144,-0.03373205988008205,-0.0075309815084706275,370,52,1480,5753,7233
1300,dinov2,Raw,std_ctrl__tvn_efaar_e0.1_c304,0.2354135962164694,-0.023628854631264278,-0.005562553643222102,370,70,1480,5753,7233
1301,dinov2,Raw,std_ctrl__tvn_efaar_e0.1_c304,0.2547347813340642,0.03370435850359059,0.008585672393417055,370,59,1480,5689,7169
1302,dinov2,Raw,std_ctrl__tvn_efaar_e0.1_c304,0.24132869430124423,0.0222408919993215,0.005367365426291247,370,89,1480,5785,7265
1303,dinov2,Raw,std_ctrl__tvn_efaar_e0.1_c304,0.23106089409427577,0.010078196980501804,0.002328677205172977,370,54,1480,5689,7169
1304,dinov2,Raw,std_ctrl__tvn_efaar_e0.1_c304,0.2386204750007881,0.014244387741103265,0.0033990025688774637,370,78,1480,5465,6945
1305,dinov2,Raw,std_ctrl__tvn_efaar_e0.1_c304,0.2320327148818475,-0.0038696068325703432,-0.0008978753788866435,370,92,1480,5785,7265
1306,dinov2,Raw,std_ctrl__tvn_efaar_e0.1_c304,0.24306274979694592,0.0304793631829118,0.0074083978272983355,370,75,1480,5817,7297
1307,dinov2,Raw,std_ctrl__tvn_efaar_e0.1_c304,0.21666171233831685,0.00040562374205990346,8.788313451977444e-05,370,91,1480,5593,7073
1308,dinov2,Raw,std_ctrl__tvn_efaar_e0.1_c304,0.24336851946906202,-0.0032856324718564906,-0.0007996195101951887,370,57,1480,5817,7297
1309,dinov2,Raw,std_ctrl__tvn_efaar_e0.1_c304,0.18359020636293352,-0.04152643401945381,-0.007623846591148268,370,97,1480,5721,7201
1310,dinov2,Raw,std_ctrl__tvn_efaar_e0.1_c304,0.2323475992489588,0.027595176460602656,0.006411673001472408,370,63,1480,5945,7425
1311,dinov2,Raw,std_ctrl__tvn_efaar_e0.1_c304,0.23266133892284827,0.017686014141923573,0.004114851730468368,370,68,1480,5561,7041
1312,dinov2,Raw,std_ctrl__tvn_efaar_e0.1_c304,0.22239505040689772,0.017110622319703398,0.0038053177132838264,370,67,1480,6009,7489
1313,dinov2,Raw,std_ctrl__tvn_efaar_e0.1_c304,0.22204045424743324,0.0009401561553268966,0.00020875269979230452,370,81,1480,5497,6977
1314,dinov2,Raw,std_ctrl__tvn_efaar_e0.1_c304,0.24565250088551677,0.04511350499054473,0.011082245324638553,370,51,1480,5785,7265
1315,dinov2,Raw,std_ctrl__tvn_efaar_e0.1_c304,0.23050595639721658,0.01102531387423949,0.002541400519161075,370,56,1480,5369,6849
1316,dinov2,Raw,std_ctrl__tvn_efaar_e0.1_c304,0.23565894217617783,0.10592810184013092,0.02496290442637569,370,71,1480,5849,7329
1317,dinov2,Raw,std_ctrl__tvn_efaar_e0.1_c304,0.23346132942858255,-0.0005543347442108585,-0.00012941572633192027,370,78,1480,5689,7169
1318,dinov2,Raw,std_ctrl__tvn_efaar_e0.1_c304,0.26030630969560853,0.05894679857386462,0.015344223605133059,370,55,1480,5913,7393
1319,dinov2,Raw,std_ctrl__tvn_efaar_e0.1_c304,0.24226307835070404,0.02561218823653836,0.006204887565481473,370,71,1480,5689,7169
1320,dinov2,Raw,std_ctrl__tvn_efaar_e0.1_c304,0.2623923599321987,0.05501770983567941,0.014436226721848862,370,62,1480,5689,7169
1321,dinov2,Raw,std_ctrl__tvn_efaar_e0.1_c304,0.2294483404064995,0.09264078686959575,0.021256274801180974,370,75,1480,5721,7201
1322,dinov2,Raw,std_ctrl__tvn_efaar_e0.1_c304,0.22459306259071293,0.03571517265437572,0.008021380007402325,370,65,1480,5689,7169
1323,dinov2,Raw,std_ctrl__tvn_efaar_e0.1_c304,0.24944268022740884,0.021792370216743254,0.005435947235372396,370,85,1480,5657,7137
1324,dinov2,Raw,std_ctrl__tvn_efaar_e0.1_c304,0.24761924906362381,0.027120465269746166,0.0067155492443506356,370,85,1480,5593,7073
1325,dinov2,Raw,std_ctrl__tvn_efaar_e0.1_c304,0.2569574028080924,0.04564227616315152,0.011728120741133122,370,60,1480,5465,6945
1326,dinov2,Raw,std_ctrl__tvn_efaar_e0.1_c304,0.23503037952292385,0.01116085649452736,0.002623140337709655,370,93,1480,5593,7073
1327,dinov2,Raw,std_ctrl__tvn_efaar_e0.1_c304,0.2290311375717948,0.025153730410920047,0.005760987490187268,370,72,1480,5881,7361
1328,dinov2,Raw,std_ctrl__tvn_efaar_e0.1_c304,0.24577758693253599,-0.039983657714546345,-0.009827086909817677,370,64,1480,5817,7297
1329,dinov2,Raw,std_ctrl__tvn_efaar_e0.1_c304,0.24953950067242675,-0.030794318252669556,-0.007684398800318958,370,63,1480,5823,7303
1330,dinov2,Raw,std_ctrl__tvn_efaar_e0.1_c304,0.23331004371949512,-0.003154341349634356,-0.0007359395181894029,370,114,1480,5849,7329
1331,dinov2,Raw,std_ctrl__tvn_efaar_e0.1_c304,0.2582974939435605,0.05257652211627317,0.013580383902901545,370,78,1480,5721,7201
1332,dinov2,Raw,std_ctrl__tvn_efaar_e0.1_c304,0.22374723502587887,0.06118129109667094,0.013689144718193543,370,74,1480,5977,7457
1333,dinov2,Raw,std_ctrl__tvn_efaar_e0.1_c304,0.28356927110476066,0.0006071541222741404,0.00017217025190152872,370,78,1480,5561,7041
1334,dinov2,Raw,std_ctrl__tvn_efaar_e0.1_c304,0.20054818429654353,0.0117640934110501,0.0023592675734810287,370,93,1480,5791,7271
1335,dinov2,Raw,std_ctrl__tvn_efaar_e0.1_c304,0.2504616290453544,0.03696803446587231,0.009259074134927187,370,62,1480,5657,7137
1336,dinov2,Raw,std_ctrl__tvn_efaar_e0.1_c304,0.24362647151596017,-0.012279514508094062,-0.0029916147915359974,370,69,1480,5849,7329
1337,dinov2,Raw,std_ctrl__tvn_efaar_e0.1_c304,0.1931722434388657,0.00489557740074777,0.0009456896694310576,370,64,1480,5657,7137
1338,dinov2,Raw,std_ctrl__tvn_efaar_e0.1_c304,0.22548410064602392,0.05220176147842718,0.011770667239101409,370,54,1480,5721,7201
1339,dinov2,Raw,std_ctrl__tvn_efaar_e0.1_c304,0.2265515446699644,-0.02125347984960339,-0.004815008689539611,370,71,1480,5785,7265
1340,dinov2,Raw,std_ctrl__tvn_efaar_e0.1_c304,0.23560042314575105,0.011894200466593476,0.0028022786629098126,370,87,1480,5689,7169
1341,dinov2,Raw,std_ctrl__tvn_efaar_e0.1_c304,0.2508690209637233,0.02861915586122569,0.007179659611713893,370,63,1480,5529,7009
1342,dinov2,Raw,std_ctrl__tvn_efaar_e0.1_c304,0.22132454221904307,-0.038034401665628485,-0.008417946537220434,370,71,1480,5849,7329
1343,dinov2,Raw,std_ctrl__tvn_efaar_e0.1_c304,0.22241154625181622,0.0640278567593877,0.014240534625045221,370,103,1480,5561,7041
1344,dinov2,Raw,std_ctrl__tvn_efaar_e0.1_c304,0.22786535164466132,0.05184988686945798,0.011814792704244952,370,53,1480,5785,7265
1345,dinov2,Raw,std_ctrl__tvn_efaar_e0.1_c304,0.21983904457899373,-0.019839873618417235,-0.004361578860840828,370,50,1480,5721,7201
1346,dinov2,Raw,std_ctrl__tvn_efaar_e0.1_c304,0.2773442385590358,-0.020362965113682928,-0.005647551054258601,370,86,1480,5529,7009
1347,dinov2,Raw,std_ctrl__tvn_efaar_e0.1_c304,0.24625906197300534,-0.01627888796419008,-0.004008823680025096,370,65,1480,5529,7009
1348,dinov2,Raw,std_ctrl__tvn_efaar_e0.1_c304,0.2560928525869719,0.012589106592875734,0.0032239802188910012,370,72,1480,5657,7137
1349,dinov2,Raw,std_ctrl__tvn_efaar_e0.1_c304,0.23940017617032605,0.054868517844383825,0.013135532838150166,370,83,1480,5913,7393
1350,dinov2,Raw,std_ctrl__tvn_efaar_e0.1_c304,0.23985839608597623,-0.023360500962851298,-0.005603212292714416,370,53,1480,5593,7073
1351,dinov2,Raw,std_ctrl__tvn_efaar_e0.1_c304,0.19602051493823178,0.048035713671087575,0.009415985329232046,370,66,1480,5689,7169
1352,dinov2,Raw,std_ctrl__tvn_efaar_e0.1_c304,0.21344530623987043,0.0074495063225214035,0.001590062158346432,370,61,1480,5529,7009
1353,dinov2,Raw,std_ctrl__tvn_efaar_e0.1_c304,0.22281741678931424,0.09867506718117244,0.021986523570820884,370,95,1480,5689,7169
1354,dinov2,Raw,std_ctrl__tvn_efaar_e0.1_c304,0.21750098739289742,0.04828135513056056,0.010501242413564055,370,58,1480,5785,7265
1355,dinov2,Raw,std_ctrl__tvn_efaar_e0.1_c304,0.2753190926581555,0.08599579473715023,0.023676284179449187,370,92,1480,5849,7329
1356,dinov2,Raw,std_ctrl__tvn_efaar_e0.1_c304,0.2560842641425807,0.05433590184925769,0.013914569441590644,370,82,1480,5625,7105
1357,dinov2,Raw,std_ctrl__tvn_efaar_e0.1_c304,0.24930534796609552,0.05211504065313231,0.012992558344296364,370,88,1480,5721,7201
1358,dinov2,Raw,std_ctrl__tvn_efaar_e0.1_c304,0.23678558698671173,0.008684796840543628,0.0020564347177484624,370,119,1480,5593,7073
1359,dinov2,Raw,std_ctrl__tvn_efaar_e0.1_c304,0.2277276997092136,0.09251993108480441,0.021069351083197477,370,92,1480,5433,6913
1360,dinov2,Raw,std_ctrl__tvn_efaar_e0.1_c304,0.2255478680461025,-0.008322903623909065,-0.00187721316832587,370,74,1480,5593,7073
1361,dinov2,Raw,std_ctrl__tvn_efaar_e0.1_c304,0.2611140027523692,-0.022958962570885484,-0.0059949066159257335,370,62,1480,5593,7073
1362,dinov2,Raw,std_ctrl__tvn_efaar_e0.1_c304,0.24833599577504606,0.007702420370319237,0.0019127882325412266,370,71,1480,5689,7169
1363,dinov2,Raw,std_ctrl__tvn_efaar_e0.1_c304,0.22428726216311604,0.06698633826150262,0.015024182411004809,370,77,1480,5593,7073
1364,dinov2,Raw,std_ctrl__tvn_efaar_e0.1_c304,0.2396941199357247,-0.002639937754516766,-0.0006327775567539895,370,61,1480,5721,7201
1365,dinov2,Raw,std_ctrl__tvn_efaar_e0.1_c304,0.23060021503732198,0.054997721377339846,0.012682486376177289,370,76,1480,5502,6982
1366,dinov2,Raw,std_ctrl__tvn_efaar_e0.1_c304,0.20977430637039166,0.01614601986710765,0.0033870201182650706,370,67,1480,5913,7393
1367,dinov2,Raw,std_ctrl__tvn_efaar_e0.1_c304,0.23125036596749685,0.10001836024901783,0.023129282411054313,370,81,1480,5529,7009
1368,dinov2,Raw,std_ctrl__tvn_efaar_e0.1_c304,0.25794012146870876,0.018718661475947557,0.004828293814837552,370,77,1480,5598,7078
1369,dinov2,Raw,std_ctrl__tvn_efaar_e0.1_c304,0.2544326893198805,0.01880236970321196,0.004783937489174862,370,61,1480,5561,7041
1370,dinov2,Raw,std_ctrl__tvn_efaar_e0.1_c304,0.2303755024037279,0.03455710614212026,0.007961110689109905,370,100,1480,5753,7233
1371,dinov2,Raw,std_ctrl__tvn_efaar_e0.1_c304,0.22573302389289177,-0.04021962331223366,-0.009078897190103546,370,62,1480,5721,7201
1372,dinov2,Raw,std_ctrl__tvn_efaar_e0.1_c304,0.26542187731564904,-0.011422472577598921,-0.003031774115132826,370,61,1480,5561,7041
1373,dinov2,Raw,std_ctrl__tvn_efaar_e0.1_c304,0.20183407579761595,0.0010375472160474523,0.0002094123834473269,370,43,1480,5753,7233
1374,dinov2,Raw,std_ctrl__tvn_efaar_e0.1_c304,0.21608686279818093,0.02777061985535172,0.006000866122503826,370,57,1480,5817,7297
1375,dinov2,Raw,std_ctrl__tvn_efaar_e0.1_c304,0.23261103752074733,-0.0009827726982142258,-0.00022860377697867537,370,66,1480,5849,7329
1376,dinov2,Raw,std_ctrl__tvn_efaar_e0.1_c304,0.25106530515007797,-0.00801246209038073,-0.0020116512397248694,370,84,1480,5849,7329
1377,dinov2,Raw,std_ctrl__tvn_efaar_e0.1_c304,0.26693141630339323,-0.005826784158348081,-0.0015553517478820284,370,63,1480,5689,7169
1378,dinov2,Raw,std_ctrl__tvn_efaar_e0.1_c304,0.2110570724027131,-0.01513276942338099,-0.0031938780118440846,370,61,1480,5689,7169
1379,dinov2,Raw,std_ctrl__tvn_efaar_e0.1_c304,0.21814011347621495,-0.041011757020019385,-0.008946309330205984,370,75,1480,5401,6881
1380,dinov2,Raw,std_ctrl__tvn_efaar_e0.1_c304,0.2631440098388197,0.05846922000653581,0.015385825004667971,370,76,1480,5849,7329
1381,dinov2,Raw,std_ctrl__tvn_efaar_e0.1_c304,0.24450416154958152,0.019282595463944233,0.004714674836411448,370,76,1480,5785,7265
1382,dinov2,Raw,std_ctrl__tvn_efaar_e0.1_c304,0.25237667237892697,0.03784477935617743,0.00955113948082677,370,79,1480,5817,7297
1383,dinov2,Raw,std_ctrl__tvn_efaar_e0.1_c304,0.2118767341167768,-0.011745730944666197,-0.0024886471123702373,370,89,1480,5817,7297
1384,dinov2,Raw,std_ctrl__tvn_efaar_e0.1_c304,0.23956610824442973,0.04830518079931776,0.011572284172136108,370,75,1480,5689,7169
1385,dinov2,Raw,std_ctrl__tvn_efaar_e0.1_c304,0.2335498025302635,0.07482688332155023,0.017475803823703125,370,60,1480,5721,7201
1386,dinov2,Raw,std_ctrl__tvn_efaar_e0.1_c304,0.2518841419389354,0.060414651021493335,0.015217492533089074,370,70,1480,5785,7265
1387,dinov2,Raw,std_ctrl__tvn_efaar_e0.1_c304,0.246972609651731,-0.010373628405694519,-0.0025620020789117012,370,79,1480,5657,7137
1388,dinov2,Raw,std_ctrl__tvn_efaar_e0.1_c304,0.21834896156137165,0.04844239521607846,0.01057734669097629,370,68,1480,5785,7265
1389,dinov2,Raw,std_ctrl__tvn_efaar_e0.1_c304,0.23157547625318448,-0.010390003784144786,-0.0024060700745857175,370,62,1480,5625,7105
1390,dinov2,Raw,std_ctrl__tvn_efaar_e0.1_c304,0.2349088536222529,-0.007566435232889262,-0.0017774226265650406,370,82,1480,5689,7169
1391,dinov2,Raw,std_ctrl__tvn_efaar_e0.1_c304,0.28430273122281885,-0.014450950488565614,-0.0041084446926649325,370,82,1480,5753,7233
1392,dinov2,Raw,std_ctrl__tvn_efaar_e0.1_c304,0.24347518959642478,0.012260832542820645,0.0029852085279732715,370,65,1480,5561,7041
1393,dinov2,Raw,std_ctrl__tvn_efaar_e0.1_c304,0.21966213180784622,0.07982045355642081,0.017533530990072575,370,53,1480,5561,7041
1394,dinov2,Raw,std_ctrl__tvn_efaar_e0.1_c304,0.2173575970202514,0.027671709417318384,0.006014656264390985,370,62,1480,5753,7233
1395,dinov2,Raw,std_ctrl__tvn_efaar_e0.1_c304,0.23896812286115804,0.04014360031944537,0.009593040813226443,370,75,1480,5721,7201
1396,dinov2,Raw,std_ctrl__tvn_efaar_e0.1_c304,0.22802405957937727,0.00963039036793733,0.002195960707031203,370,111,1480,5849,7329
1397,dinov2,Raw,std_ctrl__tvn_efaar_e0.1_c304,0.21204251390237255,0.005204937496726758,0.0011036680315106638,370,87,1480,5593,7073
1398,dinov2,Raw,std_ctrl__tvn_efaar_e0.1_c304,0.24247158760387802,-0.0009028589808177528,-0.0002189176504612998,370,80,1480,5849,7329
1399,dinov2,Raw,std_ctrl__tvn_efaar_e0.1_c304,0.2389201332465264,-0.010070463329272979,-0.0024060364404841577,370,52,1480,5689,7169
1400,dinov2,Raw,std_ctrl__tvn_efaar_e0.1_c304,0.21693188892638504,0.013395740318684091,0.002905963250899475,370,57,1480,5497,6977
1401,dinov2,Raw,std_ctrl__tvn_efaar_e0.1_c304,0.20719093516535475,0.1204917747480289,0.024964803489777383,370,71,1480,5721,7201
1402,dinov2,Raw,std_ctrl__tvn_efaar_e0.1_c304,0.22048965591038025,0.09952625562113372,0.021944509855952324,370,68,1480,5689,7169
1403,dinov2,Raw,std_ctrl__tvn_efaar_e0.1_c304,0.22890676145080557,-0.013855007799387795,-0.0031715049652335124,370,68,1480,5785,7265
1404,dinov2,Raw,std_ctrl__tvn_efaar_e0.1_c304,0.23473598298290752,-0.010607538562929732,-0.0024899709915984086,370,59,1480,5817,7297
1405,dinov2,Raw,std_ctrl__tvn_efaar_e0.1_c304,0.21161617391381002,-0.021335531080940294,-0.00451494345576776,370,58,1480,5817,7297
1406,dinov2,Raw,std_ctrl__tvn_efaar_e0.1_c304,0.21602286089550973,-0.025442979477313703,-0.005496265216395047,370,58,1480,5657,7137
1407,dinov2,Raw,std_ctrl__tvn_efaar_e0.1_c304,0.2504812391328859,0.04524708239884919,0.011333545266411536,370,80,1480,5753,7233
1408,dinov2,Raw,std_ctrl__tvn_efaar_e0.1_c304,0.25004568590461235,0.06981682502247487,0.017457395900427032,370,66,1480,5849,7329
1409,dinov2,Raw,std_ctrl__tvn_efaar_e0.1_c304,0.23029137874917532,0.09327222169688758,0.021479788533574986,370,65,1480,5849,7329
1410,dinov2,Raw,std_ctrl__tvn_efaar_e0.1_c304,0.2575605611727078,0.08324368862712321,0.02144029115688801,370,69,1480,6041,7521
1411,dinov2,Raw,std_ctrl__tvn_efaar_e0.1_c304,0.24463462279014347,0.0003001786325009107,7.34340865315214e-05,370,58,1480,5817,7297
1412,dinov2,Raw,std_ctrl__tvn_efaar_e0.1_c304,0.23295120741297975,-0.014855475174383456,-0.003460600878566172,370,65,1480,5689,7169
1413,dinov2,Raw,std_ctrl__tvn_efaar_e0.1_c304,0.23327695225793482,-0.03430680684938236,-0.00800298734352556,370,75,1480,5721,7201
1414,dinov2,Raw,std_ctrl__tvn_efaar_e0.1_c304,0.23755423141864182,0.0031768125308187256,0.0007546652591197527,370,94,1480,5631,7111
1415,dinov2,Raw,std_ctrl__tvn_efaar_e0.1_c304,0.21095584162680459,0.0501520188433715,0.010579861344386796,370,58,1480,5785,7265
1416,dinov2,Raw,std_ctrl__tvn_efaar_e0.1_c304,0.24272692498924478,0.06653526820691257,0.01614990105519855,370,70,1480,5849,7329
1417,dinov2,Raw,std_ctrl__tvn_efaar_e0.1_c304,0.2569983555276999,0.050958784499134484,0.013096323815968007,370,57,1480,5753,7233
1418,dinov2,Raw,std_ctrl__tvn_efaar_e0.1_c304,0.22917440666429872,-0.016740516708995002,-0.0038364979840377084,370,92,1480,5817,7297
1419,dinov2,Raw,std_ctrl__tvn_efaar_e0.1_c304,0.2538784396580139,-0.02197250171012861,-0.005578344449550493,370,61,1480,5849,7329
1420,dinov2,Raw,std_ctrl__tvn_efaar_e0.1_c304,0.23882795298585388,-0.03436164149442224,-0.00820652049934664,370,63,1480,5785,7265
1421,dinov2,Raw,std_ctrl__tvn_efaar_e0.1_c304,0.25483236365189144,-0.005015402037086377,-0.0012780867557752327,370,103,1480,5657,7137
1422,dinov2,Raw,std_ctrl__tvn_efaar_e0.1_c304,0.2386532805501055,0.13756196239886534,0.032829613605399474,370,73,1480,5817,7297
1423,dinov2,Raw,std_ctrl__tvn_efaar_e0.1_c304,0.2175063720359498,-0.008680128463004816,-0.0018879832507941625,370,71,1480,5823,7303
1424,dinov2,Raw,std_ctrl__tvn_efaar_e0.1_c304,0.2258029860713526,0.03642655449282285,0.008225224776770245,370,44,1480,5721,7201
1425,dinov2,Raw,std_ctrl__tvn_efaar_e0.1_c304,0.24841928350440284,-0.00722732820253385,-0.0017954076937246226,370,86,1480,5497,6977
1426,dinov2,Raw,std_ctrl__tvn_efaar_e0.1_c304,0.23756638791099147,-0.028828750628267567,-0.006848742154744252,370,63,1480,5497,6977
1427,dinov2,Raw,std_ctrl__tvn_efaar_e0.1_c304,0.2159025565299825,0.06672249174786413,0.014405556546414525,370,73,1480,5721,7201
1428,dinov2,Raw,std_ctrl__tvn_efaar_e0.1_c304,0.21413637831748678,0.0263204073949015,0.0056361567153850045,370,94,1480,5657,7137
1429,dinov2,Raw,std_ctrl__tvn_efaar_e0.1_c304,0.24760268123430457,0.03468125545887752,0.008587171840189936,370,69,1480,5817,7297
1430,dinov2,Raw,std_ctrl__tvn_efaar_e0.1_c304,0.2216374898969847,0.013804525521794191,0.0030596003858693274,370,77,1480,5567,7047
1431,dinov2,Raw,std_ctrl__tvn_efaar_e0.1_c304,0.21769818019207854,0.02074929874887581,0.0045170845778920365,370,64,1480,5529,7009
1432,dinov2,Raw,std_ctrl__tvn_efaar_e0.1_c304,0.24131980446310292,0.003974057690054979,0.000959018824689158,370,59,1480,5752,7232
1433,dinov2,Raw,std_ctrl__tvn_efaar_e0.1_c304,0.21331445592889198,0.040492595994227804,0.008637656083657134,370,65,1480,5721,7201
1434,dinov2,Raw,std_ctrl__tvn_efaar_e0.1_c304,0.2450551885367064,0.07333733686089126,0.017971694911225657,370,63,1480,5625,7105
1435,dinov2,Raw,std_ctrl__tvn_efaar_e0.1_c304,0.24924249830540132,-0.027912081695333,-0.006956876974649259,370,88,1480,5785,7265
1436,dinov2,Raw,std_ctrl__tvn_efaar_e0.1_c304,0.20364619811781315,0.04437578321294989,0.00903695953981752,370,92,1480,5721,7201
1437,dinov2,Raw,std_ctrl__tvn_efaar_e0.1_c304,0.23563094728678202,0.014614217684999257,0.0034435619569716178,370,52,1480,5753,7233
1438,dinov2,Raw,std_ctrl__tvn_efaar_e0.1_c304,0.21363769703604343,0.12324858734794128,0.026330544363959815,370,64,1480,5689,7169
1439,dinov2,Raw,std_ctrl__tvn_efaar_e0.1_c304,0.2236590104695047,0.005112881732644067,0.0011435420689707787,370,58,1480,5721,7201
1440,dinov2,Raw,std_ctrl__tvn_efaar_e0.1_c304,0.2447526798216616,0.04768824740017751,0.011671826347191832,370,81,1480,5657,7137
1441,dinov2,Raw,std_ctrl__tvn_efaar_e0.1_c304,0.29279790450514853,0.10048951079433474,0.029423118185328716,370,76,1480,5593,7073
1442,dinov2,Raw,std_ctrl__tvn_efaar_e0.1_c304,0.24186838054835308,0.0688984181862406,0.01666434882904921,370,57,1480,5785,7265
1443,dinov2,Raw,std_ctrl__tvn_efaar_e0.1_c304,0.2424951977380127,-0.006863014980994399,-0.0016642481748951803,370,62,1480,5657,7137
1444,dinov2,Raw,std_ctrl__tvn_efaar_e0.1_c304,0.22233592803641078,-0.020686944712703832,-0.0045994510509369275,370,82,1480,5721,7201
1445,dinov2,Raw,std_ctrl__tvn_efaar_e0.1_c304,0.25927334432902227,-0.006731226246131825,-0.0017452275402698887,370,85,1480,5817,7297
1446,dinov2,Raw,std_ctrl__tvn_efaar_e0.1_c304,0.2554335052437951,-0.027362453826839665,-0.00698928749306115,370,87,1480,5657,7137
1447,dinov2,Raw,std_ctrl__tvn_efaar_e0.1_c304,0.2407622001582528,0.008577501481115649,0.0020651381284540757,370,55,1480,5721,7201
1448,dinov2,Raw,std_ctrl__tvn_efaar_e0.1_c304,0.256979378453658,-0.022445470197660456,-0.005768022980494888,370,68,1480,5657,7137
1449,dinov2,Raw,std_ctrl__tvn_efaar_e0.1_c304,0.25186716796865366,-0.0017961476422054185,-0.0004523906198958534,370,74,1480,5625,7105
1450,dinov2,Raw,std_ctrl__tvn_efaar_e0.1_c304,0.241840600385139,-0.01199254941226142,-0.0029002853500097476,370,83,1480,5881,7361
1451,dinov2,Raw,std_ctrl__tvn_efaar_e0.1_c304,0.2397141637020841,0.06534045358230071,0.015663032186396062,370,70,1480,5689,7169
1452,dinov2,Raw,std_ctrl__tvn_efaar_e0.1_c304,0.23129801089672303,-0.00256116898851855,-0.0005923932926147127,370,63,1480,5913,7393
1453,dinov2,Raw,std_ctrl__tvn_efaar_e0.1_c304,0.21311069894698792,0.0001188373102072474,2.5325502239246515e-05,370,56,1480,5657,7137
1454,dinov2,Raw,std_ctrl__tvn_efaar_e0.1_c304,0.2516102225862266,0.070970872452039,0.01785699701479623,370,79,1480,5785,7265
1455,dinov2,Raw,std_ctrl__tvn_efaar_e0.1_c304,0.30386898550749664,0.0671126627010238,0.02039345672966691,370,81,1480,5657,7137
1456,dinov2,Raw,std_ctrl__tvn_efaar_e0.1_c304,0.21386879423464605,0.00019457376380336647,4.1613256254322804e-05,370,79,1480,5753,7233
1457,dinov2,Raw,std_ctrl__tvn_efaar_e0.1_c304,0.2506811590368097,0.0011491620470473211,0.00028807327387493534,370,76,1480,5887,7367
1458,dinov2,Raw,std_ctrl__tvn_efaar_e0.1_c304,0.23599483874064442,-0.011405529391453596,-0.0026916460694877717,370,85,1480,5721,7201
1459,dinov2,Raw,std_ctrl__tvn_efaar_e0.1_c304,0.24993492771332995,0.0405707442243626,0.010140046024992064,370,85,1480,5817,7297
1460,dinov2,Raw,std_ctrl__tvn_efaar_e0.1_c304,0.24214544796404008,-0.036477540586845505,-0.008832870406028159,370,40,1480,5657,7137
1461,dinov2,Raw,std_ctrl__tvn_efaar_e0.1_c304,0.2556325707893051,-0.013852307004059388,-0.0035411008508103984,370,81,1480,5785,7265
1462,dinov2,Raw,std_ctrl__tvn_efaar_e0.1_c304,0.2630032719489292,-0.020988890828317546,-0.005520146962426385,370,75,1480,5817,7297
1463,dinov2,Raw,std_ctrl__tvn_efaar_e0.1_c304,0.2291032714131852,0.026743303442281995,0.0061269783070223025,370,79,1480,5849,7329
1464,dinov2,Raw,std_ctrl__tvn_efaar_e0.1_c304,0.27332667470964184,0.07619881200867794,0.020827167903157064,370,94,1480,5721,7201
1465,dinov2,Raw,std_ctrl__tvn_efaar_e0.1_c304,0.2416928837246197,0.00751484579007708,0.0018162847497495476,370,78,1480,5561,7041
1466,dinov2,Raw,std_ctrl__tvn_efaar_e0.1_c304,0.23595292249538743,-0.007829995188585967,-0.0018475102478716812,370,57,1480,5625,7105
1467,dinov2,Raw,std_ctrl__tvn_efaar_e0.1_c304,0.21466539763853926,0.01598859289881122,0.0034321976523040356,370,75,1480,5657,7137
1468,dinov2,Raw,std_ctrl__tvn_efaar_e0.1_c304,0.24712033545180556,-0.005937022357055283,-0.0014671589564603708,370,90,1480,5785,7265
1469,dinov2,Raw,std_ctrl__tvn_efaar_e0.1_c304,0.250606169428795,-0.00508942356310002,-0.001275440943749145,370,70,1480,5881,7361
1470,dinov2,Raw,std_ctrl__tvn_efaar_e0.1_c304,0.23127189268661,-0.004972666771096983,-0.0011500380558514128,370,102,1480,5689,7169
1471,dinov2,Raw,std_ctrl__tvn_efaar_e0.1_c304,0.22989126860827047,0.006360421487193522,0.0014622053645742211,370,67,1480,5881,7361
1472,dinov2,Raw,std_ctrl__tvn_efaar_e0.1_c304,0.2713880716508391,-0.004266636204421144,-0.0011579141719535097,370,67,1480,5657,7137
1473,dinov2,Raw,std_ctrl__tvn_efaar_e0.1_c304,0.2576021247946805,0.0062123697123750606,0.0016003196379179335,370,82,1480,5497,6977
1474,dinov2,Raw,std_ctrl__tvn_efaar_e0.1_c304,0.20740823973852027,0.020843441159774097,0.0043231014410421665,370,84,1480,5593,7073
1475,dinov2,Raw,std_ctrl__tvn_efaar_e0.1_c304,0.1917032076612373,0.023535150354985695,0.004511763815840265,370,84,1480,5593,7073
1476,dinov2,Raw,std_ctrl__tvn_efaar_e0.1_c304,0.23360761030960753,0.040775809687735046,0.009525539459591129,370,79,1480,5657,7137
1477,dinov2,Raw,std_ctrl__tvn_efaar_e0.1_c304,0.22616527837783268,-0.011517692382879112,-0.002604902104044097,370,58,1480,5689,7169
1478,dinov2,Raw,std_ctrl__tvn_efaar_e0.1_c304,0.25229656326583066,0.03728607259082279,0.009407147972344876,370,48,1480,5657,7137
1479,dinov2,Raw,std_ctrl__tvn_efaar_e0.1_c304,0.2459735444225125,0.07094413300374301,0.017450379850912818,370,84,1480,5497,6977
1480,dinov2,Raw,std_ctrl__tvn_efaar_e0.1_c304,0.23324161648909889,0.017631261983874484,0.004112344045861681,370,51,1480,5689,7169
1481,dinov2,Raw,std_ctrl__tvn_efaar_e0.1_c304,0.28142712028595895,-0.027186354082490715,-0.007650977340509786,370,50,1480,6041,7521
1482,dinov2,Raw,std_ctrl__tvn_efaar_e0.1_c304,0.2287213573800159,0.006737629491177034,0.0015410397627456372,370,70,1480,5689,7169
1483,dinov2,Raw,std_ctrl__tvn_efaar_e0.1_c304,0.2516596460833923,-0.02745110774929994,-0.006908336060785891,370,73,1480,5753,7233
1484,dinov2,Raw,std_ctrl__tvn_efaar_e0.1_c304,0.24999152525961585,0.11674754266861921,0.029185896262040198,370,67,1480,5753,7233
1485,dinov2,Raw,std_ctrl__tvn_efaar_e0.1_c304,0.24889637704028783,-0.011405151049669004,-0.0028387007758598507,370,62,1480,5593,7073
1486,dinov2,Raw,std_ctrl__tvn_efaar_e0.1_c304,0.2264564430791075,0.013723104606317817,0.003107685457149249,370,92,1480,5529,7009
1487,dinov2,Raw,std_ctrl__tvn_efaar_e0.1_c304,0.23848257996411668,0.09771678966075449,0.023303752104107654,370,86,1480,5753,7233
1488,dinov2,Raw,std_ctrl__tvn_efaar_e0.1_c304,0.22221813525627276,0.0180402611756674,0.0040088731979929446,370,76,1480,5849,7329
1489,dinov2,Raw,std_ctrl__tvn_efaar_e0.1_c304,0.25960936028942544,0.050012346226096724,0.012983673210330232,370,61,1480,5785,7265
1490,dinov2,Raw,std_ctrl__tvn_efaar_e0.1_c304,0.24243212255276475,-0.0004980336133182962,-0.00012073934597937743,370,70,1480,5497,6977
1491,dinov2,Raw,std_ctrl__tvn_efaar_e0.1_c304,0.27281100390871793,0.028348091709363567,0.007733671358127878,370,102,1480,5625,7105
1492,dinov2,Raw,std_ctrl__tvn_efaar_e0.1_c304,0.2740612603774794,0.052595061426289,0.014414268824119714,370,66,1480,5689,7169
1493,dinov2,Raw,std_ctrl__tvn_efaar_e0.1_c304,0.20878314609989063,-0.03340652384023859,-0.006974719147626012,370,62,1480,5477,6957
1494,dinov2,Raw,std_ctrl__tvn_efaar_e0.1_c304,0.2649817605560684,-0.0034608410379373174,-0.0009170597512373216,370,52,1480,5497,6977
1495,dinov2,Raw,std_ctrl__tvn_efaar_e0.1_c304,0.225652443064557,-0.04525622087729476,-0.010212176804830771,370,65,1480,5657,7137
1496,dinov2,Raw,std_ctrl__tvn_efaar_e0.1_c304,0.2137070482358898,-0.004587184087662853,-0.0009803135710890714,370,97,1480,5785,7265
1497,dinov2,Raw,std_ctrl__tvn_efaar_e0.1_c304,0.2409159711245675,0.007950121412927875,0.0019153112207537378,370,65,1480,5497,6977
1498,dinov2,Raw,std_ctrl__tvn_efaar_e0.1_c304,0.23022910681934328,-0.0209539253509447,-0.004824203517907192,370,58,1480,5433,6913
1499,dinov2,Raw,std_ctrl__tvn_efaar_e0.1_c304,0.21339352044992962,0.047743713051663125,0.010188199007445647,370,70,1480,5657,7137
1500,dinov2,Raw,std_ctrl__tvn_efaar_e0.1_c304,0.2346518889616152,0.0848112109634385,0.019901110857692892,370,71,1480,5721,7201
1501,dinov2,Raw,std_ctrl__tvn_efaar_e0.1_c304,0.22590452134722205,-0.0010978308288065312,-0.0002480049479017635,370,44,1480,5913,7393
1502,dinov2,Raw,std_ctrl__tvn_efaar_e0.1_c304,0.23372979384482334,0.012735528674046719,0.002976672491489776,370,72,1480,5945,7425
1503,dinov2,Raw,std_ctrl__tvn_efaar_e0.1_c304,0.24678980559931946,0.08556826135268569,0.021117374584701063,370,50,1480,5657,7137
1504,dinov2,Raw,std_ctrl__tvn_efaar_e0.1_c304,0.23888164969665318,0.004748195670019488,0.0011342568147367608,370,67,1480,5657,7137
1505,dinov2,Raw,std_ctrl__tvn_efaar_e0.1_c304,0.22612054344579172,0.0016785313823757112,0.00037955042837361185,370,83,1480,5529,7009
1506,dinov2,Raw,std_ctrl__tvn_efaar_e0.1_c304,0.20575794507876605,0.07340669469088235,0.015104010654620317,370,57,1480,5369,6849
1507,dinov2,Raw,std_ctrl__tvn_efaar_e0.1_c304,0.2445885721263901,0.026859084623550522,0.006569425156696102,370,74,1480,5497,6977
1508,dinov2,Raw,std_ctrl__tvn_efaar_e0.1_c304,0.2335596182074851,-0.02526634062505601,-0.005901196869888352,370,74,1480,5945,7425
1509,dinov2,Raw,std_ctrl__tvn_efaar_e0.1_c304,0.26633512781139457,0.008571289948767758,0.0022828356040135826,370,57,1480,5721,7201
1510,dinov2,Raw,std_ctrl__tvn_efaar_e0.1_c304,0.2584260585383521,0.024983769291241745,0.006456457025367123,370,50,1480,5721,7201
1511,dinov2,Raw,std_ctrl__tvn_efaar_e0.1_c304,0.2583118759169352,0.030181760053935452,0.007796307058006886,370,72,1480,5945,7425
1512,dinov2,Raw,std_ctrl__tvn_efaar_e0.1_c304,0.23161522860095707,0.10111833818398705,0.023420547014233045,370,58,1480,5311,6791
1513,dinov2,Raw,std_ctrl__tvn_efaar_e0.1_c304,0.22614720734579474,0.08434336896066112,0.0190740173485895,370,97,1480,5724,7204
1514,dinov2,Raw,std_ctrl__tvn_efaar_e0.1_c304,0.24689339351480827,0.005237389586450822,0.0012930768881579619,370,59,1480,5753,7233
1515,dinov2,Raw,std_ctrl__tvn_efaar_e0.1_c304,0.25097258980676085,0.051872004684074255,0.013018451354030545,370,61,1480,5689,7169
1516,dinov2,Raw,std_ctrl__tvn_efaar_e0.1_c304,0.24974670989859654,0.006510607231158553,0.0016260027354238601,370,99,1480,5593,7073
1517,dinov2,Raw,std_ctrl__tvn_efaar_e0.1_c304,0.23682054082933057,0.018891174105121922,0.004473818068476018,370,70,1480,5721,7201
1518,dinov2,Raw,std_ctrl__tvn_efaar_e0.1_c304,0.23517562202101094,-0.014649899530045833,-0.0034452992345238445,370,96,1480,5849,7329
1519,dinov2,Raw,std_ctrl__tvn_efaar_e0.1_c304,0.21016191812114968,0.02742840516824871,0.005764406241163204,370,96,1480,5913,7393
1520,dinov2,Raw,std_ctrl__tvn_efaar_e0.1_c304,0.23888367159398305,0.010741631451691887,0.002566000360089564,370,69,1480,5657,7137
1521,dinov2,Raw,std_ctrl__tvn_efaar_e0.1_c304,0.24536737033632766,-0.0056674688707947915,-0.0013906119332899142,370,57,1480,5849,7329
1522,dinov2,Raw,std_ctrl__tvn_efaar_e0.1_c304,0.233962616727677,0.057405652887459024,0.013430776764510639,370,47,1480,5785,7265
1523,dinov2,Raw,std_ctrl__tvn_efaar_e0.1_c304,0.2417968574835444,0.07226204994503017,0.01747273659202723,370,77,1480,5497,6977
1524,dinov2,Raw,std_ctrl__tvn_efaar_e0.1_c304,0.20728572626989689,0.014175198300016309,0.0029383162746386884,370,90,1480,5822,7302
1525,dinov2,Raw,std_ctrl__tvn_efaar_e0.1_c304,0.2143683096910694,0.04638959271156315,0.009944458576834946,370,51,1480,5625,7105
1526,dinov2,Raw,std_ctrl__tvn_efaar_e0.1_c304,0.2189243330654618,0.043755526583144314,0.009579149475142953,370,50,1480,5721,7201
1527,dinov2,Raw,std_ctrl__tvn_efaar_e0.1_c304,0.22246457864824898,0.014006695747713311,0.0031159936677692623,370,59,1480,5753,7233
1528,dinov2,Raw,std_ctrl__tvn_efaar_e0.1_c304,0.2671409588615808,0.04401472532790373,0.011758135928125309,370,69,1480,5369,6849
1529,dinov2,Raw,std_ctrl__tvn_efaar_e0.1_c304,0.23287934412672867,0.0326520387307221,0.007603985364011105,370,96,1480,5817,7297
1530,dinov2,Raw,std_ctrl__tvn_efaar_e0.1_c304,0.2698491196281035,0.0708679566854558,0.019123655721412818,370,80,1480,5849,7329
1531,dinov2,Raw,std_ctrl__tvn_efaar_e0.1_c304,0.2386274457082044,0.006063128171145675,0.0014468287884819493,370,47,1480,5625,7105
1532,dinov2,Raw,std_ctrl__tvn_efaar_e0.1_c304,0.23944406766375975,0.1553726747991611,0.03720306525770967,370,63,1480,5593,7073
1533,dinov2,Raw,std_ctrl__tvn_efaar_e0.1_c304,0.21413986925821576,-0.013118589393170057,-0.002809213017505652,370,65,1480,5849,7329
1534,dinov2,Raw,std_ctrl__tvn_efaar_e0.1_c304,0.2556926579177594,0.012199248428909782,0.003119258255386993,370,84,1480,5689,7169
1535,dinov2,Raw,std_ctrl__tvn_efaar_e0.1_c304,0.22991034236218374,0.18531098876090582,0.042604912869494645,370,86,1480,5913,7393
1536,dinov2,Raw,std_ctrl__tvn_efaar_e0.1_c304,0.24653736859370484,0.004923867981163932,0.0012139174553789536,370,77,1480,5689,7169
1537,dinov2,Raw,std_ctrl__tvn_efaar_e0.1_c304,0.24132336296398854,-0.04193938329577891,-0.010120953017573093,370,66,1480,5657,7137
1538,dinov2,Raw,std_ctrl__tvn_efaar_e0.1_c304,0.23120662452869645,0.01913578020585316,0.0044243191491183526,370,59,1480,5785,7265
1539,dinov2,Raw,std_ctrl__tvn_efaar_e0.1_c304,0.21848882774590542,-0.023688205512277464,-0.005175608253781598,370,66,1480,5689,7169
1540,dinov2,Raw,std_ctrl__tvn_efaar_e0.1_c304,0.2453596742560704,0.07155872545155584,0.017557625566973312,370,92,1480,5753,7233
1541,dinov2,Raw,std_ctrl__tvn_efaar_e0.1_c304,0.2490612948041971,-0.009795090036856711,-0.002439577807303223,370,75,1480,5849,7329
1542,dinov2,Raw,std_ctrl__tvn_efaar_e0.1_c304,0.22296470442376445,0.038111092692262497,0.008497428517396996,370,85,1480,5625,7105
1543,dinov2,Raw,std_ctrl__tvn_efaar_e0.1_c304,0.22529791458799803,0.03153537972220938,0.007104855287154413,370,64,1480,5817,7297
1544,dinov2,Raw,std_ctrl__tvn_efaar_e0.1_c304,0.22986539061089245,0.0038986343125535393,0.0008961610991041474,370,60,1480,5497,6977
1545,dinov2,Raw,std_ctrl__tvn_efaar_e0.1_c304,0.24711403162321322,0.017889748585214717,0.004420807897618084,370,103,1480,5465,6945
1546,dinov2,Raw,std_ctrl__tvn_efaar_e0.1_c304,0.2278073362264737,0.14785170285785518,0.033681702584596095,370,57,1480,5529,7009
1547,dinov2,Raw,std_ctrl__tvn_efaar_e0.1_c304,0.24615188577556868,0.021981373000389333,0.005410756415982004,370,79,1480,5529,7009
1548,dinov2,Raw,std_ctrl__tvn_efaar_e0.1_c304,0.24251662946224106,0.0340972328869378,0.008269145993729235,370,63,1480,5849,7329
1549,dinov2,Raw,std_ctrl__tvn_efaar_e0.1_c304,0.2602322803521594,0.025048141197576427,0.006518334902428182,370,68,1480,5689,7169
1550,dinov2,Raw,std_ctrl__tvn_efaar_e0.1_c304,0.24682515826582221,0.044098286136501574,0.010884566454893515,370,66,1480,5593,7073
1551,dinov2,Raw,std_ctrl__tvn_efaar_e0.1_c304,0.25451638856302344,0.04123280939925614,0.01049442573860616,370,64,1480,5625,7105
1552,dinov2,Raw,std_ctrl__tvn_efaar_e0.1_c304,0.22754723638918484,0.0885026416774256,0.020138531526840482,370,79,1480,5657,7137
1553,dinov2,Raw,std_ctrl__tvn_efaar_e0.1_c304,0.24286920163750253,0.024264501352484497,0.0058931000716100105,370,64,1480,5817,7297
1554,dinov2,Raw,std_ctrl__tvn_efaar_e0.1_c304,0.215497740769902,-0.009588791177737406,-0.0020663628355167786,370,80,1480,5625,7105
1555,dinov2,Raw,std_ctrl__tvn_efaar_e0.1_c304,0.2042334116891005,-0.05163653252439366,-0.010545905205252119,370,91,1480,5881,7361
1556,dinov2,Raw,std_ctrl__tvn_efaar_e0.1_c304,0.2510205254940898,-0.00491573653881467,-0.0012339507691637567,370,59,1480,5881,7361
1557,dinov2,Raw,std_ctrl__tvn_efaar_e0.1_c304,0.2695218045543359,0.00515124555100128,0.0013883729966083591,370,114,1480,5785,7265
1558,dinov2,Raw,std_ctrl__tvn_efaar_e0.1_c304,0.2507765213249991,0.03984920250029588,0.009993244380599658,370,69,1480,5689,7169
1559,dinov2,Raw,std_ctrl__tvn_efaar_e0.1_c304,0.24836122843393674,0.03120987742807679,0.0077513234973097455,370,52,1480,5593,7073
1560,dinov2,Raw,std_ctrl__tvn_efaar_e0.1_c304,0.23415853394289352,-0.021193562973503995,-0.004962653634902087,370,73,1480,5593,7073
1561,dinov2,Raw,std_ctrl__tvn_efaar_e0.1_c304,0.27235396618572394,0.012237909648668334,0.0033330432306373603,370,90,1480,5721,7201
1562,dinov2,Raw,std_ctrl__tvn_efaar_e0.1_c304,0.26797148265713233,0.024756349555922014,0.0066339956956786615,370,106,1480,5849,7329
1563,dinov2,Raw,std_ctrl__tvn_efaar_e0.1_c304,0.24915731969964525,0.044640673353315764,0.01112255052229953,370,78,1480,5689,7169
1564,dinov2,Raw,std_ctrl__tvn_efaar_e0.1_c304,0.2496522670703369,0.07050516340057901,0.017601773883119093,370,78,1480,5305,6785
1565,dinov2,Raw,std_ctrl__tvn_efaar_e0.1_c304,0.27205927739803865,0.061424971747420044,0.016711233427798036,370,84,1480,5785,7265
1566,dinov2,Raw,std_ctrl__tvn_efaar_e0.1_c304,0.2126958747812048,0.0421532282232574,0.008965817751797504,370,76,1480,5625,7105
1567,dinov2,Raw,std_ctrl__tvn_efaar_e0.1_c304,0.24049383350046866,-0.007568380635554313,-0.00182014887243517,370,70,1480,5689,7169
1568,dinov2,Raw,std_ctrl__tvn_efaar_e0.1_c304,0.22608000103673137,0.03755967570441807,0.008491491522194132,370,94,1480,5753,7233
1569,dinov2,Raw,std_ctrl__tvn_efaar_e0.1_c304,0.24352539023081987,-0.0044234985016991316,-0.001077234198811728,370,58,1480,5689,7169
1570,dinov2,Raw,std_ctrl__tvn_efaar_e0.1_c304,0.22384094576290953,-0.03364522141516514,-0.007531178181973063,370,75,1480,5497,6977
1571,dinov2,Raw,std_ctrl__tvn_efaar_e0.1_c304,0.2529688440185921,0.06420037713207655,0.01624069518865906,370,55,1480,5497,6977
1572,dinov2,Raw,std_ctrl__tvn_efaar_e0.1_c304,0.21979486951965457,-0.049467501833426686,-0.010872703110941292,370,96,1480,5753,7233
1573,dinov2,Raw,std_ctrl__tvn_efaar_e0.1_c304,0.2104345789165356,0.0026413665796248893,0.0005558348639475735,370,42,1480,5785,7265
1574,dinov2,Raw,std_ctrl__tvn_efaar_e0.1_c304,0.23236770797111814,0.08541156930783424,0.019846890594277744,370,81,1480,5689,7169
1575,dinov2,Raw,std_ctrl__tvn_efaar_e0.1_c304,0.22538653060027614,0.01293628405222324,0.0029156641813902775,370,76,1480,5625,7105
1576,dinov2,Raw,std_ctrl__tvn_efaar_e0.1_c304,0.26676653751110435,0.11396072683185896,0.030400908509183817,370,60,1480,5593,7073
1577,dinov2,Raw,std_ctrl__tvn_efaar_e0.1_c304,0.22726316275944497,-0.030899496101263267,-0.007022317211646229,370,70,1480,5529,7009
1578,dinov2,Raw,std_ctrl__tvn_efaar_e0.1_c304,0.25086209805610293,0.03613068503496322,0.009063819452075114,370,67,1480,5689,7169
1579,dinov2,Raw,std_ctrl__tvn_efaar_e0.1_c304,0.22630218247325465,0.04456589171501967,0.01008535855897569,370,50,1480,5529,7009
1580,dinov2,Raw,std_ctrl__tvn_efaar_e0.1_c304,0.25294120774109824,-0.021297298140527336,-0.00538696431328723,370,53,1480,5625,7105
1581,dinov2,Raw,std_ctrl__tvn_efaar_e0.1_c304,0.2189755897751614,0.005290126715061686,0.00115840861741597,370,53,1480,5657,7137
1582,dinov2,Raw,std_ctrl__tvn_efaar_e0.1_c304,0.20892989140787327,-0.001348010549278578,-0.0002816396976774409,370,58,1480,5721,7201
1583,dinov2,Raw,std_ctrl__tvn_efaar_e0.1_c304,0.21793184044863773,0.021941499496684384,0.004781751367515286,370,101,1480,5849,7329
1584,dinov2,Raw,std_ctrl__tvn_efaar_e0.1_c304,0.2186635983438856,0.03187248689159248,0.006969352671883936,370,82,1480,5628,7108
1585,dinov2,Raw,std_ctrl__tvn_efaar_e0.1_c304,0.2292151131708159,-0.01481788607912543,-0.003396483434578993,370,120,1480,5913,7393
1586,dinov2,Raw,std_ctrl__tvn_efaar_e0.1_c304,0.23508020016915704,-0.009119148581253454,-0.0021437312738533465,370,69,1480,5849,7329
1587,dinov2,Raw,std_ctrl__tvn_efaar_e0.1_c304,0.24276453658105296,0.008888521266627519,0.0021578177461836633,370,57,1480,5785,7265
1588,dinov2,Raw,std_ctrl__tvn_efaar_e0.1_c304,0.20924828295646675,0.021267692248192336,0.0044502280853808045,370,68,1480,5689,7169
1589,dinov2,Raw,std_ctrl__tvn_efaar_e0.1_c304,0.2244781083054695,-0.04416413466051566,-0.009913881403540574,370,80,1480,5625,7105
1590,dinov2,Raw,std_ctrl__tvn_efaar_e0.1_c304,0.24904175675112905,-0.017970568274542475,-0.004475421892908164,370,100,1480,5689,7169
1591,dinov2,Raw,std_ctrl__tvn_efaar_e0.1_c304,0.26210320278569577,0.005344731468655859,0.0014008712359641962,370,86,1480,5785,7265
1592,dinov2,Raw,std_ctrl__tvn_efaar_e0.1_c304,0.23355840117510293,0.03760933796501296,0.008783976844362525,370,74,1480,5753,7233
1593,dinov2,Raw,std_ctrl__tvn_efaar_e0.1_c304,0.2349479840917336,0.008277132824777302,0.0019446956712409434,370,67,1480,5689,7169
1594,dinov2,Raw,std_ctrl__tvn_efaar_e0.1_c304,0.22323625949621015,0.006365818077123614,0.0014210814161704326,370,97,1480,5721,7201
1595,dinov2,Raw,std_ctrl__tvn_efaar_e0.1_c304,0.2454012094747744,0.050162866826137825,0.01231002818985626,370,64,1480,5689,7169
1596,dinov2,Raw,std_ctrl__tvn_efaar_e0.1_c304,0.23646804968257076,0.017382191177717717,0.0041103328470044964,370,89,1480,5817,7297
1597,dinov2,Raw,std_ctrl__tvn_efaar_e0.1_c304,0.27662048227431074,-0.0023302329969477216,-0.0006445901754271912,370,93,1480,5631,7111
1598,dinov2,Raw,std_ctrl__tvn_efaar_e0.1_c304,0.22281155097251162,0.0224096232539712,0.004993122913926985,370,84,1480,5753,7233
1599,dinov2,Raw,std_ctrl__tvn_efaar_e0.1_c304,0.24273763780896565,-0.004079193386136009,-0.0009901737667166106,370,63,1480,5657,7137
1600,dinov2,Raw,std_ctrl__tvn_efaar_e0.1_c304,0.22479925101555892,-0.026886319517930187,-0.006044024490195709,370,63,1480,5625,7105
1601,dinov2,Raw,std_ctrl__tvn_efaar_e0.1_c304,0.2468587970124731,-0.02527558561089023,-0.006239500657690137,370,68,1480,5753,7233
1602,dinov2,Raw,std_ctrl__tvn_efaar_e0.1_c304,0.22844999730205762,-0.010661830345935845,-0.0024356951137640397,370,84,1480,5881,7361
1603,dinov2,Raw,std_ctrl__tvn_efaar_e0.1_c304,0.2234243979463364,-0.012211476245654187,-0.002728341728221275,370,76,1480,5817,7297
1604,dinov2,Raw,std_ctrl__tvn_efaar_e0.1_c304,0.21067828905396946,-0.012810913601842427,-0.0026989813588543876,370,64,1480,5625,7105
1605,dinov2,Raw,std_ctrl__tvn_efaar_e0.1_c304,0.21047717870558263,0.007485643439003324,0.0015755571118373749,370,74,1480,5503,6983
1606,dinov2,Raw,std_ctrl__tvn_efaar_e0.1_c304,0.22994828149980634,-0.0249772031936693,-0.00574346495105573,370,84,1480,5881,7361
1607,dinov2,Raw,std_ctrl__tvn_efaar_e0.1_c304,0.22933233560860627,0.09303744477422637,0.021336494509130055,370,73,1480,5753,7233
1608,dinov2,Raw,std_ctrl__tvn_efaar_e0.1_c304,0.2512571361759371,-0.0003441913652461033,-8.648053672822188e-05,370,72,1480,5785,7265
1609,dinov2,Raw,std_ctrl__tvn_efaar_e0.1_c304,0.24284272507028598,-0.0018369686351071683,-0.00044609446921806855,370,108,1480,5593,7073
1610,dinov2,Raw,std_ctrl__tvn_efaar_e0.1_c304,0.22762120774939254,0.06387681209288167,0.014539717115762728,370,65,1480,5625,7105
1611,dinov2,Raw,std_ctrl__tvn_efaar_e0.1_c304,0.24443313410377895,0.056711547040571776,0.01386218118300085,370,48,1480,5657,7137
1612,dinov2,Raw,std_ctrl__tvn_efaar_e0.1_c304,0.2393313818784549,-0.05711933163162913,-0.01367044857137154,370,95,1480,5657,7137
1613,dinov2,Raw,std_ctrl__tvn_efaar_e0.1_c304,0.2001454172253224,0.0678468949893018,0.013579245105076444,370,49,1480,5529,7009
1614,dinov2,Raw,std_ctrl__tvn_efaar_e0.1_c304,0.23480965547961266,-0.005239643435613461,-0.0012303188699524107,370,88,1480,5753,7233
1615,dinov2,Raw,std_ctrl__tvn_efaar_e0.1_c304,0.29278259367431475,0.06271749822852292,0.01836259180011118,370,49,1480,5977,7457
1616,dinov2,Raw,std_ctrl__tvn_efaar_e0.1_c304,0.24902700457385005,-0.0036542868870177068,-0.0009100161173275187,370,72,1480,5657,7137
1617,dinov2,Raw,std_ctrl__tvn_efaar_e0.1_c304,0.2552431808405316,0.0770551290315245,0.019667796234083906,370,73,1480,5689,7169
1618,dinov2,Raw,std_ctrl__tvn_efaar_e0.1_c304,0.2320207024604337,-0.00775122036897811,-0.001798443594935923,370,46,1480,5753,7233
1619,dinov2,Raw,std_ctrl__tvn_efaar_e0.1_c304,0.2279519404401546,-0.009896048766923396,-0.002255823519110587,370,48,1480,5785,7265
1620,dinov2,Raw,std_ctrl__tvn_efaar_e0.1_c304,0.21035712033781437,-0.019525318751401392,-0.004107289826222726,370,52,1480,5561,7041
1621,dinov2,Raw,std_ctrl__tvn_efaar_e0.1_c304,0.23328230807904576,-0.014484707038252293,-0.003379025889732294,370,71,1480,5625,7105
1622,dinov2,Raw,std_ctrl__tvn_efaar_e0.1_c304,0.17611256471088432,0.04082815972965081,0.007190351922414449,370,65,1480,5305,6785
1623,dinov2,Raw,std_ctrl__tvn_efaar_e0.1_c304,0.2228847874452095,0.015185459420686671,0.003384607895237603,370,68,1480,5753,7233
1624,dinov2,Raw,std_ctrl__tvn_efaar_e0.1_c304,0.23058806581170946,0.034979346596724144,0.008065819875096022,370,72,1480,5689,7169
1625,dinov2,Raw,std_ctrl__tvn_efaar_e0.1_c304,0.23658228064347198,0.01762027265939424,0.004168644291319305,370,70,1480,5913,7393
1626,dinov2,Raw,std_ctrl__tvn_efaar_e0.1_c304,0.2622180588149829,0.007405390401882903,0.0019418270959488408,370,54,1480,5593,7073
1627,dinov2,Raw,std_ctrl__tvn_efaar_e0.1_c304,0.22982612835284874,-0.03528518260019644,-0.008109456905226452,370,61,1480,5529,7009
1628,dinov2,Raw,std_ctrl__tvn_efaar_e0.1_c304,0.22096187839828585,-0.03176830142760025,-0.007019583556965497,370,94,1480,5849,7329
1629,dinov2,Raw,std_ctrl__tvn_efaar_e0.1_c304,0.24435484825239717,0.010959770773139258,0.002678073124151501,370,70,1480,5817,7297
1630,dinov2,Raw,std_ctrl__tvn_efaar_e0.1_c304,0.2166676327302898,-0.004489829713977085,-0.0009728007754895292,370,69,1480,5657,7137
1631,dinov2,Raw,std_ctrl__tvn_efaar_e0.1_c304,0.24125684092650634,0.12590173920951986,0.03037465586884162,370,50,1480,5881,7361
1632,dinov2,Raw,std_ctrl__tvn_efaar_e0.1_c304,0.2669850745858374,0.014413105910159592,0.003848084156437533,370,73,1480,5721,7201
1633,dinov2,Raw,std_ctrl__tvn_efaar_e0.1_c304,0.24139776078926728,0.049131651056260606,0.011860270548860949,370,72,1480,5721,7201
1634,dinov2,Raw,std_ctrl__tvn_efaar_e0.1_c304,0.2503228011142956,-0.000293004134980018,-7.334561580626928e-05,370,53,1480,5663,7143
1635,dinov2,Raw,std_ctrl__tvn_efaar_e0.1_c304,0.24429649525727157,-0.01910952530318795,-0.004668390057598966,370,77,1480,5753,7233
1636,dinov2,Raw,std_ctrl__tvn_efaar_e0.1_c304,0.2311335655533009,-0.03553198397368703,-0.008212634147021027,370,56,1480,5753,7233
1637,dinov2,Raw,std_ctrl__tvn_efaar_e0.1_c304,0.24799824741239557,0.004790728772610621,0.0011880923394355708,370,61,1480,5881,7361
1638,dinov2,Raw,std_ctrl__tvn_efaar_e0.1_c304,0.2593357048268835,0.0066457139682205265,0.001723470916026335,370,58,1480,5881,7361
1639,dinov2,Raw,std_ctrl__tvn_efaar_e0.1_c304,0.20735663517638608,-0.009492386280052934,-0.001968309278826269,370,69,1480,5977,7457
1640,dinov2,Raw,std_ctrl__tvn_efaar_e0.1_c304,0.23027895631250855,0.09150238495709177,0.021071073708024475,370,72,1480,5625,7105
1641,dinov2,Raw,std_ctrl__tvn_efaar_e0.1_c304,0.24504529977622191,0.03505249313320997,0.008589448687731397,370,78,1480,5657,7137
1642,dinov2,Raw,std_ctrl__tvn_efaar_e0.1_c304,0.23448940244157424,0.00020854477637701564,4.890153999495812e-05,370,113,1480,5593,7073
1643,dinov2,Raw,std_ctrl__tvn_efaar_e0.1_c304,0.2242764323944615,0.019928054002856157,0.004469392856324746,370,104,1480,5689,7169
1644,dinov2,Raw,std_ctrl__tvn_efaar_e0.1_c304,0.23305523226846428,-0.019576644604218388,-0.0045624394552732945,370,61,1480,5561,7041
1645,dinov2,Raw,std_ctrl__tvn_efaar_e0.1_c304,0.22842188440025332,0.03046407032720556,0.006958660350642136,370,61,1480,5785,7265
1646,dinov2,Raw,std_ctrl__tvn_efaar_e0.1_c304,0.2711575609213898,-0.03861434185923506,-0.010470570755134904,370,71,1480,5753,7233
1647,dinov2,Raw,std_ctrl__tvn_efaar_e0.1_c304,0.24017730879383237,0.06463360688241956,0.015523525758658053,370,70,1480,5881,7361
1648,dinov2,Raw,std_ctrl__tvn_efaar_e0.1_c304,0.2528858446285774,-0.0026770600406617008,-0.0006769905895041479,370,87,1480,5817,7297
1649,dinov2,Raw,std_ctrl__tvn_efaar_e0.1_c304,0.24168080359276287,-0.03831072343856787,-0.009258966426853178,370,101,1480,5913,7393
1650,dinov2,Raw,std_ctrl__tvn_efaar_e0.1_c304,0.22841562311179942,-0.01540022369717591,-0.003517651691851535,370,48,1480,5625,7105
1651,dinov2,Raw,std_ctrl__tvn_efaar_e0.1_c304,0.22166968960076408,-0.022343171756370152,-0.004952803947931131,370,79,1480,5689,7169
1652,dinov2,Raw,std_ctrl__tvn_efaar_e0.1_c304,0.24653340650469685,-0.0022341999586551293,-0.0005508049266199019,370,77,1480,5535,7015
1653,dinov2,Raw,std_ctrl__tvn_efaar_e0.1_c304,0.23904691913111653,-0.02399883116905545,-0.005736846653710517,370,61,1480,5753,7233
1654,dinov2,Raw,std_ctrl__tvn_efaar_e0.1_c304,0.22044303651554825,-0.006390962943070251,-0.001408843277428751,370,87,1480,5753,7233
1655,dinov2,Raw,std_ctrl__tvn_efaar_e0.1_c304,0.22077963334483647,-0.011479551722185087,-0.0025344512201871095,370,86,1480,5785,7265
1656,dinov2,Raw,std_ctrl__tvn_efaar_e0.1_c304,0.2400453884414833,0.05506189039085775,0.013217352867195825,370,68,1480,5785,7265
1657,dinov2,Raw,std_ctrl__tvn_efaar_e0.1_c304,0.23329520887858454,0.046859413831463734,0.010932076737739365,370,64,1480,5753,7233
1658,dinov2,Raw,std_ctrl__tvn_efaar_e0.1_c304,0.23645994052934766,-0.009654660410180881,-0.0022829404264224184,370,61,1480,5657,7137
1659,dinov2,Raw,std_ctrl__tvn_efaar_e0.1_c304,0.2514508233544053,-0.010841525618647319,-0.002726110543226746,370,50,1480,5785,7265
1660,dinov2,Raw,std_ctrl__tvn_efaar_e0.1_c304,0.25069488810010804,-0.006529378209467808,-0.001636881739585816,370,72,1480,5625,7105
1661,dinov2,Raw,std_ctrl__tvn_efaar_e0.1_c304,0.2602685871056681,0.04114397496927944,0.010708484233165333,370,87,1480,5913,7393
1662,dinov2,Raw,std_ctrl__tvn_efaar_e0.1_c304,0.25504445775459994,0.017498237941818262,0.004462828607532006,370,70,1480,5657,7137
1663,dinov2,Raw,std_ctrl__tvn_efaar_e0.1_c304,0.20702464498367867,0.08226524474101796,0.017030933087004683,370,76,1480,5689,7169
1664,dinov2,Raw,std_ctrl__tvn_efaar_e0.1_c304,0.26982709569260344,-0.01657372454931675,-0.004472039959951341,370,77,1480,5625,7105
1665,dinov2,Raw,std_ctrl__tvn_efaar_e0.1_c304,0.21115177108271516,-0.05954107101384929,-0.012572202596735992,370,88,1480,5753,7233
1666,dinov2,Raw,std_ctrl__tvn_efaar_e0.1_c304,0.2420560446939982,-0.019193019216485977,-0.004645786317278496,370,100,1480,5561,7041
1667,dinov2,Raw,std_ctrl__tvn_efaar_e0.1_c304,0.23751431754147462,0.041416210911149776,0.009836943069715514,370,120,1480,5657,7137
1668,dinov2,Raw,std_ctrl__tvn_efaar_e0.1_c304,0.2539935109490154,0.004733493899532989,0.0012022767345981299,370,95,1480,5561,7041
1669,dinov2,Raw,std_ctrl__tvn_efaar_e0.1_c304,0.2230091819120787,0.03658586343732715,0.008158983474705358,370,88,1480,5593,7073
1670,dinov2,Raw,std_ctrl__tvn_efaar_e0.1_c304,0.2482111233816695,0.013267445287228318,0.0032931274991477777,370,79,1480,5753,7233
1671,dinov2,Raw,std_ctrl__tvn_efaar_e0.1_c304,0.25071141859716606,0.03985709226842445,0.009992628143774834,370,54,1480,5785,7265
1672,dinov2,Raw,std_ctrl__tvn_efaar_e0.1_c304,0.24804558130208496,0.03423521642907679,0.00849189416015304,370,58,1480,5529,7009
1673,dinov2,Raw,std_ctrl__tvn_efaar_e0.1_c304,0.23102246404453916,-0.019048088057090344,-0.00440053623828637,370,107,1480,5657,7137
1674,dinov2,Raw,std_ctrl__tvn_efaar_e0.1_c304,0.24286176806543436,0.1351773201209921,0.032829402966931355,370,55,1480,5785,7265
1675,dinov2,Raw,std_ctrl__tvn_efaar_e0.1_c304,0.24863129810299728,-0.0160173935522236,-0.003982425351115933,370,57,1480,5497,6977
1676,dinov2,Raw,std_ctrl__tvn_efaar_e0.1_c304,0.24275010700643881,-0.01747128416203296,-0.004241156099873401,370,41,1480,5817,7297
1677,dinov2,Raw,std_ctrl__tvn_efaar_e0.1_c304,0.21876287197335256,0.004264958500121727,0.0009330145703337912,370,70,1480,5593,7073
1678,dinov2,Raw,std_ctrl__tvn_efaar_e0.1_c304,0.2617126303342352,0.14554903555508983,0.03809202093773368,370,55,1480,5625,7105
1679,dinov2,Raw,std_ctrl__tvn_efaar_e0.1_c304,0.26453031368689295,0.02117822039473104,0.005602281284348356,370,77,1480,5721,7201
1680,dinov2,Raw,std_ctrl__tvn_efaar_e0.1_c304,0.22360322524174853,0.015404405225300056,0.0034444746913079366,370,89,1480,5913,7393
1681,dinov2,Raw,std_ctrl__tvn_efaar_e0.1_c304,0.26417737999113056,0.006340173751813357,0.0016749304904425891,370,60,1480,5593,7073
1682,dinov2,Raw,std_ctrl__tvn_efaar_e0.1_c304,0.2510975544735683,-0.009187910757529238,-0.002307061921936982,370,73,1480,5849,7329
1683,dinov2,Raw,std_ctrl__tvn_efaar_e0.1_c304,0.2670421416099763,0.0966552522609893,0.025811025561627086,370,84,1480,5689,7169
1684,dinov2,Raw,std_ctrl__tvn_efaar_e0.1_c304,0.24142869491362332,0.017692694992741495,0.004271524261602377,370,84,1480,5721,7201
1685,dinov2,Raw,std_ctrl__tvn_efaar_e0.1_c304,0.2581072757120371,-0.011486235481250709,-0.00296468094825256,370,69,1480,5657,7137
1686,dinov2,Raw,std_ctrl__tvn_efaar_e0.1_c304,0.20834742289046837,-0.022804494073275356,-0.00475125757048788,370,95,1480,5689,7169
1687,dinov2,Raw,std_ctrl__tvn_efaar_e0.1_c304,0.25591980054801816,-0.0045326238805541465,-0.0011599881994706013,370,52,1480,5721,7201
1688,dinov2,Raw,std_ctrl__tvn_efaar_e0.1_c304,0.2078111834518954,0.027846914345803473,0.005786900225684983,370,72,1480,5529,7009
1689,dinov2,Raw,std_ctrl__tvn_efaar_e0.1_c304,0.2432533651971097,-0.004166585907719426,-0.0010135360434356043,370,52,1480,5529,7009
1690,dinov2,Raw,std_ctrl__tvn_efaar_e0.1_c304,0.26993826486872885,0.01588194316681527,0.004287144181193878,370,61,1480,5849,7329
1691,dinov2,Raw,std_ctrl__tvn_efaar_e0.1_c304,0.21604210087762152,-0.013139847455300429,-0.002838760249454574,370,86,1480,5529,7009
1692,dinov2,Raw,std_ctrl__tvn_efaar_e0.1_c304,0.23550396700811432,0.024595985089066158,0.005792452060947508,370,80,1480,5497,6977
1693,dinov2,Raw,std_ctrl__tvn_efaar_e0.1_c304,0.2445942274678794,0.06633200012515628,0.01622442432701188,370,79,1480,5817,7297
1694,dinov2,Raw,std_ctrl__tvn_efaar_e0.1_c304,0.23366665907139825,0.06557994699930267,0.015323847117406423,370,50,1480,5753,7233
1695,dinov2,Raw,std_ctrl__tvn_efaar_e0.1_c304,0.20550287469844578,-0.01836512347923787,-0.003774085669175304,370,86,1480,5721,7201
1696,dinov2,Raw,std_ctrl__tvn_efaar_e0.1_c304,0.2278168768163015,0.05229300642868162,0.011913229403917024,370,76,1480,5689,7169
1697,dinov2,Raw,std_ctrl__tvn_efaar_e0.1_c304,0.23530085968326467,0.014081569053622164,0.003313405304006551,370,74,1480,5913,7393
1698,dinov2,Raw,std_ctrl__tvn_efaar_e0.1_c304,0.2554446224056889,-0.014972358865973357,-0.0038246085570410324,370,65,1480,5625,7105
1699,dinov2,Raw,std_ctrl__tvn_efaar_e0.1_c304,0.1904924039158403,-0.008306104856654384,-0.0015822498813211298,370,57,1480,5561,7041
1700,dinov2,Raw,std_ctrl__tvn_efaar_e0.1_c304,0.2342329572067449,0.031055879256995295,0.007274310437021615,370,85,1480,5753,7233
1701,dinov2,Raw,std_ctrl__tvn_efaar_e0.1_c304,0.2483722482359636,0.02190794895574925,0.005441326536378173,370,95,1480,5689,7169
1702,dinov2,Raw,std_ctrl__tvn_efaar_e0.1_c304,0.2509387918656311,0.008131445901911755,0.002040495210746473,370,59,1480,5689,7169
1703,dinov2,Raw,std_ctrl__tvn_efaar_e0.1_c304,0.22639926425595489,0.07033636604979027,0.01592410152411004,370,81,1480,5529,7009
1704,dinov2,Raw,std_ctrl__tvn_efaar_e0.1_c304,0.26063452410657034,0.07074731150370357,0.01843919186558707,370,85,1480,5689,7169
1705,dinov2,Raw,std_ctrl__tvn_efaar_e0.1_c304,0.2326307281497668,0.053005045458658764,0.012330602320659278,370,91,1480,5817,7297
1706,dinov2,Raw,std_ctrl__tvn_efaar_e0.1_c304,0.2216672812188879,-0.024842948550139073,-0.005506868862570041,370,40,1480,5625,7105
1707,dinov2,Raw,std_ctrl__tvn_efaar_e0.1_c304,0.22221899108951107,0.006164893000013256,0.0013699563026377348,370,95,1480,5817,7297
1708,dinov2,Raw,std_ctrl__tvn_efaar_e0.1_c304,0.24981585468659476,0.06489627626966815,0.016212118722284525,370,99,1480,5497,6977
1709,dinov2,Raw,std_ctrl__tvn_efaar_e0.1_c304,0.23263143761930055,0.005452269489034075,0.0012683692895218463,370,89,1480,5817,7297
1710,dinov2,Raw,std_ctrl__tvn_efaar_e0.1_c304,0.23271227970842343,-0.011196522805943505,-0.0026055683469784667,370,75,1480,5657,7137
1711,dinov2,Raw,std_ctrl__tvn_efaar_e0.1_c304,0.22750121495599757,0.09080319538564398,0.020657837272120838,370,79,1480,5689,7169
1712,dinov2,Raw,std_ctrl__tvn_efaar_e0.1_c304,0.24978933226354205,-0.002717240664796397,-0.0006787377312588351,370,91,1480,5625,7105
1713,dinov2,Raw,std_ctrl__tvn_efaar_e0.1_c304,0.2914625652303501,0.012305055000390487,0.0035864628957143576,370,71,1480,5753,7233
1714,dinov2,Raw,std_ctrl__tvn_efaar_e0.1_c304,0.2410082293057739,0.02100130097370005,0.005061486360789074,370,87,1480,5817,7297
1715,dinov2,Raw,std_ctrl__tvn_efaar_e0.1_c304,0.2495047277723055,0.008529937834911058,0.0021282598174141728,370,71,1480,5529,7009
1716,dinov2,Raw,std_ctrl__tvn_efaar_e0.1_c304,0.2934919922300146,0.009380092351326356,0.0027529819914922943,370,80,1480,5721,7201
1717,dinov2,Raw,std_ctrl__tvn_efaar_e0.1_c304,0.2579566168428537,0.013931316495754967,0.0035936752714119916,370,63,1480,5721,7201
1718,dinov2,Raw,std_ctrl__tvn_efaar_e0.1_c304,0.233387187403401,-0.006200695665458321,-0.0014471629213057774,370,80,1480,5657,7137
1719,dinov2,Raw,std_ctrl__tvn_efaar_e0.1_c304,0.25146325096178973,0.030024579299401215,0.007550078319387484,370,72,1480,5689,7169
1720,dinov2,Raw,std_ctrl__tvn_efaar_e0.1_c304,0.2508333402028105,0.0941778105018536,0.023622934781167265,370,61,1480,5497,6977
1721,dinov2,Raw,std_ctrl__tvn_efaar_e0.1_c304,0.22000294552884167,-0.024475785015992534,-0.005384744797649044,370,61,1480,5721,7201
1722,dinov2,Raw,std_ctrl__tvn_efaar_e0.1_c304,0.2181272766833667,0.030112121588943247,0.006568275077354604,370,68,1480,5497,6977
1723,dinov2,Raw,std_ctrl__tvn_efaar_e0.1_c304,0.2377305765600193,0.17234934860368262,0.04097271001329723,370,70,1480,5817,7297
1724,dinov2,Raw,std_ctrl__tvn_efaar_e0.1_c304,0.23876962429532333,0.0267541338352313,0.006388074484184976,370,65,1480,5401,6881
1725,dinov2,Raw,std_ctrl__tvn_efaar_e0.1_c304,0.22766328267094582,-0.03880499880764464,-0.008834473412590516,370,78,1480,5721,7201
1726,dinov2,Raw,std_ctrl__tvn_efaar_e0.1_c304,0.22555139077158168,0.01759046179767239,0.003967553122779385,370,61,1480,5593,7073
1727,dinov2,Raw,std_ctrl__tvn_efaar_e0.1_c304,0.2731364507087722,0.064341901125215,0.01757411850519598,370,97,1480,5529,7009
1728,dinov2,Raw,std_ctrl__tvn_efaar_e0.1_c304,0.22659904543404805,-0.007573562133974841,-0.0017161619500941508,370,68,1480,5785,7265
1729,dinov2,Raw,std_ctrl__tvn_efaar_e0.1_c304,0.27455057891746876,0.00219661068647554,0.000603080735628158,370,51,1480,5593,7073
1730,dinov2,Raw,std_ctrl__tvn_efaar_e0.1_c304,0.24086193524960334,-0.03492741644426665,-0.008412685118034884,370,54,1480,5593,7073
1731,dinov2,Raw,std_ctrl__tvn_efaar_e0.1_c304,0.2301234680091817,0.012120665360140614,0.0027892495472543154,370,70,1480,5593,7073
1732,dinov2,Raw,std_ctrl__tvn_efaar_e0.1_c304,0.24165044736869176,0.027551865882547266,0.006657920716359743,370,52,1480,5433,6913
1733,dinov2,Raw,std_ctrl__tvn_efaar_e0.1_c304,0.21472048684579342,-0.01582830317099017,-0.003398660962817825,370,80,1480,5753,7233
1734,dinov2,Raw,std_ctrl__tvn_efaar_e0.1_c304,0.24358402931415846,-0.00045836039408388737,-0.00011164927166897885,370,57,1480,5721,7201
1735,dinov2,Raw,std_ctrl__tvn_efaar_e0.1_c304,0.24303090629128413,-0.0029195326539443334,-0.0007095366668350893,370,65,1480,5753,7233
1736,dinov2,Raw,std_ctrl__tvn_efaar_e0.1_c304,0.2551203786452255,0.010845124156767019,0.002766812181328884,370,65,1480,5625,7105
1737,dinov2,Raw,std_ctrl__tvn_efaar_e0.1_c304,0.25887363675341274,-0.0033569467761624928,-0.0008690250203328291,370,85,1480,5721,7201
1738,dinov2,Raw,std_ctrl__tvn_efaar_e0.1_c304,0.2470786844940218,0.051767060554490436,0.012790537221925862,370,86,1480,5593,7073
1739,dinov2,Raw,std_ctrl__tvn_efaar_e0.1_c304,0.2515489563688227,0.0011000249944543561,0.00027671013933461324,370,92,1480,5657,7137
1740,dinov2,Raw,std_ctrl__tvn_efaar_e0.1_c304,0.2010103142910904,0.059776610370819064,0.012015715237894393,370,77,1480,5529,7009
1741,dinov2,Raw,std_ctrl__tvn_efaar_e0.1_c304,0.23218977047952385,0.04868763514676055,0.01130477082991713,370,81,1480,5657,7137
1742,dinov2,Raw,std_ctrl__tvn_efaar_e0.1_c304,0.2513249963668002,0.05759185755892187,0.014474273391753315,370,77,1480,5529,7009
1743,dinov2,Raw,std_ctrl__tvn_efaar_e0.1_c304,0.254953714620035,0.06746123046950084,0.01719949130103753,370,44,1480,5625,7105
1744,dinov2,Raw,std_ctrl__tvn_efaar_e0.1_c304,0.2220900220730997,0.06048243274840134,0.01343254482412722,370,92,1480,5657,7137
1745,dinov2,Raw,std_ctrl__tvn_efaar_e0.1_c304,0.23029538295186716,0.10072388188443142,0.02319624495097377,370,70,1480,5785,7265
1746,dinov2,Raw,std_ctrl__tvn_efaar_e0.1_c304,0.22452455780185707,-0.023365397256046083,-0.005246105486778471,370,82,1480,5721,7201
1747,dinov2,Raw,std_ctrl__tvn_efaar_e0.1_c304,0.23332495777281026,0.04905460951474554,0.011445664693589699,370,57,1480,5785,7265
1748,dinov2,Raw,std_ctrl__tvn_efaar_e0.1_c304,0.2523113757968613,0.04705069389193634,0.011871425308071438,370,73,1480,5817,7297
1749,dinov2,Raw,std_ctrl__tvn_efaar_e0.1_c304,0.2336303947659051,0.007030941809782429,0.0016426417105955763,370,68,1480,5881,7361
1750,dinov2,Raw,std_ctrl__tvn_efaar_e0.1_c304,0.22864211587676495,0.009927473816893594,0.002269838618805735,370,59,1480,5497,6977
1751,dinov2,Raw,std_ctrl__tvn_efaar_e0.1_c304,0.23568004798200923,-0.033160420467576994,-0.007815249486902147,370,60,1480,5625,7105
1752,dinov2,Raw,std_ctrl__tvn_efaar_e0.1_c304,0.21363203939049488,0.024893422886470156,0.005318032698646639,370,62,1480,5625,7105
1753,dinov2,Raw,std_ctrl__tvn_efaar_e0.1_c304,0.23409980078984463,-0.026614443852125892,-0.006230436003915176,370,86,1480,5529,7009
1754,dinov2,Raw,std_ctrl__tvn_efaar_e0.1_c304,0.2483011559041613,0.02264033042495849,0.005621620214569344,370,66,1480,5465,6945
1755,dinov2,Raw,std_ctrl__tvn_efaar_e0.1_c304,0.27062382785277966,-0.038156097266833146,-0.01032594909827337,370,56,1480,5689,7169
1756,dinov2,Raw,std_ctrl__tvn_efaar_e0.1_c304,0.2673464590508197,-0.00725017728184756,-0.0019383092237926422,370,66,1480,5753,7233
1757,dinov2,Raw,std_ctrl__tvn_efaar_e0.1_c304,0.27589153302202446,-0.0036025010327965313,-0.0009938995326516614,370,64,1480,5657,7137
1758,dinov2,Raw,std_ctrl__tvn_efaar_e0.1_c304,0.23812458518005453,-0.028077397062229607,-0.006685918528379107,370,66,1480,5721,7201
1759,dinov2,Raw,std_ctrl__tvn_efaar_e0.1_c304,0.23350760961720196,-0.05081250364243878,-0.011865106264211247,370,99,1480,5625,7105
1760,dinov2,Raw,std_ctrl__tvn_efaar_e0.1_c304,0.26198852404433676,0.012367963716097982,0.0032402645594144207,370,100,1480,5977,7457
1761,dinov2,Raw,std_ctrl__tvn_efaar_e0.1_c304,0.2166330909391379,0.06704062629275384,0.014523218092294902,370,58,1480,5689,7169
1762,dinov2,Raw,std_ctrl__tvn_efaar_e0.1_c304,0.23477712830102423,0.006774294194008557,0.0015904493371356305,370,58,1480,5657,7137
1763,dinov2,Raw,std_ctrl__tvn_efaar_e0.1_c304,0.23027469206651788,-0.001204000990246973,-0.0002772509572769043,370,61,1480,5465,6945
1764,dinov2,Raw,std_ctrl__tvn_efaar_e0.1_c304,0.2171417224979852,-0.029040856513591014,-0.006305981606177986,370,67,1480,5433,6913
1765,dinov2,Raw,std_ctrl__tvn_efaar_e0.1_c304,0.23239357671593844,-0.015883904367814356,-0.0036913173482502953,370,58,1480,5817,7297
1766,dinov2,Raw,std_ctrl__tvn_efaar_e0.1_c304,0.22332655267874219,0.017908710645865415,0.003999490611462214,370,67,1480,5913,7393
1767,dinov2,Raw,std_ctrl__tvn_efaar_e0.1_c304,0.24680954424865234,0.1150929768871196,0.028406045171730666,370,75,1480,5945,7425
1768,dinov2,Raw,std_ctrl__tvn_efaar_e0.1_c304,0.22010824261306688,0.010945350864577168,0.0024091619435854927,370,82,1480,5753,7233
1769,dinov2,Raw,std_ctrl__tvn_efaar_e0.1_c304,0.2430302685912229,-0.054088602080261866,-0.013145167491289819,370,55,1480,5817,7297
1770,dinov2,Raw,std_ctrl__tvn_efaar_e0.1_c304,0.2366830010713269,0.050586842602462656,0.011973045721873713,370,64,1480,5849,7329
1771,dinov2,Raw,std_ctrl__tvn_efaar_e0.1_c304,0.24963814688691977,0.052510489723899156,0.013108621346798828,370,66,1480,5913,7393
1772,dinov2,Raw,std_ctrl__tvn_efaar_e0.1_c304,0.20662051799807787,-0.05345794320920422,-0.011045507916997604,370,51,1480,5753,7233
1773,dinov2,Raw,std_ctrl__tvn_efaar_e0.1_c304,0.22614016580840257,-0.026536804432550236,-0.006001037354402062,370,63,1480,5881,7361
1774,dinov2,Raw,std_ctrl__tvn_efaar_e0.1_c304,0.22662284926094647,0.013842772575000871,0.003137088562617986,370,57,1480,5849,7329
1775,dinov2,Raw,std_ctrl__tvn_efaar_e0.1_c304,0.2536198811310052,0.002404758960366936,0.0006098946816769819,370,52,1480,5913,7393
1776,dinov2,Raw,std_ctrl__tvn_efaar_e0.1_c304,0.21992422580677268,0.030769350844440515,0.006766925663040547,370,77,1480,5561,7041
1777,dinov2,Raw,std_ctrl__tvn_efaar_e0.1_c304,0.22655002750536415,0.04440583039510204,0.010060142097408903,370,81,1480,5593,7073
1778,dinov2,Raw,std_ctrl__tvn_efaar_e0.1_c304,0.22914255091242985,0.032041968308103824,0.007342178354374144,370,86,1480,5913,7393
1779,dinov2,Raw,std_ctrl__tvn_efaar_e0.1_c304,0.21709297750884998,-0.02239168761329013,-0.004861078135417189,370,50,1480,5881,7361
1780,dinov2,Raw,std_ctrl__tvn_efaar_e0.1_c304,0.20248468628854044,-0.0026388007851815415,-0.0005343167491654386,370,56,1480,5689,7169
1781,dinov2,Raw,std_ctrl__tvn_efaar_e0.1_c304,0.2414942211714785,0.020973127794076774,0.00506488916216046,370,65,1480,5689,7169
1782,dinov2,Raw,std_ctrl__tvn_efaar_e0.1_c304,0.25068777767486766,-0.04044825667202943,-0.010139883575933695,370,84,1480,5721,7201
1783,dinov2,Raw,std_ctrl__tvn_efaar_e0.1_c304,0.24197115399465483,0.045010876467422765,0.010891333721133139,370,61,1480,5657,7137
1784,dinov2,Raw,std_ctrl__tvn_efaar_e0.1_c304,0.25030910339404067,0.019540810316101158,0.004891242709816301,370,42,1480,5762,7242
1785,dinov2,Raw,std_ctrl__tvn_efaar_e0.1_c304,0.2308090727328098,0.17298823292488807,0.039927253635080734,370,66,1480,5433,6913
1786,dinov2,Raw,std_ctrl__tvn_efaar_e0.1_c304,0.2527639051810282,-0.005450281777042886,-0.001377634506302354,370,98,1480,5817,7297
1787,dinov2,Raw,std_ctrl__tvn_efaar_e0.1_c304,0.2511726228014009,-0.0017207928927878583,-0.0004322160641795362,370,86,1480,5657,7137
1788,dinov2,Raw,std_ctrl__tvn_efaar_e0.1_c304,0.23314627493032605,0.014674005815891794,0.0034211897942811116,370,93,1480,5625,7105
1789,dinov2,Raw,std_ctrl__tvn_efaar_e0.1_c304,0.2441560366256595,0.0019854197235861883,0.0004847522107492161,370,84,1480,5689,7169
1790,dinov2,Raw,std_ctrl__tvn_efaar_e0.1_c304,0.22867642166676344,-0.029020309482370703,-0.006636260528090576,370,94,1480,5471,6951
1791,dinov2,Raw,std_ctrl__tvn_efaar_e0.1_c304,0.21970863568319876,-0.056086807537640726,-0.012322755963921192,370,103,1480,5689,7169
1792,dinov2,Raw,std_ctrl__tvn_efaar_e0.1_c304,0.2610319738627241,0.0036023926451048166,0.00094033966278027,370,67,1480,5721,7201
1793,dinov2,Raw,std_ctrl__tvn_efaar_e0.1_c304,0.24652272645483714,0.054883682373767374,0.01353007501666242,370,58,1480,5593,7073
1794,dinov2,Raw,std_ctrl__tvn_efaar_e0.1_c304,0.24343807584752622,-0.017451160882546085,-0.004248277026552637,370,62,1480,5945,7425
1795,dinov2,Raw,std_ctrl__tvn_efaar_e0.1_c304,0.2242200205726086,-0.013451867487291639,-0.0030161780047405357,370,70,1480,5593,7073
1796,dinov2,Raw,std_ctrl__tvn_efaar_e0.1_c304,0.23014102869515746,0.021478101076501385,0.0049429922761645975,370,104,1480,5753,7233
1797,dinov2,Raw,std_ctrl__tvn_efaar_e0.1_c304,0.26216307411488404,0.026242367632554515,0.006879779770603423,370,71,1480,5785,7265
1798,dinov2,Raw,std_ctrl__tvn_efaar_e0.1_c304,0.2679854574122043,-0.02376718506971284,-0.006369259962307508,370,55,1480,5497,6977
1799,dinov2,Raw,std_ctrl__tvn_efaar_e0.1_c304,0.2215342153834738,0.044515591216197595,0.009861726572411791,370,93,1480,5753,7233
1800,dinov2,Raw,std_ctrl__tvn_efaar_e0.1_c304,0.23213728367369466,0.025639499085985343,0.005951883672574814,370,88,1480,5721,7201
1801,dinov2,Raw,std_ctrl__tvn_efaar_e0.1_c304,0.23170062854184476,-0.03716699096437219,-0.0086116151674541,370,73,1480,5753,7233
1802,dinov2,Raw,std_ctrl__tvn_efaar_e0.1_c304,0.22780374065404402,0.0009489970741206321,0.00021618508335442306,370,85,1480,5849,7329
1803,dinov2,Raw,std_ctrl__tvn_efaar_e0.1_c304,0.25003497146326803,0.04692213893879471,0.011732175670557033,370,70,1480,5753,7233
1804,dinov2,Raw,std_ctrl__tvn_efaar_e0.1_c304,0.23900089490813142,-0.036757175173833395,-0.008784997760841132,370,49,1480,5657,7137
1805,dinov2,Raw,std_ctrl__tvn_efaar_e0.1_c304,0.22236231928162326,-0.0004654205472519751,-0.0001034919923282715,370,50,1480,5657,7137
1806,dinov2,Raw,std_ctrl__tvn_efaar_e0.1_c304,0.2355657788121116,0.09296802338488412,0.021900084833282832,370,50,1480,5625,7105
1807,dinov2,Raw,std_ctrl__tvn_efaar_e0.1_c304,0.2444189628183277,-0.006009784706446645,-0.001468905344711137,370,92,1480,5785,7265
1808,dinov2,Raw,std_ctrl__tvn_efaar_e0.1_c304,0.2489781565295487,-0.007267212320774595,-0.0018093771267352818,370,97,1480,5433,6913
1809,dinov2,Raw,std_ctrl__tvn_efaar_e0.1_c304,0.2480264748529847,0.04811343896154646,0.011933406658686618,370,64,1480,5689,7169
1810,dinov2,Raw,std_ctrl__tvn_efaar_e0.1_c304,0.258248138541138,0.0026931609644281307,0.0006955038058552206,370,55,1480,5945,7425
1811,dinov2,Raw,std_ctrl__tvn_efaar_e0.1_c304,0.24210667865836094,0.001733583853343708,0.0004197122289088083,370,98,1480,5657,7137
1812,dinov2,Raw,std_ctrl__tvn_efaar_e0.1_c304,0.25303512497610064,0.006848069149729597,0.0017328020331468079,370,80,1480,5657,7137
1813,dinov2,Raw,std_ctrl__tvn_efaar_e0.1_c304,0.28488266347218305,0.037534361359857986,0.010692888835923734,370,39,1480,5593,7073
1814,dinov2,Raw,std_ctrl__tvn_efaar_e0.1_c304,0.25681981666483367,-0.0035327164967008835,-0.0009072716030115544,370,85,1480,5721,7201
1815,dinov2,Raw,std_ctrl__tvn_efaar_e0.1_c304,0.2385822525768241,-0.013950347857462325,-0.0033283054160636334,370,73,1480,5625,7105
1816,dinov2,Raw,std_ctrl__tvn_efaar_e0.1_c304,0.23321665222372495,0.009385026760295234,0.002188744522066126,370,91,1480,5849,7329
1817,dinov2,Raw,std_ctrl__tvn_efaar_e0.1_c304,0.2375714048251097,0.04307953976842324,0.01023446678200349,370,58,1480,5497,6977
1818,dinov2,Raw,std_ctrl__tvn_efaar_e0.1_c304,0.23845436070996914,0.0352343488578119,0.008401784131921568,370,89,1480,5657,7137
1819,dinov2,Raw,std_ctrl__tvn_efaar_e0.1_c304,0.2269195911720343,-0.023649768299690375,-0.005366595753879076,370,81,1480,5785,7265
1820,dinov2,Raw,std_ctrl__tvn_efaar_e0.1_c304,0.22107294772758,-0.038696543936537965,-0.00855475903492026,370,76,1480,5753,7233
1821,dinov2,Raw,std_ctrl__tvn_efaar_e0.1_c304,0.23031468203557234,0.001046539345819251,0.00024103337667007667,370,90,1480,5753,7233
1822,dinov2,Raw,std_ctrl__tvn_efaar_e0.1_c304,0.24387511295825393,0.020542991092172745,0.005009924273104032,370,58,1480,5817,7297
1823,dinov2,Raw,std_ctrl__tvn_efaar_e0.1_c304,0.24631897525942567,-0.03502015971793106,-0.008626129855142195,370,64,1480,5817,7297
1824,dinov2,Raw,std_ctrl__tvn_efaar_e0.1_c304,0.24967054587437001,0.03855728495411478,0.00962661838192747,370,77,1480,5497,6977
1825,dinov2,Raw,std_ctrl__tvn_efaar_e0.1_c304,0.22169996235971245,0.0333505748261279,0.0073938211836273296,370,83,1480,5753,7233
1826,dinov2,Raw,std_ctrl__tvn_efaar_e0.1_c304,0.2474203071912106,0.07542927285837753,0.018662733861829414,370,78,1480,5529,7009
1827,dinov2,Raw,std_ctrl__tvn_efaar_e0.1_c304,0.232187028776035,0.02559929173260324,0.005943823486164064,370,69,1480,5849,7329
1828,dinov2,Raw,std_ctrl__tvn_efaar_e0.1_c304,0.2470017971900549,-0.028291287430278887,-0.006987998840099295,370,55,1480,5625,7105
1829,dinov2,Raw,std_ctrl__tvn_efaar_e0.1_c304,0.23410206110399337,0.009253749431835422,0.00216632181493258,370,78,1480,5689,7169
1830,dinov2,Raw,std_ctrl__tvn_efaar_e0.1_c304,0.2776646738871024,0.04264480093086034,0.011840954743447736,370,57,1480,5753,7233
1831,dinov2,Raw,std_ctrl__tvn_efaar_e0.1_c304,0.25031806144298524,0.09224965021262614,0.023091753610018046,370,68,1480,5881,7361
1832,dinov2,Raw,std_ctrl__tvn_efaar_e0.1_c304,0.25673062266389823,0.02643571242115465,0.006786856910446782,370,66,1480,5753,7233
1833,dinov2,Raw,std_ctrl__tvn_efaar_e0.1_c304,0.22428087075348344,-0.02155619384372857,-0.004834641925402323,370,64,1480,5689,7169
1834,dinov2,Raw,std_ctrl__tvn_efaar_e0.1_c304,0.2607126574997087,-0.03315492606257582,-0.008643908882980495,370,66,1480,5721,7201
1835,dinov2,Raw,std_ctrl__tvn_efaar_e0.1_c304,0.2508658796425696,0.03858884924321663,0.009680625609794047,370,53,1480,5657,7137
1836,dinov2,Raw,std_ctrl__tvn_efaar_e0.1_c304,0.21413231199696006,0.021947767462717198,0.004699726189963288,370,76,1480,5721,7201
1837,dinov2,Raw,std_ctrl__tvn_efaar_e0.1_c304,0.1908943976151,0.028715988887035002,0.005481721400512452,370,83,1480,5881,7361
1838,dinov2,Raw,std_ctrl__tvn_efaar_e0.1_c304,0.2493419981265957,0.07314349173953565,0.018237744380291965,370,44,1480,5593,7073
1839,dinov2,Raw,std_ctrl__tvn_efaar_e0.1_c304,0.2541674072163332,0.07842486658385378,0.019933045000904964,370,52,1480,5945,7425
1840,dinov2,Raw,std_ctrl__tvn_efaar_e0.1_c304,0.24528784315381766,-0.006797962052778528,-0.001667457449767544,370,83,1480,5657,7137
1841,dinov2,Raw,std_ctrl__tvn_efaar_e0.1_c304,0.2531863963539717,0.02337703487660971,0.005918747217849927,370,69,1480,5593,7073
1842,dinov2,Raw,std_ctrl__tvn_efaar_e0.1_c304,0.2352413632461354,-0.003936848588812953,-0.0009261096289259834,370,71,1480,5497,6977
1843,dinov2,Raw,std_ctrl__tvn_efaar_e0.1_c304,0.24374020387910525,-0.007139606882342682,-0.0017402092371188683,370,60,1480,5625,7105
1844,dinov2,Raw,std_ctrl__tvn_efaar_e0.1_c304,0.2208735652630622,-0.005977787187734571,-0.0013203351685387888,370,77,1480,5817,7297
1845,dinov2,Raw,std_ctrl__tvn_efaar_e0.1_c304,0.2704326882727939,0.06588317894716625,0.017816965194639708,370,51,1480,5625,7105
1846,dinov2,Raw,std_ctrl__tvn_efaar_e0.1_c304,0.24970594446720135,0.022137479876423383,0.005527860320665965,370,45,1480,5433,6913
1847,dinov2,Raw,std_ctrl__tvn_efaar_e0.1_c304,0.2402897896587367,0.012851283584785317,0.0030880322294328396,370,67,1480,5817,7297
1848,dinov2,Raw,std_ctrl__tvn_efaar_e0.1_c304,0.25790110749834844,0.08473254795080831,0.02185261795767038,370,71,1480,5529,7009
1849,dinov2,Raw,std_ctrl__tvn_efaar_e0.1_c304,0.21357723868077347,0.002150827789676179,0.00045936786019690976,370,68,1480,5689,7169
1850,dinov2,Raw,std_ctrl__tvn_efaar_e0.1_c304,0.22319449123789037,0.04583793167184376,0.01023077383889435,370,67,1480,5433,6913
1851,dinov2,Raw,std_ctrl__tvn_efaar_e0.1_c304,0.2176357396910272,-0.006601245253361552,-0.0014366668935972236,370,63,1480,5657,7137
1852,dinov2,Raw,std_ctrl__tvn_efaar_e0.1_c304,0.24991310677304232,-0.007689019965824544,-0.0019215868676991635,370,71,1480,6041,7521
1853,dinov2,Raw,std_ctrl__tvn_efaar_e0.1_c304,0.2639973852706788,0.060563244108915296,0.01598853808826348,370,83,1480,5849,7329
1854,dinov2,Raw,std_ctrl__tvn_efaar_e0.1_c304,0.23796998385470822,0.012756641676369616,0.0030356978137659756,370,86,1480,5849,7329
1855,dinov2,Raw,std_ctrl__tvn_efaar_e0.1_c304,0.2264027164519,-0.009811112431918873,-0.0022212625060014394,370,56,1480,5817,7297
1856,dinov2,Raw,std_ctrl__tvn_efaar_e0.1_c304,0.2658384146232778,0.0456540607724547,0.012136603136864134,370,59,1480,5913,7393
1857,dinov2,Raw,std_ctrl__tvn_efaar_e0.1_c304,0.24131268271617556,0.02583596818762004,0.00623454679392436,370,64,1480,5817,7297
1858,dinov2,Raw,std_ctrl__tvn_efaar_e0.1_c304,0.22031816825934888,0.010593940966218138,0.002334037668324857,370,66,1480,5625,7105
1859,dinov2,Raw,std_ctrl__tvn_efaar_e0.1_c304,0.226279949753631,0.02964404568090515,0.006707853167169559,370,88,1480,5561,7041
1860,dinov2,Raw,std_ctrl__tvn_efaar_e0.1_c304,0.2450135739292979,-0.03536126170768358,-0.008663989109648782,370,66,1480,5625,7105
1861,dinov2,Raw,std_ctrl__tvn_efaar_e0.1_c304,0.23880424323283525,-0.03942816395069381,-0.009415612854305592,370,90,1480,5945,7425
1862,dinov2,Raw,std_ctrl__tvn_efaar_e0.1_c304,0.2347849270974699,-0.02010717470564179,-0.004720861547400199,370,73,1480,5817,7297
1863,dinov2,Raw,std_ctrl__tvn_efaar_e0.1_c304,0.20477169719986119,0.08908388577428608,0.01824185848315913,370,75,1480,5561,7041
1864,dinov2,Raw,std_ctrl__tvn_efaar_e0.1_c304,0.25978895564614846,0.06271406659514311,0.016292421865075235,370,98,1480,5625,7105
1865,dinov2,Raw,std_ctrl__tvn_efaar_e0.1_c304,0.22415272362328628,0.1411212154865391,0.03163270481233643,370,69,1480,5657,7137
1866,dinov2,Raw,std_ctrl__tvn_efaar_e0.1_c304,0.25079209996591606,0.045132131356627844,0.011318781998866266,370,42,1480,5945,7425
1867,dinov2,Raw,std_ctrl__tvn_efaar_e0.1_c304,0.23660030297823026,-0.02359435476734916,-0.005582431486530663,370,71,1480,5753,7233
1868,dinov2,Raw,std_ctrl__tvn_efaar_e0.1_c304,0.18492158596941594,-0.008411193281221564,-0.0015554112014587872,370,62,1480,5913,7393
1869,dinov2,Raw,std_ctrl__tvn_efaar_e0.1_c304,0.2109149175118417,0.009503239691352448,0.0020043750155968616,370,72,1480,5689,7169
1870,dinov2,Raw,std_ctrl__tvn_efaar_e0.1_c304,0.23788484073210203,-0.018943342055005242,-0.004506333907688652,370,77,1480,5785,7265
1871,dinov2,Raw,std_ctrl__tvn_efaar_e0.1_c304,0.21783895790768623,-0.016533404375201954,-0.0036016195797603737,370,74,1480,5593,7073
1872,dinov2,Raw,std_ctrl__tvn_efaar_e0.1_c304,0.2689385660658486,0.07715419322979379,0.020749738093188145,370,82,1480,5881,7361
1873,dinov2,Raw,std_ctrl__tvn_efaar_e0.1_c304,0.2502406714478917,0.014336948748446996,0.0035876876813253867,370,63,1480,5529,7009
1874,dinov2,Raw,std_ctrl__tvn_efaar_e0.1_c304,0.20550210935834642,0.031356493004454124,0.006443825454495556,370,94,1480,5529,7009
1875,dinov2,Raw,std_ctrl__tvn_efaar_e0.1_c304,0.22172367501049783,-0.01570507654543783,-0.0034821872879756493,370,62,1480,5593,7073
1876,dinov2,Raw,std_ctrl__tvn_efaar_e0.1_c304,0.2442290888834524,0.05075742569022972,0.012396439830394346,370,61,1480,5721,7201
1877,dinov2,Raw,std_ctrl__tvn_efaar_e0.1_c304,0.26770415843770157,0.04755998851358863,0.012732006700336997,370,70,1480,5657,7137
1878,dinov2,Raw,std_ctrl__tvn_efaar_e0.1_c304,0.27026102728122947,0.04346645505987945,0.011747288796756414,370,74,1480,5817,7297
1879,dinov2,Raw,std_ctrl__tvn_efaar_e0.1_c304,0.19609719589110447,-0.013666230866739335,-0.002679909551368042,370,76,1480,5593,7073
1880,dinov2,Raw,std_ctrl__tvn_efaar_e0.1_c304,0.29226073213555587,-0.023752712527531028,-0.006941985153501608,370,74,1480,5625,7105
1881,dinov2,Raw,std_ctrl__tvn_efaar_e0.1_c304,0.22634815533208044,0.011277546979895694,0.0025526519555702652,370,76,1480,5785,7265
1882,dinov2,Raw,std_ctrl__tvn_efaar_e0.1_c304,0.2200868383100319,0.013836479234501048,0.0030452269680637458,370,95,1480,5817,7297
1883,dinov2,Raw,std_ctrl__tvn_efaar_e0.1_c304,0.24451422205427123,0.041939256399754696,0.010254744652120635,370,79,1480,5753,7233
1884,dinov2,Raw,std_ctrl__tvn_efaar_e0.1_c304,0.23314443746565547,0.011967016842291114,0.0027900434098379863,370,72,1480,5625,7105
1885,dinov2,Raw,std_ctrl__tvn_efaar_e0.1_c304,0.2519375943775465,0.09232493911003022,0.02326012306043447,370,110,1480,5881,7361
1886,dinov2,Raw,std_ctrl__tvn_efaar_e0.1_c304,0.2128596376453957,0.02868997375096758,0.006106937416686873,370,84,1480,5273,6753
1887,dinov2,Raw,std_ctrl__tvn_efaar_e0.1_c304,0.2016963230010824,-0.04686236337206667,-0.009451966379286452,370,70,1480,5785,7265
1888,dinov2,Raw,std_ctrl__tvn_efaar_e0.1_c304,0.21648135033645802,0.043419098098423224,0.009399424986737796,370,56,1480,5657,7137
1889,dinov2,Raw,std_ctrl__tvn_efaar_e0.1_c304,0.2293332812722229,-0.002419941337961557,-0.0005549730875210172,370,75,1480,5817,7297
1890,dinov2,Raw,std_ctrl__tvn_efaar_e0.1_c304,0.21701220951697006,-0.03147085298772881,-0.0068295593422507675,370,70,1480,5561,7041
1891,dinov2,Raw,std_ctrl__tvn_efaar_e0.1_c304,0.20941408483817428,0.006433295127907717,0.0013472226117046799,370,60,1480,5433,6913
1892,dinov2,Raw,std_ctrl__tvn_efaar_e0.1_c304,0.24828770863379046,0.03501402946969768,0.00869355314706725,370,109,1480,5689,7169
1893,dinov2,Raw,std_ctrl__tvn_efaar_e0.1_c304,0.233033548453563,0.009512585927130104,0.0022167516535685546,370,95,1480,5401,6881
1894,dinov2,Raw,std_ctrl__tvn_efaar_e0.1_c304,0.24472694678526966,-0.02575676332058247,-0.006303374046516971,370,50,1480,5753,7233
1895,dinov2,Raw,std_ctrl__tvn_efaar_e0.1_c304,0.22901258060539298,-0.051315632920763576,-0.011751925520583127,370,85,1480,5753,7233
1896,dinov2,Raw,std_ctrl__tvn_efaar_e0.1_c304,0.25376767471722883,0.002503743736043493,0.0006353692259835844,370,66,1480,5817,7297
1897,dinov2,Raw,std_ctrl__tvn_efaar_e0.1_c304,0.2348799888155611,-0.015116920747562644,-0.0035506621761132377,370,79,1480,5435,6915
1898,dinov2,Raw,std_ctrl__tvn_efaar_e0.1_c304,0.24530711173952513,0.00748429459815032,0.001835950691279985,370,106,1480,5625,7105
1899,dinov2,Raw,std_ctrl__tvn_efaar_e0.1_c304,0.24609589492654738,-0.037085887360656586,-0.009126684639165914,370,49,1480,5657,7137
1900,dinov2,Raw,std_ctrl__tvn_efaar_e0.1_c304,0.24566520998299357,0.019736442248609654,0.004848557229321916,370,74,1480,5529,7009
1901,dinov2,Raw,std_ctrl__tvn_efaar_e0.1_c304,0.19290200625866152,-0.009553000249761632,-0.0018427929139685135,370,106,1480,5721,7201
1902,dinov2,Raw,std_ctrl__tvn_efaar_e0.1_c304,0.2472801256181223,0.007424221385880449,0.0018358623969172675,370,70,1480,5785,7265
1903,dinov2,Raw,std_ctrl__tvn_efaar_e0.1_c304,0.23580477151695742,0.01433922635070772,0.003381257993358569,370,72,1480,5689,7169
1904,dinov2,Raw,std_ctrl__tvn_efaar_e0.1_c304,0.21840881595346695,0.03217887880760232,0.007028150819078533,370,84,1480,5753,7233
1905,dinov2,Raw,std_ctrl__tvn_efaar_e0.1_c304,0.2323485090213389,0.009540728894764422,0.0022167741336753203,370,80,1480,5593,7073
1906,dinov2,Raw,std_ctrl__tvn_efaar_e0.1_c304,0.22387168355323048,-0.03732566748603786,-0.008356160019847372,370,66,1480,5404,6884
1907,dinov2,Raw,std_ctrl__tvn_efaar_e0.1_c304,0.2490351221395052,0.010189565137158874,0.0025375595984808044,370,99,1480,5817,7297
1908,dinov2,Raw,std_ctrl__tvn_efaar_e0.1_c304,0.2700180794661538,0.04913254704821477,0.013266675993239397,370,74,1480,5625,7105
1909,dinov2,Raw,std_ctrl__tvn_efaar_e0.1_c304,0.23281949715403455,-0.02750506536744538,-0.006403715488037484,370,42,1480,5721,7201
1910,dinov2,Raw,std_ctrl__tvn_efaar_e0.1_c304,0.2307707092959499,0.01666368802471114,0.0038454911049490156,370,54,1480,5657,7137
1911,dinov2,Raw,std_ctrl__tvn_efaar_e0.1_c304,0.21289302921543812,0.023279666133053583,0.004956078642189822,370,76,1480,5497,6977
1912,dinov2,Raw,std_ctrl__tvn_efaar_e0.1_c304,0.23257842672825008,0.017291917672288413,0.004021727007335264,370,75,1480,5657,7137
1913,dinov2,Raw,std_ctrl__tvn_efaar_e0.1_c304,0.21755534160454687,-0.004435706446916248,-0.0009650116313163552,370,58,1480,5657,7137
1914,dinov2,Raw,std_ctrl__tvn_efaar_e0.1_c304,0.2536391772650661,0.0014794150124614685,0.00037523760659431433,370,80,1480,5913,7393
1915,dinov2,Raw,std_ctrl__tvn_efaar_e0.1_c304,0.22695862284729904,0.029871890881789945,0.006779683216375835,370,75,1480,5721,7201
1916,dinov2,Raw,std_ctrl__tvn_efaar_e0.1_c304,0.28380957249092903,0.08420174110341186,0.023897260145551207,370,79,1480,5817,7297
1917,dinov2,Raw,std_ctrl__tvn_efaar_e0.1_c304,0.22941839874189487,0.016114152777668846,0.003696883127335044,370,63,1480,5854,7334
1918,dinov2,Raw,std_ctrl__tvn_efaar_e0.1_c304,0.25579183681783346,0.03691645488204136,0.009442927803080035,370,66,1480,5817,7297
1919,dinov2,Raw,std_ctrl__tvn_efaar_e0.1_c304,0.2476566966465324,0.09008371972345106,0.022309836448341964,370,81,1480,5849,7329
1920,dinov2,Raw,std_ctrl__tvn_efaar_e0.1_c304,0.2791698462548586,-0.014327841213273526,-0.003999901228673597,370,55,1480,5817,7297
1921,dinov2,Raw,std_ctrl__tvn_efaar_e0.1_c304,0.2783095348130251,0.000826113562824565,0.0002299152813724355,370,97,1480,5817,7297
1922,dinov2,Raw,std_ctrl__tvn_efaar_e0.1_c304,0.2536569506168592,-0.005834481802407558,-0.0014799568624282577,370,69,1480,5817,7297
1923,dinov2,Raw,std_ctrl__tvn_efaar_e0.1_c304,0.2672920755930635,0.06534397676465735,0.017465927176930178,370,50,1480,5753,7233
1924,dinov2,Raw,std_ctrl__tvn_efaar_e0.1_c304,0.22616769069425363,-0.06684645361991605,-0.015118508046316944,370,83,1480,5721,7201
1925,dinov2,Raw,std_ctrl__tvn_efaar_e0.1_c304,0.22797753709207524,-0.04369291335720386,-0.009961002775552771,370,78,1480,5849,7329
1926,dinov2,Raw,std_ctrl__tvn_efaar_e0.1_c304,0.24178129081072797,0.03637952309336661,0.008795888052592866,370,62,1480,5657,7137
1927,dinov2,Raw,std_ctrl__tvn_efaar_e0.1_c304,0.27268802983556384,0.040752329214010494,0.011112672364578814,370,67,1480,5593,7073
1928,dinov2,Raw,std_ctrl__tvn_efaar_e0.1_c304,0.2260095131210689,0.03983810135770139,0.009003789891521886,370,81,1480,5369,6849
1929,dinov2,Raw,std_ctrl__tvn_efaar_e0.1_c304,0.2339060479033169,0.07164383826586605,0.01675792706539315,370,88,1480,5881,7361
1930,dinov2,Raw,std_ctrl__tvn_efaar_e0.1_c304,0.2109711386722944,0.030527056550673736,0.006440327880809162,370,68,1480,5721,7201
1931,dinov2,Raw,std_ctrl__tvn_efaar_e0.1_c304,0.24281324151228673,0.010144706009106939,0.0024632689502604296,370,77,1480,5689,7169
1932,dinov2,Raw,std_ctrl__tvn_efaar_e0.1_c304,0.23382309261498688,0.0038083656871494855,0.0008904838427780923,370,51,1480,5945,7425
1933,dinov2,Raw,std_ctrl__tvn_efaar_e0.1_c304,0.21133712230341944,0.09587860721228168,0.020262708938703487,370,83,1480,5753,7233
1934,dinov2,Raw,std_ctrl__tvn_efaar_e0.1_c304,0.2831547979806241,-0.020997440465119158,-0.005945526013010996,370,60,1480,5689,7169
1935,dinov2,Raw,std_ctrl__tvn_efaar_e0.1_c304,0.23865201853355783,-0.025180433073297124,-0.006009361180491518,370,77,1480,5689,7169
1936,dinov2,Raw,std_ctrl__tvn_efaar_e0.1_c304,0.25547024724040496,0.009907814574014072,0.002531151838835462,370,49,1480,5593,7073
1937,dinov2,Raw,std_ctrl__tvn_efaar_e0.1_c304,0.24967785769443634,-0.03261249363638253,-0.008142617545205427,370,94,1480,5689,7169
1938,dinov2,Raw,std_ctrl__tvn_efaar_e0.1_c304,0.2503383962985598,0.05101526501661199,0.012771079631004666,370,68,1480,5785,7265
1939,dinov2,Raw,std_ctrl__tvn_efaar_e0.1_c304,0.2197434726056394,0.009583769749729439,0.0021059708454584263,370,90,1480,5657,7137
1940,dinov2,Raw,std_ctrl__tvn_efaar_e0.1_c304,0.22643583417957186,0.0010868120134419046,0.00024609318486009773,370,91,1480,5849,7329
1941,dinov2,Raw,std_ctrl__tvn_efaar_e0.1_c304,0.22783662053540263,-0.038494588758460443,-0.008770477011627727,370,57,1480,5689,7169
1942,dinov2,Raw,std_ctrl__tvn_efaar_e0.1_c304,0.2093971663383657,-0.0270281968202828,-0.005659627825402845,370,69,1480,5625,7105
1943,dinov2,Raw,std_ctrl__tvn_efaar_e0.1_c304,0.23714662086480895,0.003548511629521879,0.0008415175420405904,370,111,1480,5497,6977
1944,dinov2,Raw,std_ctrl__tvn_efaar_e0.1_c304,0.2387265041426013,0.013612042321259434,0.0032495552775954045,370,84,1480,5689,7169
1945,dinov2,Raw,std_ctrl__tvn_efaar_e0.1_c304,0.22526089301706909,0.026198273795069327,0.005901446550582996,370,76,1480,5625,7105
1946,dinov2,Raw,std_ctrl__tvn_efaar_e0.1_c304,0.24255532889982848,0.035040130761121516,0.008499170441456826,370,80,1480,5305,6785
1947,dinov2,Raw,std_ctrl__tvn_efaar_e0.1_c304,0.22575427324555958,0.010799733276788587,0.0024380859371472934,370,90,1480,5721,7201
1948,dinov2,Raw,std_ctrl__tvn_efaar_e0.1_c304,0.2563648929957477,0.05045407030276433,0.012934652334368111,370,64,1480,5529,7009
1949,dinov2,Raw,std_ctrl__tvn_efaar_e0.1_c304,0.2923206588539236,0.05288406361520446,0.015459104318869377,370,70,1480,5689,7169
1950,dinov2,Raw,std_ctrl__tvn_efaar_e0.1_c304,0.2558783082683331,0.032946570234004345,0.008430312654720851,370,96,1480,5689,7169
1951,dinov2,Raw,std_ctrl__tvn_efaar_e0.1_c304,0.2627878052994574,0.04240533039042824,0.011143603706299021,370,48,1480,5689,7169
1952,dinov2,Raw,std_ctrl__tvn_efaar_e0.1_c304,0.2838216790586964,0.098549279986596,0.02797042211582126,370,65,1480,5593,7073
1953,dinov2,Raw,std_ctrl__tvn_efaar_e0.1_c304,0.24153343152277726,0.03290605134523842,0.007947911499280137,370,67,1480,5785,7265
1954,dinov2,Raw,std_ctrl__tvn_efaar_e0.1_c304,0.24076935357958185,0.011548467499978603,0.002780517054804658,370,79,1480,5817,7297
1955,dinov2,Raw,std_ctrl__tvn_efaar_e0.1_c304,0.2596689107974404,0.018632148124742707,0.004838189609368511,370,54,1480,5593,7073
1956,dinov2,Raw,std_ctrl__tvn_efaar_e0.1_c304,0.21464119328754244,0.014522892633562993,0.0031172110048548205,370,62,1480,5593,7073
1957,dinov2,Raw,std_ctrl__tvn_efaar_e0.1_c304,0.25278377148083625,-0.05590373272139906,-0.014131556397171889,370,64,1480,5721,7201
1958,dinov2,Raw,std_ctrl__tvn_efaar_e0.1_c304,0.26714558819847506,0.04372067953277878,0.011679786650221216,370,68,1480,5657,7137
1959,dinov2,Raw,std_ctrl__tvn_efaar_e0.1_c304,0.25526432510528324,0.034684336390476446,0.008853673720439586,370,86,1480,5945,7425
1960,dinov2,Raw,std_ctrl__tvn_efaar_e0.1_c304,0.23859428195423746,0.011028552118142562,0.0026313494736231093,370,74,1480,5657,7137
1961,dinov2,Raw,std_ctrl__tvn_efaar_e0.1_c304,0.24483287077640595,0.028252752773494542,0.006917202568870734,370,65,1480,5817,7297
1962,dinov2,Raw,std_ctrl__tvn_efaar_e0.1_c304,0.22671632374633968,-0.002412377158613661,-0.0005469252808905298,370,82,1480,5564,7044
1963,dinov2,Raw,std_ctrl__tvn_efaar_e0.1_c304,0.24110095838003998,-0.0029471745837314368,-0.0007105666166509448,370,72,1480,5689,7169
1964,dinov2,Raw,std_ctrl__tvn_efaar_e0.1_c304,0.247068195420074,-0.022201508816546884,-0.005485286718907101,370,57,1480,5593,7073
1965,dinov2,Raw,std_ctrl__tvn_efaar_e0.1_c304,0.2544933329802937,0.03713318561434685,0.009450148171171025,370,57,1480,5727,7207
1966,dinov2,Raw,std_ctrl__tvn_efaar_e0.1_c304,0.2640085530605501,0.010405869718010424,0.0027472386075885263,370,78,1480,5785,7265
1967,dinov2,Raw,std_ctrl__tvn_efaar_e0.1_c304,0.22816400186268737,0.016549518025805395,0.0037760042616664406,370,62,1480,5785,7265
1968,dinov2,Raw,std_ctrl__tvn_efaar_e0.1_c304,0.23741804605319916,0.041343098650268625,0.009815597699331432,370,90,1480,5817,7297
1969,dinov2,Raw,std_ctrl__tvn_efaar_e0.1_c304,0.2470175512568207,-0.011264646283157704,-0.002782565340639863,370,45,1480,5689,7169
1970,dinov2,Raw,std_ctrl__tvn_efaar_e0.1_c304,0.25796714650420843,-0.012361854562336964,-0.003188952346946097,370,79,1480,5701,7181
1971,dinov2,Raw,std_ctrl__tvn_efaar_e0.1_c304,0.2383407612113476,-0.006140834091005089,-0.0014636110717227467,370,112,1480,5689,7169
1972,dinov2,Raw,std_ctrl__tvn_efaar_e0.1_c304,0.2589081033860809,0.08803089511147946,0.022791912092692167,370,55,1480,5689,7169
1973,dinov2,Raw,std_ctrl__tvn_efaar_e0.1_c304,0.27166734496771316,0.062187267137399825,0.01689424975401533,370,58,1480,5721,7201
1974,dinov2,Raw,std_ctrl__tvn_efaar_e0.1_c304,0.1904787543971278,0.015390229045690896,0.0029315116585096985,370,67,1480,5849,7329
1975,dinov2,Raw,std_ctrl__tvn_efaar_e0.1_c304,0.24003723473647726,-0.029386193265804376,-0.007053780570955372,370,82,1480,5721,7201
1976,dinov2,Raw,std_ctrl__tvn_efaar_e0.1_c304,0.22215859007158206,-0.019469962992810737,-0.004325419527228713,370,65,1480,5497,6977
1977,dinov2,Raw,std_ctrl__tvn_efaar_e0.1_c304,0.21496225683417575,-0.017838388970379992,-0.0038345803513587517,370,53,1480,5753,7233
1978,dinov2,Raw,std_ctrl__tvn_efaar_e0.1_c304,0.18948707056311387,0.005756501474561198,0.0010907826011068468,370,67,1480,5663,7143
1979,dinov2,Raw,std_ctrl__tvn_efaar_e0.1_c304,0.2337364970383285,9.510936902629879e-05,2.2230530751732778e-05,370,65,1480,5561,7041
1980,dinov2,Raw,std_ctrl__tvn_efaar_e0.1_c304,0.2253975194612028,0.012715855594546494,0.0028661223088376378,370,49,1480,5657,7137
1981,dinov2,Raw,std_ctrl__tvn_efaar_e0.1_c304,0.2217450337355037,-0.033613545129057086,-0.0074536366986126396,370,41,1480,5657,7137
1982,dinov2,Raw,std_ctrl__tvn_efaar_e0.1_c304,0.22176056373865408,0.03507535462767478,0.007778330415566369,370,74,1480,5753,7233
1983,dinov2,Raw,std_ctrl__tvn_efaar_e0.1_c304,0.2411923575963841,0.08293771826040813,0.020003943800892515,370,68,1480,5625,7105
1984,dinov2,Raw,std_ctrl__tvn_efaar_e0.1_c304,0.24380222035298,-0.018468392189422523,-0.0045026350221308445,370,60,1480,5721,7201
1985,dinov2,Raw,std_ctrl__tvn_efaar_e0.1_c304,0.23833085742183496,0.04650083839813694,0.011082584686262165,370,76,1480,5721,7201
1986,dinov2,Raw,std_ctrl__tvn_efaar_e0.1_c304,0.24131017956088804,0.06215988979134347,0.014999814167034105,370,56,1480,5881,7361
1987,dinov2,Raw,std_ctrl__tvn_efaar_e0.1_c304,0.1958855081160002,0.0792241490353519,0.015518862688847633,370,87,1480,5817,7297
1988,dinov2,Raw,std_ctrl__tvn_efaar_e0.1_c304,0.24450189420388777,0.018562583710435232,0.004538586878519646,370,63,1480,5785,7265
1989,dinov2,Raw,std_ctrl__tvn_efaar_e0.1_c304,0.21391528577496977,0.009999860131575571,0.002139122937755715,370,52,1480,5721,7201
1990,dinov2,Raw,std_ctrl__tvn_efaar_e0.1_c304,0.24095166633092754,0.004035638251749188,0.0009723937614677981,370,74,1480,5785,7265
1991,dinov2,Raw,std_ctrl__tvn_efaar_e0.1_c304,0.2267608423429388,0.02106454272213531,0.004776613451240224,370,65,1480,5433,6913
1992,dinov2,Raw,std_ctrl__tvn_efaar_e0.1_c304,0.2911136717128552,0.037537047082651764,0.010927547601489075,370,47,1480,5497,6977
1993,dinov2,Raw,std_ctrl__tvn_efaar_e0.1_c304,0.24448119810441685,0.012919635751041136,0.003158608027487194,370,72,1480,5625,7105
1994,dinov2,Raw,std_ctrl__tvn_efaar_e0.1_c304,0.25963681951373146,0.04481707831460029,0.011636163673500642,370,66,1480,5561,7041
1995,dinov2,Raw,std_ctrl__tvn_efaar_e0.1_c304,0.26528800561199684,0.03211923550575319,0.008520847929103301,370,93,1480,5497,6977
1996,dinov2,Raw,std_ctrl__tvn_efaar_e0.1_c304,0.2147254955192809,-0.016467099042605616,-0.0035359060016885674,370,88,1480,5721,7201
1997,dinov2,Raw,std_ctrl__tvn_efaar_e0.1_c304,0.24534060732612184,0.009558749179170729,0.002345149328895815,370,100,1480,5849,7329
1998,dinov2,Raw,std_ctrl__tvn_efaar_e0.1_c304,0.24436070317858702,0.06606456159962103,0.01614358272766847,370,73,1480,5817,7297
1999,dinov2,Raw,std_ctrl__tvn_efaar_e0.1_c304,0.23277969488367498,-0.029797434586208944,-0.006936237731293982,370,92,1480,5721,7201
