sample_id,family,codec,config,pa,pc,product,pa_units,pc_targets,treatment_wells,control_wells,total_wells
0,dinov2,D20,std_ctrl__tvn_efaar_e0.1_c304,0.21521735988673352,-0.002679359032641284,-0.0005766445771937294,370,77,1480,5753,7233
1,dinov2,D20,std_ctrl__tvn_efaar_e0.1_c304,0.19522496788806698,-0.04464906889825489,-0.008716613041893901,370,65,1480,5753,7233
2,dinov2,D20,std_ctrl__tvn_efaar_e0.1_c304,0.16093160632283512,-0.021879395363862505,-0.003521086241278785,370,88,1480,5625,7105
3,dinov2,D20,std_ctrl__tvn_efaar_e0.1_c304,0.1950645130438651,-0.006160272084234946,-0.0012016504743290056,370,55,1480,5433,6913
4,dinov2,D20,std_ctrl__tvn_efaar_e0.1_c304,0.20423076959199446,0.011397858107971658,0.0023277933330914055,370,56,1480,5657,7137
5,dinov2,D20,std_ctrl__tvn_efaar_e0.1_c304,0.14975550516913855,0.0012542323981018662,0.00018782820637724506,370,82,1480,5785,7265
6,dinov2,D20,std_ctrl__tvn_efaar_e0.1_c304,0.17624425754569928,-0.0011572261989691135,-0.00020395447224974306,370,63,1480,5721,7201
7,dinov2,D20,std_ctrl__tvn_efaar_e0.1_c304,0.15112732770204185,0.009749740420852077,0.0014734522155919552,370,49,1480,5561,7041
8,dinov2,D20,std_ctrl__tvn_efaar_e0.1_c304,0.16849189654171257,0.07988857577188666,0.01346057764382149,370,81,1480,5529,7009
9,dinov2,D20,std_ctrl__tvn_efaar_e0.1_c304,0.16993664746707926,0.00874301152324072,0.00148575806702557,370,77,1480,5753,7233
10,dinov2,D20,std_ctrl__tvn_efaar_e0.1_c304,0.173890703933175,-0.009259660517722467,-0.0016101688856089873,370,85,1480,5753,7233
11,dinov2,D20,std_ctrl__tvn_efaar_e0.1_c304,0.1771624341592115,0.12965433652219308,0.022969877857569283,370,44,1480,5433,6913
12,dinov2,D20,std_ctrl__tvn_efaar_e0.1_c304,0.16484213331850978,0.015558324772956388,0.00256466744643635,370,92,1480,5785,7265
13,dinov2,D20,std_ctrl__tvn_efaar_e0.1_c304,0.1789924703082006,0.062365481663664,0.011162951624940007,370,80,1480,5849,7329
14,dinov2,D20,std_ctrl__tvn_efaar_e0.1_c304,0.17708546394319655,0.03824182527040647,0.006772071370044587,370,93,1480,5753,7233
15,dinov2,D20,std_ctrl__tvn_efaar_e0.1_c304,0.18636681770957397,-0.012995452298131897,-0.0024219210894994114,370,67,1480,5625,7105
16,dinov2,D20,std_ctrl__tvn_efaar_e0.1_c304,0.17577514112663498,-0.013366139568221204,-0.002349435068922382,370,58,1480,5785,7265
17,dinov2,D20,std_ctrl__tvn_efaar_e0.1_c304,0.1549271959772205,-0.021000243424650185,-0.0032535088286201152,370,76,1480,5689,7169
18,dinov2,D20,std_ctrl__tvn_efaar_e0.1_c304,0.18693234636797526,-0.03816660302083311,-0.007134572655579386,370,54,1480,5785,7265
19,dinov2,D20,std_ctrl__tvn_efaar_e0.1_c304,0.1803286757013122,0.11611772447296069,0.02093935547965885,370,98,1480,5593,7073
20,dinov2,D20,std_ctrl__tvn_efaar_e0.1_c304,0.16432848081620144,-0.02061071618867164,-0.0033869276798183,370,59,1480,5689,7169
21,dinov2,D20,std_ctrl__tvn_efaar_e0.1_c304,0.19019449683630463,0.06758899890337276,0.012855055638096528,370,58,1480,5913,7393
22,dinov2,D20,std_ctrl__tvn_efaar_e0.1_c304,0.1719775312204824,-0.013676189103434325,-0.002351997238513098,370,87,1480,5785,7265
23,dinov2,D20,std_ctrl__tvn_efaar_e0.1_c304,0.19665474773288993,0.07565082507131028,0.014877093920183508,370,71,1480,5817,7297
24,dinov2,D20,std_ctrl__tvn_efaar_e0.1_c304,0.17278270641212765,0.04752753443924544,0.008211936029508432,370,77,1480,5465,6945
25,dinov2,D20,std_ctrl__tvn_efaar_e0.1_c304,0.16339448082215827,-0.015418535951213348,-0.0025193036767862872,370,109,1480,5785,7265
26,dinov2,D20,std_ctrl__tvn_efaar_e0.1_c304,0.15981806274785137,0.009444134446596529,0.0015093432715853087,370,74,1480,5066,6546
27,dinov2,D20,std_ctrl__tvn_efaar_e0.1_c304,0.2000988114587494,0.001341959785884159,0.000268524558180858,370,48,1480,5785,7265
28,dinov2,D20,std_ctrl__tvn_efaar_e0.1_c304,0.17434066872147705,0.08680563949363701,0.015133753238116134,370,61,1480,5721,7201
29,dinov2,D20,std_ctrl__tvn_efaar_e0.1_c304,0.1732763804721741,-0.008203301921019226,-0.001421438464794644,370,101,1480,5753,7233
30,dinov2,D20,std_ctrl__tvn_efaar_e0.1_c304,0.18196114951475428,0.0009263769102105903,0.00016856460746584532,370,68,1480,5561,7041
31,dinov2,D20,std_ctrl__tvn_efaar_e0.1_c304,0.17801540190800913,0.0898801717524968,0.016000054898081605,370,72,1480,5913,7393
32,dinov2,D20,std_ctrl__tvn_efaar_e0.1_c304,0.17853178006619283,0.027731393470449377,0.004950935039995324,370,81,1480,5817,7297
33,dinov2,D20,std_ctrl__tvn_efaar_e0.1_c304,0.16724937649992216,-0.035387953553238455,-0.005918613167387336,370,59,1480,5913,7393
34,dinov2,D20,std_ctrl__tvn_efaar_e0.1_c304,0.18051208233929164,0.010169652465235766,0.001835745143166619,370,80,1480,5785,7265
35,dinov2,D20,std_ctrl__tvn_efaar_e0.1_c304,0.18998907502175333,0.06792939870517935,0.012905843626780912,370,54,1480,5625,7105
36,dinov2,D20,std_ctrl__tvn_efaar_e0.1_c304,0.16928142201498259,0.045395126927930726,0.0076845516389107416,370,57,1480,5657,7137
37,dinov2,D20,std_ctrl__tvn_efaar_e0.1_c304,0.18093773470436145,0.027837704934860374,0.00503689127028206,370,64,1480,5593,7073
38,dinov2,D20,std_ctrl__tvn_efaar_e0.1_c304,0.17566374121248376,-0.025254181133040166,-0.004436243939087558,370,86,1480,5561,7041
39,dinov2,D20,std_ctrl__tvn_efaar_e0.1_c304,0.17893565861282695,0.13407415930679933,0.023990647998523223,370,65,1480,5753,7233
40,dinov2,D20,std_ctrl__tvn_efaar_e0.1_c304,0.1862514491328903,0.04326527576755342,0.008058220308840947,370,84,1480,5753,7233
41,dinov2,D20,std_ctrl__tvn_efaar_e0.1_c304,0.1677032142359948,-0.02222342753706305,-0.003726940229306191,370,103,1480,5945,7425
42,dinov2,D20,std_ctrl__tvn_efaar_e0.1_c304,0.18810796060548537,0.01592169190513908,0.0029949969936645775,370,69,1480,5977,7457
43,dinov2,D20,std_ctrl__tvn_efaar_e0.1_c304,0.18768425003035302,-0.03893954993663137,-0.007308340226376138,370,61,1480,5375,6855
44,dinov2,D20,std_ctrl__tvn_efaar_e0.1_c304,0.1485818666638643,0.0011657465512408514,0.00017320879864032783,370,72,1480,5785,7265
45,dinov2,D20,std_ctrl__tvn_efaar_e0.1_c304,0.18453758343040938,0.00636322290018947,0.0011742537768300058,370,84,1480,5753,7233
46,dinov2,D20,std_ctrl__tvn_efaar_e0.1_c304,0.16908166861573662,0.01973472148343274,0.0033367796380856323,370,71,1480,5753,7233
47,dinov2,D20,std_ctrl__tvn_efaar_e0.1_c304,0.17010694373134305,-0.007260276925289431,-0.0012350235184041777,370,69,1480,5689,7169
48,dinov2,D20,std_ctrl__tvn_efaar_e0.1_c304,0.17555289089157997,-0.002500441188188086,-0.00043895967909079564,370,71,1480,5753,7233
49,dinov2,D20,std_ctrl__tvn_efaar_e0.1_c304,0.19272353698611538,-0.022642706297620874,-0.004363782444615284,370,64,1480,5529,7009
50,dinov2,D20,std_ctrl__tvn_efaar_e0.1_c304,0.1694945351137099,-0.01118777823198015,-0.0018962672703847587,370,65,1480,5881,7361
51,dinov2,D20,std_ctrl__tvn_efaar_e0.1_c304,0.16532307840290084,-0.010494475269637236,-0.0017349789577995407,370,69,1480,5625,7105
52,dinov2,D20,std_ctrl__tvn_efaar_e0.1_c304,0.19685019009390461,-0.011189695031563649,-0.002202693594056124,370,60,1480,5689,7169
53,dinov2,D20,std_ctrl__tvn_efaar_e0.1_c304,0.15540008740150774,-0.0022944411102746726,-0.00035655634907429655,370,64,1480,5913,7393
54,dinov2,D20,std_ctrl__tvn_efaar_e0.1_c304,0.14893556952535528,0.030714736823563675,0.0045745168216388575,370,64,1480,5753,7233
55,dinov2,D20,std_ctrl__tvn_efaar_e0.1_c304,0.17916598904144804,0.19618596415018758,0.035149852303018425,370,69,1480,5657,7137
56,dinov2,D20,std_ctrl__tvn_efaar_e0.1_c304,0.16888529983798017,0.03612732164724031,0.006101373548737331,370,70,1480,5913,7393
57,dinov2,D20,std_ctrl__tvn_efaar_e0.1_c304,0.16821847568810544,-0.013298629467475903,-0.002237075177759718,370,75,1480,5529,7009
58,dinov2,D20,std_ctrl__tvn_efaar_e0.1_c304,0.173630324622977,-0.014088813981392922,-0.00244624534514199,370,68,1480,5849,7329
59,dinov2,D20,std_ctrl__tvn_efaar_e0.1_c304,0.18875101517682003,0.10058503658603926,0.018985527767212493,370,86,1480,5561,7041
60,dinov2,D20,std_ctrl__tvn_efaar_e0.1_c304,0.19109844314168548,0.012022567639733646,0.002297493958518708,370,52,1480,5689,7169
61,dinov2,D20,std_ctrl__tvn_efaar_e0.1_c304,0.1709522328926092,0.005857304267133737,0.0010013192431979202,370,73,1480,5657,7137
62,dinov2,D20,std_ctrl__tvn_efaar_e0.1_c304,0.17042879318236917,-0.03744292370723481,-0.006381352300643549,370,48,1480,5849,7329
63,dinov2,D20,std_ctrl__tvn_efaar_e0.1_c304,0.1702694209705636,-0.07178953208947005,-0.01222356206062176,370,53,1480,5721,7201
64,dinov2,D20,std_ctrl__tvn_efaar_e0.1_c304,0.17340249137084673,-0.03147457600394924,-0.005457769893925868,370,82,1480,5753,7233
65,dinov2,D20,std_ctrl__tvn_efaar_e0.1_c304,0.19287877570224596,0.02103473313772406,0.004057153574827679,370,56,1480,5497,6977
66,dinov2,D20,std_ctrl__tvn_efaar_e0.1_c304,0.17561993910719262,0.03174244212104642,0.005574605752411758,370,81,1480,5785,7265
67,dinov2,D20,std_ctrl__tvn_efaar_e0.1_c304,0.1834173268931851,-0.028773103395117416,-0.005277485711153665,370,114,1480,6009,7489
68,dinov2,D20,std_ctrl__tvn_efaar_e0.1_c304,0.17420211119230142,0.007764902717894386,0.0013526624466600413,370,81,1480,5785,7265
69,dinov2,D20,std_ctrl__tvn_efaar_e0.1_c304,0.18530886724191495,-0.0056076183083089625,-0.0010391413966377573,370,56,1480,5913,7393
70,dinov2,D20,std_ctrl__tvn_efaar_e0.1_c304,0.19802275958598087,0.036077385179168496,0.007144143371825312,370,60,1480,5785,7265
71,dinov2,D20,std_ctrl__tvn_efaar_e0.1_c304,0.17192088719016405,0.0053806151268092845,0.0009250401262298692,370,73,1480,5663,7143
72,dinov2,D20,std_ctrl__tvn_efaar_e0.1_c304,0.17354238342598863,-0.03213410780884141,-0.005576629658414011,370,75,1480,5881,7361
73,dinov2,D20,std_ctrl__tvn_efaar_e0.1_c304,0.18759626080063202,0.04352250822209598,0.00816465980312997,370,45,1480,5625,7105
74,dinov2,D20,std_ctrl__tvn_efaar_e0.1_c304,0.1967481115062284,-0.027035165773648787,-0.005319117810223221,370,130,1480,5657,7137
75,dinov2,D20,std_ctrl__tvn_efaar_e0.1_c304,0.16396698688053812,0.004278697866476976,0.0007015651969384168,370,74,1480,5785,7265
76,dinov2,D20,std_ctrl__tvn_efaar_e0.1_c304,0.20575564262308726,0.04467312298910052,0.00919174712860259,370,77,1480,5625,7105
77,dinov2,D20,std_ctrl__tvn_efaar_e0.1_c304,0.17903257273547338,-0.01756367408739829,-0.0031444697585542836,370,98,1480,5849,7329
78,dinov2,D20,std_ctrl__tvn_efaar_e0.1_c304,0.1924191908509453,-0.044114884830810566,-0.00848855044362721,370,98,1480,5849,7329
79,dinov2,D20,std_ctrl__tvn_efaar_e0.1_c304,0.1814749224003141,-0.04388288014487166,-0.00796364226899287,370,102,1480,5753,7233
80,dinov2,D20,std_ctrl__tvn_efaar_e0.1_c304,0.18566691512857594,0.040269703693201715,0.007476751657858584,370,68,1480,5817,7297
81,dinov2,D20,std_ctrl__tvn_efaar_e0.1_c304,0.15384234510521233,0.014754170133790078,0.00226981613346355,370,69,1480,5625,7105
82,dinov2,D20,std_ctrl__tvn_efaar_e0.1_c304,0.16856278349036288,0.034029899153151966,0.005736174523151638,370,67,1480,5689,7169
83,dinov2,D20,std_ctrl__tvn_efaar_e0.1_c304,0.1569754419711799,-0.05321639224560207,-0.008353666692865056,370,97,1480,5753,7233
84,dinov2,D20,std_ctrl__tvn_efaar_e0.1_c304,0.18498313457015036,0.012410732853329444,0.0022957762655216266,370,77,1480,5817,7297
85,dinov2,D20,std_ctrl__tvn_efaar_e0.1_c304,0.16438121186683,-0.002690284805755756,-0.00044223227663705054,370,90,1480,5785,7265
86,dinov2,D20,std_ctrl__tvn_efaar_e0.1_c304,0.1764629942010259,0.04731880041338744,0.00835001720294709,370,117,1480,5945,7425
87,dinov2,D20,std_ctrl__tvn_efaar_e0.1_c304,0.15316524418864857,0.021712995397413087,0.003325676242111778,370,55,1480,5657,7137
88,dinov2,D20,std_ctrl__tvn_efaar_e0.1_c304,0.204125011687038,0.044867726908996056,0.009158625279669649,370,80,1480,5753,7233
89,dinov2,D20,std_ctrl__tvn_efaar_e0.1_c304,0.17620483247434027,-0.027941110285885515,-0.004923358657071523,370,73,1480,5721,7201
90,dinov2,D20,std_ctrl__tvn_efaar_e0.1_c304,0.17732833136593718,0.03294351187172247,0.0058418179895464864,370,64,1480,5721,7201
91,dinov2,D20,std_ctrl__tvn_efaar_e0.1_c304,0.21153315218495466,-0.02314770975248419,-0.004896508009805397,370,83,1480,5849,7329
92,dinov2,D20,std_ctrl__tvn_efaar_e0.1_c304,0.1205981574510033,0.024571003118516784,0.00296321770281598,370,58,1480,5625,7105
93,dinov2,D20,std_ctrl__tvn_efaar_e0.1_c304,0.1820219346183516,0.011162821280703639,0.0020318783253125815,370,81,1480,5785,7265
94,dinov2,D20,std_ctrl__tvn_efaar_e0.1_c304,0.18687956980000706,-0.028347936559561575,-0.005297650188968759,370,61,1480,5561,7041
95,dinov2,D20,std_ctrl__tvn_efaar_e0.1_c304,0.18523375065011402,-0.04255125221114283,-0.007881928041928945,370,66,1480,5753,7233
96,dinov2,D20,std_ctrl__tvn_efaar_e0.1_c304,0.1688484954693359,-0.02855739434443239,-0.0048218730695819305,370,47,1480,5689,7169
97,dinov2,D20,std_ctrl__tvn_efaar_e0.1_c304,0.1817381390373396,0.051675660958895794,0.009391438456194225,370,85,1480,5689,7169
98,dinov2,D20,std_ctrl__tvn_efaar_e0.1_c304,0.19870224758130864,0.026839853702451944,0.005333139255430709,370,73,1480,5625,7105
99,dinov2,D20,std_ctrl__tvn_efaar_e0.1_c304,0.19454347229121766,0.032139181691170526,0.006252468002798643,370,62,1480,5785,7265
100,dinov2,D20,std_ctrl__tvn_efaar_e0.1_c304,0.16829662628711256,0.0004172892920741089,7.022838004181007e-05,370,52,1480,5689,7169
101,dinov2,D20,std_ctrl__tvn_efaar_e0.1_c304,0.18342067577331309,0.018141609481166825,0.0033275462706511627,370,72,1480,5433,6913
102,dinov2,D20,std_ctrl__tvn_efaar_e0.1_c304,0.19104522049726927,0.02764641408048663,0.0052817152739653775,370,72,1480,5753,7233
103,dinov2,D20,std_ctrl__tvn_efaar_e0.1_c304,0.16556679653498063,0.07557507707879017,0.01251272340981953,370,79,1480,5497,6977
104,dinov2,D20,std_ctrl__tvn_efaar_e0.1_c304,0.20603878757895017,0.03553341381159001,0.007321261500281128,370,78,1480,5625,7105
105,dinov2,D20,std_ctrl__tvn_efaar_e0.1_c304,0.1768079941668263,-0.011264444490585186,-0.0019916438357839242,370,45,1480,5689,7169
106,dinov2,D20,std_ctrl__tvn_efaar_e0.1_c304,0.18354073091336454,0.018099671460963834,0.0033220269292370667,370,53,1480,5625,7105
107,dinov2,D20,std_ctrl__tvn_efaar_e0.1_c304,0.17642389588060836,-0.029390063287821133,-0.005185109465415046,370,58,1480,5753,7233
108,dinov2,D20,std_ctrl__tvn_efaar_e0.1_c304,0.20143138318860648,0.09229257677556911,0.018590621397943544,370,61,1480,5657,7137
109,dinov2,D20,std_ctrl__tvn_efaar_e0.1_c304,0.16763616988872215,-0.026462841559821797,-0.004436129403460624,370,76,1480,5913,7393
110,dinov2,D20,std_ctrl__tvn_efaar_e0.1_c304,0.1788189935075325,-0.010432799602661198,-0.0018655827244136605,370,87,1480,5689,7169
111,dinov2,D20,std_ctrl__tvn_efaar_e0.1_c304,0.1786490475271855,-0.030073433154235978,-0.005372590188876739,370,78,1480,5599,7079
112,dinov2,D20,std_ctrl__tvn_efaar_e0.1_c304,0.19040902557830733,0.011464146717043523,0.002182877005479008,370,52,1480,5759,7239
113,dinov2,D20,std_ctrl__tvn_efaar_e0.1_c304,0.1601500190376162,-0.00582544378976897,-0.0009329449338340636,370,67,1480,5593,7073
114,dinov2,D20,std_ctrl__tvn_efaar_e0.1_c304,0.1923024008832022,0.09821272000083917,0.01888654185343106,370,60,1480,5625,7105
115,dinov2,D20,std_ctrl__tvn_efaar_e0.1_c304,0.19450143724167013,0.00884947090211552,0.0017212348092898076,370,59,1480,5913,7393
116,dinov2,D20,std_ctrl__tvn_efaar_e0.1_c304,0.15220756044507602,0.009539055630379425,0.001451916386449919,370,72,1480,5625,7105
117,dinov2,D20,std_ctrl__tvn_efaar_e0.1_c304,0.18875284528410427,0.00815319970837386,0.001538939643125095,370,60,1480,5945,7425
118,dinov2,D20,std_ctrl__tvn_efaar_e0.1_c304,0.19983093492847256,-0.027739570492289308,-0.005543224305988442,370,53,1480,5721,7201
119,dinov2,D20,std_ctrl__tvn_efaar_e0.1_c304,0.1797330004267681,0.015725318848218695,0.002826358739257955,370,84,1480,5794,7274
120,dinov2,D20,std_ctrl__tvn_efaar_e0.1_c304,0.1912058564933361,0.07150300422309284,0.013671793164323095,370,52,1480,5529,7009
121,dinov2,D20,std_ctrl__tvn_efaar_e0.1_c304,0.16864637941522895,0.01782606541816818,0.003006301391993083,370,61,1480,5721,7201
122,dinov2,D20,std_ctrl__tvn_efaar_e0.1_c304,0.1858884279797388,-0.06861541500382409,-0.012754811630238245,370,93,1480,5625,7105
123,dinov2,D20,std_ctrl__tvn_efaar_e0.1_c304,0.1812441302346908,0.07586668904956817,0.013750392070574723,370,75,1480,5721,7201
124,dinov2,D20,std_ctrl__tvn_efaar_e0.1_c304,0.1616712507868411,-0.04255923929105916,-0.006880605448722007,370,75,1480,5561,7041
125,dinov2,D20,std_ctrl__tvn_efaar_e0.1_c304,0.18017112503412613,-0.022941137853035996,-0.004133330616544473,370,61,1480,5593,7073
126,dinov2,D20,std_ctrl__tvn_efaar_e0.1_c304,0.18153471051267853,-0.000172624502493518,-3.133733908755594e-05,370,60,1480,5689,7169
127,dinov2,D20,std_ctrl__tvn_efaar_e0.1_c304,0.15762280642194254,-0.004392782150541621,-0.0006924026505685865,370,82,1480,5881,7361
128,dinov2,D20,std_ctrl__tvn_efaar_e0.1_c304,0.1996661397609487,0.07587192971678863,0.015149055322765196,370,76,1480,5657,7137
129,dinov2,D20,std_ctrl__tvn_efaar_e0.1_c304,0.20346778810811256,-0.02940286056974265,-0.005982535004176775,370,77,1480,5689,7169
130,dinov2,D20,std_ctrl__tvn_efaar_e0.1_c304,0.1450751891587349,0.004480362495375721,0.0006499894365163343,370,98,1480,5785,7265
131,dinov2,D20,std_ctrl__tvn_efaar_e0.1_c304,0.17209956486595676,0.020326722346977993,0.003498220071066032,370,86,1480,5753,7233
132,dinov2,D20,std_ctrl__tvn_efaar_e0.1_c304,0.20295224719574315,0.04849816468955573,0.009842811508614576,370,100,1480,5849,7329
133,dinov2,D20,std_ctrl__tvn_efaar_e0.1_c304,0.1733851240862862,-0.012801771073300513,-0.0022196366660684388,370,120,1480,5753,7233
134,dinov2,D20,std_ctrl__tvn_efaar_e0.1_c304,0.1638512169574627,-0.0043658011919817784,-0.0007153418383005556,370,63,1480,5337,6817
135,dinov2,D20,std_ctrl__tvn_efaar_e0.1_c304,0.18322663248877513,-0.0069043140521347175,-0.0012650542134175738,370,77,1480,5625,7105
136,dinov2,D20,std_ctrl__tvn_efaar_e0.1_c304,0.18809950244521367,-8.921343815926404e-05,-1.6781003329184405e-05,370,68,1480,5529,7009
137,dinov2,D20,std_ctrl__tvn_efaar_e0.1_c304,0.16001202827637848,-0.04817207111510761,-0.007708110805402313,370,79,1480,5529,7009
138,dinov2,D20,std_ctrl__tvn_efaar_e0.1_c304,0.17523240308388258,0.0009816390861423798,0.00017201497602579562,370,87,1480,5497,6977
139,dinov2,D20,std_ctrl__tvn_efaar_e0.1_c304,0.2122570808651063,-0.003355470028430471,-0.000712222273165007,370,78,1480,5561,7041
140,dinov2,D20,std_ctrl__tvn_efaar_e0.1_c304,0.208626888192413,0.011814110797170593,0.0024647411723740884,370,43,1480,5625,7105
141,dinov2,D20,std_ctrl__tvn_efaar_e0.1_c304,0.2032202966776398,-0.027031014351000356,-0.005493250755907832,370,77,1480,5593,7073
142,dinov2,D20,std_ctrl__tvn_efaar_e0.1_c304,0.16719568676813532,-0.014821846041061756,-0.0024781487280068877,370,68,1480,5913,7393
143,dinov2,D20,std_ctrl__tvn_efaar_e0.1_c304,0.15497274567509797,-0.03575043364216029,-0.005540342860600973,370,79,1480,5849,7329
144,dinov2,D20,std_ctrl__tvn_efaar_e0.1_c304,0.177113363154239,0.017895816589054394,0.0031695882624788456,370,80,1480,5625,7105
145,dinov2,D20,std_ctrl__tvn_efaar_e0.1_c304,0.18605369534706526,0.012637869174889743,0.0023513222613010033,370,95,1480,5753,7233
146,dinov2,D20,std_ctrl__tvn_efaar_e0.1_c304,0.17564427351572054,0.028702139696842995,0.005041366475398711,370,69,1480,5529,7009
147,dinov2,D20,std_ctrl__tvn_efaar_e0.1_c304,0.16756854677996683,0.06874942175955387,0.011520240696211471,370,82,1480,5721,7201
148,dinov2,D20,std_ctrl__tvn_efaar_e0.1_c304,0.17822948786456513,-0.0083407856239461,-0.0014865739501440406,370,75,1480,5657,7137
149,dinov2,D20,std_ctrl__tvn_efaar_e0.1_c304,0.1699448336515958,-0.03268652546467072,-0.005554906132742115,370,46,1480,5497,6977
150,dinov2,D20,std_ctrl__tvn_efaar_e0.1_c304,0.1676692300159323,0.08328169365071207,0.013963777448837651,370,84,1480,5849,7329
151,dinov2,D20,std_ctrl__tvn_efaar_e0.1_c304,0.20502577478299508,0.031733456950156294,0.006506176597748614,370,98,1480,5785,7265
152,dinov2,D20,std_ctrl__tvn_efaar_e0.1_c304,0.15100411582826434,0.030644838943252588,0.004627496809325419,370,69,1480,5657,7137
153,dinov2,D20,std_ctrl__tvn_efaar_e0.1_c304,0.18368832255690354,-0.03380658352450654,-0.006209874618996457,370,85,1480,5753,7233
154,dinov2,D20,std_ctrl__tvn_efaar_e0.1_c304,0.17681826832429245,0.022290410587393075,0.003941351800300318,370,76,1480,5721,7201
155,dinov2,D20,std_ctrl__tvn_efaar_e0.1_c304,0.18319848062987434,-0.010259546786819819,-0.0018795333832965,370,83,1480,5497,6977
156,dinov2,D20,std_ctrl__tvn_efaar_e0.1_c304,0.1626040841383992,0.04759005284827208,0.007738336957491297,370,63,1480,5785,7265
157,dinov2,D20,std_ctrl__tvn_efaar_e0.1_c304,0.19081513730129823,0.025092178403490702,0.004787967467250748,370,95,1480,5593,7073
158,dinov2,D20,std_ctrl__tvn_efaar_e0.1_c304,0.1584668154421572,0.009039226917126894,0.0014324175036161272,370,78,1480,5625,7105
159,dinov2,D20,std_ctrl__tvn_efaar_e0.1_c304,0.16701938948471726,0.009703506645338396,0.0016206737557653158,370,56,1480,5849,7329
160,dinov2,D20,std_ctrl__tvn_efaar_e0.1_c304,0.1720476225762879,0.05582296697942363,0.009604208753964458,370,76,1480,5817,7297
161,dinov2,D20,std_ctrl__tvn_efaar_e0.1_c304,0.18956692770392894,0.02274825745120546,0.004312317275643028,370,95,1480,5657,7137
162,dinov2,D20,std_ctrl__tvn_efaar_e0.1_c304,0.18136710269686362,-0.0009424061200833641,-0.00017092146756331227,370,108,1480,5849,7329
163,dinov2,D20,std_ctrl__tvn_efaar_e0.1_c304,0.1802790290230578,0.05674275778335194,0.010229529277273244,370,75,1480,5785,7265
164,dinov2,D20,std_ctrl__tvn_efaar_e0.1_c304,0.18281383607801283,0.03935965262773442,0.007195489083574168,370,49,1480,5785,7265
165,dinov2,D20,std_ctrl__tvn_efaar_e0.1_c304,0.18560681456335193,-0.021887533758284082,-0.004062475419522939,370,83,1480,5849,7329
166,dinov2,D20,std_ctrl__tvn_efaar_e0.1_c304,0.17431630859278102,-0.023163988289827582,-0.004037860930969151,370,84,1480,5631,7111
167,dinov2,D20,std_ctrl__tvn_efaar_e0.1_c304,0.15581255281821937,-0.00742502258416891,-0.00115691172357229,370,49,1480,5785,7265
168,dinov2,D20,std_ctrl__tvn_efaar_e0.1_c304,0.17216975881444732,-0.0036642848195765137,-0.000630879033613929,370,49,1480,5721,7201
169,dinov2,D20,std_ctrl__tvn_efaar_e0.1_c304,0.17535181685325393,-0.049714981769319176,-0.008717612378076514,370,53,1480,5689,7169
170,dinov2,D20,std_ctrl__tvn_efaar_e0.1_c304,0.1732289751769097,-0.0409967925321124,-0.0071018323558782155,370,57,1480,5497,6977
171,dinov2,D20,std_ctrl__tvn_efaar_e0.1_c304,0.17246920826366555,0.025786695411182708,0.004447410941302979,370,78,1480,5561,7041
172,dinov2,D20,std_ctrl__tvn_efaar_e0.1_c304,0.18237744052064875,-0.009933755656832698,-0.0018116929314506635,370,58,1480,5689,7169
173,dinov2,D20,std_ctrl__tvn_efaar_e0.1_c304,0.16622059748952178,0.0609242894295994,0.010126871790612568,370,61,1480,5753,7233
174,dinov2,D20,std_ctrl__tvn_efaar_e0.1_c304,0.18014520965674136,0.11851696727068461,0.021350263916858632,370,81,1480,5497,6977
175,dinov2,D20,std_ctrl__tvn_efaar_e0.1_c304,0.18622959398591174,-0.043129553253510124,-0.008031999191194948,370,81,1480,5433,6913
176,dinov2,D20,std_ctrl__tvn_efaar_e0.1_c304,0.19653266182345167,0.044190900764856496,0.008684955355693254,370,67,1480,5497,6977
177,dinov2,D20,std_ctrl__tvn_efaar_e0.1_c304,0.16383740549062767,0.009938776171950044,0.0016283433017643676,370,74,1480,5657,7137
178,dinov2,D20,std_ctrl__tvn_efaar_e0.1_c304,0.19454615610265258,0.034986985140508256,0.006806583472706506,370,66,1480,5657,7137
179,dinov2,D20,std_ctrl__tvn_efaar_e0.1_c304,0.1655871679242534,0.015106333959218468,0.00250141505802496,370,99,1480,5561,7041
180,dinov2,D20,std_ctrl__tvn_efaar_e0.1_c304,0.17260235460113946,-0.060635572945953814,-0.010465842663060778,370,79,1480,5753,7233
181,dinov2,D20,std_ctrl__tvn_efaar_e0.1_c304,0.16303301170760082,0.04619027804867067,0.007530540141886263,370,73,1480,5593,7073
182,dinov2,D20,std_ctrl__tvn_efaar_e0.1_c304,0.1535676373535172,0.05010407930046412,0.007694365079945541,370,82,1480,5657,7137
183,dinov2,D20,std_ctrl__tvn_efaar_e0.1_c304,0.15999149848218136,0.054270637422024516,0.00868284060473285,370,126,1480,5593,7073
184,dinov2,D20,std_ctrl__tvn_efaar_e0.1_c304,0.1808161469421267,0.021749473982917635,0.0039326560836091965,370,69,1480,5721,7201
185,dinov2,D20,std_ctrl__tvn_efaar_e0.1_c304,0.14912837191894585,0.015938279583628458,0.002376849685495486,370,80,1480,5817,7297
186,dinov2,D20,std_ctrl__tvn_efaar_e0.1_c304,0.19245236669713478,0.010367828453697978,0.001995313123424071,370,62,1480,5721,7201
187,dinov2,D20,std_ctrl__tvn_efaar_e0.1_c304,0.17765732831197362,-0.01302458790770673,-0.002313913490047616,370,77,1480,5721,7201
188,dinov2,D20,std_ctrl__tvn_efaar_e0.1_c304,0.18032964589547326,0.02011436499392646,0.0036272163167670617,370,50,1480,5657,7137
189,dinov2,D20,std_ctrl__tvn_efaar_e0.1_c304,0.1756212928099686,0.039023173757299266,0.006853300224804937,370,49,1480,5753,7233
190,dinov2,D20,std_ctrl__tvn_efaar_e0.1_c304,0.18436762354607172,0.005089017039403478,0.0009382499777402849,370,78,1480,5721,7201
191,dinov2,D20,std_ctrl__tvn_efaar_e0.1_c304,0.18485263939302823,0.02998633961147505,0.005543054022916875,370,90,1480,5465,6945
192,dinov2,D20,std_ctrl__tvn_efaar_e0.1_c304,0.17588567834437516,-0.004573228547117632,-0.0008043654052336459,370,98,1480,5497,6977
193,dinov2,D20,std_ctrl__tvn_efaar_e0.1_c304,0.18365498484180168,0.02631129869743089,0.004832201163444787,370,85,1480,5721,7201
194,dinov2,D20,std_ctrl__tvn_efaar_e0.1_c304,0.1885852222994118,-0.0022486624507034123,-0.0004240645081422431,370,71,1480,5689,7169
195,dinov2,D20,std_ctrl__tvn_efaar_e0.1_c304,0.1754109375346902,0.030128277057610318,0.0052848293249803235,370,88,1480,5881,7361
196,dinov2,D20,std_ctrl__tvn_efaar_e0.1_c304,0.14632726192769938,0.005188256537157298,0.0007591833732607145,370,54,1480,5625,7105
197,dinov2,D20,std_ctrl__tvn_efaar_e0.1_c304,0.13399265200199043,-0.009053246807763534,-0.00121306854900079,370,79,1480,5433,6913
198,dinov2,D20,std_ctrl__tvn_efaar_e0.1_c304,0.1714043169925548,0.014380595118966916,0.0024648960843129913,370,82,1480,5753,7233
199,dinov2,D20,std_ctrl__tvn_efaar_e0.1_c304,0.19171644871264765,-0.023012840020246787,-0.004411939963474008,370,85,1480,5721,7201
200,dinov2,D20,std_ctrl__tvn_efaar_e0.1_c304,0.16302754535077657,0.04599827869491596,0.007498986465993071,370,51,1480,5561,7041
201,dinov2,D20,std_ctrl__tvn_efaar_e0.1_c304,0.1852498642097269,-0.016380033219350023,-0.0030343989296354075,370,83,1480,5689,7169
202,dinov2,D20,std_ctrl__tvn_efaar_e0.1_c304,0.175472513620485,0.032972487635443595,0.00578576528571165,370,34,1480,5657,7137
203,dinov2,D20,std_ctrl__tvn_efaar_e0.1_c304,0.1857622848247536,-0.0038083994487041824,-0.000707456983116621,370,71,1480,5465,6945
204,dinov2,D20,std_ctrl__tvn_efaar_e0.1_c304,0.1593689967916948,-0.028350218022788292,-0.004518145805117595,370,72,1480,5561,7041
205,dinov2,D20,std_ctrl__tvn_efaar_e0.1_c304,0.17427979636321078,0.023719820517517285,0.004133885489564821,370,72,1480,5721,7201
206,dinov2,D20,std_ctrl__tvn_efaar_e0.1_c304,0.1514635013221135,-0.05822774038700036,-0.00881937743309011,370,70,1480,5337,6817
207,dinov2,D20,std_ctrl__tvn_efaar_e0.1_c304,0.20146441500587878,-0.0034355758584249455,-0.0006921462805259015,370,53,1480,5657,7137
208,dinov2,D20,std_ctrl__tvn_efaar_e0.1_c304,0.1576483159990835,-0.0029074431060015418,-0.0004583535095242879,370,60,1480,5881,7361
209,dinov2,D20,std_ctrl__tvn_efaar_e0.1_c304,0.15926162366343072,0.009410995038708632,0.0014988103501532278,370,54,1480,5881,7361
210,dinov2,D20,std_ctrl__tvn_efaar_e0.1_c304,0.16062750679464016,-0.02668419852945118,-0.004286216280598947,370,74,1480,5657,7137
211,dinov2,D20,std_ctrl__tvn_efaar_e0.1_c304,0.1828600024299628,0.005776324549131698,0.001056258721090476,370,65,1480,5817,7297
212,dinov2,D20,std_ctrl__tvn_efaar_e0.1_c304,0.18179160770771655,-0.008759847885390266,-0.0015924668303601375,370,67,1480,5913,7393
213,dinov2,D20,std_ctrl__tvn_efaar_e0.1_c304,0.210823388898312,0.004956085775770084,0.0010448587989185687,370,67,1480,5753,7233
214,dinov2,D20,std_ctrl__tvn_efaar_e0.1_c304,0.2003436458571671,0.03062788025352149,0.0061361011948672314,370,96,1480,5657,7137
215,dinov2,D20,std_ctrl__tvn_efaar_e0.1_c304,0.1489060675221314,0.06578837992612474,0.009796288943451165,370,67,1480,5401,6881
216,dinov2,D20,std_ctrl__tvn_efaar_e0.1_c304,0.182508644253876,-0.010455524721776034,-0.001908223641934228,370,60,1480,5657,7137
217,dinov2,D20,std_ctrl__tvn_efaar_e0.1_c304,0.2250281736079924,0.0059328534652063865,0.001335059179559242,370,58,1480,5689,7169
218,dinov2,D20,std_ctrl__tvn_efaar_e0.1_c304,0.14970913095402766,-0.03032522659897739,-0.004539963320116869,370,96,1480,5785,7265
219,dinov2,D20,std_ctrl__tvn_efaar_e0.1_c304,0.13712805226331998,0.07625691487632216,0.010456962208599848,370,77,1480,5561,7041
220,dinov2,D20,std_ctrl__tvn_efaar_e0.1_c304,0.19139593475075473,0.016638600855772758,0.0031845605637353344,370,91,1480,5849,7329
221,dinov2,D20,std_ctrl__tvn_efaar_e0.1_c304,0.12606861726633997,-0.024099481174477567,-0.0030381882685025776,370,74,1480,5945,7425
222,dinov2,D20,std_ctrl__tvn_efaar_e0.1_c304,0.18721225211776404,-0.01548878363935276,-0.002899690067688008,370,60,1480,5465,6945
223,dinov2,D20,std_ctrl__tvn_efaar_e0.1_c304,0.17616840758471503,-0.041044637180232595,-0.007230768371933964,370,61,1480,5625,7105
224,dinov2,D20,std_ctrl__tvn_efaar_e0.1_c304,0.17919286502654158,-0.005603119699594447,-0.0010040390720569838,370,57,1480,5625,7105
225,dinov2,D20,std_ctrl__tvn_efaar_e0.1_c304,0.16879367635744635,-0.0014533435997061417,-0.00024531520920496457,370,86,1480,5786,7266
226,dinov2,D20,std_ctrl__tvn_efaar_e0.1_c304,0.1752249337269102,-0.022393452859049832,-0.003923891293143695,370,80,1480,5561,7041
227,dinov2,D20,std_ctrl__tvn_efaar_e0.1_c304,0.1691782285777685,0.06053533747005795,0.010241261159541819,370,45,1480,5721,7201
228,dinov2,D20,std_ctrl__tvn_efaar_e0.1_c304,0.19757621290603888,0.04892235951582518,0.009665894519564453,370,48,1480,5689,7169
229,dinov2,D20,std_ctrl__tvn_efaar_e0.1_c304,0.19885693514680525,0.05057897032783778,0.010057979022275024,370,63,1480,5721,7201
230,dinov2,D20,std_ctrl__tvn_efaar_e0.1_c304,0.17064282714785597,0.021454385614902673,0.0036610370160472844,370,87,1480,5785,7265
231,dinov2,D20,std_ctrl__tvn_efaar_e0.1_c304,0.20209563547692413,0.02137009164170455,0.004318802250530386,370,45,1480,5657,7137
232,dinov2,D20,std_ctrl__tvn_efaar_e0.1_c304,0.17172228232305675,0.011976293385842768,0.0020565964339874492,370,78,1480,5689,7169
233,dinov2,D20,std_ctrl__tvn_efaar_e0.1_c304,0.16970208425065514,0.018878494654720752,0.003203719890420964,370,75,1480,5689,7169
234,dinov2,D20,std_ctrl__tvn_efaar_e0.1_c304,0.1825173854053016,-0.0038396622989521055,-0.0007008051236440478,370,76,1480,5721,7201
235,dinov2,D20,std_ctrl__tvn_efaar_e0.1_c304,0.18900107533968447,0.010628931186884925,0.0020088794240327597,370,75,1480,5721,7201
236,dinov2,D20,std_ctrl__tvn_efaar_e0.1_c304,0.19219346329761114,0.040223526523931775,0.00773069886867777,370,71,1480,5689,7169
237,dinov2,D20,std_ctrl__tvn_efaar_e0.1_c304,0.1561534549706155,0.01506976158829364,0.002353195337595522,370,77,1480,5753,7233
238,dinov2,D20,std_ctrl__tvn_efaar_e0.1_c304,0.16751655938030977,-0.021643124149892858,-0.0036255816918309433,370,58,1480,5785,7265
239,dinov2,D20,std_ctrl__tvn_efaar_e0.1_c304,0.19896630266830337,0.08391427567090406,0.016696113171328544,370,58,1480,5657,7137
240,dinov2,D20,std_ctrl__tvn_efaar_e0.1_c304,0.16390834340032756,-0.016750844662428876,-0.002745603199174936,370,61,1480,5817,7297
241,dinov2,D20,std_ctrl__tvn_efaar_e0.1_c304,0.19710542750359952,0.04577704590985231,0.009022904203913341,370,86,1480,5785,7265
242,dinov2,D20,std_ctrl__tvn_efaar_e0.1_c304,0.16329182791280833,-0.0007946743454527095,-0.00012976382646438743,370,72,1480,5753,7233
243,dinov2,D20,std_ctrl__tvn_efaar_e0.1_c304,0.1730147128417852,0.0224204795373438,0.003879072828928659,370,75,1480,5849,7329
244,dinov2,D20,std_ctrl__tvn_efaar_e0.1_c304,0.1487852100856539,0.02719400052903464,0.004046065081781802,370,76,1480,5721,7201
245,dinov2,D20,std_ctrl__tvn_efaar_e0.1_c304,0.20294574671635715,-0.006613562218361496,-0.0013421943228604614,370,83,1480,5529,7009
246,dinov2,D20,std_ctrl__tvn_efaar_e0.1_c304,0.16584534101911644,-0.003860802156450917,-0.0006402960502439424,370,57,1480,5913,7393
247,dinov2,D20,std_ctrl__tvn_efaar_e0.1_c304,0.15967252273657678,0.003053627006908541,0.00048758032768962895,370,65,1480,5817,7297
248,dinov2,D20,std_ctrl__tvn_efaar_e0.1_c304,0.1997556378316762,0.022155671248563723,0.004425720241845777,370,72,1480,5721,7201
249,dinov2,D20,std_ctrl__tvn_efaar_e0.1_c304,0.1814612751132747,0.01987630818475353,0.0036067802277497943,370,70,1480,5657,7137
250,dinov2,D20,std_ctrl__tvn_efaar_e0.1_c304,0.21400573765587766,-0.008166668332821475,-0.0017477138807563564,370,81,1480,5817,7297
251,dinov2,D20,std_ctrl__tvn_efaar_e0.1_c304,0.16848560494401485,0.08235260932064434,0.013875229200106877,370,89,1480,5401,6881
252,dinov2,D20,std_ctrl__tvn_efaar_e0.1_c304,0.18350255963875414,0.008398995351145884,0.0015412371453292664,370,56,1480,5753,7233
253,dinov2,D20,std_ctrl__tvn_efaar_e0.1_c304,0.16678682856902888,0.04275965751470531,0.0071317476675755425,370,51,1480,5849,7329
254,dinov2,D20,std_ctrl__tvn_efaar_e0.1_c304,0.1590317836141909,0.0025380679973324083,0.0004036334805498704,370,58,1480,5625,7105
255,dinov2,D20,std_ctrl__tvn_efaar_e0.1_c304,0.174019269226504,0.019654984577939717,0.0034203460529112755,370,61,1480,5881,7361
256,dinov2,D20,std_ctrl__tvn_efaar_e0.1_c304,0.14966113824899224,0.05669183497403292,0.008484564551637794,370,58,1480,5721,7201
257,dinov2,D20,std_ctrl__tvn_efaar_e0.1_c304,0.18551520089774926,0.0005565999942799843,0.00010325775975853736,370,69,1480,5817,7297
258,dinov2,D20,std_ctrl__tvn_efaar_e0.1_c304,0.20735388878895206,-0.027211676636696984,-0.005642446971086591,370,65,1480,5689,7169
259,dinov2,D20,std_ctrl__tvn_efaar_e0.1_c304,0.18964259200285896,0.10816892707401005,0.020513435704483492,370,77,1480,5529,7009
260,dinov2,D20,std_ctrl__tvn_efaar_e0.1_c304,0.16531846395731542,-0.04149420683077927,-0.006859758536391574,370,92,1480,5721,7201
261,dinov2,D20,std_ctrl__tvn_efaar_e0.1_c304,0.17246115473816132,0.015001395853244724,0.0025871580515348497,370,90,1480,5660,7140
262,dinov2,D20,std_ctrl__tvn_efaar_e0.1_c304,0.16241588238251634,0.02679011172950417,0.004351139635673621,370,83,1480,5721,7201
263,dinov2,D20,std_ctrl__tvn_efaar_e0.1_c304,0.21523138928210955,0.04483700975693911,0.009650331901241507,370,54,1480,5881,7361
264,dinov2,D20,std_ctrl__tvn_efaar_e0.1_c304,0.17848303780011734,-0.06032525162085048,-0.010767034165345846,370,94,1480,5593,7073
265,dinov2,D20,std_ctrl__tvn_efaar_e0.1_c304,0.17990782433374417,0.010297582130399203,0.0018526155969781628,370,81,1480,5529,7009
266,dinov2,D20,std_ctrl__tvn_efaar_e0.1_c304,0.17780994028147923,-0.010282407372191835,-0.001828314240799272,370,47,1480,5625,7105
267,dinov2,D20,std_ctrl__tvn_efaar_e0.1_c304,0.19263064551798956,-0.008307538890129876,-0.0016002865790715206,370,64,1480,5721,7201
268,dinov2,D20,std_ctrl__tvn_efaar_e0.1_c304,0.19314810199429716,-0.03905577543817685,-0.0075435488977993485,370,75,1480,5692,7172
269,dinov2,D20,std_ctrl__tvn_efaar_e0.1_c304,0.17380560454270705,0.08135876748626905,0.01414060976780053,370,80,1480,5593,7073
270,dinov2,D20,std_ctrl__tvn_efaar_e0.1_c304,0.20933143878656907,0.02518892616204046,0.005272834154988581,370,71,1480,5465,6945
271,dinov2,D20,std_ctrl__tvn_efaar_e0.1_c304,0.17044685272130308,0.0012552714433145752,0.00021395706682389695,370,79,1480,5822,7302
272,dinov2,D20,std_ctrl__tvn_efaar_e0.1_c304,0.16828370994426042,0.021065944296340764,0.0035450552596673563,370,81,1480,5753,7233
273,dinov2,D20,std_ctrl__tvn_efaar_e0.1_c304,0.19540358356297938,0.09300763619099885,0.018174025410443027,370,78,1480,5721,7201
274,dinov2,D20,std_ctrl__tvn_efaar_e0.1_c304,0.14772301010536654,0.004187478249159738,0.0006185868917166265,370,69,1480,5721,7201
275,dinov2,D20,std_ctrl__tvn_efaar_e0.1_c304,0.1612773385626987,0.03142201339502583,0.0050676586926312345,370,55,1480,5693,7173
276,dinov2,D20,std_ctrl__tvn_efaar_e0.1_c304,0.17008109618741277,-0.011162636839743997,-0.001898553510045656,370,47,1480,5817,7297
277,dinov2,D20,std_ctrl__tvn_efaar_e0.1_c304,0.18536074757567186,0.04588170280961271,0.008504666732834615,370,59,1480,5497,6977
278,dinov2,D20,std_ctrl__tvn_efaar_e0.1_c304,0.16618922781397613,-0.010478958053940403,-0.0017414899472794015,370,55,1480,5657,7137
279,dinov2,D20,std_ctrl__tvn_efaar_e0.1_c304,0.16069932154879352,-0.026420144358135642,-0.0042456992735735825,370,69,1480,5849,7329
280,dinov2,D20,std_ctrl__tvn_efaar_e0.1_c304,0.18335748205580588,-0.042349493471368065,-0.007765096489248838,370,60,1480,5785,7265
281,dinov2,D20,std_ctrl__tvn_efaar_e0.1_c304,0.1480957916103656,0.023998703090996814,0.003554106931883301,370,75,1480,5753,7233
282,dinov2,D20,std_ctrl__tvn_efaar_e0.1_c304,0.17852502183712401,-0.02762281326528609,-0.004931363341387998,370,73,1480,5977,7457
283,dinov2,D20,std_ctrl__tvn_efaar_e0.1_c304,0.16107331532905955,-0.013760077946149474,-0.0022163813739725724,370,64,1480,5689,7169
284,dinov2,D20,std_ctrl__tvn_efaar_e0.1_c304,0.16597800884885586,-0.00442414788991041,-0.000734311257620197,370,61,1480,5561,7041
285,dinov2,D20,std_ctrl__tvn_efaar_e0.1_c304,0.20691136133564247,0.00463767585273577,0.0009595878241229947,370,61,1480,5593,7073
286,dinov2,D20,std_ctrl__tvn_efaar_e0.1_c304,0.1865028604367778,0.009357912138767487,0.0017452773815961815,370,86,1480,5593,7073
287,dinov2,D20,std_ctrl__tvn_efaar_e0.1_c304,0.18788147645584022,-0.005389441684370648,-0.0010125762609322078,370,58,1480,5881,7361
288,dinov2,D20,std_ctrl__tvn_efaar_e0.1_c304,0.16614015112445454,0.10415662733613647,0.017304597806239205,370,75,1480,5785,7265
289,dinov2,D20,std_ctrl__tvn_efaar_e0.1_c304,0.17971933395426268,0.01936705144400937,0.0034806335861753052,370,97,1480,5785,7265
290,dinov2,D20,std_ctrl__tvn_efaar_e0.1_c304,0.19387238638015405,0.0006510115211864521,0.0001262131571733917,370,57,1480,5625,7105
291,dinov2,D20,std_ctrl__tvn_efaar_e0.1_c304,0.16148418770079215,0.006149366332408097,0.0009930254270635209,370,76,1480,5849,7329
292,dinov2,D20,std_ctrl__tvn_efaar_e0.1_c304,0.19205139389982256,0.004189630326164093,0.0008046243440647823,370,74,1480,5657,7137
293,dinov2,D20,std_ctrl__tvn_efaar_e0.1_c304,0.20367568775327305,0.04051282309738204,0.008251477107185974,370,61,1480,5817,7297
294,dinov2,D20,std_ctrl__tvn_efaar_e0.1_c304,0.2028274205596756,-0.025604616475582598,-0.00519331831416219,370,72,1480,5721,7201
295,dinov2,D20,std_ctrl__tvn_efaar_e0.1_c304,0.16340535445695464,-0.028845597509649882,-0.004713525085586987,370,65,1480,5724,7204
296,dinov2,D20,std_ctrl__tvn_efaar_e0.1_c304,0.17298911646708354,-0.021527319536983863,-0.0037239919866074245,370,82,1480,5689,7169
297,dinov2,D20,std_ctrl__tvn_efaar_e0.1_c304,0.16076255626893302,-0.012004131910485327,-0.0019298149317190918,370,59,1480,5369,6849
298,dinov2,D20,std_ctrl__tvn_efaar_e0.1_c304,0.1772152358958382,-0.018700829828663588,-0.003314071969534545,370,62,1480,5689,7169
299,dinov2,D20,std_ctrl__tvn_efaar_e0.1_c304,0.18765019622561588,-0.007683229060271849,-0.0014417594408063668,370,96,1480,5625,7105
300,dinov2,D20,std_ctrl__tvn_efaar_e0.1_c304,0.1810768910961115,-0.009059862481218484,-0.0016405317318573458,370,49,1480,5625,7105
301,dinov2,D20,std_ctrl__tvn_efaar_e0.1_c304,0.1639746711581943,-0.0036072868255779458,-0.0005915036709974303,370,97,1480,5657,7137
302,dinov2,D20,std_ctrl__tvn_efaar_e0.1_c304,0.1654007407902806,0.060613276868970424,0.010025480895854089,370,118,1480,5689,7169
303,dinov2,D20,std_ctrl__tvn_efaar_e0.1_c304,0.1451667673688987,-0.054672679879786856,-0.007936656201543286,370,102,1480,5689,7169
304,dinov2,D20,std_ctrl__tvn_efaar_e0.1_c304,0.18679773603496924,0.021037271796410243,0.003929714743921744,370,57,1480,5785,7265
305,dinov2,D20,std_ctrl__tvn_efaar_e0.1_c304,0.1642200066807577,0.09461532563945972,0.015537729408614141,370,70,1480,5849,7329
306,dinov2,D20,std_ctrl__tvn_efaar_e0.1_c304,0.15043233934371172,0.03244260353409009,0.004880416744033742,370,74,1480,5657,7137
307,dinov2,D20,std_ctrl__tvn_efaar_e0.1_c304,0.1757668632486532,-0.0073095527407626825,-0.0012847771569944526,370,72,1480,5753,7233
308,dinov2,D20,std_ctrl__tvn_efaar_e0.1_c304,0.16383288588048947,-0.00782363132330084,-0.0012817680977613693,370,75,1480,5753,7233
309,dinov2,D20,std_ctrl__tvn_efaar_e0.1_c304,0.17791477831431513,-0.012401685374216832,-0.002206443104077672,370,73,1480,5849,7329
310,dinov2,D20,std_ctrl__tvn_efaar_e0.1_c304,0.18479661725327173,0.022597779643384098,0.004175993235532227,370,73,1480,5753,7233
311,dinov2,D20,std_ctrl__tvn_efaar_e0.1_c304,0.19088280190512602,-0.020181550395959015,-0.0038523108863701624,370,67,1480,5724,7204
312,dinov2,D20,std_ctrl__tvn_efaar_e0.1_c304,0.18548274655453514,-0.0007417745808175724,-0.00013758638657438232,370,93,1480,5689,7169
313,dinov2,D20,std_ctrl__tvn_efaar_e0.1_c304,0.1443117552757894,-0.005396737098063641,-0.000778812603383534,370,100,1480,5721,7201
314,dinov2,D20,std_ctrl__tvn_efaar_e0.1_c304,0.19279523933770912,0.011870328794421896,0.0022885428809378697,370,60,1480,5625,7105
315,dinov2,D20,std_ctrl__tvn_efaar_e0.1_c304,0.20835794314401987,0.06660973103976718,0.013878666552822265,370,52,1480,5593,7073
316,dinov2,D20,std_ctrl__tvn_efaar_e0.1_c304,0.1932734514394413,0.049839677020842764,0.009632686396445293,370,61,1480,5561,7041
317,dinov2,D20,std_ctrl__tvn_efaar_e0.1_c304,0.155601750667171,0.03830289616737598,0.005959997699266576,370,92,1480,5817,7297
318,dinov2,D20,std_ctrl__tvn_efaar_e0.1_c304,0.17464694921940582,-0.012810648034654076,-0.0022373405967759112,370,80,1480,5657,7137
319,dinov2,D20,std_ctrl__tvn_efaar_e0.1_c304,0.15804726594167584,0.035786828146111754,0.0056560103452175745,370,86,1480,5881,7361
320,dinov2,D20,std_ctrl__tvn_efaar_e0.1_c304,0.1727652476578783,0.03797935408111905,0.006561512513710783,370,82,1480,5529,7009
321,dinov2,D20,std_ctrl__tvn_efaar_e0.1_c304,0.205283154689224,0.004624183421059946,0.000949266960536794,370,73,1480,5529,7009
322,dinov2,D20,std_ctrl__tvn_efaar_e0.1_c304,0.16113177185742117,0.0002255275774979708,3.63396581649599e-05,370,72,1480,5657,7137
323,dinov2,D20,std_ctrl__tvn_efaar_e0.1_c304,0.20219763080299022,0.0922860596939138,0.0186600226262527,370,92,1480,5625,7105
324,dinov2,D20,std_ctrl__tvn_efaar_e0.1_c304,0.15673854839273046,0.029960842559096233,0.004696018971335883,370,61,1480,5721,7201
325,dinov2,D20,std_ctrl__tvn_efaar_e0.1_c304,0.16805648399284126,0.01576779073568535,0.0026498794713741758,370,100,1480,5689,7169
326,dinov2,D20,std_ctrl__tvn_efaar_e0.1_c304,0.1730570021006756,0.005496959327533977,0.0009512873018923759,370,46,1480,5663,7143
327,dinov2,D20,std_ctrl__tvn_efaar_e0.1_c304,0.17999666883058846,0.009083038296863733,0.0016349166362961336,370,79,1480,5497,6977
328,dinov2,D20,std_ctrl__tvn_efaar_e0.1_c304,0.15026248311454435,0.0003192290847957738,4.7968154963796405e-05,370,67,1480,5727,7207
329,dinov2,D20,std_ctrl__tvn_efaar_e0.1_c304,0.19269535928482892,-0.0183590801761978,-0.003537709550691415,370,113,1480,5561,7041
330,dinov2,D20,std_ctrl__tvn_efaar_e0.1_c304,0.21737510096331486,-0.012454048958530108,-0.0027072001497625486,370,45,1480,5593,7073
331,dinov2,D20,std_ctrl__tvn_efaar_e0.1_c304,0.17354679820514374,0.02874211323846234,0.004988101726184814,370,95,1480,5817,7297
332,dinov2,D20,std_ctrl__tvn_efaar_e0.1_c304,0.1920058016339112,0.056595410239859305,0.010866647111904253,370,100,1480,5689,7169
333,dinov2,D20,std_ctrl__tvn_efaar_e0.1_c304,0.17090188508771142,0.028704756403527446,0.004905696980346396,370,92,1480,5433,6913
334,dinov2,D20,std_ctrl__tvn_efaar_e0.1_c304,0.1884057694509463,0.022946470967342397,0.0043232475187859444,370,53,1480,5497,6977
335,dinov2,D20,std_ctrl__tvn_efaar_e0.1_c304,0.18463715738223205,-0.01759932876831375,-0.00324949003561679,370,71,1480,5593,7073
336,dinov2,D20,std_ctrl__tvn_efaar_e0.1_c304,0.1951015987932934,-0.07302938493844913,-0.014248149760382285,370,53,1480,5593,7073
337,dinov2,D20,std_ctrl__tvn_efaar_e0.1_c304,0.1712431159457047,0.0430677936763522,0.007375063186045269,370,95,1480,5593,7073
338,dinov2,D20,std_ctrl__tvn_efaar_e0.1_c304,0.1897342802434018,0.01632683012264736,0.0030977593619767887,370,87,1480,5561,7041
339,dinov2,D20,std_ctrl__tvn_efaar_e0.1_c304,0.1701071397164051,-0.030190202723856686,-0.005135569032813683,370,86,1480,5817,7297
340,dinov2,D20,std_ctrl__tvn_efaar_e0.1_c304,0.20612968072161106,0.04083649107031792,0.008417612866115554,370,93,1480,5625,7105
341,dinov2,D20,std_ctrl__tvn_efaar_e0.1_c304,0.18960050394786648,0.027916528843312048,0.005292987937167115,370,52,1480,5561,7041
342,dinov2,D20,std_ctrl__tvn_efaar_e0.1_c304,0.1594275425251345,-0.020778508532732085,-0.0033126665527110147,370,78,1480,5785,7265
343,dinov2,D20,std_ctrl__tvn_efaar_e0.1_c304,0.18004578718390268,0.006613029226260189,0.0011906480527121707,370,71,1480,5785,7265
344,dinov2,D20,std_ctrl__tvn_efaar_e0.1_c304,0.19792285471815182,0.02022081853167877,0.004002162128527569,370,48,1480,5561,7041
345,dinov2,D20,std_ctrl__tvn_efaar_e0.1_c304,0.19142212418453616,0.004413932194250038,0.000844924276629853,370,77,1480,5785,7265
346,dinov2,D20,std_ctrl__tvn_efaar_e0.1_c304,0.16398824712542334,0.009775911683345092,0.0016031346210047084,370,62,1480,5689,7169
347,dinov2,D20,std_ctrl__tvn_efaar_e0.1_c304,0.20152349134721811,-0.012565326552490416,-0.0025322084767757723,370,59,1480,5817,7297
348,dinov2,D20,std_ctrl__tvn_efaar_e0.1_c304,0.18774737284216467,0.004637926161869036,0.0008707584523268557,370,125,1480,5791,7271
349,dinov2,D20,std_ctrl__tvn_efaar_e0.1_c304,0.15415287798756652,0.0062878453321521454,0.0009692894542919394,370,84,1480,5689,7169
350,dinov2,D20,std_ctrl__tvn_efaar_e0.1_c304,0.17447434803354286,-0.05368713773967421,-0.009367028354916672,370,84,1480,5497,6977
351,dinov2,D20,std_ctrl__tvn_efaar_e0.1_c304,0.1857044789925812,-0.0014559084214725412,-0.00027036871487046957,370,91,1480,5689,7169
352,dinov2,D20,std_ctrl__tvn_efaar_e0.1_c304,0.17443249783170622,0.031478929872500186,0.005490948366729321,370,69,1480,5433,6913
353,dinov2,D20,std_ctrl__tvn_efaar_e0.1_c304,0.1927855130294674,0.043093730171421145,0.008307846879450864,370,90,1480,5593,7073
354,dinov2,D20,std_ctrl__tvn_efaar_e0.1_c304,0.1690822016283351,-0.00011618964432727506,-1.964560086926886e-05,370,67,1480,5625,7105
355,dinov2,D20,std_ctrl__tvn_efaar_e0.1_c304,0.19580241025693534,0.030614079825365195,0.0059943106176047235,370,67,1480,5561,7041
356,dinov2,D20,std_ctrl__tvn_efaar_e0.1_c304,0.20345887297424184,-0.0017667828385809533,-0.0003594676451279126,370,63,1480,5881,7361
357,dinov2,D20,std_ctrl__tvn_efaar_e0.1_c304,0.17072829059908318,0.0005107426953394333,8.719822731126977e-05,370,87,1480,5497,6977
358,dinov2,D20,std_ctrl__tvn_efaar_e0.1_c304,0.1772767216023984,0.0420558090191542,0.007455515947252235,370,70,1480,5561,7041
359,dinov2,D20,std_ctrl__tvn_efaar_e0.1_c304,0.17926067886814998,0.03550535071428235,0.006364713272494007,370,83,1480,5529,7009
360,dinov2,D20,std_ctrl__tvn_efaar_e0.1_c304,0.19533163326537129,-0.028795213649631744,-0.005624616112407881,370,63,1480,5657,7137
361,dinov2,D20,std_ctrl__tvn_efaar_e0.1_c304,0.16770158888562897,-0.02549780209083985,-0.004276021923725155,370,55,1480,5721,7201
362,dinov2,D20,std_ctrl__tvn_efaar_e0.1_c304,0.18175181315039682,0.002333949146746367,0.00042419948922197375,370,60,1480,5561,7041
363,dinov2,D20,std_ctrl__tvn_efaar_e0.1_c304,0.16371185074445527,0.01624770378622187,0.0026599416571900757,370,75,1480,5689,7169
364,dinov2,D20,std_ctrl__tvn_efaar_e0.1_c304,0.15904038228498604,0.006022619907236178,0.000957839772404009,370,67,1480,5785,7265
365,dinov2,D20,std_ctrl__tvn_efaar_e0.1_c304,0.22410019773608936,-0.0014313159251627763,-0.00032075818185179185,370,62,1480,5753,7233
366,dinov2,D20,std_ctrl__tvn_efaar_e0.1_c304,0.15472349720372028,-0.01618504229367663,-0.00250420634606777,370,83,1480,5660,7140
367,dinov2,D20,std_ctrl__tvn_efaar_e0.1_c304,0.1743275859090618,0.032891306622869765,0.005733862080959623,370,79,1480,5689,7169
368,dinov2,D20,std_ctrl__tvn_efaar_e0.1_c304,0.17431686875745914,0.01481307724900655,0.0025821692427091788,370,76,1480,5785,7265
369,dinov2,D20,std_ctrl__tvn_efaar_e0.1_c304,0.199964573516386,0.023812750049246774,0.004761706407849931,370,63,1480,5721,7201
370,dinov2,D20,std_ctrl__tvn_efaar_e0.1_c304,0.17575542157429086,-0.04745020027583197,-0.008339629953263381,370,56,1480,5817,7297
371,dinov2,D20,std_ctrl__tvn_efaar_e0.1_c304,0.19257783468046819,-0.006801943354768847,-0.0013099035228805842,370,63,1480,5529,7009
372,dinov2,D20,std_ctrl__tvn_efaar_e0.1_c304,0.18840001171474596,-0.005606762431620165,-0.0010563141077990367,370,77,1480,5881,7361
373,dinov2,D20,std_ctrl__tvn_efaar_e0.1_c304,0.18668425997288718,0.015872455000589328,0.0029631375157379712,370,74,1480,5721,7201
374,dinov2,D20,std_ctrl__tvn_efaar_e0.1_c304,0.175026571965445,0.024519165848007975,0.004291505545829049,370,69,1480,5563,7043
375,dinov2,D20,std_ctrl__tvn_efaar_e0.1_c304,0.1659181220433134,-0.01659835874263023,-0.0027539685115784206,370,93,1480,5273,6753
376,dinov2,D20,std_ctrl__tvn_efaar_e0.1_c304,0.18542714922509645,0.08199397823849154,0.015203909638388082,370,86,1480,5593,7073
377,dinov2,D20,std_ctrl__tvn_efaar_e0.1_c304,0.1764374501398521,0.016438196164157887,0.002900313416102715,370,79,1480,5817,7297
378,dinov2,D20,std_ctrl__tvn_efaar_e0.1_c304,0.17770247991330435,-0.04747352215922506,-0.0084361626179135,370,97,1480,5465,6945
379,dinov2,D20,std_ctrl__tvn_efaar_e0.1_c304,0.15815508722396474,0.010201994617095147,0.0016134973485251016,370,60,1480,5625,7105
380,dinov2,D20,std_ctrl__tvn_efaar_e0.1_c304,0.19071113382388452,-0.041975282750261744,-0.00800515376588056,370,58,1480,5689,7169
381,dinov2,D20,std_ctrl__tvn_efaar_e0.1_c304,0.15240633294860495,-0.011903066458284688,-0.001814102709750708,370,87,1480,5369,6849
382,dinov2,D20,std_ctrl__tvn_efaar_e0.1_c304,0.16642967024416022,-0.02989612677412436,-0.004975602520595127,370,65,1480,5753,7233
383,dinov2,D20,std_ctrl__tvn_efaar_e0.1_c304,0.1889135796272911,-0.0016814367165090315,-0.0003176462290324798,370,84,1480,6009,7489
384,dinov2,D20,std_ctrl__tvn_efaar_e0.1_c304,0.1740680177278145,0.030493197123070234,0.005307890377396331,370,65,1480,5561,7041
385,dinov2,D20,std_ctrl__tvn_efaar_e0.1_c304,0.2069267885480363,-0.0332225308113217,-0.006874631608224986,370,97,1480,5561,7041
386,dinov2,D20,std_ctrl__tvn_efaar_e0.1_c304,0.17162535978818205,0.008016516993969089,0.0013758376133380205,370,59,1480,5753,7233
387,dinov2,D20,std_ctrl__tvn_efaar_e0.1_c304,0.17686843760014104,-0.009253308585437367,-0.0016366182321382783,370,49,1480,5721,7201
388,dinov2,D20,std_ctrl__tvn_efaar_e0.1_c304,0.1788354223034522,-0.03734030936160133,-0.006677769993623523,370,49,1480,5657,7137
389,dinov2,D20,std_ctrl__tvn_efaar_e0.1_c304,0.17239614742213902,0.014002119800762823,0.0024139115093947594,370,59,1480,5721,7201
390,dinov2,D20,std_ctrl__tvn_efaar_e0.1_c304,0.18982510008221692,0.005447875817193767,0.0010341435722342961,370,73,1480,5753,7233
391,dinov2,D20,std_ctrl__tvn_efaar_e0.1_c304,0.17942589090642772,-0.02012833347053458,-0.003611544165412335,370,83,1480,5657,7137
392,dinov2,D20,std_ctrl__tvn_efaar_e0.1_c304,0.16607391083476633,-0.027763577186391147,-0.004610805842106876,370,57,1480,5945,7425
393,dinov2,D20,std_ctrl__tvn_efaar_e0.1_c304,0.16174595371124684,-0.0062224494406393155,-0.0010064560191962205,370,39,1480,5791,7271
394,dinov2,D20,std_ctrl__tvn_efaar_e0.1_c304,0.1691507434504144,-0.012045574795677926,-0.0020375179319764946,370,90,1480,5625,7105
395,dinov2,D20,std_ctrl__tvn_efaar_e0.1_c304,0.189440665098354,0.04925218708476932,0.00933036707888726,370,47,1480,5689,7169
396,dinov2,D20,std_ctrl__tvn_efaar_e0.1_c304,0.17780752530616947,-0.023512062221810705,-0.004180621598504838,370,81,1480,5657,7137
397,dinov2,D20,std_ctrl__tvn_efaar_e0.1_c304,0.16778380273284713,0.0592931420927548,0.009948428856301445,370,73,1480,5625,7105
398,dinov2,D20,std_ctrl__tvn_efaar_e0.1_c304,0.1732616449474559,-0.03821588788164521,-0.006621347597501396,370,87,1480,5913,7393
399,dinov2,D20,std_ctrl__tvn_efaar_e0.1_c304,0.19103791359346897,0.03482360653792267,0.006652629136804633,370,59,1480,5625,7105
400,dinov2,D20,std_ctrl__tvn_efaar_e0.1_c304,0.16964839573552049,0.05607925184396608,0.009513755109377074,370,49,1480,5497,6977
401,dinov2,D20,std_ctrl__tvn_efaar_e0.1_c304,0.1989335976433346,0.03668953099024736,0.007298780395736524,370,82,1480,5497,6977
402,dinov2,D20,std_ctrl__tvn_efaar_e0.1_c304,0.16876690653367563,-0.05455051379382675,-0.009206321462806743,370,64,1480,5657,7137
403,dinov2,D20,std_ctrl__tvn_efaar_e0.1_c304,0.1683304370703031,0.011831250653755648,0.0019915595936349974,370,81,1480,5785,7265
404,dinov2,D20,std_ctrl__tvn_efaar_e0.1_c304,0.1771982171291305,0.033371113322565066,0.005913301784372704,370,49,1480,5817,7297
405,dinov2,D20,std_ctrl__tvn_efaar_e0.1_c304,0.15568040578268236,-0.018281900213474173,-0.0028461336437121663,370,73,1480,5817,7297
406,dinov2,D20,std_ctrl__tvn_efaar_e0.1_c304,0.1954249985802374,0.057422343900613335,0.011221761475251264,370,85,1480,5529,7009
407,dinov2,D20,std_ctrl__tvn_efaar_e0.1_c304,0.15510055470732084,-0.00127379878136643,-0.00019756689757544259,370,82,1480,5785,7265
408,dinov2,D20,std_ctrl__tvn_efaar_e0.1_c304,0.19899991470561662,0.01606352875307551,0.003196640851733246,370,78,1480,5433,6913
409,dinov2,D20,std_ctrl__tvn_efaar_e0.1_c304,0.17363980153408792,0.04434624276489092,0.007700272792478142,370,50,1480,5689,7169
410,dinov2,D20,std_ctrl__tvn_efaar_e0.1_c304,0.18696145236063566,-0.00017977036474413818,-3.361012848396529e-05,370,82,1480,5561,7041
411,dinov2,D20,std_ctrl__tvn_efaar_e0.1_c304,0.1666054756695421,0.062251691531614584,0.010371472678858252,370,94,1480,5657,7137
412,dinov2,D20,std_ctrl__tvn_efaar_e0.1_c304,0.16158996132955575,-0.03799661956876034,-0.006139872286769824,370,64,1480,5753,7233
413,dinov2,D20,std_ctrl__tvn_efaar_e0.1_c304,0.2028532962606975,0.034349911217322754,0.006967992716696229,370,74,1480,5721,7201
414,dinov2,D20,std_ctrl__tvn_efaar_e0.1_c304,0.20001014722341795,-0.016754630399043784,-0.003351096092786701,370,80,1480,5945,7425
415,dinov2,D20,std_ctrl__tvn_efaar_e0.1_c304,0.18255964172773878,0.023571078316230135,0.004303127612547445,370,82,1480,5785,7265
416,dinov2,D20,std_ctrl__tvn_efaar_e0.1_c304,0.2204463235319212,0.05486756408132171,0.012095352782879465,370,64,1480,5701,7181
417,dinov2,D20,std_ctrl__tvn_efaar_e0.1_c304,0.17316808391531882,0.04079296441646161,0.007064039485224439,370,71,1480,5625,7105
418,dinov2,D20,std_ctrl__tvn_efaar_e0.1_c304,0.1606273513572417,0.00636558276030498,0.0010224866986331086,370,74,1480,5817,7297
419,dinov2,D20,std_ctrl__tvn_efaar_e0.1_c304,0.16635647230835865,0.06232142360024718,0.010367572179372009,370,60,1480,5625,7105
420,dinov2,D20,std_ctrl__tvn_efaar_e0.1_c304,0.16409078335977562,0.04474360395288219,0.007342013022967991,370,70,1480,5497,6977
421,dinov2,D20,std_ctrl__tvn_efaar_e0.1_c304,0.19076890675479766,0.04389025485172825,0.00837289593525365,370,63,1480,5657,7137
422,dinov2,D20,std_ctrl__tvn_efaar_e0.1_c304,0.16714716450785783,-0.012287329693345908,-0.002053792317615975,370,64,1480,5721,7201
423,dinov2,D20,std_ctrl__tvn_efaar_e0.1_c304,0.15910775381770464,-0.021408699490078387,-0.0034062900880246112,370,74,1480,5689,7169
424,dinov2,D20,std_ctrl__tvn_efaar_e0.1_c304,0.17424538062753794,0.020905289105819132,0.0036426500573721768,370,56,1480,5689,7169
425,dinov2,D20,std_ctrl__tvn_efaar_e0.1_c304,0.18183613161646048,-0.0041511293419730436,-0.0007548253013839613,370,66,1480,5721,7201
426,dinov2,D20,std_ctrl__tvn_efaar_e0.1_c304,0.21673360934862326,0.01323679697822179,0.0028688587853049584,370,46,1480,5625,7105
427,dinov2,D20,std_ctrl__tvn_efaar_e0.1_c304,0.17158367062414864,-0.010535689400243823,-0.0018077522598497703,370,47,1480,5849,7329
428,dinov2,D20,std_ctrl__tvn_efaar_e0.1_c304,0.18433933899743846,0.03211985517795606,0.005920952872197871,370,88,1480,5689,7169
429,dinov2,D20,std_ctrl__tvn_efaar_e0.1_c304,0.1989986147832191,0.03530024981307058,0.007024700814302634,370,59,1480,5625,7105
430,dinov2,D20,std_ctrl__tvn_efaar_e0.1_c304,0.18070663430230413,0.0006084905351070514,0.00010995827660400329,370,56,1480,5625,7105
431,dinov2,D20,std_ctrl__tvn_efaar_e0.1_c304,0.17542365967824397,0.02318905711888989,0.004067909264283501,370,78,1480,5817,7297
432,dinov2,D20,std_ctrl__tvn_efaar_e0.1_c304,0.15258106381026598,0.015163667667290801,0.002313688543940565,370,74,1480,5727,7207
433,dinov2,D20,std_ctrl__tvn_efaar_e0.1_c304,0.1891511071595565,0.006430033385623528,0.0012162479339636017,370,51,1480,5657,7137
434,dinov2,D20,std_ctrl__tvn_efaar_e0.1_c304,0.15905173895492655,0.02550183592696071,0.004056111350726322,370,81,1480,5945,7425
435,dinov2,D20,std_ctrl__tvn_efaar_e0.1_c304,0.1716687321527883,-0.02330811844465533,-0.004001275142261,370,89,1480,5881,7361
436,dinov2,D20,std_ctrl__tvn_efaar_e0.1_c304,0.18111166620839753,-0.003841378092578044,-0.0006957183868832455,370,69,1480,5689,7169
437,dinov2,D20,std_ctrl__tvn_efaar_e0.1_c304,0.18658280908387426,-0.018606304762413952,-0.003471616609241863,370,41,1480,5721,7201
438,dinov2,D20,std_ctrl__tvn_efaar_e0.1_c304,0.18476359257074726,-0.01462935122436175,-0.002702971489192337,370,77,1480,5753,7233
439,dinov2,D20,std_ctrl__tvn_efaar_e0.1_c304,0.16605236863233894,0.0505830129964827,0.008399429120626337,370,45,1480,5689,7169
440,dinov2,D20,std_ctrl__tvn_efaar_e0.1_c304,0.19443977358199066,0.02400211331392931,0.004666965478249699,370,65,1480,5721,7201
441,dinov2,D20,std_ctrl__tvn_efaar_e0.1_c304,0.17688017745521142,0.014181052373606898,0.0025083470603452355,370,74,1480,5657,7137
442,dinov2,D20,std_ctrl__tvn_efaar_e0.1_c304,0.18058375672868257,0.017925542125294448,0.003237061738383924,370,63,1480,5721,7201
443,dinov2,D20,std_ctrl__tvn_efaar_e0.1_c304,0.21585967982630097,0.0762644721452798,0.016462424539401947,370,57,1480,5657,7137
444,dinov2,D20,std_ctrl__tvn_efaar_e0.1_c304,0.1554609129945827,-0.011652718881136375,-0.001811542316130673,370,75,1480,5785,7265
445,dinov2,D20,std_ctrl__tvn_efaar_e0.1_c304,0.1824056368030379,0.12132709822486672,0.02213074661317154,370,101,1480,5785,7265
446,dinov2,D20,std_ctrl__tvn_efaar_e0.1_c304,0.16388568448253152,-0.032279480566285455,-0.005290144767346266,370,84,1480,5785,7265
447,dinov2,D20,std_ctrl__tvn_efaar_e0.1_c304,0.19347878437372332,-0.015184165117198974,-0.0029378138086055515,370,73,1480,5561,7041
448,dinov2,D20,std_ctrl__tvn_efaar_e0.1_c304,0.18543533396835385,-0.042650496614323824,-0.007908909083593284,370,66,1480,5529,7009
449,dinov2,D20,std_ctrl__tvn_efaar_e0.1_c304,0.15453492477094755,-0.0014227926502860793,-0.00021987115517661636,370,94,1480,5913,7393
450,dinov2,D20,std_ctrl__tvn_efaar_e0.1_c304,0.18782108555168392,0.0031224577297811807,0.0005864634003967479,370,76,1480,5625,7105
451,dinov2,D20,std_ctrl__tvn_efaar_e0.1_c304,0.1670459036209517,0.11809058099380766,0.019726547811233786,370,69,1480,5657,7137
452,dinov2,D20,std_ctrl__tvn_efaar_e0.1_c304,0.1632475649730713,0.014674561938469138,0.0023955865035015997,370,67,1480,5817,7297
453,dinov2,D20,std_ctrl__tvn_efaar_e0.1_c304,0.18126014663881426,0.024142520717899484,0.004376076845557072,370,77,1480,5753,7233
454,dinov2,D20,std_ctrl__tvn_efaar_e0.1_c304,0.16775591225673656,0.012891067536928254,0.0021625527946206014,370,66,1480,5689,7169
455,dinov2,D20,std_ctrl__tvn_efaar_e0.1_c304,0.18318106038633106,0.03296179559456333,0.006037976669249607,370,66,1480,5817,7297
456,dinov2,D20,std_ctrl__tvn_efaar_e0.1_c304,0.18100834767646956,0.003142240558207634,0.0005687717714431511,370,87,1480,5881,7361
457,dinov2,D20,std_ctrl__tvn_efaar_e0.1_c304,0.17079945306391361,0.019212498948500235,0.0032814843123948555,370,74,1480,5625,7105
458,dinov2,D20,std_ctrl__tvn_efaar_e0.1_c304,0.14543709321174447,0.009704646920965614,0.001411415638831545,370,124,1480,5465,6945
459,dinov2,D20,std_ctrl__tvn_efaar_e0.1_c304,0.17293214340018187,-0.03403993437752085,-0.005886598813106216,370,84,1480,5689,7169
460,dinov2,D20,std_ctrl__tvn_efaar_e0.1_c304,0.1802471477063422,0.010918881189997919,0.001968097190641556,370,75,1480,5657,7137
461,dinov2,D20,std_ctrl__tvn_efaar_e0.1_c304,0.18909439258266225,0.026780616562568714,0.005064064421888116,370,64,1480,5529,7009
462,dinov2,D20,std_ctrl__tvn_efaar_e0.1_c304,0.17170904953654004,0.05127833423926502,0.008804954034041215,370,86,1480,5785,7265
463,dinov2,D20,std_ctrl__tvn_efaar_e0.1_c304,0.17935851038320821,0.08590700320864168,0.01540815212698746,370,56,1480,5689,7169
464,dinov2,D20,std_ctrl__tvn_efaar_e0.1_c304,0.2020895786927188,-0.03782516660160451,-0.007644071982500153,370,51,1480,5561,7041
465,dinov2,D20,std_ctrl__tvn_efaar_e0.1_c304,0.1759296513821308,0.012257494320772803,0.002156456702672007,370,70,1480,5721,7201
466,dinov2,D20,std_ctrl__tvn_efaar_e0.1_c304,0.16792048576764998,0.04443608744398419,0.007461729389207597,370,88,1480,5657,7137
467,dinov2,D20,std_ctrl__tvn_efaar_e0.1_c304,0.17409086007233598,-0.029562967906373607,-0.005146642509111447,370,95,1480,5785,7265
468,dinov2,D20,std_ctrl__tvn_efaar_e0.1_c304,0.1689741362640044,0.016391152015139115,0.002769680754130127,370,73,1480,5657,7137
469,dinov2,D20,std_ctrl__tvn_efaar_e0.1_c304,0.16928796330380602,0.008934163370977202,0.0015124463208961965,370,68,1480,5817,7297
470,dinov2,D20,std_ctrl__tvn_efaar_e0.1_c304,0.16815066402132106,-0.008372045018168295,-0.0014077649290213917,370,79,1480,5561,7041
471,dinov2,D20,std_ctrl__tvn_efaar_e0.1_c304,0.1519445810853957,-0.052907192611170765,-0.008038961217708685,370,72,1480,5881,7361
472,dinov2,D20,std_ctrl__tvn_efaar_e0.1_c304,0.18530589991667878,0.0009070036051059227,0.00016807311927182495,370,100,1480,5753,7233
473,dinov2,D20,std_ctrl__tvn_efaar_e0.1_c304,0.15097294390467594,0.002672150160656274,0.0004034223763096305,370,82,1480,5721,7201
474,dinov2,D20,std_ctrl__tvn_efaar_e0.1_c304,0.19199260160629641,0.02729802940566427,0.005241019684318665,370,65,1480,5881,7361
475,dinov2,D20,std_ctrl__tvn_efaar_e0.1_c304,0.16763373796604805,-0.011410778883046044,-0.001912831517269055,370,90,1480,5337,6817
476,dinov2,D20,std_ctrl__tvn_efaar_e0.1_c304,0.15988939142004552,-0.011856173529436975,-0.001895676370192131,370,95,1480,5657,7137
477,dinov2,D20,std_ctrl__tvn_efaar_e0.1_c304,0.17582081080749568,0.018849313563303757,0.0033141015938647923,370,80,1480,5660,7140
478,dinov2,D20,std_ctrl__tvn_efaar_e0.1_c304,0.178646882691629,-0.006766398733935964,-0.0012087960408662451,370,50,1480,5817,7297
479,dinov2,D20,std_ctrl__tvn_efaar_e0.1_c304,0.17963579822754952,0.02451028028099198,0.004402923763056961,370,53,1480,5753,7233
480,dinov2,D20,std_ctrl__tvn_efaar_e0.1_c304,0.17436478158931346,0.058756662836020046,0.010245092682319566,370,63,1480,5721,7201
481,dinov2,D20,std_ctrl__tvn_efaar_e0.1_c304,0.1687915971472416,-0.01596345222025886,-0.002694496596241173,370,83,1480,5689,7169
482,dinov2,D20,std_ctrl__tvn_efaar_e0.1_c304,0.177148714115635,-0.02931759120157131,-0.0051935735823262115,370,68,1480,5785,7265
483,dinov2,D20,std_ctrl__tvn_efaar_e0.1_c304,0.19305810581986318,0.08324523589878216,0.01607116756114656,370,61,1480,5753,7233
484,dinov2,D20,std_ctrl__tvn_efaar_e0.1_c304,0.19373349391683314,0.029146248500425964,0.005646604556555781,370,49,1480,5561,7041
485,dinov2,D20,std_ctrl__tvn_efaar_e0.1_c304,0.17597764330055257,-0.022062806387651637,-0.003882560672695313,370,75,1480,5433,6913
486,dinov2,D20,std_ctrl__tvn_efaar_e0.1_c304,0.17389436926464524,0.01531591419612709,0.0026633512388469466,370,84,1480,5657,7137
487,dinov2,D20,std_ctrl__tvn_efaar_e0.1_c304,0.17125264048539288,-0.05907464574293449,-0.010116689069216705,370,40,1480,5529,7009
488,dinov2,D20,std_ctrl__tvn_efaar_e0.1_c304,0.14620436808474563,0.08954436634989867,0.013091777497735895,370,77,1480,5625,7105
489,dinov2,D20,std_ctrl__tvn_efaar_e0.1_c304,0.18798166231116714,-0.0051141607725302615,-0.0009613684433468013,370,57,1480,5849,7329
490,dinov2,D20,std_ctrl__tvn_efaar_e0.1_c304,0.22054961923031965,-0.02191456268838719,-0.004833248456522765,370,68,1480,5913,7393
491,dinov2,D20,std_ctrl__tvn_efaar_e0.1_c304,0.18535163188300455,-0.0029331896139587733,-0.0005436714815695387,370,75,1480,5913,7393
492,dinov2,D20,std_ctrl__tvn_efaar_e0.1_c304,0.1655844002002632,0.002255118700431113,0.0003734124773912828,370,85,1480,5561,7041
493,dinov2,D20,std_ctrl__tvn_efaar_e0.1_c304,0.16511126491014597,-0.025146064285708807,-0.004151898481725227,370,112,1480,5529,7009
494,dinov2,D20,std_ctrl__tvn_efaar_e0.1_c304,0.17234145514111093,-0.0013419022436501943,-0.00023126538532779607,370,68,1480,5689,7169
495,dinov2,D20,std_ctrl__tvn_efaar_e0.1_c304,0.18607905179012071,0.013678063537973979,0.0025452010934712216,370,65,1480,5369,6849
496,dinov2,D20,std_ctrl__tvn_efaar_e0.1_c304,0.17100487879194654,-0.010879083618613361,-0.001860376375568429,370,81,1480,5657,7137
497,dinov2,D20,std_ctrl__tvn_efaar_e0.1_c304,0.18117205757750263,0.06726283406124922,0.012186146045370648,370,98,1480,5753,7233
498,dinov2,D20,std_ctrl__tvn_efaar_e0.1_c304,0.19339688886915968,0.015500846388939888,0.0029978154664597224,370,84,1480,5945,7425
499,dinov2,D20,std_ctrl__tvn_efaar_e0.1_c304,0.173813161566093,0.006068887225540285,0.0010548524758592314,370,65,1480,5817,7297
500,dinov2,D20,std_ctrl__tvn_efaar_e0.1_c304,0.1718570663536738,0.0070601734808881135,0.0012133407023734366,370,72,1480,5753,7233
501,dinov2,D20,std_ctrl__tvn_efaar_e0.1_c304,0.17122165964539152,-0.001777162242658332,-0.0003042886686470856,370,83,1480,5593,7073
502,dinov2,D20,std_ctrl__tvn_efaar_e0.1_c304,0.18553938355831054,-0.03477018182500293,-0.006451238102021417,370,84,1480,5817,7297
503,dinov2,D20,std_ctrl__tvn_efaar_e0.1_c304,0.17209756673205892,0.012578594533967079,0.002164745512204911,370,83,1480,5785,7265
504,dinov2,D20,std_ctrl__tvn_efaar_e0.1_c304,0.18575373356359925,0.01134882053726111,0.0021080857863395035,370,71,1480,5721,7201
505,dinov2,D20,std_ctrl__tvn_efaar_e0.1_c304,0.16204523245959512,-0.02314313560532031,-0.0037502347890080623,370,62,1480,5625,7105
506,dinov2,D20,std_ctrl__tvn_efaar_e0.1_c304,0.18432915617824597,0.02267357285043765,0.00417940055106716,370,88,1480,5657,7137
507,dinov2,D20,std_ctrl__tvn_efaar_e0.1_c304,0.18552142720493164,-0.01478117761427479,-0.002742225166769846,370,83,1480,5657,7137
508,dinov2,D20,std_ctrl__tvn_efaar_e0.1_c304,0.19253505544676408,-0.01219889961314438,-0.002348715813406262,370,81,1480,5881,7361
509,dinov2,D20,std_ctrl__tvn_efaar_e0.1_c304,0.18613803422475106,0.02621138292925787,0.004878935292764257,370,61,1480,5593,7073
510,dinov2,D20,std_ctrl__tvn_efaar_e0.1_c304,0.16786447294583767,0.0171866257482022,0.002885023872939325,370,79,1480,5433,6913
511,dinov2,D20,std_ctrl__tvn_efaar_e0.1_c304,0.17024041766356057,-0.007256215054367689,-0.0012353010815121712,370,73,1480,5593,7073
512,dinov2,D20,std_ctrl__tvn_efaar_e0.1_c304,0.15869869620151467,0.009617643347563506,0.0015263074597894994,370,71,1480,5753,7233
513,dinov2,D20,std_ctrl__tvn_efaar_e0.1_c304,0.18186748385046056,0.0054178237342473535,0.0009853259704928725,370,73,1480,5497,6977
514,dinov2,D20,std_ctrl__tvn_efaar_e0.1_c304,0.2070128546176718,0.09163813107918872,0.018970271106531246,370,61,1480,5945,7425
515,dinov2,D20,std_ctrl__tvn_efaar_e0.1_c304,0.2140598443875242,0.0077131176329265794,0.0016510687602469326,370,61,1480,5497,6977
516,dinov2,D20,std_ctrl__tvn_efaar_e0.1_c304,0.1796988830631075,-0.05128845844828114,-0.009216478697184722,370,47,1480,5657,7137
517,dinov2,D20,std_ctrl__tvn_efaar_e0.1_c304,0.18230006869763501,-0.00547311973275683,-0.000997750103271952,370,82,1480,5753,7233
518,dinov2,D20,std_ctrl__tvn_efaar_e0.1_c304,0.19403794446025668,0.04440511919621236,0.008616278052345732,370,72,1480,5785,7265
519,dinov2,D20,std_ctrl__tvn_efaar_e0.1_c304,0.18273518609170009,0.011685894313524865,0.002135424072029906,370,86,1480,5881,7361
520,dinov2,D20,std_ctrl__tvn_efaar_e0.1_c304,0.1651602890285006,-0.03200596357811295,-0.005286114195196799,370,75,1480,5753,7233
521,dinov2,D20,std_ctrl__tvn_efaar_e0.1_c304,0.1988352057468781,-0.021685358957490387,-0.004311812810007507,370,66,1480,5849,7329
522,dinov2,D20,std_ctrl__tvn_efaar_e0.1_c304,0.16412753735795396,-0.0026346256460625032,-0.00043241461914834706,370,87,1480,5529,7009
523,dinov2,D20,std_ctrl__tvn_efaar_e0.1_c304,0.17945405990311925,0.017967993379472583,0.003224429360258723,370,63,1480,5433,6913
524,dinov2,D20,std_ctrl__tvn_efaar_e0.1_c304,0.175312363632743,0.0010142667099951083,0.0001778134942832483,370,84,1480,5817,7297
525,dinov2,D20,std_ctrl__tvn_efaar_e0.1_c304,0.18930610535256992,-0.024110096432916443,-0.0045641884553903,370,69,1480,5657,7137
526,dinov2,D20,std_ctrl__tvn_efaar_e0.1_c304,0.17916952883569606,0.04760406537526672,0.008529197963950212,370,55,1480,5913,7393
527,dinov2,D20,std_ctrl__tvn_efaar_e0.1_c304,0.19239163307242152,-0.022373405487094038,-0.004304456019053498,370,51,1480,5721,7201
528,dinov2,D20,std_ctrl__tvn_efaar_e0.1_c304,0.15809684721704234,0.006511353701564512,0.0010294244913323677,370,88,1480,5913,7393
529,dinov2,D20,std_ctrl__tvn_efaar_e0.1_c304,0.16747844686931282,0.02602647135067162,0.004358872999299149,370,56,1480,5401,6881
530,dinov2,D20,std_ctrl__tvn_efaar_e0.1_c304,0.16891051351502082,-0.026935963154731207,-0.004549767368487328,370,80,1480,5657,7137
531,dinov2,D20,std_ctrl__tvn_efaar_e0.1_c304,0.1839001095686471,0.0030776948164179065,0.0005659884139581102,370,64,1480,5689,7169
532,dinov2,D20,std_ctrl__tvn_efaar_e0.1_c304,0.1893113316693155,0.011009859490163696,0.0020842911615749403,370,61,1480,5657,7137
533,dinov2,D20,std_ctrl__tvn_efaar_e0.1_c304,0.18186560944789099,0.036312592023619,0.0066040116790080945,370,61,1480,5689,7169
534,dinov2,D20,std_ctrl__tvn_efaar_e0.1_c304,0.17697685578147027,0.012911338553553623,0.0022850081011379962,370,74,1480,5689,7169
535,dinov2,D20,std_ctrl__tvn_efaar_e0.1_c304,0.17176343321326717,0.039281973456752876,0.006747206624324306,370,89,1480,5433,6913
536,dinov2,D20,std_ctrl__tvn_efaar_e0.1_c304,0.17179615650168878,0.005355096852608139,0.0009199850569723688,370,90,1480,5593,7073
537,dinov2,D20,std_ctrl__tvn_efaar_e0.1_c304,0.19408751279603098,0.016819974570328786,0.003264547029647604,370,96,1480,5785,7265
538,dinov2,D20,std_ctrl__tvn_efaar_e0.1_c304,0.17755249825606165,-0.011398535265025373,-0.0020238384127650747,370,92,1480,5561,7041
539,dinov2,D20,std_ctrl__tvn_efaar_e0.1_c304,0.1942095458119618,-0.006995485013449228,-0.00135858996719636,370,68,1480,5721,7201
540,dinov2,D20,std_ctrl__tvn_efaar_e0.1_c304,0.1776850039284209,0.0034138432202588795,0.0006065887460027121,370,53,1480,5785,7265
541,dinov2,D20,std_ctrl__tvn_efaar_e0.1_c304,0.16251294993183113,-0.02075202307894006,-0.0033724724876119903,370,63,1480,5849,7329
542,dinov2,D20,std_ctrl__tvn_efaar_e0.1_c304,0.1868574372317913,0.021553921500521604,0.004027510533882672,370,72,1480,5593,7073
543,dinov2,D20,std_ctrl__tvn_efaar_e0.1_c304,0.17542887906251464,0.014784783311229928,0.00259367796347124,370,64,1480,5433,6913
544,dinov2,D20,std_ctrl__tvn_efaar_e0.1_c304,0.1861876739931728,-0.013249343335485593,-0.002466864417571008,370,50,1480,5817,7297
545,dinov2,D20,std_ctrl__tvn_efaar_e0.1_c304,0.19122356670390175,-0.019655202446524574,-0.003758537916111685,370,53,1480,5753,7233
546,dinov2,D20,std_ctrl__tvn_efaar_e0.1_c304,0.16546294360580188,0.03010161389583264,0.004980701642489778,370,85,1480,5785,7265
547,dinov2,D20,std_ctrl__tvn_efaar_e0.1_c304,0.17658182142795648,0.006407428020499397,0.001131435310528309,370,79,1480,5785,7265
548,dinov2,D20,std_ctrl__tvn_efaar_e0.1_c304,0.16489038954973206,-0.04787369178360797,-0.007893911687382927,370,84,1480,5786,7266
549,dinov2,D20,std_ctrl__tvn_efaar_e0.1_c304,0.1484669386105633,-0.017965997172255492,-0.0026673565992508096,370,82,1480,5881,7361
550,dinov2,D20,std_ctrl__tvn_efaar_e0.1_c304,0.18189982662477516,-0.039133307357177155,-0.007118341823524563,370,77,1480,5561,7041
551,dinov2,D20,std_ctrl__tvn_efaar_e0.1_c304,0.17090450266457302,0.06602324651058156,0.011283670109191447,370,56,1480,5529,7009
552,dinov2,D20,std_ctrl__tvn_efaar_e0.1_c304,0.16784438104946206,0.0010865019826940205,0.0001823632527942912,370,78,1480,5785,7265
553,dinov2,D20,std_ctrl__tvn_efaar_e0.1_c304,0.16710161133053703,0.025467078440316312,0.004255589843258035,370,89,1480,5753,7233
554,dinov2,D20,std_ctrl__tvn_efaar_e0.1_c304,0.1960100835064979,0.0228866981711176,0.0044860236197087735,370,47,1480,5657,7137
555,dinov2,D20,std_ctrl__tvn_efaar_e0.1_c304,0.18416054238160331,-0.008887879806026963,-0.0016367967657004248,370,53,1480,5593,7073
556,dinov2,D20,std_ctrl__tvn_efaar_e0.1_c304,0.1876291028120873,-0.0023356060961494743,-0.0004382276763429676,370,71,1480,5561,7041
557,dinov2,D20,std_ctrl__tvn_efaar_e0.1_c304,0.18300205664854038,0.06097763824212534,0.011159033207879624,370,60,1480,5465,6945
558,dinov2,D20,std_ctrl__tvn_efaar_e0.1_c304,0.20432069458418473,-0.021953745690898013,-0.004485604568288834,370,90,1480,5785,7265
559,dinov2,D20,std_ctrl__tvn_efaar_e0.1_c304,0.20241272101257887,-0.00991374227317198,-0.0020066675489301693,370,79,1480,5753,7233
560,dinov2,D20,std_ctrl__tvn_efaar_e0.1_c304,0.19039937783305746,0.019665216408189228,0.003744244969071662,370,56,1480,5785,7265
561,dinov2,D20,std_ctrl__tvn_efaar_e0.1_c304,0.15274538256594455,-0.0016260635026950927,-0.00024837369179568175,370,78,1480,5465,6945
562,dinov2,D20,std_ctrl__tvn_efaar_e0.1_c304,0.17663146163235202,0.03296529627994091,0.0058227084650695,370,67,1480,5785,7265
563,dinov2,D20,std_ctrl__tvn_efaar_e0.1_c304,0.1726009513822276,0.038737201479657125,0.006686077829273855,370,87,1480,5913,7393
564,dinov2,D20,std_ctrl__tvn_efaar_e0.1_c304,0.17279076294803514,0.002080792625524475,0.00035954174530101915,370,75,1480,5657,7137
565,dinov2,D20,std_ctrl__tvn_efaar_e0.1_c304,0.14742117158828877,-0.05365049598139312,-0.007909218973869751,370,78,1480,5625,7105
566,dinov2,D20,std_ctrl__tvn_efaar_e0.1_c304,0.19322387441046165,-0.03303190118655255,-0.006382551926409208,370,75,1480,5721,7201
567,dinov2,D20,std_ctrl__tvn_efaar_e0.1_c304,0.1406148741378478,-0.017916316816416755,-0.0025193006341542477,370,66,1480,5657,7137
568,dinov2,D20,std_ctrl__tvn_efaar_e0.1_c304,0.16297935527881777,0.008922450997307926,0.0014541753110480903,370,74,1480,5849,7329
569,dinov2,D20,std_ctrl__tvn_efaar_e0.1_c304,0.15991682905457386,-0.009893640499807881,-0.0015821596165351856,370,104,1480,5881,7361
570,dinov2,D20,std_ctrl__tvn_efaar_e0.1_c304,0.17634236528724556,-0.026121146683297642,-0.004606264790147796,370,68,1480,5433,6913
571,dinov2,D20,std_ctrl__tvn_efaar_e0.1_c304,0.18689976023495214,0.014072544237724367,0.0026301551439264414,370,88,1480,5657,7137
572,dinov2,D20,std_ctrl__tvn_efaar_e0.1_c304,0.17270104634032657,0.022717641206387987,0.003923360406727324,370,55,1480,5817,7297
573,dinov2,D20,std_ctrl__tvn_efaar_e0.1_c304,0.17810586256562105,0.004344435285554726,0.0007737693938942448,370,52,1480,5753,7233
574,dinov2,D20,std_ctrl__tvn_efaar_e0.1_c304,0.17010431104223445,0.04850160557022812,0.008250332199965854,370,72,1480,5657,7137
575,dinov2,D20,std_ctrl__tvn_efaar_e0.1_c304,0.16654892107205452,0.0325117697668907,0.005414800176818687,370,74,1480,5881,7361
576,dinov2,D20,std_ctrl__tvn_efaar_e0.1_c304,0.17839599788278965,0.04220544461082609,0.007529282407435127,370,119,1480,5721,7201
577,dinov2,D20,std_ctrl__tvn_efaar_e0.1_c304,0.20051883993912517,0.0193599283992145,0.003882030383915016,370,52,1480,5657,7137
578,dinov2,D20,std_ctrl__tvn_efaar_e0.1_c304,0.1847279179939653,-0.0024842252354228475,-0.0004589057555677309,370,57,1480,5785,7265
579,dinov2,D20,std_ctrl__tvn_efaar_e0.1_c304,0.1791646513517393,-0.03042537170977295,-0.005451151114628543,370,79,1480,5497,6977
580,dinov2,D20,std_ctrl__tvn_efaar_e0.1_c304,0.1870199889638433,0.003557196710122085,0.0006652668894692521,370,53,1480,5657,7137
581,dinov2,D20,std_ctrl__tvn_efaar_e0.1_c304,0.17702857323924945,0.023732633728417975,0.0042013542881515235,370,76,1480,5753,7233
582,dinov2,D20,std_ctrl__tvn_efaar_e0.1_c304,0.19072580310755569,0.031021973041570644,0.0059166907223345035,370,63,1480,5913,7393
583,dinov2,D20,std_ctrl__tvn_efaar_e0.1_c304,0.17480739980941323,-0.015032342632739795,-0.002627764728673433,370,49,1480,5721,7201
584,dinov2,D20,std_ctrl__tvn_efaar_e0.1_c304,0.1864304671878626,-0.029916517805612376,-0.0055773503911343255,370,86,1480,5945,7425
585,dinov2,D20,std_ctrl__tvn_efaar_e0.1_c304,0.19386403149829418,-0.02503217936475515,-0.004852839208839842,370,59,1480,5785,7265
586,dinov2,D20,std_ctrl__tvn_efaar_e0.1_c304,0.17987629508284778,-0.015273190152164103,-0.002747284858667115,370,57,1480,5721,7201
587,dinov2,D20,std_ctrl__tvn_efaar_e0.1_c304,0.16214651941975947,0.0008761186158571964,0.00014205958416010168,370,76,1480,5785,7265
588,dinov2,D20,std_ctrl__tvn_efaar_e0.1_c304,0.1749960174088747,-0.022572219491180757,-0.003950048515035608,370,96,1480,5817,7297
589,dinov2,D20,std_ctrl__tvn_efaar_e0.1_c304,0.18555378373491227,0.001705052186970717,0.00031637888475790363,370,67,1480,5849,7329
590,dinov2,D20,std_ctrl__tvn_efaar_e0.1_c304,0.21023215374758167,-0.007829932446372992,-0.0016461035618990651,370,80,1480,5849,7329
591,dinov2,D20,std_ctrl__tvn_efaar_e0.1_c304,0.1763603834537497,0.054598507211898066,0.00962901366789266,370,85,1480,5785,7265
592,dinov2,D20,std_ctrl__tvn_efaar_e0.1_c304,0.17628644665596874,0.018861215975158396,0.003324976743871466,370,56,1480,5817,7297
593,dinov2,D20,std_ctrl__tvn_efaar_e0.1_c304,0.17021193907432072,-0.014482710732388389,-0.0024651302768123034,370,50,1480,5689,7169
594,dinov2,D20,std_ctrl__tvn_efaar_e0.1_c304,0.17120905992267357,-0.030684058914312105,-0.005253388881331308,370,75,1480,5657,7137
595,dinov2,D20,std_ctrl__tvn_efaar_e0.1_c304,0.19359638016911845,0.01616642591539419,0.0031297615374925422,370,51,1480,5721,7201
596,dinov2,D20,std_ctrl__tvn_efaar_e0.1_c304,0.17126973575831345,0.01996506611458242,0.003419411597841789,370,66,1480,5785,7265
597,dinov2,D20,std_ctrl__tvn_efaar_e0.1_c304,0.1640466253575614,0.013424788947778946,0.0022022913230206236,370,89,1480,5625,7105
598,dinov2,D20,std_ctrl__tvn_efaar_e0.1_c304,0.1615403288573335,0.040271654061555404,0.00650549624073243,370,48,1480,5913,7393
599,dinov2,D20,std_ctrl__tvn_efaar_e0.1_c304,0.1913354464334627,0.03994207193909715,0.007642334165944636,370,63,1480,5721,7201
600,dinov2,D20,std_ctrl__tvn_efaar_e0.1_c304,0.18917465562170904,-0.008585818537548879,-0.0016242192650712947,370,77,1480,5849,7329
601,dinov2,D20,std_ctrl__tvn_efaar_e0.1_c304,0.1729970724932082,0.07022715980832293,0.01214909305635256,370,45,1480,5785,7265
602,dinov2,D20,std_ctrl__tvn_efaar_e0.1_c304,0.18545321702443265,0.029712376455443813,0.0055102557991030645,370,95,1480,5721,7201
603,dinov2,D20,std_ctrl__tvn_efaar_e0.1_c304,0.20948113080959951,0.008005225047200358,0.0016769435952728605,370,60,1480,5625,7105
604,dinov2,D20,std_ctrl__tvn_efaar_e0.1_c304,0.16360903473763233,0.010381196928211999,0.001698457608846039,370,66,1480,5369,6849
605,dinov2,D20,std_ctrl__tvn_efaar_e0.1_c304,0.18421651722059879,-0.03994885015676853,-0.00735923804284747,370,44,1480,5689,7169
606,dinov2,D20,std_ctrl__tvn_efaar_e0.1_c304,0.18104054379615778,-0.03204186558128124,-0.005800876769078547,370,92,1480,5561,7041
607,dinov2,D20,std_ctrl__tvn_efaar_e0.1_c304,0.17502422799243872,-0.023583452549336165,-0.004127675575843873,370,96,1480,5721,7201
608,dinov2,D20,std_ctrl__tvn_efaar_e0.1_c304,0.17899342131780088,0.018349512922571552,0.0032844420975262816,370,103,1480,5689,7169
609,dinov2,D20,std_ctrl__tvn_efaar_e0.1_c304,0.17390941151640324,0.04425604760588684,0.007696543195181707,370,57,1480,5663,7143
610,dinov2,D20,std_ctrl__tvn_efaar_e0.1_c304,0.15562775566962908,-0.004875404943691456,-0.0007587483293673157,370,49,1480,5753,7233
611,dinov2,D20,std_ctrl__tvn_efaar_e0.1_c304,0.17635293169868,0.0034202646113075416,0.0006031736913893311,370,66,1480,5561,7041
612,dinov2,D20,std_ctrl__tvn_efaar_e0.1_c304,0.19715382568619683,0.007092453053564578,0.0013983042530100053,370,61,1480,5529,7009
613,dinov2,D20,std_ctrl__tvn_efaar_e0.1_c304,0.18543902737648327,0.04760967948817777,0.008828692657993792,370,69,1480,5721,7201
614,dinov2,D20,std_ctrl__tvn_efaar_e0.1_c304,0.18581396359941912,0.03108406863383281,0.005775853997648855,370,84,1480,5593,7073
615,dinov2,D20,std_ctrl__tvn_efaar_e0.1_c304,0.18223782691599152,-0.04363413194716102,-0.007951789385416267,370,56,1480,5689,7169
616,dinov2,D20,std_ctrl__tvn_efaar_e0.1_c304,0.17434473178212412,0.0014855810893319107,0.0002590032365601677,370,68,1480,5625,7105
617,dinov2,D20,std_ctrl__tvn_efaar_e0.1_c304,0.17988689709285002,-0.0268172586642898,-0.00482407344965544,370,82,1480,5849,7329
618,dinov2,D20,std_ctrl__tvn_efaar_e0.1_c304,0.17287849005517777,-0.00898219986077289,-0.0015528291493042453,370,63,1480,5823,7303
619,dinov2,D20,std_ctrl__tvn_efaar_e0.1_c304,0.19396609819447352,0.027038081271825578,0.005244471126961076,370,58,1480,5593,7073
620,dinov2,D20,std_ctrl__tvn_efaar_e0.1_c304,0.16005060243101504,-0.03543080837994381,-0.005670722225827862,370,71,1480,5657,7137
621,dinov2,D20,std_ctrl__tvn_efaar_e0.1_c304,0.18985130267100944,0.03556786342216361,0.006752605203922309,370,67,1480,5561,7041
622,dinov2,D20,std_ctrl__tvn_efaar_e0.1_c304,0.19517940687085883,0.05356911360129471,0.010455587819298357,370,68,1480,5657,7137
623,dinov2,D20,std_ctrl__tvn_efaar_e0.1_c304,0.16387839088690384,0.04521151962841848,0.0074091910862568895,370,96,1480,5753,7233
624,dinov2,D20,std_ctrl__tvn_efaar_e0.1_c304,0.16429023686293928,0.012974393978187702,0.0021315662598295508,370,86,1480,5593,7073
625,dinov2,D20,std_ctrl__tvn_efaar_e0.1_c304,0.20676285940860958,0.039876553969008736,0.008244990321993986,370,43,1480,5433,6913
626,dinov2,D20,std_ctrl__tvn_efaar_e0.1_c304,0.18846751404872103,-0.005308962044741391,-0.0010005668787514248,370,80,1480,5881,7361
627,dinov2,D20,std_ctrl__tvn_efaar_e0.1_c304,0.18980270973880697,0.005170343977363544,0.0009813452971853215,370,83,1480,5657,7137
628,dinov2,D20,std_ctrl__tvn_efaar_e0.1_c304,0.19349546284536392,-0.00829419183451736,-0.0016048884879481748,370,69,1480,5753,7233
629,dinov2,D20,std_ctrl__tvn_efaar_e0.1_c304,0.17075431562733237,0.022962727420290725,0.003920984805588722,370,61,1480,5529,7009
630,dinov2,D20,std_ctrl__tvn_efaar_e0.1_c304,0.1772540881857158,0.01719995896465963,0.0030487630431124714,370,72,1480,5593,7073
631,dinov2,D20,std_ctrl__tvn_efaar_e0.1_c304,0.1451598700950485,0.0001146274470978458,1.663930533005034e-05,370,75,1480,5561,7041
632,dinov2,D20,std_ctrl__tvn_efaar_e0.1_c304,0.1933848946778038,-0.0178828118348467,-0.003458265683224812,370,74,1480,5657,7137
633,dinov2,D20,std_ctrl__tvn_efaar_e0.1_c304,0.17813526854816678,-0.00941848996355332,-0.0016777652389757844,370,75,1480,5625,7105
634,dinov2,D20,std_ctrl__tvn_efaar_e0.1_c304,0.15814485918220997,0.03658193819442147,0.005785245464369092,370,68,1480,5529,7009
635,dinov2,D20,std_ctrl__tvn_efaar_e0.1_c304,0.17385642401838566,0.03407044226680618,0.005923365257231784,370,80,1480,5657,7137
636,dinov2,D20,std_ctrl__tvn_efaar_e0.1_c304,0.20531783506150572,0.07958183026165595,0.01633956909955542,370,86,1480,5753,7233
637,dinov2,D20,std_ctrl__tvn_efaar_e0.1_c304,0.17890308450541542,0.053184766366733444,0.00951491875170849,370,74,1480,5561,7041
638,dinov2,D20,std_ctrl__tvn_efaar_e0.1_c304,0.183615820849164,-0.004143920867654345,-0.0007608894316483325,370,94,1480,5721,7201
639,dinov2,D20,std_ctrl__tvn_efaar_e0.1_c304,0.19544163857794664,-0.03935863434955876,-0.007692315989468019,370,69,1480,5753,7233
640,dinov2,D20,std_ctrl__tvn_efaar_e0.1_c304,0.16306741785164403,0.005004192876936543,0.0008160208108736319,370,99,1480,5689,7169
641,dinov2,D20,std_ctrl__tvn_efaar_e0.1_c304,0.1590014058926583,0.021597365701163277,0.0034340115100628386,370,74,1480,5849,7329
642,dinov2,D20,std_ctrl__tvn_efaar_e0.1_c304,0.17526676133609917,0.0059274167834383615,0.0010388791427224798,370,63,1480,5497,6977
643,dinov2,D20,std_ctrl__tvn_efaar_e0.1_c304,0.18825820288164422,-0.008067442180033454,-0.0015187621666646722,370,68,1480,5625,7105
644,dinov2,D20,std_ctrl__tvn_efaar_e0.1_c304,0.16380395881968465,0.028095820755634836,0.00460220666606125,370,74,1480,5753,7233
645,dinov2,D20,std_ctrl__tvn_efaar_e0.1_c304,0.15250186790729864,-0.008261500906308113,-0.001259894319929828,370,88,1480,5721,7201
646,dinov2,D20,std_ctrl__tvn_efaar_e0.1_c304,0.1588908192067498,0.06505968883767238,0.010337387256754,370,50,1480,5817,7297
647,dinov2,D20,std_ctrl__tvn_efaar_e0.1_c304,0.21779310635185287,0.06609766830038225,0.014395616501754645,370,81,1480,5625,7105
648,dinov2,D20,std_ctrl__tvn_efaar_e0.1_c304,0.16689904855654183,0.07691166526392491,0.012836483755448297,370,74,1480,5593,7073
649,dinov2,D20,std_ctrl__tvn_efaar_e0.1_c304,0.16877181430048796,0.0390690717930564,0.006593758129550147,370,83,1480,5785,7265
650,dinov2,D20,std_ctrl__tvn_efaar_e0.1_c304,0.1745220392885854,0.008272360524786356,0.0014437092285161073,370,74,1480,5721,7201
651,dinov2,D20,std_ctrl__tvn_efaar_e0.1_c304,0.18637458185775788,-0.0013310058227456595,-0.0002480656536644633,370,104,1480,5881,7361
652,dinov2,D20,std_ctrl__tvn_efaar_e0.1_c304,0.15408177805519346,0.00661424881868062,0.0010191352184817728,370,82,1480,5497,6977
653,dinov2,D20,std_ctrl__tvn_efaar_e0.1_c304,0.17331030146678353,-0.019071590453843802,-0.0033053030910067003,370,55,1480,5401,6881
654,dinov2,D20,std_ctrl__tvn_efaar_e0.1_c304,0.1936856062265882,-0.017411934685686192,-0.0033724411251748886,370,72,1480,5785,7265
655,dinov2,D20,std_ctrl__tvn_efaar_e0.1_c304,0.19063473518387883,-1.6844326520809024e-05,-3.2111137256452152e-06,370,77,1480,5657,7137
656,dinov2,D20,std_ctrl__tvn_efaar_e0.1_c304,0.187250321389875,-0.01462413178646682,-0.0027383733770637987,370,56,1480,5625,7105
657,dinov2,D20,std_ctrl__tvn_efaar_e0.1_c304,0.17500330942480935,-0.014203212576110777,-0.002485609205283458,370,82,1480,5401,6881
658,dinov2,D20,std_ctrl__tvn_efaar_e0.1_c304,0.18845698217647383,-0.04446656078832065,-0.008380033853933634,370,67,1480,5657,7137
659,dinov2,D20,std_ctrl__tvn_efaar_e0.1_c304,0.16952935690985727,0.016958368023353855,0.0028749412252398665,370,61,1480,5561,7041
660,dinov2,D20,std_ctrl__tvn_efaar_e0.1_c304,0.16481380118065897,0.05537632947656399,0.009126783356465083,370,82,1480,5785,7265
661,dinov2,D20,std_ctrl__tvn_efaar_e0.1_c304,0.16978478357411755,0.0026359688161090465,0.0004475473949511973,370,73,1480,5689,7169
662,dinov2,D20,std_ctrl__tvn_efaar_e0.1_c304,0.17469201050700187,0.050233973800807866,0.008775473879019184,370,71,1480,5628,7108
663,dinov2,D20,std_ctrl__tvn_efaar_e0.1_c304,0.15094258449648923,0.015819024627642116,0.002387764461509914,370,90,1480,5721,7201
664,dinov2,D20,std_ctrl__tvn_efaar_e0.1_c304,0.17881144920952985,0.017342152771399378,0.003100975469466987,370,61,1480,5593,7073
665,dinov2,D20,std_ctrl__tvn_efaar_e0.1_c304,0.18497710223725908,0.005173062899302736,0.0009568981848040941,370,66,1480,5785,7265
666,dinov2,D20,std_ctrl__tvn_efaar_e0.1_c304,0.20930073486123005,0.1336590165999457,0.02797493039519798,370,64,1480,5657,7137
667,dinov2,D20,std_ctrl__tvn_efaar_e0.1_c304,0.1935575220699576,0.009935791098871348,0.0019231471049022792,370,75,1480,5753,7233
668,dinov2,D20,std_ctrl__tvn_efaar_e0.1_c304,0.1655335501328933,0.0017168408211057581,0.0002841947561307077,370,76,1480,5625,7105
669,dinov2,D20,std_ctrl__tvn_efaar_e0.1_c304,0.19165004089812226,0.055205034678120206,0.010580047153843995,370,62,1480,5753,7233
670,dinov2,D20,std_ctrl__tvn_efaar_e0.1_c304,0.1606088038202778,-0.004220321907340875,-0.0006778208532745313,370,65,1480,5721,7201
671,dinov2,D20,std_ctrl__tvn_efaar_e0.1_c304,0.18103981544468808,0.0005920437459308033,0.00010718349049849443,370,81,1480,5817,7297
672,dinov2,D20,std_ctrl__tvn_efaar_e0.1_c304,0.1871636834681397,-0.02848596873348305,-0.005331538835316945,370,71,1480,5625,7105
673,dinov2,D20,std_ctrl__tvn_efaar_e0.1_c304,0.22374131098820801,0.057554849576727615,0.012877397498026145,370,46,1480,5657,7137
674,dinov2,D20,std_ctrl__tvn_efaar_e0.1_c304,0.17486480314291017,-0.01778036628171883,-0.003109160249661601,370,67,1480,5753,7233
675,dinov2,D20,std_ctrl__tvn_efaar_e0.1_c304,0.19662040060023592,0.051893831577197534,0.010203385953389751,370,76,1480,5497,6977
676,dinov2,D20,std_ctrl__tvn_efaar_e0.1_c304,0.19851429765026127,0.010515823654102679,0.002087541346908197,370,80,1480,5593,7073
677,dinov2,D20,std_ctrl__tvn_efaar_e0.1_c304,0.16117148376521687,-0.07451240844156366,-0.012009275427446685,370,110,1480,5657,7137
678,dinov2,D20,std_ctrl__tvn_efaar_e0.1_c304,0.1782873819408484,0.0015536016647451957,0.0002769875733863646,370,79,1480,5913,7393
679,dinov2,D20,std_ctrl__tvn_efaar_e0.1_c304,0.17806776093392915,-0.04142938200577943,-0.007377237290645558,370,86,1480,5785,7265
680,dinov2,D20,std_ctrl__tvn_efaar_e0.1_c304,0.1915166002768246,-0.001049343849452303,-0.00020096676656850115,370,79,1480,5625,7105
681,dinov2,D20,std_ctrl__tvn_efaar_e0.1_c304,0.18516445025774278,0.030561320498616283,0.005658870109276969,370,78,1480,5561,7041
682,dinov2,D20,std_ctrl__tvn_efaar_e0.1_c304,0.19158372843760604,0.011726796319856897,0.0022466633615865817,370,71,1480,5657,7137
683,dinov2,D20,std_ctrl__tvn_efaar_e0.1_c304,0.1989864081473656,-0.020837077784266425,-0.004146295264578443,370,75,1480,5433,6913
684,dinov2,D20,std_ctrl__tvn_efaar_e0.1_c304,0.18067923938678124,0.08033337882283402,0.01451457378307981,370,86,1480,5721,7201
685,dinov2,D20,std_ctrl__tvn_efaar_e0.1_c304,0.16236065572088043,-0.021694198645001477,-0.0035222843173414757,370,80,1480,5625,7105
686,dinov2,D20,std_ctrl__tvn_efaar_e0.1_c304,0.1751298771623421,-0.009227783249729544,-0.001616060547005853,370,93,1480,5369,6849
687,dinov2,D20,std_ctrl__tvn_efaar_e0.1_c304,0.14441714419313292,-0.0031287237263015483,-0.0004518413455217669,370,49,1480,5497,6977
688,dinov2,D20,std_ctrl__tvn_efaar_e0.1_c304,0.20649050784439243,0.04700750881555736,0.009706604367824194,370,59,1480,5721,7201
689,dinov2,D20,std_ctrl__tvn_efaar_e0.1_c304,0.16912697880282426,0.07474474445344276,0.01264135281079993,370,73,1480,5881,7361
690,dinov2,D20,std_ctrl__tvn_efaar_e0.1_c304,0.18616904293392364,0.0037278068848522546,0.0006940022399954355,370,88,1480,5465,6945
691,dinov2,D20,std_ctrl__tvn_efaar_e0.1_c304,0.1685407088230117,0.0443754817688782,0.007479075151689364,370,77,1480,5561,7041
692,dinov2,D20,std_ctrl__tvn_efaar_e0.1_c304,0.1913789965413497,0.04525671044667138,0.008661183832046388,370,63,1480,5657,7137
693,dinov2,D20,std_ctrl__tvn_efaar_e0.1_c304,0.16903571951608984,0.019167676569162663,0.003240022000320107,370,91,1480,5945,7425
694,dinov2,D20,std_ctrl__tvn_efaar_e0.1_c304,0.19165313103473883,0.021328472254785093,0.004087668487817119,370,73,1480,5337,6817
695,dinov2,D20,std_ctrl__tvn_efaar_e0.1_c304,0.16289262459401946,0.015298011251154986,0.0024919332037694752,370,77,1480,5721,7201
696,dinov2,D20,std_ctrl__tvn_efaar_e0.1_c304,0.1844378429581047,-0.02005515437042509,-0.0036989294122730097,370,92,1480,5849,7329
697,dinov2,D20,std_ctrl__tvn_efaar_e0.1_c304,0.17990452335651844,0.16225176348945394,0.029189826174324772,370,59,1480,5849,7329
698,dinov2,D20,std_ctrl__tvn_efaar_e0.1_c304,0.16481834802874176,-0.014157475462058308,-0.0023334117179138977,370,76,1480,5657,7137
699,dinov2,D20,std_ctrl__tvn_efaar_e0.1_c304,0.16872804828201204,0.06401821127523676,0.010801667842976195,370,60,1480,5529,7009
700,dinov2,D20,std_ctrl__tvn_efaar_e0.1_c304,0.19709944132863347,0.005745755567628124,0.0011324852123903886,370,74,1480,5913,7393
701,dinov2,D20,std_ctrl__tvn_efaar_e0.1_c304,0.1787070288133646,-0.05293564922605264,-0.00945997259149435,370,108,1480,5785,7265
702,dinov2,D20,std_ctrl__tvn_efaar_e0.1_c304,0.14793293058607376,-0.04034350594713154,-0.005968133064875865,370,97,1480,5689,7169
703,dinov2,D20,std_ctrl__tvn_efaar_e0.1_c304,0.1825228517965374,-0.019254747818986607,-0.0035144314825445943,370,71,1480,5401,6881
704,dinov2,D20,std_ctrl__tvn_efaar_e0.1_c304,0.19644262944677682,0.028612600368517625,0.005620734451701417,370,63,1480,5689,7169
705,dinov2,D20,std_ctrl__tvn_efaar_e0.1_c304,0.16675245528822955,-0.026438044459995647,-0.004408608826723649,370,84,1480,5529,7009
706,dinov2,D20,std_ctrl__tvn_efaar_e0.1_c304,0.1719825338550826,-0.0170562564756671,-0.0029333782067673887,370,74,1480,5753,7233
707,dinov2,D20,std_ctrl__tvn_efaar_e0.1_c304,0.15083740287397238,-0.013122811554771394,-0.0019794108133262727,370,71,1480,5593,7073
708,dinov2,D20,std_ctrl__tvn_efaar_e0.1_c304,0.20062508240689814,0.027299731678565222,0.005477010917698355,370,97,1480,5593,7073
709,dinov2,D20,std_ctrl__tvn_efaar_e0.1_c304,0.17784672287289363,0.021369277111298275,0.0038004559044071333,370,67,1480,5785,7265
710,dinov2,D20,std_ctrl__tvn_efaar_e0.1_c304,0.20957629932202737,0.008366445763689272,0.0017534087416324507,370,68,1480,5689,7169
711,dinov2,D20,std_ctrl__tvn_efaar_e0.1_c304,0.15059472838815938,-0.009596547586028625,-0.0014451894771820273,370,72,1480,5881,7361
712,dinov2,D20,std_ctrl__tvn_efaar_e0.1_c304,0.1686816387638453,-0.00048759927903180744,-8.224904544715474e-05,370,75,1480,5753,7233
713,dinov2,D20,std_ctrl__tvn_efaar_e0.1_c304,0.18718148708607954,0.01791559158566599,0.003353467075031814,370,55,1480,5529,7009
714,dinov2,D20,std_ctrl__tvn_efaar_e0.1_c304,0.15767247508741086,-0.023853556580508438,-0.0037610493056863623,370,69,1480,5881,7361
715,dinov2,D20,std_ctrl__tvn_efaar_e0.1_c304,0.11670241247991221,0.01833538770294571,0.0021397839786882803,370,65,1480,5561,7041
716,dinov2,D20,std_ctrl__tvn_efaar_e0.1_c304,0.1785944501071886,0.0020241005044398025,0.0003614931165521096,370,72,1480,5721,7201
717,dinov2,D20,std_ctrl__tvn_efaar_e0.1_c304,0.16995385871104557,0.026440167092695515,0.00449360842236841,370,73,1480,5529,7009
718,dinov2,D20,std_ctrl__tvn_efaar_e0.1_c304,0.16922326163461374,0.031572655666442975,0.005342827770342049,370,74,1480,5657,7137
719,dinov2,D20,std_ctrl__tvn_efaar_e0.1_c304,0.17196408876465868,0.0021473372757690214,0.00036926489789800433,370,76,1480,5529,7009
720,dinov2,D20,std_ctrl__tvn_efaar_e0.1_c304,0.1641859829610467,0.04308625201730151,0.00707415863956803,370,60,1480,5625,7105
721,dinov2,D20,std_ctrl__tvn_efaar_e0.1_c304,0.16675159576870863,-0.040961669361028484,-0.006830423731301719,370,72,1480,5689,7169
722,dinov2,D20,std_ctrl__tvn_efaar_e0.1_c304,0.15593172878536357,0.018415994477254217,0.0028716378561399578,370,86,1480,5593,7073
723,dinov2,D20,std_ctrl__tvn_efaar_e0.1_c304,0.1653190500728363,0.03546643666934505,0.005863277619644531,370,80,1480,5721,7201
724,dinov2,D20,std_ctrl__tvn_efaar_e0.1_c304,0.1746335232150529,0.006495515453653087,0.0011343347487692613,370,53,1480,5913,7393
725,dinov2,D20,std_ctrl__tvn_efaar_e0.1_c304,0.18911954160762803,-0.0355811465425578,-0.00672909012400237,370,60,1480,5721,7201
726,dinov2,D20,std_ctrl__tvn_efaar_e0.1_c304,0.18654473619308007,0.0019851766937865347,0.00037032426263906,370,75,1480,5785,7265
727,dinov2,D20,std_ctrl__tvn_efaar_e0.1_c304,0.2041504584806032,0.002762396134877187,0.0005639444374402239,370,51,1480,5913,7393
728,dinov2,D20,std_ctrl__tvn_efaar_e0.1_c304,0.16373257619398512,0.029069336741494877,0.004759597392935421,370,97,1480,5561,7041
729,dinov2,D20,std_ctrl__tvn_efaar_e0.1_c304,0.1923880896613683,0.08393789947308551,0.016148652129814894,370,75,1480,5535,7015
730,dinov2,D20,std_ctrl__tvn_efaar_e0.1_c304,0.18429877274260223,0.0815758531351388,0.015034329618236843,370,53,1480,5849,7329
731,dinov2,D20,std_ctrl__tvn_efaar_e0.1_c304,0.1834629798465895,-0.016005707629943466,-0.002936454816342722,370,93,1480,5593,7073
732,dinov2,D20,std_ctrl__tvn_efaar_e0.1_c304,0.17143553339018255,-0.03513225295798291,-0.006022916525050619,370,59,1480,5753,7233
733,dinov2,D20,std_ctrl__tvn_efaar_e0.1_c304,0.17538511009480245,-0.02663257900619212,-0.004670957801109529,370,80,1480,5945,7425
734,dinov2,D20,std_ctrl__tvn_efaar_e0.1_c304,0.17610315810994384,-0.03623652103218888,-0.006381365792685863,370,64,1480,5625,7105
735,dinov2,D20,std_ctrl__tvn_efaar_e0.1_c304,0.1789742958326363,0.030026737113872434,0.0053740141311070045,370,100,1480,5945,7425
736,dinov2,D20,std_ctrl__tvn_efaar_e0.1_c304,0.19655114900016768,-0.0022183129897079285,-0.0004360119669690905,370,57,1480,5657,7137
737,dinov2,D20,std_ctrl__tvn_efaar_e0.1_c304,0.17034778704359443,0.011240648313204316,0.0019148195650896677,370,79,1480,5753,7233
738,dinov2,D20,std_ctrl__tvn_efaar_e0.1_c304,0.14803837677739987,0.005606271824668589,0.0008299433806968097,370,93,1480,5785,7265
739,dinov2,D20,std_ctrl__tvn_efaar_e0.1_c304,0.1608200033202409,0.12998371109457763,0.02090398084980721,370,110,1480,5721,7201
740,dinov2,D20,std_ctrl__tvn_efaar_e0.1_c304,0.20923787630941051,0.004093883120692327,0.0008565954100326047,370,67,1480,5497,6977
741,dinov2,D20,std_ctrl__tvn_efaar_e0.1_c304,0.15577120812025197,0.007983517658943872,0.0012436021907830527,370,101,1480,5945,7425
742,dinov2,D20,std_ctrl__tvn_efaar_e0.1_c304,0.18150194673138081,-0.02499449761169785,-0.004536549974096008,370,47,1480,5593,7073
743,dinov2,D20,std_ctrl__tvn_efaar_e0.1_c304,0.18915230965070834,-0.021020770283613918,-0.003976127249782548,370,64,1480,5625,7105
744,dinov2,D20,std_ctrl__tvn_efaar_e0.1_c304,0.1975366960340241,0.026671326624233098,0.005268565740195307,370,74,1480,5593,7073
745,dinov2,D20,std_ctrl__tvn_efaar_e0.1_c304,0.1792684257277693,0.020757143831928847,0.0037211004973547613,370,76,1480,5593,7073
746,dinov2,D20,std_ctrl__tvn_efaar_e0.1_c304,0.1608771945761129,0.009523517668229096,0.0015321168049607413,370,56,1480,5657,7137
747,dinov2,D20,std_ctrl__tvn_efaar_e0.1_c304,0.16149053552532916,0.0061854189816116616,0.0009988866237890034,370,77,1480,5913,7393
748,dinov2,D20,std_ctrl__tvn_efaar_e0.1_c304,0.16475848129824222,-0.008613441801530623,-0.001419137589970981,370,78,1480,5721,7201
749,dinov2,D20,std_ctrl__tvn_efaar_e0.1_c304,0.1887397042175743,0.08094636617326337,0.01527779320902919,370,85,1480,5724,7204
750,dinov2,D20,std_ctrl__tvn_efaar_e0.1_c304,0.17663681299692516,0.01595279704829327,0.002817851228997278,370,84,1480,5753,7233
751,dinov2,D20,std_ctrl__tvn_efaar_e0.1_c304,0.19278787555484309,-0.0004113099740637634,-7.929557609427056e-05,370,78,1480,5753,7233
752,dinov2,D20,std_ctrl__tvn_efaar_e0.1_c304,0.21945133720344603,-0.014787986336044483,-0.0032452433759912504,370,47,1480,5625,7105
753,dinov2,D20,std_ctrl__tvn_efaar_e0.1_c304,0.1708621901988553,0.055676393133979915,0.009512990473244318,370,71,1480,5401,6881
754,dinov2,D20,std_ctrl__tvn_efaar_e0.1_c304,0.1620952785567682,-0.036049495726348656,-0.00584345305159351,370,72,1480,5785,7265
755,dinov2,D20,std_ctrl__tvn_efaar_e0.1_c304,0.20527148580617827,0.003964215700295209,0.0008137404468557771,370,79,1480,5657,7137
756,dinov2,D20,std_ctrl__tvn_efaar_e0.1_c304,0.18239340047232833,-0.010025225053092376,-0.001828534887933897,370,69,1480,5593,7073
757,dinov2,D20,std_ctrl__tvn_efaar_e0.1_c304,0.19557825273279336,0.03485939003321182,0.006817738594026519,370,52,1480,5657,7137
758,dinov2,D20,std_ctrl__tvn_efaar_e0.1_c304,0.18187856244437312,0.00475676666774581,0.0008651538834129189,370,95,1480,5593,7073
759,dinov2,D20,std_ctrl__tvn_efaar_e0.1_c304,0.18395044959899287,-0.04201501184855559,-0.007728680319448814,370,81,1480,5753,7233
760,dinov2,D20,std_ctrl__tvn_efaar_e0.1_c304,0.16438212233752914,-0.023431814926791958,-0.003851771467886257,370,62,1480,5593,7073
761,dinov2,D20,std_ctrl__tvn_efaar_e0.1_c304,0.17690093588262662,0.02041800771077979,0.0036119646728956316,370,81,1480,5913,7393
762,dinov2,D20,std_ctrl__tvn_efaar_e0.1_c304,0.20383097128460906,0.11187606400502875,0.0228038067896441,370,88,1480,5721,7201
763,dinov2,D20,std_ctrl__tvn_efaar_e0.1_c304,0.18375810508496362,-0.03055312600989796,-0.005614384540000965,370,63,1480,5689,7169
764,dinov2,D20,std_ctrl__tvn_efaar_e0.1_c304,0.17586315681412001,-0.0016967448495535922,-0.0002983949055505939,370,81,1480,5849,7329
765,dinov2,D20,std_ctrl__tvn_efaar_e0.1_c304,0.19639407549873683,-0.025583720180210386,-0.005024491072610796,370,79,1480,5945,7425
766,dinov2,D20,std_ctrl__tvn_efaar_e0.1_c304,0.15601543151199151,-0.000830985322094349,-0.0001296465336066811,370,79,1480,5881,7361
767,dinov2,D20,std_ctrl__tvn_efaar_e0.1_c304,0.15558907780585682,-0.007085283303561771,-0.0011023926951944105,370,88,1480,5753,7233
768,dinov2,D20,std_ctrl__tvn_efaar_e0.1_c304,0.18764916146196556,-0.0012728158906956549,-0.00023884283458450444,370,80,1480,5689,7169
769,dinov2,D20,std_ctrl__tvn_efaar_e0.1_c304,0.17984973936546084,-0.009480150957644144,-0.0017050026788775234,370,90,1480,5785,7265
770,dinov2,D20,std_ctrl__tvn_efaar_e0.1_c304,0.1622754270482761,-0.004076550033835355,-0.0006615238976242966,370,66,1480,5657,7137
771,dinov2,D20,std_ctrl__tvn_efaar_e0.1_c304,0.16713246922267683,0.0076701371408796366,0.0012819289596317763,370,79,1480,5689,7169
772,dinov2,D20,std_ctrl__tvn_efaar_e0.1_c304,0.13831076725994954,0.026935722103989968,0.0037255003909036346,370,106,1480,5983,7463
773,dinov2,D20,std_ctrl__tvn_efaar_e0.1_c304,0.18583404520605293,0.026924794156648963,0.005003543414470373,370,63,1480,5593,7073
774,dinov2,D20,std_ctrl__tvn_efaar_e0.1_c304,0.19600950485583643,-0.009516719571435446,-0.0018653674910489096,370,91,1480,5593,7073
775,dinov2,D20,std_ctrl__tvn_efaar_e0.1_c304,0.15050911134060913,0.035385198181210234,0.005325794732865291,370,77,1480,5689,7169
776,dinov2,D20,std_ctrl__tvn_efaar_e0.1_c304,0.16847194283355207,-0.033081426283573113,-0.005573292157698496,370,81,1480,5913,7393
777,dinov2,D20,std_ctrl__tvn_efaar_e0.1_c304,0.18135131410770217,0.058901026028925,0.010681778472637519,370,45,1480,5529,7009
778,dinov2,D20,std_ctrl__tvn_efaar_e0.1_c304,0.1924445952807909,0.05679103707589861,0.010929128145647699,370,77,1480,5721,7201
779,dinov2,D20,std_ctrl__tvn_efaar_e0.1_c304,0.17397753524568474,0.02364998546724107,0.0041145661801868655,370,83,1480,5721,7201
780,dinov2,D20,std_ctrl__tvn_efaar_e0.1_c304,0.16378690241533952,-0.00348600643375326,-0.000570962195584391,370,75,1480,5657,7137
781,dinov2,D20,std_ctrl__tvn_efaar_e0.1_c304,0.19269906982650015,0.015233433592864143,0.0029354684836086806,370,55,1480,5689,7169
782,dinov2,D20,std_ctrl__tvn_efaar_e0.1_c304,0.18714314745450622,-0.01584025870388786,-0.0029643958703392116,370,88,1480,5369,6849
783,dinov2,D20,std_ctrl__tvn_efaar_e0.1_c304,0.15760970032645139,0.013172976805894358,0.0020761889267843043,370,67,1480,5273,6753
784,dinov2,D20,std_ctrl__tvn_efaar_e0.1_c304,0.16383639112649998,0.09985155368149283,0.01635931820354977,370,62,1480,5785,7265
785,dinov2,D20,std_ctrl__tvn_efaar_e0.1_c304,0.1756093019249282,0.009879198823051827,0.0017348792088937037,370,73,1480,5401,6881
786,dinov2,D20,std_ctrl__tvn_efaar_e0.1_c304,0.17237460532347568,-0.020462748944105467,-0.0035272582730735483,370,83,1480,5657,7137
787,dinov2,D20,std_ctrl__tvn_efaar_e0.1_c304,0.15786250314318542,-0.038510143205986586,-0.006079307602899578,370,64,1480,5625,7105
788,dinov2,D20,std_ctrl__tvn_efaar_e0.1_c304,0.189242901052509,-0.014023126221243847,-0.0026537770879336937,370,90,1480,5756,7236
789,dinov2,D20,std_ctrl__tvn_efaar_e0.1_c304,0.16689442551054087,-0.0006212384858391572,-0.00010368124019916442,370,63,1480,5593,7073
790,dinov2,D20,std_ctrl__tvn_efaar_e0.1_c304,0.17184564899486068,-0.008136531478961697,-0.0013982275325692866,370,89,1480,6009,7489
791,dinov2,D20,std_ctrl__tvn_efaar_e0.1_c304,0.15381063149184657,0.16722805738769922,0.025721453109956775,370,85,1480,5465,6945
792,dinov2,D20,std_ctrl__tvn_efaar_e0.1_c304,0.13760204881094387,-0.04013421276086871,-0.0055225499033098625,370,65,1480,5852,7332
793,dinov2,D20,std_ctrl__tvn_efaar_e0.1_c304,0.16116834125242746,0.01250057688418196,0.0020146972411220444,370,70,1480,5625,7105
794,dinov2,D20,std_ctrl__tvn_efaar_e0.1_c304,0.1931154272500927,0.015250014628311073,0.0029450130905164565,370,70,1480,5785,7265
795,dinov2,D20,std_ctrl__tvn_efaar_e0.1_c304,0.19521313117610758,0.02420314101548437,0.00472477094192958,370,71,1480,5785,7265
796,dinov2,D20,std_ctrl__tvn_efaar_e0.1_c304,0.17087483095250158,0.01128509788840188,0.0019283391939631039,370,88,1480,5689,7169
797,dinov2,D20,std_ctrl__tvn_efaar_e0.1_c304,0.1961406778177204,-0.009398055786552803,-0.0018433410321432161,370,56,1480,5817,7297
798,dinov2,D20,std_ctrl__tvn_efaar_e0.1_c304,0.1805501289088862,-0.005489067786847953,-0.0009910518965050125,370,67,1480,5753,7233
799,dinov2,D20,std_ctrl__tvn_efaar_e0.1_c304,0.1729016498237584,0.011726826153237538,0.0020275875890911686,370,87,1480,5721,7201
800,dinov2,D20,std_ctrl__tvn_efaar_e0.1_c304,0.17457757251841952,-0.0003079023880830727,-5.3752851484167174e-05,370,49,1480,5625,7105
801,dinov2,D20,std_ctrl__tvn_efaar_e0.1_c304,0.1967998568464472,0.029821539473736277,0.005868874699371974,370,67,1480,5695,7175
802,dinov2,D20,std_ctrl__tvn_efaar_e0.1_c304,0.15995719931612382,0.024050631389395595,0.003847071638832175,370,94,1480,5785,7265
803,dinov2,D20,std_ctrl__tvn_efaar_e0.1_c304,0.18141489463709187,-0.0006906665072421883,-0.00012529719164070983,370,50,1480,5721,7201
804,dinov2,D20,std_ctrl__tvn_efaar_e0.1_c304,0.1861796795423614,-0.008477920613142098,-0.0015784165429403758,370,85,1480,5689,7169
805,dinov2,D20,std_ctrl__tvn_efaar_e0.1_c304,0.15481780982285503,0.048600759691386844,0.007524263171147407,370,52,1480,5753,7233
806,dinov2,D20,std_ctrl__tvn_efaar_e0.1_c304,0.19284842584486714,-0.009107855435178974,-0.0017564355834968825,370,74,1480,5817,7297
807,dinov2,D20,std_ctrl__tvn_efaar_e0.1_c304,0.1365638226115201,-0.03921512650852402,-0.005355367580198394,370,104,1480,5625,7105
808,dinov2,D20,std_ctrl__tvn_efaar_e0.1_c304,0.1866480576409917,0.010005012876088987,0.0018674162199951215,370,76,1480,5691,7171
809,dinov2,D20,std_ctrl__tvn_efaar_e0.1_c304,0.15686047213494778,0.02778246732067649,0.004357970940995072,370,90,1480,5689,7169
810,dinov2,D20,std_ctrl__tvn_efaar_e0.1_c304,0.17761656795892486,0.0015583548199716928,0.0002767896347856203,370,85,1480,5657,7137
811,dinov2,D20,std_ctrl__tvn_efaar_e0.1_c304,0.1783120926772771,0.015425101170754369,0.0027504820695159284,370,97,1480,5593,7073
812,dinov2,D20,std_ctrl__tvn_efaar_e0.1_c304,0.16778497252694974,-0.03742954710070528,-0.006280115531988006,370,102,1480,5561,7041
813,dinov2,D20,std_ctrl__tvn_efaar_e0.1_c304,0.1787159711021532,0.014539204755859438,0.0025983880969964635,370,75,1480,5465,6945
814,dinov2,D20,std_ctrl__tvn_efaar_e0.1_c304,0.1768757362121794,0.05085690507873737,0.008995352527274597,370,104,1480,5785,7265
815,dinov2,D20,std_ctrl__tvn_efaar_e0.1_c304,0.1976403774157261,-0.0128064961191711,-0.002531080726366008,370,89,1480,5817,7297
816,dinov2,D20,std_ctrl__tvn_efaar_e0.1_c304,0.16480391339612221,0.02451882276814051,0.004040797944055498,370,79,1480,5465,6945
817,dinov2,D20,std_ctrl__tvn_efaar_e0.1_c304,0.18158799839263148,-0.008421579541130979,-0.0015292577721783105,370,53,1480,5913,7393
818,dinov2,D20,std_ctrl__tvn_efaar_e0.1_c304,0.15777753341891232,-0.04283627120477603,-0.006758601211553142,370,83,1480,5657,7137
819,dinov2,D20,std_ctrl__tvn_efaar_e0.1_c304,0.1634871316753034,0.03571503587648581,0.00583894877312722,370,61,1480,5689,7169
820,dinov2,D20,std_ctrl__tvn_efaar_e0.1_c304,0.15181148282400025,-0.007194186096803024,-0.0010921600590674738,370,59,1480,5689,7169
821,dinov2,D20,std_ctrl__tvn_efaar_e0.1_c304,0.20303540602937598,-0.017861177858433077,-0.00362645149864986,370,75,1480,5465,6945
822,dinov2,D20,std_ctrl__tvn_efaar_e0.1_c304,0.1590489886603454,0.04334979202046362,0.00689474057949105,370,86,1480,5849,7329
823,dinov2,D20,std_ctrl__tvn_efaar_e0.1_c304,0.170343355988798,0.07813451601727218,0.013309695676942634,370,85,1480,5691,7171
824,dinov2,D20,std_ctrl__tvn_efaar_e0.1_c304,0.20171113998179346,-0.003253625052580001,-0.0006562924184292347,370,69,1480,5977,7457
825,dinov2,D20,std_ctrl__tvn_efaar_e0.1_c304,0.20119423729305316,-0.04686487735416096,-0.009428943255102892,370,51,1480,5497,6977
826,dinov2,D20,std_ctrl__tvn_efaar_e0.1_c304,0.17716500577271682,-0.021500413563407296,-0.0038091208930768525,370,77,1480,5849,7329
827,dinov2,D20,std_ctrl__tvn_efaar_e0.1_c304,0.18107315338224728,0.044383335923808845,0.008036630593347645,370,67,1480,5721,7201
828,dinov2,D20,std_ctrl__tvn_efaar_e0.1_c304,0.1895951317572741,0.002677523684763039,0.0005076454557958705,370,70,1480,5849,7329
829,dinov2,D20,std_ctrl__tvn_efaar_e0.1_c304,0.14032929477640643,0.0040978835163137245,0.0005750531039201656,370,55,1480,5561,7041
830,dinov2,D20,std_ctrl__tvn_efaar_e0.1_c304,0.18068176851026302,-0.03583194639828394,-0.006474179444406891,370,70,1480,5401,6881
831,dinov2,D20,std_ctrl__tvn_efaar_e0.1_c304,0.15135110661793927,0.10241288354885983,0.015500303257054083,370,69,1480,5753,7233
832,dinov2,D20,std_ctrl__tvn_efaar_e0.1_c304,0.18014843769450078,0.04983715118141962,0.008978084924477388,370,72,1480,5753,7233
833,dinov2,D20,std_ctrl__tvn_efaar_e0.1_c304,0.18623448296926914,0.020440698426998204,0.0038067629030827635,370,68,1480,5881,7361
834,dinov2,D20,std_ctrl__tvn_efaar_e0.1_c304,0.17921731169689947,-0.01618398642890376,-0.0029004505403272362,370,76,1480,5785,7265
835,dinov2,D20,std_ctrl__tvn_efaar_e0.1_c304,0.17187205075085338,0.073388806111418,0.012613484608526173,370,69,1480,5881,7361
836,dinov2,D20,std_ctrl__tvn_efaar_e0.1_c304,0.1746988903748835,-0.013756764313027232,-0.0024032914606346542,370,99,1480,5785,7265
837,dinov2,D20,std_ctrl__tvn_efaar_e0.1_c304,0.15131700544195892,0.01892454973005801,0.00286360619448981,370,73,1480,5401,6881
838,dinov2,D20,std_ctrl__tvn_efaar_e0.1_c304,0.16292268844912652,-0.03238993274524193,-0.005277054921541212,370,69,1480,5817,7297
839,dinov2,D20,std_ctrl__tvn_efaar_e0.1_c304,0.17216428628224326,-0.01945669799403331,-0.0033497485235518985,370,64,1480,5817,7297
840,dinov2,D20,std_ctrl__tvn_efaar_e0.1_c304,0.17406412738466787,-0.04787955425524485,-0.008334112831006057,370,60,1480,5849,7329
841,dinov2,D20,std_ctrl__tvn_efaar_e0.1_c304,0.1516899845519413,-0.024864710271669768,-0.003771727516998083,370,82,1480,5881,7361
842,dinov2,D20,std_ctrl__tvn_efaar_e0.1_c304,0.19120167760183182,-0.018419966372423574,-0.003521928471776716,370,68,1480,5753,7233
843,dinov2,D20,std_ctrl__tvn_efaar_e0.1_c304,0.16326094676226965,0.011937505275783272,0.0019489284133039659,370,78,1480,5625,7105
844,dinov2,D20,std_ctrl__tvn_efaar_e0.1_c304,0.1990376105201815,0.04167753560838359,0.00829539709986245,370,96,1480,5881,7361
845,dinov2,D20,std_ctrl__tvn_efaar_e0.1_c304,0.1815488595716727,0.013341124394363954,0.002422065919200598,370,71,1480,5785,7265
846,dinov2,D20,std_ctrl__tvn_efaar_e0.1_c304,0.16325912211528062,0.013987596554848722,0.002283602734047326,370,76,1480,5785,7265
847,dinov2,D20,std_ctrl__tvn_efaar_e0.1_c304,0.14752344458002375,0.025958946582272255,0.003829553217485638,370,57,1480,5625,7105
848,dinov2,D20,std_ctrl__tvn_efaar_e0.1_c304,0.17369913798830347,0.0007066852730994544,0.00012275062276640404,370,41,1480,5660,7140
849,dinov2,D20,std_ctrl__tvn_efaar_e0.1_c304,0.19391087929334133,-0.012581027434774822,-0.0024395980922908363,370,70,1480,5663,7143
850,dinov2,D20,std_ctrl__tvn_efaar_e0.1_c304,0.17734439957435316,0.0557048349049339,0.009878940499603972,370,75,1480,5881,7361
851,dinov2,D20,std_ctrl__tvn_efaar_e0.1_c304,0.16356248281982955,0.023978403904618487,0.003921967276696095,370,91,1480,5561,7041
852,dinov2,D20,std_ctrl__tvn_efaar_e0.1_c304,0.17555689794836726,0.03019796859217074,0.0053014616903837184,370,82,1480,5657,7137
853,dinov2,D20,std_ctrl__tvn_efaar_e0.1_c304,0.1543627497613823,-0.007523085634637658,-0.0011612841852530228,370,80,1480,5689,7169
854,dinov2,D20,std_ctrl__tvn_efaar_e0.1_c304,0.19683410688301428,-0.007165388678794976,-0.0014103928810602709,370,103,1480,5785,7265
855,dinov2,D20,std_ctrl__tvn_efaar_e0.1_c304,0.18467739706817837,-0.04333992129011557,-0.00800390385299827,370,56,1480,5689,7169
856,dinov2,D20,std_ctrl__tvn_efaar_e0.1_c304,0.15962422078021055,0.019787429499374756,0.0031585530150810472,370,72,1480,5753,7233
857,dinov2,D20,std_ctrl__tvn_efaar_e0.1_c304,0.17843148867277925,0.016659998022479035,0.0029726682484364927,370,83,1480,5625,7105
858,dinov2,D20,std_ctrl__tvn_efaar_e0.1_c304,0.20251123529540863,0.033722494090111854,0.006829183935430669,370,65,1480,5785,7265
859,dinov2,D20,std_ctrl__tvn_efaar_e0.1_c304,0.1981352757700547,0.026376721938416666,0.005226159075178238,370,53,1480,5689,7169
860,dinov2,D20,std_ctrl__tvn_efaar_e0.1_c304,0.1716094116027241,0.05230869216078468,0.008976663883420286,370,60,1480,5561,7041
861,dinov2,D20,std_ctrl__tvn_efaar_e0.1_c304,0.1863606327169383,0.03932770122916441,0.007329135284369792,370,85,1480,5817,7297
862,dinov2,D20,std_ctrl__tvn_efaar_e0.1_c304,0.18254791182025726,0.04496137611008953,0.008207605321462046,370,58,1480,5625,7105
863,dinov2,D20,std_ctrl__tvn_efaar_e0.1_c304,0.18175470009000988,0.02807418855458245,0.005102615721008521,370,86,1480,5470,6950
864,dinov2,D20,std_ctrl__tvn_efaar_e0.1_c304,0.1564601434840117,0.011924003528271375,0.001865631302937201,370,53,1480,5785,7265
865,dinov2,D20,std_ctrl__tvn_efaar_e0.1_c304,0.16746445140376706,0.10287988401667368,0.017228723337335442,370,61,1480,5881,7361
866,dinov2,D20,std_ctrl__tvn_efaar_e0.1_c304,0.17797030448295198,0.008394349135400223,0.0014939448715633823,370,80,1480,5817,7297
867,dinov2,D20,std_ctrl__tvn_efaar_e0.1_c304,0.17593796655975216,-0.0024264701486092807,-0.0004269082238642565,370,67,1480,6009,7489
868,dinov2,D20,std_ctrl__tvn_efaar_e0.1_c304,0.17928477926808145,0.02764786157321438,0.004956840759388212,370,83,1480,5689,7169
869,dinov2,D20,std_ctrl__tvn_efaar_e0.1_c304,0.2064765524277652,-0.027304112578890385,-0.005637659032388864,370,64,1480,5625,7105
870,dinov2,D20,std_ctrl__tvn_efaar_e0.1_c304,0.1629492956595914,0.07807314608427769,0.012721964164361436,370,46,1480,6009,7489
871,dinov2,D20,std_ctrl__tvn_efaar_e0.1_c304,0.16703734389106556,-0.004237498916470257,-0.00070782056374846,370,80,1480,5817,7297
872,dinov2,D20,std_ctrl__tvn_efaar_e0.1_c304,0.18362303343234254,-0.06363454300877601,-0.011684767818352317,370,70,1480,5657,7137
873,dinov2,D20,std_ctrl__tvn_efaar_e0.1_c304,0.19509765300059193,-0.016537479078561932,-0.0032264233547738244,370,84,1480,5657,7137
874,dinov2,D20,std_ctrl__tvn_efaar_e0.1_c304,0.18146561752093304,0.08059233918515478,0.014624738597690602,370,100,1480,5721,7201
875,dinov2,D20,std_ctrl__tvn_efaar_e0.1_c304,0.17256866087008638,-0.024220132432889063,-0.004179635820039813,370,71,1480,5561,7041
876,dinov2,D20,std_ctrl__tvn_efaar_e0.1_c304,0.17025253973314444,-0.007192851357866191,-0.0012246012115997157,370,71,1480,5817,7297
877,dinov2,D20,std_ctrl__tvn_efaar_e0.1_c304,0.20601911466595343,-0.011940446995193496,-0.002459960318665508,370,53,1480,5657,7137
878,dinov2,D20,std_ctrl__tvn_efaar_e0.1_c304,0.16953610601605115,0.0317450850086786,0.005381938097519891,370,79,1480,5753,7233
879,dinov2,D20,std_ctrl__tvn_efaar_e0.1_c304,0.18082264124556496,0.029496735933206574,0.005333677699565377,370,90,1480,5785,7265
880,dinov2,D20,std_ctrl__tvn_efaar_e0.1_c304,0.16270276703388475,-0.016226064012602744,-0.0026400255129194056,370,53,1480,5753,7233
881,dinov2,D20,std_ctrl__tvn_efaar_e0.1_c304,0.17211380476686558,0.0061565344915673285,0.0010596245755220932,370,58,1480,5785,7265
882,dinov2,D20,std_ctrl__tvn_efaar_e0.1_c304,0.1636602536260014,-0.042064484217050446,-0.006884284155609409,370,64,1480,5785,7265
883,dinov2,D20,std_ctrl__tvn_efaar_e0.1_c304,0.13842759577229902,-0.042196338097987375,-0.005841137633299457,370,84,1480,5785,7265
884,dinov2,D20,std_ctrl__tvn_efaar_e0.1_c304,0.21928232988607582,0.013625487939216053,0.0029878287411459216,370,81,1480,5561,7041
885,dinov2,D20,std_ctrl__tvn_efaar_e0.1_c304,0.17169771126149286,0.029799491934212902,0.0051165045618596725,370,62,1480,5401,6881
886,dinov2,D20,std_ctrl__tvn_efaar_e0.1_c304,0.1775049239652,0.00900536877740186,0.0015984973001113034,370,67,1480,5561,7041
887,dinov2,D20,std_ctrl__tvn_efaar_e0.1_c304,0.17123562196354758,0.003898869245178364,0.0006676253001526644,370,83,1480,5817,7297
888,dinov2,D20,std_ctrl__tvn_efaar_e0.1_c304,0.17336946378272367,-0.03496200793951663,-0.006061344569241325,370,46,1480,5593,7073
889,dinov2,D20,std_ctrl__tvn_efaar_e0.1_c304,0.18126860308114517,-0.035292922217949704,-0.006397498709099255,370,74,1480,5721,7201
890,dinov2,D20,std_ctrl__tvn_efaar_e0.1_c304,0.17796220113123767,0.054274257705620894,0.009658766366056332,370,50,1480,5753,7233
891,dinov2,D20,std_ctrl__tvn_efaar_e0.1_c304,0.19384860559599548,0.18080055604514353,0.0350479356803317,370,82,1480,5401,6881
892,dinov2,D20,std_ctrl__tvn_efaar_e0.1_c304,0.17757595208586757,0.008374444418993002,0.0014870999408928623,370,81,1480,5407,6887
893,dinov2,D20,std_ctrl__tvn_efaar_e0.1_c304,0.14742733761926285,-0.0067923320174242355,-0.0010013754255549317,370,58,1480,5817,7297
894,dinov2,D20,std_ctrl__tvn_efaar_e0.1_c304,0.15954549127583018,-0.009845966881418559,-0.0015708796231814776,370,63,1480,5753,7233
895,dinov2,D20,std_ctrl__tvn_efaar_e0.1_c304,0.17762368023335176,0.009920934042198761,0.0017621928159276866,370,84,1480,5817,7297
896,dinov2,D20,std_ctrl__tvn_efaar_e0.1_c304,0.16009371255925814,0.04234042224238844,0.006778435388110554,370,84,1480,5529,7009
897,dinov2,D20,std_ctrl__tvn_efaar_e0.1_c304,0.14682859581440363,-0.0028875374794166326,-0.00042397307346420663,370,79,1480,5689,7169
898,dinov2,D20,std_ctrl__tvn_efaar_e0.1_c304,0.17213250967964502,0.013404775632253108,0.002307397671272278,370,79,1480,5977,7457
899,dinov2,D20,std_ctrl__tvn_efaar_e0.1_c304,0.19057137387030593,0.07892421833176952,0.015040696719125302,370,88,1480,5689,7169
900,dinov2,D20,std_ctrl__tvn_efaar_e0.1_c304,0.1436446696684156,0.052582198308929955,0.007553152506525365,370,65,1480,5849,7329
901,dinov2,D20,std_ctrl__tvn_efaar_e0.1_c304,0.18181714843619443,-0.010262893167521193,-0.0018659699704240064,370,59,1480,5561,7041
902,dinov2,D20,std_ctrl__tvn_efaar_e0.1_c304,0.1756051241827546,-0.015937811065706232,-0.002798761291394623,370,52,1480,5849,7329
903,dinov2,D20,std_ctrl__tvn_efaar_e0.1_c304,0.18809360749175835,0.077494002540976,0.014576126496907666,370,75,1480,5786,7266
904,dinov2,D20,std_ctrl__tvn_efaar_e0.1_c304,0.20288049287034227,0.010031759483931408,0.0020352483084567345,370,72,1480,5913,7393
905,dinov2,D20,std_ctrl__tvn_efaar_e0.1_c304,0.16127829355696474,0.04863416968678496,0.007843635895644541,370,65,1480,5753,7233
906,dinov2,D20,std_ctrl__tvn_efaar_e0.1_c304,0.1815697091592926,-0.0232190695298352,-0.0042158797014815695,370,90,1480,5913,7393
907,dinov2,D20,std_ctrl__tvn_efaar_e0.1_c304,0.19509556647934947,0.0020382952640136485,0.00039766236918491795,370,52,1480,5593,7073
908,dinov2,D20,std_ctrl__tvn_efaar_e0.1_c304,0.16839444418341482,0.021172976866491795,0.0035654116711411857,370,70,1480,5593,7073
909,dinov2,D20,std_ctrl__tvn_efaar_e0.1_c304,0.18048135563778087,-0.015664293834761644,-0.0028271129864063144,370,53,1480,5593,7073
910,dinov2,D20,std_ctrl__tvn_efaar_e0.1_c304,0.20225644506771207,0.02731760331610654,0.005525161334485652,370,55,1480,5465,6945
911,dinov2,D20,std_ctrl__tvn_efaar_e0.1_c304,0.1756052938992657,-0.018103037586768705,-0.0031789892358939724,370,80,1480,5753,7233
912,dinov2,D20,std_ctrl__tvn_efaar_e0.1_c304,0.1818093813440588,0.030161803678036562,0.005483698866924785,370,54,1480,5497,6977
913,dinov2,D20,std_ctrl__tvn_efaar_e0.1_c304,0.150777782929838,-0.01621431670174696,-0.00244475872401165,370,82,1480,5401,6881
914,dinov2,D20,std_ctrl__tvn_efaar_e0.1_c304,0.17789423215687428,0.018926544252920646,0.00336692305725642,370,69,1480,5561,7041
915,dinov2,D20,std_ctrl__tvn_efaar_e0.1_c304,0.1569354235379997,0.0035032351838228224,0.0005497816973264568,370,101,1480,5849,7329
916,dinov2,D20,std_ctrl__tvn_efaar_e0.1_c304,0.20000565256257646,-0.002944324656607211,-0.0005888815743008091,370,74,1480,5657,7137
917,dinov2,D20,std_ctrl__tvn_efaar_e0.1_c304,0.19279839011147928,0.038044404468684845,0.007334899934312407,370,80,1480,5561,7041
918,dinov2,D20,std_ctrl__tvn_efaar_e0.1_c304,0.17862110784881605,-0.03352037865888782,-0.005987447171562354,370,107,1480,5209,6689
919,dinov2,D20,std_ctrl__tvn_efaar_e0.1_c304,0.18171809985517773,-0.003154881669924043,-0.0005732991023265271,370,70,1480,5599,7079
920,dinov2,D20,std_ctrl__tvn_efaar_e0.1_c304,0.17056650054198433,-0.0004978164604313307,-8.49108115679693e-05,370,74,1480,5855,7335
921,dinov2,D20,std_ctrl__tvn_efaar_e0.1_c304,0.18549634165909576,-0.009116456292584427,-0.0016910692911694543,370,46,1480,5785,7265
922,dinov2,D20,std_ctrl__tvn_efaar_e0.1_c304,0.19433479069423548,0.01775243962216767,0.003449916638286007,370,115,1480,5721,7201
923,dinov2,D20,std_ctrl__tvn_efaar_e0.1_c304,0.17065063776684247,0.10204233327082872,0.01741358925188361,370,81,1480,5721,7201
924,dinov2,D20,std_ctrl__tvn_efaar_e0.1_c304,0.16507412237865565,-0.00019585885572841186,-3.233122871945532e-05,370,74,1480,5785,7265
925,dinov2,D20,std_ctrl__tvn_efaar_e0.1_c304,0.15905034405934276,0.012182110682931206,0.0019375688954892034,370,92,1480,5497,6977
926,dinov2,D20,std_ctrl__tvn_efaar_e0.1_c304,0.1587982297563276,0.029534431366562926,0.004690015417869948,370,91,1480,5078,6558
927,dinov2,D20,std_ctrl__tvn_efaar_e0.1_c304,0.17616610054153933,0.014270985952871212,0.0025140639462004053,370,53,1480,5785,7265
928,dinov2,D20,std_ctrl__tvn_efaar_e0.1_c304,0.15417250692528203,0.02712612280850739,0.004182102356550656,370,72,1480,5721,7201
929,dinov2,D20,std_ctrl__tvn_efaar_e0.1_c304,0.17413823079143195,-0.010856902639501112,-0.0018906018175175513,370,73,1480,5561,7041
930,dinov2,D20,std_ctrl__tvn_efaar_e0.1_c304,0.16780788703641444,-0.03353317161402602,-0.005627130674179177,370,77,1480,5657,7137
931,dinov2,D20,std_ctrl__tvn_efaar_e0.1_c304,0.177884869358807,0.015988771967439613,0.0028441606126357512,370,101,1480,5977,7457
932,dinov2,D20,std_ctrl__tvn_efaar_e0.1_c304,0.20158452796676035,-0.020849147516189402,-0.004202865560560395,370,66,1480,5689,7169
933,dinov2,D20,std_ctrl__tvn_efaar_e0.1_c304,0.18802834057736156,-0.018292810752510987,-0.0034395668502903575,370,67,1480,5593,7073
934,dinov2,D20,std_ctrl__tvn_efaar_e0.1_c304,0.1668883766237858,-0.012660781051886434,-0.0021129371965385143,370,53,1480,5561,7041
935,dinov2,D20,std_ctrl__tvn_efaar_e0.1_c304,0.20194795296857365,-0.022781943106326485,-0.004600766774969142,370,91,1480,5657,7137
936,dinov2,D20,std_ctrl__tvn_efaar_e0.1_c304,0.19040073408814615,0.06812202255457254,0.012970483101959862,370,88,1480,5753,7233
937,dinov2,D20,std_ctrl__tvn_efaar_e0.1_c304,0.17660724848318615,0.018265369840762442,0.003225796710104827,370,52,1480,5721,7201
938,dinov2,D20,std_ctrl__tvn_efaar_e0.1_c304,0.14678236334022837,0.042545310649708845,0.006244901246208451,370,75,1480,5566,7046
939,dinov2,D20,std_ctrl__tvn_efaar_e0.1_c304,0.1447716409913768,0.01683062798730443,0.0024365976326374554,370,67,1480,5753,7233
940,dinov2,D20,std_ctrl__tvn_efaar_e0.1_c304,0.1756677771024603,0.014655849523917706,0.0025745605074147743,370,58,1480,5785,7265
941,dinov2,D20,std_ctrl__tvn_efaar_e0.1_c304,0.16700013850593773,0.008339962021477354,0.0013927748127209785,370,67,1480,5721,7201
942,dinov2,D20,std_ctrl__tvn_efaar_e0.1_c304,0.18843390205978125,0.014207826204490329,0.0026772361314993244,370,84,1480,5881,7361
943,dinov2,D20,std_ctrl__tvn_efaar_e0.1_c304,0.18618621001412605,-0.02473924974899853,-0.004606107149358956,370,99,1480,5753,7233
944,dinov2,D20,std_ctrl__tvn_efaar_e0.1_c304,0.1819922548960928,-0.009881436486162238,-0.0017983449077291895,370,56,1480,5593,7073
945,dinov2,D20,std_ctrl__tvn_efaar_e0.1_c304,0.16667090717088728,-0.04943572372865543,-0.00823949692050436,370,83,1480,5625,7105
946,dinov2,D20,std_ctrl__tvn_efaar_e0.1_c304,0.13656170097940337,-0.0005269095994213025,-7.195567115934912e-05,370,81,1480,5625,7105
947,dinov2,D20,std_ctrl__tvn_efaar_e0.1_c304,0.13546934407450814,0.04017971502866262,0.005443119640033582,370,89,1480,5721,7201
948,dinov2,D20,std_ctrl__tvn_efaar_e0.1_c304,0.17396219110689015,0.009223493103639305,0.001604539069968384,370,67,1480,5561,7041
949,dinov2,D20,std_ctrl__tvn_efaar_e0.1_c304,0.180373406471626,-0.024199651309578196,-0.004364973542134164,370,60,1480,5849,7329
950,dinov2,D20,std_ctrl__tvn_efaar_e0.1_c304,0.1814437093368987,0.00472400630796561,0.0008571412274481882,370,65,1480,5721,7201
951,dinov2,D20,std_ctrl__tvn_efaar_e0.1_c304,0.19069991420386959,0.025189968915843113,0.004803724911049423,370,70,1480,5689,7169
952,dinov2,D20,std_ctrl__tvn_efaar_e0.1_c304,0.18729998515410498,0.015687506071105414,0.0029382696542229756,370,66,1480,5881,7361
953,dinov2,D20,std_ctrl__tvn_efaar_e0.1_c304,0.19657427531230912,0.005995218971520598,0.0011785058246652688,370,64,1480,5785,7265
954,dinov2,D20,std_ctrl__tvn_efaar_e0.1_c304,0.18177644427607217,0.1346204743387891,0.0244708311520633,370,84,1480,5561,7041
955,dinov2,D20,std_ctrl__tvn_efaar_e0.1_c304,0.15647447918691162,-0.03439009920578923,-0.005381172862412093,370,58,1480,5785,7265
956,dinov2,D20,std_ctrl__tvn_efaar_e0.1_c304,0.17826042605861322,0.03195901483176302,0.005697027600323615,370,56,1480,5753,7233
957,dinov2,D20,std_ctrl__tvn_efaar_e0.1_c304,0.16779802875868222,0.024560808673798007,0.004121255280182449,370,61,1480,5721,7201
958,dinov2,D20,std_ctrl__tvn_efaar_e0.1_c304,0.16410751800530055,0.03277395423314761,0.005378452284421168,370,79,1480,5721,7201
959,dinov2,D20,std_ctrl__tvn_efaar_e0.1_c304,0.20850715664806252,0.006291618764214366,0.0013118475392399343,370,62,1480,5881,7361
960,dinov2,D20,std_ctrl__tvn_efaar_e0.1_c304,0.1808644350984352,-0.010386271710069147,-0.0018785071656205147,370,69,1480,5689,7169
961,dinov2,D20,std_ctrl__tvn_efaar_e0.1_c304,0.20332019154328684,0.07867016641709974,0.015995233304666973,370,64,1480,5657,7137
962,dinov2,D20,std_ctrl__tvn_efaar_e0.1_c304,0.17641276896915142,0.008246125262040131,0.001454721790742969,370,82,1480,5785,7265
963,dinov2,D20,std_ctrl__tvn_efaar_e0.1_c304,0.14497843812705052,0.020803756176652158,0.00301609607766701,370,82,1480,5689,7169
964,dinov2,D20,std_ctrl__tvn_efaar_e0.1_c304,0.17190719833019988,-0.02409675665511015,-0.004142405925424584,370,103,1480,5785,7265
965,dinov2,D20,std_ctrl__tvn_efaar_e0.1_c304,0.1681558739595859,0.010642902759142148,0.0017896666149304359,370,53,1480,5625,7105
966,dinov2,D20,std_ctrl__tvn_efaar_e0.1_c304,0.17631356070352755,0.016581049750047504,0.002923463921633211,370,67,1480,5561,7041
967,dinov2,D20,std_ctrl__tvn_efaar_e0.1_c304,0.20193582480474087,0.007828549819938873,0.0015808646649143618,370,61,1480,5849,7329
968,dinov2,D20,std_ctrl__tvn_efaar_e0.1_c304,0.21239806465587638,0.03080391806053552,0.006542692579875942,370,109,1480,5817,7297
969,dinov2,D20,std_ctrl__tvn_efaar_e0.1_c304,0.18442955541546746,-0.013694884759418647,-0.0025257415076456423,370,88,1480,5657,7137
970,dinov2,D20,std_ctrl__tvn_efaar_e0.1_c304,0.14732816381574232,-0.027420073433052944,-0.004039749070584508,370,61,1480,5593,7073
971,dinov2,D20,std_ctrl__tvn_efaar_e0.1_c304,0.16450259343267257,-0.03553172199920792,-0.005845060417998448,370,66,1480,5753,7233
972,dinov2,D20,std_ctrl__tvn_efaar_e0.1_c304,0.16641801984761784,-0.009012064479723254,-0.0014997699254545962,370,46,1480,5817,7297
973,dinov2,D20,std_ctrl__tvn_efaar_e0.1_c304,0.1996449186303082,0.016911112403641758,0.0033762176597730543,370,58,1480,5657,7137
974,dinov2,D20,std_ctrl__tvn_efaar_e0.1_c304,0.17049023558715956,0.003409280376393362,0.0005812490145539843,370,83,1480,5753,7233
975,dinov2,D20,std_ctrl__tvn_efaar_e0.1_c304,0.18978815958567063,0.01943987444435691,0.0036894579933710097,370,71,1480,5529,7009
976,dinov2,D20,std_ctrl__tvn_efaar_e0.1_c304,0.16592897511373406,0.11330077927417107,0.018799882184550604,370,90,1480,5785,7265
977,dinov2,D20,std_ctrl__tvn_efaar_e0.1_c304,0.1664653112984478,0.005387025892976117,0.000896752942247068,370,84,1480,5753,7233
978,dinov2,D20,std_ctrl__tvn_efaar_e0.1_c304,0.1908252479580761,-0.011391414886485573,-0.0021737695703069287,370,66,1480,5593,7073
979,dinov2,D20,std_ctrl__tvn_efaar_e0.1_c304,0.17281381027731788,-0.023516066894055627,-0.004063901122698045,370,96,1480,5753,7233
980,dinov2,D20,std_ctrl__tvn_efaar_e0.1_c304,0.19686187901080407,0.01382702447022686,0.002722014018337227,370,73,1480,5529,7009
981,dinov2,D20,std_ctrl__tvn_efaar_e0.1_c304,0.1794699644700968,0.009437643241346421,0.0016937734972058915,370,50,1480,5817,7297
982,dinov2,D20,std_ctrl__tvn_efaar_e0.1_c304,0.16235028197669227,-0.029655443879297885,-0.0048145696759479845,370,63,1480,5465,6945
983,dinov2,D20,std_ctrl__tvn_efaar_e0.1_c304,0.1789825303748226,-0.012463656939723676,-0.0022307768567954613,370,73,1480,5753,7233
984,dinov2,D20,std_ctrl__tvn_efaar_e0.1_c304,0.20144438363440786,0.018473873196983192,0.003721457999506487,370,90,1480,5753,7233
985,dinov2,D20,std_ctrl__tvn_efaar_e0.1_c304,0.15484310163738374,-0.0008753732145857353,-0.00013554550363674233,370,89,1480,5689,7169
986,dinov2,D20,std_ctrl__tvn_efaar_e0.1_c304,0.1904728156573906,0.0030209228616212974,0.0005754036833367903,370,92,1480,5721,7201
987,dinov2,D20,std_ctrl__tvn_efaar_e0.1_c304,0.1677549939281031,0.05044186169175962,0.008461874201823353,370,63,1480,5721,7201
988,dinov2,D20,std_ctrl__tvn_efaar_e0.1_c304,0.16592420529952576,-0.009921479767417415,-0.0016462136458040581,370,56,1480,5785,7265
989,dinov2,D20,std_ctrl__tvn_efaar_e0.1_c304,0.22067635457518842,0.03915782275618198,0.008641205578935596,370,107,1480,5689,7169
990,dinov2,D20,std_ctrl__tvn_efaar_e0.1_c304,0.17076888769852372,-0.012839454661254279,-0.002192579391158019,370,81,1480,5785,7265
991,dinov2,D20,std_ctrl__tvn_efaar_e0.1_c304,0.21832387417780189,0.044053307867428795,0.009617888843964494,370,60,1480,5593,7073
992,dinov2,D20,std_ctrl__tvn_efaar_e0.1_c304,0.20049362306530455,0.06110226483923176,0.012250614455113343,370,72,1480,5721,7201
993,dinov2,D20,std_ctrl__tvn_efaar_e0.1_c304,0.16151018527393085,-0.02044736442053379,-0.0033024576159239945,370,91,1480,5593,7073
994,dinov2,D20,std_ctrl__tvn_efaar_e0.1_c304,0.18425701153741997,-0.039307885932339776,-0.007242753591746718,370,66,1480,5401,6881
995,dinov2,D20,std_ctrl__tvn_efaar_e0.1_c304,0.17364133004687496,-0.0010079341944250603,-0.00017501903411969294,370,63,1480,5689,7169
996,dinov2,D20,std_ctrl__tvn_efaar_e0.1_c304,0.18085111912336985,-0.01735539777627579,-0.0031387431106707207,370,50,1480,5721,7201
997,dinov2,D20,std_ctrl__tvn_efaar_e0.1_c304,0.18091640875135195,0.0007375156736973539,0.0001334286870831592,370,88,1480,5849,7329
998,dinov2,D20,std_ctrl__tvn_efaar_e0.1_c304,0.19173409204424322,-0.0013192772780065572,-0.0002529504310531879,370,69,1480,5913,7393
999,dinov2,D20,std_ctrl__tvn_efaar_e0.1_c304,0.180234421821351,-0.02935628763781656,-0.005291013529223142,370,61,1480,5753,7233
1000,dinov2,D20,std_ctrl__tvn_efaar_e0.1_c304,0.19901282052127878,0.05947600714254557,0.011836487934781715,370,74,1480,5433,6913
1001,dinov2,D20,std_ctrl__tvn_efaar_e0.1_c304,0.1957262972636474,0.0021772110845456006,0.0004261374639394804,370,50,1480,5817,7297
1002,dinov2,D20,std_ctrl__tvn_efaar_e0.1_c304,0.1916392570628349,0.020265361722970207,0.0038836388646996227,370,64,1480,5561,7041
1003,dinov2,D20,std_ctrl__tvn_efaar_e0.1_c304,0.18541201575051885,-0.05478795287262948,-0.010158344780958662,370,107,1480,5753,7233
1004,dinov2,D20,std_ctrl__tvn_efaar_e0.1_c304,0.1942448613758947,0.017226044049294523,0.0033460705384102704,370,68,1480,5721,7201
1005,dinov2,D20,std_ctrl__tvn_efaar_e0.1_c304,0.14820286879452194,0.025903187824543098,0.003838926746520619,370,71,1480,5657,7137
1006,dinov2,D20,std_ctrl__tvn_efaar_e0.1_c304,0.1493576222143543,-0.005813017365300743,-0.0008682184515720696,370,65,1480,5625,7105
1007,dinov2,D20,std_ctrl__tvn_efaar_e0.1_c304,0.16146520175817586,0.030446477076228825,0.0049160465639389635,370,59,1480,5625,7105
1008,dinov2,D20,std_ctrl__tvn_efaar_e0.1_c304,0.18448925446104839,-0.005573613721232127,-0.0010282718400839847,370,71,1480,5945,7425
1009,dinov2,D20,std_ctrl__tvn_efaar_e0.1_c304,0.19501835135937554,-0.004230904842261215,-0.0008251040870961811,370,65,1480,5849,7329
1010,dinov2,D20,std_ctrl__tvn_efaar_e0.1_c304,0.18933324344094382,-0.026923560391816776,-0.005097525013960798,370,102,1480,5753,7233
1011,dinov2,D20,std_ctrl__tvn_efaar_e0.1_c304,0.1680388071587043,0.06611429109625207,0.011109766611957542,370,70,1480,5881,7361
1012,dinov2,D20,std_ctrl__tvn_efaar_e0.1_c304,0.19076355418357221,0.08064671240929326,0.015384453492417181,370,56,1480,5849,7329
1013,dinov2,D20,std_ctrl__tvn_efaar_e0.1_c304,0.16244731928151318,0.02289894058488161,0.003719871512400663,370,91,1480,5791,7271
1014,dinov2,D20,std_ctrl__tvn_efaar_e0.1_c304,0.15648054888519203,-0.04811984375053362,-0.007529819562353178,370,83,1480,5881,7361
1015,dinov2,D20,std_ctrl__tvn_efaar_e0.1_c304,0.17095905094553318,-0.0242606589058915,-0.004147579221864509,370,56,1480,5945,7425
1016,dinov2,D20,std_ctrl__tvn_efaar_e0.1_c304,0.1863406472518651,-0.02777921106868264,-0.005176396170684498,370,77,1480,5625,7105
1017,dinov2,D20,std_ctrl__tvn_efaar_e0.1_c304,0.19086970421824093,-0.021124880418380163,-0.004032099677101931,370,68,1480,5817,7297
1018,dinov2,D20,std_ctrl__tvn_efaar_e0.1_c304,0.1778086001109387,0.024720325715249788,0.004395486509715004,370,77,1480,5657,7137
1019,dinov2,D20,std_ctrl__tvn_efaar_e0.1_c304,0.18503634377455536,0.007419539046142908,0.0013728843775908358,370,64,1480,5561,7041
1020,dinov2,D20,std_ctrl__tvn_efaar_e0.1_c304,0.14727975442066787,-0.023816657707382886,-0.003507711498264458,370,71,1480,5753,7233
1021,dinov2,D20,std_ctrl__tvn_efaar_e0.1_c304,0.18746996055100268,-0.03307406200366261,-0.006200393099088047,370,70,1480,5529,7009
1022,dinov2,D20,std_ctrl__tvn_efaar_e0.1_c304,0.1706868022525794,0.006014421452787516,0.001026582365175614,370,53,1480,5561,7041
1023,dinov2,D20,std_ctrl__tvn_efaar_e0.1_c304,0.20557302633539068,0.003419655046724967,0.0007029888369783433,370,80,1480,5593,7073
1024,dinov2,D20,std_ctrl__tvn_efaar_e0.1_c304,0.16592362281235232,0.01721612753865307,0.002856562252012824,370,85,1480,5529,7009
1025,dinov2,D20,std_ctrl__tvn_efaar_e0.1_c304,0.18392105775124612,-0.0014528365343472807,-0.00026720723213680646,370,80,1480,5593,7073
1026,dinov2,D20,std_ctrl__tvn_efaar_e0.1_c304,0.16953935816534302,0.002968070258417174,0.0005032047266016915,370,62,1480,5529,7009
1027,dinov2,D20,std_ctrl__tvn_efaar_e0.1_c304,0.18332463826718548,0.016086354319662443,0.002949025086689894,370,98,1480,5561,7041
1028,dinov2,D20,std_ctrl__tvn_efaar_e0.1_c304,0.1945789309473532,0.029247713694855224,0.005690988863399192,370,83,1480,5817,7297
1029,dinov2,D20,std_ctrl__tvn_efaar_e0.1_c304,0.1976929738793195,0.0018605846809689618,0.00036782451873505897,370,63,1480,5849,7329
1030,dinov2,D20,std_ctrl__tvn_efaar_e0.1_c304,0.14810031911110141,0.021221158618316693,0.0031428603632800024,370,51,1480,5593,7073
1031,dinov2,D20,std_ctrl__tvn_efaar_e0.1_c304,0.16776136144616868,-0.0047096031727139505,-0.0007900894401256879,370,58,1480,5625,7105
1032,dinov2,D20,std_ctrl__tvn_efaar_e0.1_c304,0.17174562029245927,0.00796982468575818,0.0013687824842776928,370,85,1480,5465,6945
1033,dinov2,D20,std_ctrl__tvn_efaar_e0.1_c304,0.17396537908091908,0.03175567047455682,0.005524387252075026,370,71,1480,5401,6881
1034,dinov2,D20,std_ctrl__tvn_efaar_e0.1_c304,0.16186743523722508,-0.022480413193316215,-0.0036388468266751726,370,80,1480,5593,7073
1035,dinov2,D20,std_ctrl__tvn_efaar_e0.1_c304,0.2081903292658894,0.06086051710516762,0.012670571095417141,370,96,1480,5753,7233
1036,dinov2,D20,std_ctrl__tvn_efaar_e0.1_c304,0.19492867651818244,0.00020068818518850526,3.9119882331631236e-05,370,65,1480,5465,6945
1037,dinov2,D20,std_ctrl__tvn_efaar_e0.1_c304,0.1559433216580412,-0.021788732847825627,-0.0033978073750096,370,42,1480,5753,7233
1038,dinov2,D20,std_ctrl__tvn_efaar_e0.1_c304,0.1797274780989245,0.03129670666383426,0.0056248781614927365,370,91,1480,5625,7105
1039,dinov2,D20,std_ctrl__tvn_efaar_e0.1_c304,0.1833120199544044,-0.029989934551066234,-0.005497515480856335,370,61,1480,5753,7233
1040,dinov2,D20,std_ctrl__tvn_efaar_e0.1_c304,0.1867847950633372,-0.013917632220140436,-0.00259960208200583,370,59,1480,5625,7105
1041,dinov2,D20,std_ctrl__tvn_efaar_e0.1_c304,0.14984955536210073,0.02699242817747454,0.004044803360537999,370,71,1480,5753,7233
1042,dinov2,D20,std_ctrl__tvn_efaar_e0.1_c304,0.16984948779269163,0.02875371185783732,0.004883803231192313,370,84,1480,5561,7041
1043,dinov2,D20,std_ctrl__tvn_efaar_e0.1_c304,0.16335413874702617,0.12444570863426935,0.020328721554714428,370,63,1480,5657,7137
1044,dinov2,D20,std_ctrl__tvn_efaar_e0.1_c304,0.2064208103481543,0.03401799192341823,0.007022021459248959,370,93,1480,5753,7233
1045,dinov2,D20,std_ctrl__tvn_efaar_e0.1_c304,0.1792611621343187,0.0017565805819071967,0.0003148866764952619,370,81,1480,5305,6785
1046,dinov2,D20,std_ctrl__tvn_efaar_e0.1_c304,0.1752039150781947,0.013034043378398882,0.0022836154291945034,370,81,1480,5497,6977
1047,dinov2,D20,std_ctrl__tvn_efaar_e0.1_c304,0.1649934611395359,0.03579238943609971,0.0059055102155162525,370,68,1480,5657,7137
1048,dinov2,D20,std_ctrl__tvn_efaar_e0.1_c304,0.20366321195520676,-0.010944361340823954,-0.0022289637834705996,370,65,1480,5849,7329
1049,dinov2,D20,std_ctrl__tvn_efaar_e0.1_c304,0.18400168362707195,-0.008677415208070418,-0.0015966590078161156,370,60,1480,5593,7073
1050,dinov2,D20,std_ctrl__tvn_efaar_e0.1_c304,0.22257426300380254,0.02063205793352555,0.004592165088806207,370,52,1480,5817,7297
1051,dinov2,D20,std_ctrl__tvn_efaar_e0.1_c304,0.18736511475767503,-0.01575753810950222,-0.0029524129361853213,370,65,1480,5529,7009
1052,dinov2,D20,std_ctrl__tvn_efaar_e0.1_c304,0.1619096940412358,-0.018028333993002726,-0.0029189620408802824,370,85,1480,5689,7169
1053,dinov2,D20,std_ctrl__tvn_efaar_e0.1_c304,0.17585881883229312,0.0005218288991271243,9.176821383305193e-05,370,69,1480,5593,7073
1054,dinov2,D20,std_ctrl__tvn_efaar_e0.1_c304,0.18489400811473802,0.04717498031446441,0.008722371193075189,370,127,1480,5657,7137
1055,dinov2,D20,std_ctrl__tvn_efaar_e0.1_c304,0.19949607732866562,0.014432893007340918,0.002879305539468841,370,59,1480,5465,6945
1056,dinov2,D20,std_ctrl__tvn_efaar_e0.1_c304,0.1642665063534903,-0.03382092284865213,-0.00555564483799902,370,66,1480,5689,7169
1057,dinov2,D20,std_ctrl__tvn_efaar_e0.1_c304,0.18906890215234057,0.03415365213864005,0.006457393514345613,370,53,1480,5753,7233
1058,dinov2,D20,std_ctrl__tvn_efaar_e0.1_c304,0.13601387534358128,-0.0046122956923625785,-0.0006273362113487406,370,72,1480,5753,7233
1059,dinov2,D20,std_ctrl__tvn_efaar_e0.1_c304,0.18843167808186503,-0.01137058227476261,-0.002142577898801429,370,70,1480,5689,7169
1060,dinov2,D20,std_ctrl__tvn_efaar_e0.1_c304,0.13467371646356066,0.01296925196930661,0.0017466173624588741,370,87,1480,5849,7329
1061,dinov2,D20,std_ctrl__tvn_efaar_e0.1_c304,0.15429291857916858,0.006982116512878472,0.0010772911346318265,370,70,1480,5945,7425
1062,dinov2,D20,std_ctrl__tvn_efaar_e0.1_c304,0.1629146942468015,0.06528502399859193,0.010635889723625702,370,61,1480,5433,6913
1063,dinov2,D20,std_ctrl__tvn_efaar_e0.1_c304,0.1816668363266292,-0.013173327386537604,-0.002393156710207229,370,75,1480,5561,7041
1064,dinov2,D20,std_ctrl__tvn_efaar_e0.1_c304,0.1913531380556687,0.045316644726686416,0.008671482174605316,370,63,1480,5657,7137
1065,dinov2,D20,std_ctrl__tvn_efaar_e0.1_c304,0.183174676274477,-0.032054785530298224,-0.005871624962560167,370,87,1480,5657,7137
1066,dinov2,D20,std_ctrl__tvn_efaar_e0.1_c304,0.18120774303523274,0.1196448919513368,0.021680580836196024,370,48,1480,5785,7265
1067,dinov2,D20,std_ctrl__tvn_efaar_e0.1_c304,0.1717808985493896,0.07110459415400384,0.012214411074764455,370,75,1480,5535,7015
1068,dinov2,D20,std_ctrl__tvn_efaar_e0.1_c304,0.19166134615788374,0.019670694193186383,0.003770111728926169,370,53,1480,5401,6881
1069,dinov2,D20,std_ctrl__tvn_efaar_e0.1_c304,0.16829718950273137,-0.0013045036943178316,-0.00021954430544962125,370,57,1480,5689,7169
1070,dinov2,D20,std_ctrl__tvn_efaar_e0.1_c304,0.2137063921160229,-0.008270532433450908,-0.0017674656472313449,370,102,1480,5689,7169
1071,dinov2,D20,std_ctrl__tvn_efaar_e0.1_c304,0.16343589726981642,-0.04838611810809859,-0.007908028628400406,370,94,1480,5593,7073
1072,dinov2,D20,std_ctrl__tvn_efaar_e0.1_c304,0.15105063221751447,0.017631716163344052,0.0026632818735528876,370,67,1480,5561,7041
1073,dinov2,D20,std_ctrl__tvn_efaar_e0.1_c304,0.17255786534877976,0.026150125385268404,0.004512409815084852,370,84,1480,5849,7329
1074,dinov2,D20,std_ctrl__tvn_efaar_e0.1_c304,0.16151384479419925,0.06931993597391928,0.011196129380035428,370,74,1480,5785,7265
1075,dinov2,D20,std_ctrl__tvn_efaar_e0.1_c304,0.20239645048225893,0.0002808711865179411,5.684733119397178e-05,370,64,1480,5561,7041
1076,dinov2,D20,std_ctrl__tvn_efaar_e0.1_c304,0.17364715773778705,0.005201714321642568,0.0009032629073171729,370,74,1480,5913,7393
1077,dinov2,D20,std_ctrl__tvn_efaar_e0.1_c304,0.18475369783477183,0.03377202968669859,0.006239507368003255,370,60,1480,5689,7169
1078,dinov2,D20,std_ctrl__tvn_efaar_e0.1_c304,0.17048967047961194,-0.011938365679850094,-0.002035368030822751,370,55,1480,5689,7169
1079,dinov2,D20,std_ctrl__tvn_efaar_e0.1_c304,0.15308102831269718,-0.010689651904648193,-0.0016363829058683274,370,91,1480,5657,7137
1080,dinov2,D20,std_ctrl__tvn_efaar_e0.1_c304,0.15719491304221822,-0.0038235852620254526,-0.0006010481527735982,370,88,1480,5785,7265
1081,dinov2,D20,std_ctrl__tvn_efaar_e0.1_c304,0.18963922188470583,0.04196299146622976,0.007957829049610362,370,92,1480,5657,7137
1082,dinov2,D20,std_ctrl__tvn_efaar_e0.1_c304,0.15257215913574945,0.017616478774947923,0.002687784203062907,370,54,1480,5721,7201
1083,dinov2,D20,std_ctrl__tvn_efaar_e0.1_c304,0.1595334691741151,0.012584082492165955,0.002007582336348479,370,70,1480,5817,7297
1084,dinov2,D20,std_ctrl__tvn_efaar_e0.1_c304,0.1902717490015648,0.017262786605787856,0.0032846206001240414,370,59,1480,5721,7201
1085,dinov2,D20,std_ctrl__tvn_efaar_e0.1_c304,0.2044928928747679,-0.05634181374093383,-0.011521500481694908,370,80,1480,5817,7297
1086,dinov2,D20,std_ctrl__tvn_efaar_e0.1_c304,0.1804758792111322,-0.001191606090162931,-0.00021505615679549462,370,81,1480,5561,7041
1087,dinov2,D20,std_ctrl__tvn_efaar_e0.1_c304,0.1530261647233178,0.016209585042503902,0.0024804906308108303,370,96,1480,5849,7329
1088,dinov2,D20,std_ctrl__tvn_efaar_e0.1_c304,0.15490966043223983,0.02428907654516824,0.003762612599824693,370,86,1480,5497,6977
1089,dinov2,D20,std_ctrl__tvn_efaar_e0.1_c304,0.18855496270370117,0.06698779545442365,0.012630881273512015,370,44,1480,5753,7233
1090,dinov2,D20,std_ctrl__tvn_efaar_e0.1_c304,0.15809148027837225,-0.03536810351679829,-0.005591395839609345,370,73,1480,5785,7265
1091,dinov2,D20,std_ctrl__tvn_efaar_e0.1_c304,0.18924991169481126,0.02869971264027762,0.005431418082838998,370,73,1480,5753,7233
1092,dinov2,D20,std_ctrl__tvn_efaar_e0.1_c304,0.2023385287454345,-0.0002175940459392091,-4.402765911910606e-05,370,57,1480,5657,7137
1093,dinov2,D20,std_ctrl__tvn_efaar_e0.1_c304,0.19172355800384686,0.0009806678395007352,0.00018801712740902638,370,80,1480,5689,7169
1094,dinov2,D20,std_ctrl__tvn_efaar_e0.1_c304,0.16501419747419555,-0.023461018530296772,-0.0038714011447041523,370,79,1480,5625,7105
1095,dinov2,D20,std_ctrl__tvn_efaar_e0.1_c304,0.1462646776746633,0.0019350796966178872,0.0002830338081006005,370,49,1480,5753,7233
1096,dinov2,D20,std_ctrl__tvn_efaar_e0.1_c304,0.1689666274220108,0.033929212692421294,0.005732904639722509,370,84,1480,5593,7073
1097,dinov2,D20,std_ctrl__tvn_efaar_e0.1_c304,0.1764171725531047,0.04614005890932811,0.008139898734217353,370,87,1480,5657,7137
1098,dinov2,D20,std_ctrl__tvn_efaar_e0.1_c304,0.14728600942291414,-0.05608534444546489,-0.008260586570482127,370,86,1480,5753,7233
1099,dinov2,D20,std_ctrl__tvn_efaar_e0.1_c304,0.17173882884141106,-0.01424961387021092,-0.0024472119975123504,370,82,1480,5721,7201
1100,dinov2,D20,std_ctrl__tvn_efaar_e0.1_c304,0.15384360518722046,-0.024613247885657833,-0.0037865907900963324,370,76,1480,5817,7297
1101,dinov2,D20,std_ctrl__tvn_efaar_e0.1_c304,0.1866520643278871,-0.021460792544588495,-0.004005701230559972,370,77,1480,5593,7073
1102,dinov2,D20,std_ctrl__tvn_efaar_e0.1_c304,0.18992717178454996,0.024470269880666452,0.004647569151239636,370,56,1480,5753,7233
1103,dinov2,D20,std_ctrl__tvn_efaar_e0.1_c304,0.18314301413037018,0.03349941741456431,0.0061351842769147204,370,57,1480,5977,7457
1104,dinov2,D20,std_ctrl__tvn_efaar_e0.1_c304,0.1708023213840359,0.011093606923276716,0.0018948138150176753,370,89,1480,5689,7169
1105,dinov2,D20,std_ctrl__tvn_efaar_e0.1_c304,0.16744067306377663,0.08624626756401342,0.014441133090156974,370,65,1480,5721,7201
1106,dinov2,D20,std_ctrl__tvn_efaar_e0.1_c304,0.21671906866980273,0.06037342277073831,0.013084071955282668,370,79,1480,5593,7073
1107,dinov2,D20,std_ctrl__tvn_efaar_e0.1_c304,0.17968975347427588,0.019636197083532498,0.0035284234131122494,370,77,1480,5497,6977
1108,dinov2,D20,std_ctrl__tvn_efaar_e0.1_c304,0.1921238772039258,0.03269036116729301,0.006280598934656986,370,77,1480,5753,7233
1109,dinov2,D20,std_ctrl__tvn_efaar_e0.1_c304,0.16201896700490329,-0.0076443173018623045,-0.00123852439270544,370,67,1480,5689,7169
1110,dinov2,D20,std_ctrl__tvn_efaar_e0.1_c304,0.1502667149811407,-0.01400469660663385,-0.0021044397533863967,370,74,1480,5817,7297
1111,dinov2,D20,std_ctrl__tvn_efaar_e0.1_c304,0.1668124843887751,-0.018466705399802896,-0.0030804770062167297,370,76,1480,5785,7265
1112,dinov2,D20,std_ctrl__tvn_efaar_e0.1_c304,0.1776601919761122,-0.020923980643698513,-0.0037173584180639333,370,90,1480,5817,7297
1113,dinov2,D20,std_ctrl__tvn_efaar_e0.1_c304,0.15795299560645495,0.05755543283180045,0.00909105302920899,370,64,1480,5689,7169
1114,dinov2,D20,std_ctrl__tvn_efaar_e0.1_c304,0.17996168008910607,-0.012730430047358082,-0.0022909895795793986,370,70,1480,5657,7137
1115,dinov2,D20,std_ctrl__tvn_efaar_e0.1_c304,0.21021889686819809,0.07287013539691305,0.015318679477775295,370,86,1480,5529,7009
1116,dinov2,D20,std_ctrl__tvn_efaar_e0.1_c304,0.16776505220484894,0.042825194492288936,0.0071845709896816625,370,89,1480,5657,7137
1117,dinov2,D20,std_ctrl__tvn_efaar_e0.1_c304,0.20127807189167976,-0.02276667503516271,-0.004582432454461991,370,75,1480,5753,7233
1118,dinov2,D20,std_ctrl__tvn_efaar_e0.1_c304,0.171518012733229,0.04858428725853887,0.008333080400644925,370,82,1480,5657,7137
1119,dinov2,D20,std_ctrl__tvn_efaar_e0.1_c304,0.17831138537055027,0.03840394321623564,0.0068478603185789235,370,60,1480,5785,7265
1120,dinov2,D20,std_ctrl__tvn_efaar_e0.1_c304,0.190486767049655,0.07097717786022482,0.013520213144902577,370,65,1480,5657,7137
1121,dinov2,D20,std_ctrl__tvn_efaar_e0.1_c304,0.18231980704655504,0.056337178596170726,0.010271383531201158,370,83,1480,5753,7233
1122,dinov2,D20,std_ctrl__tvn_efaar_e0.1_c304,0.172519006903387,0.07059983810071803,0.012179813956675778,370,66,1480,5625,7105
1123,dinov2,D20,std_ctrl__tvn_efaar_e0.1_c304,0.1708679751996587,-0.053861631608331996,-0.009203227933865625,370,102,1480,5273,6753
1124,dinov2,D20,std_ctrl__tvn_efaar_e0.1_c304,0.1929655821199962,0.014330679909947186,0.0027653279909982936,370,81,1480,5913,7393
1125,dinov2,D20,std_ctrl__tvn_efaar_e0.1_c304,0.17817412170459854,0.028400803504694924,0.005060288220153902,370,64,1480,5657,7137
1126,dinov2,D20,std_ctrl__tvn_efaar_e0.1_c304,0.15948110904534907,0.004440031469092083,0.000708101142887056,370,104,1480,5817,7297
1127,dinov2,D20,std_ctrl__tvn_efaar_e0.1_c304,0.17098319799863146,-0.003510241872539291,-0.0006001923811154724,370,93,1480,5593,7073
1128,dinov2,D20,std_ctrl__tvn_efaar_e0.1_c304,0.16624858884050908,0.04974838949960977,0.008270599551398123,370,81,1480,5593,7073
1129,dinov2,D20,std_ctrl__tvn_efaar_e0.1_c304,0.1510539549862135,-0.03508619206344604,-0.00529990807658942,370,64,1480,5721,7201
1130,dinov2,D20,std_ctrl__tvn_efaar_e0.1_c304,0.1742466980074944,-0.008071389071434974,-0.0014064128940313207,370,85,1480,5625,7105
1131,dinov2,D20,std_ctrl__tvn_efaar_e0.1_c304,0.17940309057712972,0.013536297347918261,0.0024284535791875405,370,57,1480,5689,7169
1132,dinov2,D20,std_ctrl__tvn_efaar_e0.1_c304,0.1888180068418128,0.006553010073535255,0.001237326300899248,370,84,1480,5817,7297
1133,dinov2,D20,std_ctrl__tvn_efaar_e0.1_c304,0.18217564448540854,0.03701501865370423,0.006743234878877988,370,54,1480,5881,7361
1134,dinov2,D20,std_ctrl__tvn_efaar_e0.1_c304,0.17688550891497612,0.00348057452944066,0.0006156631969566147,370,54,1480,5721,7201
1135,dinov2,D20,std_ctrl__tvn_efaar_e0.1_c304,0.1517735782148499,0.11941757792347783,0.018124433103196898,370,59,1480,5657,7137
1136,dinov2,D20,std_ctrl__tvn_efaar_e0.1_c304,0.14716485419346997,-0.016247945590964367,-0.0023911265438377044,370,71,1480,5593,7073
1137,dinov2,D20,std_ctrl__tvn_efaar_e0.1_c304,0.14074393076580086,0.01068677777772333,0.0015040991116573915,370,91,1480,5689,7169
1138,dinov2,D20,std_ctrl__tvn_efaar_e0.1_c304,0.16477966164701952,-0.014905488634556046,-0.0024561213738856402,370,70,1480,5593,7073
1139,dinov2,D20,std_ctrl__tvn_efaar_e0.1_c304,0.16746789944533486,0.0014427533269100355,0.00024161486907539216,370,74,1480,5785,7265
1140,dinov2,D20,std_ctrl__tvn_efaar_e0.1_c304,0.1682808072147135,0.05080066046098305,0.008548776149414806,370,54,1480,5785,7265
1141,dinov2,D20,std_ctrl__tvn_efaar_e0.1_c304,0.1364168948043781,-0.02586954516943197,-0.0035290430220155087,370,85,1480,5817,7297
1142,dinov2,D20,std_ctrl__tvn_efaar_e0.1_c304,0.20950643077123396,-0.03391091406707648,-0.0071045545703832215,370,69,1480,5561,7041
1143,dinov2,D20,std_ctrl__tvn_efaar_e0.1_c304,0.16880778417680417,-0.0072399912395357795,-0.0012221668786055089,370,60,1480,5689,7169
1144,dinov2,D20,std_ctrl__tvn_efaar_e0.1_c304,0.19283056573369914,-0.004356450701804505,-0.0008400568534199333,370,61,1480,5631,7111
1145,dinov2,D20,std_ctrl__tvn_efaar_e0.1_c304,0.1850978279075805,-0.0266353983683196,-0.004930154383429072,370,91,1480,5785,7265
1146,dinov2,D20,std_ctrl__tvn_efaar_e0.1_c304,0.18216297361743647,-0.04484088084670413,-0.008168348194660776,370,77,1480,5625,7105
1147,dinov2,D20,std_ctrl__tvn_efaar_e0.1_c304,0.14292417577498268,0.033520915902479353,0.004790949276584371,370,46,1480,5849,7329
1148,dinov2,D20,std_ctrl__tvn_efaar_e0.1_c304,0.1629293441363509,0.06530052197674334,0.01063937121743216,370,75,1480,5529,7009
1149,dinov2,D20,std_ctrl__tvn_efaar_e0.1_c304,0.203099743420664,0.033531594217174714,0.006810258181994005,370,69,1480,5625,7105
1150,dinov2,D20,std_ctrl__tvn_efaar_e0.1_c304,0.1676080740118706,-0.010851245477560487,-0.0018187563551239343,370,53,1480,5785,7265
1151,dinov2,D20,std_ctrl__tvn_efaar_e0.1_c304,0.1933868677526994,-0.0033946967298495293,-0.000656489767555932,370,87,1480,5657,7137
1152,dinov2,D20,std_ctrl__tvn_efaar_e0.1_c304,0.19928181868542813,-0.02212978230235349,-0.0044100632643256045,370,80,1480,5849,7329
1153,dinov2,D20,std_ctrl__tvn_efaar_e0.1_c304,0.1854089125235056,0.042199826460189965,0.007824223932664479,370,75,1480,5497,6977
1154,dinov2,D20,std_ctrl__tvn_efaar_e0.1_c304,0.16936676036947543,0.0001754687472660753,2.971857327054542e-05,370,71,1480,5401,6881
1155,dinov2,D20,std_ctrl__tvn_efaar_e0.1_c304,0.17288657495015827,0.03725691059776673,0.006441219666472144,370,70,1480,5881,7361
1156,dinov2,D20,std_ctrl__tvn_efaar_e0.1_c304,0.16141714613929883,0.0013739476744588682,0.0002217787125558769,370,93,1480,5753,7233
1157,dinov2,D20,std_ctrl__tvn_efaar_e0.1_c304,0.18843494087757273,0.022893420061928724,0.004313920255854977,370,55,1480,5785,7265
1158,dinov2,D20,std_ctrl__tvn_efaar_e0.1_c304,0.17138634376554876,0.06195444080860421,0.010618145090225784,370,67,1480,5657,7137
1159,dinov2,D20,std_ctrl__tvn_efaar_e0.1_c304,0.15466399047256632,-0.002342411638536028,-0.00036228673134536466,370,78,1480,5791,7271
1160,dinov2,D20,std_ctrl__tvn_efaar_e0.1_c304,0.18300614654946976,-0.022172287599118806,-0.004057664913701327,370,34,1480,5689,7169
1161,dinov2,D20,std_ctrl__tvn_efaar_e0.1_c304,0.15506954387827462,0.09968221822543319,0.015457676112992558,370,65,1480,5817,7297
1162,dinov2,D20,std_ctrl__tvn_efaar_e0.1_c304,0.17300354754696484,0.030623478182095317,0.005297970363729567,370,71,1480,5753,7233
1163,dinov2,D20,std_ctrl__tvn_efaar_e0.1_c304,0.21492691775906747,0.002968628679988432,0.0006380382121610827,370,68,1480,5593,7073
1164,dinov2,D20,std_ctrl__tvn_efaar_e0.1_c304,0.16787106113068448,0.005519804827607451,0.0009266154936447377,370,83,1480,5753,7233
1165,dinov2,D20,std_ctrl__tvn_efaar_e0.1_c304,0.17930261085534033,0.07805370012953805,0.013995232220145988,370,81,1480,5721,7201
1166,dinov2,D20,std_ctrl__tvn_efaar_e0.1_c304,0.19374092423552075,0.01289461655531334,0.0024982149290890534,370,87,1480,5625,7105
1167,dinov2,D20,std_ctrl__tvn_efaar_e0.1_c304,0.19492962925336219,-0.0033445298084353423,-0.0006519479555851198,370,64,1480,5721,7201
1168,dinov2,D20,std_ctrl__tvn_efaar_e0.1_c304,0.1867051508047141,0.0219698513557268,0.004101884410528125,370,63,1480,5913,7393
1169,dinov2,D20,std_ctrl__tvn_efaar_e0.1_c304,0.16557803567118187,-0.012641435557050162,-0.002093144067600199,370,62,1480,5529,7009
1170,dinov2,D20,std_ctrl__tvn_efaar_e0.1_c304,0.20890787189735047,-0.05030963044261001,-0.010510077831707815,370,97,1480,5468,6948
1171,dinov2,D20,std_ctrl__tvn_efaar_e0.1_c304,0.16892240121895283,-0.019845123194072105,-0.0033522858624285947,370,102,1480,5817,7297
1172,dinov2,D20,std_ctrl__tvn_efaar_e0.1_c304,0.15485518447927343,-0.007178205240746943,-0.0011115822967859553,370,81,1480,5881,7361
1173,dinov2,D20,std_ctrl__tvn_efaar_e0.1_c304,0.18816528600126992,-0.01524500720546204,-0.0028685811409071855,370,89,1480,5657,7137
1174,dinov2,D20,std_ctrl__tvn_efaar_e0.1_c304,0.18523119314393163,0.010962510385661104,0.0020305988785887484,370,87,1480,5913,7393
1175,dinov2,D20,std_ctrl__tvn_efaar_e0.1_c304,0.16154942876072817,-0.02144861839829994,-0.0034650120499522,370,77,1480,5785,7265
1176,dinov2,D20,std_ctrl__tvn_efaar_e0.1_c304,0.14112236301504202,-0.015146245196174735,-0.0021374739128894073,370,78,1480,5497,6977
1177,dinov2,D20,std_ctrl__tvn_efaar_e0.1_c304,0.1876128297081226,-0.014186191181697212,-0.0026615114703786294,370,62,1480,5753,7233
1178,dinov2,D20,std_ctrl__tvn_efaar_e0.1_c304,0.17410302116243373,0.02263187037304389,0.003940277006503517,370,63,1480,5593,7073
1179,dinov2,D20,std_ctrl__tvn_efaar_e0.1_c304,0.18207051267926685,0.024414706408938693,0.00444519811278925,370,85,1480,5721,7201
1180,dinov2,D20,std_ctrl__tvn_efaar_e0.1_c304,0.18796448075181538,0.0090091633229472,0.0016934027060060701,370,87,1480,5721,7201
1181,dinov2,D20,std_ctrl__tvn_efaar_e0.1_c304,0.17684644936639735,0.02900276710435228,0.00512903638420525,370,70,1480,5401,6881
1182,dinov2,D20,std_ctrl__tvn_efaar_e0.1_c304,0.1960611338214523,0.03555925190803698,0.006971787246932371,370,76,1480,5753,7233
1183,dinov2,D20,std_ctrl__tvn_efaar_e0.1_c304,0.14184792772846044,0.013197932111094119,0.001872099320259606,370,74,1480,5849,7329
1184,dinov2,D20,std_ctrl__tvn_efaar_e0.1_c304,0.20468988406135713,0.049287090868085484,0.010088568915509992,370,79,1480,5753,7233
1185,dinov2,D20,std_ctrl__tvn_efaar_e0.1_c304,0.19079321834991245,-0.022825840659396558,-0.004355015600948557,370,59,1480,5881,7361
1186,dinov2,D20,std_ctrl__tvn_efaar_e0.1_c304,0.15956542988161113,0.06101502695218476,0.009735889004863451,370,65,1480,5561,7041
1187,dinov2,D20,std_ctrl__tvn_efaar_e0.1_c304,0.14232929446427037,0.033254228202315085,0.004733050837989348,370,75,1480,5785,7265
1188,dinov2,D20,std_ctrl__tvn_efaar_e0.1_c304,0.20719915286463308,-0.0009617518782351823,-0.00019927417443629954,370,62,1480,5849,7329
1189,dinov2,D20,std_ctrl__tvn_efaar_e0.1_c304,0.19097601103402753,-0.016018567740770078,-0.003059162169610624,370,67,1480,5625,7105
1190,dinov2,D20,std_ctrl__tvn_efaar_e0.1_c304,0.16805454681610887,0.022450996745439464,0.0037729920836247644,370,63,1480,5657,7137
1191,dinov2,D20,std_ctrl__tvn_efaar_e0.1_c304,0.16965942056097552,0.0036404011464175345,0.0006176283491107099,370,52,1480,5721,7201
1192,dinov2,D20,std_ctrl__tvn_efaar_e0.1_c304,0.16648242192407398,-0.05022458300854292,-0.00836151021938892,370,72,1480,5401,6881
1193,dinov2,D20,std_ctrl__tvn_efaar_e0.1_c304,0.21161227328603474,0.00728584587023318,0.0015417744074117112,370,67,1480,5689,7169
1194,dinov2,D20,std_ctrl__tvn_efaar_e0.1_c304,0.1693495025692616,0.06171684608701836,0.010451717184980237,370,70,1480,5721,7201
1195,dinov2,D20,std_ctrl__tvn_efaar_e0.1_c304,0.20319343509512894,-0.04634144672512906,-0.009416277747356887,370,43,1480,5593,7073
1196,dinov2,D20,std_ctrl__tvn_efaar_e0.1_c304,0.16948647030224614,-0.012956306201216643,-0.002195918606199312,370,75,1480,5721,7201
1197,dinov2,D20,std_ctrl__tvn_efaar_e0.1_c304,0.18705390609581213,0.019174693422617,0.0035867013028901868,370,51,1480,5657,7137
1198,dinov2,D20,std_ctrl__tvn_efaar_e0.1_c304,0.15564153439631404,0.007148470821183781,0.0011125989671963226,370,72,1480,5593,7073
1199,dinov2,D20,std_ctrl__tvn_efaar_e0.1_c304,0.19536190454331756,0.005276577808035975,0.0010308422900489119,370,89,1480,5689,7169
1200,dinov2,D20,std_ctrl__tvn_efaar_e0.1_c304,0.1923966715891945,-0.008413466727731939,-0.0016187229949420566,370,61,1480,5689,7169
1201,dinov2,D20,std_ctrl__tvn_efaar_e0.1_c304,0.2010315795069987,0.06515678630980672,0.013098571667460434,370,61,1480,5625,7105
1202,dinov2,D20,std_ctrl__tvn_efaar_e0.1_c304,0.20355889509818387,0.010253548988964663,0.0020872011030287473,370,96,1480,5817,7297
1203,dinov2,D20,std_ctrl__tvn_efaar_e0.1_c304,0.1838900943172547,-0.01106152019907929,-0.0020341039927009087,370,41,1480,5625,7105
1204,dinov2,D20,std_ctrl__tvn_efaar_e0.1_c304,0.19044604140842525,-0.03883203620545515,-0.007395407575157581,370,73,1480,5657,7137
1205,dinov2,D20,std_ctrl__tvn_efaar_e0.1_c304,0.20523227481629075,0.02547270993456858,0.005227822205607038,370,84,1480,5849,7329
1206,dinov2,D20,std_ctrl__tvn_efaar_e0.1_c304,0.1937260302844367,-0.03390908644393982,-0.006569072707356267,370,46,1480,5625,7105
1207,dinov2,D20,std_ctrl__tvn_efaar_e0.1_c304,0.1740078169232063,-0.0005128669083609813,-8.924285109604847e-05,370,67,1480,5465,6945
1208,dinov2,D20,std_ctrl__tvn_efaar_e0.1_c304,0.15854427452913072,0.0573308513689593,0.009089478238429073,370,86,1480,5625,7105
1209,dinov2,D20,std_ctrl__tvn_efaar_e0.1_c304,0.19221049166643478,-0.027833181717735734,-0.0053498295426072096,370,60,1480,5753,7233
1210,dinov2,D20,std_ctrl__tvn_efaar_e0.1_c304,0.19022343069373268,-0.0010030546255046038,-0.000190804492036703,370,67,1480,5753,7233
1211,dinov2,D20,std_ctrl__tvn_efaar_e0.1_c304,0.17368662130466186,0.030354293048251286,0.005272134601642351,370,61,1480,5625,7105
1212,dinov2,D20,std_ctrl__tvn_efaar_e0.1_c304,0.17233276336891,0.010802814141083727,0.0018616788130936968,370,63,1480,5791,7271
1213,dinov2,D20,std_ctrl__tvn_efaar_e0.1_c304,0.18222500540265557,0.02413240706579172,0.00439752800794298,370,63,1480,5721,7201
1214,dinov2,D20,std_ctrl__tvn_efaar_e0.1_c304,0.14825383331784248,0.17294223821607638,0.025639349758100793,370,64,1480,5817,7297
1215,dinov2,D20,std_ctrl__tvn_efaar_e0.1_c304,0.17976071135534646,-0.04060263334510235,-0.007298758253015908,370,88,1480,5616,7096
1216,dinov2,D20,std_ctrl__tvn_efaar_e0.1_c304,0.1615391334119059,-0.028188031759547184,-0.004553470223024533,370,98,1480,5657,7137
1217,dinov2,D20,std_ctrl__tvn_efaar_e0.1_c304,0.1676173924646623,0.057287110006529814,0.009602316001130791,370,88,1480,5721,7201
1218,dinov2,D20,std_ctrl__tvn_efaar_e0.1_c304,0.1732925871686882,-0.01046739698123532,-0.0018139223037999855,370,61,1480,5753,7233
1219,dinov2,D20,std_ctrl__tvn_efaar_e0.1_c304,0.18752469648607356,-0.02034887489280636,-0.003815916588106595,370,68,1480,5849,7329
1220,dinov2,D20,std_ctrl__tvn_efaar_e0.1_c304,0.1734520634349974,-0.03523274449245295,-0.006111192232694004,370,62,1480,5817,7297
1221,dinov2,D20,std_ctrl__tvn_efaar_e0.1_c304,0.19108478384690658,0.027140251531467995,0.005186089097441237,370,63,1480,5849,7329
1222,dinov2,D20,std_ctrl__tvn_efaar_e0.1_c304,0.15849412724978804,0.023278725019015175,0.0036895412053766156,370,69,1480,5785,7265
1223,dinov2,D20,std_ctrl__tvn_efaar_e0.1_c304,0.1759078181624748,0.011129844781758684,0.0019578267120461757,370,77,1480,5561,7041
1224,dinov2,D20,std_ctrl__tvn_efaar_e0.1_c304,0.1974873991087548,0.03469958579954377,0.006852730949702981,370,70,1480,5305,6785
1225,dinov2,D20,std_ctrl__tvn_efaar_e0.1_c304,0.18413372874825076,-0.05019046581763924,-0.009241757618613535,370,111,1480,5817,7297
1226,dinov2,D20,std_ctrl__tvn_efaar_e0.1_c304,0.15463023788791327,-0.01911759523777599,-0.0029561582994621395,370,43,1480,5593,7073
1227,dinov2,D20,std_ctrl__tvn_efaar_e0.1_c304,0.14834486162018132,0.02999269854022853,0.004449262714566016,370,65,1480,5661,7141
1228,dinov2,D20,std_ctrl__tvn_efaar_e0.1_c304,0.19376213755734145,-0.010654515319605122,-0.0020644416629641295,370,55,1480,5689,7169
1229,dinov2,D20,std_ctrl__tvn_efaar_e0.1_c304,0.2285318361708154,-0.004650051189001375,-0.0010626847365107677,370,61,1480,5631,7111
1230,dinov2,D20,std_ctrl__tvn_efaar_e0.1_c304,0.19307493944148293,0.0516263080800754,0.009967746306147898,370,98,1480,5817,7297
1231,dinov2,D20,std_ctrl__tvn_efaar_e0.1_c304,0.1451739447336287,0.07253206950200157,0.010529766649299293,370,61,1480,5561,7041
1232,dinov2,D20,std_ctrl__tvn_efaar_e0.1_c304,0.16843324044684496,0.07447378598216577,0.012543861101320998,370,59,1480,5689,7169
1233,dinov2,D20,std_ctrl__tvn_efaar_e0.1_c304,0.20522522317440536,-0.022365833994276885,-0.004590033272957175,370,40,1480,5593,7073
1234,dinov2,D20,std_ctrl__tvn_efaar_e0.1_c304,0.16500386593092106,0.06871903217378335,0.011338905971705598,370,71,1480,5433,6913
1235,dinov2,D20,std_ctrl__tvn_efaar_e0.1_c304,0.1592279364652237,0.027410654143987054,0.004364541896508992,370,73,1480,5753,7233
1236,dinov2,D20,std_ctrl__tvn_efaar_e0.1_c304,0.17591024181284512,0.02317078671992339,0.004075978694895584,370,56,1480,5561,7041
1237,dinov2,D20,std_ctrl__tvn_efaar_e0.1_c304,0.15038954316244596,0.02253009451571466,0.0033882906216250565,370,72,1480,5625,7105
1238,dinov2,D20,std_ctrl__tvn_efaar_e0.1_c304,0.1632389358088277,0.002122165885824462,0.00034642010081178335,370,75,1480,5721,7201
1239,dinov2,D20,std_ctrl__tvn_efaar_e0.1_c304,0.18563451081435267,0.004585021672213839,0.0008511382551946213,370,93,1480,5753,7233
1240,dinov2,D20,std_ctrl__tvn_efaar_e0.1_c304,0.17168663198330988,-0.00344196721388548,-0.0005909397583489748,370,104,1480,5785,7265
1241,dinov2,D20,std_ctrl__tvn_efaar_e0.1_c304,0.15221674300860297,-0.004669745885266755,-0.0007108135093331308,370,50,1480,5401,6881
1242,dinov2,D20,std_ctrl__tvn_efaar_e0.1_c304,0.17190633830939384,0.04960877015476039,0.008528062025337199,370,69,1480,5657,7137
1243,dinov2,D20,std_ctrl__tvn_efaar_e0.1_c304,0.19284237236899712,0.09034623433503684,0.017422582163773848,370,66,1480,5785,7265
1244,dinov2,D20,std_ctrl__tvn_efaar_e0.1_c304,0.1874119711476045,-0.009981434333266467,-0.0018706402832778441,370,68,1480,5721,7201
1245,dinov2,D20,std_ctrl__tvn_efaar_e0.1_c304,0.17884406412563525,-0.007019777235601577,-0.0012554454900716029,370,75,1480,5593,7073
1246,dinov2,D20,std_ctrl__tvn_efaar_e0.1_c304,0.19769149527820995,0.021280563452220933,0.004206986409232382,370,61,1480,5561,7041
1247,dinov2,D20,std_ctrl__tvn_efaar_e0.1_c304,0.17035125245079133,-0.008462971954010133,-0.001441677871821547,370,48,1480,5785,7265
1248,dinov2,D20,std_ctrl__tvn_efaar_e0.1_c304,0.19027239409290236,-0.02952626964224312,-0.005618034013462182,370,71,1480,5785,7265
1249,dinov2,D20,std_ctrl__tvn_efaar_e0.1_c304,0.18419285108732486,-0.019115247757884264,-0.0035208919837652966,370,61,1480,5657,7137
1250,dinov2,D20,std_ctrl__tvn_efaar_e0.1_c304,0.19486085536471362,0.07502365407573092,0.014619173405783309,370,67,1480,5561,7041
1251,dinov2,D20,std_ctrl__tvn_efaar_e0.1_c304,0.18773310739829638,0.007990270845760771,0.0015000383748286833,370,56,1480,5561,7041
1252,dinov2,D20,std_ctrl__tvn_efaar_e0.1_c304,0.16057905454994092,0.032086837295668934,0.005152473996436301,370,62,1480,5753,7233
1253,dinov2,D20,std_ctrl__tvn_efaar_e0.1_c304,0.15416540838781467,-0.026476762329104696,-0.004081800877253533,370,81,1480,5849,7329
1254,dinov2,D20,std_ctrl__tvn_efaar_e0.1_c304,0.177696351209629,0.012664003535255227,0.0022503472199206964,370,77,1480,5689,7169
1255,dinov2,D20,std_ctrl__tvn_efaar_e0.1_c304,0.1749137808268732,-0.08143221312905768,-0.014243616279503222,370,101,1480,5657,7137
1256,dinov2,D20,std_ctrl__tvn_efaar_e0.1_c304,0.15972542803862583,-0.017167017374786857,-0.0027420091983343573,370,100,1480,5625,7105
1257,dinov2,D20,std_ctrl__tvn_efaar_e0.1_c304,0.17990015125997338,-0.024868690931982837,-0.0044738812603012405,370,78,1480,5625,7105
1258,dinov2,D20,std_ctrl__tvn_efaar_e0.1_c304,0.16996096815755385,0.03365907094401077,0.00572072828492786,370,70,1480,5849,7329
1259,dinov2,D20,std_ctrl__tvn_efaar_e0.1_c304,0.19182073098604188,0.017085535569211677,0.003277359922174203,370,66,1480,5657,7137
1260,dinov2,D20,std_ctrl__tvn_efaar_e0.1_c304,0.14683163619872536,0.027249662061194845,0.00400111246630757,370,63,1480,5785,7265
1261,dinov2,D20,std_ctrl__tvn_efaar_e0.1_c304,0.1516101505992029,0.03674816734067926,0.005571395184765093,370,64,1480,5369,6849
1262,dinov2,D20,std_ctrl__tvn_efaar_e0.1_c304,0.16825175694860234,0.02047356306357396,0.003444712956444328,370,79,1480,5689,7169
1263,dinov2,D20,std_ctrl__tvn_efaar_e0.1_c304,0.165779743549958,0.023568411318275966,0.003907165184223717,370,83,1480,5817,7297
1264,dinov2,D20,std_ctrl__tvn_efaar_e0.1_c304,0.19767775203270624,0.018490285505277308,0.0036551180731261503,370,71,1480,5753,7233
1265,dinov2,D20,std_ctrl__tvn_efaar_e0.1_c304,0.16723641126159397,0.018084202980986428,0.00302433720706639,370,56,1480,5849,7329
1266,dinov2,D20,std_ctrl__tvn_efaar_e0.1_c304,0.16640374582968254,0.03616082632598967,0.006017296952941278,370,80,1480,5628,7108
1267,dinov2,D20,std_ctrl__tvn_efaar_e0.1_c304,0.1957505855327751,0.1025711048309694,0.02007835382940592,370,52,1480,5599,7079
1268,dinov2,D20,std_ctrl__tvn_efaar_e0.1_c304,0.14279616347632013,-0.0018699160364379613,-0.0002670168360261877,370,79,1480,5753,7233
1269,dinov2,D20,std_ctrl__tvn_efaar_e0.1_c304,0.16507889961379546,0.03459527983800211,0.005710950727488713,370,84,1480,5561,7041
1270,dinov2,D20,std_ctrl__tvn_efaar_e0.1_c304,0.1819560247836378,0.03540676337311831,0.0064424739138275134,370,68,1480,5631,7111
1271,dinov2,D20,std_ctrl__tvn_efaar_e0.1_c304,0.19545485298866175,0.015682500410754332,0.0030652208122786155,370,60,1480,5689,7169
1272,dinov2,D20,std_ctrl__tvn_efaar_e0.1_c304,0.17577607951839888,0.04530386735134222,0.007963336190040525,370,59,1480,5657,7137
1273,dinov2,D20,std_ctrl__tvn_efaar_e0.1_c304,0.1854593248227362,-0.02035071900279191,-0.0037742306059150147,370,61,1480,5753,7233
1274,dinov2,D20,std_ctrl__tvn_efaar_e0.1_c304,0.17564967782969312,-0.01349257358758931,-0.002369966203753489,370,85,1480,5785,7265
1275,dinov2,D20,std_ctrl__tvn_efaar_e0.1_c304,0.20833972342817134,-0.0433683571156379,-0.009035351527006167,370,57,1480,5785,7265
1276,dinov2,D20,std_ctrl__tvn_efaar_e0.1_c304,0.194447447202612,0.025187599718591105,0.004897664466441269,370,72,1480,5689,7169
1277,dinov2,D20,std_ctrl__tvn_efaar_e0.1_c304,0.16920071002324305,0.018844901661520856,0.0031885707414475214,370,62,1480,5721,7201
1278,dinov2,D20,std_ctrl__tvn_efaar_e0.1_c304,0.1510892569428148,0.005947593400526784,0.0008986174674835809,370,70,1480,5465,6945
1279,dinov2,D20,std_ctrl__tvn_efaar_e0.1_c304,0.16620870295888712,-0.005799396329583578,-0.0009639101418846172,370,57,1480,5593,7073
1280,dinov2,D20,std_ctrl__tvn_efaar_e0.1_c304,0.18084361909798166,-0.001533391293170116,-0.000277304030950218,370,54,1480,5881,7361
1281,dinov2,D20,std_ctrl__tvn_efaar_e0.1_c304,0.18459554672766054,0.02224488590105299,0.004106306874799305,370,88,1480,5881,7361
1282,dinov2,D20,std_ctrl__tvn_efaar_e0.1_c304,0.2066566674126693,-0.00940887678483098,-0.001944407120449601,370,59,1480,5593,7073
1283,dinov2,D20,std_ctrl__tvn_efaar_e0.1_c304,0.16530709072374278,-0.007435955130228271,-0.0012292161093303254,370,78,1480,5657,7137
1284,dinov2,D20,std_ctrl__tvn_efaar_e0.1_c304,0.15082634435446582,0.052029017620075044,0.007847346527990007,370,75,1480,5669,7149
1285,dinov2,D20,std_ctrl__tvn_efaar_e0.1_c304,0.17578430239738468,0.07610481559874895,0.013378031919107684,370,75,1480,5657,7137
1286,dinov2,D20,std_ctrl__tvn_efaar_e0.1_c304,0.15504992356681085,-0.023037565007120765,-0.003571972693519511,370,83,1480,5625,7105
1287,dinov2,D20,std_ctrl__tvn_efaar_e0.1_c304,0.17621346266957164,-0.038742659080320783,-0.006826978109570047,370,94,1480,5502,6982
1288,dinov2,D20,std_ctrl__tvn_efaar_e0.1_c304,0.17853292190622833,-0.016778922807284796,-0.00299559011522361,370,56,1480,5561,7041
1289,dinov2,D20,std_ctrl__tvn_efaar_e0.1_c304,0.14586073825246806,0.021015644396669034,0.0030653574065494893,370,57,1480,5913,7393
1290,dinov2,D20,std_ctrl__tvn_efaar_e0.1_c304,0.17006360680795585,0.02501092078923266,0.004253447399004992,370,49,1480,5433,6913
1291,dinov2,D20,std_ctrl__tvn_efaar_e0.1_c304,0.17316379440049065,-0.0010312334106325786,-0.0001785722902976966,370,62,1480,5561,7041
1292,dinov2,D20,std_ctrl__tvn_efaar_e0.1_c304,0.1599031320328207,-0.02754510140612914,-0.004404547987001703,370,94,1480,5593,7073
1293,dinov2,D20,std_ctrl__tvn_efaar_e0.1_c304,0.1709113961470638,-0.01729300708131965,-0.0029555719838494023,370,61,1480,5561,7041
1294,dinov2,D20,std_ctrl__tvn_efaar_e0.1_c304,0.1635713596304294,-0.024274568091720614,-0.0039706241072041785,370,49,1480,5881,7361
1295,dinov2,D20,std_ctrl__tvn_efaar_e0.1_c304,0.172721245768992,-0.012284196659590163,-0.002121741750315703,370,68,1480,5785,7265
1296,dinov2,D20,std_ctrl__tvn_efaar_e0.1_c304,0.17553643122172014,0.05078230615084099,0.008914144790927435,370,89,1480,5721,7201
1297,dinov2,D20,std_ctrl__tvn_efaar_e0.1_c304,0.17019607428684802,0.07657831557867636,0.013033328686990094,370,89,1480,5593,7073
1298,dinov2,D20,std_ctrl__tvn_efaar_e0.1_c304,0.21051914321838758,0.09502073995217974,0.02000368476271009,370,72,1480,5849,7329
1299,dinov2,D20,std_ctrl__tvn_efaar_e0.1_c304,0.17588012212449686,0.0009839838501933009,0.00017306319974053037,370,52,1480,5753,7233
1300,dinov2,D20,std_ctrl__tvn_efaar_e0.1_c304,0.18160675444427246,0.06334710801991883,0.011504262690928201,370,70,1480,5753,7233
1301,dinov2,D20,std_ctrl__tvn_efaar_e0.1_c304,0.18982928631569515,-0.0009448893196752244,-0.00017936766520127058,370,59,1480,5689,7169
1302,dinov2,D20,std_ctrl__tvn_efaar_e0.1_c304,0.18773656484315526,0.006787674424041669,0.0012742946796433252,370,89,1480,5785,7265
1303,dinov2,D20,std_ctrl__tvn_efaar_e0.1_c304,0.18846945577401186,-0.035336193214341914,-0.006659793104232352,370,54,1480,5689,7169
1304,dinov2,D20,std_ctrl__tvn_efaar_e0.1_c304,0.1696614642022622,0.016917727512145514,0.002870286420685502,370,78,1480,5465,6945
1305,dinov2,D20,std_ctrl__tvn_efaar_e0.1_c304,0.17674456928561932,-0.01640702655124182,-0.002899852841056956,370,92,1480,5785,7265
1306,dinov2,D20,std_ctrl__tvn_efaar_e0.1_c304,0.18330258601927538,-0.02695438138268555,-0.004940807811996073,370,75,1480,5817,7297
1307,dinov2,D20,std_ctrl__tvn_efaar_e0.1_c304,0.1717729596361967,-0.016045625123822047,-0.0027562045167318283,370,91,1480,5593,7073
1308,dinov2,D20,std_ctrl__tvn_efaar_e0.1_c304,0.17938581928519856,-0.02133391049701069,-0.0038270010130633603,370,57,1480,5817,7297
1309,dinov2,D20,std_ctrl__tvn_efaar_e0.1_c304,0.13418925877765278,-0.057438880420642685,-0.007707680788664275,370,97,1480,5721,7201
1310,dinov2,D20,std_ctrl__tvn_efaar_e0.1_c304,0.17496304657425713,-0.011647045902032978,-0.0020378026346099063,370,63,1480,5945,7425
1311,dinov2,D20,std_ctrl__tvn_efaar_e0.1_c304,0.17895977517350573,0.013096803536210228,0.002343801016331757,370,68,1480,5561,7041
1312,dinov2,D20,std_ctrl__tvn_efaar_e0.1_c304,0.16367559374201884,0.034499460385076425,0.0056467196623066415,370,67,1480,6009,7489
1313,dinov2,D20,std_ctrl__tvn_efaar_e0.1_c304,0.16513336323617794,0.02991181248646585,0.004939438196380008,370,81,1480,5497,6977
1314,dinov2,D20,std_ctrl__tvn_efaar_e0.1_c304,0.16965056385722382,-0.0002279938560309301,-3.8679286231630005e-05,370,51,1480,5785,7265
1315,dinov2,D20,std_ctrl__tvn_efaar_e0.1_c304,0.18182974800609356,-0.01854443070174679,-0.0033719291614150836,370,56,1480,5369,6849
1316,dinov2,D20,std_ctrl__tvn_efaar_e0.1_c304,0.1622375522782373,-0.03100281819174156,-0.005029821337155358,370,71,1480,5849,7329
1317,dinov2,D20,std_ctrl__tvn_efaar_e0.1_c304,0.1624732748649525,0.03902486500414479,0.0063404976183860816,370,78,1480,5689,7169
1318,dinov2,D20,std_ctrl__tvn_efaar_e0.1_c304,0.20244532325620535,0.0679127495361249,0.013748618533058516,370,55,1480,5913,7393
1319,dinov2,D20,std_ctrl__tvn_efaar_e0.1_c304,0.18342247353004784,-0.0016534718514541098,-0.00030328389690602065,370,71,1480,5689,7169
1320,dinov2,D20,std_ctrl__tvn_efaar_e0.1_c304,0.1918301720718019,0.03431277095256693,0.006582224756091239,370,62,1480,5689,7169
1321,dinov2,D20,std_ctrl__tvn_efaar_e0.1_c304,0.19221346494589445,-0.003533025456688108,-0.0006790950647720724,370,75,1480,5721,7201
1322,dinov2,D20,std_ctrl__tvn_efaar_e0.1_c304,0.15688552596908026,0.037833061388461105,0.005935459734949222,370,65,1480,5689,7169
1323,dinov2,D20,std_ctrl__tvn_efaar_e0.1_c304,0.176784464892955,-0.01250671645038711,-0.0022109931752496027,370,85,1480,5657,7137
1324,dinov2,D20,std_ctrl__tvn_efaar_e0.1_c304,0.19339446190236775,-0.02192250847130001,-0.004239691729357164,370,85,1480,5593,7073
1325,dinov2,D20,std_ctrl__tvn_efaar_e0.1_c304,0.1781732221908772,0.01778339307985918,0.0031685244465254575,370,60,1480,5465,6945
1326,dinov2,D20,std_ctrl__tvn_efaar_e0.1_c304,0.17805115254064913,0.015080441650304761,0.0026850900166587714,370,93,1480,5593,7073
1327,dinov2,D20,std_ctrl__tvn_efaar_e0.1_c304,0.1799639293228726,-0.006800640755214529,-0.0012238700322216745,370,72,1480,5881,7361
1328,dinov2,D20,std_ctrl__tvn_efaar_e0.1_c304,0.17644246521593104,0.10583627291648959,0.0186740129026515,370,64,1480,5817,7297
1329,dinov2,D20,std_ctrl__tvn_efaar_e0.1_c304,0.19855398243996125,-0.0016046102620769272,-0.00031860175779940386,370,63,1480,5823,7303
1330,dinov2,D20,std_ctrl__tvn_efaar_e0.1_c304,0.17253237574187222,-0.015048569249569118,-0.002596365404144243,370,114,1480,5849,7329
1331,dinov2,D20,std_ctrl__tvn_efaar_e0.1_c304,0.19063207220776093,-0.01946895948797198,-0.003711408090921047,370,78,1480,5721,7201
1332,dinov2,D20,std_ctrl__tvn_efaar_e0.1_c304,0.16183969541339902,-0.0045646175649248204,-0.000738736316386084,370,74,1480,5977,7457
1333,dinov2,D20,std_ctrl__tvn_efaar_e0.1_c304,0.2223640142349828,-0.01576802560945143,-0.0035062414710776307,370,78,1480,5561,7041
1334,dinov2,D20,std_ctrl__tvn_efaar_e0.1_c304,0.13481096941559179,-0.04128241571497132,-0.005565322482352745,370,93,1480,5791,7271
1335,dinov2,D20,std_ctrl__tvn_efaar_e0.1_c304,0.17814418353869607,0.03606965747191155,0.0064255996808541115,370,62,1480,5657,7137
1336,dinov2,D20,std_ctrl__tvn_efaar_e0.1_c304,0.1868079467521118,0.011466291545720776,0.0021419943805171962,370,69,1480,5849,7329
1337,dinov2,D20,std_ctrl__tvn_efaar_e0.1_c304,0.15628875088137156,0.022392457574863116,0.0034996892235394633,370,64,1480,5657,7137
1338,dinov2,D20,std_ctrl__tvn_efaar_e0.1_c304,0.16184784008275352,0.02113329915253938,0.0034203788216611844,370,54,1480,5721,7201
1339,dinov2,D20,std_ctrl__tvn_efaar_e0.1_c304,0.16928105165779933,0.03456613536609624,0.005851391746518622,370,71,1480,5785,7265
1340,dinov2,D20,std_ctrl__tvn_efaar_e0.1_c304,0.1821252544673611,-0.023221586310727512,-0.004229237315977037,370,87,1480,5689,7169
1341,dinov2,D20,std_ctrl__tvn_efaar_e0.1_c304,0.1866344197711609,0.07357175433035124,0.013731021680991497,370,63,1480,5529,7009
1342,dinov2,D20,std_ctrl__tvn_efaar_e0.1_c304,0.15620362375203006,-0.03334877959063477,-0.005209200219764893,370,71,1480,5849,7329
1343,dinov2,D20,std_ctrl__tvn_efaar_e0.1_c304,0.16102707100941224,0.03242062950303597,0.005220599009155219,370,103,1480,5561,7041
1344,dinov2,D20,std_ctrl__tvn_efaar_e0.1_c304,0.18381176558567636,0.040494089758554404,0.00744329013430474,370,53,1480,5785,7265
1345,dinov2,D20,std_ctrl__tvn_efaar_e0.1_c304,0.15418519927108967,0.053859178701558284,0.008304288200676992,370,50,1480,5721,7201
1346,dinov2,D20,std_ctrl__tvn_efaar_e0.1_c304,0.219685683317461,0.02579310838927605,0.005666376641379445,370,86,1480,5529,7009
1347,dinov2,D20,std_ctrl__tvn_efaar_e0.1_c304,0.16923935631654793,-0.0009346298006393946,-0.00015817614585447465,370,65,1480,5529,7009
1348,dinov2,D20,std_ctrl__tvn_efaar_e0.1_c304,0.19533918414967028,0.014182485187027543,0.002770395085648744,370,72,1480,5657,7137
1349,dinov2,D20,std_ctrl__tvn_efaar_e0.1_c304,0.16561590152458353,-0.0005110848543440677,-8.464377890775323e-05,370,83,1480,5913,7393
1350,dinov2,D20,std_ctrl__tvn_efaar_e0.1_c304,0.18166253030325266,-0.0017907278494928409,-0.00032530815222337167,370,53,1480,5593,7073
1351,dinov2,D20,std_ctrl__tvn_efaar_e0.1_c304,0.14357469511629023,0.09736784242761391,0.013979558290675655,370,66,1480,5689,7169
1352,dinov2,D20,std_ctrl__tvn_efaar_e0.1_c304,0.16154452050695747,-0.0033937773381322897,-0.0005482461327959592,370,61,1480,5529,7009
1353,dinov2,D20,std_ctrl__tvn_efaar_e0.1_c304,0.155006186104771,0.012676689641040434,0.0019649653136915362,370,95,1480,5689,7169
1354,dinov2,D20,std_ctrl__tvn_efaar_e0.1_c304,0.14833655720637554,-0.010425084142878911,-0.001546421090341436,370,58,1480,5785,7265
1355,dinov2,D20,std_ctrl__tvn_efaar_e0.1_c304,0.18811544586231974,0.0593382760510973,0.011162446256053579,370,92,1480,5849,7329
1356,dinov2,D20,std_ctrl__tvn_efaar_e0.1_c304,0.2026229376188293,0.02365040390181704,0.004792114314457991,370,82,1480,5625,7105
1357,dinov2,D20,std_ctrl__tvn_efaar_e0.1_c304,0.1947856831520585,0.04604458997999561,0.008968826914709871,370,88,1480,5721,7201
1358,dinov2,D20,std_ctrl__tvn_efaar_e0.1_c304,0.17900597361697682,-0.01482245957007956,-0.0026533088067403673,370,119,1480,5593,7073
1359,dinov2,D20,std_ctrl__tvn_efaar_e0.1_c304,0.16117047337408105,0.043439338098022695,0.007001138684315071,370,92,1480,5433,6913
1360,dinov2,D20,std_ctrl__tvn_efaar_e0.1_c304,0.15129132828822658,-0.015435137951736582,-0.0023352025230302443,370,74,1480,5593,7073
1361,dinov2,D20,std_ctrl__tvn_efaar_e0.1_c304,0.19345636714265227,0.11627777985947627,0.02249467687102734,370,62,1480,5593,7073
1362,dinov2,D20,std_ctrl__tvn_efaar_e0.1_c304,0.1817469147750248,-0.00028886496425858515,-5.250031604059566e-05,370,71,1480,5689,7169
1363,dinov2,D20,std_ctrl__tvn_efaar_e0.1_c304,0.1767625748357477,-0.002749587113025198,-0.00048602409783352404,370,77,1480,5593,7073
1364,dinov2,D20,std_ctrl__tvn_efaar_e0.1_c304,0.1889667950786371,0.04227410752899896,0.007988402614564617,370,61,1480,5721,7201
1365,dinov2,D20,std_ctrl__tvn_efaar_e0.1_c304,0.17712863755698952,-0.038104481071704714,-0.006749394817047152,370,76,1480,5502,6982
1366,dinov2,D20,std_ctrl__tvn_efaar_e0.1_c304,0.15951217064950177,0.018987274011106958,0.003028701292228543,370,67,1480,5913,7393
1367,dinov2,D20,std_ctrl__tvn_efaar_e0.1_c304,0.16981596985718903,0.08337983301612985,0.014159227210164561,370,81,1480,5529,7009
1368,dinov2,D20,std_ctrl__tvn_efaar_e0.1_c304,0.17240228857859263,0.01221057736960667,0.0021051314833861615,370,77,1480,5598,7078
1369,dinov2,D20,std_ctrl__tvn_efaar_e0.1_c304,0.1765276371401857,0.0025745017557456703,0.0004544707117550427,370,61,1480,5561,7041
1370,dinov2,D20,std_ctrl__tvn_efaar_e0.1_c304,0.17744687642627346,-0.009670535254804819,-0.0017160062743352717,370,100,1480,5753,7233
1371,dinov2,D20,std_ctrl__tvn_efaar_e0.1_c304,0.1622716648872926,0.02843210326698116,0.0046137247333804645,370,62,1480,5721,7201
1372,dinov2,D20,std_ctrl__tvn_efaar_e0.1_c304,0.19623059181925526,0.01194544523678392,0.0023440617883586125,370,61,1480,5561,7041
1373,dinov2,D20,std_ctrl__tvn_efaar_e0.1_c304,0.13916900144596775,0.03173793422515299,0.004416936614072346,370,43,1480,5753,7233
1374,dinov2,D20,std_ctrl__tvn_efaar_e0.1_c304,0.16164449246965246,0.017833126653130638,0.0028826267069923337,370,57,1480,5817,7297
1375,dinov2,D20,std_ctrl__tvn_efaar_e0.1_c304,0.17343099086097127,-0.02398538795770145,-0.004159809599688971,370,66,1480,5849,7329
1376,dinov2,D20,std_ctrl__tvn_efaar_e0.1_c304,0.19215753289505116,0.04617013289264292,0.008871938830086915,370,84,1480,5849,7329
1377,dinov2,D20,std_ctrl__tvn_efaar_e0.1_c304,0.21074277830451074,0.0017811335398461952,0.00037536103071853514,370,63,1480,5689,7169
1378,dinov2,D20,std_ctrl__tvn_efaar_e0.1_c304,0.14123682269891563,-0.004340757161846563,-0.0006130747496467712,370,61,1480,5689,7169
1379,dinov2,D20,std_ctrl__tvn_efaar_e0.1_c304,0.1766593433859955,-0.028661069341552565,-0.005063245690619163,370,75,1480,5401,6881
1380,dinov2,D20,std_ctrl__tvn_efaar_e0.1_c304,0.2110157169844458,0.046734821398267894,0.009861781845495519,370,76,1480,5849,7329
1381,dinov2,D20,std_ctrl__tvn_efaar_e0.1_c304,0.1875015930531787,0.012370674584156291,0.0023195211916717737,370,76,1480,5785,7265
1382,dinov2,D20,std_ctrl__tvn_efaar_e0.1_c304,0.1734514054950998,0.0667266935654204,0.011573838782963,370,79,1480,5817,7297
1383,dinov2,D20,std_ctrl__tvn_efaar_e0.1_c304,0.15411588836199114,-0.02997232155023107,-0.0046192109619851126,370,89,1480,5817,7297
1384,dinov2,D20,std_ctrl__tvn_efaar_e0.1_c304,0.1834151434575985,0.06918365329731248,0.012689329694447325,370,75,1480,5689,7169
1385,dinov2,D20,std_ctrl__tvn_efaar_e0.1_c304,0.17429198534437246,0.03703930557971834,0.0064556541052660016,370,60,1480,5721,7201
1386,dinov2,D20,std_ctrl__tvn_efaar_e0.1_c304,0.1693043803221856,0.08742705030724322,0.01480178257566436,370,70,1480,5785,7265
1387,dinov2,D20,std_ctrl__tvn_efaar_e0.1_c304,0.17444224555002397,0.011841622880717228,0.0020656792862688567,370,79,1480,5657,7137
1388,dinov2,D20,std_ctrl__tvn_efaar_e0.1_c304,0.1808048768991756,0.004776045642563257,0.0008635323444684937,370,68,1480,5785,7265
1389,dinov2,D20,std_ctrl__tvn_efaar_e0.1_c304,0.18527552226745134,0.0226929024351399,0.004204439350434863,370,62,1480,5625,7105
1390,dinov2,D20,std_ctrl__tvn_efaar_e0.1_c304,0.1538043272181235,-0.0060392041858970255,-0.0009288557367447673,370,82,1480,5689,7169
1391,dinov2,D20,std_ctrl__tvn_efaar_e0.1_c304,0.20709413854989006,-0.029751432577276603,-0.006161347300216233,370,82,1480,5753,7233
1392,dinov2,D20,std_ctrl__tvn_efaar_e0.1_c304,0.16636804817646506,-0.01692186915443472,-0.0028152583427208337,370,65,1480,5561,7041
1393,dinov2,D20,std_ctrl__tvn_efaar_e0.1_c304,0.16633659430843986,-0.012541087358418692,-0.0020860417601239935,370,53,1480,5561,7041
1394,dinov2,D20,std_ctrl__tvn_efaar_e0.1_c304,0.17661558022664167,-0.014440137781238758,-0.0025503533127861334,370,62,1480,5753,7233
1395,dinov2,D20,std_ctrl__tvn_efaar_e0.1_c304,0.18609825664120733,-0.0038901691159511113,-0.0007239536905179685,370,75,1480,5721,7201
1396,dinov2,D20,std_ctrl__tvn_efaar_e0.1_c304,0.1695600952073152,-0.04349782677572408,-0.007375495649403078,370,111,1480,5849,7329
1397,dinov2,D20,std_ctrl__tvn_efaar_e0.1_c304,0.16685945836849403,-0.06972191990207585,-0.011633761791271902,370,87,1480,5593,7073
1398,dinov2,D20,std_ctrl__tvn_efaar_e0.1_c304,0.18005985184003911,-0.021867178958351156,-0.0039374010034003305,370,80,1480,5849,7329
1399,dinov2,D20,std_ctrl__tvn_efaar_e0.1_c304,0.1730418920727496,-0.016581452877905422,-0.002869285979307893,370,52,1480,5689,7169
1400,dinov2,D20,std_ctrl__tvn_efaar_e0.1_c304,0.1527965645765968,0.0516638445066643,0.007894057953437788,370,57,1480,5497,6977
1401,dinov2,D20,std_ctrl__tvn_efaar_e0.1_c304,0.1342817792763287,0.037430065406529996,0.005026175781218207,370,71,1480,5721,7201
1402,dinov2,D20,std_ctrl__tvn_efaar_e0.1_c304,0.17072474222228493,0.07516643080687044,0.012832769523272171,370,68,1480,5689,7169
1403,dinov2,D20,std_ctrl__tvn_efaar_e0.1_c304,0.15407152358212706,-0.01203860022120393,-0.0018548054778770213,370,68,1480,5785,7265
1404,dinov2,D20,std_ctrl__tvn_efaar_e0.1_c304,0.17238867356204404,0.020156498601687386,0.0034747520576000838,370,59,1480,5817,7297
1405,dinov2,D20,std_ctrl__tvn_efaar_e0.1_c304,0.16088492427893067,-0.01156561338648487,-0.0018607328339240053,370,58,1480,5817,7297
1406,dinov2,D20,std_ctrl__tvn_efaar_e0.1_c304,0.15357716448267023,-0.018991023058146896,-0.0029165874718952087,370,58,1480,5657,7137
1407,dinov2,D20,std_ctrl__tvn_efaar_e0.1_c304,0.1903391740753629,0.041789552731691514,0.007954188951928988,370,80,1480,5753,7233
1408,dinov2,D20,std_ctrl__tvn_efaar_e0.1_c304,0.1913924777793264,0.015093863614028511,0.002888851956352135,370,66,1480,5849,7329
1409,dinov2,D20,std_ctrl__tvn_efaar_e0.1_c304,0.17372960144655925,0.015380913850767829,0.002672120033177758,370,65,1480,5849,7329
1410,dinov2,D20,std_ctrl__tvn_efaar_e0.1_c304,0.19457700989939272,0.041175339859076295,0.008011774511370348,370,69,1480,6041,7521
1411,dinov2,D20,std_ctrl__tvn_efaar_e0.1_c304,0.18768007599698175,-0.0068926251373938666,-0.0012936084096047877,370,58,1480,5817,7297
1412,dinov2,D20,std_ctrl__tvn_efaar_e0.1_c304,0.1639902951593602,0.00886884211788452,0.0014544040366336476,370,65,1480,5689,7169
1413,dinov2,D20,std_ctrl__tvn_efaar_e0.1_c304,0.16582503768031365,-0.031186217832382332,-0.00517145574716127,370,75,1480,5721,7201
1414,dinov2,D20,std_ctrl__tvn_efaar_e0.1_c304,0.172364931829367,0.014323519308603538,0.0024688724291840707,370,94,1480,5631,7111
1415,dinov2,D20,std_ctrl__tvn_efaar_e0.1_c304,0.16395508539172235,-0.006047685722688444,-0.000991548829085684,370,58,1480,5785,7265
1416,dinov2,D20,std_ctrl__tvn_efaar_e0.1_c304,0.18345164253472815,0.011673708772593558,0.0021415610488043535,370,70,1480,5849,7329
1417,dinov2,D20,std_ctrl__tvn_efaar_e0.1_c304,0.19175112188048313,0.06293596231779842,0.01206804138106566,370,57,1480,5753,7233
1418,dinov2,D20,std_ctrl__tvn_efaar_e0.1_c304,0.16274929608079275,0.009845011172024352,0.0016022686381545036,370,92,1480,5817,7297
1419,dinov2,D20,std_ctrl__tvn_efaar_e0.1_c304,0.1914665115162776,-0.008149005303766022,-0.0015602616178397243,370,61,1480,5849,7329
1420,dinov2,D20,std_ctrl__tvn_efaar_e0.1_c304,0.18800156642463428,0.011547884217852626,0.0021710203218466063,370,63,1480,5785,7265
1421,dinov2,D20,std_ctrl__tvn_efaar_e0.1_c304,0.17609693502747495,0.015496504927903302,0.002728887021441933,370,103,1480,5657,7137
1422,dinov2,D20,std_ctrl__tvn_efaar_e0.1_c304,0.17057373461550845,-0.012136360491597211,-0.0020701443336918444,370,73,1480,5817,7297
1423,dinov2,D20,std_ctrl__tvn_efaar_e0.1_c304,0.16202768378953097,0.014592052341875432,0.0023643164426896774,370,71,1480,5823,7303
1424,dinov2,D20,std_ctrl__tvn_efaar_e0.1_c304,0.17594231630879856,-0.015419143300807469,-0.00271287978784136,370,44,1480,5721,7201
1425,dinov2,D20,std_ctrl__tvn_efaar_e0.1_c304,0.19720491997182343,0.011556186205176986,0.0022789367757714177,370,86,1480,5497,6977
1426,dinov2,D20,std_ctrl__tvn_efaar_e0.1_c304,0.1734079925200132,-0.008321072291360745,-0.0014429404416587733,370,63,1480,5497,6977
1427,dinov2,D20,std_ctrl__tvn_efaar_e0.1_c304,0.15581151364024484,0.05776746682028335,0.009000836444430971,370,73,1480,5721,7201
1428,dinov2,D20,std_ctrl__tvn_efaar_e0.1_c304,0.1555250661677916,0.04479836979260669,0.006967269426204353,370,94,1480,5657,7137
1429,dinov2,D20,std_ctrl__tvn_efaar_e0.1_c304,0.17431716321071053,0.033896641545959706,0.005908766396662009,370,69,1480,5817,7297
1430,dinov2,D20,std_ctrl__tvn_efaar_e0.1_c304,0.16978279460840934,0.04710017562969152,0.007996799444955923,370,77,1480,5567,7047
1431,dinov2,D20,std_ctrl__tvn_efaar_e0.1_c304,0.16056266876704134,0.031289526385319844,0.005023929860883711,370,64,1480,5529,7009
1432,dinov2,D20,std_ctrl__tvn_efaar_e0.1_c304,0.18423176453346765,0.011761516663053162,0.0021668449684240664,370,59,1480,5752,7232
1433,dinov2,D20,std_ctrl__tvn_efaar_e0.1_c304,0.15881310259603793,0.026868752332295416,0.004267109920776366,370,65,1480,5721,7201
1434,dinov2,D20,std_ctrl__tvn_efaar_e0.1_c304,0.17534626901230918,0.06628872387600919,0.01162348040924539,370,63,1480,5625,7105
1435,dinov2,D20,std_ctrl__tvn_efaar_e0.1_c304,0.19181629155258767,0.02246295774082315,0.004308761251147189,370,88,1480,5785,7265
1436,dinov2,D20,std_ctrl__tvn_efaar_e0.1_c304,0.15463837121816676,0.06765498307056018,0.010462056386824074,370,92,1480,5721,7201
1437,dinov2,D20,std_ctrl__tvn_efaar_e0.1_c304,0.17329427516200363,0.09159306560750811,0.015872553914318962,370,52,1480,5753,7233
1438,dinov2,D20,std_ctrl__tvn_efaar_e0.1_c304,0.15147021483329556,0.06086171333791568,0.009218736794416538,370,64,1480,5689,7169
1439,dinov2,D20,std_ctrl__tvn_efaar_e0.1_c304,0.16163780486720336,0.020444155674696526,0.0033045484456213255,370,58,1480,5721,7201
1440,dinov2,D20,std_ctrl__tvn_efaar_e0.1_c304,0.1841888851608879,0.0046535978991739555,0.0008571410090359009,370,81,1480,5657,7137
1441,dinov2,D20,std_ctrl__tvn_efaar_e0.1_c304,0.2127098552512723,0.09448761649063601,0.020098447226760918,370,76,1480,5593,7073
1442,dinov2,D20,std_ctrl__tvn_efaar_e0.1_c304,0.18056255956121026,0.01916185169503857,0.003459912987988479,370,57,1480,5785,7265
1443,dinov2,D20,std_ctrl__tvn_efaar_e0.1_c304,0.17212715747366206,-0.014405444539623516,-0.002479568220749882,370,62,1480,5657,7137
1444,dinov2,D20,std_ctrl__tvn_efaar_e0.1_c304,0.15533207871282648,0.0013276662428690475,0.00020622915734169747,370,82,1480,5721,7201
1445,dinov2,D20,std_ctrl__tvn_efaar_e0.1_c304,0.20425981777249916,0.015006174406441482,0.003065158449722078,370,85,1480,5817,7297
1446,dinov2,D20,std_ctrl__tvn_efaar_e0.1_c304,0.18227109244867282,0.020965459119358498,0.003821397137373463,370,87,1480,5657,7137
1447,dinov2,D20,std_ctrl__tvn_efaar_e0.1_c304,0.17769527327674797,-0.009764254352514094,-0.0017350618455136677,370,55,1480,5721,7201
1448,dinov2,D20,std_ctrl__tvn_efaar_e0.1_c304,0.19640484815201076,-0.017408682390621256,-0.0034191496214565514,370,68,1480,5657,7137
1449,dinov2,D20,std_ctrl__tvn_efaar_e0.1_c304,0.1759727385955936,0.0364946662094771,0.006422066357013756,370,74,1480,5625,7105
1450,dinov2,D20,std_ctrl__tvn_efaar_e0.1_c304,0.19674386107509081,-0.006220942466376043,-0.001223932240360821,370,83,1480,5881,7361
1451,dinov2,D20,std_ctrl__tvn_efaar_e0.1_c304,0.1687872931241826,0.016322222079636177,0.002754983682593557,370,70,1480,5689,7169
1452,dinov2,D20,std_ctrl__tvn_efaar_e0.1_c304,0.16971629386762777,-0.02528048069216713,-0.004290509490266726,370,63,1480,5913,7393
1453,dinov2,D20,std_ctrl__tvn_efaar_e0.1_c304,0.15130619217094218,-0.00016797354393843382,-2.5415437318782868e-05,370,56,1480,5657,7137
1454,dinov2,D20,std_ctrl__tvn_efaar_e0.1_c304,0.19260456361239617,0.06171033763101122,0.011885692649794546,370,79,1480,5785,7265
1455,dinov2,D20,std_ctrl__tvn_efaar_e0.1_c304,0.2287168732987278,0.013633789559373485,0.0031182777192327433,370,81,1480,5657,7137
1456,dinov2,D20,std_ctrl__tvn_efaar_e0.1_c304,0.1522347529977037,0.019787671616123315,0.003012371300880205,370,79,1480,5753,7233
1457,dinov2,D20,std_ctrl__tvn_efaar_e0.1_c304,0.18083350153137118,0.05938899507286672,0.010739519931455839,370,76,1480,5887,7367
1458,dinov2,D20,std_ctrl__tvn_efaar_e0.1_c304,0.15856887928858052,-0.012674276556123088,-0.002009745829297968,370,85,1480,5721,7201
1459,dinov2,D20,std_ctrl__tvn_efaar_e0.1_c304,0.18722892913755207,0.030512116356752925,0.0057127508711952366,370,85,1480,5817,7297
1460,dinov2,D20,std_ctrl__tvn_efaar_e0.1_c304,0.16955163503379966,-0.02295759212850378,-0.0038924972818269047,370,40,1480,5657,7137
1461,dinov2,D20,std_ctrl__tvn_efaar_e0.1_c304,0.1786644589278459,0.008355430841200303,0.0014928185303520886,370,81,1480,5785,7265
1462,dinov2,D20,std_ctrl__tvn_efaar_e0.1_c304,0.19407522988969206,-0.017692730144219234,-0.003433720670115632,370,75,1480,5817,7297
1463,dinov2,D20,std_ctrl__tvn_efaar_e0.1_c304,0.1792604764641852,0.03623975398287047,0.006496355565914214,370,79,1480,5849,7329
1464,dinov2,D20,std_ctrl__tvn_efaar_e0.1_c304,0.18339053330661564,0.033518386046265884,0.006146954692601725,370,94,1480,5721,7201
1465,dinov2,D20,std_ctrl__tvn_efaar_e0.1_c304,0.17798759666843114,0.0013753371195074555,0.00024479294851001486,370,78,1480,5561,7041
1466,dinov2,D20,std_ctrl__tvn_efaar_e0.1_c304,0.17431646745723245,0.014791678986648587,0.0025784332287139573,370,57,1480,5625,7105
1467,dinov2,D20,std_ctrl__tvn_efaar_e0.1_c304,0.16158791010274035,-0.02433953151411864,-0.003932974030246218,370,75,1480,5657,7137
1468,dinov2,D20,std_ctrl__tvn_efaar_e0.1_c304,0.2038491449251056,-0.02538035869043319,-0.005173764416937279,370,90,1480,5785,7265
1469,dinov2,D20,std_ctrl__tvn_efaar_e0.1_c304,0.1933478528587924,0.025548702696923643,0.004939786809777825,370,70,1480,5881,7361
1470,dinov2,D20,std_ctrl__tvn_efaar_e0.1_c304,0.17210244418542017,-0.016684676601467035,-0.0028714736235557663,370,102,1480,5689,7169
1471,dinov2,D20,std_ctrl__tvn_efaar_e0.1_c304,0.19352706961529345,-0.02043274144561223,-0.003954288576176289,370,67,1480,5881,7361
1472,dinov2,D20,std_ctrl__tvn_efaar_e0.1_c304,0.20895823822619838,0.030182313481477967,0.006306843050680472,370,67,1480,5657,7137
1473,dinov2,D20,std_ctrl__tvn_efaar_e0.1_c304,0.19864646960127544,0.03726173488340896,0.007401912085807883,370,82,1480,5497,6977
1474,dinov2,D20,std_ctrl__tvn_efaar_e0.1_c304,0.14840477702227592,0.01119888833924787,0.001661968526883446,370,84,1480,5593,7073
1475,dinov2,D20,std_ctrl__tvn_efaar_e0.1_c304,0.15766583931953992,0.001921777757409542,0.00030299870310759863,370,84,1480,5593,7073
1476,dinov2,D20,std_ctrl__tvn_efaar_e0.1_c304,0.1798450088131137,0.01877311093233887,0.0033762503010760446,370,79,1480,5657,7137
1477,dinov2,D20,std_ctrl__tvn_efaar_e0.1_c304,0.15650494255193378,0.042792191182178925,0.00669718942263828,370,58,1480,5689,7169
1478,dinov2,D20,std_ctrl__tvn_efaar_e0.1_c304,0.1894462549973896,0.03642930199086153,0.006901394834337666,370,48,1480,5657,7137
1479,dinov2,D20,std_ctrl__tvn_efaar_e0.1_c304,0.1961857894290078,0.07388907260124163,0.014495986038451859,370,84,1480,5497,6977
1480,dinov2,D20,std_ctrl__tvn_efaar_e0.1_c304,0.1667132942188046,-0.018622549129638177,-0.003104626512153513,370,51,1480,5689,7169
1481,dinov2,D20,std_ctrl__tvn_efaar_e0.1_c304,0.21493509377276657,0.02071210203655216,0.004451757593457448,370,50,1480,6041,7521
1482,dinov2,D20,std_ctrl__tvn_efaar_e0.1_c304,0.17383309881289008,-0.009478863687937801,-0.0016477402480992074,370,70,1480,5689,7169
1483,dinov2,D20,std_ctrl__tvn_efaar_e0.1_c304,0.1850103256170975,0.01120974295166578,0.0020739181935716493,370,73,1480,5753,7233
1484,dinov2,D20,std_ctrl__tvn_efaar_e0.1_c304,0.1765578326172759,0.07594677827871725,0.013408998567155125,370,67,1480,5753,7233
1485,dinov2,D20,std_ctrl__tvn_efaar_e0.1_c304,0.18250986216346815,0.008724465031381428,0.0015923009103274222,370,62,1480,5593,7073
1486,dinov2,D20,std_ctrl__tvn_efaar_e0.1_c304,0.16663329347114425,-0.04865755100561752,-0.008107967976306234,370,92,1480,5529,7009
1487,dinov2,D20,std_ctrl__tvn_efaar_e0.1_c304,0.17738284700925064,0.05832412557957814,0.01034569944463063,370,86,1480,5753,7233
1488,dinov2,D20,std_ctrl__tvn_efaar_e0.1_c304,0.1710508320939788,-0.004658332512806202,-0.0007968116524859361,370,76,1480,5849,7329
1489,dinov2,D20,std_ctrl__tvn_efaar_e0.1_c304,0.20652631478164837,-0.0009731523241093817,-0.00020098156321950687,370,61,1480,5785,7265
1490,dinov2,D20,std_ctrl__tvn_efaar_e0.1_c304,0.19598153266830853,0.015252516249909259,0.002989211511705498,370,70,1480,5497,6977
1491,dinov2,D20,std_ctrl__tvn_efaar_e0.1_c304,0.22552622073463832,0.0204009282631959,0.004600944250677041,370,102,1480,5625,7105
1492,dinov2,D20,std_ctrl__tvn_efaar_e0.1_c304,0.21284419877656185,-0.0003266910604718577,-6.953429701359787e-05,370,66,1480,5689,7169
1493,dinov2,D20,std_ctrl__tvn_efaar_e0.1_c304,0.16696244465809396,-0.031009500222645554,-0.0051774219647986106,370,62,1480,5477,6957
1494,dinov2,D20,std_ctrl__tvn_efaar_e0.1_c304,0.1876395664907938,0.04506077148489788,0.00845518362716696,370,52,1480,5497,6977
1495,dinov2,D20,std_ctrl__tvn_efaar_e0.1_c304,0.16907512544663533,-0.023330355096146897,-0.003944582714595584,370,65,1480,5657,7137
1496,dinov2,D20,std_ctrl__tvn_efaar_e0.1_c304,0.14813709370355804,-0.02056535686465659,-0.003046492196906744,370,97,1480,5785,7265
1497,dinov2,D20,std_ctrl__tvn_efaar_e0.1_c304,0.18105191510933263,0.03778045564127126,0.006840223847555352,370,65,1480,5497,6977
1498,dinov2,D20,std_ctrl__tvn_efaar_e0.1_c304,0.16232124286574753,-0.027921350146670708,-0.004532228258297312,370,58,1480,5433,6913
1499,dinov2,D20,std_ctrl__tvn_efaar_e0.1_c304,0.15443497787017854,0.03694225538377394,0.005705176392667613,370,70,1480,5657,7137
1500,dinov2,D20,std_ctrl__tvn_efaar_e0.1_c304,0.1787491125156311,0.044029086259706196,0.00787016009379665,370,71,1480,5721,7201
1501,dinov2,D20,std_ctrl__tvn_efaar_e0.1_c304,0.1715452235345163,0.03422672821012403,0.005871431741660861,370,44,1480,5913,7393
1502,dinov2,D20,std_ctrl__tvn_efaar_e0.1_c304,0.1663607168593314,-0.026673731500909632,-0.004437461093804656,370,72,1480,5945,7425
1503,dinov2,D20,std_ctrl__tvn_efaar_e0.1_c304,0.19219540430396723,0.07642044029873314,0.014687657420302206,370,50,1480,5657,7137
1504,dinov2,D20,std_ctrl__tvn_efaar_e0.1_c304,0.17893652790171227,0.0029105905046900417,0.0005208109590529285,370,67,1480,5657,7137
1505,dinov2,D20,std_ctrl__tvn_efaar_e0.1_c304,0.16857694784785882,-0.02352962387566965,-0.003966552176968496,370,83,1480,5529,7009
1506,dinov2,D20,std_ctrl__tvn_efaar_e0.1_c304,0.1523964929249737,0.06739887610519371,0.010271352345516332,370,57,1480,5369,6849
1507,dinov2,D20,std_ctrl__tvn_efaar_e0.1_c304,0.1794555842853433,0.010416760593750345,0.0018693458587120077,370,74,1480,5497,6977
1508,dinov2,D20,std_ctrl__tvn_efaar_e0.1_c304,0.154123739548699,0.036633936902505125,0.005646159349805173,370,74,1480,5945,7425
1509,dinov2,D20,std_ctrl__tvn_efaar_e0.1_c304,0.1931513528767466,-0.010553817478775533,-0.002038484124039749,370,57,1480,5721,7201
1510,dinov2,D20,std_ctrl__tvn_efaar_e0.1_c304,0.17359499174563575,0.017631314865490414,0.003060707958539513,370,50,1480,5721,7201
1511,dinov2,D20,std_ctrl__tvn_efaar_e0.1_c304,0.1995999273550649,-0.015571680651903829,-0.003108106326916274,370,72,1480,5945,7425
1512,dinov2,D20,std_ctrl__tvn_efaar_e0.1_c304,0.17834912328438132,0.013998347100990422,0.0024965929328921027,370,58,1480,5311,6791
1513,dinov2,D20,std_ctrl__tvn_efaar_e0.1_c304,0.17751397676800304,0.05950986441729822,0.010563832689639287,370,97,1480,5724,7204
1514,dinov2,D20,std_ctrl__tvn_efaar_e0.1_c304,0.19341736291880646,0.07754694623539801,0.01499892584325715,370,59,1480,5753,7233
1515,dinov2,D20,std_ctrl__tvn_efaar_e0.1_c304,0.18979833085275502,-0.040131213347956544,-0.007616837308537954,370,61,1480,5689,7169
1516,dinov2,D20,std_ctrl__tvn_efaar_e0.1_c304,0.19169927843058035,0.032981481217320426,0.006322526150932065,370,99,1480,5593,7073
1517,dinov2,D20,std_ctrl__tvn_efaar_e0.1_c304,0.19669585006549206,-0.011467435581824607,-0.0022555969898382616,370,70,1480,5721,7201
1518,dinov2,D20,std_ctrl__tvn_efaar_e0.1_c304,0.1768711016212887,0.013130389504803086,0.002322386456431129,370,96,1480,5849,7329
1519,dinov2,D20,std_ctrl__tvn_efaar_e0.1_c304,0.13991823724326827,-0.011591830692772103,-0.0016219085169550858,370,96,1480,5913,7393
1520,dinov2,D20,std_ctrl__tvn_efaar_e0.1_c304,0.18531569158628128,0.02207804942820858,0.004091408998664575,370,69,1480,5657,7137
1521,dinov2,D20,std_ctrl__tvn_efaar_e0.1_c304,0.1934587235081717,0.00022281007306495365,4.31045523199084e-05,370,57,1480,5849,7329
1522,dinov2,D20,std_ctrl__tvn_efaar_e0.1_c304,0.17972995180913875,0.02791094300770451,0.00501643244172235,370,47,1480,5785,7265
1523,dinov2,D20,std_ctrl__tvn_efaar_e0.1_c304,0.17785713298636174,0.013451965317922478,0.002392527984477664,370,77,1480,5497,6977
1524,dinov2,D20,std_ctrl__tvn_efaar_e0.1_c304,0.17105499266089014,0.018307818818405482,0.003131643813619256,370,90,1480,5822,7302
1525,dinov2,D20,std_ctrl__tvn_efaar_e0.1_c304,0.1593034735651048,-0.04203420961117423,-0.0066961955996237684,370,51,1480,5625,7105
1526,dinov2,D20,std_ctrl__tvn_efaar_e0.1_c304,0.16538654181916132,0.034127904872226625,0.005644296166350868,370,50,1480,5721,7201
1527,dinov2,D20,std_ctrl__tvn_efaar_e0.1_c304,0.15852259668729504,0.002501627668880848,0.00039656451401577674,370,59,1480,5753,7233
1528,dinov2,D20,std_ctrl__tvn_efaar_e0.1_c304,0.20917929722190767,0.04600912904722729,0.009624157279891063,370,69,1480,5369,6849
1529,dinov2,D20,std_ctrl__tvn_efaar_e0.1_c304,0.1705228079577008,-0.008123203414209204,-0.0013851914558025357,370,96,1480,5817,7297
1530,dinov2,D20,std_ctrl__tvn_efaar_e0.1_c304,0.19993890581203372,-0.026672629701594,-0.005332896397666256,370,80,1480,5849,7329
1531,dinov2,D20,std_ctrl__tvn_efaar_e0.1_c304,0.1625377496952101,0.03802203996374939,0.006180016814529174,370,47,1480,5625,7105
1532,dinov2,D20,std_ctrl__tvn_efaar_e0.1_c304,0.17284197952448335,0.0990054403304422,0.01711229629040675,370,63,1480,5593,7073
1533,dinov2,D20,std_ctrl__tvn_efaar_e0.1_c304,0.16593407284842757,-0.00810944536298506,-0.001345633297621906,370,65,1480,5849,7329
1534,dinov2,D20,std_ctrl__tvn_efaar_e0.1_c304,0.17996048173018012,0.0016325647947466402,0.000293797146918338,370,84,1480,5689,7169
1535,dinov2,D20,std_ctrl__tvn_efaar_e0.1_c304,0.19946264210336956,0.18739020696671463,0.03737734578587815,370,86,1480,5913,7393
1536,dinov2,D20,std_ctrl__tvn_efaar_e0.1_c304,0.1764003082709071,-0.01142937424451753,-0.0020161451400764582,370,77,1480,5689,7169
1537,dinov2,D20,std_ctrl__tvn_efaar_e0.1_c304,0.1715361380831693,-0.03921285844515116,-0.006726422300883221,370,66,1480,5657,7137
1538,dinov2,D20,std_ctrl__tvn_efaar_e0.1_c304,0.1861507080872283,0.006020836527959489,0.0011207829829571081,370,59,1480,5785,7265
1539,dinov2,D20,std_ctrl__tvn_efaar_e0.1_c304,0.1583372762311197,-0.0227836583339112,-0.00360750240317195,370,66,1480,5689,7169
1540,dinov2,D20,std_ctrl__tvn_efaar_e0.1_c304,0.17631929199103227,0.02855311308106976,0.0050344646825941025,370,92,1480,5753,7233
1541,dinov2,D20,std_ctrl__tvn_efaar_e0.1_c304,0.16882523128199425,0.009230608077926679,0.0015583595436294158,370,75,1480,5849,7329
1542,dinov2,D20,std_ctrl__tvn_efaar_e0.1_c304,0.16402544921379938,0.09184694250254494,0.015065236002893936,370,85,1480,5625,7105
1543,dinov2,D20,std_ctrl__tvn_efaar_e0.1_c304,0.15791635604204174,-0.001017082112547073,-0.00016061390100897556,370,64,1480,5817,7297
1544,dinov2,D20,std_ctrl__tvn_efaar_e0.1_c304,0.18272822658460725,0.025760499086657236,0.004707170314039271,370,60,1480,5497,6977
1545,dinov2,D20,std_ctrl__tvn_efaar_e0.1_c304,0.19375580097004969,0.014206674619900935,0.0027526256200997817,370,103,1480,5465,6945
1546,dinov2,D20,std_ctrl__tvn_efaar_e0.1_c304,0.17065909651218028,0.04459778047088206,0.007611016921609291,370,57,1480,5529,7009
1547,dinov2,D20,std_ctrl__tvn_efaar_e0.1_c304,0.17630108312139273,-0.011020044698995176,-0.0019428458164790117,370,79,1480,5529,7009
1548,dinov2,D20,std_ctrl__tvn_efaar_e0.1_c304,0.19830450927033896,0.057932054428473365,0.011488187624460978,370,63,1480,5849,7329
1549,dinov2,D20,std_ctrl__tvn_efaar_e0.1_c304,0.20585883403467964,-0.0148272057334963,-0.0030523112842898653,370,68,1480,5689,7169
1550,dinov2,D20,std_ctrl__tvn_efaar_e0.1_c304,0.1722355266821583,-0.04148025014707652,-0.007144372730989399,370,66,1480,5593,7073
1551,dinov2,D20,std_ctrl__tvn_efaar_e0.1_c304,0.16776756340370727,-0.021327971607919632,-0.0035781418290041253,370,64,1480,5625,7105
1552,dinov2,D20,std_ctrl__tvn_efaar_e0.1_c304,0.15741832835204075,0.04535856121314783,0.007140268882627445,370,79,1480,5657,7137
1553,dinov2,D20,std_ctrl__tvn_efaar_e0.1_c304,0.18762606515819238,0.011896842896286,0.0022321578204353354,370,64,1480,5817,7297
1554,dinov2,D20,std_ctrl__tvn_efaar_e0.1_c304,0.16262140513212545,0.013151051781805779,0.002138642519722598,370,80,1480,5625,7105
1555,dinov2,D20,std_ctrl__tvn_efaar_e0.1_c304,0.15144555349182356,0.06883764051537662,0.01042515456892239,370,91,1480,5881,7361
1556,dinov2,D20,std_ctrl__tvn_efaar_e0.1_c304,0.19715936726587419,-0.03076114166527991,-0.006064847227102506,370,59,1480,5881,7361
1557,dinov2,D20,std_ctrl__tvn_efaar_e0.1_c304,0.2080994089148881,-0.005836955543357862,-0.0012146669984352506,370,114,1480,5785,7265
1558,dinov2,D20,std_ctrl__tvn_efaar_e0.1_c304,0.18735289714485223,0.0768598902775973,0.014399923117743315,370,69,1480,5689,7169
1559,dinov2,D20,std_ctrl__tvn_efaar_e0.1_c304,0.17171420705925927,0.037323423731314,0.0064089621107593225,370,52,1480,5593,7073
1560,dinov2,D20,std_ctrl__tvn_efaar_e0.1_c304,0.18233157293560723,0.009514319262583473,0.0017347607965583912,370,73,1480,5593,7073
1561,dinov2,D20,std_ctrl__tvn_efaar_e0.1_c304,0.1966398240776301,0.07414075621310998,0.014579025258728406,370,90,1480,5721,7201
1562,dinov2,D20,std_ctrl__tvn_efaar_e0.1_c304,0.1925367919807177,0.007329235692070415,0.001411147527821813,370,106,1480,5849,7329
1563,dinov2,D20,std_ctrl__tvn_efaar_e0.1_c304,0.1731894120848998,-0.030243001409009065,-0.0052377676337090765,370,78,1480,5689,7169
1564,dinov2,D20,std_ctrl__tvn_efaar_e0.1_c304,0.17666937568462032,0.020217865069726372,0.0035718775995444508,370,78,1480,5305,6785
1565,dinov2,D20,std_ctrl__tvn_efaar_e0.1_c304,0.2148870440710855,0.083936752893538,0.01803692071821751,370,84,1480,5785,7265
1566,dinov2,D20,std_ctrl__tvn_efaar_e0.1_c304,0.14345015164457614,-0.008178262296775814,-0.0011731729666616102,370,76,1480,5625,7105
1567,dinov2,D20,std_ctrl__tvn_efaar_e0.1_c304,0.1720344955920947,0.02373791843685476,0.004083740824690593,370,70,1480,5689,7169
1568,dinov2,D20,std_ctrl__tvn_efaar_e0.1_c304,0.16880187339717298,0.01679324332959226,0.002834730934449752,370,94,1480,5753,7233
1569,dinov2,D20,std_ctrl__tvn_efaar_e0.1_c304,0.18424911635827446,-0.03091905116918534,-0.005696807856558671,370,58,1480,5689,7169
1570,dinov2,D20,std_ctrl__tvn_efaar_e0.1_c304,0.16239386412782256,-0.04414377813746274,-0.0071686787089438675,370,75,1480,5497,6977
1571,dinov2,D20,std_ctrl__tvn_efaar_e0.1_c304,0.19288199323259458,0.03742292260864078,0.007218207905343762,370,55,1480,5497,6977
1572,dinov2,D20,std_ctrl__tvn_efaar_e0.1_c304,0.1748600587808889,-0.04162211884944373,-0.007278046148598874,370,96,1480,5753,7233
1573,dinov2,D20,std_ctrl__tvn_efaar_e0.1_c304,0.16099380752152276,-0.005762294801243648,-0.0009276937801136911,370,42,1480,5785,7265
1574,dinov2,D20,std_ctrl__tvn_efaar_e0.1_c304,0.17586176316156307,0.026065410659790445,0.004583909076160949,370,81,1480,5689,7169
1575,dinov2,D20,std_ctrl__tvn_efaar_e0.1_c304,0.17746189220901168,0.0016824531796929758,0.00029857132482138385,370,76,1480,5625,7105
1576,dinov2,D20,std_ctrl__tvn_efaar_e0.1_c304,0.19973650656610048,0.09783794258257324,0.0195418088610579,370,60,1480,5593,7073
1577,dinov2,D20,std_ctrl__tvn_efaar_e0.1_c304,0.17718104854806,-0.016393965767828873,-0.0029047000446049214,370,70,1480,5529,7009
1578,dinov2,D20,std_ctrl__tvn_efaar_e0.1_c304,0.19230495040201898,0.027632656397685165,0.005313896618032878,370,67,1480,5689,7169
1579,dinov2,D20,std_ctrl__tvn_efaar_e0.1_c304,0.15860716209602407,0.05509329885656475,0.008738191782147863,370,50,1480,5529,7009
1580,dinov2,D20,std_ctrl__tvn_efaar_e0.1_c304,0.1982424446714565,0.050626996873343474,0.010036419626545794,370,53,1480,5625,7105
1581,dinov2,D20,std_ctrl__tvn_efaar_e0.1_c304,0.1556308627469905,0.0032581248020046756,0.0005070647738733553,370,53,1480,5657,7137
1582,dinov2,D20,std_ctrl__tvn_efaar_e0.1_c304,0.1423879040334844,-0.028104427356697683,-0.004001730505381503,370,58,1480,5721,7201
1583,dinov2,D20,std_ctrl__tvn_efaar_e0.1_c304,0.16534819005600232,0.001875310557990793,0.0003100792065566894,370,101,1480,5849,7329
1584,dinov2,D20,std_ctrl__tvn_efaar_e0.1_c304,0.1617464525576963,-0.013548658994132398,-0.0021914475292148412,370,82,1480,5628,7108
1585,dinov2,D20,std_ctrl__tvn_efaar_e0.1_c304,0.1719157245897657,0.018687018607342995,0.0032125923443038053,370,120,1480,5913,7393
1586,dinov2,D20,std_ctrl__tvn_efaar_e0.1_c304,0.17512659549125217,-0.0007966808106222224,-0.00013951999805748082,370,69,1480,5849,7329
1587,dinov2,D20,std_ctrl__tvn_efaar_e0.1_c304,0.16607621773070227,-0.0036401051902065383,-0.0006045349021314005,370,57,1480,5785,7265
1588,dinov2,D20,std_ctrl__tvn_efaar_e0.1_c304,0.16495373811344194,0.040817379625672376,0.006732979349250102,370,68,1480,5689,7169
1589,dinov2,D20,std_ctrl__tvn_efaar_e0.1_c304,0.16578150628283542,-0.0326349613802144,-0.005410273055094105,370,80,1480,5625,7105
1590,dinov2,D20,std_ctrl__tvn_efaar_e0.1_c304,0.19530035758502814,-0.05470413265570727,-0.010683736669038445,370,100,1480,5689,7169
1591,dinov2,D20,std_ctrl__tvn_efaar_e0.1_c304,0.19918217152813072,0.0007657720905398768,0.000152528147889369,370,86,1480,5785,7265
1592,dinov2,D20,std_ctrl__tvn_efaar_e0.1_c304,0.16242654114424357,0.08627243582582159,0.014012933347276922,370,74,1480,5753,7233
1593,dinov2,D20,std_ctrl__tvn_efaar_e0.1_c304,0.15615373804205288,0.02462780424813789,0.0038457236931146808,370,67,1480,5689,7169
1594,dinov2,D20,std_ctrl__tvn_efaar_e0.1_c304,0.1576656868196181,0.04483427030937518,0.007068826021384049,370,97,1480,5721,7201
1595,dinov2,D20,std_ctrl__tvn_efaar_e0.1_c304,0.17914050300967035,0.01787190247902458,0.0032015815998322375,370,64,1480,5689,7169
1596,dinov2,D20,std_ctrl__tvn_efaar_e0.1_c304,0.16212453897281234,0.01505858033706451,0.0024413653947316406,370,89,1480,5817,7297
1597,dinov2,D20,std_ctrl__tvn_efaar_e0.1_c304,0.2180931082129397,0.0022630529150367644,0.0004935562442907217,370,93,1480,5631,7111
1598,dinov2,D20,std_ctrl__tvn_efaar_e0.1_c304,0.18707028820634525,0.07499932841953569,0.014030145982724881,370,84,1480,5753,7233
1599,dinov2,D20,std_ctrl__tvn_efaar_e0.1_c304,0.18866547380290155,0.0043720039398998265,0.0008248461947893531,370,63,1480,5657,7137
1600,dinov2,D20,std_ctrl__tvn_efaar_e0.1_c304,0.1656580078370078,-0.04263221563866312,-0.007062367912378662,370,63,1480,5625,7105
1601,dinov2,D20,std_ctrl__tvn_efaar_e0.1_c304,0.17002962064177443,0.040658712694825225,0.006913185495284031,370,68,1480,5753,7233
1602,dinov2,D20,std_ctrl__tvn_efaar_e0.1_c304,0.16470784057416354,-0.004499102945252277,-0.0007410375306333617,370,84,1480,5881,7361
1603,dinov2,D20,std_ctrl__tvn_efaar_e0.1_c304,0.16484532932814144,-0.010085343544760612,-0.0016625217780235084,370,76,1480,5817,7297
1604,dinov2,D20,std_ctrl__tvn_efaar_e0.1_c304,0.16139243047032648,0.007449697359041279,0.0012023247630440445,370,64,1480,5625,7105
1605,dinov2,D20,std_ctrl__tvn_efaar_e0.1_c304,0.1543264848987998,-0.014000203151693591,-0.0021606021402699703,370,74,1480,5503,6983
1606,dinov2,D20,std_ctrl__tvn_efaar_e0.1_c304,0.16529925496231274,-0.06252148684348086,-0.010334755194363424,370,84,1480,5881,7361
1607,dinov2,D20,std_ctrl__tvn_efaar_e0.1_c304,0.16850463918623046,0.07862885022780612,0.013249326037264626,370,73,1480,5753,7233
1608,dinov2,D20,std_ctrl__tvn_efaar_e0.1_c304,0.19335536998360797,0.026714921345282874,0.005165473500800156,370,72,1480,5785,7265
1609,dinov2,D20,std_ctrl__tvn_efaar_e0.1_c304,0.17032493947944524,0.022354674481902183,0.003807558578212688,370,108,1480,5593,7073
1610,dinov2,D20,std_ctrl__tvn_efaar_e0.1_c304,0.17425569871196459,0.03166139235865276,0.005517178047650693,370,65,1480,5625,7105
1611,dinov2,D20,std_ctrl__tvn_efaar_e0.1_c304,0.19208720095079207,0.03664478239245252,0.007038993679217074,370,48,1480,5657,7137
1612,dinov2,D20,std_ctrl__tvn_efaar_e0.1_c304,0.18938215488394636,-0.021706358994081222,-0.004110797040983632,370,95,1480,5657,7137
1613,dinov2,D20,std_ctrl__tvn_efaar_e0.1_c304,0.17187202408307542,-0.015257079199478118,-0.0026222650836100923,370,49,1480,5529,7009
1614,dinov2,D20,std_ctrl__tvn_efaar_e0.1_c304,0.18344677372298107,-0.014263607198315941,-0.0026166127221829484,370,88,1480,5753,7233
1615,dinov2,D20,std_ctrl__tvn_efaar_e0.1_c304,0.2090730841875486,0.010378054419475759,0.0021697718453460163,370,49,1480,5977,7457
1616,dinov2,D20,std_ctrl__tvn_efaar_e0.1_c304,0.1852258798518893,0.01726160196721432,0.0031972954120303757,370,72,1480,5657,7137
1617,dinov2,D20,std_ctrl__tvn_efaar_e0.1_c304,0.17457576267716648,0.046468020648664586,0.008112190144838941,370,73,1480,5689,7169
1618,dinov2,D20,std_ctrl__tvn_efaar_e0.1_c304,0.16943031136199718,-0.006725989606639194,-0.0011395865132704354,370,46,1480,5753,7233
1619,dinov2,D20,std_ctrl__tvn_efaar_e0.1_c304,0.16323024864069557,-0.06048545820617779,-0.009873056382140801,370,48,1480,5785,7265
1620,dinov2,D20,std_ctrl__tvn_efaar_e0.1_c304,0.14852507146290686,-0.0053295026998649905,-0.0007915647693592028,370,52,1480,5561,7041
1621,dinov2,D20,std_ctrl__tvn_efaar_e0.1_c304,0.1672355273014137,0.0223998986532554,0.0037460588627753933,370,71,1480,5625,7105
1622,dinov2,D20,std_ctrl__tvn_efaar_e0.1_c304,0.1450748159081115,-0.053174827011022385,-0.007714328239569747,370,65,1480,5305,6785
1623,dinov2,D20,std_ctrl__tvn_efaar_e0.1_c304,0.15842319867183663,-0.0013295632233077928,-0.00021063365867285796,370,68,1480,5753,7233
1624,dinov2,D20,std_ctrl__tvn_efaar_e0.1_c304,0.17614532163876104,-0.019601878995421387,-0.0034527792803725746,370,72,1480,5689,7169
1625,dinov2,D20,std_ctrl__tvn_efaar_e0.1_c304,0.17831026967650035,0.11968709268303514,0.021341437773108287,370,70,1480,5913,7393
1626,dinov2,D20,std_ctrl__tvn_efaar_e0.1_c304,0.19621522086780918,0.01986427589440736,0.003897673282000238,370,54,1480,5593,7073
1627,dinov2,D20,std_ctrl__tvn_efaar_e0.1_c304,0.17163202965127566,-0.04659903652855841,-0.007997887219190414,370,61,1480,5529,7009
1628,dinov2,D20,std_ctrl__tvn_efaar_e0.1_c304,0.15563310594533927,-0.004241317717670425,-0.0006600894497020459,370,94,1480,5849,7329
1629,dinov2,D20,std_ctrl__tvn_efaar_e0.1_c304,0.1696390147809031,-0.002093974422463261,-0.0003552197580030782,370,70,1480,5817,7297
1630,dinov2,D20,std_ctrl__tvn_efaar_e0.1_c304,0.16997569268361173,0.02492262813114445,0.004236240980087346,370,69,1480,5657,7137
1631,dinov2,D20,std_ctrl__tvn_efaar_e0.1_c304,0.17946673714588685,0.1593776047920409,0.02860297870615424,370,50,1480,5881,7361
1632,dinov2,D20,std_ctrl__tvn_efaar_e0.1_c304,0.18958171987084826,0.047902563296571554,0.009081450335986205,370,73,1480,5721,7201
1633,dinov2,D20,std_ctrl__tvn_efaar_e0.1_c304,0.1781346962595117,0.05724173578174817,0.010196739216848933,370,72,1480,5721,7201
1634,dinov2,D20,std_ctrl__tvn_efaar_e0.1_c304,0.18938068879894993,-0.0742866167180018,-0.014068450642598769,370,53,1480,5663,7143
1635,dinov2,D20,std_ctrl__tvn_efaar_e0.1_c304,0.18951550147131738,0.04206433390688287,0.007971843334419845,370,77,1480,5753,7233
1636,dinov2,D20,std_ctrl__tvn_efaar_e0.1_c304,0.16722570229644257,0.011806040048549099,0.00197427333845855,370,56,1480,5753,7233
1637,dinov2,D20,std_ctrl__tvn_efaar_e0.1_c304,0.17606363050987361,0.01155341410609094,0.0020341360323023567,370,61,1480,5881,7361
1638,dinov2,D20,std_ctrl__tvn_efaar_e0.1_c304,0.19021946025924608,-0.0021578347485042633,-0.000410462161189127,370,58,1480,5881,7361
1639,dinov2,D20,std_ctrl__tvn_efaar_e0.1_c304,0.15817240049600745,0.09236177649411945,0.014609083902150587,370,69,1480,5977,7457
1640,dinov2,D20,std_ctrl__tvn_efaar_e0.1_c304,0.17096489708706533,0.031063308390367958,0.005310735322143031,370,72,1480,5625,7105
1641,dinov2,D20,std_ctrl__tvn_efaar_e0.1_c304,0.18663398024175154,0.031388550828430874,0.005858170175130581,370,78,1480,5657,7137
1642,dinov2,D20,std_ctrl__tvn_efaar_e0.1_c304,0.18649647048685927,-0.039312782652567435,-0.007331695209720856,370,113,1480,5593,7073
1643,dinov2,D20,std_ctrl__tvn_efaar_e0.1_c304,0.16778053728538875,0.04536926351208107,0.007612079408299346,370,104,1480,5689,7169
1644,dinov2,D20,std_ctrl__tvn_efaar_e0.1_c304,0.17849162971286614,0.015536921960669104,0.0027732105214814478,370,61,1480,5561,7041
1645,dinov2,D20,std_ctrl__tvn_efaar_e0.1_c304,0.15388517821039518,0.0002056009262205422,3.1638935171670446e-05,370,61,1480,5785,7265
1646,dinov2,D20,std_ctrl__tvn_efaar_e0.1_c304,0.19665712236580485,-0.028200369588813966,-0.00554580353298831,370,71,1480,5753,7233
1647,dinov2,D20,std_ctrl__tvn_efaar_e0.1_c304,0.16318635799375397,-0.050589408335636375,-0.008255501299351358,370,70,1480,5881,7361
1648,dinov2,D20,std_ctrl__tvn_efaar_e0.1_c304,0.20591081819636753,0.028445095124993505,0.005857152810860918,370,87,1480,5817,7297
1649,dinov2,D20,std_ctrl__tvn_efaar_e0.1_c304,0.19027799802166054,-0.031515077871454814,-0.005996625924877157,370,101,1480,5913,7393
1650,dinov2,D20,std_ctrl__tvn_efaar_e0.1_c304,0.17466172162144697,0.027549784198949368,0.004811892738487833,370,48,1480,5625,7105
1651,dinov2,D20,std_ctrl__tvn_efaar_e0.1_c304,0.16550030429399704,-0.019666668221339504,-0.0032548395750807693,370,79,1480,5689,7169
1652,dinov2,D20,std_ctrl__tvn_efaar_e0.1_c304,0.15077743722058012,0.02992370188781549,0.004511819082797455,370,77,1480,5535,7015
1653,dinov2,D20,std_ctrl__tvn_efaar_e0.1_c304,0.18350512021370555,0.008789668614434788,0.0016129491957304904,370,61,1480,5753,7233
1654,dinov2,D20,std_ctrl__tvn_efaar_e0.1_c304,0.15740863987755566,0.013772908983080381,0.002167974870184051,370,87,1480,5753,7233
1655,dinov2,D20,std_ctrl__tvn_efaar_e0.1_c304,0.1600217152254354,0.007900842685912207,0.0012643063983260074,370,86,1480,5785,7265
1656,dinov2,D20,std_ctrl__tvn_efaar_e0.1_c304,0.18508763617734084,0.014531147011547148,0.002689535651312692,370,68,1480,5785,7265
1657,dinov2,D20,std_ctrl__tvn_efaar_e0.1_c304,0.17307772573513497,0.04713685928263184,0.008158340402935005,370,64,1480,5753,7233
1658,dinov2,D20,std_ctrl__tvn_efaar_e0.1_c304,0.170419189354151,-0.040217693616968565,-0.006853866743897396,370,61,1480,5657,7137
1659,dinov2,D20,std_ctrl__tvn_efaar_e0.1_c304,0.18019502035805318,-0.016321212740156504,-0.002941001261980618,370,50,1480,5785,7265
1660,dinov2,D20,std_ctrl__tvn_efaar_e0.1_c304,0.18834280591442865,-0.004698867132439703,-0.0008849978203427788,370,72,1480,5625,7105
1661,dinov2,D20,std_ctrl__tvn_efaar_e0.1_c304,0.19904657470850678,0.03851531711862427,0.007666341946274076,370,87,1480,5913,7393
1662,dinov2,D20,std_ctrl__tvn_efaar_e0.1_c304,0.19847992854167665,0.030137670198433802,0.005981722627397759,370,70,1480,5657,7137
1663,dinov2,D20,std_ctrl__tvn_efaar_e0.1_c304,0.16455987512702008,0.02556896083717558,0.00420762500249328,370,76,1480,5689,7169
1664,dinov2,D20,std_ctrl__tvn_efaar_e0.1_c304,0.19273262557625764,0.008818864023556656,0.0016996828178600738,370,77,1480,5625,7105
1665,dinov2,D20,std_ctrl__tvn_efaar_e0.1_c304,0.17358340092847885,0.05119975521268545,0.008887427636523554,370,88,1480,5753,7233
1666,dinov2,D20,std_ctrl__tvn_efaar_e0.1_c304,0.1799652006431367,-0.02930931977152378,-0.00527465761339613,370,100,1480,5561,7041
1667,dinov2,D20,std_ctrl__tvn_efaar_e0.1_c304,0.1712105540998928,0.023520072116524633,0.004026884579539621,370,120,1480,5657,7137
1668,dinov2,D20,std_ctrl__tvn_efaar_e0.1_c304,0.19836048106256615,0.04199166401870773,0.008329486675368515,370,95,1480,5561,7041
1669,dinov2,D20,std_ctrl__tvn_efaar_e0.1_c304,0.15581154949579248,-0.019909161664068586,-0.003102077328040757,370,88,1480,5593,7073
1670,dinov2,D20,std_ctrl__tvn_efaar_e0.1_c304,0.1822067557202025,0.09247777122847317,0.016850074671775184,370,79,1480,5753,7233
1671,dinov2,D20,std_ctrl__tvn_efaar_e0.1_c304,0.18419375107773442,0.04057997531355944,0.007474577871646375,370,54,1480,5785,7265
1672,dinov2,D20,std_ctrl__tvn_efaar_e0.1_c304,0.1767290949303157,0.07862970962128024,0.013896157416002393,370,58,1480,5529,7009
1673,dinov2,D20,std_ctrl__tvn_efaar_e0.1_c304,0.1760165815566333,0.04765809427011297,0.008388614836929058,370,107,1480,5657,7137
1674,dinov2,D20,std_ctrl__tvn_efaar_e0.1_c304,0.19446855669553625,0.03807354695646595,0.00740410772490366,370,55,1480,5785,7265
1675,dinov2,D20,std_ctrl__tvn_efaar_e0.1_c304,0.19653659489598554,-0.07184437914810943,-0.014120049640185574,370,57,1480,5497,6977
1676,dinov2,D20,std_ctrl__tvn_efaar_e0.1_c304,0.17149740546397213,0.010605817122719012,0.0018188701193716807,370,41,1480,5817,7297
1677,dinov2,D20,std_ctrl__tvn_efaar_e0.1_c304,0.17858547740491618,0.01001689564529883,0.0017888720909309175,370,70,1480,5593,7073
1678,dinov2,D20,std_ctrl__tvn_efaar_e0.1_c304,0.18923756495559127,0.1035272912518962,0.019591252502957124,370,55,1480,5625,7105
1679,dinov2,D20,std_ctrl__tvn_efaar_e0.1_c304,0.1936649392528536,0.01794997004410324,0.003476279858181796,370,77,1480,5721,7201
1680,dinov2,D20,std_ctrl__tvn_efaar_e0.1_c304,0.1772360852504643,0.003891277321678027,0.0006896747591181252,370,89,1480,5913,7393
1681,dinov2,D20,std_ctrl__tvn_efaar_e0.1_c304,0.1959177206529373,0.06194665572667812,0.012136447592043003,370,60,1480,5593,7073
1682,dinov2,D20,std_ctrl__tvn_efaar_e0.1_c304,0.1863825892711933,-0.007020453356941527,-0.0013084902745244028,370,73,1480,5849,7329
1683,dinov2,D20,std_ctrl__tvn_efaar_e0.1_c304,0.19791127433548095,-0.010582079373239192,-0.002094312813876976,370,84,1480,5689,7169
1684,dinov2,D20,std_ctrl__tvn_efaar_e0.1_c304,0.17785823940491094,0.011578020947199497,0.002059246421462082,370,84,1480,5721,7201
1685,dinov2,D20,std_ctrl__tvn_efaar_e0.1_c304,0.2089085619106747,-0.024791079312834082,-0.0051790687274576456,370,69,1480,5657,7137
1686,dinov2,D20,std_ctrl__tvn_efaar_e0.1_c304,0.16908738841402077,0.04350559346266921,0.007356247180004831,370,95,1480,5689,7169
1687,dinov2,D20,std_ctrl__tvn_efaar_e0.1_c304,0.19226212855019462,-0.028699777248608966,-0.0055178802627340075,370,52,1480,5721,7201
1688,dinov2,D20,std_ctrl__tvn_efaar_e0.1_c304,0.15498879672473642,-0.00610874673536457,-0.0009467873060103166,370,72,1480,5529,7009
1689,dinov2,D20,std_ctrl__tvn_efaar_e0.1_c304,0.1974312676214807,-0.042397228861790745,-0.008370538637821374,370,52,1480,5529,7009
1690,dinov2,D20,std_ctrl__tvn_efaar_e0.1_c304,0.2104331175373011,-0.03359765045740329,-0.007070058327679904,370,61,1480,5849,7329
1691,dinov2,D20,std_ctrl__tvn_efaar_e0.1_c304,0.1490598206027836,-0.0036309471726947208,-0.0005412283341800594,370,86,1480,5529,7009
1692,dinov2,D20,std_ctrl__tvn_efaar_e0.1_c304,0.14948350640629993,-0.05175588019558101,-0.007736650448779825,370,80,1480,5497,6977
1693,dinov2,D20,std_ctrl__tvn_efaar_e0.1_c304,0.18510712481942296,-0.024939006664908416,-0.0046163878195936234,370,79,1480,5817,7297
1694,dinov2,D20,std_ctrl__tvn_efaar_e0.1_c304,0.17402033220077712,-0.01017775745254038,-0.0017711367329500119,370,50,1480,5753,7233
1695,dinov2,D20,std_ctrl__tvn_efaar_e0.1_c304,0.15919499334994847,0.040575073561909994,0.006459348565861931,370,86,1480,5721,7201
1696,dinov2,D20,std_ctrl__tvn_efaar_e0.1_c304,0.1721773634215182,0.06365834009408004,0.010960525157189023,370,76,1480,5689,7169
1697,dinov2,D20,std_ctrl__tvn_efaar_e0.1_c304,0.16785838688661828,0.05280094234858946,0.008863081008727557,370,74,1480,5913,7393
1698,dinov2,D20,std_ctrl__tvn_efaar_e0.1_c304,0.19510032817094058,0.0126572464219092,0.0024694329306549486,370,65,1480,5625,7105
1699,dinov2,D20,std_ctrl__tvn_efaar_e0.1_c304,0.14477826636034902,-0.00579159129083427,-0.0008384965465546816,370,57,1480,5561,7041
1700,dinov2,D20,std_ctrl__tvn_efaar_e0.1_c304,0.19144828971880504,-0.0041870382357574116,-0.0008016013092229992,370,85,1480,5753,7233
1701,dinov2,D20,std_ctrl__tvn_efaar_e0.1_c304,0.19856047614749273,0.06089878336168056,0.0120920914210983,370,95,1480,5689,7169
1702,dinov2,D20,std_ctrl__tvn_efaar_e0.1_c304,0.18994024145381783,0.02289978882760489,0.004349591419156713,370,59,1480,5689,7169
1703,dinov2,D20,std_ctrl__tvn_efaar_e0.1_c304,0.15370635919093367,0.004029505412079672,0.0006193606062309292,370,81,1480,5529,7009
1704,dinov2,D20,std_ctrl__tvn_efaar_e0.1_c304,0.19490279493593674,0.0641317904673518,0.012499465206332732,370,85,1480,5689,7169
1705,dinov2,D20,std_ctrl__tvn_efaar_e0.1_c304,0.18496111032556561,0.03340399029382614,0.006178439134050499,370,91,1480,5817,7297
1706,dinov2,D20,std_ctrl__tvn_efaar_e0.1_c304,0.16877240685214567,0.0352094298433206,0.005942380218548984,370,40,1480,5625,7105
1707,dinov2,D20,std_ctrl__tvn_efaar_e0.1_c304,0.1744142139263388,-0.0215304320800602,-0.0037552133867381275,370,95,1480,5817,7297
1708,dinov2,D20,std_ctrl__tvn_efaar_e0.1_c304,0.19313871117110695,0.018470629676174383,0.003567393610175121,370,99,1480,5497,6977
1709,dinov2,D20,std_ctrl__tvn_efaar_e0.1_c304,0.1684827510811562,0.014849869042002133,0.002501946789391413,370,89,1480,5817,7297
1710,dinov2,D20,std_ctrl__tvn_efaar_e0.1_c304,0.17898787636985528,0.034374291244559846,0.006152581391582677,370,75,1480,5657,7137
1711,dinov2,D20,std_ctrl__tvn_efaar_e0.1_c304,0.16909859629423912,-0.0012170196385828558,-0.00020579631254688313,370,79,1480,5689,7169
1712,dinov2,D20,std_ctrl__tvn_efaar_e0.1_c304,0.18457832087150328,-0.033616028399735924,-0.006204790076392025,370,91,1480,5625,7105
1713,dinov2,D20,std_ctrl__tvn_efaar_e0.1_c304,0.21051097796408852,-0.012520420624354616,-0.002635685990154634,370,71,1480,5753,7233
1714,dinov2,D20,std_ctrl__tvn_efaar_e0.1_c304,0.15936384602738138,0.01479655806632671,0.002358036401417298,370,87,1480,5817,7297
1715,dinov2,D20,std_ctrl__tvn_efaar_e0.1_c304,0.18256460767618332,0.06026055020889946,0.011001443707238677,370,71,1480,5529,7009
1716,dinov2,D20,std_ctrl__tvn_efaar_e0.1_c304,0.19781930267220424,-0.05044713278798576,-0.009979416629931433,370,80,1480,5721,7201
1717,dinov2,D20,std_ctrl__tvn_efaar_e0.1_c304,0.1757489434931644,0.00972628135963599,0.0017093836730732836,370,63,1480,5721,7201
1718,dinov2,D20,std_ctrl__tvn_efaar_e0.1_c304,0.17661533644564129,0.05369337231847442,0.009483073016928441,370,80,1480,5657,7137
1719,dinov2,D20,std_ctrl__tvn_efaar_e0.1_c304,0.1871680802872185,-0.055199592884051935,-0.010331601832744008,370,72,1480,5689,7169
1720,dinov2,D20,std_ctrl__tvn_efaar_e0.1_c304,0.18207598470271985,-0.00483344905433017,-0.0008800549960775957,370,61,1480,5497,6977
1721,dinov2,D20,std_ctrl__tvn_efaar_e0.1_c304,0.15880771902464366,-0.0129009204300548,-0.0020487657468154278,370,61,1480,5721,7201
1722,dinov2,D20,std_ctrl__tvn_efaar_e0.1_c304,0.1487741972824721,0.02326063391300462,0.00346058213868871,370,68,1480,5497,6977
1723,dinov2,D20,std_ctrl__tvn_efaar_e0.1_c304,0.169631698616634,0.05535415868488852,0.009389819963212342,370,70,1480,5817,7297
1724,dinov2,D20,std_ctrl__tvn_efaar_e0.1_c304,0.17257717144814197,-0.02649574088396057,-0.004572560017176808,370,65,1480,5401,6881
1725,dinov2,D20,std_ctrl__tvn_efaar_e0.1_c304,0.16358297760924334,-0.013278530449776702,-0.002172141549249478,370,78,1480,5721,7201
1726,dinov2,D20,std_ctrl__tvn_efaar_e0.1_c304,0.1580352740863311,0.027555174658467463,0.00435468957964763,370,61,1480,5593,7073
1727,dinov2,D20,std_ctrl__tvn_efaar_e0.1_c304,0.20978100680210546,-0.005440081696785223,-0.0011412258154373102,370,97,1480,5529,7009
1728,dinov2,D20,std_ctrl__tvn_efaar_e0.1_c304,0.1732317193367048,0.010600113951806014,0.0018362759650363482,370,68,1480,5785,7265
1729,dinov2,D20,std_ctrl__tvn_efaar_e0.1_c304,0.18513925871593256,0.010520939852865677,0.001947839005354464,370,51,1480,5593,7073
1730,dinov2,D20,std_ctrl__tvn_efaar_e0.1_c304,0.18882766142383672,-0.027449730456790087,-0.005183268408870337,370,54,1480,5593,7073
1731,dinov2,D20,std_ctrl__tvn_efaar_e0.1_c304,0.16906435045867388,0.060304318396243596,0.010195310419513982,370,70,1480,5593,7073
1732,dinov2,D20,std_ctrl__tvn_efaar_e0.1_c304,0.17033981005474128,0.013430837214771603,0.002287806260040345,370,52,1480,5433,6913
1733,dinov2,D20,std_ctrl__tvn_efaar_e0.1_c304,0.1638262728312661,-0.01785692503065031,-0.002925433471998783,370,80,1480,5753,7233
1734,dinov2,D20,std_ctrl__tvn_efaar_e0.1_c304,0.18569055311697544,0.015977548596909155,0.002966879836413416,370,57,1480,5721,7201
1735,dinov2,D20,std_ctrl__tvn_efaar_e0.1_c304,0.19170915188691454,-0.0013056305718230673,-0.00025030132960182747,370,65,1480,5753,7233
1736,dinov2,D20,std_ctrl__tvn_efaar_e0.1_c304,0.19757565227406998,0.023720105659498763,0.004686515347685327,370,65,1480,5625,7105
1737,dinov2,D20,std_ctrl__tvn_efaar_e0.1_c304,0.18786617634531644,0.02714864233547905,0.005100311628533031,370,85,1480,5721,7201
1738,dinov2,D20,std_ctrl__tvn_efaar_e0.1_c304,0.17877450151548233,0.032203964878947035,0.005757247768055856,370,86,1480,5593,7073
1739,dinov2,D20,std_ctrl__tvn_efaar_e0.1_c304,0.18913740657179784,-0.010818011943801784,-0.002046090723313403,370,92,1480,5657,7137
1740,dinov2,D20,std_ctrl__tvn_efaar_e0.1_c304,0.14021020660922467,0.009826601711006182,0.0013777898561667375,370,77,1480,5529,7009
1741,dinov2,D20,std_ctrl__tvn_efaar_e0.1_c304,0.1779282498627971,-0.0078080993415179985,-0.001389281450591156,370,81,1480,5657,7137
1742,dinov2,D20,std_ctrl__tvn_efaar_e0.1_c304,0.1786097388028413,0.012293831300013795,0.002195797997381659,370,77,1480,5529,7009
1743,dinov2,D20,std_ctrl__tvn_efaar_e0.1_c304,0.1966823807222139,-0.0014472955529190401,-0.0002846575349567897,370,44,1480,5625,7105
1744,dinov2,D20,std_ctrl__tvn_efaar_e0.1_c304,0.17526209479035157,0.07178929326398374,0.012581941920964667,370,92,1480,5657,7137
1745,dinov2,D20,std_ctrl__tvn_efaar_e0.1_c304,0.1747294449962868,0.014038833277434676,0.002452997546961563,370,70,1480,5785,7265
1746,dinov2,D20,std_ctrl__tvn_efaar_e0.1_c304,0.16139515410633587,-0.012447261235839556,-0.0020089276453601457,370,82,1480,5721,7201
1747,dinov2,D20,std_ctrl__tvn_efaar_e0.1_c304,0.17542598565423367,0.06956089769794771,0.012202789041655792,370,57,1480,5785,7265
1748,dinov2,D20,std_ctrl__tvn_efaar_e0.1_c304,0.1904872905786023,0.01179307677599234,0.002246431242644219,370,73,1480,5817,7297
1749,dinov2,D20,std_ctrl__tvn_efaar_e0.1_c304,0.1680419604914059,0.0021751040251628607,0.0003655087446611154,370,68,1480,5881,7361
1750,dinov2,D20,std_ctrl__tvn_efaar_e0.1_c304,0.16123494584536718,-0.01694919117272997,-0.0027328019208578925,370,59,1480,5497,6977
1751,dinov2,D20,std_ctrl__tvn_efaar_e0.1_c304,0.1752397341984586,-0.0018983758333345538,-0.00033267087644232456,370,60,1480,5625,7105
1752,dinov2,D20,std_ctrl__tvn_efaar_e0.1_c304,0.14680335661936067,0.07176951385993167,0.010536005537577699,370,62,1480,5625,7105
1753,dinov2,D20,std_ctrl__tvn_efaar_e0.1_c304,0.17765845006345785,-0.030761598713840894,-0.005465057948975031,370,86,1480,5529,7009
1754,dinov2,D20,std_ctrl__tvn_efaar_e0.1_c304,0.17936650314526228,0.04024857326082283,0.007219245842379698,370,66,1480,5465,6945
1755,dinov2,D20,std_ctrl__tvn_efaar_e0.1_c304,0.21172162140277673,-0.04449097795582672,-0.00941970199060283,370,56,1480,5689,7169
1756,dinov2,D20,std_ctrl__tvn_efaar_e0.1_c304,0.197134636432597,0.0228434130645139,0.004503227929352584,370,66,1480,5753,7233
1757,dinov2,D20,std_ctrl__tvn_efaar_e0.1_c304,0.2038549907322304,-0.013192420060705302,-0.00268934066921077,370,64,1480,5657,7137
1758,dinov2,D20,std_ctrl__tvn_efaar_e0.1_c304,0.16617980535226948,-0.022365484576501615,-0.0037166918735322234,370,66,1480,5721,7201
1759,dinov2,D20,std_ctrl__tvn_efaar_e0.1_c304,0.16530009193842618,-0.0325249117843992,-0.005376370908250389,370,99,1480,5625,7105
1760,dinov2,D20,std_ctrl__tvn_efaar_e0.1_c304,0.19219185571864839,-0.010941265335221374,-0.002102822088686315,370,100,1480,5977,7457
1761,dinov2,D20,std_ctrl__tvn_efaar_e0.1_c304,0.16629415154219776,-0.003939531482379614,-0.0006551210453360945,370,58,1480,5689,7169
1762,dinov2,D20,std_ctrl__tvn_efaar_e0.1_c304,0.18103695503243855,0.020438039821167573,0.0037000404960559024,370,58,1480,5657,7137
1763,dinov2,D20,std_ctrl__tvn_efaar_e0.1_c304,0.17198132802633054,0.035291886642552554,0.0060695455333409035,370,61,1480,5465,6945
1764,dinov2,D20,std_ctrl__tvn_efaar_e0.1_c304,0.17608497384499397,-0.012580823656592032,-0.0022152940045194894,370,67,1480,5433,6913
1765,dinov2,D20,std_ctrl__tvn_efaar_e0.1_c304,0.17442768897389002,0.020634180160677196,0.003599172359297814,370,58,1480,5817,7297
1766,dinov2,D20,std_ctrl__tvn_efaar_e0.1_c304,0.16646751367442889,0.007044259552964313,0.0011726403734593131,370,67,1480,5913,7393
1767,dinov2,D20,std_ctrl__tvn_efaar_e0.1_c304,0.18305044000587706,0.092647507980698,0.016959167101314773,370,75,1480,5945,7425
1768,dinov2,D20,std_ctrl__tvn_efaar_e0.1_c304,0.17003778565148517,-0.019983249930456293,-0.003397907568294983,370,82,1480,5753,7233
1769,dinov2,D20,std_ctrl__tvn_efaar_e0.1_c304,0.1632364791390985,0.05979521539773496,0.009760760430890265,370,55,1480,5817,7297
1770,dinov2,D20,std_ctrl__tvn_efaar_e0.1_c304,0.180033911863777,0.013747489811964528,0.0024750143691553944,370,64,1480,5849,7329
1771,dinov2,D20,std_ctrl__tvn_efaar_e0.1_c304,0.18556466681008785,0.0036108335161578833,0.0006700431183325356,370,66,1480,5913,7393
1772,dinov2,D20,std_ctrl__tvn_efaar_e0.1_c304,0.1487477609055964,0.01419544863896474,0.002111541200096401,370,51,1480,5753,7233
1773,dinov2,D20,std_ctrl__tvn_efaar_e0.1_c304,0.16407279682228681,0.003921425283056522,0.0006433992137207113,370,63,1480,5881,7361
1774,dinov2,D20,std_ctrl__tvn_efaar_e0.1_c304,0.1638250159634089,-0.00283492889629171,-0.00046443227169011856,370,57,1480,5849,7329
1775,dinov2,D20,std_ctrl__tvn_efaar_e0.1_c304,0.1835436509500732,-0.0067616510248563145,-0.001241058115552432,370,52,1480,5913,7393
1776,dinov2,D20,std_ctrl__tvn_efaar_e0.1_c304,0.1756436057579545,0.027073627450509365,0.004755309546355002,370,77,1480,5561,7041
1777,dinov2,D20,std_ctrl__tvn_efaar_e0.1_c304,0.1616714126142402,-0.004499958395057577,-0.0007275146304342677,370,81,1480,5593,7073
1778,dinov2,D20,std_ctrl__tvn_efaar_e0.1_c304,0.1640467235496525,-0.056722624779464964,-0.009305160746207557,370,86,1480,5913,7393
1779,dinov2,D20,std_ctrl__tvn_efaar_e0.1_c304,0.1650666086781349,0.02648394529608411,0.0043716150344418475,370,50,1480,5881,7361
1780,dinov2,D20,std_ctrl__tvn_efaar_e0.1_c304,0.13750643529692574,-0.03999866816896432,-0.005500074276538896,370,56,1480,5689,7169
1781,dinov2,D20,std_ctrl__tvn_efaar_e0.1_c304,0.17316721452127104,0.023732301472714747,0.004109656540209071,370,65,1480,5689,7169
1782,dinov2,D20,std_ctrl__tvn_efaar_e0.1_c304,0.20400055524299837,-0.05408969519296193,-0.011034327852288774,370,84,1480,5721,7201
1783,dinov2,D20,std_ctrl__tvn_efaar_e0.1_c304,0.17340286486732528,0.02099503197936637,0.0036405986932032397,370,61,1480,5657,7137
1784,dinov2,D20,std_ctrl__tvn_efaar_e0.1_c304,0.18786736379723026,0.00959439520775259,0.0018024737349092584,370,42,1480,5762,7242
1785,dinov2,D20,std_ctrl__tvn_efaar_e0.1_c304,0.16919409137605124,0.10062360040445037,0.017024918641417842,370,66,1480,5433,6913
1786,dinov2,D20,std_ctrl__tvn_efaar_e0.1_c304,0.20320456520727645,-0.012096533483561305,-0.0024580708270423362,370,98,1480,5817,7297
1787,dinov2,D20,std_ctrl__tvn_efaar_e0.1_c304,0.17722728595679393,0.008513406967701172,0.0015088080111313375,370,86,1480,5657,7137
1788,dinov2,D20,std_ctrl__tvn_efaar_e0.1_c304,0.17697580102676552,0.017770958597695823,0.003145029632840704,370,93,1480,5625,7105
1789,dinov2,D20,std_ctrl__tvn_efaar_e0.1_c304,0.17368664025305805,0.01599902333799839,0.0027788166109072063,370,84,1480,5689,7169
1790,dinov2,D20,std_ctrl__tvn_efaar_e0.1_c304,0.18153906443867535,-0.004096004159801056,-0.0007435847631072063,370,94,1480,5471,6951
1791,dinov2,D20,std_ctrl__tvn_efaar_e0.1_c304,0.17212236120301214,-0.02240620692198908,-0.0038566092410160352,370,103,1480,5689,7169
1792,dinov2,D20,std_ctrl__tvn_efaar_e0.1_c304,0.189688594314173,0.016339226497851893,0.0030993649065584137,370,67,1480,5721,7201
1793,dinov2,D20,std_ctrl__tvn_efaar_e0.1_c304,0.16931182644218568,0.005269498452086448,0.0008921884073570268,370,58,1480,5593,7073
1794,dinov2,D20,std_ctrl__tvn_efaar_e0.1_c304,0.17042990687634638,-0.02592725828588136,-0.0044187802152217395,370,62,1480,5945,7425
1795,dinov2,D20,std_ctrl__tvn_efaar_e0.1_c304,0.1725074241692135,0.033163830789156565,0.005721007025021054,370,70,1480,5593,7073
1796,dinov2,D20,std_ctrl__tvn_efaar_e0.1_c304,0.1852500701906573,-0.005266466183319643,-0.0009756132301166871,370,104,1480,5753,7233
1797,dinov2,D20,std_ctrl__tvn_efaar_e0.1_c304,0.19319255685606573,0.021204370458008735,0.004096526545305933,370,71,1480,5785,7265
1798,dinov2,D20,std_ctrl__tvn_efaar_e0.1_c304,0.21052712216847239,-0.024759251442007423,-0.005212493953131423,370,55,1480,5497,6977
1799,dinov2,D20,std_ctrl__tvn_efaar_e0.1_c304,0.15889294585863445,0.01563919100769266,0.0024849571300581525,370,93,1480,5753,7233
1800,dinov2,D20,std_ctrl__tvn_efaar_e0.1_c304,0.17533972742792714,-0.012466766415066272,-0.0021859194251253565,370,88,1480,5721,7201
1801,dinov2,D20,std_ctrl__tvn_efaar_e0.1_c304,0.18555757756965302,0.009319750947515784,0.0017293504093735075,370,73,1480,5753,7233
1802,dinov2,D20,std_ctrl__tvn_efaar_e0.1_c304,0.16475080721309712,-0.01152384724914027,-0.001898563136496288,370,85,1480,5849,7329
1803,dinov2,D20,std_ctrl__tvn_efaar_e0.1_c304,0.18864872134418842,-0.002548654310262588,-0.00048080037677939173,370,70,1480,5753,7233
1804,dinov2,D20,std_ctrl__tvn_efaar_e0.1_c304,0.17974712085495695,-0.019198571091164483,-0.0034508878781660253,370,49,1480,5657,7137
1805,dinov2,D20,std_ctrl__tvn_efaar_e0.1_c304,0.16252015575641332,0.04482384233665667,0.007284777838154356,370,50,1480,5657,7137
1806,dinov2,D20,std_ctrl__tvn_efaar_e0.1_c304,0.16438860374278502,0.08961269881229196,0.014731306435375405,370,50,1480,5625,7105
1807,dinov2,D20,std_ctrl__tvn_efaar_e0.1_c304,0.1851825879714317,-0.011475461537991583,-0.002125055665771907,370,92,1480,5785,7265
1808,dinov2,D20,std_ctrl__tvn_efaar_e0.1_c304,0.1890769839234748,-0.03478504326161516,-0.006577051065553785,370,97,1480,5433,6913
1809,dinov2,D20,std_ctrl__tvn_efaar_e0.1_c304,0.17858664653202586,0.028184502808433275,0.005033375840730563,370,64,1480,5689,7169
1810,dinov2,D20,std_ctrl__tvn_efaar_e0.1_c304,0.19722108179123413,0.03987012170920012,0.007863228534636616,370,55,1480,5945,7425
1811,dinov2,D20,std_ctrl__tvn_efaar_e0.1_c304,0.1793765741362521,-0.022064011688727608,-0.003957766828426181,370,98,1480,5657,7137
1812,dinov2,D20,std_ctrl__tvn_efaar_e0.1_c304,0.1895984768369779,-0.0314214602317988,-0.005957460999942727,370,80,1480,5657,7137
1813,dinov2,D20,std_ctrl__tvn_efaar_e0.1_c304,0.21190278235504406,0.04687293381554784,0.00993250509265842,370,39,1480,5593,7073
1814,dinov2,D20,std_ctrl__tvn_efaar_e0.1_c304,0.19229325685210308,-0.004622192631670893,-0.0008888164749417894,370,85,1480,5721,7201
1815,dinov2,D20,std_ctrl__tvn_efaar_e0.1_c304,0.17350042754128772,0.022642403297699613,0.003928466652713146,370,73,1480,5625,7105
1816,dinov2,D20,std_ctrl__tvn_efaar_e0.1_c304,0.1688161358058826,0.0024089029797540492,0.00040666169257335484,370,91,1480,5849,7329
1817,dinov2,D20,std_ctrl__tvn_efaar_e0.1_c304,0.18192508866287097,0.03620288832514385,0.006586213668403811,370,58,1480,5497,6977
1818,dinov2,D20,std_ctrl__tvn_efaar_e0.1_c304,0.18993470161403259,0.03239987918428583,0.006153861385198034,370,89,1480,5657,7137
1819,dinov2,D20,std_ctrl__tvn_efaar_e0.1_c304,0.1685186744476335,-0.04508292789837056,-0.007597315249651642,370,81,1480,5785,7265
1820,dinov2,D20,std_ctrl__tvn_efaar_e0.1_c304,0.17285765651814503,0.025677830978263358,0.0044386096873716314,370,76,1480,5753,7233
1821,dinov2,D20,std_ctrl__tvn_efaar_e0.1_c304,0.17297756098248857,0.00650342347415006,0.0011249463305947397,370,90,1480,5753,7233
1822,dinov2,D20,std_ctrl__tvn_efaar_e0.1_c304,0.1881410978086506,0.07153494813320685,0.013458663673466417,370,58,1480,5817,7297
1823,dinov2,D20,std_ctrl__tvn_efaar_e0.1_c304,0.19073958518636602,-0.018311804466076644,-0.0034927859878733035,370,64,1480,5817,7297
1824,dinov2,D20,std_ctrl__tvn_efaar_e0.1_c304,0.1913279973619848,0.08033042055928424,0.015369458492853866,370,77,1480,5497,6977
1825,dinov2,D20,std_ctrl__tvn_efaar_e0.1_c304,0.17434936757366226,0.036720691177084375,0.00640222928359242,370,83,1480,5753,7233
1826,dinov2,D20,std_ctrl__tvn_efaar_e0.1_c304,0.19614793992702967,0.02101369167342713,0.004121792332004508,370,78,1480,5529,7009
1827,dinov2,D20,std_ctrl__tvn_efaar_e0.1_c304,0.17142018265595535,0.012783867511598277,0.00219141290388771,370,69,1480,5849,7329
1828,dinov2,D20,std_ctrl__tvn_efaar_e0.1_c304,0.1832001565363868,-0.034117379421949576,-0.006250309250712464,370,55,1480,5625,7105
1829,dinov2,D20,std_ctrl__tvn_efaar_e0.1_c304,0.19164028485404863,0.00044873741892578365,8.599616678760773e-05,370,78,1480,5689,7169
1830,dinov2,D20,std_ctrl__tvn_efaar_e0.1_c304,0.20039119468219255,0.07364447715892297,0.014757704759622016,370,57,1480,5753,7233
1831,dinov2,D20,std_ctrl__tvn_efaar_e0.1_c304,0.18435219131674685,0.02293798627363217,0.004228668033937551,370,68,1480,5881,7361
1832,dinov2,D20,std_ctrl__tvn_efaar_e0.1_c304,0.19905635398764615,0.02461018627609515,0.004898813951076307,370,66,1480,5753,7233
1833,dinov2,D20,std_ctrl__tvn_efaar_e0.1_c304,0.16968796800886188,0.02300828324480138,0.0039042288311826896,370,64,1480,5689,7169
1834,dinov2,D20,std_ctrl__tvn_efaar_e0.1_c304,0.20123552937134226,0.02006306682181719,0.004037401872700996,370,66,1480,5721,7201
1835,dinov2,D20,std_ctrl__tvn_efaar_e0.1_c304,0.1852491157642268,0.016106502864073176,0.0029837154136235426,370,53,1480,5657,7137
1836,dinov2,D20,std_ctrl__tvn_efaar_e0.1_c304,0.1484460535535262,0.013987971186806046,0.0020764591199017917,370,76,1480,5721,7201
1837,dinov2,D20,std_ctrl__tvn_efaar_e0.1_c304,0.13481461239579112,0.09155262632265816,0.012342631831505864,370,83,1480,5881,7361
1838,dinov2,D20,std_ctrl__tvn_efaar_e0.1_c304,0.18311745605655233,0.07324976925993855,0.013413311403609395,370,44,1480,5593,7073
1839,dinov2,D20,std_ctrl__tvn_efaar_e0.1_c304,0.1989088273353203,0.08015726647790437,0.01594398787752474,370,52,1480,5945,7425
1840,dinov2,D20,std_ctrl__tvn_efaar_e0.1_c304,0.1905769889476104,-0.0023456630848879482,-0.00044702940780350824,370,83,1480,5657,7137
1841,dinov2,D20,std_ctrl__tvn_efaar_e0.1_c304,0.17619354145245392,0.036797758107531685,0.0064835273184767565,370,69,1480,5593,7073
1842,dinov2,D20,std_ctrl__tvn_efaar_e0.1_c304,0.174370127728337,0.0003995930924193761,6.967709856452777e-05,370,71,1480,5497,6977
1843,dinov2,D20,std_ctrl__tvn_efaar_e0.1_c304,0.17855008679521517,-0.02390310775758198,-0.0042679019647916434,370,60,1480,5625,7105
1844,dinov2,D20,std_ctrl__tvn_efaar_e0.1_c304,0.1653929605298932,-0.04465051658169392,-0.007384881126635445,370,77,1480,5817,7297
1845,dinov2,D20,std_ctrl__tvn_efaar_e0.1_c304,0.21087757679139238,0.057874803598286194,0.012204498340084349,370,51,1480,5625,7105
1846,dinov2,D20,std_ctrl__tvn_efaar_e0.1_c304,0.1878085653462237,0.021208987752584327,0.003983229562258492,370,45,1480,5433,6913
1847,dinov2,D20,std_ctrl__tvn_efaar_e0.1_c304,0.18255833033657157,0.014233104088358307,0.002598371717877323,370,67,1480,5817,7297
1848,dinov2,D20,std_ctrl__tvn_efaar_e0.1_c304,0.19025855424368057,0.00585768724468019,0.0011144751063845017,370,71,1480,5529,7009
1849,dinov2,D20,std_ctrl__tvn_efaar_e0.1_c304,0.15339376021545134,-0.02565451386520572,-0.003935242348283338,370,68,1480,5689,7169
1850,dinov2,D20,std_ctrl__tvn_efaar_e0.1_c304,0.13638384546907834,-0.03534047784702609,-0.004819870269492193,370,67,1480,5433,6913
1851,dinov2,D20,std_ctrl__tvn_efaar_e0.1_c304,0.15028892703303104,0.044685302468607364,0.006715706162153454,370,63,1480,5657,7137
1852,dinov2,D20,std_ctrl__tvn_efaar_e0.1_c304,0.1948404026259677,0.03873719172124071,0.007547570031565842,370,71,1480,6041,7521
1853,dinov2,D20,std_ctrl__tvn_efaar_e0.1_c304,0.21072598642608206,0.09309867171996146,0.01961830943314687,370,83,1480,5849,7329
1854,dinov2,D20,std_ctrl__tvn_efaar_e0.1_c304,0.1775226786085055,0.03852844574134277,0.006839672890625636,370,86,1480,5849,7329
1855,dinov2,D20,std_ctrl__tvn_efaar_e0.1_c304,0.17308274141566443,0.004487926864714965,0.000776782685017874,370,56,1480,5817,7297
1856,dinov2,D20,std_ctrl__tvn_efaar_e0.1_c304,0.18715713612349633,0.1276295100732474,0.023886773590153912,370,59,1480,5913,7393
1857,dinov2,D20,std_ctrl__tvn_efaar_e0.1_c304,0.17530393904682978,-0.03187647638366094,-0.005588071872989006,370,64,1480,5817,7297
1858,dinov2,D20,std_ctrl__tvn_efaar_e0.1_c304,0.16048851063987396,-0.03959137598376864,-0.006353960965818304,370,66,1480,5625,7105
1859,dinov2,D20,std_ctrl__tvn_efaar_e0.1_c304,0.16609984240869338,0.031370959740181704,0.0052107114690536456,370,88,1480,5561,7041
1860,dinov2,D20,std_ctrl__tvn_efaar_e0.1_c304,0.18177991494829832,0.03922619912563113,0.00713053514080224,370,66,1480,5625,7105
1861,dinov2,D20,std_ctrl__tvn_efaar_e0.1_c304,0.1676360329452723,-0.002730171467821195,-0.00045767511412591623,370,90,1480,5945,7425
1862,dinov2,D20,std_ctrl__tvn_efaar_e0.1_c304,0.16988971128379846,-0.002222727927069475,-0.0003776186057922689,370,73,1480,5817,7297
1863,dinov2,D20,std_ctrl__tvn_efaar_e0.1_c304,0.1543191507690853,0.12776057448747996,0.019715903356678374,370,75,1480,5561,7041
1864,dinov2,D20,std_ctrl__tvn_efaar_e0.1_c304,0.1926535345003173,-0.02139190333544128,-0.004121225787261889,370,98,1480,5625,7105
1865,dinov2,D20,std_ctrl__tvn_efaar_e0.1_c304,0.1750776284292599,0.07408946985332579,0.012971408673501425,370,69,1480,5657,7137
1866,dinov2,D20,std_ctrl__tvn_efaar_e0.1_c304,0.18427205544241643,0.058383623417256884,0.010758470291273923,370,42,1480,5945,7425
1867,dinov2,D20,std_ctrl__tvn_efaar_e0.1_c304,0.18853089428322883,0.017740290784739668,0.003344592886491493,370,71,1480,5753,7233
1868,dinov2,D20,std_ctrl__tvn_efaar_e0.1_c304,0.14685298495489948,0.05984314210708347,0.00878814404750544,370,62,1480,5913,7393
1869,dinov2,D20,std_ctrl__tvn_efaar_e0.1_c304,0.1681768419520896,-0.010119949652011687,-0.0017019411731894736,370,72,1480,5689,7169
1870,dinov2,D20,std_ctrl__tvn_efaar_e0.1_c304,0.1701712314137998,-0.026261681029742887,-0.004468982599827773,370,77,1480,5785,7265
1871,dinov2,D20,std_ctrl__tvn_efaar_e0.1_c304,0.17496358970407094,0.01439445105314809,0.002518504828078334,370,74,1480,5593,7073
1872,dinov2,D20,std_ctrl__tvn_efaar_e0.1_c304,0.20240714544594327,0.06390323701822266,0.01293447178961398,370,82,1480,5881,7361
1873,dinov2,D20,std_ctrl__tvn_efaar_e0.1_c304,0.18485434038534004,0.06292816772381851,0.011632544936244516,370,63,1480,5529,7009
1874,dinov2,D20,std_ctrl__tvn_efaar_e0.1_c304,0.1555521515183589,0.003827962519799966,0.0005954478058865232,370,94,1480,5529,7009
1875,dinov2,D20,std_ctrl__tvn_efaar_e0.1_c304,0.1724554988357392,-0.01384449475221087,-0.0023875592486212994,370,62,1480,5593,7073
1876,dinov2,D20,std_ctrl__tvn_efaar_e0.1_c304,0.18405245229347617,0.014091002480339456,0.002593483561779932,370,61,1480,5721,7201
1877,dinov2,D20,std_ctrl__tvn_efaar_e0.1_c304,0.1989202674695342,0.011494998410396213,0.002286588158357885,370,70,1480,5657,7137
1878,dinov2,D20,std_ctrl__tvn_efaar_e0.1_c304,0.2047147349726585,0.03439621454039585,0.007041411943699838,370,74,1480,5817,7297
1879,dinov2,D20,std_ctrl__tvn_efaar_e0.1_c304,0.1509025569015266,-0.02753322591129913,-0.004154834189762403,370,76,1480,5593,7073
1880,dinov2,D20,std_ctrl__tvn_efaar_e0.1_c304,0.21091607778544177,-0.014737867796472886,-0.0031084532705524326,370,74,1480,5625,7105
1881,dinov2,D20,std_ctrl__tvn_efaar_e0.1_c304,0.17588996845792326,0.025728621781027135,0.0045254064735307,370,76,1480,5785,7265
1882,dinov2,D20,std_ctrl__tvn_efaar_e0.1_c304,0.16226049619378807,-0.010544972746085563,-0.0017110325101298155,370,95,1480,5817,7297
1883,dinov2,D20,std_ctrl__tvn_efaar_e0.1_c304,0.1600479111385483,0.05955124568172438,0.009531052477058481,370,79,1480,5753,7233
1884,dinov2,D20,std_ctrl__tvn_efaar_e0.1_c304,0.16839906117766043,-0.02221259153553757,-0.0037405795609073735,370,72,1480,5625,7105
1885,dinov2,D20,std_ctrl__tvn_efaar_e0.1_c304,0.19007154748635255,0.026355345916505422,0.005009401382888308,370,110,1480,5881,7361
1886,dinov2,D20,std_ctrl__tvn_efaar_e0.1_c304,0.14625706206479022,0.043415313500704364,0.006349796201234843,370,84,1480,5273,6753
1887,dinov2,D20,std_ctrl__tvn_efaar_e0.1_c304,0.15332728623126324,0.04955508383229474,0.007598146522968501,370,70,1480,5785,7265
1888,dinov2,D20,std_ctrl__tvn_efaar_e0.1_c304,0.17843032665660893,0.018968125051643962,0.0033844887490282393,370,56,1480,5657,7137
1889,dinov2,D20,std_ctrl__tvn_efaar_e0.1_c304,0.1810385172539605,-0.029046596485112874,-0.005258552758938936,370,75,1480,5817,7297
1890,dinov2,D20,std_ctrl__tvn_efaar_e0.1_c304,0.15631226985992758,0.01684029983954403,0.002632345493040902,370,70,1480,5561,7041
1891,dinov2,D20,std_ctrl__tvn_efaar_e0.1_c304,0.1497262486570605,0.008886490405491727,0.0013305408721412367,370,60,1480,5433,6913
1892,dinov2,D20,std_ctrl__tvn_efaar_e0.1_c304,0.19719036082755584,0.031962849051432596,0.0063027657375286945,370,109,1480,5689,7169
1893,dinov2,D20,std_ctrl__tvn_efaar_e0.1_c304,0.16917059197150439,0.024142338918032066,0.004084173766340174,370,95,1480,5401,6881
1894,dinov2,D20,std_ctrl__tvn_efaar_e0.1_c304,0.18896842518431867,0.08250282261538111,0.01559042846288976,370,50,1480,5753,7233
1895,dinov2,D20,std_ctrl__tvn_efaar_e0.1_c304,0.1698819093398106,0.049525685074310086,0.008413517941785957,370,85,1480,5753,7233
1896,dinov2,D20,std_ctrl__tvn_efaar_e0.1_c304,0.1863488299482454,0.053649901417157086,0.009997596355925936,370,66,1480,5817,7297
1897,dinov2,D20,std_ctrl__tvn_efaar_e0.1_c304,0.18275357149318566,-0.032271204961007806,-0.005897677963012788,370,79,1480,5435,6915
1898,dinov2,D20,std_ctrl__tvn_efaar_e0.1_c304,0.18394127758087409,0.026425018203999784,0.004860651608541575,370,106,1480,5625,7105
1899,dinov2,D20,std_ctrl__tvn_efaar_e0.1_c304,0.1676207258728148,0.03755066216687237,0.00629426924941599,370,49,1480,5657,7137
1900,dinov2,D20,std_ctrl__tvn_efaar_e0.1_c304,0.18833869354155075,0.022449924717436776,0.00422818949138821,370,74,1480,5529,7009
1901,dinov2,D20,std_ctrl__tvn_efaar_e0.1_c304,0.1458271858307284,-0.01348112166910106,-0.00196591403484666,370,106,1480,5721,7201
1902,dinov2,D20,std_ctrl__tvn_efaar_e0.1_c304,0.18425871290408383,-0.014241037098994084,-0.0026240351662799575,370,70,1480,5785,7265
1903,dinov2,D20,std_ctrl__tvn_efaar_e0.1_c304,0.17400420524574697,0.011003444863826792,0.0019146456784955776,370,72,1480,5689,7169
1904,dinov2,D20,std_ctrl__tvn_efaar_e0.1_c304,0.16672178261609832,0.00039513370397204856,6.587739549792162e-05,370,84,1480,5753,7233
1905,dinov2,D20,std_ctrl__tvn_efaar_e0.1_c304,0.18057615185807996,-0.002532930515567292,-0.0004573868454250441,370,80,1480,5593,7073
1906,dinov2,D20,std_ctrl__tvn_efaar_e0.1_c304,0.16528735248764514,0.03183213022510955,0.005261448528950305,370,66,1480,5404,6884
1907,dinov2,D20,std_ctrl__tvn_efaar_e0.1_c304,0.18667274860167485,0.08437554691082585,0.015750615256613417,370,99,1480,5817,7297
1908,dinov2,D20,std_ctrl__tvn_efaar_e0.1_c304,0.1922411019424336,0.05125420077711982,0.009853164036572251,370,74,1480,5625,7105
1909,dinov2,D20,std_ctrl__tvn_efaar_e0.1_c304,0.17104636648536367,-0.01906346812758198,-0.003260736955832437,370,42,1480,5721,7201
1910,dinov2,D20,std_ctrl__tvn_efaar_e0.1_c304,0.1749351953416756,0.007788456542613603,0.001362475166692262,370,54,1480,5657,7137
1911,dinov2,D20,std_ctrl__tvn_efaar_e0.1_c304,0.1497366089378999,0.027395999372940665,0.004102184044568967,370,76,1480,5497,6977
1912,dinov2,D20,std_ctrl__tvn_efaar_e0.1_c304,0.18467993541368566,-0.010083502530253856,-0.001862220596031018,370,75,1480,5657,7137
1913,dinov2,D20,std_ctrl__tvn_efaar_e0.1_c304,0.1555760734359434,-0.050152959365307226,-0.007802600489246922,370,58,1480,5657,7137
1914,dinov2,D20,std_ctrl__tvn_efaar_e0.1_c304,0.1792950857595527,-0.009975585281108519,-0.0017885734184780835,370,80,1480,5913,7393
1915,dinov2,D20,std_ctrl__tvn_efaar_e0.1_c304,0.17067675985658753,0.07539784457705882,0.01286865981258298,370,75,1480,5721,7201
1916,dinov2,D20,std_ctrl__tvn_efaar_e0.1_c304,0.20790395449379298,0.024993632023032716,0.005196274934751201,370,79,1480,5817,7297
1917,dinov2,D20,std_ctrl__tvn_efaar_e0.1_c304,0.17469054664065004,-0.013640293037909307,-0.00238283024713103,370,63,1480,5854,7334
1918,dinov2,D20,std_ctrl__tvn_efaar_e0.1_c304,0.19546032728743562,0.01826446444751643,0.0035699781986412936,370,66,1480,5817,7297
1919,dinov2,D20,std_ctrl__tvn_efaar_e0.1_c304,0.19175079215394283,0.042273425094033326,0.008105962748841256,370,81,1480,5849,7329
1920,dinov2,D20,std_ctrl__tvn_efaar_e0.1_c304,0.21170421711182577,-0.0023268839220207294,-0.0004926111390214931,370,55,1480,5817,7297
1921,dinov2,D20,std_ctrl__tvn_efaar_e0.1_c304,0.20390953606466589,-0.06465819423702053,-0.013184422389649909,370,97,1480,5817,7297
1922,dinov2,D20,std_ctrl__tvn_efaar_e0.1_c304,0.1875881139818611,-5.1548625614777616e-05,-9.669909457433187e-06,370,69,1480,5817,7297
1923,dinov2,D20,std_ctrl__tvn_efaar_e0.1_c304,0.20208942134742566,0.05368224046710058,0.010848612912629714,370,50,1480,5753,7233
1924,dinov2,D20,std_ctrl__tvn_efaar_e0.1_c304,0.16640250544049093,-0.010252589352753477,-0.0017060565555506797,370,83,1480,5721,7201
1925,dinov2,D20,std_ctrl__tvn_efaar_e0.1_c304,0.14849086010833035,0.03577838982549995,0.005312763878479622,370,78,1480,5849,7329
1926,dinov2,D20,std_ctrl__tvn_efaar_e0.1_c304,0.1768051790828923,-0.01201418884696761,-0.002124170810623796,370,62,1480,5657,7137
1927,dinov2,D20,std_ctrl__tvn_efaar_e0.1_c304,0.1926658441796789,0.020689425017816895,0.003986145536649861,370,67,1480,5593,7073
1928,dinov2,D20,std_ctrl__tvn_efaar_e0.1_c304,0.1630329453729391,-0.004586156411293061,-0.0007476945876740962,370,81,1480,5369,6849
1929,dinov2,D20,std_ctrl__tvn_efaar_e0.1_c304,0.17235701181203078,0.027816406032923437,0.004794352623184829,370,88,1480,5881,7361
1930,dinov2,D20,std_ctrl__tvn_efaar_e0.1_c304,0.1755837774474276,0.013533110845472375,0.0023761947228627903,370,68,1480,5721,7201
1931,dinov2,D20,std_ctrl__tvn_efaar_e0.1_c304,0.159116093900452,0.02207158634782533,0.00351194460585251,370,77,1480,5689,7169
1932,dinov2,D20,std_ctrl__tvn_efaar_e0.1_c304,0.17178805030512947,-0.03315507142024671,-0.005695645077011501,370,51,1480,5945,7425
1933,dinov2,D20,std_ctrl__tvn_efaar_e0.1_c304,0.17014650784560817,0.10654879337855098,0.018128905108523708,370,83,1480,5753,7233
1934,dinov2,D20,std_ctrl__tvn_efaar_e0.1_c304,0.22045714693219604,-0.045854883192135196,-0.010109036721447235,370,60,1480,5689,7169
1935,dinov2,D20,std_ctrl__tvn_efaar_e0.1_c304,0.1921482360776025,0.01973908876936465,0.0037928310888126313,370,77,1480,5689,7169
1936,dinov2,D20,std_ctrl__tvn_efaar_e0.1_c304,0.18394233761964315,-0.010509742631910875,-0.0019331866274945072,370,49,1480,5593,7073
1937,dinov2,D20,std_ctrl__tvn_efaar_e0.1_c304,0.18379189033273974,0.03517933785677465,0.0064656770053507255,370,94,1480,5689,7169
1938,dinov2,D20,std_ctrl__tvn_efaar_e0.1_c304,0.18317278013659413,-0.005060168480580214,-0.0009268851285474431,370,68,1480,5785,7265
1939,dinov2,D20,std_ctrl__tvn_efaar_e0.1_c304,0.1693926362377369,-0.03610963442484781,-0.006116706168805907,370,90,1480,5657,7137
1940,dinov2,D20,std_ctrl__tvn_efaar_e0.1_c304,0.17228143573314122,-0.010700618452281983,-0.0018435179101916836,370,91,1480,5849,7329
1941,dinov2,D20,std_ctrl__tvn_efaar_e0.1_c304,0.17445793546857402,-0.02637797410666948,-0.004601846904493061,370,57,1480,5689,7169
1942,dinov2,D20,std_ctrl__tvn_efaar_e0.1_c304,0.1689942410318994,-0.015070763090601217,-0.002546872170267715,370,69,1480,5625,7105
1943,dinov2,D20,std_ctrl__tvn_efaar_e0.1_c304,0.17844839082279637,-0.0032633794730332526,-0.0005823448156069292,370,111,1480,5497,6977
1944,dinov2,D20,std_ctrl__tvn_efaar_e0.1_c304,0.17593623103133935,0.023347375120126062,0.004107649183109843,370,84,1480,5689,7169
1945,dinov2,D20,std_ctrl__tvn_efaar_e0.1_c304,0.15623362563668566,0.027645136410095777,0.004319099892570012,370,76,1480,5625,7105
1946,dinov2,D20,std_ctrl__tvn_efaar_e0.1_c304,0.17490421470348416,0.0032461399277412873,0.0005677635548792147,370,80,1480,5305,6785
1947,dinov2,D20,std_ctrl__tvn_efaar_e0.1_c304,0.15741215649016826,-0.030724094927982698,-0.004836346038822398,370,90,1480,5721,7201
1948,dinov2,D20,std_ctrl__tvn_efaar_e0.1_c304,0.18440639934208866,0.014109337229176865,0.0026018520755357877,370,64,1480,5529,7009
1949,dinov2,D20,std_ctrl__tvn_efaar_e0.1_c304,0.21378485858536803,0.040164841048930804,0.008586634863749457,370,70,1480,5689,7169
1950,dinov2,D20,std_ctrl__tvn_efaar_e0.1_c304,0.20880720421284996,0.02181918824347299,0.00455600369531348,370,96,1480,5689,7169
1951,dinov2,D20,std_ctrl__tvn_efaar_e0.1_c304,0.20027940520707316,0.014782125540101184,0.00296055531086775,370,48,1480,5689,7169
1952,dinov2,D20,std_ctrl__tvn_efaar_e0.1_c304,0.19517246977562633,0.01943405043529169,0.003792991621199965,370,65,1480,5593,7073
1953,dinov2,D20,std_ctrl__tvn_efaar_e0.1_c304,0.20613589158251505,0.017740187794279612,0.003656889427815079,370,67,1480,5785,7265
1954,dinov2,D20,std_ctrl__tvn_efaar_e0.1_c304,0.1757275152145807,0.010203851281924945,0.0017930974313917845,370,79,1480,5817,7297
1955,dinov2,D20,std_ctrl__tvn_efaar_e0.1_c304,0.17983423072786706,-0.015902224332401575,-0.0028597642796794063,370,54,1480,5593,7073
1956,dinov2,D20,std_ctrl__tvn_efaar_e0.1_c304,0.17577080112421634,-0.03011820608978885,-0.005293901212826437,370,62,1480,5593,7073
1957,dinov2,D20,std_ctrl__tvn_efaar_e0.1_c304,0.19469124607963603,0.08941107157720217,0.017407552938681018,370,64,1480,5721,7201
1958,dinov2,D20,std_ctrl__tvn_efaar_e0.1_c304,0.19590646402735395,0.040812029045910456,0.00799534030016598,370,68,1480,5657,7137
1959,dinov2,D20,std_ctrl__tvn_efaar_e0.1_c304,0.19166848940485018,0.05904185466314095,0.011316463094944934,370,86,1480,5945,7425
1960,dinov2,D20,std_ctrl__tvn_efaar_e0.1_c304,0.17121896954369964,0.01629606215520295,0.0027901949698339304,370,74,1480,5657,7137
1961,dinov2,D20,std_ctrl__tvn_efaar_e0.1_c304,0.1928140200120038,0.0483622780189919,0.009324925241779995,370,65,1480,5817,7297
1962,dinov2,D20,std_ctrl__tvn_efaar_e0.1_c304,0.17494259597813497,-0.060529072574577944,-0.010589113088345599,370,82,1480,5564,7044
1963,dinov2,D20,std_ctrl__tvn_efaar_e0.1_c304,0.18480347910907247,0.006925956252315981,0.0012799408115852261,370,72,1480,5689,7169
1964,dinov2,D20,std_ctrl__tvn_efaar_e0.1_c304,0.15621528328083079,-0.016759638845366034,-0.0026181117299132707,370,57,1480,5593,7073
1965,dinov2,D20,std_ctrl__tvn_efaar_e0.1_c304,0.19097232633772393,0.002384480072131793,0.0004553697064809523,370,57,1480,5727,7207
1966,dinov2,D20,std_ctrl__tvn_efaar_e0.1_c304,0.18983480618288928,-0.006141948099669011,-0.001165955527086032,370,78,1480,5785,7265
1967,dinov2,D20,std_ctrl__tvn_efaar_e0.1_c304,0.17738047015113315,-0.03119982368593571,-0.005534239394043736,370,62,1480,5785,7265
1968,dinov2,D20,std_ctrl__tvn_efaar_e0.1_c304,0.17873960658949387,0.09774285987977215,0.017470520321842497,370,90,1480,5817,7297
1969,dinov2,D20,std_ctrl__tvn_efaar_e0.1_c304,0.17496274066669512,-0.0011597026152100744,-0.00020290474791548837,370,45,1480,5689,7169
1970,dinov2,D20,std_ctrl__tvn_efaar_e0.1_c304,0.18980851675975483,-0.019801160489135078,-0.0037584289025645906,370,79,1480,5701,7181
1971,dinov2,D20,std_ctrl__tvn_efaar_e0.1_c304,0.16303665315358992,-0.02764168092293087,-0.004506607145214083,370,112,1480,5689,7169
1972,dinov2,D20,std_ctrl__tvn_efaar_e0.1_c304,0.19614482216747664,0.04697053809742636,0.00921302784223038,370,55,1480,5689,7169
1973,dinov2,D20,std_ctrl__tvn_efaar_e0.1_c304,0.18693214846071057,0.10964767810383247,0.020496676041677816,370,58,1480,5721,7201
1974,dinov2,D20,std_ctrl__tvn_efaar_e0.1_c304,0.1457317316664911,-0.0054925066546850825,-0.0008004325059769831,370,67,1480,5849,7329
1975,dinov2,D20,std_ctrl__tvn_efaar_e0.1_c304,0.17480386689021474,0.018355491226218316,0.003208610845012371,370,82,1480,5721,7201
1976,dinov2,D20,std_ctrl__tvn_efaar_e0.1_c304,0.16028697109588644,-0.014141192388594256,-0.0022666488956519766,370,65,1480,5497,6977
1977,dinov2,D20,std_ctrl__tvn_efaar_e0.1_c304,0.17028565671610785,0.01545534713641202,0.0026318239368993378,370,53,1480,5753,7233
1978,dinov2,D20,std_ctrl__tvn_efaar_e0.1_c304,0.13315257174145398,-0.009560046987224617,-0.0012729448423180968,370,67,1480,5663,7143
1979,dinov2,D20,std_ctrl__tvn_efaar_e0.1_c304,0.17978193566819325,0.0007001229088602515,0.00012586945176054206,370,65,1480,5561,7041
1980,dinov2,D20,std_ctrl__tvn_efaar_e0.1_c304,0.15376102717972595,-0.0019238300479916233,-0.0002958100842984135,370,49,1480,5657,7137
1981,dinov2,D20,std_ctrl__tvn_efaar_e0.1_c304,0.18926424462300087,0.03804260162036718,0.0072001042591725425,370,41,1480,5657,7137
1982,dinov2,D20,std_ctrl__tvn_efaar_e0.1_c304,0.17098889998427713,-0.00391940950784347,-0.0006701755203340719,370,74,1480,5753,7233
1983,dinov2,D20,std_ctrl__tvn_efaar_e0.1_c304,0.17353206320621492,-0.01500239681501534,-0.002603396872347959,370,68,1480,5625,7105
1984,dinov2,D20,std_ctrl__tvn_efaar_e0.1_c304,0.18489883382728572,-0.007843676206553457,-0.0014502865835105626,370,60,1480,5721,7201
1985,dinov2,D20,std_ctrl__tvn_efaar_e0.1_c304,0.17288338934628283,0.009437291043578062,0.0016315508618610938,370,76,1480,5721,7201
1986,dinov2,D20,std_ctrl__tvn_efaar_e0.1_c304,0.17102314769972124,0.06632750028868836,0.011343537878425652,370,56,1480,5881,7361
1987,dinov2,D20,std_ctrl__tvn_efaar_e0.1_c304,0.15819392150684947,0.09054130968524791,0.014323084837475459,370,87,1480,5817,7297
1988,dinov2,D20,std_ctrl__tvn_efaar_e0.1_c304,0.17290448285816298,0.025445118663695792,0.004399575083810912,370,63,1480,5785,7265
1989,dinov2,D20,std_ctrl__tvn_efaar_e0.1_c304,0.16653721737665153,0.05502570535687501,0.009163827854321472,370,52,1480,5721,7201
1990,dinov2,D20,std_ctrl__tvn_efaar_e0.1_c304,0.17822982145628513,0.004188214364260094,0.0007464646983627254,370,74,1480,5785,7265
1991,dinov2,D20,std_ctrl__tvn_efaar_e0.1_c304,0.16621976897889265,-0.008064297107417,-0.001340445602172006,370,65,1480,5433,6913
1992,dinov2,D20,std_ctrl__tvn_efaar_e0.1_c304,0.22080767432731366,0.02075819866132766,0.004583569569632117,370,47,1480,5497,6977
1993,dinov2,D20,std_ctrl__tvn_efaar_e0.1_c304,0.17272207443099344,0.06269831394122677,0.010829382847254364,370,72,1480,5625,7105
1994,dinov2,D20,std_ctrl__tvn_efaar_e0.1_c304,0.20134354046299127,0.0027688585117366846,0.000557491775794153,370,66,1480,5561,7041
1995,dinov2,D20,std_ctrl__tvn_efaar_e0.1_c304,0.20869508302015663,0.011049806284827823,0.002306040239968791,370,93,1480,5497,6977
1996,dinov2,D20,std_ctrl__tvn_efaar_e0.1_c304,0.17927729555031513,-0.00021933212268504404,-3.932126978228462e-05,370,88,1480,5721,7201
1997,dinov2,D20,std_ctrl__tvn_efaar_e0.1_c304,0.17966714618212468,0.017012406630893814,0.003056570549062546,370,100,1480,5849,7329
1998,dinov2,D20,std_ctrl__tvn_efaar_e0.1_c304,0.16710492401810262,-0.022032713102462156,-0.0036817748488995926,370,73,1480,5817,7297
1999,dinov2,D20,std_ctrl__tvn_efaar_e0.1_c304,0.17460518428381588,-0.062097956859035186,-0.010842625201020287,370,92,1480,5721,7201
