sample_id,family,codec,config,pa,pc,product,pa_units,pc_targets,treatment_wells,control_wells,total_wells
0,morphem,Raw,std_ctrl__tvn_efaar_e1.0_c304,0.39980178935087696,0.11045480317818952,0.044160027953039103,370,77,1480,5753,7233
1,morphem,Raw,std_ctrl__tvn_efaar_e1.0_c304,0.374515128242232,-0.001356022872721823,-0.0005078510800768134,370,65,1480,5753,7233
2,morphem,Raw,std_ctrl__tvn_efaar_e1.0_c304,0.3238638974939323,-0.0007311503210102132,-0.00023679319261630738,370,88,1480,5625,7105
3,morphem,Raw,std_ctrl__tvn_efaar_e1.0_c304,0.3721058706968029,-0.018861108466312494,-0.007018329188164051,370,55,1480,5433,6913
4,morphem,Raw,std_ctrl__tvn_efaar_e1.0_c304,0.3887768480295682,0.06356706530893243,0.024713403289296457,370,56,1480,5657,7137
5,morphem,Raw,std_ctrl__tvn_efaar_e1.0_c304,0.344154977572837,-0.019625255059673195,-0.006754129214923034,370,82,1480,5785,7265
6,morphem,Raw,std_ctrl__tvn_efaar_e1.0_c304,0.36353680462873816,0.03594474485226956,0.013067237686789362,370,63,1480,5721,7201
7,morphem,Raw,std_ctrl__tvn_efaar_e1.0_c304,0.37313276816175384,0.003940175605179887,0.001470208630604185,370,49,1480,5561,7041
8,morphem,Raw,std_ctrl__tvn_efaar_e1.0_c304,0.3672919521345379,0.07479735268183949,0.027472465681008338,370,81,1480,5529,7009
9,morphem,Raw,std_ctrl__tvn_efaar_e1.0_c304,0.3426997023979707,0.008350410848204738,0.00286168331258055,370,77,1480,5753,7233
10,morphem,Raw,std_ctrl__tvn_efaar_e1.0_c304,0.35253317183789257,0.08508502606706168,0.029995294115331025,370,85,1480,5753,7233
11,morphem,Raw,std_ctrl__tvn_efaar_e1.0_c304,0.3820631583146229,0.06714442286827675,0.025653410264266405,370,44,1480,5433,6913
12,morphem,Raw,std_ctrl__tvn_efaar_e1.0_c304,0.38565839798929935,0.017097738748618606,0.006593886535031819,370,92,1480,5785,7265
13,morphem,Raw,std_ctrl__tvn_efaar_e1.0_c304,0.3626476814288901,0.07946137118068944,0.028816482021837453,370,80,1480,5849,7329
14,morphem,Raw,std_ctrl__tvn_efaar_e1.0_c304,0.37059040578052416,0.002902756754969428,0.001075733803706278,370,93,1480,5753,7233
15,morphem,Raw,std_ctrl__tvn_efaar_e1.0_c304,0.3696657044168333,0.04583270743383191,0.0169427800788581,370,67,1480,5625,7105
16,morphem,Raw,std_ctrl__tvn_efaar_e1.0_c304,0.3695185804360784,0.06362717672468006,0.023511424020459262,370,58,1480,5785,7265
17,morphem,Raw,std_ctrl__tvn_efaar_e1.0_c304,0.3356705091180326,0.030226961001317106,0.01014629938840303,370,76,1480,5689,7169
18,morphem,Raw,std_ctrl__tvn_efaar_e1.0_c304,0.37656879856001185,-0.0004557755457293782,-0.0001716308496683457,370,54,1480,5785,7265
19,morphem,Raw,std_ctrl__tvn_efaar_e1.0_c304,0.365980682250311,0.11744630698671454,0.042983079558777254,370,98,1480,5593,7073
20,morphem,Raw,std_ctrl__tvn_efaar_e1.0_c304,0.3317785309610092,0.019899811870828416,0.006602330348903904,370,59,1480,5689,7169
21,morphem,Raw,std_ctrl__tvn_efaar_e1.0_c304,0.3706250860690745,0.03207128490606125,0.011886422728654762,370,58,1480,5913,7393
22,morphem,Raw,std_ctrl__tvn_efaar_e1.0_c304,0.3341444663042514,-0.019415091539805064,-0.006487445400816349,370,87,1480,5785,7265
23,morphem,Raw,std_ctrl__tvn_efaar_e1.0_c304,0.37108628518178893,0.08362261020459874,0.0310312037780293,370,71,1480,5817,7297
24,morphem,Raw,std_ctrl__tvn_efaar_e1.0_c304,0.36961399386649335,0.07411948020923727,0.027395597103444698,370,77,1480,5465,6945
25,morphem,Raw,std_ctrl__tvn_efaar_e1.0_c304,0.3611597986961813,0.032356517634011296,0.01168587339520896,370,109,1480,5785,7265
26,morphem,Raw,std_ctrl__tvn_efaar_e1.0_c304,0.34978984633035165,0.03425572198365343,0.011982303728597384,370,74,1480,5066,6546
27,morphem,Raw,std_ctrl__tvn_efaar_e1.0_c304,0.36022546988695464,0.013962739190698613,0.005029734285878404,370,48,1480,5785,7265
28,morphem,Raw,std_ctrl__tvn_efaar_e1.0_c304,0.3839197156221043,0.09093562135173276,0.0349119778892766,370,61,1480,5721,7201
29,morphem,Raw,std_ctrl__tvn_efaar_e1.0_c304,0.3400038508841481,-0.010505691163779963,-0.0035719754518847547,370,101,1480,5753,7233
30,morphem,Raw,std_ctrl__tvn_efaar_e1.0_c304,0.38158757052435266,0.04421059703362557,0.016870214313492334,370,68,1480,5561,7041
31,morphem,Raw,std_ctrl__tvn_efaar_e1.0_c304,0.37798913214400875,0.01130510754430221,0.0042732077894654785,370,72,1480,5913,7393
32,morphem,Raw,std_ctrl__tvn_efaar_e1.0_c304,0.36619971660863937,0.05570526147763823,0.020399250966721273,370,81,1480,5817,7297
33,morphem,Raw,std_ctrl__tvn_efaar_e1.0_c304,0.35773483991675437,-0.021004868010126805,-0.007514173095075268,370,59,1480,5913,7393
34,morphem,Raw,std_ctrl__tvn_efaar_e1.0_c304,0.3646854489579752,-0.0015681923276686,-0.0005718969230682756,370,80,1480,5785,7265
35,morphem,Raw,std_ctrl__tvn_efaar_e1.0_c304,0.3586350211322837,0.055676041492722976,0.019967378317304607,370,54,1480,5625,7105
36,morphem,Raw,std_ctrl__tvn_efaar_e1.0_c304,0.3652043903826261,0.02043616706429906,0.00746337793447484,370,57,1480,5657,7137
37,morphem,Raw,std_ctrl__tvn_efaar_e1.0_c304,0.3663470972837557,0.0023389144553500516,0.0008568545215125079,370,64,1480,5593,7073
38,morphem,Raw,std_ctrl__tvn_efaar_e1.0_c304,0.34015648034399204,0.024843060340858838,0.008450527966519957,370,86,1480,5561,7041
39,morphem,Raw,std_ctrl__tvn_efaar_e1.0_c304,0.37112733770496803,0.09439063322222241,0.035030944412049514,370,65,1480,5753,7233
40,morphem,Raw,std_ctrl__tvn_efaar_e1.0_c304,0.3813383836412358,0.09323619941385762,0.0355545415813324,370,84,1480,5753,7233
41,morphem,Raw,std_ctrl__tvn_efaar_e1.0_c304,0.3211728702099691,0.04102160571413621,0.013175026847830796,370,103,1480,5945,7425
42,morphem,Raw,std_ctrl__tvn_efaar_e1.0_c304,0.3626011052672273,-0.01202387989159349,-0.004359872138292188,370,69,1480,5977,7457
43,morphem,Raw,std_ctrl__tvn_efaar_e1.0_c304,0.36645358291661817,0.08726444443477861,0.03197836832435276,370,61,1480,5375,6855
44,morphem,Raw,std_ctrl__tvn_efaar_e1.0_c304,0.31547440549364963,0.05441257113685944,0.01716577353078165,370,72,1480,5785,7265
45,morphem,Raw,std_ctrl__tvn_efaar_e1.0_c304,0.3855371813056634,0.10986288143075289,0.042356225636930776,370,84,1480,5753,7233
46,morphem,Raw,std_ctrl__tvn_efaar_e1.0_c304,0.33338473715124994,0.0012638397619782118,0.00042134488684840443,370,71,1480,5753,7233
47,morphem,Raw,std_ctrl__tvn_efaar_e1.0_c304,0.346589209728546,0.03174584236435254,0.011002766417227942,370,69,1480,5689,7169
48,morphem,Raw,std_ctrl__tvn_efaar_e1.0_c304,0.36744073960456286,-0.01221304967477317,-0.00448757200532592,370,71,1480,5753,7233
49,morphem,Raw,std_ctrl__tvn_efaar_e1.0_c304,0.373529839044427,0.009747821534443847,0.0036411022087946094,370,64,1480,5529,7009
50,morphem,Raw,std_ctrl__tvn_efaar_e1.0_c304,0.3638876983376329,-0.026371444925175642,-0.009596244395659814,370,65,1480,5881,7361
51,morphem,Raw,std_ctrl__tvn_efaar_e1.0_c304,0.3396655936171275,0.000638900956643688,0.0002170126727009289,370,69,1480,5625,7105
52,morphem,Raw,std_ctrl__tvn_efaar_e1.0_c304,0.3774419811630876,0.008297689784523785,0.0031318964713473708,370,60,1480,5689,7169
53,morphem,Raw,std_ctrl__tvn_efaar_e1.0_c304,0.3360377647195122,0.045661206609297345,0.015343889803384097,370,64,1480,5913,7393
54,morphem,Raw,std_ctrl__tvn_efaar_e1.0_c304,0.311374174356922,-0.009806576188516575,-0.0030535145639675994,370,64,1480,5753,7233
55,morphem,Raw,std_ctrl__tvn_efaar_e1.0_c304,0.3686732674878133,0.1858575554402433,0.06852071225145191,370,69,1480,5657,7137
56,morphem,Raw,std_ctrl__tvn_efaar_e1.0_c304,0.35206419807061534,0.07688239880674662,0.027067540081642482,370,70,1480,5913,7393
57,morphem,Raw,std_ctrl__tvn_efaar_e1.0_c304,0.3468700057601091,0.03547086580676293,0.012303779426707916,370,75,1480,5529,7009
58,morphem,Raw,std_ctrl__tvn_efaar_e1.0_c304,0.3447433841790781,0.04522786337599477,0.015592006679429423,370,68,1480,5849,7329
59,morphem,Raw,std_ctrl__tvn_efaar_e1.0_c304,0.37482626258231727,0.005069185429918361,0.0019000638290330365,370,86,1480,5561,7041
60,morphem,Raw,std_ctrl__tvn_efaar_e1.0_c304,0.3563189681028182,0.04776702269786914,0.017020296237048628,370,52,1480,5689,7169
61,morphem,Raw,std_ctrl__tvn_efaar_e1.0_c304,0.34323827515895194,0.07011837074863353,0.02406730863271688,370,73,1480,5657,7137
62,morphem,Raw,std_ctrl__tvn_efaar_e1.0_c304,0.3509208838195386,0.05174077031322382,0.01815691684782025,370,48,1480,5849,7329
63,morphem,Raw,std_ctrl__tvn_efaar_e1.0_c304,0.369721596472493,-0.04613909251964344,-0.01705861894615463,370,53,1480,5721,7201
64,morphem,Raw,std_ctrl__tvn_efaar_e1.0_c304,0.32990475401921376,0.030472826343362944,0.01005313027907737,370,82,1480,5753,7233
65,morphem,Raw,std_ctrl__tvn_efaar_e1.0_c304,0.37267036679760196,0.0535391680144789,0.01995246138199429,370,56,1480,5497,6977
66,morphem,Raw,std_ctrl__tvn_efaar_e1.0_c304,0.37755980424300595,-0.009540295811923208,-0.003602032219170096,370,81,1480,5785,7265
67,morphem,Raw,std_ctrl__tvn_efaar_e1.0_c304,0.37752383307809095,0.011463159184283051,0.00432761579443486,370,114,1480,6009,7489
68,morphem,Raw,std_ctrl__tvn_efaar_e1.0_c304,0.3637427796019038,-0.019833066238185537,-0.007214134641506282,370,81,1480,5785,7265
69,morphem,Raw,std_ctrl__tvn_efaar_e1.0_c304,0.3647519791079479,0.0802698015035457,0.029278568961020428,370,56,1480,5913,7393
70,morphem,Raw,std_ctrl__tvn_efaar_e1.0_c304,0.37838435505071094,0.08899548690067581,0.03367449991333621,370,60,1480,5785,7265
71,morphem,Raw,std_ctrl__tvn_efaar_e1.0_c304,0.3627102394926939,0.07381978127502942,0.0267751905455642,370,73,1480,5663,7143
72,morphem,Raw,std_ctrl__tvn_efaar_e1.0_c304,0.35265816878612516,-0.006633572546300554,-0.0023393835466882667,370,75,1480,5881,7361
73,morphem,Raw,std_ctrl__tvn_efaar_e1.0_c304,0.3547979950651115,0.027979683452732773,0.009927135591586065,370,45,1480,5625,7105
74,morphem,Raw,std_ctrl__tvn_efaar_e1.0_c304,0.34207049197534883,0.015864718362634415,0.005426852015356705,370,130,1480,5657,7137
75,morphem,Raw,std_ctrl__tvn_efaar_e1.0_c304,0.35183546282665207,0.05149044938041765,0.018116166088911544,370,74,1480,5785,7265
76,morphem,Raw,std_ctrl__tvn_efaar_e1.0_c304,0.3587698510768464,-0.007992424719787707,-0.002867441026461141,370,77,1480,5625,7105
77,morphem,Raw,std_ctrl__tvn_efaar_e1.0_c304,0.36554344242035675,-0.0027698873330912416,-0.0010125141508547139,370,98,1480,5849,7329
78,morphem,Raw,std_ctrl__tvn_efaar_e1.0_c304,0.3440642955474889,0.014140602890457578,0.004865276572122072,370,98,1480,5849,7329
79,morphem,Raw,std_ctrl__tvn_efaar_e1.0_c304,0.3587000699365755,-0.01064187787943834,-0.0038172423396110287,370,102,1480,5753,7233
80,morphem,Raw,std_ctrl__tvn_efaar_e1.0_c304,0.37870630337246985,0.07293830038465642,0.02762219411294403,370,68,1480,5817,7297
81,morphem,Raw,std_ctrl__tvn_efaar_e1.0_c304,0.31483479290672656,0.06320033132405098,0.019897663224044092,370,69,1480,5625,7105
82,morphem,Raw,std_ctrl__tvn_efaar_e1.0_c304,0.3710748321366798,-0.007060313685156422,-0.0026199047155517226,370,67,1480,5689,7169
83,morphem,Raw,std_ctrl__tvn_efaar_e1.0_c304,0.3496716253112055,0.0018829660555121379,0.0006584198010367589,370,97,1480,5753,7233
84,morphem,Raw,std_ctrl__tvn_efaar_e1.0_c304,0.35930137565285375,0.007129854591968635,0.0025617665630991468,370,77,1480,5817,7297
85,morphem,Raw,std_ctrl__tvn_efaar_e1.0_c304,0.33415310418592226,0.009714873561907308,0.0032462551574850744,370,90,1480,5785,7265
86,morphem,Raw,std_ctrl__tvn_efaar_e1.0_c304,0.3617898408124735,0.10723109817431578,0.038795121938632424,370,117,1480,5945,7425
87,morphem,Raw,std_ctrl__tvn_efaar_e1.0_c304,0.3412556585434885,0.035206875727545134,0.012014545561662175,370,55,1480,5657,7137
88,morphem,Raw,std_ctrl__tvn_efaar_e1.0_c304,0.39217721115387505,0.1368609435568883,0.053673743160028355,370,80,1480,5753,7233
89,morphem,Raw,std_ctrl__tvn_efaar_e1.0_c304,0.37629906803874763,0.04336294873926883,0.016317437197998847,370,73,1480,5721,7201
90,morphem,Raw,std_ctrl__tvn_efaar_e1.0_c304,0.34928771917617973,0.0654291910942432,0.02285361292485062,370,64,1480,5721,7201
91,morphem,Raw,std_ctrl__tvn_efaar_e1.0_c304,0.41739756506900316,0.01185197885562278,0.004946987115586259,370,83,1480,5849,7329
92,morphem,Raw,std_ctrl__tvn_efaar_e1.0_c304,0.3227488000000316,0.030078263066714975,0.009707723310867528,370,58,1480,5625,7105
93,morphem,Raw,std_ctrl__tvn_efaar_e1.0_c304,0.3688833068638097,0.00785823867060368,0.0028987730669373536,370,81,1480,5785,7265
94,morphem,Raw,std_ctrl__tvn_efaar_e1.0_c304,0.35855780235059653,0.003000372570800439,0.0010758069952192149,370,61,1480,5561,7041
95,morphem,Raw,std_ctrl__tvn_efaar_e1.0_c304,0.3645668461828844,0.0867410546871567,0.03162291274187382,370,66,1480,5753,7233
96,morphem,Raw,std_ctrl__tvn_efaar_e1.0_c304,0.36531886304281835,0.04848457534600379,0.017712329940515966,370,47,1480,5689,7169
97,morphem,Raw,std_ctrl__tvn_efaar_e1.0_c304,0.3605784028528746,0.07609793916507009,0.027439273364536186,370,85,1480,5689,7169
98,morphem,Raw,std_ctrl__tvn_efaar_e1.0_c304,0.38156668004002237,0.08992741352826335,0.03431330462456564,370,73,1480,5625,7105
99,morphem,Raw,std_ctrl__tvn_efaar_e1.0_c304,0.3827243981337561,0.09419855765225636,0.03605208628252774,370,62,1480,5785,7265
100,morphem,Raw,std_ctrl__tvn_efaar_e1.0_c304,0.32778240707659345,0.06176092343326478,0.020244144146228715,370,52,1480,5689,7169
101,morphem,Raw,std_ctrl__tvn_efaar_e1.0_c304,0.35285276091898643,0.012410405415398838,0.004379045814947421,370,72,1480,5433,6913
102,morphem,Raw,std_ctrl__tvn_efaar_e1.0_c304,0.3567671979973105,0.06137461573710571,0.021896449684688842,370,72,1480,5753,7233
103,morphem,Raw,std_ctrl__tvn_efaar_e1.0_c304,0.3338498576799111,0.09209158544246016,0.030744762693482697,370,79,1480,5497,6977
104,morphem,Raw,std_ctrl__tvn_efaar_e1.0_c304,0.395590906009463,0.06970299413599405,0.027573870601830176,370,78,1480,5625,7105
105,morphem,Raw,std_ctrl__tvn_efaar_e1.0_c304,0.3636497115440852,0.0924548944434417,0.03362119569519642,370,45,1480,5689,7169
106,morphem,Raw,std_ctrl__tvn_efaar_e1.0_c304,0.3596808883962018,-0.013743453692519543,-0.00494325763375749,370,53,1480,5625,7105
107,morphem,Raw,std_ctrl__tvn_efaar_e1.0_c304,0.3443129152205713,0.07104409016823303,0.02446139779501744,370,58,1480,5753,7233
108,morphem,Raw,std_ctrl__tvn_efaar_e1.0_c304,0.38492379792063897,0.13308461996741622,0.05122743736268275,370,61,1480,5657,7137
109,morphem,Raw,std_ctrl__tvn_efaar_e1.0_c304,0.36102766229939454,0.020276487316720136,0.007320372815598794,370,76,1480,5913,7393
110,morphem,Raw,std_ctrl__tvn_efaar_e1.0_c304,0.3777672590893171,0.024789128318299183,0.009364521060017254,370,87,1480,5689,7169
111,morphem,Raw,std_ctrl__tvn_efaar_e1.0_c304,0.3363190524056329,-0.004523823120577148,-0.0015214479051631996,370,78,1480,5599,7079
112,morphem,Raw,std_ctrl__tvn_efaar_e1.0_c304,0.36022179718806063,0.0030717599981234245,0.0011065149070544136,370,52,1480,5759,7239
113,morphem,Raw,std_ctrl__tvn_efaar_e1.0_c304,0.3538566742538952,0.05121077211543875,0.01812127350674327,370,67,1480,5593,7073
114,morphem,Raw,std_ctrl__tvn_efaar_e1.0_c304,0.37202262936653685,0.09038357303954404,0.03362473449371361,370,60,1480,5625,7105
115,morphem,Raw,std_ctrl__tvn_efaar_e1.0_c304,0.38688310568759,0.01585390621923347,0.0061336084753768425,370,59,1480,5913,7393
116,morphem,Raw,std_ctrl__tvn_efaar_e1.0_c304,0.3214494800550457,0.11145014472149103,0.03582559107278289,370,72,1480,5625,7105
117,morphem,Raw,std_ctrl__tvn_efaar_e1.0_c304,0.37047533755638334,0.038630101523711775,0.014311499901834479,370,60,1480,5945,7425
118,morphem,Raw,std_ctrl__tvn_efaar_e1.0_c304,0.3631371538701075,-0.027270352113223307,-0.009902878051431583,370,53,1480,5721,7201
119,morphem,Raw,std_ctrl__tvn_efaar_e1.0_c304,0.35843609889305267,0.014896848640508073,0.005339568312503989,370,84,1480,5794,7274
120,morphem,Raw,std_ctrl__tvn_efaar_e1.0_c304,0.39276055048876607,0.09731855384422193,0.038222888780627226,370,52,1480,5529,7009
121,morphem,Raw,std_ctrl__tvn_efaar_e1.0_c304,0.3634994282291491,0.07142948818594422,0.025964578114291485,370,61,1480,5721,7201
122,morphem,Raw,std_ctrl__tvn_efaar_e1.0_c304,0.36698822323601127,0.04428707368514652,0.01625283448403423,370,93,1480,5625,7105
123,morphem,Raw,std_ctrl__tvn_efaar_e1.0_c304,0.376825432050604,0.06476201082197097,0.024403972708455103,370,75,1480,5721,7201
124,morphem,Raw,std_ctrl__tvn_efaar_e1.0_c304,0.33881695046932253,0.017443840899442488,0.005910268978021148,370,75,1480,5561,7041
125,morphem,Raw,std_ctrl__tvn_efaar_e1.0_c304,0.36928987430054006,-0.03753294725287571,-0.01386053737314327,370,61,1480,5593,7073
126,morphem,Raw,std_ctrl__tvn_efaar_e1.0_c304,0.36701015748028354,0.006546439280574288,0.0024026097112986836,370,60,1480,5689,7169
127,morphem,Raw,std_ctrl__tvn_efaar_e1.0_c304,0.35779183317638813,0.02092579140755703,0.007487077268376541,370,82,1480,5881,7361
128,morphem,Raw,std_ctrl__tvn_efaar_e1.0_c304,0.3820884456055502,0.16865338739036556,0.06444051063409548,370,76,1480,5657,7137
129,morphem,Raw,std_ctrl__tvn_efaar_e1.0_c304,0.37912563751364625,-0.02275439042669194,-0.008626772776753992,370,77,1480,5689,7169
130,morphem,Raw,std_ctrl__tvn_efaar_e1.0_c304,0.32724832591913783,0.0017123874752319123,0.0005603759345945424,370,98,1480,5785,7265
131,morphem,Raw,std_ctrl__tvn_efaar_e1.0_c304,0.36445291153397624,0.06133108320295625,0.022352291840849952,370,86,1480,5753,7233
132,morphem,Raw,std_ctrl__tvn_efaar_e1.0_c304,0.3877346452671114,0.04707039793294177,0.018250824045110952,370,100,1480,5849,7329
133,morphem,Raw,std_ctrl__tvn_efaar_e1.0_c304,0.345239846061801,0.0003354092574267183,0.00011579664040170321,370,120,1480,5753,7233
134,morphem,Raw,std_ctrl__tvn_efaar_e1.0_c304,0.3659634858649718,0.030649383049123513,0.01121655506026802,370,63,1480,5337,6817
135,morphem,Raw,std_ctrl__tvn_efaar_e1.0_c304,0.3422997537798365,-0.028440426954806905,-0.009735151144023829,370,77,1480,5625,7105
136,morphem,Raw,std_ctrl__tvn_efaar_e1.0_c304,0.3799302692477162,0.026061912113194294,0.009901709286276225,370,68,1480,5529,7009
137,morphem,Raw,std_ctrl__tvn_efaar_e1.0_c304,0.36406493110228927,0.03648432113162342,0.013282661859098276,370,79,1480,5529,7009
138,morphem,Raw,std_ctrl__tvn_efaar_e1.0_c304,0.33046933901366005,-0.007463684023335694,-0.002466518725798562,370,87,1480,5497,6977
139,morphem,Raw,std_ctrl__tvn_efaar_e1.0_c304,0.38582378260131495,0.11697594966382512,0.04513210337267802,370,78,1480,5561,7041
140,morphem,Raw,std_ctrl__tvn_efaar_e1.0_c304,0.38176668714624457,0.032188502870364705,0.012288498105016518,370,43,1480,5625,7105
141,morphem,Raw,std_ctrl__tvn_efaar_e1.0_c304,0.37590281622906047,0.00031813091578712356,0.00011958630717390982,370,77,1480,5593,7073
142,morphem,Raw,std_ctrl__tvn_efaar_e1.0_c304,0.3607214657808897,0.008871990318844393,0.0032003173522074124,370,68,1480,5913,7393
143,morphem,Raw,std_ctrl__tvn_efaar_e1.0_c304,0.35840859536789826,0.008357004189295202,0.002995222132968935,370,79,1480,5849,7329
144,morphem,Raw,std_ctrl__tvn_efaar_e1.0_c304,0.35954482457943643,0.01281737779433265,0.004608421850631697,370,80,1480,5625,7105
145,morphem,Raw,std_ctrl__tvn_efaar_e1.0_c304,0.35816786264965783,0.04920242602754736,0.017622727767464534,370,95,1480,5753,7233
146,morphem,Raw,std_ctrl__tvn_efaar_e1.0_c304,0.3681496445727538,0.028567318453902386,0.010517048135200834,370,69,1480,5529,7009
147,morphem,Raw,std_ctrl__tvn_efaar_e1.0_c304,0.352256790464515,0.06089527045322731,0.021450772524322467,370,82,1480,5721,7201
148,morphem,Raw,std_ctrl__tvn_efaar_e1.0_c304,0.3582815029705475,-0.01735219799533831,-0.006216971577612332,370,75,1480,5657,7137
149,morphem,Raw,std_ctrl__tvn_efaar_e1.0_c304,0.3374740289493851,0.009760885273290216,0.003294045279289969,370,46,1480,5497,6977
150,morphem,Raw,std_ctrl__tvn_efaar_e1.0_c304,0.34092421015906543,0.08600436104051631,0.029320968857973122,370,84,1480,5849,7329
151,morphem,Raw,std_ctrl__tvn_efaar_e1.0_c304,0.36714320476880674,0.07261646860175254,0.02666064300144086,370,98,1480,5785,7265
152,morphem,Raw,std_ctrl__tvn_efaar_e1.0_c304,0.3515096698600025,0.03255698875893974,0.011444096370290719,370,69,1480,5657,7137
153,morphem,Raw,std_ctrl__tvn_efaar_e1.0_c304,0.37288622329301135,0.021545351614633074,0.008033964793100512,370,85,1480,5753,7233
154,morphem,Raw,std_ctrl__tvn_efaar_e1.0_c304,0.3507630684963088,0.010554089722842679,0.0037019848963696553,370,76,1480,5721,7201
155,morphem,Raw,std_ctrl__tvn_efaar_e1.0_c304,0.3608622185929686,-0.015447010922484343,-0.005574242632117518,370,83,1480,5497,6977
156,morphem,Raw,std_ctrl__tvn_efaar_e1.0_c304,0.37492791372455103,0.11681350315191819,0.04379664303160495,370,63,1480,5785,7265
157,morphem,Raw,std_ctrl__tvn_efaar_e1.0_c304,0.3665012458940425,0.03923007072335643,0.014377869796621532,370,95,1480,5593,7073
158,morphem,Raw,std_ctrl__tvn_efaar_e1.0_c304,0.3458753609011272,0.015120137722829477,0.005229683091758393,370,78,1480,5625,7105
159,morphem,Raw,std_ctrl__tvn_efaar_e1.0_c304,0.3384329989151186,0.02243313153453131,0.007592111980288747,370,56,1480,5849,7329
160,morphem,Raw,std_ctrl__tvn_efaar_e1.0_c304,0.33096979194173287,0.04831252852527804,0.015989987514190306,370,76,1480,5817,7297
161,morphem,Raw,std_ctrl__tvn_efaar_e1.0_c304,0.37607416118566883,0.026667944087165985,0.010029124703127265,370,95,1480,5657,7137
162,morphem,Raw,std_ctrl__tvn_efaar_e1.0_c304,0.3463471526080505,0.030337676163870623,0.010507367756101714,370,108,1480,5849,7329
163,morphem,Raw,std_ctrl__tvn_efaar_e1.0_c304,0.37121951858872165,0.1229007389429558,0.04562315314460221,370,75,1480,5785,7265
164,morphem,Raw,std_ctrl__tvn_efaar_e1.0_c304,0.3546927467856023,0.06897604935448286,0.024465304407960797,370,49,1480,5785,7265
165,morphem,Raw,std_ctrl__tvn_efaar_e1.0_c304,0.3798849451200461,-0.019250675541005142,-0.007313041821418552,370,83,1480,5849,7329
166,morphem,Raw,std_ctrl__tvn_efaar_e1.0_c304,0.3792201899672761,0.09633387682275468,0.0365317510690092,370,84,1480,5631,7111
167,morphem,Raw,std_ctrl__tvn_efaar_e1.0_c304,0.3435252011377915,0.03476635301180501,0.011943118411207779,370,49,1480,5785,7265
168,morphem,Raw,std_ctrl__tvn_efaar_e1.0_c304,0.35373831474934,0.02362889759809173,0.008358446415733696,370,49,1480,5721,7201
169,morphem,Raw,std_ctrl__tvn_efaar_e1.0_c304,0.3668040889336531,0.041841648779467,0.015347687860034293,370,53,1480,5689,7169
170,morphem,Raw,std_ctrl__tvn_efaar_e1.0_c304,0.3489930352121084,-0.05477001238891614,-0.019114352862212625,370,57,1480,5497,6977
171,morphem,Raw,std_ctrl__tvn_efaar_e1.0_c304,0.3489872111299083,0.0037986542331187503,0.0013256817468629333,370,78,1480,5561,7041
172,morphem,Raw,std_ctrl__tvn_efaar_e1.0_c304,0.3580830176206971,-0.0021141959127548536,-0.000757057652280602,370,58,1480,5689,7169
173,morphem,Raw,std_ctrl__tvn_efaar_e1.0_c304,0.371363259942587,0.04124996601166082,0.015318721850611275,370,61,1480,5753,7233
174,morphem,Raw,std_ctrl__tvn_efaar_e1.0_c304,0.3819672284901834,0.10427640538652261,0.03983016956240887,370,81,1480,5497,6977
175,morphem,Raw,std_ctrl__tvn_efaar_e1.0_c304,0.3844697827736114,0.045427071768468656,0.017465336414864398,370,81,1480,5433,6913
176,morphem,Raw,std_ctrl__tvn_efaar_e1.0_c304,0.3550259359500197,0.09592767825434617,0.0340568137557616,370,67,1480,5497,6977
177,morphem,Raw,std_ctrl__tvn_efaar_e1.0_c304,0.3400472945532906,0.027794811561027068,0.009451550473945778,370,74,1480,5657,7137
178,morphem,Raw,std_ctrl__tvn_efaar_e1.0_c304,0.3703462609061781,0.0742426633818262,0.02749549278317536,370,66,1480,5657,7137
179,morphem,Raw,std_ctrl__tvn_efaar_e1.0_c304,0.345297942488346,0.03606010483183231,0.012451480004345759,370,99,1480,5561,7041
180,morphem,Raw,std_ctrl__tvn_efaar_e1.0_c304,0.33513080291882297,-0.051773673130958923,-0.017350952646434954,370,79,1480,5753,7233
181,morphem,Raw,std_ctrl__tvn_efaar_e1.0_c304,0.35884728988342834,0.020049318975166916,0.007194643778247043,370,73,1480,5593,7073
182,morphem,Raw,std_ctrl__tvn_efaar_e1.0_c304,0.33841922717683726,0.06885916707670917,0.02330326610614063,370,82,1480,5657,7137
183,morphem,Raw,std_ctrl__tvn_efaar_e1.0_c304,0.3772017790930389,0.09440892794111178,0.03561121558165387,370,126,1480,5593,7073
184,morphem,Raw,std_ctrl__tvn_efaar_e1.0_c304,0.3830426620694511,0.03398038760636991,0.013015938126895714,370,69,1480,5721,7201
185,morphem,Raw,std_ctrl__tvn_efaar_e1.0_c304,0.3516914084568871,0.07104642890770245,0.024986418648381976,370,80,1480,5817,7297
186,morphem,Raw,std_ctrl__tvn_efaar_e1.0_c304,0.37217842644963545,0.03143867464432377,0.011700796458786472,370,62,1480,5721,7201
187,morphem,Raw,std_ctrl__tvn_efaar_e1.0_c304,0.3627041823780967,0.04345149965605562,0.015760040655851803,370,77,1480,5721,7201
188,morphem,Raw,std_ctrl__tvn_efaar_e1.0_c304,0.37274889386511784,-0.002870521302072272,-0.0010699836401636973,370,50,1480,5657,7137
189,morphem,Raw,std_ctrl__tvn_efaar_e1.0_c304,0.35665536708545703,0.028327770214047098,0.010103251284403444,370,49,1480,5753,7233
190,morphem,Raw,std_ctrl__tvn_efaar_e1.0_c304,0.3713169878105946,-0.022533129683324216,-0.008366933839957444,370,78,1480,5721,7201
191,morphem,Raw,std_ctrl__tvn_efaar_e1.0_c304,0.3629304878670796,0.02263253069756607,0.008214035407734308,370,90,1480,5465,6945
192,morphem,Raw,std_ctrl__tvn_efaar_e1.0_c304,0.33371529236161873,0.05824108304781473,0.019435940056758808,370,98,1480,5497,6977
193,morphem,Raw,std_ctrl__tvn_efaar_e1.0_c304,0.3684344738693974,0.022792438314992215,0.008397520018784852,370,85,1480,5721,7201
194,morphem,Raw,std_ctrl__tvn_efaar_e1.0_c304,0.37236935351335576,0.026765797536154615,0.009966762724807265,370,71,1480,5689,7169
195,morphem,Raw,std_ctrl__tvn_efaar_e1.0_c304,0.3555638494210644,0.05895590994439506,0.020962590285950718,370,88,1480,5881,7361
196,morphem,Raw,std_ctrl__tvn_efaar_e1.0_c304,0.34949497330351265,0.03441460668161164,0.012027732043440749,370,54,1480,5625,7105
197,morphem,Raw,std_ctrl__tvn_efaar_e1.0_c304,0.3154192399632118,-0.019613525749599358,-0.006186483384937514,370,79,1480,5433,6913
198,morphem,Raw,std_ctrl__tvn_efaar_e1.0_c304,0.3676219323663464,-0.02417358151880703,-0.00888673875015924,370,82,1480,5753,7233
199,morphem,Raw,std_ctrl__tvn_efaar_e1.0_c304,0.3702779109640386,-0.025607316607045644,-0.009481823698651595,370,85,1480,5721,7201
200,morphem,Raw,std_ctrl__tvn_efaar_e1.0_c304,0.367558837816686,0.05177834354264885,0.01903158777660912,370,51,1480,5561,7041
201,morphem,Raw,std_ctrl__tvn_efaar_e1.0_c304,0.36912934426517147,0.037710430986934336,0.013920026662164074,370,83,1480,5689,7169
202,morphem,Raw,std_ctrl__tvn_efaar_e1.0_c304,0.36635970662397027,0.10633734153435398,0.03895771724769885,370,34,1480,5657,7137
203,morphem,Raw,std_ctrl__tvn_efaar_e1.0_c304,0.38145039535940695,0.07059486184276297,0.026928437960264645,370,71,1480,5465,6945
204,morphem,Raw,std_ctrl__tvn_efaar_e1.0_c304,0.3494655987405446,-0.01884301137953045,-0.006584984253822504,370,72,1480,5561,7041
205,morphem,Raw,std_ctrl__tvn_efaar_e1.0_c304,0.367874131584389,0.04069995239051613,0.014972459641187097,370,72,1480,5721,7201
206,morphem,Raw,std_ctrl__tvn_efaar_e1.0_c304,0.3157295642764215,-0.030351905766355745,-0.009582993982570506,370,70,1480,5337,6817
207,morphem,Raw,std_ctrl__tvn_efaar_e1.0_c304,0.3803927858024943,0.023943444019334764,0.009107913372220822,370,53,1480,5657,7137
208,morphem,Raw,std_ctrl__tvn_efaar_e1.0_c304,0.3368505624274978,-0.01771667062822185,-0.005967870465459261,370,60,1480,5881,7361
209,morphem,Raw,std_ctrl__tvn_efaar_e1.0_c304,0.31845593749596235,0.028481403332678665,0.00907007199950881,370,54,1480,5881,7361
210,morphem,Raw,std_ctrl__tvn_efaar_e1.0_c304,0.32976996768664946,-0.0058970547172245945,-0.0019446715435455582,370,74,1480,5657,7137
211,morphem,Raw,std_ctrl__tvn_efaar_e1.0_c304,0.3779985280149178,0.053932409248921474,0.020386371308390456,370,65,1480,5817,7297
212,morphem,Raw,std_ctrl__tvn_efaar_e1.0_c304,0.387099340338837,-0.023206727865661296,-0.008983309048220393,370,67,1480,5913,7393
213,morphem,Raw,std_ctrl__tvn_efaar_e1.0_c304,0.3954179259522861,0.03390681869565832,0.013407363924277412,370,67,1480,5753,7233
214,morphem,Raw,std_ctrl__tvn_efaar_e1.0_c304,0.34481279843553264,0.04376760628374668,0.015091630803523296,370,96,1480,5657,7137
215,morphem,Raw,std_ctrl__tvn_efaar_e1.0_c304,0.30362162356837863,0.12175725873880615,0.03696813657951148,370,67,1480,5401,6881
216,morphem,Raw,std_ctrl__tvn_efaar_e1.0_c304,0.3676253046635292,-0.007220011896797963,-0.0026542590732346566,370,60,1480,5657,7137
217,morphem,Raw,std_ctrl__tvn_efaar_e1.0_c304,0.39884420604527293,0.03188106186806971,0.01271557680865049,370,58,1480,5689,7169
218,morphem,Raw,std_ctrl__tvn_efaar_e1.0_c304,0.3125048379426224,0.006794230731597944,0.0021232299737228002,370,96,1480,5785,7265
219,morphem,Raw,std_ctrl__tvn_efaar_e1.0_c304,0.3155775534028694,0.030129672936650146,0.0095082484701767,370,77,1480,5561,7041
220,morphem,Raw,std_ctrl__tvn_efaar_e1.0_c304,0.36250252594501226,0.08850923198481893,0.03208482016394993,370,91,1480,5849,7329
221,morphem,Raw,std_ctrl__tvn_efaar_e1.0_c304,0.3030685172959106,-0.0006333298419112275,-0.0001919423361472892,370,74,1480,5945,7425
222,morphem,Raw,std_ctrl__tvn_efaar_e1.0_c304,0.3549757967801161,-0.004184011712084223,-0.0014852228912344346,370,60,1480,5465,6945
223,morphem,Raw,std_ctrl__tvn_efaar_e1.0_c304,0.3685635517564533,0.06698888114580033,0.024689659963287078,370,61,1480,5625,7105
224,morphem,Raw,std_ctrl__tvn_efaar_e1.0_c304,0.35453380705122467,0.05396795540667925,0.01913346468910072,370,57,1480,5625,7105
225,morphem,Raw,std_ctrl__tvn_efaar_e1.0_c304,0.3350459163442921,-0.009617906388673964,-0.0032224402593068894,370,86,1480,5786,7266
226,morphem,Raw,std_ctrl__tvn_efaar_e1.0_c304,0.3459612523703562,-0.008425369957547925,-0.0029148515421968547,370,80,1480,5561,7041
227,morphem,Raw,std_ctrl__tvn_efaar_e1.0_c304,0.3509292802594052,0.12872850913278122,0.04517460305883318,370,45,1480,5721,7201
228,morphem,Raw,std_ctrl__tvn_efaar_e1.0_c304,0.37277277841462403,0.03517033804226014,0.013110544629794862,370,48,1480,5689,7169
229,morphem,Raw,std_ctrl__tvn_efaar_e1.0_c304,0.3857198485254305,0.06994434223701237,0.026978921092871283,370,63,1480,5721,7201
230,morphem,Raw,std_ctrl__tvn_efaar_e1.0_c304,0.3770011745020193,0.10985629414549734,0.04141595191929181,370,87,1480,5785,7265
231,morphem,Raw,std_ctrl__tvn_efaar_e1.0_c304,0.3775281111717569,0.06607670100481942,0.02494581212281041,370,45,1480,5657,7137
232,morphem,Raw,std_ctrl__tvn_efaar_e1.0_c304,0.3737832328145641,0.03517239792700983,0.013146852602998008,370,78,1480,5689,7169
233,morphem,Raw,std_ctrl__tvn_efaar_e1.0_c304,0.366398532408548,0.040169099782561266,0.014717899208502973,370,75,1480,5689,7169
234,morphem,Raw,std_ctrl__tvn_efaar_e1.0_c304,0.36217668355618127,0.048670113072203834,0.01762718014079513,370,76,1480,5721,7201
235,morphem,Raw,std_ctrl__tvn_efaar_e1.0_c304,0.3615481883520818,0.032677943543059,0.011814651287064592,370,75,1480,5721,7201
236,morphem,Raw,std_ctrl__tvn_efaar_e1.0_c304,0.38931656186327074,0.033398414399672394,0.01300255586576521,370,71,1480,5689,7169
237,morphem,Raw,std_ctrl__tvn_efaar_e1.0_c304,0.3370360232555527,0.009023942640370666,0.003041393741596742,370,77,1480,5753,7233
238,morphem,Raw,std_ctrl__tvn_efaar_e1.0_c304,0.3333226185318257,0.003893674538639408,0.0012978497929299858,370,58,1480,5785,7265
239,morphem,Raw,std_ctrl__tvn_efaar_e1.0_c304,0.371079619329837,-0.02537926585055798,-0.009417728310695787,370,58,1480,5657,7137
240,morphem,Raw,std_ctrl__tvn_efaar_e1.0_c304,0.3529744003803728,0.004505747449081677,0.0015904135041049994,370,61,1480,5817,7297
241,morphem,Raw,std_ctrl__tvn_efaar_e1.0_c304,0.377884896529049,0.0027251120092943726,0.0010297786696622728,370,86,1480,5785,7265
242,morphem,Raw,std_ctrl__tvn_efaar_e1.0_c304,0.3522912879919102,0.03505144588144505,0.012348319015553012,370,72,1480,5753,7233
243,morphem,Raw,std_ctrl__tvn_efaar_e1.0_c304,0.37955900254044944,0.11701488185059626,0.04441405183760086,370,75,1480,5849,7329
244,morphem,Raw,std_ctrl__tvn_efaar_e1.0_c304,0.3325219306803854,0.040762825042434246,0.013554533283096998,370,76,1480,5721,7201
245,morphem,Raw,std_ctrl__tvn_efaar_e1.0_c304,0.3949694167704667,0.07049973248296679,0.02784523822127132,370,83,1480,5529,7009
246,morphem,Raw,std_ctrl__tvn_efaar_e1.0_c304,0.35170205762946627,0.01650477785228441,0.005804764331365671,370,57,1480,5913,7393
247,morphem,Raw,std_ctrl__tvn_efaar_e1.0_c304,0.3367835165972009,0.03854174447903948,0.012980224241441669,370,65,1480,5817,7297
248,morphem,Raw,std_ctrl__tvn_efaar_e1.0_c304,0.38685595230769004,0.09043938950198964,0.03498701615191831,370,72,1480,5721,7201
249,morphem,Raw,std_ctrl__tvn_efaar_e1.0_c304,0.35909751837926934,0.0457880090815573,0.016442360432714673,370,70,1480,5657,7137
250,morphem,Raw,std_ctrl__tvn_efaar_e1.0_c304,0.3773561935377144,0.1064572456346065,0.04017230098718457,370,81,1480,5817,7297
251,morphem,Raw,std_ctrl__tvn_efaar_e1.0_c304,0.370193127271326,0.050049285848385756,0.018527901645910443,370,89,1480,5401,6881
252,morphem,Raw,std_ctrl__tvn_efaar_e1.0_c304,0.349015906373473,0.05800209408973743,0.02024365344028917,370,56,1480,5753,7233
253,morphem,Raw,std_ctrl__tvn_efaar_e1.0_c304,0.3619749336069405,0.02890814041852222,0.010464022208694693,370,51,1480,5849,7329
254,morphem,Raw,std_ctrl__tvn_efaar_e1.0_c304,0.3471195378789335,0.02279576081621167,0.007912853960122096,370,58,1480,5625,7105
255,morphem,Raw,std_ctrl__tvn_efaar_e1.0_c304,0.359644638198931,0.07727282575005276,0.027790757459486764,370,61,1480,5881,7361
256,morphem,Raw,std_ctrl__tvn_efaar_e1.0_c304,0.3592857437927541,0.0688149368681108,0.024724225776710605,370,58,1480,5721,7201
257,morphem,Raw,std_ctrl__tvn_efaar_e1.0_c304,0.3598493449576355,-0.005974264087626801,-0.00214983501853643,370,69,1480,5817,7297
258,morphem,Raw,std_ctrl__tvn_efaar_e1.0_c304,0.38663371960249304,0.026078327440123124,0.010082760739186564,370,65,1480,5689,7169
259,morphem,Raw,std_ctrl__tvn_efaar_e1.0_c304,0.3642022140439467,0.14905222329439916,0.0542851497319929,370,77,1480,5529,7009
260,morphem,Raw,std_ctrl__tvn_efaar_e1.0_c304,0.36212121779202244,0.07196351957241306,0.026059517344162262,370,92,1480,5721,7201
261,morphem,Raw,std_ctrl__tvn_efaar_e1.0_c304,0.3569082687426813,-0.003223560856605276,-0.0011505155245176639,370,90,1480,5660,7140
262,morphem,Raw,std_ctrl__tvn_efaar_e1.0_c304,0.3340397160323806,0.034999574102331864,0.011691247794397197,370,83,1480,5721,7201
263,morphem,Raw,std_ctrl__tvn_efaar_e1.0_c304,0.38480154853758114,0.005644662274803041,0.0021720747843158757,370,54,1480,5881,7361
264,morphem,Raw,std_ctrl__tvn_efaar_e1.0_c304,0.37596052261250595,0.022996707972819375,0.008645854347828354,370,94,1480,5593,7073
265,morphem,Raw,std_ctrl__tvn_efaar_e1.0_c304,0.3609337668720108,0.01727466249440811,0.006235009005549365,370,81,1480,5529,7009
266,morphem,Raw,std_ctrl__tvn_efaar_e1.0_c304,0.3481965685885855,0.01712984711151487,0.00596455398467657,370,47,1480,5625,7105
267,morphem,Raw,std_ctrl__tvn_efaar_e1.0_c304,0.3759748263996739,0.014296691044891468,0.005375195933692842,370,64,1480,5721,7201
268,morphem,Raw,std_ctrl__tvn_efaar_e1.0_c304,0.3635413162004605,0.13514842214471806,0.04913203526890626,370,75,1480,5692,7172
269,morphem,Raw,std_ctrl__tvn_efaar_e1.0_c304,0.33749091189488145,0.12207489719711431,0.041199168374528014,370,80,1480,5593,7073
270,morphem,Raw,std_ctrl__tvn_efaar_e1.0_c304,0.41180216419430266,-0.013028716624503098,-0.005365253702644665,370,71,1480,5465,6945
271,morphem,Raw,std_ctrl__tvn_efaar_e1.0_c304,0.3761519528921922,0.04402841295770297,0.016561373516783873,370,79,1480,5822,7302
272,morphem,Raw,std_ctrl__tvn_efaar_e1.0_c304,0.320914435137105,0.0628034942558639,0.020154547883756983,370,81,1480,5753,7233
273,morphem,Raw,std_ctrl__tvn_efaar_e1.0_c304,0.384625282899131,0.031011143173091955,0.011927669715975949,370,78,1480,5721,7201
274,morphem,Raw,std_ctrl__tvn_efaar_e1.0_c304,0.3496241343616561,0.020490250550963943,0.007163886111734216,370,69,1480,5721,7201
275,morphem,Raw,std_ctrl__tvn_efaar_e1.0_c304,0.35309869670901645,0.15510804821952515,0.054768449675393606,370,55,1480,5693,7173
276,morphem,Raw,std_ctrl__tvn_efaar_e1.0_c304,0.36270647624455077,-0.006687882241017339,-0.0024257382011779083,370,47,1480,5817,7297
277,morphem,Raw,std_ctrl__tvn_efaar_e1.0_c304,0.36435240670480384,0.03889575328800395,0.014171761321080528,370,59,1480,5497,6977
278,morphem,Raw,std_ctrl__tvn_efaar_e1.0_c304,0.3398124699634434,-0.03884517037489464,-0.013200073291243727,370,55,1480,5657,7137
279,morphem,Raw,std_ctrl__tvn_efaar_e1.0_c304,0.3245765251510127,-0.045353791430569425,-0.014720776024958002,370,69,1480,5849,7329
280,morphem,Raw,std_ctrl__tvn_efaar_e1.0_c304,0.37631316018991223,0.015772824860097782,0.005935521568225407,370,60,1480,5785,7265
281,morphem,Raw,std_ctrl__tvn_efaar_e1.0_c304,0.347269237874206,-0.028580287223623248,-0.009925054562373551,370,75,1480,5753,7233
282,morphem,Raw,std_ctrl__tvn_efaar_e1.0_c304,0.3556339659748538,-0.013482007098743632,-0.0047946596538273305,370,73,1480,5977,7457
283,morphem,Raw,std_ctrl__tvn_efaar_e1.0_c304,0.3351921879747481,0.04368616392604939,0.014643260870596007,370,64,1480,5689,7169
284,morphem,Raw,std_ctrl__tvn_efaar_e1.0_c304,0.3394547214941925,-0.05922689487813329,-0.02010484910582255,370,61,1480,5561,7041
285,morphem,Raw,std_ctrl__tvn_efaar_e1.0_c304,0.38914890274623903,0.03669068126125951,0.014278138353831132,370,61,1480,5593,7073
286,morphem,Raw,std_ctrl__tvn_efaar_e1.0_c304,0.367821835608649,0.030562333008620945,0.01124149342771376,370,86,1480,5593,7073
287,morphem,Raw,std_ctrl__tvn_efaar_e1.0_c304,0.3530974271891713,0.0073983484942904895,0.002612337818782851,370,58,1480,5881,7361
288,morphem,Raw,std_ctrl__tvn_efaar_e1.0_c304,0.3660916128457977,0.13200913368932418,0.04832743666270122,370,75,1480,5785,7265
289,morphem,Raw,std_ctrl__tvn_efaar_e1.0_c304,0.3599520339619369,0.027597745486074098,0.009933864620476235,370,97,1480,5785,7265
290,morphem,Raw,std_ctrl__tvn_efaar_e1.0_c304,0.35621144460564275,0.0939985120315805,0.03348334576155018,370,57,1480,5625,7105
291,morphem,Raw,std_ctrl__tvn_efaar_e1.0_c304,0.3295958136444446,-0.022769662214257257,-0.007504785343917287,370,76,1480,5849,7329
292,morphem,Raw,std_ctrl__tvn_efaar_e1.0_c304,0.38091603273594654,-0.008939946798713235,-0.003405369067436271,370,74,1480,5657,7137
293,morphem,Raw,std_ctrl__tvn_efaar_e1.0_c304,0.37490819079375387,0.030860791622462906,0.011569963553640605,370,61,1480,5817,7297
294,morphem,Raw,std_ctrl__tvn_efaar_e1.0_c304,0.3725046916644647,0.06354795379252741,0.023671910933393072,370,72,1480,5721,7201
295,morphem,Raw,std_ctrl__tvn_efaar_e1.0_c304,0.3488948030876113,0.05730252523305407,0.019992553257609277,370,65,1480,5724,7204
296,morphem,Raw,std_ctrl__tvn_efaar_e1.0_c304,0.3474302817684997,0.060393939020387644,0.020982683250962867,370,82,1480,5689,7169
297,morphem,Raw,std_ctrl__tvn_efaar_e1.0_c304,0.3455375735568407,0.014833197198822316,0.00512542696817119,370,59,1480,5369,6849
298,morphem,Raw,std_ctrl__tvn_efaar_e1.0_c304,0.3761169960048974,-0.030697632680721253,-0.011545901388334643,370,62,1480,5689,7169
299,morphem,Raw,std_ctrl__tvn_efaar_e1.0_c304,0.35502582632409746,-0.0012599270625274182,-0.00044730664648188947,370,96,1480,5625,7105
300,morphem,Raw,std_ctrl__tvn_efaar_e1.0_c304,0.3827018854270883,0.018685538882524104,0.007150990960563142,370,49,1480,5625,7105
301,morphem,Raw,std_ctrl__tvn_efaar_e1.0_c304,0.3444787870995297,0.0039916231240279525,0.0013750294923235847,370,97,1480,5657,7137
302,morphem,Raw,std_ctrl__tvn_efaar_e1.0_c304,0.3458735103094719,0.09801359768774337,0.03390030709032014,370,118,1480,5689,7169
303,morphem,Raw,std_ctrl__tvn_efaar_e1.0_c304,0.3386456659792429,0.012681733418683718,0.004294614059341368,370,102,1480,5689,7169
304,morphem,Raw,std_ctrl__tvn_efaar_e1.0_c304,0.38918581172726124,0.05154838188521893,0.020061898847225777,370,57,1480,5785,7265
305,morphem,Raw,std_ctrl__tvn_efaar_e1.0_c304,0.340032852456005,0.09723775028858778,0.03306402959703322,370,70,1480,5849,7329
306,morphem,Raw,std_ctrl__tvn_efaar_e1.0_c304,0.33591613417094923,0.05640558628401967,0.018947546490173803,370,74,1480,5657,7137
307,morphem,Raw,std_ctrl__tvn_efaar_e1.0_c304,0.3666279425573177,-0.013301835976342564,-0.004876824756241383,370,72,1480,5753,7233
308,morphem,Raw,std_ctrl__tvn_efaar_e1.0_c304,0.3360113303930437,0.004678685445664006,0.0015720913210881331,370,75,1480,5753,7233
309,morphem,Raw,std_ctrl__tvn_efaar_e1.0_c304,0.34865932421621915,0.02670910316948958,0.009312377861495514,370,73,1480,5849,7329
310,morphem,Raw,std_ctrl__tvn_efaar_e1.0_c304,0.3700028497858919,0.03409685013906107,0.012615931720175081,370,73,1480,5753,7233
311,morphem,Raw,std_ctrl__tvn_efaar_e1.0_c304,0.38478040536851443,0.04518484928886994,0.01738624462588661,370,67,1480,5724,7204
312,morphem,Raw,std_ctrl__tvn_efaar_e1.0_c304,0.3463997245146329,0.026927737834090325,0.009327760967531146,370,93,1480,5689,7169
313,morphem,Raw,std_ctrl__tvn_efaar_e1.0_c304,0.3094792342651689,0.01604781436667847,0.004966465301829229,370,100,1480,5721,7201
314,morphem,Raw,std_ctrl__tvn_efaar_e1.0_c304,0.403393405819805,-0.021099641281013357,-0.008511456157924131,370,60,1480,5625,7105
315,morphem,Raw,std_ctrl__tvn_efaar_e1.0_c304,0.3652094979760852,0.027965873612012384,0.010213402662305691,370,52,1480,5593,7073
316,morphem,Raw,std_ctrl__tvn_efaar_e1.0_c304,0.3818656959097023,0.04147616661183712,0.01583832522689594,370,61,1480,5561,7041
317,morphem,Raw,std_ctrl__tvn_efaar_e1.0_c304,0.35786163257403947,0.108563767652616,0.038850807130553854,370,92,1480,5817,7297
318,morphem,Raw,std_ctrl__tvn_efaar_e1.0_c304,0.3437597894310203,0.03828809987532616,0.013161909150855996,370,80,1480,5657,7137
319,morphem,Raw,std_ctrl__tvn_efaar_e1.0_c304,0.3571212083438007,0.001799771670405934,0.0006427366336783077,370,86,1480,5881,7361
320,morphem,Raw,std_ctrl__tvn_efaar_e1.0_c304,0.35534114513818993,0.13643115838214162,0.048479604052039965,370,82,1480,5529,7009
321,morphem,Raw,std_ctrl__tvn_efaar_e1.0_c304,0.35158750408277384,0.026433045776613255,0.00929352858990516,370,73,1480,5529,7009
322,morphem,Raw,std_ctrl__tvn_efaar_e1.0_c304,0.35275288722167236,-0.007764747931558407,-0.0027390372514057362,370,72,1480,5657,7137
323,morphem,Raw,std_ctrl__tvn_efaar_e1.0_c304,0.3985638155390345,0.09541904304694832,0.0380305778718751,370,92,1480,5625,7105
324,morphem,Raw,std_ctrl__tvn_efaar_e1.0_c304,0.3401695803389482,-0.020806103286188902,-0.00707760342335169,370,61,1480,5721,7201
325,morphem,Raw,std_ctrl__tvn_efaar_e1.0_c304,0.3273858843045139,0.05709068331353287,0.018690683842149912,370,100,1480,5689,7169
326,morphem,Raw,std_ctrl__tvn_efaar_e1.0_c304,0.35317058308601984,-0.01316354560332679,-0.004648977076206335,370,46,1480,5663,7143
327,morphem,Raw,std_ctrl__tvn_efaar_e1.0_c304,0.34604159279447844,0.1033482003419302,0.03576277585876438,370,79,1480,5497,6977
328,morphem,Raw,std_ctrl__tvn_efaar_e1.0_c304,0.3191490124061376,0.024007293355327215,0.0076619039648971096,370,67,1480,5727,7207
329,morphem,Raw,std_ctrl__tvn_efaar_e1.0_c304,0.3654150980564008,-0.02593522279047172,-0.009477121979094824,370,113,1480,5561,7041
330,morphem,Raw,std_ctrl__tvn_efaar_e1.0_c304,0.4249312898347057,0.017579561304718907,0.007470105659942486,370,45,1480,5593,7073
331,morphem,Raw,std_ctrl__tvn_efaar_e1.0_c304,0.3890168674948115,-0.010430931994192531,-0.004057808489432186,370,95,1480,5817,7297
332,morphem,Raw,std_ctrl__tvn_efaar_e1.0_c304,0.37608443135605707,0.04875247666498911,0.01833504746375187,370,100,1480,5689,7169
333,morphem,Raw,std_ctrl__tvn_efaar_e1.0_c304,0.32964494367889613,0.03261678224450454,0.010751957345976518,370,92,1480,5433,6913
334,morphem,Raw,std_ctrl__tvn_efaar_e1.0_c304,0.3808947320077387,0.07430261493935887,0.0283014746048013,370,53,1480,5497,6977
335,morphem,Raw,std_ctrl__tvn_efaar_e1.0_c304,0.3757536924487097,0.042737547381543034,0.01605879123481648,370,71,1480,5593,7073
336,morphem,Raw,std_ctrl__tvn_efaar_e1.0_c304,0.36698936585979647,0.02054768635858111,0.0075407823866216715,370,53,1480,5593,7073
337,morphem,Raw,std_ctrl__tvn_efaar_e1.0_c304,0.3579833442270715,0.011403746015304013,0.004082351135274671,370,95,1480,5593,7073
338,morphem,Raw,std_ctrl__tvn_efaar_e1.0_c304,0.3814595546758468,0.012694894528331668,0.004842588813434243,370,87,1480,5561,7041
339,morphem,Raw,std_ctrl__tvn_efaar_e1.0_c304,0.3446712776167989,0.003401344764505459,0.0011723458455973066,370,86,1480,5817,7297
340,morphem,Raw,std_ctrl__tvn_efaar_e1.0_c304,0.39702207865965944,0.07374490201405731,0.02927835428817394,370,93,1480,5625,7105
341,morphem,Raw,std_ctrl__tvn_efaar_e1.0_c304,0.3661650066688663,-0.006936672197552381,-0.0025399666214765072,370,52,1480,5561,7041
342,morphem,Raw,std_ctrl__tvn_efaar_e1.0_c304,0.36365747133795256,0.05241159078739205,0.019059866574542523,370,78,1480,5785,7265
343,morphem,Raw,std_ctrl__tvn_efaar_e1.0_c304,0.3435322476356614,-0.000835855426042594,-0.0002871432932068757,370,71,1480,5785,7265
344,morphem,Raw,std_ctrl__tvn_efaar_e1.0_c304,0.3775210949536334,0.13995292427127498,0.052835181212854666,370,48,1480,5561,7041
345,morphem,Raw,std_ctrl__tvn_efaar_e1.0_c304,0.3949159993116904,0.016892611030471127,0.006671162366082189,370,77,1480,5785,7265
346,morphem,Raw,std_ctrl__tvn_efaar_e1.0_c304,0.33699621087533266,0.10453612772150815,0.03522827894172807,370,62,1480,5689,7169
347,morphem,Raw,std_ctrl__tvn_efaar_e1.0_c304,0.3800599716178099,0.05424071481146442,0.02061472453177489,370,59,1480,5817,7297
348,morphem,Raw,std_ctrl__tvn_efaar_e1.0_c304,0.3580668620752064,0.03183507985676835,0.011399087148226655,370,125,1480,5791,7271
349,morphem,Raw,std_ctrl__tvn_efaar_e1.0_c304,0.3014963125911569,-0.013110791965927883,-0.0039528554328770215,370,84,1480,5689,7169
350,morphem,Raw,std_ctrl__tvn_efaar_e1.0_c304,0.37486506955598053,0.052583567650772225,0.019711742744908337,370,84,1480,5497,6977
351,morphem,Raw,std_ctrl__tvn_efaar_e1.0_c304,0.3856771742354229,0.02953174022583979,0.011389718120556459,370,91,1480,5689,7169
352,morphem,Raw,std_ctrl__tvn_efaar_e1.0_c304,0.37127640625267594,0.010675796823206424,0.003963671478403816,370,69,1480,5433,6913
353,morphem,Raw,std_ctrl__tvn_efaar_e1.0_c304,0.3699289069338423,0.08169453691452416,0.03022117074325635,370,90,1480,5593,7073
354,morphem,Raw,std_ctrl__tvn_efaar_e1.0_c304,0.3516226126163549,0.03993056125612406,0.014040488272115742,370,67,1480,5625,7105
355,morphem,Raw,std_ctrl__tvn_efaar_e1.0_c304,0.3663535870322321,0.07642616841352873,0.027999000941425725,370,67,1480,5561,7041
356,morphem,Raw,std_ctrl__tvn_efaar_e1.0_c304,0.3916979167561482,0.009880613984920161,0.0038702159141648907,370,63,1480,5881,7361
357,morphem,Raw,std_ctrl__tvn_efaar_e1.0_c304,0.332496895149469,0.07005431612649307,0.023292842603878323,370,87,1480,5497,6977
358,morphem,Raw,std_ctrl__tvn_efaar_e1.0_c304,0.3650646424294092,0.019760433960328005,0.007213835757977098,370,70,1480,5561,7041
359,morphem,Raw,std_ctrl__tvn_efaar_e1.0_c304,0.3589257990414904,0.013316090934595523,0.004779488578808845,370,83,1480,5529,7009
360,morphem,Raw,std_ctrl__tvn_efaar_e1.0_c304,0.3947898256244407,0.022854769514892265,0.0090228304714711,370,63,1480,5657,7137
361,morphem,Raw,std_ctrl__tvn_efaar_e1.0_c304,0.3639630081557188,0.08504285484329002,0.030952453270913977,370,55,1480,5721,7201
362,morphem,Raw,std_ctrl__tvn_efaar_e1.0_c304,0.3773546095026833,0.05737521327553771,0.021650801200723702,370,60,1480,5561,7041
363,morphem,Raw,std_ctrl__tvn_efaar_e1.0_c304,0.32519054526140884,0.016235298730128824,0.005279565646532451,370,75,1480,5689,7169
364,morphem,Raw,std_ctrl__tvn_efaar_e1.0_c304,0.35553870136790205,0.006920112144949955,0.002460367685335754,370,67,1480,5785,7265
365,morphem,Raw,std_ctrl__tvn_efaar_e1.0_c304,0.39561910661865096,0.112249320551381,0.044407975915087924,370,62,1480,5753,7233
366,morphem,Raw,std_ctrl__tvn_efaar_e1.0_c304,0.31543826298839767,-0.00872620670613488,-0.0027525794858608934,370,83,1480,5660,7140
367,morphem,Raw,std_ctrl__tvn_efaar_e1.0_c304,0.3621976570183647,0.008300375134411104,0.003006376426057196,370,79,1480,5689,7169
368,morphem,Raw,std_ctrl__tvn_efaar_e1.0_c304,0.3717394023695308,0.06837750958706923,0.02541861454941398,370,76,1480,5785,7265
369,morphem,Raw,std_ctrl__tvn_efaar_e1.0_c304,0.3634073350578831,0.057785873681371176,0.020999810358538564,370,63,1480,5721,7201
370,morphem,Raw,std_ctrl__tvn_efaar_e1.0_c304,0.3708408002176149,-0.0013935423727478777,-0.0005167823686469768,370,56,1480,5817,7297
371,morphem,Raw,std_ctrl__tvn_efaar_e1.0_c304,0.37618712997313075,0.03406548117232845,0.012814995593371962,370,63,1480,5529,7009
372,morphem,Raw,std_ctrl__tvn_efaar_e1.0_c304,0.39048282323409206,0.09449030123430309,0.03689683959421049,370,77,1480,5881,7361
373,morphem,Raw,std_ctrl__tvn_efaar_e1.0_c304,0.36566407171839077,0.09338481054023512,0.034147470058792866,370,74,1480,5721,7201
374,morphem,Raw,std_ctrl__tvn_efaar_e1.0_c304,0.3681696642603746,-0.01522057542197638,-0.005603754142958753,370,69,1480,5563,7043
375,morphem,Raw,std_ctrl__tvn_efaar_e1.0_c304,0.354006730215523,0.04767553428005315,0.016877460001759693,370,93,1480,5273,6753
376,morphem,Raw,std_ctrl__tvn_efaar_e1.0_c304,0.3714947558702349,0.17961383702295916,0.06672559853576038,370,86,1480,5593,7073
377,morphem,Raw,std_ctrl__tvn_efaar_e1.0_c304,0.3511923299794077,-0.004519278265801086,-0.0015871358639919803,370,79,1480,5817,7297
378,morphem,Raw,std_ctrl__tvn_efaar_e1.0_c304,0.3654455795190819,0.07876113613755965,0.028782909039371793,370,97,1480,5465,6945
379,morphem,Raw,std_ctrl__tvn_efaar_e1.0_c304,0.34013461568471065,0.01566785189983839,0.005329178784556495,370,60,1480,5625,7105
380,morphem,Raw,std_ctrl__tvn_efaar_e1.0_c304,0.3678946755042378,0.0651467555636029,0.02396714449822559,370,58,1480,5689,7169
381,morphem,Raw,std_ctrl__tvn_efaar_e1.0_c304,0.319236267537983,0.07035576232393248,0.022460110964081653,370,87,1480,5369,6849
382,morphem,Raw,std_ctrl__tvn_efaar_e1.0_c304,0.3541172365849907,0.01793371757109898,0.006350638507973262,370,65,1480,5753,7233
383,morphem,Raw,std_ctrl__tvn_efaar_e1.0_c304,0.3739690569767237,-0.001315978255659228,-0.0004921351472707553,370,84,1480,6009,7489
384,morphem,Raw,std_ctrl__tvn_efaar_e1.0_c304,0.35394004008562274,0.011819150272691712,0.0041832705212945034,370,65,1480,5561,7041
385,morphem,Raw,std_ctrl__tvn_efaar_e1.0_c304,0.39194633348063374,0.06921540955308889,0.02712872599469362,370,97,1480,5561,7041
386,morphem,Raw,std_ctrl__tvn_efaar_e1.0_c304,0.36186378571469635,0.02352511509286682,0.008512887206878728,370,59,1480,5753,7233
387,morphem,Raw,std_ctrl__tvn_efaar_e1.0_c304,0.38202662292478945,0.0004092949894584292,0.000156361582602841,370,49,1480,5721,7201
388,morphem,Raw,std_ctrl__tvn_efaar_e1.0_c304,0.3734875292570564,0.056165103966841025,0.020976965911041152,370,49,1480,5657,7137
389,morphem,Raw,std_ctrl__tvn_efaar_e1.0_c304,0.3691947080254183,0.08225411322367031,0.030367783315502658,370,59,1480,5721,7201
390,morphem,Raw,std_ctrl__tvn_efaar_e1.0_c304,0.37010650764595876,0.030220209121331762,0.011184696058226647,370,73,1480,5753,7233
391,morphem,Raw,std_ctrl__tvn_efaar_e1.0_c304,0.3502071398147339,0.02948847245621909,0.010327073596398048,370,83,1480,5657,7137
392,morphem,Raw,std_ctrl__tvn_efaar_e1.0_c304,0.34619748541490664,-0.021765592046625495,-0.007535193235108438,370,57,1480,5945,7425
393,morphem,Raw,std_ctrl__tvn_efaar_e1.0_c304,0.3800440701314796,0.05060443429764264,0.019231915177177154,370,39,1480,5791,7271
394,morphem,Raw,std_ctrl__tvn_efaar_e1.0_c304,0.33877574865220494,0.019949465394046736,0.006758395074079437,370,90,1480,5625,7105
395,morphem,Raw,std_ctrl__tvn_efaar_e1.0_c304,0.376122439621534,0.16891708844812217,0.06353350740087416,370,47,1480,5689,7169
396,morphem,Raw,std_ctrl__tvn_efaar_e1.0_c304,0.38044776408832726,0.06953088602942302,0.026452870124974298,370,81,1480,5657,7137
397,morphem,Raw,std_ctrl__tvn_efaar_e1.0_c304,0.33236843090181634,0.0321410548676359,0.010682671973885331,370,73,1480,5625,7105
398,morphem,Raw,std_ctrl__tvn_efaar_e1.0_c304,0.3453787417146443,0.0034422184612709354,0.0011888690808606747,370,87,1480,5913,7393
399,morphem,Raw,std_ctrl__tvn_efaar_e1.0_c304,0.3733504741648585,0.003058996648732916,0.0011420778492731473,370,59,1480,5625,7105
400,morphem,Raw,std_ctrl__tvn_efaar_e1.0_c304,0.3416689064395461,0.05175790368024988,0.017684066350034337,370,49,1480,5497,6977
401,morphem,Raw,std_ctrl__tvn_efaar_e1.0_c304,0.37398253613473753,0.12171331810983295,0.045518655388089406,370,82,1480,5497,6977
402,morphem,Raw,std_ctrl__tvn_efaar_e1.0_c304,0.34308078414033155,0.0068412099775548504,0.002347087683568178,370,64,1480,5657,7137
403,morphem,Raw,std_ctrl__tvn_efaar_e1.0_c304,0.35268620308747967,0.020135808269142623,0.0071016217645413875,370,81,1480,5785,7265
404,morphem,Raw,std_ctrl__tvn_efaar_e1.0_c304,0.3731089456023021,0.007713925856750806,0.002878134742866628,370,49,1480,5817,7297
405,morphem,Raw,std_ctrl__tvn_efaar_e1.0_c304,0.34474187858758143,0.04852975712118783,0.016730239637357352,370,73,1480,5817,7297
406,morphem,Raw,std_ctrl__tvn_efaar_e1.0_c304,0.37583305638675774,0.08131954260629427,0.030562572241696742,370,85,1480,5529,7009
407,morphem,Raw,std_ctrl__tvn_efaar_e1.0_c304,0.3310407022071013,0.058930178078757264,0.019508287532381333,370,82,1480,5785,7265
408,morphem,Raw,std_ctrl__tvn_efaar_e1.0_c304,0.3636534113431795,-0.0029453496291000094,-0.001071086440220587,370,78,1480,5433,6913
409,morphem,Raw,std_ctrl__tvn_efaar_e1.0_c304,0.3423506351972767,0.054214627044377586,0.018560412005626123,370,50,1480,5689,7169
410,morphem,Raw,std_ctrl__tvn_efaar_e1.0_c304,0.37732958420902735,0.03942970317643798,0.014877993505050707,370,82,1480,5561,7041
411,morphem,Raw,std_ctrl__tvn_efaar_e1.0_c304,0.3455868756676498,-0.020496764605490277,-0.007083412841306653,370,94,1480,5657,7137
412,morphem,Raw,std_ctrl__tvn_efaar_e1.0_c304,0.34990907812862654,-0.00626950612930852,-0.002193757110028118,370,64,1480,5753,7233
413,morphem,Raw,std_ctrl__tvn_efaar_e1.0_c304,0.38318719245538935,-0.028901275284620966,-0.011074598534694242,370,74,1480,5721,7201
414,morphem,Raw,std_ctrl__tvn_efaar_e1.0_c304,0.345673428638289,0.01671043945973741,0.005776354902099988,370,80,1480,5945,7425
415,morphem,Raw,std_ctrl__tvn_efaar_e1.0_c304,0.37086737406845877,0.022450108509000824,0.008326012790285098,370,82,1480,5785,7265
416,morphem,Raw,std_ctrl__tvn_efaar_e1.0_c304,0.3812311637262974,0.08886635616317762,0.03387862437620382,370,64,1480,5701,7181
417,morphem,Raw,std_ctrl__tvn_efaar_e1.0_c304,0.33320459348980425,0.04972911418161208,0.016569969275492112,370,71,1480,5625,7105
418,morphem,Raw,std_ctrl__tvn_efaar_e1.0_c304,0.34055911077474893,0.0033706611466812774,0.0011479093628367714,370,74,1480,5817,7297
419,morphem,Raw,std_ctrl__tvn_efaar_e1.0_c304,0.37209785696351366,0.138664115455681,0.05159662019880013,370,60,1480,5625,7105
420,morphem,Raw,std_ctrl__tvn_efaar_e1.0_c304,0.3392637219118704,0.05850958033475265,0.019850177991869764,370,70,1480,5497,6977
421,morphem,Raw,std_ctrl__tvn_efaar_e1.0_c304,0.3782976491381306,0.050678241888549067,0.019171459768891647,370,63,1480,5657,7137
422,morphem,Raw,std_ctrl__tvn_efaar_e1.0_c304,0.37394241898019437,0.015896381551510085,0.005944331370403817,370,64,1480,5721,7201
423,morphem,Raw,std_ctrl__tvn_efaar_e1.0_c304,0.3357511284579374,-0.0039285541924169755,-0.0013190165033121605,370,74,1480,5689,7169
424,morphem,Raw,std_ctrl__tvn_efaar_e1.0_c304,0.3533901737698443,0.062464507902653725,0.02207434330216661,370,56,1480,5689,7169
425,morphem,Raw,std_ctrl__tvn_efaar_e1.0_c304,0.3807729402823631,0.04493175822363243,0.017108797690868767,370,66,1480,5721,7201
426,morphem,Raw,std_ctrl__tvn_efaar_e1.0_c304,0.4079210468599483,0.022830687897810755,0.009313118107807715,370,46,1480,5625,7105
427,morphem,Raw,std_ctrl__tvn_efaar_e1.0_c304,0.3646243582972996,0.08118502985205973,0.029602039413154393,370,47,1480,5849,7329
428,morphem,Raw,std_ctrl__tvn_efaar_e1.0_c304,0.3682972135283328,-0.014306469378779914,-0.00526903280763306,370,88,1480,5689,7169
429,morphem,Raw,std_ctrl__tvn_efaar_e1.0_c304,0.3792897432009544,0.08349976320351717,0.031670603742802526,370,59,1480,5625,7105
430,morphem,Raw,std_ctrl__tvn_efaar_e1.0_c304,0.3731594948543483,0.13867349748003072,0.05174733226933401,370,56,1480,5625,7105
431,morphem,Raw,std_ctrl__tvn_efaar_e1.0_c304,0.36848811555414673,0.06923953447831704,0.025513945581761416,370,78,1480,5817,7297
432,morphem,Raw,std_ctrl__tvn_efaar_e1.0_c304,0.33009460296791815,0.0523670275088377,0.01728607315413983,370,74,1480,5727,7207
433,morphem,Raw,std_ctrl__tvn_efaar_e1.0_c304,0.3791197144014683,-0.017969957649130768,-0.006812765211744938,370,51,1480,5657,7137
434,morphem,Raw,std_ctrl__tvn_efaar_e1.0_c304,0.3466306288762911,0.01106966128237712,0.0038370836517579118,370,81,1480,5945,7425
435,morphem,Raw,std_ctrl__tvn_efaar_e1.0_c304,0.356455813522419,0.015702597290557122,0.005597282091620472,370,89,1480,5881,7361
436,morphem,Raw,std_ctrl__tvn_efaar_e1.0_c304,0.34733732464065675,-0.022496735150437843,-0.007813955800302504,370,69,1480,5689,7169
437,morphem,Raw,std_ctrl__tvn_efaar_e1.0_c304,0.3634088253411084,-0.014465859779439295,-0.00525702110999522,370,41,1480,5721,7201
438,morphem,Raw,std_ctrl__tvn_efaar_e1.0_c304,0.3519017432296391,0.016329570077853447,0.005746404176587182,370,77,1480,5753,7233
439,morphem,Raw,std_ctrl__tvn_efaar_e1.0_c304,0.32981668544724785,0.12181156806061806,0.04017548762688489,370,45,1480,5689,7169
440,morphem,Raw,std_ctrl__tvn_efaar_e1.0_c304,0.39268570750749554,-0.005318250101265329,-0.0020884008037171855,370,65,1480,5721,7201
441,morphem,Raw,std_ctrl__tvn_efaar_e1.0_c304,0.3575642326675405,0.04094840026667849,0.014641683320318205,370,74,1480,5657,7137
442,morphem,Raw,std_ctrl__tvn_efaar_e1.0_c304,0.33805194171826575,0.08128151280081847,0.027477373228114756,370,63,1480,5721,7201
443,morphem,Raw,std_ctrl__tvn_efaar_e1.0_c304,0.41158366026217136,0.021979488875968286,0.009046398482262706,370,57,1480,5657,7137
444,morphem,Raw,std_ctrl__tvn_efaar_e1.0_c304,0.3494986341608364,0.015642481983258214,0.005467026088034237,370,75,1480,5785,7265
445,morphem,Raw,std_ctrl__tvn_efaar_e1.0_c304,0.3505265140723702,-0.022034016769815624,-0.007723507089335617,370,101,1480,5785,7265
446,morphem,Raw,std_ctrl__tvn_efaar_e1.0_c304,0.3238114358131454,0.004702003812429868,0.0015225626057017991,370,84,1480,5785,7265
447,morphem,Raw,std_ctrl__tvn_efaar_e1.0_c304,0.38900407019187433,0.14727822090963946,0.05729182738446776,370,73,1480,5561,7041
448,morphem,Raw,std_ctrl__tvn_efaar_e1.0_c304,0.3819823887254852,-0.0036035904302239,-0.001376508080525224,370,66,1480,5529,7009
449,morphem,Raw,std_ctrl__tvn_efaar_e1.0_c304,0.35907593868645005,0.001815467478658036,0.000651890689053857,370,94,1480,5913,7393
450,morphem,Raw,std_ctrl__tvn_efaar_e1.0_c304,0.3715553644452323,-0.0023631032480839883,-0.0008780236885635585,370,76,1480,5625,7105
451,morphem,Raw,std_ctrl__tvn_efaar_e1.0_c304,0.342065051261177,0.06346789383974222,0.02171014835973036,370,69,1480,5657,7137
452,morphem,Raw,std_ctrl__tvn_efaar_e1.0_c304,0.3449874001478116,0.043024112942909545,0.014842776867840175,370,67,1480,5817,7297
453,morphem,Raw,std_ctrl__tvn_efaar_e1.0_c304,0.3752668282058818,0.0957567962710259,0.0359343492157847,370,77,1480,5753,7233
454,morphem,Raw,std_ctrl__tvn_efaar_e1.0_c304,0.3623310485884099,0.008643242938627229,0.0031317152771571733,370,66,1480,5689,7169
455,morphem,Raw,std_ctrl__tvn_efaar_e1.0_c304,0.3716601957468431,-0.0025391509561185407,-0.0009437013413818007,370,66,1480,5817,7297
456,morphem,Raw,std_ctrl__tvn_efaar_e1.0_c304,0.3555242726712044,0.018102946828226885,0.00643603700431085,370,87,1480,5881,7361
457,morphem,Raw,std_ctrl__tvn_efaar_e1.0_c304,0.3518599840668115,-0.0036825289869197547,-0.0012957345906631564,370,74,1480,5625,7105
458,morphem,Raw,std_ctrl__tvn_efaar_e1.0_c304,0.3243706919120673,0.02584563298799712,0.008383565855221977,370,124,1480,5465,6945
459,morphem,Raw,std_ctrl__tvn_efaar_e1.0_c304,0.37015970261570846,-0.005270583641441444,-0.0019509576733271828,370,84,1480,5689,7169
460,morphem,Raw,std_ctrl__tvn_efaar_e1.0_c304,0.3310275655079414,0.03297515877805281,0.010915686532536644,370,75,1480,5657,7137
461,morphem,Raw,std_ctrl__tvn_efaar_e1.0_c304,0.37358813250601647,0.0005224110887754867,0.00019516658305606887,370,64,1480,5529,7009
462,morphem,Raw,std_ctrl__tvn_efaar_e1.0_c304,0.3775892782824749,0.13910763491243366,0.05252555147016784,370,86,1480,5785,7265
463,morphem,Raw,std_ctrl__tvn_efaar_e1.0_c304,0.3597375789865305,0.1059821938948244,0.03812577784740519,370,56,1480,5689,7169
464,morphem,Raw,std_ctrl__tvn_efaar_e1.0_c304,0.40080032776113467,0.03587652872131712,0.014379324470435663,370,51,1480,5561,7041
465,morphem,Raw,std_ctrl__tvn_efaar_e1.0_c304,0.3757554452262661,0.05961293397477398,0.0223998845469352,370,70,1480,5721,7201
466,morphem,Raw,std_ctrl__tvn_efaar_e1.0_c304,0.3492388214923461,0.08438481289825889,0.02947045260844006,370,88,1480,5657,7137
467,morphem,Raw,std_ctrl__tvn_efaar_e1.0_c304,0.3599798140125638,-0.0015820097540059613,-0.0005694915770131277,370,95,1480,5785,7265
468,morphem,Raw,std_ctrl__tvn_efaar_e1.0_c304,0.33575662978263404,-0.014852624619632887,-0.004986867185714515,370,73,1480,5657,7137
469,morphem,Raw,std_ctrl__tvn_efaar_e1.0_c304,0.35472796832029074,0.07854657227297479,0.027862666000915227,370,68,1480,5817,7297
470,morphem,Raw,std_ctrl__tvn_efaar_e1.0_c304,0.3410008421788271,0.03412363416856624,0.011636187989683288,370,79,1480,5561,7041
471,morphem,Raw,std_ctrl__tvn_efaar_e1.0_c304,0.33861836096738185,0.027143449700806038,0.009191270448687512,370,72,1480,5881,7361
472,morphem,Raw,std_ctrl__tvn_efaar_e1.0_c304,0.36649771201551595,0.0031583758968758637,0.0011575375398899571,370,100,1480,5753,7233
473,morphem,Raw,std_ctrl__tvn_efaar_e1.0_c304,0.326701074930551,0.027268100130365965,0.008908517623904459,370,82,1480,5721,7201
474,morphem,Raw,std_ctrl__tvn_efaar_e1.0_c304,0.3580577444803451,0.0351277839468417,0.012577775088599013,370,65,1480,5881,7361
475,morphem,Raw,std_ctrl__tvn_efaar_e1.0_c304,0.3324963100324448,0.03599013808990713,0.011966588112452261,370,90,1480,5337,6817
476,morphem,Raw,std_ctrl__tvn_efaar_e1.0_c304,0.33504940523036975,-0.004726543480592898,-0.001583625581968132,370,95,1480,5657,7137
477,morphem,Raw,std_ctrl__tvn_efaar_e1.0_c304,0.34400211015915527,0.008417332633644086,0.0028955801878850856,370,80,1480,5660,7140
478,morphem,Raw,std_ctrl__tvn_efaar_e1.0_c304,0.357527882216247,0.06276124067913129,0.02243889346527398,370,50,1480,5817,7297
479,morphem,Raw,std_ctrl__tvn_efaar_e1.0_c304,0.3842716234450172,0.024632915816238228,0.009465730550890304,370,53,1480,5753,7233
480,morphem,Raw,std_ctrl__tvn_efaar_e1.0_c304,0.35946766463636093,0.05741097443404945,0.02063738890430558,370,63,1480,5721,7201
481,morphem,Raw,std_ctrl__tvn_efaar_e1.0_c304,0.34725735132825086,0.01148380241611241,0.003987834810196163,370,83,1480,5689,7169
482,morphem,Raw,std_ctrl__tvn_efaar_e1.0_c304,0.3715675008360698,0.0026017566117853583,0.0009667282020248063,370,68,1480,5785,7265
483,morphem,Raw,std_ctrl__tvn_efaar_e1.0_c304,0.37130431534945924,0.03565172165697293,0.013237638100871823,370,61,1480,5753,7233
484,morphem,Raw,std_ctrl__tvn_efaar_e1.0_c304,0.3752112747563439,0.08550236733944475,0.03208145224411825,370,49,1480,5561,7041
485,morphem,Raw,std_ctrl__tvn_efaar_e1.0_c304,0.3496042276285607,-0.007094799276651139,-0.002480371821293293,370,75,1480,5433,6913
486,morphem,Raw,std_ctrl__tvn_efaar_e1.0_c304,0.37301074207607676,0.02896142871905489,0.010802924018078065,370,84,1480,5657,7137
487,morphem,Raw,std_ctrl__tvn_efaar_e1.0_c304,0.3368917874302372,0.002469946647605575,0.0008321047409691642,370,40,1480,5529,7009
488,morphem,Raw,std_ctrl__tvn_efaar_e1.0_c304,0.3326326585571925,0.03933213258028652,0.013083151826904673,370,77,1480,5625,7105
489,morphem,Raw,std_ctrl__tvn_efaar_e1.0_c304,0.38849619169841987,0.09819688437069694,0.03814911561466585,370,57,1480,5849,7329
490,morphem,Raw,std_ctrl__tvn_efaar_e1.0_c304,0.39408012880434645,0.02091241574685468,0.008241167491130534,370,68,1480,5913,7393
491,morphem,Raw,std_ctrl__tvn_efaar_e1.0_c304,0.3655767194630662,-0.016437519181634493,-0.006009174338533162,370,75,1480,5913,7393
492,morphem,Raw,std_ctrl__tvn_efaar_e1.0_c304,0.34367599865534204,-0.01691636211760425,-0.0058137476443830376,370,85,1480,5561,7041
493,morphem,Raw,std_ctrl__tvn_efaar_e1.0_c304,0.3545164374593197,-0.03760364363477313,-0.013331109776889593,370,112,1480,5529,7009
494,morphem,Raw,std_ctrl__tvn_efaar_e1.0_c304,0.360894959676169,0.02179866144690318,0.007867027043874583,370,68,1480,5689,7169
495,morphem,Raw,std_ctrl__tvn_efaar_e1.0_c304,0.3840549101689981,0.038543690596516335,0.014802893629626739,370,65,1480,5369,6849
496,morphem,Raw,std_ctrl__tvn_efaar_e1.0_c304,0.35956151006922493,0.020106118915738054,0.007229386478974182,370,81,1480,5657,7137
497,morphem,Raw,std_ctrl__tvn_efaar_e1.0_c304,0.34424473045156445,0.059841238534223996,0.020600031029101712,370,98,1480,5753,7233
498,morphem,Raw,std_ctrl__tvn_efaar_e1.0_c304,0.3708837071170192,-0.000976904239155981,-0.00036231786571650133,370,84,1480,5945,7425
499,morphem,Raw,std_ctrl__tvn_efaar_e1.0_c304,0.37320386983234877,0.08534321566169506,0.03185041834888131,370,65,1480,5817,7297
500,morphem,Raw,std_ctrl__tvn_efaar_e1.0_c304,0.3677333722919572,-0.03339882862602695,-0.012281863881250046,370,72,1480,5753,7233
501,morphem,Raw,std_ctrl__tvn_efaar_e1.0_c304,0.35671923233585034,0.016293737859449084,0.005812289661104259,370,83,1480,5593,7073
502,morphem,Raw,std_ctrl__tvn_efaar_e1.0_c304,0.36091648524061276,-0.022974194115341257,-0.008291765391344536,370,84,1480,5817,7297
503,morphem,Raw,std_ctrl__tvn_efaar_e1.0_c304,0.36127419160981744,0.03479766696623421,0.012571499003133911,370,83,1480,5785,7265
504,morphem,Raw,std_ctrl__tvn_efaar_e1.0_c304,0.3747928079001493,0.011354157728172089,0.0042554566562827975,370,71,1480,5721,7201
505,morphem,Raw,std_ctrl__tvn_efaar_e1.0_c304,0.3514310027904221,-0.018417632236755875,-0.0064725269659883225,370,62,1480,5625,7105
506,morphem,Raw,std_ctrl__tvn_efaar_e1.0_c304,0.36697836518972804,0.015225002040375057,0.005587246358787113,370,88,1480,5657,7137
507,morphem,Raw,std_ctrl__tvn_efaar_e1.0_c304,0.37858950141341735,-0.0014175849395337708,-0.0005366827754692597,370,83,1480,5657,7137
508,morphem,Raw,std_ctrl__tvn_efaar_e1.0_c304,0.3611038858309572,0.024591501655254824,0.008880086806130933,370,81,1480,5881,7361
509,morphem,Raw,std_ctrl__tvn_efaar_e1.0_c304,0.37883243222737867,0.0431714635607686,0.01635475054354162,370,61,1480,5593,7073
510,morphem,Raw,std_ctrl__tvn_efaar_e1.0_c304,0.3452981766885023,0.056602656364514364,0.01954479403839266,370,79,1480,5433,6913
511,morphem,Raw,std_ctrl__tvn_efaar_e1.0_c304,0.3646280629461665,0.027982810782028928,0.010203318091240312,370,73,1480,5593,7073
512,morphem,Raw,std_ctrl__tvn_efaar_e1.0_c304,0.37050165928965606,0.057191468700654474,0.021189534050804912,370,71,1480,5753,7233
513,morphem,Raw,std_ctrl__tvn_efaar_e1.0_c304,0.3764834293570343,0.02542695623699147,0.009572827682213781,370,73,1480,5497,6977
514,morphem,Raw,std_ctrl__tvn_efaar_e1.0_c304,0.36858942549460216,0.11096399803182569,0.0409001562851348,370,61,1480,5945,7425
515,morphem,Raw,std_ctrl__tvn_efaar_e1.0_c304,0.39909851848739164,-0.005935687979904325,-0.0023689242789832346,370,61,1480,5497,6977
516,morphem,Raw,std_ctrl__tvn_efaar_e1.0_c304,0.3783410261041785,0.018427595492160918,0.006971915387136896,370,47,1480,5657,7137
517,morphem,Raw,std_ctrl__tvn_efaar_e1.0_c304,0.35885053807775585,0.011288050899307548,0.00405072313906561,370,82,1480,5753,7233
518,morphem,Raw,std_ctrl__tvn_efaar_e1.0_c304,0.37644421979557147,0.0356032717054674,0.01340264583933442,370,72,1480,5785,7265
519,morphem,Raw,std_ctrl__tvn_efaar_e1.0_c304,0.360687839739117,0.06584484663281093,0.023749435489942045,370,86,1480,5881,7361
520,morphem,Raw,std_ctrl__tvn_efaar_e1.0_c304,0.3232497284698766,0.006066018463418473,0.0019608388211932795,370,75,1480,5753,7233
521,morphem,Raw,std_ctrl__tvn_efaar_e1.0_c304,0.36065937815639465,0.016881303295901873,0.006088400349169465,370,66,1480,5849,7329
522,morphem,Raw,std_ctrl__tvn_efaar_e1.0_c304,0.3485541315224841,0.050719132893389,0.01767836331722866,370,87,1480,5529,7009
523,morphem,Raw,std_ctrl__tvn_efaar_e1.0_c304,0.3769287020675881,0.026267862996813305,0.009901111505478065,370,63,1480,5433,6913
524,morphem,Raw,std_ctrl__tvn_efaar_e1.0_c304,0.34815952483021745,0.000816744356799858,0.0002843573271712001,370,84,1480,5817,7297
525,morphem,Raw,std_ctrl__tvn_efaar_e1.0_c304,0.38752645549945464,0.030795987724675258,0.011934259966548117,370,69,1480,5657,7137
526,morphem,Raw,std_ctrl__tvn_efaar_e1.0_c304,0.37025002744422897,-0.009446236354369527,-0.003497469269449991,370,55,1480,5913,7393
527,morphem,Raw,std_ctrl__tvn_efaar_e1.0_c304,0.3669172465893398,-0.0036144924927138445,-0.001326219633244403,370,51,1480,5721,7201
528,morphem,Raw,std_ctrl__tvn_efaar_e1.0_c304,0.34568485682419536,-0.031459604184129415,-0.010875108768136634,370,88,1480,5913,7393
529,morphem,Raw,std_ctrl__tvn_efaar_e1.0_c304,0.35847635079087736,0.0791220946742236,0.02836339976574599,370,56,1480,5401,6881
530,morphem,Raw,std_ctrl__tvn_efaar_e1.0_c304,0.3745882207717964,-0.012476539660787347,-0.004673564792923084,370,80,1480,5657,7137
531,morphem,Raw,std_ctrl__tvn_efaar_e1.0_c304,0.37050043783244,0.10730916250642707,0.039758091692063686,370,64,1480,5689,7169
532,morphem,Raw,std_ctrl__tvn_efaar_e1.0_c304,0.38089924335450753,-0.005285545446424497,-0.002013260261258954,370,61,1480,5657,7137
533,morphem,Raw,std_ctrl__tvn_efaar_e1.0_c304,0.36046329940952576,0.026698313637093095,0.009623762222296913,370,61,1480,5689,7169
534,morphem,Raw,std_ctrl__tvn_efaar_e1.0_c304,0.36248078894504665,0.11805619087966243,0.04279310120990706,370,74,1480,5689,7169
535,morphem,Raw,std_ctrl__tvn_efaar_e1.0_c304,0.32075401191725833,-0.02499060423926338,-0.008015836569980173,370,89,1480,5433,6913
536,morphem,Raw,std_ctrl__tvn_efaar_e1.0_c304,0.35065882267037685,0.036337649226742715,0.01274211729645873,370,90,1480,5593,7073
537,morphem,Raw,std_ctrl__tvn_efaar_e1.0_c304,0.35381222765467474,0.017859732324831335,0.006318991679164778,370,96,1480,5785,7265
538,morphem,Raw,std_ctrl__tvn_efaar_e1.0_c304,0.3601777555232436,-0.028976316352174594,-0.010436624587057707,370,92,1480,5561,7041
539,morphem,Raw,std_ctrl__tvn_efaar_e1.0_c304,0.382262029687045,-0.002917868657101977,-0.001115390395224014,370,68,1480,5721,7201
540,morphem,Raw,std_ctrl__tvn_efaar_e1.0_c304,0.36723676104399827,-0.007980909533668756,-0.0029308833673296806,370,53,1480,5785,7265
541,morphem,Raw,std_ctrl__tvn_efaar_e1.0_c304,0.3689077333983596,0.009228815516170346,0.003404581414022014,370,63,1480,5849,7329
542,morphem,Raw,std_ctrl__tvn_efaar_e1.0_c304,0.3381431555896378,0.04969204323256983,0.01680302430635787,370,72,1480,5593,7073
543,morphem,Raw,std_ctrl__tvn_efaar_e1.0_c304,0.33117892362844603,-0.005442530450609464,-0.0018024513764478836,370,64,1480,5433,6913
544,morphem,Raw,std_ctrl__tvn_efaar_e1.0_c304,0.34846164320342476,-0.024071284296176065,-0.008387919279862306,370,50,1480,5817,7297
545,morphem,Raw,std_ctrl__tvn_efaar_e1.0_c304,0.3726228702839162,0.006261242788292057,0.002333082259317857,370,53,1480,5753,7233
546,morphem,Raw,std_ctrl__tvn_efaar_e1.0_c304,0.339832709663545,0.059101332286708004,0.02008456589571754,370,85,1480,5785,7265
547,morphem,Raw,std_ctrl__tvn_efaar_e1.0_c304,0.40099727728022505,0.03667687756805192,0.014707328043928982,370,79,1480,5785,7265
548,morphem,Raw,std_ctrl__tvn_efaar_e1.0_c304,0.3424692127495253,0.07957252989549034,0.02725114166979664,370,84,1480,5786,7266
549,morphem,Raw,std_ctrl__tvn_efaar_e1.0_c304,0.32679241022905664,0.06852173531031956,0.022392383035136788,370,82,1480,5881,7361
550,morphem,Raw,std_ctrl__tvn_efaar_e1.0_c304,0.3724200077037336,0.01898022397312622,0.007068615158290256,370,77,1480,5561,7041
551,morphem,Raw,std_ctrl__tvn_efaar_e1.0_c304,0.3396113290193668,-0.021798664918911477,-0.0074030735639593745,370,56,1480,5529,7009
552,morphem,Raw,std_ctrl__tvn_efaar_e1.0_c304,0.37060278761408616,0.06579409024477424,0.024383473253246087,370,78,1480,5785,7265
553,morphem,Raw,std_ctrl__tvn_efaar_e1.0_c304,0.36238032351736943,0.043078287023058236,0.015610723587989941,370,89,1480,5753,7233
554,morphem,Raw,std_ctrl__tvn_efaar_e1.0_c304,0.39797483158579977,0.07377794249627188,0.029361764239700622,370,47,1480,5657,7137
555,morphem,Raw,std_ctrl__tvn_efaar_e1.0_c304,0.36286367484129406,0.02480170885556079,0.008999639217672654,370,53,1480,5593,7073
556,morphem,Raw,std_ctrl__tvn_efaar_e1.0_c304,0.3697331389944242,0.006336816861034825,0.0023429311892632,370,71,1480,5561,7041
557,morphem,Raw,std_ctrl__tvn_efaar_e1.0_c304,0.35326865916920913,0.10790943466529505,0.03812102129591616,370,60,1480,5465,6945
558,morphem,Raw,std_ctrl__tvn_efaar_e1.0_c304,0.3803496667713833,0.013472423321198601,0.005124231720820901,370,90,1480,5785,7265
559,morphem,Raw,std_ctrl__tvn_efaar_e1.0_c304,0.3762089660809863,0.058058242914826044,0.021842031539465456,370,79,1480,5753,7233
560,morphem,Raw,std_ctrl__tvn_efaar_e1.0_c304,0.37892661613934,0.01668024870604772,0.006320590198545266,370,56,1480,5785,7265
561,morphem,Raw,std_ctrl__tvn_efaar_e1.0_c304,0.348168174243207,0.03268850680443893,0.011381097732838151,370,78,1480,5465,6945
562,morphem,Raw,std_ctrl__tvn_efaar_e1.0_c304,0.36839365486748527,0.021377557120944315,0.007875356399923112,370,67,1480,5785,7265
563,morphem,Raw,std_ctrl__tvn_efaar_e1.0_c304,0.3776782627934383,0.06122261491101843,0.023122450843265092,370,87,1480,5913,7393
564,morphem,Raw,std_ctrl__tvn_efaar_e1.0_c304,0.3442371379975614,0.031393760141928295,0.010806898142239313,370,75,1480,5657,7137
565,morphem,Raw,std_ctrl__tvn_efaar_e1.0_c304,0.3014450050587926,-0.05413890014594216,-0.016319901028371,370,78,1480,5625,7105
566,morphem,Raw,std_ctrl__tvn_efaar_e1.0_c304,0.3774407690289628,0.017570428985501645,0.006631796228456519,370,75,1480,5721,7201
567,morphem,Raw,std_ctrl__tvn_efaar_e1.0_c304,0.3489697552537308,-0.028163314267132786,-0.009828144886935234,370,66,1480,5657,7137
568,morphem,Raw,std_ctrl__tvn_efaar_e1.0_c304,0.34418547784448306,0.016685197139558766,0.005742802550408436,370,74,1480,5849,7329
569,morphem,Raw,std_ctrl__tvn_efaar_e1.0_c304,0.3586801644147355,0.006202172258897992,0.0022245961655500434,370,104,1480,5881,7361
570,morphem,Raw,std_ctrl__tvn_efaar_e1.0_c304,0.34374336615395373,0.04369948659989416,0.015021408623047213,370,68,1480,5433,6913
571,morphem,Raw,std_ctrl__tvn_efaar_e1.0_c304,0.3688884125479679,0.11826168587314762,0.04362536556699186,370,88,1480,5657,7137
572,morphem,Raw,std_ctrl__tvn_efaar_e1.0_c304,0.36532004171195614,0.021307937415535425,0.007784216585439152,370,55,1480,5817,7297
573,morphem,Raw,std_ctrl__tvn_efaar_e1.0_c304,0.37051201742731027,0.026926776136673915,0.009976694149212607,370,52,1480,5753,7233
574,morphem,Raw,std_ctrl__tvn_efaar_e1.0_c304,0.3552037908831938,0.0014675531990937147,0.0005212804596408459,370,72,1480,5657,7137
575,morphem,Raw,std_ctrl__tvn_efaar_e1.0_c304,0.3215942545282599,-0.020946030750560424,-0.006736123144552488,370,74,1480,5881,7361
576,morphem,Raw,std_ctrl__tvn_efaar_e1.0_c304,0.36616587027071634,-0.02752752352234255,-0.010079639606956174,370,119,1480,5721,7201
577,morphem,Raw,std_ctrl__tvn_efaar_e1.0_c304,0.39542196701240573,0.04038522902605925,0.01596920669973085,370,52,1480,5657,7137
578,morphem,Raw,std_ctrl__tvn_efaar_e1.0_c304,0.3461989919122244,0.029943028387676637,0.010366246242612771,370,57,1480,5785,7265
579,morphem,Raw,std_ctrl__tvn_efaar_e1.0_c304,0.35151712488676295,0.0251883513125863,0.008854136834038058,370,79,1480,5497,6977
580,morphem,Raw,std_ctrl__tvn_efaar_e1.0_c304,0.37512712586606095,0.005921709724034429,0.0022213939489901403,370,53,1480,5657,7137
581,morphem,Raw,std_ctrl__tvn_efaar_e1.0_c304,0.36400770609722843,0.05995611872582051,0.021824489243879006,370,76,1480,5753,7233
582,morphem,Raw,std_ctrl__tvn_efaar_e1.0_c304,0.39835214045644496,0.09074532087851751,0.036148592808364376,370,63,1480,5913,7393
583,morphem,Raw,std_ctrl__tvn_efaar_e1.0_c304,0.3408791404301604,0.049365247504839685,0.016827583136571872,370,49,1480,5721,7201
584,morphem,Raw,std_ctrl__tvn_efaar_e1.0_c304,0.3722959086135171,-0.019067179775244445,-0.007098633019121907,370,86,1480,5945,7425
585,morphem,Raw,std_ctrl__tvn_efaar_e1.0_c304,0.3919054468398585,0.052041144995374496,0.02039520818347011,370,59,1480,5785,7265
586,morphem,Raw,std_ctrl__tvn_efaar_e1.0_c304,0.3693923327133349,0.04368294963525627,0.016136146665566436,370,57,1480,5721,7201
587,morphem,Raw,std_ctrl__tvn_efaar_e1.0_c304,0.37621463346592365,0.05327597572444925,0.02004320167971312,370,76,1480,5785,7265
588,morphem,Raw,std_ctrl__tvn_efaar_e1.0_c304,0.35434354125076906,0.08408038627012765,0.029793341820689573,370,96,1480,5817,7297
589,morphem,Raw,std_ctrl__tvn_efaar_e1.0_c304,0.3800584198807379,0.06288189668942311,0.02389879429488595,370,67,1480,5849,7329
590,morphem,Raw,std_ctrl__tvn_efaar_e1.0_c304,0.3701283992760665,0.0036715316545716443,0.0013589381341980106,370,80,1480,5849,7329
591,morphem,Raw,std_ctrl__tvn_efaar_e1.0_c304,0.359032411935109,0.046857784623554055,0.016823463431330475,370,85,1480,5785,7265
592,morphem,Raw,std_ctrl__tvn_efaar_e1.0_c304,0.34640985870123386,0.08217839927292751,0.028467407680428398,370,56,1480,5817,7297
593,morphem,Raw,std_ctrl__tvn_efaar_e1.0_c304,0.35251697967710394,-0.015953723902625335,-0.005623958564755903,370,50,1480,5689,7169
594,morphem,Raw,std_ctrl__tvn_efaar_e1.0_c304,0.34468079117372646,0.04238832349860361,0.014610440880026552,370,75,1480,5657,7137
595,morphem,Raw,std_ctrl__tvn_efaar_e1.0_c304,0.3926459805079783,0.01839586103740663,0.007223060894321041,370,51,1480,5721,7201
596,morphem,Raw,std_ctrl__tvn_efaar_e1.0_c304,0.36496525705832256,0.08814975388907062,0.03217159758775253,370,66,1480,5785,7265
597,morphem,Raw,std_ctrl__tvn_efaar_e1.0_c304,0.37211035409472787,0.09687342078681965,0.036047602911351034,370,89,1480,5625,7105
598,morphem,Raw,std_ctrl__tvn_efaar_e1.0_c304,0.3444121651672644,0.12429488756824607,0.042808671346601324,370,48,1480,5913,7393
599,morphem,Raw,std_ctrl__tvn_efaar_e1.0_c304,0.37503682973410973,0.11773678947672488,0.04415563226842319,370,63,1480,5721,7201
600,morphem,Raw,std_ctrl__tvn_efaar_e1.0_c304,0.3651136580705684,0.02535167175174545,0.009256241611484075,370,77,1480,5849,7329
601,morphem,Raw,std_ctrl__tvn_efaar_e1.0_c304,0.37109641670419563,0.10081607537644079,0.037412484318377265,370,45,1480,5785,7265
602,morphem,Raw,std_ctrl__tvn_efaar_e1.0_c304,0.3624170470791295,0.14997217190551096,0.054352471686038864,370,95,1480,5721,7201
603,morphem,Raw,std_ctrl__tvn_efaar_e1.0_c304,0.38589947244585704,0.0758997974173105,0.029289691782087544,370,60,1480,5625,7105
604,morphem,Raw,std_ctrl__tvn_efaar_e1.0_c304,0.34106137921895896,0.039124441624793754,0.013343836021723806,370,66,1480,5369,6849
605,morphem,Raw,std_ctrl__tvn_efaar_e1.0_c304,0.3675672267931492,0.12690629903088813,0.04664659639736567,370,44,1480,5689,7169
606,morphem,Raw,std_ctrl__tvn_efaar_e1.0_c304,0.3896327910870545,-0.006327406887923862,-0.0024653652060852276,370,92,1480,5561,7041
607,morphem,Raw,std_ctrl__tvn_efaar_e1.0_c304,0.3636557404886936,-0.009429335393611274,-0.003429031944879955,370,96,1480,5721,7201
608,morphem,Raw,std_ctrl__tvn_efaar_e1.0_c304,0.35498424937063755,0.07658211626344046,0.027185445056992306,370,103,1480,5689,7169
609,morphem,Raw,std_ctrl__tvn_efaar_e1.0_c304,0.3675972200149812,0.00434257429055533,0.0015963182369166684,370,57,1480,5663,7143
610,morphem,Raw,std_ctrl__tvn_efaar_e1.0_c304,0.30183409921574095,0.0028796044106254486,0.0008691628033788069,370,49,1480,5753,7233
611,morphem,Raw,std_ctrl__tvn_efaar_e1.0_c304,0.37050223679223226,0.013998534106447661,0.005186488198251211,370,66,1480,5561,7041
612,morphem,Raw,std_ctrl__tvn_efaar_e1.0_c304,0.3826851621751601,0.0983722341107568,0.03764559436420778,370,61,1480,5529,7009
613,morphem,Raw,std_ctrl__tvn_efaar_e1.0_c304,0.3832178038894035,0.013244345334403924,0.00507546893300314,370,69,1480,5721,7201
614,morphem,Raw,std_ctrl__tvn_efaar_e1.0_c304,0.3622504769208871,0.07147271750656797,0.025891026003586084,370,84,1480,5593,7073
615,morphem,Raw,std_ctrl__tvn_efaar_e1.0_c304,0.3664476965360606,-0.01943686837610703,-0.007122595644299022,370,56,1480,5689,7169
616,morphem,Raw,std_ctrl__tvn_efaar_e1.0_c304,0.35360126046549106,0.0019749052709467224,0.0006983289931067032,370,68,1480,5625,7105
617,morphem,Raw,std_ctrl__tvn_efaar_e1.0_c304,0.33309750857554865,-0.005095685954378024,-0.0016973602958867365,370,82,1480,5849,7329
618,morphem,Raw,std_ctrl__tvn_efaar_e1.0_c304,0.37516824424746137,0.11155634771657748,0.04185239910748767,370,63,1480,5823,7303
619,morphem,Raw,std_ctrl__tvn_efaar_e1.0_c304,0.3794226386403962,0.05689161134347569,0.02158596529244544,370,58,1480,5593,7073
620,morphem,Raw,std_ctrl__tvn_efaar_e1.0_c304,0.3477559202727575,0.028891520169102253,0.010047197184485088,370,71,1480,5657,7137
621,morphem,Raw,std_ctrl__tvn_efaar_e1.0_c304,0.3729675680274577,0.07137689129587857,0.026621265559984043,370,67,1480,5561,7041
622,morphem,Raw,std_ctrl__tvn_efaar_e1.0_c304,0.3781550896844196,0.06609009174278978,0.024992304570246187,370,68,1480,5657,7137
623,morphem,Raw,std_ctrl__tvn_efaar_e1.0_c304,0.3488855441198732,-0.006446207084871887,-0.0022489884663149102,370,96,1480,5753,7233
624,morphem,Raw,std_ctrl__tvn_efaar_e1.0_c304,0.3393223316281655,-0.007282835104646943,-0.0024712285885722554,370,86,1480,5593,7073
625,morphem,Raw,std_ctrl__tvn_efaar_e1.0_c304,0.41124630061417233,-0.02228807824148285,-0.00916588972460905,370,43,1480,5433,6913
626,morphem,Raw,std_ctrl__tvn_efaar_e1.0_c304,0.3769694357636401,0.07455743513694249,0.028105874255557408,370,80,1480,5881,7361
627,morphem,Raw,std_ctrl__tvn_efaar_e1.0_c304,0.3801995299107013,0.06431439449996205,0.024452302555376965,370,83,1480,5657,7137
628,morphem,Raw,std_ctrl__tvn_efaar_e1.0_c304,0.37463985901988434,0.001225129280634857,0.0004589822609781752,370,69,1480,5753,7233
629,morphem,Raw,std_ctrl__tvn_efaar_e1.0_c304,0.33274863398986315,0.09639258516872608,0.032074501041645144,370,61,1480,5529,7009
630,morphem,Raw,std_ctrl__tvn_efaar_e1.0_c304,0.3561399825933614,0.024793588411826314,0.00882998814541479,370,72,1480,5593,7073
631,morphem,Raw,std_ctrl__tvn_efaar_e1.0_c304,0.30557242024215703,0.011989143402682647,0.0036635515661880263,370,75,1480,5561,7041
632,morphem,Raw,std_ctrl__tvn_efaar_e1.0_c304,0.3894159044677158,0.004054458681795798,0.0015788706946984934,370,74,1480,5657,7137
633,morphem,Raw,std_ctrl__tvn_efaar_e1.0_c304,0.3640868173745331,-0.0031231455306522725,-0.0011370961164526832,370,75,1480,5625,7105
634,morphem,Raw,std_ctrl__tvn_efaar_e1.0_c304,0.3686432348827369,0.018464567989849072,0.006806838074490197,370,68,1480,5529,7009
635,morphem,Raw,std_ctrl__tvn_efaar_e1.0_c304,0.3656993044792684,0.07781544707198648,0.02845705487196878,370,80,1480,5657,7137
636,morphem,Raw,std_ctrl__tvn_efaar_e1.0_c304,0.3950943654507706,0.05125138031189877,0.020249131582805762,370,86,1480,5753,7233
637,morphem,Raw,std_ctrl__tvn_efaar_e1.0_c304,0.3828104184526653,0.06762436661167986,0.025887312080213616,370,74,1480,5561,7041
638,morphem,Raw,std_ctrl__tvn_efaar_e1.0_c304,0.40343711483257483,-0.0032682869805612234,-0.0013185482698824876,370,94,1480,5721,7201
639,morphem,Raw,std_ctrl__tvn_efaar_e1.0_c304,0.3423781662991114,0.038968648170253715,0.01334201430368669,370,69,1480,5753,7233
640,morphem,Raw,std_ctrl__tvn_efaar_e1.0_c304,0.33658797374646593,0.009764601009646082,0.00328664726827947,370,99,1480,5689,7169
641,morphem,Raw,std_ctrl__tvn_efaar_e1.0_c304,0.3661868278869395,0.03138569275364714,0.011493027270492149,370,74,1480,5849,7329
642,morphem,Raw,std_ctrl__tvn_efaar_e1.0_c304,0.36418803295287805,0.04112363331001119,0.014976735123048429,370,63,1480,5497,6977
643,morphem,Raw,std_ctrl__tvn_efaar_e1.0_c304,0.37182681363714454,0.012515318805121231,0.0046535311129612626,370,68,1480,5625,7105
644,morphem,Raw,std_ctrl__tvn_efaar_e1.0_c304,0.32650060187787433,0.09000877728110859,0.029387919956573496,370,74,1480,5753,7233
645,morphem,Raw,std_ctrl__tvn_efaar_e1.0_c304,0.3214144730984304,0.02182571145098293,0.007015099546016057,370,88,1480,5721,7201
646,morphem,Raw,std_ctrl__tvn_efaar_e1.0_c304,0.3425451733655333,0.09714192504142848,0.03327549755437776,370,50,1480,5817,7297
647,morphem,Raw,std_ctrl__tvn_efaar_e1.0_c304,0.4040309109049923,0.020282958843352177,0.00819494233732805,370,81,1480,5625,7105
648,morphem,Raw,std_ctrl__tvn_efaar_e1.0_c304,0.3613371978970259,0.04127242919382121,0.014913263915298763,370,74,1480,5593,7073
649,morphem,Raw,std_ctrl__tvn_efaar_e1.0_c304,0.3628252681967197,0.0797568310537731,0.028937793617605685,370,83,1480,5785,7265
650,morphem,Raw,std_ctrl__tvn_efaar_e1.0_c304,0.3441047675518721,0.009883742337556376,0.003401042859607434,370,74,1480,5721,7201
651,morphem,Raw,std_ctrl__tvn_efaar_e1.0_c304,0.3663264758283777,0.03660310763427414,0.013408687424030433,370,104,1480,5881,7361
652,morphem,Raw,std_ctrl__tvn_efaar_e1.0_c304,0.3232231845549594,0.0011847996700643743,0.00038295472241787223,370,82,1480,5497,6977
653,morphem,Raw,std_ctrl__tvn_efaar_e1.0_c304,0.35431896750518105,0.056408648064261484,0.019986653940492257,370,55,1480,5401,6881
654,morphem,Raw,std_ctrl__tvn_efaar_e1.0_c304,0.3977827817301523,0.015833924529437365,0.0062984625450248875,370,72,1480,5785,7265
655,morphem,Raw,std_ctrl__tvn_efaar_e1.0_c304,0.35744357224519746,0.00725085861424262,0.002591772804919744,370,77,1480,5657,7137
656,morphem,Raw,std_ctrl__tvn_efaar_e1.0_c304,0.3877697827723647,0.048492164170094505,0.018803795966399393,370,56,1480,5625,7105
657,morphem,Raw,std_ctrl__tvn_efaar_e1.0_c304,0.3579979097248898,-0.02606422294529248,-0.00933093733301822,370,82,1480,5401,6881
658,morphem,Raw,std_ctrl__tvn_efaar_e1.0_c304,0.37847339019868065,-0.004674332369019346,-0.0017691104186181824,370,67,1480,5657,7137
659,morphem,Raw,std_ctrl__tvn_efaar_e1.0_c304,0.3653207898920131,0.05807266915305234,0.021215153366130626,370,61,1480,5561,7041
660,morphem,Raw,std_ctrl__tvn_efaar_e1.0_c304,0.32316542886589544,0.0037209185453780064,0.0012024722374921473,370,82,1480,5785,7265
661,morphem,Raw,std_ctrl__tvn_efaar_e1.0_c304,0.3326592682896211,0.018851963982175084,0.006271280544132655,370,73,1480,5689,7169
662,morphem,Raw,std_ctrl__tvn_efaar_e1.0_c304,0.37760216369087085,0.05737732658171913,0.02166580266405486,370,71,1480,5628,7108
663,morphem,Raw,std_ctrl__tvn_efaar_e1.0_c304,0.32282868463248277,0.05734800224341509,0.018513580130542363,370,90,1480,5721,7201
664,morphem,Raw,std_ctrl__tvn_efaar_e1.0_c304,0.37037651206388233,0.055901755715732485,0.020704697300240195,370,61,1480,5593,7073
665,morphem,Raw,std_ctrl__tvn_efaar_e1.0_c304,0.3672167836977522,0.0246973158116591,0.009069268878325093,370,66,1480,5785,7265
666,morphem,Raw,std_ctrl__tvn_efaar_e1.0_c304,0.41295137523279957,0.16039590056743228,0.06623570772102454,370,64,1480,5657,7137
667,morphem,Raw,std_ctrl__tvn_efaar_e1.0_c304,0.36003181383347066,0.012010661512839492,0.004324220249807459,370,75,1480,5753,7233
668,morphem,Raw,std_ctrl__tvn_efaar_e1.0_c304,0.35028038625850644,0.009930112636349164,0.0034783236898508606,370,76,1480,5625,7105
669,morphem,Raw,std_ctrl__tvn_efaar_e1.0_c304,0.3927035502660261,0.12320626708075753,0.048383538497637706,370,62,1480,5753,7233
670,morphem,Raw,std_ctrl__tvn_efaar_e1.0_c304,0.3430951254990527,0.013860860620568993,0.004755593714138996,370,65,1480,5721,7201
671,morphem,Raw,std_ctrl__tvn_efaar_e1.0_c304,0.3565012190250191,0.03363075462236667,0.011989405019605014,370,81,1480,5817,7297
672,morphem,Raw,std_ctrl__tvn_efaar_e1.0_c304,0.36123595184441876,0.08755420204817403,0.031627725514850706,370,71,1480,5625,7105
673,morphem,Raw,std_ctrl__tvn_efaar_e1.0_c304,0.41503978283996706,0.16890100836658456,0.07010063783391872,370,46,1480,5657,7137
674,morphem,Raw,std_ctrl__tvn_efaar_e1.0_c304,0.33298216764244903,0.005331092786367482,0.0017751588319076677,370,67,1480,5753,7233
675,morphem,Raw,std_ctrl__tvn_efaar_e1.0_c304,0.38231734803708994,0.10829702715424068,0.04140383222191001,370,76,1480,5497,6977
676,morphem,Raw,std_ctrl__tvn_efaar_e1.0_c304,0.39345697057980106,0.04632567898079889,0.018227161311837495,370,80,1480,5593,7073
677,morphem,Raw,std_ctrl__tvn_efaar_e1.0_c304,0.3310772805091526,-0.02020706953240539,-0.006690101627848131,370,110,1480,5657,7137
678,morphem,Raw,std_ctrl__tvn_efaar_e1.0_c304,0.33346410881648547,0.004008436679595168,0.001336669765108515,370,79,1480,5913,7393
679,morphem,Raw,std_ctrl__tvn_efaar_e1.0_c304,0.3750772567061765,-0.05634837291639114,-0.0211349931333366,370,86,1480,5785,7265
680,morphem,Raw,std_ctrl__tvn_efaar_e1.0_c304,0.38710153243816475,-0.004374921591459696,-0.0016935388523508627,370,79,1480,5625,7105
681,morphem,Raw,std_ctrl__tvn_efaar_e1.0_c304,0.374092722099239,0.05911754419225135,0.022115443030701364,370,78,1480,5561,7041
682,morphem,Raw,std_ctrl__tvn_efaar_e1.0_c304,0.3643171592945452,0.07908234003050982,0.028811053470280637,370,71,1480,5657,7137
683,morphem,Raw,std_ctrl__tvn_efaar_e1.0_c304,0.3902425721836416,0.04297689976770836,0.01677141590982906,370,75,1480,5433,6913
684,morphem,Raw,std_ctrl__tvn_efaar_e1.0_c304,0.3562796525481753,0.06728791403225064,0.023973314632101745,370,86,1480,5721,7201
685,morphem,Raw,std_ctrl__tvn_efaar_e1.0_c304,0.3706249912466198,-0.018309258695953626,-0.00678586884391991,370,80,1480,5625,7105
686,morphem,Raw,std_ctrl__tvn_efaar_e1.0_c304,0.3407188623949562,-0.022274800084078446,-0.007589444544722283,370,93,1480,5369,6849
687,morphem,Raw,std_ctrl__tvn_efaar_e1.0_c304,0.34661505615224775,0.03174135099571345,0.011002030157727423,370,49,1480,5497,6977
688,morphem,Raw,std_ctrl__tvn_efaar_e1.0_c304,0.363488851570971,0.0035422908117107594,0.0012875832190791467,370,59,1480,5721,7201
689,morphem,Raw,std_ctrl__tvn_efaar_e1.0_c304,0.34806976012696816,0.07852258570384413,0.027331337570486326,370,73,1480,5881,7361
690,morphem,Raw,std_ctrl__tvn_efaar_e1.0_c304,0.36681245542021956,0.0118830285858889,0.004358842893418567,370,88,1480,5465,6945
691,morphem,Raw,std_ctrl__tvn_efaar_e1.0_c304,0.35315194683434514,0.029596970266892123,0.01045222767015118,370,77,1480,5561,7041
692,morphem,Raw,std_ctrl__tvn_efaar_e1.0_c304,0.35460981844173156,0.028120679605060282,0.00997186908920853,370,63,1480,5657,7137
693,morphem,Raw,std_ctrl__tvn_efaar_e1.0_c304,0.3482693891846899,0.057170621981639864,0.01991077759685452,370,91,1480,5945,7425
694,morphem,Raw,std_ctrl__tvn_efaar_e1.0_c304,0.3759399583358978,0.14077117731636135,0.05292151053520816,370,73,1480,5337,6817
695,morphem,Raw,std_ctrl__tvn_efaar_e1.0_c304,0.34698145848127815,0.06148484442716036,0.02133410099383059,370,77,1480,5721,7201
696,morphem,Raw,std_ctrl__tvn_efaar_e1.0_c304,0.376217686591418,0.045761404124473805,0.01721624959488451,370,92,1480,5849,7329
697,morphem,Raw,std_ctrl__tvn_efaar_e1.0_c304,0.3586840545038723,0.1286081706790867,0.046129700101500845,370,59,1480,5849,7329
698,morphem,Raw,std_ctrl__tvn_efaar_e1.0_c304,0.35092058276530463,-0.008252350074391413,-0.00289591949728874,370,76,1480,5657,7137
699,morphem,Raw,std_ctrl__tvn_efaar_e1.0_c304,0.35393057420851987,0.053377275813278294,0.018891849878280124,370,60,1480,5529,7009
700,morphem,Raw,std_ctrl__tvn_efaar_e1.0_c304,0.39144433830160347,0.07365808911015637,0.028833041952285702,370,74,1480,5913,7393
701,morphem,Raw,std_ctrl__tvn_efaar_e1.0_c304,0.33661046158430147,0.12947074739973535,0.043581208043889416,370,108,1480,5785,7265
702,morphem,Raw,std_ctrl__tvn_efaar_e1.0_c304,0.33402208406686723,0.09105221057369897,0.030413449134722177,370,97,1480,5689,7169
703,morphem,Raw,std_ctrl__tvn_efaar_e1.0_c304,0.32041331866329353,0.04396652030708846,0.014087458681671302,370,71,1480,5401,6881
704,morphem,Raw,std_ctrl__tvn_efaar_e1.0_c304,0.3584776662047146,0.05588806339295548,0.020034622533807826,370,63,1480,5689,7169
705,morphem,Raw,std_ctrl__tvn_efaar_e1.0_c304,0.3391794087726626,0.017477948654941393,0.005928160291341976,370,84,1480,5529,7009
706,morphem,Raw,std_ctrl__tvn_efaar_e1.0_c304,0.35478597953483465,0.04040197546257786,0.014334054439633039,370,74,1480,5753,7233
707,morphem,Raw,std_ctrl__tvn_efaar_e1.0_c304,0.32944219869758107,0.02928983182262447,0.009649306595127784,370,71,1480,5593,7073
708,morphem,Raw,std_ctrl__tvn_efaar_e1.0_c304,0.37507931263587085,0.10977684381339767,0.041175023120864546,370,97,1480,5593,7073
709,morphem,Raw,std_ctrl__tvn_efaar_e1.0_c304,0.3477241979807471,0.10396809642061251,0.03615222294344247,370,67,1480,5785,7265
710,morphem,Raw,std_ctrl__tvn_efaar_e1.0_c304,0.3735037719758724,0.06146825572437979,0.022958625369833365,370,68,1480,5689,7169
711,morphem,Raw,std_ctrl__tvn_efaar_e1.0_c304,0.33508752088389854,0.010888970976480679,0.0036487582894856345,370,72,1480,5881,7361
712,morphem,Raw,std_ctrl__tvn_efaar_e1.0_c304,0.34727379118573326,0.02163084635293005,0.00751182601953811,370,75,1480,5753,7233
713,morphem,Raw,std_ctrl__tvn_efaar_e1.0_c304,0.3641131204241677,0.05841093766824869,0.021268188781287587,370,55,1480,5529,7009
714,morphem,Raw,std_ctrl__tvn_efaar_e1.0_c304,0.34120414287522205,0.024834983780917808,0.008473799354288101,370,69,1480,5881,7361
715,morphem,Raw,std_ctrl__tvn_efaar_e1.0_c304,0.3154013823574985,0.001912956354147833,0.0006033490784877869,370,65,1480,5561,7041
716,morphem,Raw,std_ctrl__tvn_efaar_e1.0_c304,0.3670601687141042,-0.06705868035221929,-0.024614570523830797,370,72,1480,5721,7201
717,morphem,Raw,std_ctrl__tvn_efaar_e1.0_c304,0.35743910026576503,0.029791866979488612,0.010648778128385765,370,73,1480,5529,7009
718,morphem,Raw,std_ctrl__tvn_efaar_e1.0_c304,0.37620885012323607,0.046346496459514344,0.017435962140274524,370,74,1480,5657,7137
719,morphem,Raw,std_ctrl__tvn_efaar_e1.0_c304,0.35225164610586407,-0.037304342077209576,-0.013140515903593322,370,76,1480,5529,7009
720,morphem,Raw,std_ctrl__tvn_efaar_e1.0_c304,0.3724576523451958,-0.0010626831489478647,-0.0003958044708439217,370,60,1480,5625,7105
721,morphem,Raw,std_ctrl__tvn_efaar_e1.0_c304,0.353511489343662,0.00985484913800432,0.003483802396033011,370,72,1480,5689,7169
722,morphem,Raw,std_ctrl__tvn_efaar_e1.0_c304,0.34789559029377076,0.10148258112241276,0.03530534246411727,370,86,1480,5593,7073
723,morphem,Raw,std_ctrl__tvn_efaar_e1.0_c304,0.35650043590228614,-0.0067185860775744915,-0.002395178865302337,370,80,1480,5721,7201
724,morphem,Raw,std_ctrl__tvn_efaar_e1.0_c304,0.37614301516783666,-0.01163437255047239,-0.004376187970720599,370,53,1480,5913,7393
725,morphem,Raw,std_ctrl__tvn_efaar_e1.0_c304,0.37378181346830575,-0.004117354598331302,-0.0015389922684563417,370,60,1480,5721,7201
726,morphem,Raw,std_ctrl__tvn_efaar_e1.0_c304,0.38328586258304687,0.009734008894342982,0.0037309079954593004,370,75,1480,5785,7265
727,morphem,Raw,std_ctrl__tvn_efaar_e1.0_c304,0.3704530608395541,0.11472121230210275,0.042498824240538274,370,51,1480,5913,7393
728,morphem,Raw,std_ctrl__tvn_efaar_e1.0_c304,0.37178974444827406,0.04075886543027122,0.015153728162322128,370,97,1480,5561,7041
729,morphem,Raw,std_ctrl__tvn_efaar_e1.0_c304,0.37185010895321274,0.025260521106012363,0.009393127525485627,370,75,1480,5535,7015
730,morphem,Raw,std_ctrl__tvn_efaar_e1.0_c304,0.35587768631459143,0.018116778928793934,0.006447357368652128,370,53,1480,5849,7329
731,morphem,Raw,std_ctrl__tvn_efaar_e1.0_c304,0.3657104493753985,-0.06066008030154514,-0.022184025226225833,370,93,1480,5593,7073
732,morphem,Raw,std_ctrl__tvn_efaar_e1.0_c304,0.3491167344609814,0.007227049619792907,0.002523083963049577,370,59,1480,5753,7233
733,morphem,Raw,std_ctrl__tvn_efaar_e1.0_c304,0.37442723290891977,-0.008747557276187557,-0.0032753236656351942,370,80,1480,5945,7425
734,morphem,Raw,std_ctrl__tvn_efaar_e1.0_c304,0.36174403110274134,0.006789942632354995,0.0024562212187844547,370,64,1480,5625,7105
735,morphem,Raw,std_ctrl__tvn_efaar_e1.0_c304,0.367440045085814,0.016022131621672497,0.005887172765438189,370,100,1480,5945,7425
736,morphem,Raw,std_ctrl__tvn_efaar_e1.0_c304,0.37504751555615845,0.016270492523131615,0.006102207797675565,370,57,1480,5657,7137
737,morphem,Raw,std_ctrl__tvn_efaar_e1.0_c304,0.36534671841784566,0.0171087995981268,0.006250643789244182,370,79,1480,5753,7233
738,morphem,Raw,std_ctrl__tvn_efaar_e1.0_c304,0.3529778970966874,0.05810121416836238,0.020508444395912814,370,93,1480,5785,7265
739,morphem,Raw,std_ctrl__tvn_efaar_e1.0_c304,0.3446944308970689,0.11214905508256294,0.038657154717328064,370,110,1480,5721,7201
740,morphem,Raw,std_ctrl__tvn_efaar_e1.0_c304,0.38715674383514503,-0.0009218907849352014,-0.00035691623446713856,370,67,1480,5497,6977
741,morphem,Raw,std_ctrl__tvn_efaar_e1.0_c304,0.3290897544263848,0.025371038223789066,0.008349348738609165,370,101,1480,5945,7425
742,morphem,Raw,std_ctrl__tvn_efaar_e1.0_c304,0.36868897783601334,-0.02581553451581727,-0.00951790303292699,370,47,1480,5593,7073
743,morphem,Raw,std_ctrl__tvn_efaar_e1.0_c304,0.35943257050045346,0.00462130945110658,0.0016610491350892776,370,64,1480,5625,7105
744,morphem,Raw,std_ctrl__tvn_efaar_e1.0_c304,0.3735572868277912,0.11981221549106547,0.044756726147669075,370,74,1480,5593,7073
745,morphem,Raw,std_ctrl__tvn_efaar_e1.0_c304,0.3396991358053588,0.031932615704110136,0.010847481958690843,370,76,1480,5593,7073
746,morphem,Raw,std_ctrl__tvn_efaar_e1.0_c304,0.36071909777206124,0.023292760357412932,0.008402143500746827,370,56,1480,5657,7137
747,morphem,Raw,std_ctrl__tvn_efaar_e1.0_c304,0.35132229253503583,0.09055366776211157,0.031813522155641004,370,77,1480,5913,7393
748,morphem,Raw,std_ctrl__tvn_efaar_e1.0_c304,0.3377635842953672,-0.018289094506208966,-0.006177390113933849,370,78,1480,5721,7201
749,morphem,Raw,std_ctrl__tvn_efaar_e1.0_c304,0.3529120343643164,0.057485256149036545,0.020287238693510314,370,85,1480,5724,7204
750,morphem,Raw,std_ctrl__tvn_efaar_e1.0_c304,0.35562677992206465,0.011432875540076893,0.004065836713567281,370,84,1480,5753,7233
751,morphem,Raw,std_ctrl__tvn_efaar_e1.0_c304,0.381663274459775,-0.013883261539721446,-0.005298731059431544,370,78,1480,5753,7233
752,morphem,Raw,std_ctrl__tvn_efaar_e1.0_c304,0.42152431732075746,0.11427305678917163,0.04816887225121172,370,47,1480,5625,7105
753,morphem,Raw,std_ctrl__tvn_efaar_e1.0_c304,0.35680834713550297,0.08101301073859693,0.028906118458109524,370,71,1480,5401,6881
754,morphem,Raw,std_ctrl__tvn_efaar_e1.0_c304,0.3384194316303684,-0.008177895073688192,-0.0027675586027703478,370,72,1480,5785,7265
755,morphem,Raw,std_ctrl__tvn_efaar_e1.0_c304,0.380802886691379,0.01979017738466289,0.007536156676214075,370,79,1480,5657,7137
756,morphem,Raw,std_ctrl__tvn_efaar_e1.0_c304,0.37845187654262963,0.08556472424716344,0.03238213045719165,370,69,1480,5593,7073
757,morphem,Raw,std_ctrl__tvn_efaar_e1.0_c304,0.3629246252056891,0.03954561286919384,0.01435207672908145,370,52,1480,5657,7137
758,morphem,Raw,std_ctrl__tvn_efaar_e1.0_c304,0.3463895363400655,0.08790872746029393,0.030450663345216396,370,95,1480,5593,7073
759,morphem,Raw,std_ctrl__tvn_efaar_e1.0_c304,0.37752299566001835,-0.03993001872226098,-0.015074500284788583,370,81,1480,5753,7233
760,morphem,Raw,std_ctrl__tvn_efaar_e1.0_c304,0.3372097904048291,0.028528558303793607,0.009620109166174189,370,62,1480,5593,7073
761,morphem,Raw,std_ctrl__tvn_efaar_e1.0_c304,0.36409771923919704,0.05079903218746237,0.01849581175901361,370,81,1480,5913,7393
762,morphem,Raw,std_ctrl__tvn_efaar_e1.0_c304,0.40345053943534953,0.11336630290708301,0.04573769606165387,370,88,1480,5721,7201
763,morphem,Raw,std_ctrl__tvn_efaar_e1.0_c304,0.3525906003766273,0.016822616424822488,0.005931496425133873,370,63,1480,5689,7169
764,morphem,Raw,std_ctrl__tvn_efaar_e1.0_c304,0.35299357402167086,-0.014224493001915849,-0.0050211546233925215,370,81,1480,5849,7329
765,morphem,Raw,std_ctrl__tvn_efaar_e1.0_c304,0.3593484549346739,0.06287619139332336,0.022594462229367587,370,79,1480,5945,7425
766,morphem,Raw,std_ctrl__tvn_efaar_e1.0_c304,0.33878834228312865,0.04423623932013696,0.014986722188108955,370,79,1480,5881,7361
767,morphem,Raw,std_ctrl__tvn_efaar_e1.0_c304,0.32020263739271226,0.037786511584933076,0.012099340667365847,370,88,1480,5753,7233
768,morphem,Raw,std_ctrl__tvn_efaar_e1.0_c304,0.3755373151674177,0.016083365205654947,0.006039903788188721,370,80,1480,5689,7169
769,morphem,Raw,std_ctrl__tvn_efaar_e1.0_c304,0.3680914300814052,-0.0025772158458804177,-0.0009486510663385813,370,90,1480,5785,7265
770,morphem,Raw,std_ctrl__tvn_efaar_e1.0_c304,0.34873821716322295,-0.0023566980279888434,-0.0008218706686729125,370,66,1480,5657,7137
771,morphem,Raw,std_ctrl__tvn_efaar_e1.0_c304,0.3417413702402378,-0.0010486638618167458,-0.0003583718250586741,370,79,1480,5689,7169
772,morphem,Raw,std_ctrl__tvn_efaar_e1.0_c304,0.3391846686202094,-0.001267299005247139,-0.0004298483931374719,370,106,1480,5983,7463
773,morphem,Raw,std_ctrl__tvn_efaar_e1.0_c304,0.3669938906501382,0.0491131046559116,0.018024209359580417,370,63,1480,5593,7073
774,morphem,Raw,std_ctrl__tvn_efaar_e1.0_c304,0.3881316105604806,-0.05861921585895972,-0.022751970661130504,370,91,1480,5593,7073
775,morphem,Raw,std_ctrl__tvn_efaar_e1.0_c304,0.32631619294074965,0.020093010228961383,0.006556674602634219,370,77,1480,5689,7169
776,morphem,Raw,std_ctrl__tvn_efaar_e1.0_c304,0.35286033334984074,-0.04316391933186171,-0.015230834964126357,370,81,1480,5913,7393
777,morphem,Raw,std_ctrl__tvn_efaar_e1.0_c304,0.35051336996036775,0.07465002354688124,0.026165831321038148,370,45,1480,5529,7009
778,morphem,Raw,std_ctrl__tvn_efaar_e1.0_c304,0.37810464493725854,0.08321587943949496,0.03146431054861196,370,77,1480,5721,7201
779,morphem,Raw,std_ctrl__tvn_efaar_e1.0_c304,0.3524822301227881,0.04564943124913071,0.01609061333053049,370,83,1480,5721,7201
780,morphem,Raw,std_ctrl__tvn_efaar_e1.0_c304,0.3553478708057719,0.05639685752286181,0.020040503240885424,370,75,1480,5657,7137
781,morphem,Raw,std_ctrl__tvn_efaar_e1.0_c304,0.3731428182042185,-0.004062202291414369,-0.0015157816111339918,370,55,1480,5689,7169
782,morphem,Raw,std_ctrl__tvn_efaar_e1.0_c304,0.3729133511951485,0.08575122279558804,0.031977775861784546,370,88,1480,5369,6849
783,morphem,Raw,std_ctrl__tvn_efaar_e1.0_c304,0.35791075912685244,0.041252874948012726,0.014764847788808348,370,67,1480,5273,6753
784,morphem,Raw,std_ctrl__tvn_efaar_e1.0_c304,0.3571724960614453,0.028696421724434183,0.010249572575348042,370,62,1480,5785,7265
785,morphem,Raw,std_ctrl__tvn_efaar_e1.0_c304,0.348033535612491,0.061141867279663954,0.021279420243291124,370,73,1480,5401,6881
786,morphem,Raw,std_ctrl__tvn_efaar_e1.0_c304,0.3660720638278532,-0.00957616695240196,-0.0035055671998258683,370,83,1480,5657,7137
787,morphem,Raw,std_ctrl__tvn_efaar_e1.0_c304,0.3507377758998639,-0.015160870612129038,-0.005317490039203746,370,64,1480,5625,7105
788,morphem,Raw,std_ctrl__tvn_efaar_e1.0_c304,0.33904455588208693,0.0002925700932483652,9.919429732977274e-05,370,90,1480,5756,7236
789,morphem,Raw,std_ctrl__tvn_efaar_e1.0_c304,0.3471550189125714,0.015723443982086853,0.005458472492972119,370,63,1480,5593,7073
790,morphem,Raw,std_ctrl__tvn_efaar_e1.0_c304,0.3520857916867414,0.052781332313719564,0.01858355717395694,370,89,1480,6009,7489
791,morphem,Raw,std_ctrl__tvn_efaar_e1.0_c304,0.3403468826131737,0.11762266528048801,0.04003250745286687,370,85,1480,5465,6945
792,morphem,Raw,std_ctrl__tvn_efaar_e1.0_c304,0.31047309857585165,-0.005343796010076961,-0.0016591049054058668,370,65,1480,5852,7332
793,morphem,Raw,std_ctrl__tvn_efaar_e1.0_c304,0.3455400209494622,0.046240957558093196,0.015978101443346715,370,70,1480,5625,7105
794,morphem,Raw,std_ctrl__tvn_efaar_e1.0_c304,0.40067028112837316,0.05258888106573813,0.021070801760835877,370,70,1480,5785,7265
795,morphem,Raw,std_ctrl__tvn_efaar_e1.0_c304,0.362886317457072,0.012379834893719134,0.004492472695308299,370,71,1480,5785,7265
796,morphem,Raw,std_ctrl__tvn_efaar_e1.0_c304,0.3668940003564859,-0.002687930447469398,-0.0009861855545520467,370,88,1480,5689,7169
797,morphem,Raw,std_ctrl__tvn_efaar_e1.0_c304,0.37271884487869844,0.035573410577184064,0.013258880498723718,370,56,1480,5817,7297
798,morphem,Raw,std_ctrl__tvn_efaar_e1.0_c304,0.37747667678339897,0.009656352336914217,0.003645047789987987,370,67,1480,5753,7233
799,morphem,Raw,std_ctrl__tvn_efaar_e1.0_c304,0.3521781041198255,0.03785489590606259,0.013331665471850466,370,87,1480,5721,7201
800,morphem,Raw,std_ctrl__tvn_efaar_e1.0_c304,0.3513882705267939,0.020056257499231466,0.007047533635894985,370,49,1480,5625,7105
801,morphem,Raw,std_ctrl__tvn_efaar_e1.0_c304,0.36022280109573707,0.02326899409393465,0.008382022231197302,370,67,1480,5695,7175
802,morphem,Raw,std_ctrl__tvn_efaar_e1.0_c304,0.3304044406480677,0.04759889145379738,0.01572688510626001,370,94,1480,5785,7265
803,morphem,Raw,std_ctrl__tvn_efaar_e1.0_c304,0.36755334339667944,-0.018027409147140263,-0.006626034504811285,370,50,1480,5721,7201
804,morphem,Raw,std_ctrl__tvn_efaar_e1.0_c304,0.3711373668968324,0.07578431854280732,0.028126392436048298,370,85,1480,5689,7169
805,morphem,Raw,std_ctrl__tvn_efaar_e1.0_c304,0.3276020476477623,0.011410443825152642,0.0037380847616897707,370,52,1480,5753,7233
806,morphem,Raw,std_ctrl__tvn_efaar_e1.0_c304,0.37177229582313404,0.0679640656020121,0.02526715670233413,370,74,1480,5817,7297
807,morphem,Raw,std_ctrl__tvn_efaar_e1.0_c304,0.34999468803633327,0.022982760715940243,0.0080438441669892,370,104,1480,5625,7105
808,morphem,Raw,std_ctrl__tvn_efaar_e1.0_c304,0.37644729126868465,0.03504667480156079,0.013193225797022026,370,76,1480,5691,7171
809,morphem,Raw,std_ctrl__tvn_efaar_e1.0_c304,0.34438209614475335,0.05991951928370249,0.020635209650907434,370,90,1480,5689,7169
810,morphem,Raw,std_ctrl__tvn_efaar_e1.0_c304,0.3506392463576723,0.025715608553607962,0.009016901602866008,370,85,1480,5657,7137
811,morphem,Raw,std_ctrl__tvn_efaar_e1.0_c304,0.3367356450781844,0.020011226988288357,0.006738493428707253,370,97,1480,5593,7073
812,morphem,Raw,std_ctrl__tvn_efaar_e1.0_c304,0.3371658084065988,0.16477405423865818,0.05555617720180995,370,102,1480,5561,7041
813,morphem,Raw,std_ctrl__tvn_efaar_e1.0_c304,0.3470599203157553,0.015297324082353073,0.005309088077065742,370,75,1480,5465,6945
814,morphem,Raw,std_ctrl__tvn_efaar_e1.0_c304,0.3604898805206669,0.07399420036648477,0.02667416044933638,370,104,1480,5785,7265
815,morphem,Raw,std_ctrl__tvn_efaar_e1.0_c304,0.38831589333051875,0.010247262169208769,0.003979174763428332,370,89,1480,5817,7297
816,morphem,Raw,std_ctrl__tvn_efaar_e1.0_c304,0.3524434092780418,0.017057611825873623,0.0060118428660523434,370,79,1480,5465,6945
817,morphem,Raw,std_ctrl__tvn_efaar_e1.0_c304,0.3874198430669074,0.04528161374457499,0.01754299569073956,370,53,1480,5913,7393
818,morphem,Raw,std_ctrl__tvn_efaar_e1.0_c304,0.3212248999672062,0.00573624574062679,0.0018426249642201533,370,83,1480,5657,7137
819,morphem,Raw,std_ctrl__tvn_efaar_e1.0_c304,0.3440456131747269,0.030040426486628507,0.010335276950622412,370,61,1480,5689,7169
820,morphem,Raw,std_ctrl__tvn_efaar_e1.0_c304,0.3460607494628286,0.05014769816740334,0.017354150011647317,370,59,1480,5689,7169
821,morphem,Raw,std_ctrl__tvn_efaar_e1.0_c304,0.38130159263339897,-0.03849899036519274,-0.014679726341025875,370,75,1480,5465,6945
822,morphem,Raw,std_ctrl__tvn_efaar_e1.0_c304,0.329126312941456,0.03215060457707004,0.010581609943289761,370,86,1480,5849,7329
823,morphem,Raw,std_ctrl__tvn_efaar_e1.0_c304,0.36365546701211815,0.06442444421180445,0.0234283013468399,370,85,1480,5691,7171
824,morphem,Raw,std_ctrl__tvn_efaar_e1.0_c304,0.37002248837873253,-0.02541826419750564,-0.009405329368629084,370,69,1480,5977,7457
825,morphem,Raw,std_ctrl__tvn_efaar_e1.0_c304,0.3845428193183303,-0.019520019033117675,-0.007506283152142538,370,51,1480,5497,6977
826,morphem,Raw,std_ctrl__tvn_efaar_e1.0_c304,0.38128116832649894,0.019130129934014212,0.007293958291478669,370,77,1480,5849,7329
827,morphem,Raw,std_ctrl__tvn_efaar_e1.0_c304,0.38353912003257296,0.045341949164644194,0.01739041128316929,370,67,1480,5721,7201
828,morphem,Raw,std_ctrl__tvn_efaar_e1.0_c304,0.367192432889258,0.07803636610158465,0.028654363122677693,370,70,1480,5849,7329
829,morphem,Raw,std_ctrl__tvn_efaar_e1.0_c304,0.33337056158740314,0.03491920597029743,0.011641035304504254,370,55,1480,5561,7041
830,morphem,Raw,std_ctrl__tvn_efaar_e1.0_c304,0.35123359817836186,-0.029293738374946025,-0.010288945133527851,370,70,1480,5401,6881
831,morphem,Raw,std_ctrl__tvn_efaar_e1.0_c304,0.3608239443205318,0.07458138982134906,0.026910751248246326,370,69,1480,5753,7233
832,morphem,Raw,std_ctrl__tvn_efaar_e1.0_c304,0.380337061187851,0.07881936120532658,0.029977924205537625,370,72,1480,5753,7233
833,morphem,Raw,std_ctrl__tvn_efaar_e1.0_c304,0.3678795015003949,0.08229285233233216,0.030273853493063965,370,68,1480,5881,7361
834,morphem,Raw,std_ctrl__tvn_efaar_e1.0_c304,0.37275279435780834,0.022811450452653346,0.008503031899581227,370,76,1480,5785,7265
835,morphem,Raw,std_ctrl__tvn_efaar_e1.0_c304,0.3679063440819854,0.08070222939320877,0.029690862175321183,370,69,1480,5881,7361
836,morphem,Raw,std_ctrl__tvn_efaar_e1.0_c304,0.3710865645752272,0.09265377722645007,0.03438257188588178,370,99,1480,5785,7265
837,morphem,Raw,std_ctrl__tvn_efaar_e1.0_c304,0.3402383263909554,0.014638907565402618,0.0049807174102444824,370,73,1480,5401,6881
838,morphem,Raw,std_ctrl__tvn_efaar_e1.0_c304,0.35482992596228746,0.010849237212090797,0.003849634036713472,370,69,1480,5817,7297
839,morphem,Raw,std_ctrl__tvn_efaar_e1.0_c304,0.37596146966495475,0.02270739791633117,0.008537106692890798,370,64,1480,5817,7297
840,morphem,Raw,std_ctrl__tvn_efaar_e1.0_c304,0.3905190594775973,-0.017697995485838603,-0.006911404551768454,370,60,1480,5849,7329
841,morphem,Raw,std_ctrl__tvn_efaar_e1.0_c304,0.3466496075701292,-0.010154685255006301,-0.0035201176586461113,370,82,1480,5881,7361
842,morphem,Raw,std_ctrl__tvn_efaar_e1.0_c304,0.37513442260467234,0.0316939105221848,0.011889476823823944,370,68,1480,5753,7233
843,morphem,Raw,std_ctrl__tvn_efaar_e1.0_c304,0.340159386653575,0.04803104380100487,0.01633821039968081,370,78,1480,5625,7105
844,morphem,Raw,std_ctrl__tvn_efaar_e1.0_c304,0.38222774774803236,0.006098171731557078,0.0023308904463337807,370,96,1480,5881,7361
845,morphem,Raw,std_ctrl__tvn_efaar_e1.0_c304,0.3382382694444785,0.03297696292477702,0.011154070871211307,370,71,1480,5785,7265
846,morphem,Raw,std_ctrl__tvn_efaar_e1.0_c304,0.33489471091633105,0.06806200505956818,0.022793605508809947,370,76,1480,5785,7265
847,morphem,Raw,std_ctrl__tvn_efaar_e1.0_c304,0.3492112831447344,0.09742134664693748,0.034020633468265005,370,57,1480,5625,7105
848,morphem,Raw,std_ctrl__tvn_efaar_e1.0_c304,0.3512870670028724,-0.04015342428391066,-0.014105378646816887,370,41,1480,5660,7140
849,morphem,Raw,std_ctrl__tvn_efaar_e1.0_c304,0.36094981809566323,0.027912073041272956,0.01007485768692034,370,70,1480,5663,7143
850,morphem,Raw,std_ctrl__tvn_efaar_e1.0_c304,0.3689592579755051,0.059805306771850475,0.0220657216095394,370,75,1480,5881,7361
851,morphem,Raw,std_ctrl__tvn_efaar_e1.0_c304,0.34884233643480084,0.07523357820691268,0.02624465720004973,370,91,1480,5561,7041
852,morphem,Raw,std_ctrl__tvn_efaar_e1.0_c304,0.32533799807990665,0.05085728273791379,0.016545806553736667,370,82,1480,5657,7137
853,morphem,Raw,std_ctrl__tvn_efaar_e1.0_c304,0.3571189961447623,0.14667243667788243,0.05237951334851158,370,80,1480,5689,7169
854,morphem,Raw,std_ctrl__tvn_efaar_e1.0_c304,0.37467870299454176,-0.017403452465888918,-0.006520702997546419,370,103,1480,5785,7265
855,morphem,Raw,std_ctrl__tvn_efaar_e1.0_c304,0.35312087969765477,-0.018986952522405225,-0.006704689377489338,370,56,1480,5689,7169
856,morphem,Raw,std_ctrl__tvn_efaar_e1.0_c304,0.33153186783094546,0.04044533544425667,0.013408917604883558,370,72,1480,5753,7233
857,morphem,Raw,std_ctrl__tvn_efaar_e1.0_c304,0.36117479345562736,0.07487237815329836,0.02704201571504916,370,83,1480,5625,7105
858,morphem,Raw,std_ctrl__tvn_efaar_e1.0_c304,0.3900999392334188,0.20497773813555042,0.07996180319088185,370,65,1480,5785,7265
859,morphem,Raw,std_ctrl__tvn_efaar_e1.0_c304,0.3462824705290811,0.03832182361549777,0.013270175756754252,370,53,1480,5689,7169
860,morphem,Raw,std_ctrl__tvn_efaar_e1.0_c304,0.3681510068911712,0.10091490648278097,0.03715192443196419,370,60,1480,5561,7041
861,morphem,Raw,std_ctrl__tvn_efaar_e1.0_c304,0.3661083879639702,0.10110505763134625,0.03701540966441648,370,85,1480,5817,7297
862,morphem,Raw,std_ctrl__tvn_efaar_e1.0_c304,0.3769405775300955,0.10579168008809989,0.03987717699028748,370,58,1480,5625,7105
863,morphem,Raw,std_ctrl__tvn_efaar_e1.0_c304,0.3705542923226351,0.07516894382116124,0.027854174782290315,370,86,1480,5470,6950
864,morphem,Raw,std_ctrl__tvn_efaar_e1.0_c304,0.3338068122524472,-0.003446469911805407,-0.0011504551347837357,370,53,1480,5785,7265
865,morphem,Raw,std_ctrl__tvn_efaar_e1.0_c304,0.3489860484257674,0.21930919794636572,0.0765358503747266,370,61,1480,5881,7361
866,morphem,Raw,std_ctrl__tvn_efaar_e1.0_c304,0.3425535249826177,-0.004984897295212889,-0.0017075941401514918,370,80,1480,5817,7297
867,morphem,Raw,std_ctrl__tvn_efaar_e1.0_c304,0.34950059828860147,0.009169643750268405,0.0032047959768121428,370,67,1480,6009,7489
868,morphem,Raw,std_ctrl__tvn_efaar_e1.0_c304,0.34254361015893026,0.049728692829576614,0.017034245970327683,370,83,1480,5689,7169
869,morphem,Raw,std_ctrl__tvn_efaar_e1.0_c304,0.3889049341254827,-0.012627087313599409,-0.004910736559892097,370,64,1480,5625,7105
870,morphem,Raw,std_ctrl__tvn_efaar_e1.0_c304,0.3267856519093856,0.11875234398104013,0.0388065621436118,370,46,1480,6009,7489
871,morphem,Raw,std_ctrl__tvn_efaar_e1.0_c304,0.3576636779856138,0.058340198073855785,0.020866169817504485,370,80,1480,5817,7297
872,morphem,Raw,std_ctrl__tvn_efaar_e1.0_c304,0.3630462095611498,-0.020615344315170273,-0.007484322612420565,370,70,1480,5657,7137
873,morphem,Raw,std_ctrl__tvn_efaar_e1.0_c304,0.37814383252119244,0.011621419432113336,0.004394568083395597,370,84,1480,5657,7137
874,morphem,Raw,std_ctrl__tvn_efaar_e1.0_c304,0.3468485222375556,0.04499857066784782,0.015607687738945232,370,100,1480,5721,7201
875,morphem,Raw,std_ctrl__tvn_efaar_e1.0_c304,0.33585412147506305,-0.010541074088463049,-0.0035402631773843083,370,71,1480,5561,7041
876,morphem,Raw,std_ctrl__tvn_efaar_e1.0_c304,0.35589908639274714,0.0053058508325089,0.0018883474638261145,370,71,1480,5817,7297
877,morphem,Raw,std_ctrl__tvn_efaar_e1.0_c304,0.3842301066455411,0.12898714843963904,0.049560745800866744,370,53,1480,5657,7137
878,morphem,Raw,std_ctrl__tvn_efaar_e1.0_c304,0.37641725544108173,0.058003330256827884,0.021833454381717805,370,79,1480,5753,7233
879,morphem,Raw,std_ctrl__tvn_efaar_e1.0_c304,0.3656517343391768,0.0345418689177082,0.012630294277076506,370,90,1480,5785,7265
880,morphem,Raw,std_ctrl__tvn_efaar_e1.0_c304,0.3321562757680997,0.05613918040848032,0.01864698108915429,370,53,1480,5753,7233
881,morphem,Raw,std_ctrl__tvn_efaar_e1.0_c304,0.35990725646307936,0.03437762938179225,0.012372758274505395,370,58,1480,5785,7265
882,morphem,Raw,std_ctrl__tvn_efaar_e1.0_c304,0.3435438279430522,0.02404603767217842,0.008260867828763015,370,64,1480,5785,7265
883,morphem,Raw,std_ctrl__tvn_efaar_e1.0_c304,0.3027812264474889,0.013321881931470872,0.004033615749799393,370,84,1480,5785,7265
884,morphem,Raw,std_ctrl__tvn_efaar_e1.0_c304,0.4128518010858173,0.06393887800333727,0.026397280943084137,370,81,1480,5561,7041
885,morphem,Raw,std_ctrl__tvn_efaar_e1.0_c304,0.35612304490871344,0.08489649037225148,0.03023359665342947,370,62,1480,5401,6881
886,morphem,Raw,std_ctrl__tvn_efaar_e1.0_c304,0.3583799341835156,0.04422784831362577,0.015850373367715716,370,67,1480,5561,7041
887,morphem,Raw,std_ctrl__tvn_efaar_e1.0_c304,0.3835092847575011,0.04586896684451805,0.017591174667106652,370,83,1480,5817,7297
888,morphem,Raw,std_ctrl__tvn_efaar_e1.0_c304,0.36378635945015503,-0.0066064209065385075,-0.0024033258105850366,370,46,1480,5593,7073
889,morphem,Raw,std_ctrl__tvn_efaar_e1.0_c304,0.34884789406927486,-0.026572904510185964,-0.00926990177768231,370,74,1480,5721,7201
890,morphem,Raw,std_ctrl__tvn_efaar_e1.0_c304,0.39649219998864466,0.03542778502080154,0.014046840423622352,370,50,1480,5753,7233
891,morphem,Raw,std_ctrl__tvn_efaar_e1.0_c304,0.3668314077128155,0.1443753508177186,0.052961413179495306,370,82,1480,5401,6881
892,morphem,Raw,std_ctrl__tvn_efaar_e1.0_c304,0.3752298331640866,0.07649647610312171,0.028703759965814896,370,81,1480,5407,6887
893,morphem,Raw,std_ctrl__tvn_efaar_e1.0_c304,0.3154316518143753,0.0002399478590820284,7.568714953956718e-05,370,58,1480,5817,7297
894,morphem,Raw,std_ctrl__tvn_efaar_e1.0_c304,0.3374682941375101,0.034203851251314574,0.01154271533471427,370,63,1480,5753,7233
895,morphem,Raw,std_ctrl__tvn_efaar_e1.0_c304,0.3425241597008511,0.025367918846601684,0.008689125086291626,370,84,1480,5817,7297
896,morphem,Raw,std_ctrl__tvn_efaar_e1.0_c304,0.3250096565309778,0.03896268722852879,0.012663249593668057,370,84,1480,5529,7009
897,morphem,Raw,std_ctrl__tvn_efaar_e1.0_c304,0.3350650342156527,0.05488355983000824,0.018389561852318534,370,79,1480,5689,7169
898,morphem,Raw,std_ctrl__tvn_efaar_e1.0_c304,0.34313246156210325,-0.010583767289676548,-0.0036316341227071837,370,79,1480,5977,7457
899,morphem,Raw,std_ctrl__tvn_efaar_e1.0_c304,0.37906505299422416,0.04245335449248433,0.016092583070476157,370,88,1480,5689,7169
900,morphem,Raw,std_ctrl__tvn_efaar_e1.0_c304,0.3433272781088422,0.06788598675582674,0.023307111054610908,370,65,1480,5849,7329
901,morphem,Raw,std_ctrl__tvn_efaar_e1.0_c304,0.37060327508316393,0.024612746978033135,0.009121564638852326,370,59,1480,5561,7041
902,morphem,Raw,std_ctrl__tvn_efaar_e1.0_c304,0.37599603899351297,0.007779276263162882,0.0029249770611855007,370,52,1480,5849,7329
903,morphem,Raw,std_ctrl__tvn_efaar_e1.0_c304,0.3631448473432076,0.031882752707824376,0.011578057364964122,370,75,1480,5786,7266
904,morphem,Raw,std_ctrl__tvn_efaar_e1.0_c304,0.38275719404063474,0.013943711584371635,0.005337055920545981,370,72,1480,5913,7393
905,morphem,Raw,std_ctrl__tvn_efaar_e1.0_c304,0.36615230235416557,0.09540893124824895,0.03493419984169665,370,65,1480,5753,7233
906,morphem,Raw,std_ctrl__tvn_efaar_e1.0_c304,0.3660244110364192,-0.0021692991129700252,-0.00079401643018668,370,90,1480,5913,7393
907,morphem,Raw,std_ctrl__tvn_efaar_e1.0_c304,0.3826298068103503,0.0175403449973364,0.006711458817717722,370,52,1480,5593,7073
908,morphem,Raw,std_ctrl__tvn_efaar_e1.0_c304,0.3672157394169872,-0.00025665550005369756,-9.424793922765514e-05,370,70,1480,5593,7073
909,morphem,Raw,std_ctrl__tvn_efaar_e1.0_c304,0.35620316014802067,0.0022161471015591594,0.0007893986009282491,370,53,1480,5593,7073
910,morphem,Raw,std_ctrl__tvn_efaar_e1.0_c304,0.38092962935315144,0.06411674082407845,0.024423966317448278,370,55,1480,5465,6945
911,morphem,Raw,std_ctrl__tvn_efaar_e1.0_c304,0.35680780815523994,0.058664549423697976,0.02093196929628442,370,80,1480,5753,7233
912,morphem,Raw,std_ctrl__tvn_efaar_e1.0_c304,0.37613249261840964,0.029108296880847578,0.010948576261669878,370,54,1480,5497,6977
913,morphem,Raw,std_ctrl__tvn_efaar_e1.0_c304,0.3265578221326879,0.0024123876388808616,0.0007877840534927514,370,82,1480,5401,6881
914,morphem,Raw,std_ctrl__tvn_efaar_e1.0_c304,0.3553045302546831,-0.009547862086314364,-0.003392398653514424,370,69,1480,5561,7041
915,morphem,Raw,std_ctrl__tvn_efaar_e1.0_c304,0.34873869856662015,0.04653384118149009,0.01622815121293865,370,101,1480,5849,7329
916,morphem,Raw,std_ctrl__tvn_efaar_e1.0_c304,0.38591788514414843,0.031715496591848275,0.012239577371022534,370,74,1480,5657,7137
917,morphem,Raw,std_ctrl__tvn_efaar_e1.0_c304,0.39251061584649616,0.07282256055860906,0.028583628092378403,370,80,1480,5561,7041
918,morphem,Raw,std_ctrl__tvn_efaar_e1.0_c304,0.3749261953819423,-0.0810144520426459,-0.03037444027530205,370,107,1480,5209,6689
919,morphem,Raw,std_ctrl__tvn_efaar_e1.0_c304,0.35271273733176006,0.06856674729251333,0.024184365127477424,370,70,1480,5599,7079
920,morphem,Raw,std_ctrl__tvn_efaar_e1.0_c304,0.36124944675870607,0.03593086003133922,0.012980003307885797,370,74,1480,5855,7335
921,morphem,Raw,std_ctrl__tvn_efaar_e1.0_c304,0.3788885298611525,0.02799584247462388,0.01060730359743465,370,46,1480,5785,7265
922,morphem,Raw,std_ctrl__tvn_efaar_e1.0_c304,0.34221808851091434,0.04498973399174397,0.01539630076926913,370,115,1480,5721,7201
923,morphem,Raw,std_ctrl__tvn_efaar_e1.0_c304,0.37828696035056686,0.11459483443714338,0.04334973159110343,370,81,1480,5721,7201
924,morphem,Raw,std_ctrl__tvn_efaar_e1.0_c304,0.3538002180749819,0.021260464242637125,0.0075219568854203705,370,74,1480,5785,7265
925,morphem,Raw,std_ctrl__tvn_efaar_e1.0_c304,0.3544737054709396,0.06063244436537039,0.021492607225953433,370,92,1480,5497,6977
926,morphem,Raw,std_ctrl__tvn_efaar_e1.0_c304,0.35109346075020836,0.02826284806563301,0.009922901138020426,370,91,1480,5078,6558
927,morphem,Raw,std_ctrl__tvn_efaar_e1.0_c304,0.37444212416769274,0.09627919544595101,0.03605098645593834,370,53,1480,5785,7265
928,morphem,Raw,std_ctrl__tvn_efaar_e1.0_c304,0.34086116556620505,0.04230478375121029,0.014420057898463791,370,72,1480,5721,7201
929,morphem,Raw,std_ctrl__tvn_efaar_e1.0_c304,0.3498034026768727,-0.00042234776088230736,-0.0001477386838695893,370,73,1480,5561,7041
930,morphem,Raw,std_ctrl__tvn_efaar_e1.0_c304,0.33688467340384654,-0.02132216459435185,-0.007183110455631283,370,77,1480,5657,7137
931,morphem,Raw,std_ctrl__tvn_efaar_e1.0_c304,0.37279226541422467,0.0853872021967502,0.03183168854430896,370,101,1480,5977,7457
932,morphem,Raw,std_ctrl__tvn_efaar_e1.0_c304,0.39962346630050016,0.005004768481327049,0.0020000229285394053,370,66,1480,5689,7169
933,morphem,Raw,std_ctrl__tvn_efaar_e1.0_c304,0.3980547298008747,0.03806522659485804,0.015152043487025287,370,67,1480,5593,7073
934,morphem,Raw,std_ctrl__tvn_efaar_e1.0_c304,0.36896532641953744,0.010540976633078698,0.0038892548842045984,370,53,1480,5561,7041
935,morphem,Raw,std_ctrl__tvn_efaar_e1.0_c304,0.401254646167258,-0.00934199950143907,-0.003748520704444634,370,91,1480,5657,7137
936,morphem,Raw,std_ctrl__tvn_efaar_e1.0_c304,0.37134731762877826,0.04123422552239123,0.01531221904224009,370,88,1480,5753,7233
937,morphem,Raw,std_ctrl__tvn_efaar_e1.0_c304,0.3687031071171993,-0.016265641957301444,-0.005997192728912925,370,52,1480,5721,7201
938,morphem,Raw,std_ctrl__tvn_efaar_e1.0_c304,0.3062665962019428,0.09229813049262456,0.028267834261778868,370,75,1480,5566,7046
939,morphem,Raw,std_ctrl__tvn_efaar_e1.0_c304,0.32568948292496525,-0.010171152907609955,-0.003312637531230243,370,67,1480,5753,7233
940,morphem,Raw,std_ctrl__tvn_efaar_e1.0_c304,0.3991856477842085,0.03200727776032272,0.012776845906563515,370,58,1480,5785,7265
941,morphem,Raw,std_ctrl__tvn_efaar_e1.0_c304,0.36013067940684135,0.04718659161281077,0.016993339296414705,370,67,1480,5721,7201
942,morphem,Raw,std_ctrl__tvn_efaar_e1.0_c304,0.3685164751769789,0.04846144611582788,0.017858841304583983,370,84,1480,5881,7361
943,morphem,Raw,std_ctrl__tvn_efaar_e1.0_c304,0.38308907252145047,-0.013727256037267058,-0.005258761783581118,370,99,1480,5753,7233
944,morphem,Raw,std_ctrl__tvn_efaar_e1.0_c304,0.3524249112961587,0.042462712067778456,0.01496491753388115,370,56,1480,5593,7073
945,morphem,Raw,std_ctrl__tvn_efaar_e1.0_c304,0.3320111973389227,-0.04126380374252947,-0.01370004488731553,370,83,1480,5625,7105
946,morphem,Raw,std_ctrl__tvn_efaar_e1.0_c304,0.3398624009775015,-0.008996313878123151,-0.003057508834566152,370,81,1480,5625,7105
947,morphem,Raw,std_ctrl__tvn_efaar_e1.0_c304,0.3055628003031054,0.14132980342491905,0.043185130500805684,370,89,1480,5721,7201
948,morphem,Raw,std_ctrl__tvn_efaar_e1.0_c304,0.38825793682021575,0.05054614842944456,0.019624943303424534,370,67,1480,5561,7041
949,morphem,Raw,std_ctrl__tvn_efaar_e1.0_c304,0.37974171701501974,0.0029126103270835702,0.0011060396466023932,370,60,1480,5849,7329
950,morphem,Raw,std_ctrl__tvn_efaar_e1.0_c304,0.3517808745561094,0.04588735718496765,0.01614229464159649,370,65,1480,5721,7201
951,morphem,Raw,std_ctrl__tvn_efaar_e1.0_c304,0.36034902678637826,0.1192742818161902,0.042980371373108346,370,70,1480,5689,7169
952,morphem,Raw,std_ctrl__tvn_efaar_e1.0_c304,0.3791824332366063,0.049115080974325515,0.018623575912457696,370,66,1480,5881,7361
953,morphem,Raw,std_ctrl__tvn_efaar_e1.0_c304,0.3699194818699351,0.039500234129100475,0.014611906142777976,370,64,1480,5785,7265
954,morphem,Raw,std_ctrl__tvn_efaar_e1.0_c304,0.35083142070512924,0.16687478408744427,0.058544917581259764,370,84,1480,5561,7041
955,morphem,Raw,std_ctrl__tvn_efaar_e1.0_c304,0.3256561189613825,-0.0026774937498616814,-0.0008719422231233139,370,58,1480,5785,7265
956,morphem,Raw,std_ctrl__tvn_efaar_e1.0_c304,0.3619241659985066,0.0673043392418687,0.024359066848193885,370,56,1480,5753,7233
957,morphem,Raw,std_ctrl__tvn_efaar_e1.0_c304,0.34650247714721427,0.013916920108451991,0.004822247291838493,370,61,1480,5721,7201
958,morphem,Raw,std_ctrl__tvn_efaar_e1.0_c304,0.34111379418209387,0.039856223329249055,0.01359550756160903,370,79,1480,5721,7201
959,morphem,Raw,std_ctrl__tvn_efaar_e1.0_c304,0.4118991258938888,0.04245131340194775,0.017485658883309805,370,62,1480,5881,7361
960,morphem,Raw,std_ctrl__tvn_efaar_e1.0_c304,0.396713511723896,0.01943234613912354,0.007709074277885992,370,69,1480,5689,7169
961,morphem,Raw,std_ctrl__tvn_efaar_e1.0_c304,0.37602487927539735,0.08454604122091962,0.03179141494330907,370,64,1480,5657,7137
962,morphem,Raw,std_ctrl__tvn_efaar_e1.0_c304,0.38070402950731885,0.021529626682874836,0.00819641563195874,370,82,1480,5785,7265
963,morphem,Raw,std_ctrl__tvn_efaar_e1.0_c304,0.3490120863074504,0.021144401001354292,0.007379651507204005,370,82,1480,5689,7169
964,morphem,Raw,std_ctrl__tvn_efaar_e1.0_c304,0.36206170379826863,-0.020304945883606165,-0.007351643302150089,370,103,1480,5785,7265
965,morphem,Raw,std_ctrl__tvn_efaar_e1.0_c304,0.33280651216531953,0.04460116635241556,0.014843558612252629,370,53,1480,5625,7105
966,morphem,Raw,std_ctrl__tvn_efaar_e1.0_c304,0.34656873842482305,0.00894482377140625,0.003099996289888632,370,67,1480,5561,7041
967,morphem,Raw,std_ctrl__tvn_efaar_e1.0_c304,0.38726321976966793,0.027600601987216217,0.010688697993150448,370,61,1480,5849,7329
968,morphem,Raw,std_ctrl__tvn_efaar_e1.0_c304,0.41644192734668495,0.015705849507768675,0.00654057423963217,370,109,1480,5817,7297
969,morphem,Raw,std_ctrl__tvn_efaar_e1.0_c304,0.35601852762511166,0.07115800506473627,0.025333568191887645,370,88,1480,5657,7137
970,morphem,Raw,std_ctrl__tvn_efaar_e1.0_c304,0.33818347840068524,0.043848358570570074,0.014828790423555886,370,61,1480,5593,7073
971,morphem,Raw,std_ctrl__tvn_efaar_e1.0_c304,0.34755306280527004,-0.010609430986950646,-0.003687340234135836,370,66,1480,5753,7233
972,morphem,Raw,std_ctrl__tvn_efaar_e1.0_c304,0.35185494857909594,-0.022483556665676138,-0.007910950674476667,370,46,1480,5817,7297
973,morphem,Raw,std_ctrl__tvn_efaar_e1.0_c304,0.38369921026667964,0.009618055019184264,0.0036904401151624765,370,58,1480,5657,7137
974,morphem,Raw,std_ctrl__tvn_efaar_e1.0_c304,0.34448702760291855,0.04628710023114629,0.015945305574985948,370,83,1480,5753,7233
975,morphem,Raw,std_ctrl__tvn_efaar_e1.0_c304,0.3587798152016402,0.023907399078596053,0.008577492223370555,370,71,1480,5529,7009
976,morphem,Raw,std_ctrl__tvn_efaar_e1.0_c304,0.3644768613310056,0.052531982552219955,0.01914669212012828,370,90,1480,5785,7265
977,morphem,Raw,std_ctrl__tvn_efaar_e1.0_c304,0.35952512220348803,0.022932399715024556,0.008244773809963437,370,84,1480,5753,7233
978,morphem,Raw,std_ctrl__tvn_efaar_e1.0_c304,0.38967386612166993,-0.029127038919335126,-0.011350045864373666,370,66,1480,5593,7073
979,morphem,Raw,std_ctrl__tvn_efaar_e1.0_c304,0.35337524844375157,0.05781721643315288,0.020431173221391555,370,96,1480,5753,7233
980,morphem,Raw,std_ctrl__tvn_efaar_e1.0_c304,0.3573751803527538,0.011423918450814374,0.004082624916694939,370,73,1480,5529,7009
981,morphem,Raw,std_ctrl__tvn_efaar_e1.0_c304,0.3626647590138922,0.05424768150464647,0.01967372233994499,370,50,1480,5817,7297
982,morphem,Raw,std_ctrl__tvn_efaar_e1.0_c304,0.3554128414163103,0.021459527958553486,0.007626991807202247,370,63,1480,5465,6945
983,morphem,Raw,std_ctrl__tvn_efaar_e1.0_c304,0.40228018947308003,0.08366110089645915,0.03365520352015405,370,73,1480,5753,7233
984,morphem,Raw,std_ctrl__tvn_efaar_e1.0_c304,0.36807403635138947,0.07459642635985542,0.02745700774766117,370,90,1480,5753,7233
985,morphem,Raw,std_ctrl__tvn_efaar_e1.0_c304,0.3474472826539963,-0.017055505670549125,-0.005925889099522119,370,89,1480,5689,7169
986,morphem,Raw,std_ctrl__tvn_efaar_e1.0_c304,0.4006462541244186,0.038144013104581556,0.015282255967623335,370,92,1480,5721,7201
987,morphem,Raw,std_ctrl__tvn_efaar_e1.0_c304,0.3518979647551907,0.08631868368937767,0.030375369110639077,370,63,1480,5721,7201
988,morphem,Raw,std_ctrl__tvn_efaar_e1.0_c304,0.3653462468699199,0.05703727366449091,0.02083835386501428,370,56,1480,5785,7265
989,morphem,Raw,std_ctrl__tvn_efaar_e1.0_c304,0.4306518897845752,0.13200341993408152,0.05684752225263907,370,107,1480,5689,7169
990,morphem,Raw,std_ctrl__tvn_efaar_e1.0_c304,0.3588225323650103,0.08930805551247067,0.03204574263957965,370,81,1480,5785,7265
991,morphem,Raw,std_ctrl__tvn_efaar_e1.0_c304,0.401371986868326,0.039793026011613254,0.01597180591378419,370,60,1480,5593,7073
992,morphem,Raw,std_ctrl__tvn_efaar_e1.0_c304,0.3740871465197817,0.05744454025143553,0.021489264145800258,370,72,1480,5721,7201
993,morphem,Raw,std_ctrl__tvn_efaar_e1.0_c304,0.36526542439989124,0.04255439631981031,0.015543649631836683,370,91,1480,5593,7073
994,morphem,Raw,std_ctrl__tvn_efaar_e1.0_c304,0.32616034605234984,0.048325209168164844,0.015761766945340833,370,66,1480,5401,6881
995,morphem,Raw,std_ctrl__tvn_efaar_e1.0_c304,0.3686962606013726,0.017894414290450474,0.006597603634540854,370,63,1480,5689,7169
996,morphem,Raw,std_ctrl__tvn_efaar_e1.0_c304,0.3499183568782525,-0.00895479346757077,-0.0031334466163564726,370,50,1480,5721,7201
997,morphem,Raw,std_ctrl__tvn_efaar_e1.0_c304,0.3736943018338103,0.02057400908242815,0.007688389959980459,370,88,1480,5849,7329
998,morphem,Raw,std_ctrl__tvn_efaar_e1.0_c304,0.37780600852238905,0.023276683806934248,0.008794071000735556,370,69,1480,5913,7393
999,morphem,Raw,std_ctrl__tvn_efaar_e1.0_c304,0.364865737282862,0.035420946591150616,0.012923889793237046,370,61,1480,5753,7233
1000,morphem,Raw,std_ctrl__tvn_efaar_e1.0_c304,0.3892834882874213,0.048549122129804244,0.01889937161598224,370,74,1480,5433,6913
1001,morphem,Raw,std_ctrl__tvn_efaar_e1.0_c304,0.35241631312101157,-0.0012077834218142145,-0.000425642580564445,370,50,1480,5817,7297
1002,morphem,Raw,std_ctrl__tvn_efaar_e1.0_c304,0.39078132813772715,-0.006869157874587832,-0.0026843386374191596,370,64,1480,5561,7041
1003,morphem,Raw,std_ctrl__tvn_efaar_e1.0_c304,0.35666688832803717,-0.021273348717803283,-0.007587499091496136,370,107,1480,5753,7233
1004,morphem,Raw,std_ctrl__tvn_efaar_e1.0_c304,0.3632047625280427,0.07082773138231568,0.025724969357113964,370,68,1480,5721,7201
1005,morphem,Raw,std_ctrl__tvn_efaar_e1.0_c304,0.35675671549718524,0.013134953709096836,0.004685982943464958,370,71,1480,5657,7137
1006,morphem,Raw,std_ctrl__tvn_efaar_e1.0_c304,0.31780732944249723,0.015903767356394823,0.005054333831610603,370,65,1480,5625,7105
1007,morphem,Raw,std_ctrl__tvn_efaar_e1.0_c304,0.3617859940623122,0.012978703908823691,0.004695513295294196,370,59,1480,5625,7105
1008,morphem,Raw,std_ctrl__tvn_efaar_e1.0_c304,0.366687356895933,0.06432965696419203,0.023588871882221626,370,71,1480,5945,7425
1009,morphem,Raw,std_ctrl__tvn_efaar_e1.0_c304,0.3808127900518801,-0.001214701741593704,-0.0004625739592971764,370,65,1480,5849,7329
1010,morphem,Raw,std_ctrl__tvn_efaar_e1.0_c304,0.34503399827598036,0.02999648891165947,0.010349808503430978,370,102,1480,5753,7233
1011,morphem,Raw,std_ctrl__tvn_efaar_e1.0_c304,0.3413423514630466,0.032962518063332905,0.011251503425881201,370,70,1480,5881,7361
1012,morphem,Raw,std_ctrl__tvn_efaar_e1.0_c304,0.3814121257260832,0.003200200481018806,0.0012205952682150167,370,56,1480,5849,7329
1013,morphem,Raw,std_ctrl__tvn_efaar_e1.0_c304,0.3423185868981172,0.013276528496663484,0.004544802473890428,370,91,1480,5791,7271
1014,morphem,Raw,std_ctrl__tvn_efaar_e1.0_c304,0.3404684411618441,-0.04619745165072204,-0.015728774349170995,370,83,1480,5881,7361
1015,morphem,Raw,std_ctrl__tvn_efaar_e1.0_c304,0.3708440047607705,0.07948206631344666,0.02947544777833969,370,56,1480,5945,7425
1016,morphem,Raw,std_ctrl__tvn_efaar_e1.0_c304,0.3552178307322001,-0.002758019241873117,-0.0009796976122158356,370,77,1480,5625,7105
1017,morphem,Raw,std_ctrl__tvn_efaar_e1.0_c304,0.3684769218803653,-0.036542189861347635,-0.013464953638877269,370,68,1480,5817,7297
1018,morphem,Raw,std_ctrl__tvn_efaar_e1.0_c304,0.38114892386691257,0.05144408073474413,0.019607856011370293,370,77,1480,5657,7137
1019,morphem,Raw,std_ctrl__tvn_efaar_e1.0_c304,0.34990868049691315,0.0625958090496128,0.021902816949186752,370,64,1480,5561,7041
1020,morphem,Raw,std_ctrl__tvn_efaar_e1.0_c304,0.3247943397801575,0.05919037385515614,0.019224698397626132,370,71,1480,5753,7233
1021,morphem,Raw,std_ctrl__tvn_efaar_e1.0_c304,0.3743375600244114,0.057472151586601204,0.021513984994281397,370,70,1480,5529,7009
1022,morphem,Raw,std_ctrl__tvn_efaar_e1.0_c304,0.36782089973393545,0.023053371708381655,0.008479511923677793,370,53,1480,5561,7041
1023,morphem,Raw,std_ctrl__tvn_efaar_e1.0_c304,0.38309793953341237,-0.018595077817532578,-0.0071237359973601935,370,80,1480,5593,7073
1024,morphem,Raw,std_ctrl__tvn_efaar_e1.0_c304,0.336476314840383,0.0413719041379888,0.013920665842280064,370,85,1480,5529,7009
1025,morphem,Raw,std_ctrl__tvn_efaar_e1.0_c304,0.36769415970061436,0.018379620634224356,0.0067580791647171975,370,80,1480,5593,7073
1026,morphem,Raw,std_ctrl__tvn_efaar_e1.0_c304,0.3665864120454036,0.02358507873979031,0.00864596939302806,370,62,1480,5529,7009
1027,morphem,Raw,std_ctrl__tvn_efaar_e1.0_c304,0.3537093845607268,0.037509836669975705,0.013267581243510488,370,98,1480,5561,7041
1028,morphem,Raw,std_ctrl__tvn_efaar_e1.0_c304,0.37056888342322386,0.1072804570428408,0.039754799179498646,370,83,1480,5817,7297
1029,morphem,Raw,std_ctrl__tvn_efaar_e1.0_c304,0.36874396818540217,-0.005084029013526974,-0.0018747050328176522,370,63,1480,5849,7329
1030,morphem,Raw,std_ctrl__tvn_efaar_e1.0_c304,0.32118148647113093,0.0368031456166097,0.011820489015956191,370,51,1480,5593,7073
1031,morphem,Raw,std_ctrl__tvn_efaar_e1.0_c304,0.3546251560453729,-0.051934786743784954,-0.018417381853197905,370,58,1480,5625,7105
1032,morphem,Raw,std_ctrl__tvn_efaar_e1.0_c304,0.3411621478708779,0.11364418107225033,0.03877109290763589,370,85,1480,5465,6945
1033,morphem,Raw,std_ctrl__tvn_efaar_e1.0_c304,0.3618352820896255,-0.0011346553551349248,-0.0004105583404997497,370,71,1480,5401,6881
1034,morphem,Raw,std_ctrl__tvn_efaar_e1.0_c304,0.35290520800993125,0.00050034423558174,0.000176574086534544,370,80,1480,5593,7073
1035,morphem,Raw,std_ctrl__tvn_efaar_e1.0_c304,0.3906051007845005,0.10119368500344046,0.03952676952952386,370,96,1480,5753,7233
1036,morphem,Raw,std_ctrl__tvn_efaar_e1.0_c304,0.37927216162023214,0.05216081921352494,0.01978314665499574,370,65,1480,5465,6945
1037,morphem,Raw,std_ctrl__tvn_efaar_e1.0_c304,0.34804971876728996,0.07196551384297369,0.025047576853990505,370,42,1480,5753,7233
1038,morphem,Raw,std_ctrl__tvn_efaar_e1.0_c304,0.36731275487149456,0.00788168994251706,0.002895045245828893,370,91,1480,5625,7105
1039,morphem,Raw,std_ctrl__tvn_efaar_e1.0_c304,0.33731019417713004,0.014260132920151389,0.004810088204287949,370,61,1480,5753,7233
1040,morphem,Raw,std_ctrl__tvn_efaar_e1.0_c304,0.36180872409716547,-0.013255054648952234,-0.004795794410375609,370,59,1480,5625,7105
1041,morphem,Raw,std_ctrl__tvn_efaar_e1.0_c304,0.3298495948541684,0.009874332384618037,0.003257044536521654,370,71,1480,5753,7233
1042,morphem,Raw,std_ctrl__tvn_efaar_e1.0_c304,0.34092877203168215,0.01911172542845186,0.006515737081728767,370,84,1480,5561,7041
1043,morphem,Raw,std_ctrl__tvn_efaar_e1.0_c304,0.3469153970298928,-0.013028157476145046,-0.004519668423404825,370,63,1480,5657,7137
1044,morphem,Raw,std_ctrl__tvn_efaar_e1.0_c304,0.37687593506982525,0.08795060335572816,0.03314646587964536,370,93,1480,5753,7233
1045,morphem,Raw,std_ctrl__tvn_efaar_e1.0_c304,0.34999632433016975,-0.028841011169591205,-0.010094247899322293,370,81,1480,5305,6785
1046,morphem,Raw,std_ctrl__tvn_efaar_e1.0_c304,0.3631598186028506,0.06263881712387138,0.022747901464202264,370,81,1480,5497,6977
1047,morphem,Raw,std_ctrl__tvn_efaar_e1.0_c304,0.3498216159419251,0.016248731728367063,0.005684157590224196,370,68,1480,5657,7137
1048,morphem,Raw,std_ctrl__tvn_efaar_e1.0_c304,0.4020771471225078,0.04852056293381154,0.01950900952120504,370,65,1480,5849,7329
1049,morphem,Raw,std_ctrl__tvn_efaar_e1.0_c304,0.3725850270715972,0.02325917150029225,0.00866601904309931,370,60,1480,5593,7073
1050,morphem,Raw,std_ctrl__tvn_efaar_e1.0_c304,0.4050599613077279,0.009077276152969856,0.0036768411273015314,370,52,1480,5817,7297
1051,morphem,Raw,std_ctrl__tvn_efaar_e1.0_c304,0.3478657972395045,0.03433548655638387,0.011944141404542764,370,65,1480,5529,7009
1052,morphem,Raw,std_ctrl__tvn_efaar_e1.0_c304,0.33241971390379266,0.0021468880611281048,0.0007136679150636727,370,85,1480,5689,7169
1053,morphem,Raw,std_ctrl__tvn_efaar_e1.0_c304,0.35268923336152286,0.05922296714135953,0.02088730287848075,370,69,1480,5593,7073
1054,morphem,Raw,std_ctrl__tvn_efaar_e1.0_c304,0.3673782632762676,0.14269544041263457,0.05242320307623582,370,127,1480,5657,7137
1055,morphem,Raw,std_ctrl__tvn_efaar_e1.0_c304,0.378271637838076,0.02654325727952823,0.010040561404684577,370,59,1480,5465,6945
1056,morphem,Raw,std_ctrl__tvn_efaar_e1.0_c304,0.3456389331854385,-0.0194244011309924,-0.006713829284682237,370,66,1480,5689,7169
1057,morphem,Raw,std_ctrl__tvn_efaar_e1.0_c304,0.3631306319865199,0.030674546672330577,0.011138867519023404,370,53,1480,5753,7233
1058,morphem,Raw,std_ctrl__tvn_efaar_e1.0_c304,0.3281390411588348,0.06191329664694434,0.020316169796710817,370,72,1480,5753,7233
1059,morphem,Raw,std_ctrl__tvn_efaar_e1.0_c304,0.37151843532897916,0.010156724287980833,0.0037734103155384786,370,70,1480,5689,7169
1060,morphem,Raw,std_ctrl__tvn_efaar_e1.0_c304,0.33692598580217176,-0.007031058190147406,-0.0023689462119478484,370,87,1480,5849,7329
1061,morphem,Raw,std_ctrl__tvn_efaar_e1.0_c304,0.34180036355460475,0.06808612554366761,0.02327186246385005,370,70,1480,5945,7425
1062,morphem,Raw,std_ctrl__tvn_efaar_e1.0_c304,0.3604151192212774,0.06385126324066487,0.023012960653313395,370,61,1480,5433,6913
1063,morphem,Raw,std_ctrl__tvn_efaar_e1.0_c304,0.3676518090971365,0.05109914010330882,0.018786691302289528,370,75,1480,5561,7041
1064,morphem,Raw,std_ctrl__tvn_efaar_e1.0_c304,0.377082320048532,0.06169138541406793,0.0232627307389449,370,63,1480,5657,7137
1065,morphem,Raw,std_ctrl__tvn_efaar_e1.0_c304,0.38504495777623104,0.018614023696240628,0.007167235968164737,370,87,1480,5657,7137
1066,morphem,Raw,std_ctrl__tvn_efaar_e1.0_c304,0.37172542213338816,0.0679071740459958,0.02524282293813325,370,48,1480,5785,7265
1067,morphem,Raw,std_ctrl__tvn_efaar_e1.0_c304,0.3654426108060855,0.0017665932476556587,0.0006455884486556854,370,75,1480,5535,7015
1068,morphem,Raw,std_ctrl__tvn_efaar_e1.0_c304,0.34952632599844186,-0.0003622486397265913,-0.00012661543614156867,370,53,1480,5401,6881
1069,morphem,Raw,std_ctrl__tvn_efaar_e1.0_c304,0.3368989493626781,0.03176926388820056,0.01070303162596044,370,57,1480,5689,7169
1070,morphem,Raw,std_ctrl__tvn_efaar_e1.0_c304,0.39895340885279507,0.022057320556710978,0.008799843226258677,370,102,1480,5689,7169
1071,morphem,Raw,std_ctrl__tvn_efaar_e1.0_c304,0.3548760040257628,0.050718141209795176,0.017998651284146478,370,94,1480,5593,7073
1072,morphem,Raw,std_ctrl__tvn_efaar_e1.0_c304,0.33996810917316433,0.09131034091844427,0.031042603950000514,370,67,1480,5561,7041
1073,morphem,Raw,std_ctrl__tvn_efaar_e1.0_c304,0.3580135997559605,0.08021019649149906,0.02871634118305449,370,84,1480,5849,7329
1074,morphem,Raw,std_ctrl__tvn_efaar_e1.0_c304,0.35461670205540236,0.05330262142737544,0.018901999821483502,370,74,1480,5785,7265
1075,morphem,Raw,std_ctrl__tvn_efaar_e1.0_c304,0.39381259102934113,0.08123760636480312,0.031992392251544814,370,64,1480,5561,7041
1076,morphem,Raw,std_ctrl__tvn_efaar_e1.0_c304,0.36222001932632997,0.015142318763329816,0.0054848509950987745,370,74,1480,5913,7393
1077,morphem,Raw,std_ctrl__tvn_efaar_e1.0_c304,0.38392280558952013,0.005166404216944301,0.001983500401778784,370,60,1480,5689,7169
1078,morphem,Raw,std_ctrl__tvn_efaar_e1.0_c304,0.3632709737795855,0.09735542001375293,0.03536639823111657,370,55,1480,5689,7169
1079,morphem,Raw,std_ctrl__tvn_efaar_e1.0_c304,0.3609893256771946,0.0050651069211399965,0.0018284495319452186,370,91,1480,5657,7137
1080,morphem,Raw,std_ctrl__tvn_efaar_e1.0_c304,0.32535712935434574,0.0013496764148920302,0.0004391268439065359,370,88,1480,5785,7265
1081,morphem,Raw,std_ctrl__tvn_efaar_e1.0_c304,0.3753724132031607,0.05004681114940042,0.018786192274273285,370,92,1480,5657,7137
1082,morphem,Raw,std_ctrl__tvn_efaar_e1.0_c304,0.343119566685327,-0.0013564987113715203,-0.0004654412500550005,370,54,1480,5721,7201
1083,morphem,Raw,std_ctrl__tvn_efaar_e1.0_c304,0.3461863452702853,0.002821359904024666,0.000976716273866422,370,70,1480,5817,7297
1084,morphem,Raw,std_ctrl__tvn_efaar_e1.0_c304,0.35595850969745735,0.03942740919851602,0.014034521819535583,370,59,1480,5721,7201
1085,morphem,Raw,std_ctrl__tvn_efaar_e1.0_c304,0.4026416533735764,0.06934260508651162,0.027920221161264004,370,80,1480,5817,7297
1086,morphem,Raw,std_ctrl__tvn_efaar_e1.0_c304,0.3671291017433273,0.04634922708046233,0.017016150104547635,370,81,1480,5561,7041
1087,morphem,Raw,std_ctrl__tvn_efaar_e1.0_c304,0.34678349729853614,0.032389379426389676,0.011232102272812666,370,96,1480,5849,7329
1088,morphem,Raw,std_ctrl__tvn_efaar_e1.0_c304,0.35504894524683994,0.050460501951535536,0.017915947994518802,370,86,1480,5497,6977
1089,morphem,Raw,std_ctrl__tvn_efaar_e1.0_c304,0.3741442592283082,0.1133977095749784,0.042427102047117124,370,44,1480,5753,7233
1090,morphem,Raw,std_ctrl__tvn_efaar_e1.0_c304,0.33937272681763947,0.010869319445230454,0.0036887505787798515,370,73,1480,5785,7265
1091,morphem,Raw,std_ctrl__tvn_efaar_e1.0_c304,0.37216012924073494,0.09085812319205507,0.03381377086972583,370,73,1480,5753,7233
1092,morphem,Raw,std_ctrl__tvn_efaar_e1.0_c304,0.40692114086221093,0.08105442358005593,0.03298275851512525,370,57,1480,5657,7137
1093,morphem,Raw,std_ctrl__tvn_efaar_e1.0_c304,0.3681985269921078,0.06381834211408763,0.023497819561485465,370,80,1480,5689,7169
1094,morphem,Raw,std_ctrl__tvn_efaar_e1.0_c304,0.3634909432206715,0.09325228528559579,0.03389636113594436,370,79,1480,5625,7105
1095,morphem,Raw,std_ctrl__tvn_efaar_e1.0_c304,0.31320718038862083,0.05635583852291865,0.01765105328219977,370,49,1480,5753,7233
1096,morphem,Raw,std_ctrl__tvn_efaar_e1.0_c304,0.35178510786791806,-0.002959454440681352,-0.0010410919996452785,370,84,1480,5593,7073
1097,morphem,Raw,std_ctrl__tvn_efaar_e1.0_c304,0.3732525629807512,0.12822802829294816,0.04786144020631118,370,87,1480,5657,7137
1098,morphem,Raw,std_ctrl__tvn_efaar_e1.0_c304,0.3278725366168215,-0.021033025039913333,-0.006896151272561508,370,86,1480,5753,7233
1099,morphem,Raw,std_ctrl__tvn_efaar_e1.0_c304,0.3589496990908938,0.0916697017428568,0.03290481185635043,370,82,1480,5721,7201
1100,morphem,Raw,std_ctrl__tvn_efaar_e1.0_c304,0.3206067245467323,0.039199134772421394,0.01256750620445194,370,76,1480,5817,7297
1101,morphem,Raw,std_ctrl__tvn_efaar_e1.0_c304,0.37803382657400564,0.04883297782299847,0.018460517469431666,370,77,1480,5593,7073
1102,morphem,Raw,std_ctrl__tvn_efaar_e1.0_c304,0.36341426636307367,0.05445438817693825,0.019789501529572047,370,56,1480,5753,7233
1103,morphem,Raw,std_ctrl__tvn_efaar_e1.0_c304,0.36761945924155526,0.1000685472854828,0.03678714524017719,370,57,1480,5977,7457
1104,morphem,Raw,std_ctrl__tvn_efaar_e1.0_c304,0.36643879066978025,-0.027109590795128553,-0.009934005666519512,370,89,1480,5689,7169
1105,morphem,Raw,std_ctrl__tvn_efaar_e1.0_c304,0.3526188684394476,0.06301697452823575,0.022220974250623984,370,65,1480,5721,7201
1106,morphem,Raw,std_ctrl__tvn_efaar_e1.0_c304,0.3903779478282517,0.03696639094459592,0.014430863835568221,370,79,1480,5593,7073
1107,morphem,Raw,std_ctrl__tvn_efaar_e1.0_c304,0.39406273501558015,0.0026156306857665866,0.0010307225818238586,370,77,1480,5497,6977
1108,morphem,Raw,std_ctrl__tvn_efaar_e1.0_c304,0.36938489234871097,0.062419534344498775,0.02305683297429935,370,77,1480,5753,7233
1109,morphem,Raw,std_ctrl__tvn_efaar_e1.0_c304,0.3466885620854682,0.033287439569229034,0.011540374559762931,370,67,1480,5689,7169
1110,morphem,Raw,std_ctrl__tvn_efaar_e1.0_c304,0.34782584006606554,0.03752721570957916,0.013052935329524824,370,74,1480,5817,7297
1111,morphem,Raw,std_ctrl__tvn_efaar_e1.0_c304,0.3402897304896078,0.05273105247860684,0.01794383563637849,370,76,1480,5785,7265
1112,morphem,Raw,std_ctrl__tvn_efaar_e1.0_c304,0.3731878772949817,0.002323530572646915,0.0008671134422360955,370,90,1480,5817,7297
1113,morphem,Raw,std_ctrl__tvn_efaar_e1.0_c304,0.32246530118961714,0.025696182460957118,0.008286127216695895,370,64,1480,5689,7169
1114,morphem,Raw,std_ctrl__tvn_efaar_e1.0_c304,0.3455316935822634,0.00793596946063608,0.002742128967950706,370,70,1480,5657,7137
1115,morphem,Raw,std_ctrl__tvn_efaar_e1.0_c304,0.39221707881869594,0.1249287687464474,0.048999196738147996,370,86,1480,5529,7009
1116,morphem,Raw,std_ctrl__tvn_efaar_e1.0_c304,0.34318048539959783,0.05860768740803843,0.020113014612838525,370,89,1480,5657,7137
1117,morphem,Raw,std_ctrl__tvn_efaar_e1.0_c304,0.34989200227027184,0.003798432214774953,0.0013290410531155115,370,75,1480,5753,7233
1118,morphem,Raw,std_ctrl__tvn_efaar_e1.0_c304,0.3609813808919398,0.06789575117511151,0.0245091020158873,370,82,1480,5657,7137
1119,morphem,Raw,std_ctrl__tvn_efaar_e1.0_c304,0.3529255587562699,-0.015906320094737147,-0.005613746907191191,370,60,1480,5785,7265
1120,morphem,Raw,std_ctrl__tvn_efaar_e1.0_c304,0.3704464910955258,0.045716439943086246,0.01693549476229564,370,65,1480,5657,7137
1121,morphem,Raw,std_ctrl__tvn_efaar_e1.0_c304,0.3684855617388203,0.06705130198952451,0.024707436678929218,370,83,1480,5753,7233
1122,morphem,Raw,std_ctrl__tvn_efaar_e1.0_c304,0.3383707989093721,-0.002811332074899641,-0.0009512726801833342,370,66,1480,5625,7105
1123,morphem,Raw,std_ctrl__tvn_efaar_e1.0_c304,0.36967390966256675,0.00914453135596935,0.0033804946583931225,370,102,1480,5273,6753
1124,morphem,Raw,std_ctrl__tvn_efaar_e1.0_c304,0.37316547081174894,0.1582224917833894,0.05904317063935659,370,81,1480,5913,7393
1125,morphem,Raw,std_ctrl__tvn_efaar_e1.0_c304,0.3998740032370961,0.08362243085515927,0.03343843618646981,370,64,1480,5657,7137
1126,morphem,Raw,std_ctrl__tvn_efaar_e1.0_c304,0.3253847466234202,0.020660699793691267,0.0067226765674327825,370,104,1480,5817,7297
1127,morphem,Raw,std_ctrl__tvn_efaar_e1.0_c304,0.34889074872204817,0.05202904290191191,0.01815245173333961,370,93,1480,5593,7073
1128,morphem,Raw,std_ctrl__tvn_efaar_e1.0_c304,0.3623533343274552,0.03779188430823316,0.013694015289605718,370,81,1480,5593,7073
1129,morphem,Raw,std_ctrl__tvn_efaar_e1.0_c304,0.351598578521083,0.009025490757825333,0.003173349720906559,370,64,1480,5721,7201
1130,morphem,Raw,std_ctrl__tvn_efaar_e1.0_c304,0.35012709159875305,0.016069447758476546,0.005626349007273494,370,85,1480,5625,7105
1131,morphem,Raw,std_ctrl__tvn_efaar_e1.0_c304,0.3544738756957741,0.08251372483873166,0.029248959841679877,370,57,1480,5689,7169
1132,morphem,Raw,std_ctrl__tvn_efaar_e1.0_c304,0.35978081051159483,0.0502124326901204,0.018065469731010416,370,84,1480,5817,7297
1133,morphem,Raw,std_ctrl__tvn_efaar_e1.0_c304,0.358167129737444,0.026119398942547698,0.00935511014971954,370,54,1480,5881,7361
1134,morphem,Raw,std_ctrl__tvn_efaar_e1.0_c304,0.36958749823332215,-0.0008140809149139521,-0.00030087412870254154,370,54,1480,5721,7201
1135,morphem,Raw,std_ctrl__tvn_efaar_e1.0_c304,0.35457652709478005,0.13546547193894715,0.04803287658136726,370,59,1480,5657,7137
1136,morphem,Raw,std_ctrl__tvn_efaar_e1.0_c304,0.35048677194259115,0.04496088679543257,0.015758196076607434,370,71,1480,5593,7073
1137,morphem,Raw,std_ctrl__tvn_efaar_e1.0_c304,0.32434186106606583,0.07990303205236877,0.025915898120686797,370,91,1480,5689,7169
1138,morphem,Raw,std_ctrl__tvn_efaar_e1.0_c304,0.3287396503475371,-0.004939895301677097,-0.0016239394542267702,370,70,1480,5593,7073
1139,morphem,Raw,std_ctrl__tvn_efaar_e1.0_c304,0.361436881736675,0.07428379576818307,0.026848903506016104,370,74,1480,5785,7265
1140,morphem,Raw,std_ctrl__tvn_efaar_e1.0_c304,0.35207859136156977,0.10795718050959541,0.03800941204118507,370,54,1480,5785,7265
1141,morphem,Raw,std_ctrl__tvn_efaar_e1.0_c304,0.2954067821613652,-0.03975131331580449,-0.011742807553310032,370,85,1480,5817,7297
1142,morphem,Raw,std_ctrl__tvn_efaar_e1.0_c304,0.409273845187893,0.06023067448822352,0.02465083974605557,370,69,1480,5561,7041
1143,morphem,Raw,std_ctrl__tvn_efaar_e1.0_c304,0.34667608854508086,0.037957233067813845,0.013158865091943703,370,60,1480,5689,7169
1144,morphem,Raw,std_ctrl__tvn_efaar_e1.0_c304,0.37559308385701395,0.053380344827034,0.020049288330936502,370,61,1480,5631,7111
1145,morphem,Raw,std_ctrl__tvn_efaar_e1.0_c304,0.3688981943646155,0.009115788172571613,0.0033627977970719864,370,91,1480,5785,7265
1146,morphem,Raw,std_ctrl__tvn_efaar_e1.0_c304,0.35750720933214697,0.03847145171264658,0.013753821340744724,370,77,1480,5625,7105
1147,morphem,Raw,std_ctrl__tvn_efaar_e1.0_c304,0.32861452038296646,0.025267949344805907,0.008303415055004485,370,46,1480,5849,7329
1148,morphem,Raw,std_ctrl__tvn_efaar_e1.0_c304,0.3269681902337646,-0.0048271948809411975,-0.0015783391741270361,370,75,1480,5529,7009
1149,morphem,Raw,std_ctrl__tvn_efaar_e1.0_c304,0.38109435978196193,0.0007778954287253274,0.00029645156038739343,370,69,1480,5625,7105
1150,morphem,Raw,std_ctrl__tvn_efaar_e1.0_c304,0.3899893154455329,-0.00471175104267578,-0.001837532563682903,370,53,1480,5785,7265
1151,morphem,Raw,std_ctrl__tvn_efaar_e1.0_c304,0.36747196263991627,0.025471695701996522,0.009360134011379383,370,87,1480,5657,7137
1152,morphem,Raw,std_ctrl__tvn_efaar_e1.0_c304,0.3794603166924796,-0.013862479725656324,-0.005260260946840626,370,80,1480,5849,7329
1153,morphem,Raw,std_ctrl__tvn_efaar_e1.0_c304,0.3600321473501639,0.1070785487776494,0.038551719851556386,370,75,1480,5497,6977
1154,morphem,Raw,std_ctrl__tvn_efaar_e1.0_c304,0.36398930390878187,-0.009257206376530547,-0.0033695241051332906,370,71,1480,5401,6881
1155,morphem,Raw,std_ctrl__tvn_efaar_e1.0_c304,0.3519786932642579,0.02379638996833188,0.00837582224546015,370,70,1480,5881,7361
1156,morphem,Raw,std_ctrl__tvn_efaar_e1.0_c304,0.33100690537663774,0.024052787992134814,0.007961638918956897,370,93,1480,5753,7233
1157,morphem,Raw,std_ctrl__tvn_efaar_e1.0_c304,0.3861272344507198,0.05199819779103774,0.020077920309474927,370,55,1480,5785,7265
1158,morphem,Raw,std_ctrl__tvn_efaar_e1.0_c304,0.3762316996195436,0.02853963189333623,0.010737514213746023,370,67,1480,5657,7137
1159,morphem,Raw,std_ctrl__tvn_efaar_e1.0_c304,0.3179706419008003,0.004508912122993343,0.0014337016820224937,370,78,1480,5791,7271
1160,morphem,Raw,std_ctrl__tvn_efaar_e1.0_c304,0.37675645387933243,-0.019595669145888072,-0.007382794818797437,370,34,1480,5689,7169
1161,morphem,Raw,std_ctrl__tvn_efaar_e1.0_c304,0.3687492359746998,0.07854111627039131,0.02896197661730686,370,65,1480,5817,7297
1162,morphem,Raw,std_ctrl__tvn_efaar_e1.0_c304,0.38247074744597026,0.020107167051910756,0.007690403211365293,370,71,1480,5753,7233
1163,morphem,Raw,std_ctrl__tvn_efaar_e1.0_c304,0.38666200295614395,0.06223446201230728,0.024063701734576785,370,68,1480,5593,7073
1164,morphem,Raw,std_ctrl__tvn_efaar_e1.0_c304,0.3599524724422164,0.05729720623434651,0.020624271048084602,370,83,1480,5753,7233
1165,morphem,Raw,std_ctrl__tvn_efaar_e1.0_c304,0.3590211469580306,0.1128455546321127,0.04051394045313621,370,81,1480,5721,7201
1166,morphem,Raw,std_ctrl__tvn_efaar_e1.0_c304,0.3696302768141897,0.0692842397192483,0.025609552706286426,370,87,1480,5625,7105
1167,morphem,Raw,std_ctrl__tvn_efaar_e1.0_c304,0.35725075034784814,0.0060642816777311676,0.002166469179690167,370,64,1480,5721,7201
1168,morphem,Raw,std_ctrl__tvn_efaar_e1.0_c304,0.3651129817586701,0.06745861850330906,0.024630017347063764,370,63,1480,5913,7393
1169,morphem,Raw,std_ctrl__tvn_efaar_e1.0_c304,0.346611495870299,0.016670348765322848,0.005778134522228144,370,62,1480,5529,7009
1170,morphem,Raw,std_ctrl__tvn_efaar_e1.0_c304,0.39033294624822756,-0.06681870492378804,-0.026081541957393133,370,97,1480,5468,6948
1171,morphem,Raw,std_ctrl__tvn_efaar_e1.0_c304,0.33604026718887814,0.03252980717233487,0.010931325093794094,370,102,1480,5817,7297
1172,morphem,Raw,std_ctrl__tvn_efaar_e1.0_c304,0.3667678589686303,0.011983912877327314,0.004395314068083937,370,81,1480,5881,7361
1173,morphem,Raw,std_ctrl__tvn_efaar_e1.0_c304,0.375187773360132,-0.010628107764250027,-0.0039875360871004985,370,89,1480,5657,7137
1174,morphem,Raw,std_ctrl__tvn_efaar_e1.0_c304,0.37529664254232104,0.04611164206535458,0.01730554444924083,370,87,1480,5913,7393
1175,morphem,Raw,std_ctrl__tvn_efaar_e1.0_c304,0.3621113082827389,0.0046798370214737855,0.0016946219063958686,370,77,1480,5785,7265
1176,morphem,Raw,std_ctrl__tvn_efaar_e1.0_c304,0.31647845807541486,0.032386839752898765,0.01024973710693295,370,78,1480,5497,6977
1177,morphem,Raw,std_ctrl__tvn_efaar_e1.0_c304,0.377116947585609,0.04671496244270415,0.017617004042968953,370,62,1480,5753,7233
1178,morphem,Raw,std_ctrl__tvn_efaar_e1.0_c304,0.36053522329403415,0.036994098855845786,0.013337675691553934,370,63,1480,5593,7073
1179,morphem,Raw,std_ctrl__tvn_efaar_e1.0_c304,0.38318991191751056,0.06755010432143606,0.02588451852494973,370,85,1480,5721,7201
1180,morphem,Raw,std_ctrl__tvn_efaar_e1.0_c304,0.3824635613339363,-0.003114811978539147,-0.0011913020821976866,370,87,1480,5721,7201
1181,morphem,Raw,std_ctrl__tvn_efaar_e1.0_c304,0.3327464274603191,-0.00556016061498458,-0.0018501235807416902,370,70,1480,5401,6881
1182,morphem,Raw,std_ctrl__tvn_efaar_e1.0_c304,0.4048132196097614,0.07259137458869758,0.029385948063148887,370,76,1480,5753,7233
1183,morphem,Raw,std_ctrl__tvn_efaar_e1.0_c304,0.3433421934728948,-0.02296670985952377,-0.007885440540024451,370,74,1480,5849,7329
1184,morphem,Raw,std_ctrl__tvn_efaar_e1.0_c304,0.374871333929295,0.06871861304857575,0.02576063813929065,370,79,1480,5753,7233
1185,morphem,Raw,std_ctrl__tvn_efaar_e1.0_c304,0.35597207619914295,0.0033816238070605285,0.0012037636475237864,370,59,1480,5881,7361
1186,morphem,Raw,std_ctrl__tvn_efaar_e1.0_c304,0.34767805367716637,-0.03025360167723024,-0.010518513347863665,370,65,1480,5561,7041
1187,morphem,Raw,std_ctrl__tvn_efaar_e1.0_c304,0.31387268609048824,0.04121792255668079,0.012937180067935124,370,75,1480,5785,7265
1188,morphem,Raw,std_ctrl__tvn_efaar_e1.0_c304,0.3769436119860847,0.03265839759957495,0.012310374352861461,370,62,1480,5849,7329
1189,morphem,Raw,std_ctrl__tvn_efaar_e1.0_c304,0.3649579586730331,0.011540369866285491,0.004211749828731337,370,67,1480,5625,7105
1190,morphem,Raw,std_ctrl__tvn_efaar_e1.0_c304,0.37862212406711426,0.05682831103380564,0.021516455830766116,370,63,1480,5657,7137
1191,morphem,Raw,std_ctrl__tvn_efaar_e1.0_c304,0.3603214309679274,0.013118997312214574,0.0047270558844015485,370,52,1480,5721,7201
1192,morphem,Raw,std_ctrl__tvn_efaar_e1.0_c304,0.35360662484081323,0.004858926253218105,0.0017181485127508726,370,72,1480,5401,6881
1193,morphem,Raw,std_ctrl__tvn_efaar_e1.0_c304,0.3775424714644579,0.061366767534442916,0.023168561080738437,370,67,1480,5689,7169
1194,morphem,Raw,std_ctrl__tvn_efaar_e1.0_c304,0.35426830278597765,0.10671948947494037,0.03780733241047313,370,70,1480,5721,7201
1195,morphem,Raw,std_ctrl__tvn_efaar_e1.0_c304,0.4050946657180326,-0.006751060571987398,-0.002734818625651425,370,43,1480,5593,7073
1196,morphem,Raw,std_ctrl__tvn_efaar_e1.0_c304,0.35120409687232407,-0.0061662039505731014,-0.002165596089591583,370,75,1480,5721,7201
1197,morphem,Raw,std_ctrl__tvn_efaar_e1.0_c304,0.37911495430595893,0.024358188091366757,0.009234553365234462,370,51,1480,5657,7137
1198,morphem,Raw,std_ctrl__tvn_efaar_e1.0_c304,0.31163096187118117,0.0016722669861685938,0.0005211301694051401,370,72,1480,5593,7073
1199,morphem,Raw,std_ctrl__tvn_efaar_e1.0_c304,0.40441755573335386,0.007911471680006447,0.003199538039081858,370,89,1480,5689,7169
1200,morphem,Raw,std_ctrl__tvn_efaar_e1.0_c304,0.36091463162746823,0.07459251527427568,0.026921530172381504,370,61,1480,5689,7169
1201,morphem,Raw,std_ctrl__tvn_efaar_e1.0_c304,0.3772182913795956,0.08097472601824494,0.030545147793533244,370,61,1480,5625,7105
1202,morphem,Raw,std_ctrl__tvn_efaar_e1.0_c304,0.3748463740501651,0.045602081554486175,0.017093774919839058,370,96,1480,5817,7297
1203,morphem,Raw,std_ctrl__tvn_efaar_e1.0_c304,0.3434314355978889,0.06390206690705404,0.021945978575561916,370,41,1480,5625,7105
1204,morphem,Raw,std_ctrl__tvn_efaar_e1.0_c304,0.36044960901498757,0.040139462646150995,0.014468253616876824,370,73,1480,5657,7137
1205,morphem,Raw,std_ctrl__tvn_efaar_e1.0_c304,0.39383879526593507,0.07100462876937773,0.02796437745283668,370,84,1480,5849,7329
1206,morphem,Raw,std_ctrl__tvn_efaar_e1.0_c304,0.38680382007222014,0.032991717822206904,0.012761322484374378,370,46,1480,5625,7105
1207,morphem,Raw,std_ctrl__tvn_efaar_e1.0_c304,0.36778799001307305,0.02949843729576732,0.010849170961536932,370,67,1480,5465,6945
1208,morphem,Raw,std_ctrl__tvn_efaar_e1.0_c304,0.3634756887456588,0.04355115885700495,0.015829787461221472,370,86,1480,5625,7105
1209,morphem,Raw,std_ctrl__tvn_efaar_e1.0_c304,0.3837910748507216,0.007057112054707336,0.0027084566208181128,370,60,1480,5753,7233
1210,morphem,Raw,std_ctrl__tvn_efaar_e1.0_c304,0.3727730381179377,0.049094294668277964,0.018301029377751247,370,67,1480,5753,7233
1211,morphem,Raw,std_ctrl__tvn_efaar_e1.0_c304,0.3523248408651588,0.04769526775061132,0.016804227620255276,370,61,1480,5625,7105
1212,morphem,Raw,std_ctrl__tvn_efaar_e1.0_c304,0.371464859725566,0.015238620030541447,0.005660611852056279,370,63,1480,5791,7271
1213,morphem,Raw,std_ctrl__tvn_efaar_e1.0_c304,0.37219970574549005,-0.009749503291870196,-0.0036287622563987735,370,63,1480,5721,7201
1214,morphem,Raw,std_ctrl__tvn_efaar_e1.0_c304,0.3547125532771167,0.130245624880678,0.046199758154598855,370,64,1480,5817,7297
1215,morphem,Raw,std_ctrl__tvn_efaar_e1.0_c304,0.3657385235568861,-0.03263471628658021,-0.01193577295135171,370,88,1480,5616,7096
1216,morphem,Raw,std_ctrl__tvn_efaar_e1.0_c304,0.3281446295291057,-0.011808523465175533,-0.003874903557765777,370,98,1480,5657,7137
1217,morphem,Raw,std_ctrl__tvn_efaar_e1.0_c304,0.34998936055023155,0.07049390405986368,0.024672116404601062,370,88,1480,5721,7201
1218,morphem,Raw,std_ctrl__tvn_efaar_e1.0_c304,0.35389362691709636,-0.017041950177138474,-0.006031037557927987,370,61,1480,5753,7233
1219,morphem,Raw,std_ctrl__tvn_efaar_e1.0_c304,0.3779805663362305,0.042206228162982834,0.015953134023960414,370,68,1480,5849,7329
1220,morphem,Raw,std_ctrl__tvn_efaar_e1.0_c304,0.35888045664386664,0.07298201572996456,0.02619181913195954,370,62,1480,5817,7297
1221,morphem,Raw,std_ctrl__tvn_efaar_e1.0_c304,0.37660213349283544,-0.011558995536130963,-0.004353142379941082,370,63,1480,5849,7329
1222,morphem,Raw,std_ctrl__tvn_efaar_e1.0_c304,0.3209994277180401,0.06089756223860255,0.019548082628015145,370,69,1480,5785,7265
1223,morphem,Raw,std_ctrl__tvn_efaar_e1.0_c304,0.3712794282823669,0.016258686537085735,0.006036515842111407,370,77,1480,5561,7041
1224,morphem,Raw,std_ctrl__tvn_efaar_e1.0_c304,0.3619454289084927,0.037921932543816546,0.013725670139610607,370,70,1480,5305,6785
1225,morphem,Raw,std_ctrl__tvn_efaar_e1.0_c304,0.3886509330101855,0.06364797805297111,0.02473684605449903,370,111,1480,5817,7297
1226,morphem,Raw,std_ctrl__tvn_efaar_e1.0_c304,0.34978704782087827,0.08996016669951723,0.031466901131298214,370,43,1480,5593,7073
1227,morphem,Raw,std_ctrl__tvn_efaar_e1.0_c304,0.305604573385314,0.07347438579943323,0.022454108326983767,370,65,1480,5661,7141
1228,morphem,Raw,std_ctrl__tvn_efaar_e1.0_c304,0.3538901459926983,-0.008006647160139203,-0.0028334735324136856,370,55,1480,5689,7169
1229,morphem,Raw,std_ctrl__tvn_efaar_e1.0_c304,0.39433276015630664,0.004082659970571311,0.0016099265749750504,370,61,1480,5631,7111
1230,morphem,Raw,std_ctrl__tvn_efaar_e1.0_c304,0.3763997222537085,0.10347651221444441,0.03894853045729935,370,98,1480,5817,7297
1231,morphem,Raw,std_ctrl__tvn_efaar_e1.0_c304,0.32173513253149144,0.01849720811577245,0.005951201704590628,370,61,1480,5561,7041
1232,morphem,Raw,std_ctrl__tvn_efaar_e1.0_c304,0.3781475757600448,0.1310227242874182,0.04954592555876394,370,59,1480,5689,7169
1233,morphem,Raw,std_ctrl__tvn_efaar_e1.0_c304,0.3861082423286237,0.04099758260113873,0.015829504557848238,370,40,1480,5593,7073
1234,morphem,Raw,std_ctrl__tvn_efaar_e1.0_c304,0.33559587279321496,0.11562662552600513,0.03880381831153392,370,71,1480,5433,6913
1235,morphem,Raw,std_ctrl__tvn_efaar_e1.0_c304,0.33839714496765066,0.042745575385292105,0.014464980670382332,370,73,1480,5753,7233
1236,morphem,Raw,std_ctrl__tvn_efaar_e1.0_c304,0.3636818394855841,0.00641896539666518,0.0023344611430535047,370,56,1480,5561,7041
1237,morphem,Raw,std_ctrl__tvn_efaar_e1.0_c304,0.33761943023395297,0.030801348784825537,0.010399133827170058,370,72,1480,5625,7105
1238,morphem,Raw,std_ctrl__tvn_efaar_e1.0_c304,0.3319059474167551,-0.029666355959603034,-0.009846439981174744,370,75,1480,5721,7201
1239,morphem,Raw,std_ctrl__tvn_efaar_e1.0_c304,0.35694009991126124,0.08815255185020367,0.031465180664844335,370,93,1480,5753,7233
1240,morphem,Raw,std_ctrl__tvn_efaar_e1.0_c304,0.36313524253787277,0.031170269383731773,0.011319023332632266,370,104,1480,5785,7265
1241,morphem,Raw,std_ctrl__tvn_efaar_e1.0_c304,0.32321134836822074,0.010096542922055661,0.003263317251695226,370,50,1480,5401,6881
1242,morphem,Raw,std_ctrl__tvn_efaar_e1.0_c304,0.33922317990662054,0.0460466922820474,0.015620105380097761,370,69,1480,5657,7137
1243,morphem,Raw,std_ctrl__tvn_efaar_e1.0_c304,0.3906995685125778,0.20857248518618773,0.08148917996583957,370,66,1480,5785,7265
1244,morphem,Raw,std_ctrl__tvn_efaar_e1.0_c304,0.3729245952230751,-0.018540347215640306,-0.006914151480687928,370,68,1480,5721,7201
1245,morphem,Raw,std_ctrl__tvn_efaar_e1.0_c304,0.35055719126466056,-0.020447029089349193,-0.007167853087269064,370,75,1480,5593,7073
1246,morphem,Raw,std_ctrl__tvn_efaar_e1.0_c304,0.4041388252395323,0.008980428149828941,0.003629339682619895,370,61,1480,5561,7041
1247,morphem,Raw,std_ctrl__tvn_efaar_e1.0_c304,0.36462801220445534,0.06916864960195727,0.02522082721122817,370,48,1480,5785,7265
1248,morphem,Raw,std_ctrl__tvn_efaar_e1.0_c304,0.37030708496334824,-0.025013084165690903,-0.009262522283339882,370,71,1480,5785,7265
1249,morphem,Raw,std_ctrl__tvn_efaar_e1.0_c304,0.3633624061986414,0.03405454805360251,0.012374142522764267,370,61,1480,5657,7137
1250,morphem,Raw,std_ctrl__tvn_efaar_e1.0_c304,0.3914951724451392,0.0693513245684069,0.027150708771207278,370,67,1480,5561,7041
1251,morphem,Raw,std_ctrl__tvn_efaar_e1.0_c304,0.35411638202969326,0.02289965377222012,0.008109142543551206,370,56,1480,5561,7041
1252,morphem,Raw,std_ctrl__tvn_efaar_e1.0_c304,0.349553012408366,4.979035910314982e-05,1.740437001340033e-05,370,62,1480,5753,7233
1253,morphem,Raw,std_ctrl__tvn_efaar_e1.0_c304,0.31646877682359004,0.008994310641375557,0.002846418487047522,370,81,1480,5849,7329
1254,morphem,Raw,std_ctrl__tvn_efaar_e1.0_c304,0.37613625864882644,0.052155386983810906,0.019617532128472333,370,77,1480,5689,7169
1255,morphem,Raw,std_ctrl__tvn_efaar_e1.0_c304,0.3504985495362463,0.021715340423144932,0.007611195320998116,370,101,1480,5657,7137
1256,morphem,Raw,std_ctrl__tvn_efaar_e1.0_c304,0.3404650342838792,0.020518219727077937,0.006985736382823756,370,100,1480,5625,7105
1257,morphem,Raw,std_ctrl__tvn_efaar_e1.0_c304,0.3714949514125532,0.10193731243363977,0.03786919692966126,370,78,1480,5625,7105
1258,morphem,Raw,std_ctrl__tvn_efaar_e1.0_c304,0.3271593876167271,0.04989895052130883,0.01632491009526876,370,70,1480,5849,7329
1259,morphem,Raw,std_ctrl__tvn_efaar_e1.0_c304,0.36555350878151055,0.0011235273375286804,0.0004107093604455576,370,66,1480,5657,7137
1260,morphem,Raw,std_ctrl__tvn_efaar_e1.0_c304,0.33526948268003476,-0.0005492046328720636,-0.0001841315531484952,370,63,1480,5785,7265
1261,morphem,Raw,std_ctrl__tvn_efaar_e1.0_c304,0.33924243760700756,0.0837192716766521,0.028401129798270763,370,64,1480,5369,6849
1262,morphem,Raw,std_ctrl__tvn_efaar_e1.0_c304,0.35494322162181774,0.007380339931353713,0.0026196016318988324,370,79,1480,5689,7169
1263,morphem,Raw,std_ctrl__tvn_efaar_e1.0_c304,0.349546865029354,0.036701613841831064,0.012828934059929993,370,83,1480,5817,7297
1264,morphem,Raw,std_ctrl__tvn_efaar_e1.0_c304,0.37111618279543196,0.06377184982985946,0.02366676547866096,370,71,1480,5753,7233
1265,morphem,Raw,std_ctrl__tvn_efaar_e1.0_c304,0.35572381650362556,0.007606375416631239,0.0027057688929634192,370,56,1480,5849,7329
1266,morphem,Raw,std_ctrl__tvn_efaar_e1.0_c304,0.32184119129907074,0.00983269649821023,0.0031645667546661817,370,80,1480,5628,7108
1267,morphem,Raw,std_ctrl__tvn_efaar_e1.0_c304,0.3799912386914123,0.011437084354103342,0.0043459918507339,370,52,1480,5599,7079
1268,morphem,Raw,std_ctrl__tvn_efaar_e1.0_c304,0.32047966835416314,0.04101141059882181,0.013143323267446825,370,79,1480,5753,7233
1269,morphem,Raw,std_ctrl__tvn_efaar_e1.0_c304,0.3600529308078897,0.007179026689348338,0.0025848295998479303,370,84,1480,5561,7041
1270,morphem,Raw,std_ctrl__tvn_efaar_e1.0_c304,0.3961006122633115,0.10960283880135024,0.04341375155501186,370,68,1480,5631,7111
1271,morphem,Raw,std_ctrl__tvn_efaar_e1.0_c304,0.3835016501857253,0.06671034943077093,0.025583529091167012,370,60,1480,5689,7169
1272,morphem,Raw,std_ctrl__tvn_efaar_e1.0_c304,0.37583961059433824,0.000782078503414882,0.0002939360801776521,370,59,1480,5657,7137
1273,morphem,Raw,std_ctrl__tvn_efaar_e1.0_c304,0.3813034998108266,-0.027544710413435477,-0.010502894481918669,370,61,1480,5753,7233
1274,morphem,Raw,std_ctrl__tvn_efaar_e1.0_c304,0.34705789832947176,-0.017276679673821432,-0.00599600813770797,370,85,1480,5785,7265
1275,morphem,Raw,std_ctrl__tvn_efaar_e1.0_c304,0.39245248090121965,-0.007953443495342443,-0.00312134863145481,370,57,1480,5785,7265
1276,morphem,Raw,std_ctrl__tvn_efaar_e1.0_c304,0.40186663944381273,0.014732206772530343,0.005920382427268147,370,72,1480,5689,7169
1277,morphem,Raw,std_ctrl__tvn_efaar_e1.0_c304,0.35763680431907013,0.14418238155505772,0.051564926178463685,370,62,1480,5721,7201
1278,morphem,Raw,std_ctrl__tvn_efaar_e1.0_c304,0.3219324071994389,0.026057782387984306,0.00838884461044293,370,70,1480,5465,6945
1279,morphem,Raw,std_ctrl__tvn_efaar_e1.0_c304,0.34999254346005826,0.019393967813678137,0.006787744122891716,370,57,1480,5593,7073
1280,morphem,Raw,std_ctrl__tvn_efaar_e1.0_c304,0.3550942924727961,0.027795848748353485,0.009870147244977437,370,54,1480,5881,7361
1281,morphem,Raw,std_ctrl__tvn_efaar_e1.0_c304,0.3575975593459169,0.038329750111486115,0.013706625090206322,370,88,1480,5881,7361
1282,morphem,Raw,std_ctrl__tvn_efaar_e1.0_c304,0.38564070215889096,0.03276419129016446,0.012635205734807241,370,59,1480,5593,7073
1283,morphem,Raw,std_ctrl__tvn_efaar_e1.0_c304,0.35065276343674073,-0.010514232756565106,-0.0036868447715066545,370,78,1480,5657,7137
1284,morphem,Raw,std_ctrl__tvn_efaar_e1.0_c304,0.33751629951355333,0.13877956997718152,0.046840366906780534,370,75,1480,5669,7149
1285,morphem,Raw,std_ctrl__tvn_efaar_e1.0_c304,0.3409654250868954,0.0893725225596366,0.030472940145634644,370,75,1480,5657,7137
1286,morphem,Raw,std_ctrl__tvn_efaar_e1.0_c304,0.3604044339348052,0.024793606499990073,0.00893572571583123,370,83,1480,5625,7105
1287,morphem,Raw,std_ctrl__tvn_efaar_e1.0_c304,0.36401712230419275,-0.020753649645912906,-0.007554683821414645,370,94,1480,5502,6982
1288,morphem,Raw,std_ctrl__tvn_efaar_e1.0_c304,0.32844873789562057,-0.011663925419913455,-0.0038310015830792204,370,56,1480,5561,7041
1289,morphem,Raw,std_ctrl__tvn_efaar_e1.0_c304,0.35290787079643504,0.13946495992965882,0.04921828205948602,370,57,1480,5913,7393
1290,morphem,Raw,std_ctrl__tvn_efaar_e1.0_c304,0.3580504450811941,0.10794006877690951,0.03864798966766715,370,49,1480,5433,6913
1291,morphem,Raw,std_ctrl__tvn_efaar_e1.0_c304,0.4003236295281912,0.00990372491801508,0.003964695105028585,370,62,1480,5561,7041
1292,morphem,Raw,std_ctrl__tvn_efaar_e1.0_c304,0.3278580488811929,0.10300187898853035,0.0337699950762763,370,94,1480,5593,7073
1293,morphem,Raw,std_ctrl__tvn_efaar_e1.0_c304,0.3462519119881639,0.01569721439408442,0.005435190496839858,370,61,1480,5561,7041
1294,morphem,Raw,std_ctrl__tvn_efaar_e1.0_c304,0.3480037812664238,-0.008301505257313473,-0.0028889552197481853,370,49,1480,5881,7361
1295,morphem,Raw,std_ctrl__tvn_efaar_e1.0_c304,0.3623336264580218,0.013157797733483871,0.004767512568974351,370,68,1480,5785,7265
1296,morphem,Raw,std_ctrl__tvn_efaar_e1.0_c304,0.3658314617893578,0.0594905974963222,0.02176353224480186,370,89,1480,5721,7201
1297,morphem,Raw,std_ctrl__tvn_efaar_e1.0_c304,0.3524036956587396,-0.017712723474377357,-0.006242029212551891,370,89,1480,5593,7073
1298,morphem,Raw,std_ctrl__tvn_efaar_e1.0_c304,0.4013269566438399,0.08394085925078107,0.03368772958118488,370,72,1480,5849,7329
1299,morphem,Raw,std_ctrl__tvn_efaar_e1.0_c304,0.3438374810279297,-7.927922891662651e-05,-2.7259170368529466e-05,370,52,1480,5753,7233
1300,morphem,Raw,std_ctrl__tvn_efaar_e1.0_c304,0.3611477262675626,-0.015492674967036432,-0.005595144338147592,370,70,1480,5753,7233
1301,morphem,Raw,std_ctrl__tvn_efaar_e1.0_c304,0.3906227517730391,0.07257901071682306,0.028351012887170318,370,59,1480,5689,7169
1302,morphem,Raw,std_ctrl__tvn_efaar_e1.0_c304,0.3665959592429237,0.07634894268399108,0.02798921388042071,370,89,1480,5785,7265
1303,morphem,Raw,std_ctrl__tvn_efaar_e1.0_c304,0.36174434771530956,-0.036414000342753224,-0.013172558801694323,370,54,1480,5689,7169
1304,morphem,Raw,std_ctrl__tvn_efaar_e1.0_c304,0.35046134067513374,0.05674928665014999,0.019888431081769034,370,78,1480,5465,6945
1305,morphem,Raw,std_ctrl__tvn_efaar_e1.0_c304,0.37306423788680954,-0.005164507745994538,-0.001926693146319977,370,92,1480,5785,7265
1306,morphem,Raw,std_ctrl__tvn_efaar_e1.0_c304,0.3553126052271201,0.08163196702395478,0.029004866873095732,370,75,1480,5817,7297
1307,morphem,Raw,std_ctrl__tvn_efaar_e1.0_c304,0.33535912190615513,-0.0008386568895933073,-0.00028125123807455887,370,91,1480,5593,7073
1308,morphem,Raw,std_ctrl__tvn_efaar_e1.0_c304,0.3601852764905399,-0.007272590829180126,-0.0026194801386108086,370,57,1480,5817,7297
1309,morphem,Raw,std_ctrl__tvn_efaar_e1.0_c304,0.3193628988307633,0.12920351357122564,0.04126280863322649,370,97,1480,5721,7201
1310,morphem,Raw,std_ctrl__tvn_efaar_e1.0_c304,0.34871083744703785,0.030591616197905794,0.010667628103230098,370,63,1480,5945,7425
1311,morphem,Raw,std_ctrl__tvn_efaar_e1.0_c304,0.35335869257252756,0.07052959536622722,0.024922245606279446,370,68,1480,5561,7041
1312,morphem,Raw,std_ctrl__tvn_efaar_e1.0_c304,0.3482963198077766,0.054099599964714175,0.018842691570782867,370,67,1480,6009,7489
1313,morphem,Raw,std_ctrl__tvn_efaar_e1.0_c304,0.333120271118114,0.02310683808381581,0.0076973561671630835,370,81,1480,5497,6977
1314,morphem,Raw,std_ctrl__tvn_efaar_e1.0_c304,0.35058823164472674,0.15911201200915956,0.05578279892372578,370,51,1480,5785,7265
1315,morphem,Raw,std_ctrl__tvn_efaar_e1.0_c304,0.3494787934190603,0.06671390421387705,0.023315094748940512,370,56,1480,5369,6849
1316,morphem,Raw,std_ctrl__tvn_efaar_e1.0_c304,0.3607004951915984,-0.007424656666111931,-0.0026780773360941756,370,71,1480,5849,7329
1317,morphem,Raw,std_ctrl__tvn_efaar_e1.0_c304,0.32343191704675117,0.04599541470407887,0.014876385153100555,370,78,1480,5689,7169
1318,morphem,Raw,std_ctrl__tvn_efaar_e1.0_c304,0.3906371945171125,0.11228497803289464,0.04386268880518557,370,55,1480,5913,7393
1319,morphem,Raw,std_ctrl__tvn_efaar_e1.0_c304,0.3488855888810153,0.04446957032773146,0.015514792231076314,370,71,1480,5689,7169
1320,morphem,Raw,std_ctrl__tvn_efaar_e1.0_c304,0.37699556413848956,0.04697496071389473,0.017709351814718128,370,62,1480,5689,7169
1321,morphem,Raw,std_ctrl__tvn_efaar_e1.0_c304,0.3266118308745673,0.05795574447865724,0.018929031813872836,370,75,1480,5721,7201
1322,morphem,Raw,std_ctrl__tvn_efaar_e1.0_c304,0.34547889686652716,0.037388767719122785,0.01291703022680136,370,65,1480,5689,7169
1323,morphem,Raw,std_ctrl__tvn_efaar_e1.0_c304,0.3656671590902489,0.04309455625524536,0.015758263958110485,370,85,1480,5657,7137
1324,morphem,Raw,std_ctrl__tvn_efaar_e1.0_c304,0.3716981737277866,0.11570156578791461,0.04300606070081321,370,85,1480,5593,7073
1325,morphem,Raw,std_ctrl__tvn_efaar_e1.0_c304,0.3811104230445371,0.06590997181925187,0.025118977242888602,370,60,1480,5465,6945
1326,morphem,Raw,std_ctrl__tvn_efaar_e1.0_c304,0.3491031014100452,-0.0156725310520333,-0.005471329197210064,370,93,1480,5593,7073
1327,morphem,Raw,std_ctrl__tvn_efaar_e1.0_c304,0.34152257818422316,0.007254821740399096,0.002477685425048052,370,72,1480,5881,7361
1328,morphem,Raw,std_ctrl__tvn_efaar_e1.0_c304,0.38692275675754323,0.025535193992966797,0.00988014765409737,370,64,1480,5817,7297
1329,morphem,Raw,std_ctrl__tvn_efaar_e1.0_c304,0.3738347145540633,0.010220949144298204,0.0038209456058303165,370,63,1480,5823,7303
1330,morphem,Raw,std_ctrl__tvn_efaar_e1.0_c304,0.33897315866469496,0.022765420524999486,0.007716866503689154,370,114,1480,5849,7329
1331,morphem,Raw,std_ctrl__tvn_efaar_e1.0_c304,0.3771456367973512,0.022218152039811964,0.00837947909951525,370,78,1480,5721,7201
1332,morphem,Raw,std_ctrl__tvn_efaar_e1.0_c304,0.349196533096706,-0.0074416099374508115,-0.0025985843908158186,370,74,1480,5977,7457
1333,morphem,Raw,std_ctrl__tvn_efaar_e1.0_c304,0.3958885764618531,0.04834758425975454,0.019140256307963722,370,78,1480,5561,7041
1334,morphem,Raw,std_ctrl__tvn_efaar_e1.0_c304,0.3349152545833511,0.011302126359845533,0.0037852545271408696,370,93,1480,5791,7271
1335,morphem,Raw,std_ctrl__tvn_efaar_e1.0_c304,0.3704258008397831,0.030667405180586884,0.011359998123697009,370,62,1480,5657,7137
1336,morphem,Raw,std_ctrl__tvn_efaar_e1.0_c304,0.37681491599905814,-6.906937487907274e-05,-2.6026370693165252e-05,370,69,1480,5849,7329
1337,morphem,Raw,std_ctrl__tvn_efaar_e1.0_c304,0.3358809209470522,0.022378684091457456,0.007516573022221876,370,64,1480,5657,7137
1338,morphem,Raw,std_ctrl__tvn_efaar_e1.0_c304,0.34918636887618726,0.05440328119863517,0.01899688421670156,370,54,1480,5721,7201
1339,morphem,Raw,std_ctrl__tvn_efaar_e1.0_c304,0.35800191115068997,-0.0013972987032802259,-0.0005002356062227017,370,71,1480,5785,7265
1340,morphem,Raw,std_ctrl__tvn_efaar_e1.0_c304,0.3678620407627287,0.00935704974105005,0.0034421034132610336,370,87,1480,5689,7169
1341,morphem,Raw,std_ctrl__tvn_efaar_e1.0_c304,0.37354208226728697,0.0378420969999215,0.014135615710711329,370,63,1480,5529,7009
1342,morphem,Raw,std_ctrl__tvn_efaar_e1.0_c304,0.34834042565828893,0.08274848290718823,0.028824641758467592,370,71,1480,5849,7329
1343,morphem,Raw,std_ctrl__tvn_efaar_e1.0_c304,0.36023869093460525,0.07857076707855114,0.028304230278105042,370,103,1480,5561,7041
1344,morphem,Raw,std_ctrl__tvn_efaar_e1.0_c304,0.37233248310799044,0.05720300652828621,0.02129853746191939,370,53,1480,5785,7265
1345,morphem,Raw,std_ctrl__tvn_efaar_e1.0_c304,0.352838967491148,0.04365911985523911,0.015404638771294847,370,50,1480,5721,7201
1346,morphem,Raw,std_ctrl__tvn_efaar_e1.0_c304,0.38516216963717087,0.023891695623896907,0.009202177322811034,370,86,1480,5529,7009
1347,morphem,Raw,std_ctrl__tvn_efaar_e1.0_c304,0.38594531877208743,0.011751818058392132,0.004535559166697725,370,65,1480,5529,7009
1348,morphem,Raw,std_ctrl__tvn_efaar_e1.0_c304,0.3857920965578052,0.025293324575803505,0.009757964717016293,370,72,1480,5657,7137
1349,morphem,Raw,std_ctrl__tvn_efaar_e1.0_c304,0.35698488450603344,0.10310344345315903,0.036806370853300324,370,83,1480,5913,7393
1350,morphem,Raw,std_ctrl__tvn_efaar_e1.0_c304,0.36388202910064343,0.015159430198054904,0.005516244220477787,370,53,1480,5593,7073
1351,morphem,Raw,std_ctrl__tvn_efaar_e1.0_c304,0.3184770495046278,0.05927902766058832,0.018879009826847388,370,66,1480,5689,7169
1352,morphem,Raw,std_ctrl__tvn_efaar_e1.0_c304,0.33814365864465623,0.04912223934403389,0.0166103737326101,370,61,1480,5529,7009
1353,morphem,Raw,std_ctrl__tvn_efaar_e1.0_c304,0.33572283220782506,0.11986411555088895,0.040241120352830444,370,95,1480,5689,7169
1354,morphem,Raw,std_ctrl__tvn_efaar_e1.0_c304,0.35347349239047965,0.05399409538440012,0.01908548146398859,370,58,1480,5785,7265
1355,morphem,Raw,std_ctrl__tvn_efaar_e1.0_c304,0.39014064786151953,0.13090725660246932,0.051072241900661564,370,92,1480,5849,7329
1356,morphem,Raw,std_ctrl__tvn_efaar_e1.0_c304,0.3718839693263145,0.04221234472850732,0.015698094312208033,370,82,1480,5625,7105
1357,morphem,Raw,std_ctrl__tvn_efaar_e1.0_c304,0.36268567933485274,0.03442553438948,0.012485648326513887,370,88,1480,5721,7201
1358,morphem,Raw,std_ctrl__tvn_efaar_e1.0_c304,0.34838468657785426,0.020690641932455303,0.00720830280473305,370,119,1480,5593,7073
1359,morphem,Raw,std_ctrl__tvn_efaar_e1.0_c304,0.338742125614976,0.07549574662965482,0.025573589688218934,370,92,1480,5433,6913
1360,morphem,Raw,std_ctrl__tvn_efaar_e1.0_c304,0.3340340716808896,0.0022802949194604067,0.0007616961965806059,370,74,1480,5593,7073
1361,morphem,Raw,std_ctrl__tvn_efaar_e1.0_c304,0.3885384513630278,0.10941358728419008,0.04251138576147268,370,62,1480,5593,7073
1362,morphem,Raw,std_ctrl__tvn_efaar_e1.0_c304,0.356644793171085,0.005765140330690101,0.002056107280841252,370,71,1480,5689,7169
1363,morphem,Raw,std_ctrl__tvn_efaar_e1.0_c304,0.3492502670510804,0.06080854909079785,0.021237402008949885,370,77,1480,5593,7073
1364,morphem,Raw,std_ctrl__tvn_efaar_e1.0_c304,0.36744945900040904,0.06735746755670528,0.02475046501334896,370,61,1480,5721,7201
1365,morphem,Raw,std_ctrl__tvn_efaar_e1.0_c304,0.33309813097113294,0.005278633713630795,0.0017583030240916283,370,76,1480,5502,6982
1366,morphem,Raw,std_ctrl__tvn_efaar_e1.0_c304,0.3469761417609813,-0.02520323180977861,-0.008744920133264616,370,67,1480,5913,7393
1367,morphem,Raw,std_ctrl__tvn_efaar_e1.0_c304,0.35116765730185456,0.09792474203663738,0.03438800225289439,370,81,1480,5529,7009
1368,morphem,Raw,std_ctrl__tvn_efaar_e1.0_c304,0.3579227632324111,0.02308931007973615,0.008264189664869125,370,77,1480,5598,7078
1369,morphem,Raw,std_ctrl__tvn_efaar_e1.0_c304,0.3667877165621057,-0.022817315491940156,-0.00836911104736589,370,61,1480,5561,7041
1370,morphem,Raw,std_ctrl__tvn_efaar_e1.0_c304,0.3460618561067262,0.0792457942422067,0.027423946644109763,370,100,1480,5753,7233
1371,morphem,Raw,std_ctrl__tvn_efaar_e1.0_c304,0.3424232504872443,-0.009498462897512197,-0.0032524945399986156,370,62,1480,5721,7201
1372,morphem,Raw,std_ctrl__tvn_efaar_e1.0_c304,0.4046204491668611,0.044568702917233985,0.018033408593155605,370,61,1480,5561,7041
1373,morphem,Raw,std_ctrl__tvn_efaar_e1.0_c304,0.3295209216625008,-0.04069412695226223,-0.013409566219560265,370,43,1480,5753,7233
1374,morphem,Raw,std_ctrl__tvn_efaar_e1.0_c304,0.34112919936006425,0.06381068889093963,0.021767689211980384,370,57,1480,5817,7297
1375,morphem,Raw,std_ctrl__tvn_efaar_e1.0_c304,0.3561295964777605,0.03975162973487254,0.014156731856813503,370,66,1480,5849,7329
1376,morphem,Raw,std_ctrl__tvn_efaar_e1.0_c304,0.3703676002071307,0.06492813174016343,0.024047276338536764,370,84,1480,5849,7329
1377,morphem,Raw,std_ctrl__tvn_efaar_e1.0_c304,0.382831452938111,0.029456648828685917,0.011276931669773536,370,63,1480,5689,7169
1378,morphem,Raw,std_ctrl__tvn_efaar_e1.0_c304,0.35330679792315145,0.024408414201374837,0.008623658663869719,370,61,1480,5689,7169
1379,morphem,Raw,std_ctrl__tvn_efaar_e1.0_c304,0.3285100927215695,-0.03613802625970466,-0.01187170635735009,370,75,1480,5401,6881
1380,morphem,Raw,std_ctrl__tvn_efaar_e1.0_c304,0.39659454349043377,0.06747566373940912,0.026760480057444976,370,76,1480,5849,7329
1381,morphem,Raw,std_ctrl__tvn_efaar_e1.0_c304,0.3633615718979704,0.018653108140154546,0.006777822694589384,370,76,1480,5785,7265
1382,morphem,Raw,std_ctrl__tvn_efaar_e1.0_c304,0.3710140430192265,0.059397278089447045,0.022037224288303067,370,79,1480,5817,7297
1383,morphem,Raw,std_ctrl__tvn_efaar_e1.0_c304,0.3236795332635937,0.0014528254440348625,0.0004702498616386776,370,89,1480,5817,7297
1384,morphem,Raw,std_ctrl__tvn_efaar_e1.0_c304,0.3862705801652029,0.06581729616464123,0.02542328517442095,370,75,1480,5689,7169
1385,morphem,Raw,std_ctrl__tvn_efaar_e1.0_c304,0.33103503077509105,0.058314551969852656,0.01930415950597582,370,60,1480,5721,7201
1386,morphem,Raw,std_ctrl__tvn_efaar_e1.0_c304,0.37020525788356967,0.10203684003861875,0.0377745746801214,370,70,1480,5785,7265
1387,morphem,Raw,std_ctrl__tvn_efaar_e1.0_c304,0.3479089641481804,0.02523269085960907,0.008778679339637852,370,79,1480,5657,7137
1388,morphem,Raw,std_ctrl__tvn_efaar_e1.0_c304,0.33207197120751436,0.0661430865490574,0.02196426513209472,370,68,1480,5785,7265
1389,morphem,Raw,std_ctrl__tvn_efaar_e1.0_c304,0.3810281924123094,0.01499996757046444,0.005715410529617326,370,62,1480,5625,7105
1390,morphem,Raw,std_ctrl__tvn_efaar_e1.0_c304,0.3375966948144373,-0.004078346949102691,-0.0013768364503236126,370,82,1480,5689,7169
1391,morphem,Raw,std_ctrl__tvn_efaar_e1.0_c304,0.4047531025117058,0.03956320102379193,0.016013328359674082,370,82,1480,5753,7233
1392,morphem,Raw,std_ctrl__tvn_efaar_e1.0_c304,0.3849794761553323,0.09327650150042428,0.03590953868523541,370,65,1480,5561,7041
1393,morphem,Raw,std_ctrl__tvn_efaar_e1.0_c304,0.33567236650297677,-0.018917180314421682,-0.006349974683705452,370,53,1480,5561,7041
1394,morphem,Raw,std_ctrl__tvn_efaar_e1.0_c304,0.3415637462536097,0.03083075211798227,0.010530667193234436,370,62,1480,5753,7233
1395,morphem,Raw,std_ctrl__tvn_efaar_e1.0_c304,0.35076729700113424,0.04013604663173612,0.014078412589325559,370,75,1480,5721,7201
1396,morphem,Raw,std_ctrl__tvn_efaar_e1.0_c304,0.3362897113593941,0.049041055270768956,0.016492002321766987,370,111,1480,5849,7329
1397,morphem,Raw,std_ctrl__tvn_efaar_e1.0_c304,0.32474626384225624,-0.012839791672136624,-0.004169674374039285,370,87,1480,5593,7073
1398,morphem,Raw,std_ctrl__tvn_efaar_e1.0_c304,0.3565653727000905,-0.025635734343588366,-0.009140815170662096,370,80,1480,5849,7329
1399,morphem,Raw,std_ctrl__tvn_efaar_e1.0_c304,0.3590899874999485,-0.0210953386042077,-0.007575124875692125,370,52,1480,5689,7169
1400,morphem,Raw,std_ctrl__tvn_efaar_e1.0_c304,0.34710603148135893,0.03748937626582338,0.013012788618341401,370,57,1480,5497,6977
1401,morphem,Raw,std_ctrl__tvn_efaar_e1.0_c304,0.33885162071579006,0.12499750925969746,0.04235560859808546,370,71,1480,5721,7201
1402,morphem,Raw,std_ctrl__tvn_efaar_e1.0_c304,0.3441972543580038,0.1313916356562656,0.04522464023849381,370,68,1480,5689,7169
1403,morphem,Raw,std_ctrl__tvn_efaar_e1.0_c304,0.35839211133200394,0.013139147965438039,0.004708966980436943,370,68,1480,5785,7265
1404,morphem,Raw,std_ctrl__tvn_efaar_e1.0_c304,0.35447915703703214,0.046029749826263455,0.016316586917039345,370,59,1480,5817,7297
1405,morphem,Raw,std_ctrl__tvn_efaar_e1.0_c304,0.35242663522831374,0.07521279768069587,0.026506993212715567,370,58,1480,5817,7297
1406,morphem,Raw,std_ctrl__tvn_efaar_e1.0_c304,0.32510029585837463,-0.018112513190983802,-0.0058883833971275475,370,58,1480,5657,7137
1407,morphem,Raw,std_ctrl__tvn_efaar_e1.0_c304,0.35476588878326,0.07403992269399948,0.026266838979980587,370,80,1480,5753,7233
1408,morphem,Raw,std_ctrl__tvn_efaar_e1.0_c304,0.3484632668177942,-0.026984301746021823,-0.009403037939215873,370,66,1480,5849,7329
1409,morphem,Raw,std_ctrl__tvn_efaar_e1.0_c304,0.3620809754114711,0.009648853763735761,0.0034936663823760886,370,65,1480,5849,7329
1410,morphem,Raw,std_ctrl__tvn_efaar_e1.0_c304,0.38036249129679756,0.07401457637391866,0.028152368661860792,370,69,1480,6041,7521
1411,morphem,Raw,std_ctrl__tvn_efaar_e1.0_c304,0.36265275373974676,0.07885257881012607,0.028596104844972624,370,58,1480,5817,7297
1412,morphem,Raw,std_ctrl__tvn_efaar_e1.0_c304,0.3352500231752857,-0.007589037338492303,-0.002544224943607653,370,65,1480,5689,7169
1413,morphem,Raw,std_ctrl__tvn_efaar_e1.0_c304,0.3678056317396469,-0.04445432888173122,-0.016350552517907183,370,75,1480,5721,7201
1414,morphem,Raw,std_ctrl__tvn_efaar_e1.0_c304,0.3514514609715576,0.04281717404293801,0.015048158372064016,370,94,1480,5631,7111
1415,morphem,Raw,std_ctrl__tvn_efaar_e1.0_c304,0.33651975767246894,0.09016181645847199,0.030341232625914615,370,58,1480,5785,7265
1416,morphem,Raw,std_ctrl__tvn_efaar_e1.0_c304,0.34686059467835423,0.05355862769820455,0.018577377453555803,370,70,1480,5849,7329
1417,morphem,Raw,std_ctrl__tvn_efaar_e1.0_c304,0.3830395835781871,0.1086559191835796,0.041619518037383486,370,57,1480,5753,7233
1418,morphem,Raw,std_ctrl__tvn_efaar_e1.0_c304,0.3630272701512386,0.023745076784985115,0.008620110404784696,370,92,1480,5817,7297
1419,morphem,Raw,std_ctrl__tvn_efaar_e1.0_c304,0.3630598035227523,0.03614031438486733,0.013121095439820433,370,61,1480,5849,7329
1420,morphem,Raw,std_ctrl__tvn_efaar_e1.0_c304,0.3648679036557482,-0.02410585021024598,-0.008795451032051928,370,63,1480,5785,7265
1421,morphem,Raw,std_ctrl__tvn_efaar_e1.0_c304,0.38856688637226144,0.014220327806386995,0.005525548498920685,370,103,1480,5657,7137
1422,morphem,Raw,std_ctrl__tvn_efaar_e1.0_c304,0.3636252277181839,0.08667032763495996,0.03151551762267192,370,73,1480,5817,7297
1423,morphem,Raw,std_ctrl__tvn_efaar_e1.0_c304,0.34542434779261705,0.022831512640845195,0.007886560363082842,370,71,1480,5823,7303
1424,morphem,Raw,std_ctrl__tvn_efaar_e1.0_c304,0.3604251534934343,0.03511619137020536,0.012656758664711078,370,44,1480,5721,7201
1425,morphem,Raw,std_ctrl__tvn_efaar_e1.0_c304,0.3712642858544993,-0.0147674696823979,-0.0054826340855134255,370,86,1480,5497,6977
1426,morphem,Raw,std_ctrl__tvn_efaar_e1.0_c304,0.3693958139968511,-0.02059007549871806,-0.007605887699105578,370,63,1480,5497,6977
1427,morphem,Raw,std_ctrl__tvn_efaar_e1.0_c304,0.3578883212091015,0.12685262647143863,0.0453990735288284,370,73,1480,5721,7201
1428,morphem,Raw,std_ctrl__tvn_efaar_e1.0_c304,0.3200582727089623,0.050343377881850955,0.016112814567199794,370,94,1480,5657,7137
1429,morphem,Raw,std_ctrl__tvn_efaar_e1.0_c304,0.3697127977083456,0.0013146090270301652,0.0004860277812759685,370,69,1480,5817,7297
1430,morphem,Raw,std_ctrl__tvn_efaar_e1.0_c304,0.35879336004297974,0.043587156800958635,0.015638782443336163,370,77,1480,5567,7047
1431,morphem,Raw,std_ctrl__tvn_efaar_e1.0_c304,0.3217563086033907,0.09980002728885098,0.03211128837897835,370,64,1480,5529,7009
1432,morphem,Raw,std_ctrl__tvn_efaar_e1.0_c304,0.35151444998343456,0.007882054150257117,0.0027706559293672784,370,59,1480,5752,7232
1433,morphem,Raw,std_ctrl__tvn_efaar_e1.0_c304,0.3315340606260713,0.03034399928940683,0.010060069300051669,370,65,1480,5721,7201
1434,morphem,Raw,std_ctrl__tvn_efaar_e1.0_c304,0.37809670343896523,0.1000907026104032,0.03784396470188328,370,63,1480,5625,7105
1435,morphem,Raw,std_ctrl__tvn_efaar_e1.0_c304,0.37385206305814783,0.07833270331569979,0.029284842739496185,370,88,1480,5785,7265
1436,morphem,Raw,std_ctrl__tvn_efaar_e1.0_c304,0.31780517414918963,0.08534748937758066,0.027123873724838134,370,92,1480,5721,7201
1437,morphem,Raw,std_ctrl__tvn_efaar_e1.0_c304,0.34817434400776553,0.09301065385348777,0.03238392339117145,370,52,1480,5753,7233
1438,morphem,Raw,std_ctrl__tvn_efaar_e1.0_c304,0.3427457937820013,-0.007838270357990708,-0.0026865341957274568,370,64,1480,5689,7169
1439,morphem,Raw,std_ctrl__tvn_efaar_e1.0_c304,0.3540475187488389,0.05219429438124634,0.01847926041852673,370,58,1480,5721,7201
1440,morphem,Raw,std_ctrl__tvn_efaar_e1.0_c304,0.3466906980274633,0.03614121007606351,0.012529821348827647,370,81,1480,5657,7137
1441,morphem,Raw,std_ctrl__tvn_efaar_e1.0_c304,0.41196990907552355,0.09064706822174877,0.03734386445327662,370,76,1480,5593,7073
1442,morphem,Raw,std_ctrl__tvn_efaar_e1.0_c304,0.35223252569578817,-0.006765342929080159,-0.0023829738271080457,370,57,1480,5785,7265
1443,morphem,Raw,std_ctrl__tvn_efaar_e1.0_c304,0.35678097983077245,0.072293194949893,0.025792836929319878,370,62,1480,5657,7137
1444,morphem,Raw,std_ctrl__tvn_efaar_e1.0_c304,0.34806080019605645,0.008385014671261078,0.002918494916134804,370,82,1480,5721,7201
1445,morphem,Raw,std_ctrl__tvn_efaar_e1.0_c304,0.3944842584073995,-0.0023948149355526365,-0.000944716793874446,370,85,1480,5817,7297
1446,morphem,Raw,std_ctrl__tvn_efaar_e1.0_c304,0.3676613936948046,-0.008972843823972931,-0.003298968265727708,370,87,1480,5657,7137
1447,morphem,Raw,std_ctrl__tvn_efaar_e1.0_c304,0.36540531434592344,0.03185516417308232,0.011640046278206143,370,55,1480,5721,7201
1448,morphem,Raw,std_ctrl__tvn_efaar_e1.0_c304,0.3512370580251201,-0.024371288700476466,-0.008560099743436207,370,68,1480,5657,7137
1449,morphem,Raw,std_ctrl__tvn_efaar_e1.0_c304,0.37865508013585125,0.06844762952740617,0.025918042643809043,370,74,1480,5625,7105
1450,morphem,Raw,std_ctrl__tvn_efaar_e1.0_c304,0.3597364200761473,-0.012764286625209125,-0.0045917787753785785,370,83,1480,5881,7361
1451,morphem,Raw,std_ctrl__tvn_efaar_e1.0_c304,0.39511416511900654,0.053383784385970884,0.021092689398555943,370,70,1480,5689,7169
1452,morphem,Raw,std_ctrl__tvn_efaar_e1.0_c304,0.3471707551005948,0.00916955883319418,0.0031834026640593523,370,63,1480,5913,7393
1453,morphem,Raw,std_ctrl__tvn_efaar_e1.0_c304,0.33134158626223237,-0.0038997944467922224,-0.0012921640780967799,370,56,1480,5657,7137
1454,morphem,Raw,std_ctrl__tvn_efaar_e1.0_c304,0.3724278214880058,0.1078297011210625,0.04015878068022008,370,79,1480,5785,7265
1455,morphem,Raw,std_ctrl__tvn_efaar_e1.0_c304,0.422288962046474,0.09768572821716089,0.04125160477557883,370,81,1480,5657,7137
1456,morphem,Raw,std_ctrl__tvn_efaar_e1.0_c304,0.34107700987949485,0.027665368465631977,0.009436021153472224,370,79,1480,5753,7233
1457,morphem,Raw,std_ctrl__tvn_efaar_e1.0_c304,0.37554309764916993,0.08588350568188818,0.032252957760746374,370,76,1480,5887,7367
1458,morphem,Raw,std_ctrl__tvn_efaar_e1.0_c304,0.3724493662273678,-0.007772031819848018,-0.0028946883256013305,370,85,1480,5721,7201
1459,morphem,Raw,std_ctrl__tvn_efaar_e1.0_c304,0.37027957883645374,0.08111432338470725,0.030034977500493314,370,85,1480,5817,7297
1460,morphem,Raw,std_ctrl__tvn_efaar_e1.0_c304,0.3555065251757858,0.03302014010848742,0.011738875270785955,370,40,1480,5657,7137
1461,morphem,Raw,std_ctrl__tvn_efaar_e1.0_c304,0.3826947865987053,0.0061383671625897,0.0023491211113517655,370,81,1480,5785,7265
1462,morphem,Raw,std_ctrl__tvn_efaar_e1.0_c304,0.39166366121589846,-0.0015085252422467055,-0.0005908345194149448,370,75,1480,5817,7297
1463,morphem,Raw,std_ctrl__tvn_efaar_e1.0_c304,0.34845523716246796,0.01519260096341387,0.005293941371821119,370,79,1480,5849,7329
1464,morphem,Raw,std_ctrl__tvn_efaar_e1.0_c304,0.3913011066411658,0.10640408603846616,0.04163603661799362,370,94,1480,5721,7201
1465,morphem,Raw,std_ctrl__tvn_efaar_e1.0_c304,0.3762504802546252,0.07407670821550603,0.027871397041765885,370,78,1480,5561,7041
1466,morphem,Raw,std_ctrl__tvn_efaar_e1.0_c304,0.36866077145240156,-0.004578275671186461,-0.0016878306408613622,370,57,1480,5625,7105
1467,morphem,Raw,std_ctrl__tvn_efaar_e1.0_c304,0.3341612832953616,0.048016874688576704,0.016045380465767357,370,75,1480,5657,7137
1468,morphem,Raw,std_ctrl__tvn_efaar_e1.0_c304,0.35953085288710646,0.011217063653784732,0.004032880462334187,370,90,1480,5785,7265
1469,morphem,Raw,std_ctrl__tvn_efaar_e1.0_c304,0.3638985853094133,0.017918751760347202,0.006520608416100906,370,70,1480,5881,7361
1470,morphem,Raw,std_ctrl__tvn_efaar_e1.0_c304,0.35046641245975174,0.03213605214537913,0.011262606906010532,370,102,1480,5689,7169
1471,morphem,Raw,std_ctrl__tvn_efaar_e1.0_c304,0.3640515948629567,0.0016521359421033512,0.0006014627246531385,370,67,1480,5881,7361
1472,morphem,Raw,std_ctrl__tvn_efaar_e1.0_c304,0.3984814312403909,0.03293738299312044,0.013124935516411545,370,67,1480,5657,7137
1473,morphem,Raw,std_ctrl__tvn_efaar_e1.0_c304,0.3722624133666655,0.08031022868842069,0.0298964795495803,370,82,1480,5497,6977
1474,morphem,Raw,std_ctrl__tvn_efaar_e1.0_c304,0.31935538745179226,0.024574347027730464,0.007847950116415661,370,84,1480,5593,7073
1475,morphem,Raw,std_ctrl__tvn_efaar_e1.0_c304,0.3276228139347923,0.053247440308844984,0.01744507622880868,370,84,1480,5593,7073
1476,morphem,Raw,std_ctrl__tvn_efaar_e1.0_c304,0.35634733036012733,0.013241594498222925,0.004718606849153089,370,79,1480,5657,7137
1477,morphem,Raw,std_ctrl__tvn_efaar_e1.0_c304,0.35482061045789454,-0.004170892167535042,-0.0014799185050388345,370,58,1480,5689,7169
1478,morphem,Raw,std_ctrl__tvn_efaar_e1.0_c304,0.37864768076331307,0.0418447220752853,0.015844406965992187,370,48,1480,5657,7137
1479,morphem,Raw,std_ctrl__tvn_efaar_e1.0_c304,0.3610659642360708,0.09009426397187752,0.03252997229314505,370,84,1480,5497,6977
1480,morphem,Raw,std_ctrl__tvn_efaar_e1.0_c304,0.36960393694936766,0.026966148460267503,0.009966794635275998,370,51,1480,5689,7169
1481,morphem,Raw,std_ctrl__tvn_efaar_e1.0_c304,0.3957847069493431,0.049014840912975276,0.01939932444691059,370,50,1480,6041,7521
1482,morphem,Raw,std_ctrl__tvn_efaar_e1.0_c304,0.3470920852422972,0.06735105441447817,0.02337701791998865,370,70,1480,5689,7169
1483,morphem,Raw,std_ctrl__tvn_efaar_e1.0_c304,0.37119772596502915,-0.015432503245983518,-0.005728510110857013,370,73,1480,5753,7233
1484,morphem,Raw,std_ctrl__tvn_efaar_e1.0_c304,0.38441338960494076,0.05881339423697178,0.022608656232806012,370,67,1480,5753,7233
1485,morphem,Raw,std_ctrl__tvn_efaar_e1.0_c304,0.3711412380101744,0.02484449206042662,0.009220815541040685,370,62,1480,5593,7073
1486,morphem,Raw,std_ctrl__tvn_efaar_e1.0_c304,0.3518310307057441,0.006122277812953097,0.002154007313198197,370,92,1480,5529,7009
1487,morphem,Raw,std_ctrl__tvn_efaar_e1.0_c304,0.36020116174821226,0.13242353412983665,0.0476991108363712,370,86,1480,5753,7233
1488,morphem,Raw,std_ctrl__tvn_efaar_e1.0_c304,0.3431628881934169,0.07456465678459023,0.025587822979350843,370,76,1480,5849,7329
1489,morphem,Raw,std_ctrl__tvn_efaar_e1.0_c304,0.3909275791820214,0.10989661786663502,0.04296161878289531,370,61,1480,5785,7265
1490,morphem,Raw,std_ctrl__tvn_efaar_e1.0_c304,0.384115745169703,0.01910796740805737,0.0073396711396243545,370,70,1480,5497,6977
1491,morphem,Raw,std_ctrl__tvn_efaar_e1.0_c304,0.38880423619630855,0.04878451710603491,0.01896762691161765,370,102,1480,5625,7105
1492,morphem,Raw,std_ctrl__tvn_efaar_e1.0_c304,0.3813345293879118,0.09776984499052706,0.03728301782779172,370,66,1480,5689,7169
1493,morphem,Raw,std_ctrl__tvn_efaar_e1.0_c304,0.3346453370566731,0.007120874603958357,0.002382967481979948,370,62,1480,5477,6957
1494,morphem,Raw,std_ctrl__tvn_efaar_e1.0_c304,0.3804391340560737,0.11950447157689845,0.04546417768254392,370,52,1480,5497,6977
1495,morphem,Raw,std_ctrl__tvn_efaar_e1.0_c304,0.3467366104674952,-0.04084279827503084,-0.014161693435891853,370,65,1480,5657,7137
1496,morphem,Raw,std_ctrl__tvn_efaar_e1.0_c304,0.3241859288388847,-0.03389557440483931,-0.010988468271960358,370,97,1480,5785,7265
1497,morphem,Raw,std_ctrl__tvn_efaar_e1.0_c304,0.38012651416724896,0.06403581341317996,0.024341710534616465,370,65,1480,5497,6977
1498,morphem,Raw,std_ctrl__tvn_efaar_e1.0_c304,0.3441575937185659,0.010581639595162519,0.0036417516206682325,370,58,1480,5433,6913
1499,morphem,Raw,std_ctrl__tvn_efaar_e1.0_c304,0.3397659491481774,0.04964109861817418,0.01686635498876223,370,70,1480,5657,7137
1500,morphem,Raw,std_ctrl__tvn_efaar_e1.0_c304,0.3693928923484771,0.14088354828646862,0.05204138138585498,370,71,1480,5721,7201
1501,morphem,Raw,std_ctrl__tvn_efaar_e1.0_c304,0.36452803291794,0.013725339386756798,0.005003270967785581,370,44,1480,5913,7393
1502,morphem,Raw,std_ctrl__tvn_efaar_e1.0_c304,0.33810633317901795,0.008548052969613662,0.0028901508453760905,370,72,1480,5945,7425
1503,morphem,Raw,std_ctrl__tvn_efaar_e1.0_c304,0.36063090445380597,0.1345019403761731,0.04850555640865119,370,50,1480,5657,7137
1504,morphem,Raw,std_ctrl__tvn_efaar_e1.0_c304,0.3654878643695223,0.05408598458178606,0.019767770997119898,370,67,1480,5657,7137
1505,morphem,Raw,std_ctrl__tvn_efaar_e1.0_c304,0.35935456099583474,0.003520434594969853,0.001265084228389941,370,83,1480,5529,7009
1506,morphem,Raw,std_ctrl__tvn_efaar_e1.0_c304,0.32749940386997095,0.08081393922764456,0.026466516921437654,370,57,1480,5369,6849
1507,morphem,Raw,std_ctrl__tvn_efaar_e1.0_c304,0.3627715022372026,0.05236981532336717,0.018998276576742783,370,74,1480,5497,6977
1508,morphem,Raw,std_ctrl__tvn_efaar_e1.0_c304,0.35899071938450366,0.027959626001030996,0.010037246251831791,370,74,1480,5945,7425
1509,morphem,Raw,std_ctrl__tvn_efaar_e1.0_c304,0.3706252581399814,0.015667807879836862,0.005806885339952171,370,57,1480,5721,7201
1510,morphem,Raw,std_ctrl__tvn_efaar_e1.0_c304,0.3839888892067299,0.07389350016500383,0.028374283047957135,370,50,1480,5721,7201
1511,morphem,Raw,std_ctrl__tvn_efaar_e1.0_c304,0.38273286010699636,-0.02858261976362446,-0.01093950781148275,370,72,1480,5945,7425
1512,morphem,Raw,std_ctrl__tvn_efaar_e1.0_c304,0.3731691681916934,0.056234176646759206,0.020984860923215883,370,58,1480,5311,6791
1513,morphem,Raw,std_ctrl__tvn_efaar_e1.0_c304,0.34766065672245805,0.11401851965326067,0.039639753421175095,370,97,1480,5724,7204
1514,morphem,Raw,std_ctrl__tvn_efaar_e1.0_c304,0.3923602982156554,0.002460493616922901,0.000965400009293586,370,59,1480,5753,7233
1515,morphem,Raw,std_ctrl__tvn_efaar_e1.0_c304,0.38572699926694426,0.06435734221817854,0.024824364494613834,370,61,1480,5689,7169
1516,morphem,Raw,std_ctrl__tvn_efaar_e1.0_c304,0.376123969345948,0.010605477647628803,0.0039889743496358725,370,99,1480,5593,7073
1517,morphem,Raw,std_ctrl__tvn_efaar_e1.0_c304,0.3596994278564551,0.07726902353902045,0.027793623558012615,370,70,1480,5721,7201
1518,morphem,Raw,std_ctrl__tvn_efaar_e1.0_c304,0.35910056497612974,0.0581216725198175,0.02087152543922406,370,96,1480,5849,7329
1519,morphem,Raw,std_ctrl__tvn_efaar_e1.0_c304,0.3399775901892308,-0.002448787375592766,-0.0008325328308398394,370,96,1480,5913,7393
1520,morphem,Raw,std_ctrl__tvn_efaar_e1.0_c304,0.3356699720027067,0.04969148531974509,0.016679939486051745,370,69,1480,5657,7137
1521,morphem,Raw,std_ctrl__tvn_efaar_e1.0_c304,0.35345700142924835,0.022070919429635412,0.007801121000385469,370,57,1480,5849,7329
1522,morphem,Raw,std_ctrl__tvn_efaar_e1.0_c304,0.3636905911643956,0.06823756348036171,0.024817359801790725,370,47,1480,5785,7265
1523,morphem,Raw,std_ctrl__tvn_efaar_e1.0_c304,0.3519744306368802,0.033470217469262396,0.011780660737036194,370,77,1480,5497,6977
1524,morphem,Raw,std_ctrl__tvn_efaar_e1.0_c304,0.32590923676129185,0.10056439106434115,0.0327748639371435,370,90,1480,5822,7302
1525,morphem,Raw,std_ctrl__tvn_efaar_e1.0_c304,0.32848270941361685,0.00236843549692451,0.0007779901091011491,370,51,1480,5625,7105
1526,morphem,Raw,std_ctrl__tvn_efaar_e1.0_c304,0.3481575664827059,0.05008887993728468,0.017438822546809465,370,50,1480,5721,7201
1527,morphem,Raw,std_ctrl__tvn_efaar_e1.0_c304,0.35108800448714744,0.058630325333915385,0.0205844039239166,370,59,1480,5753,7233
1528,morphem,Raw,std_ctrl__tvn_efaar_e1.0_c304,0.3789314185560567,0.04746189925823687,0.017984804813288353,370,69,1480,5369,6849
1529,morphem,Raw,std_ctrl__tvn_efaar_e1.0_c304,0.36484932776970386,-0.0006295183584303764,-0.00022967934989201032,370,96,1480,5817,7297
1530,morphem,Raw,std_ctrl__tvn_efaar_e1.0_c304,0.3846860072506644,-0.05790014007185873,-0.02227337370349753,370,80,1480,5849,7329
1531,morphem,Raw,std_ctrl__tvn_efaar_e1.0_c304,0.3601154939112731,-0.009448690480745838,-0.0034026198392885323,370,47,1480,5625,7105
1532,morphem,Raw,std_ctrl__tvn_efaar_e1.0_c304,0.36829558214652386,0.16612069882692326,0.061181519481049065,370,63,1480,5593,7073
1533,morphem,Raw,std_ctrl__tvn_efaar_e1.0_c304,0.32797026465344103,0.04385311727899388,0.01438251847987001,370,65,1480,5849,7329
1534,morphem,Raw,std_ctrl__tvn_efaar_e1.0_c304,0.39480990245720676,0.08717695886076238,0.03441832662433352,370,84,1480,5689,7169
1535,morphem,Raw,std_ctrl__tvn_efaar_e1.0_c304,0.3590608438308511,0.05439369200180889,0.019530644949244915,370,86,1480,5913,7393
1536,morphem,Raw,std_ctrl__tvn_efaar_e1.0_c304,0.36089684276347767,0.024066362721893907,0.008685474323132165,370,77,1480,5689,7169
1537,morphem,Raw,std_ctrl__tvn_efaar_e1.0_c304,0.3744429381185587,-0.03914311676492626,-0.014656863648576803,370,66,1480,5657,7137
1538,morphem,Raw,std_ctrl__tvn_efaar_e1.0_c304,0.34839642688824135,0.073462623167738,0.025594115421477256,370,59,1480,5785,7265
1539,morphem,Raw,std_ctrl__tvn_efaar_e1.0_c304,0.3226786764413294,-0.010292727473963871,-0.00332124367826997,370,66,1480,5689,7169
1540,morphem,Raw,std_ctrl__tvn_efaar_e1.0_c304,0.3693494126086293,0.025746155495147634,0.009509327409063212,370,92,1480,5753,7233
1541,morphem,Raw,std_ctrl__tvn_efaar_e1.0_c304,0.3641945751328367,0.021436689565987346,0.007807126048739275,370,75,1480,5849,7329
1542,morphem,Raw,std_ctrl__tvn_efaar_e1.0_c304,0.3469442431568883,0.08496084330887359,0.029476675479768125,370,85,1480,5625,7105
1543,morphem,Raw,std_ctrl__tvn_efaar_e1.0_c304,0.35036335816621844,0.04848647732131809,0.016987885019947198,370,64,1480,5817,7297
1544,morphem,Raw,std_ctrl__tvn_efaar_e1.0_c304,0.36036603853369303,0.059281995130195206,0.021363217741442127,370,60,1480,5497,6977
1545,morphem,Raw,std_ctrl__tvn_efaar_e1.0_c304,0.3557449967349863,0.033510437225671756,0.011921170381434561,370,103,1480,5465,6945
1546,morphem,Raw,std_ctrl__tvn_efaar_e1.0_c304,0.3479636061496604,0.08024417866249677,0.027922053779920006,370,57,1480,5529,7009
1547,morphem,Raw,std_ctrl__tvn_efaar_e1.0_c304,0.364488862885268,0.029477807148100676,0.01074433240776244,370,79,1480,5529,7009
1548,morphem,Raw,std_ctrl__tvn_efaar_e1.0_c304,0.3677353334399943,0.1048591058633137,0.03856039825886533,370,63,1480,5849,7329
1549,morphem,Raw,std_ctrl__tvn_efaar_e1.0_c304,0.3786633175209898,0.016796423100507007,0.006360189293724173,370,68,1480,5689,7169
1550,morphem,Raw,std_ctrl__tvn_efaar_e1.0_c304,0.3818665028154439,-0.003719736052088423,-0.0014204425976075319,370,66,1480,5593,7073
1551,morphem,Raw,std_ctrl__tvn_efaar_e1.0_c304,0.3693193099879435,0.024828429524119663,0.009169618459932158,370,64,1480,5625,7105
1552,morphem,Raw,std_ctrl__tvn_efaar_e1.0_c304,0.3594987539727131,0.08948136115806023,0.03216843784010498,370,79,1480,5657,7137
1553,morphem,Raw,std_ctrl__tvn_efaar_e1.0_c304,0.37821786906366095,0.05660551382973436,0.02140921681793572,370,64,1480,5817,7297
1554,morphem,Raw,std_ctrl__tvn_efaar_e1.0_c304,0.3446259656530031,0.016773245012089204,0.005780495759425659,370,80,1480,5625,7105
1555,morphem,Raw,std_ctrl__tvn_efaar_e1.0_c304,0.3197907099667594,0.02302560767690834,0.0073633754264145835,370,91,1480,5881,7361
1556,morphem,Raw,std_ctrl__tvn_efaar_e1.0_c304,0.3658908916033616,0.01576499651888109,0.005768268632417294,370,59,1480,5881,7361
1557,morphem,Raw,std_ctrl__tvn_efaar_e1.0_c304,0.39106957113485796,0.040931360201672116,0.016007009480034307,370,114,1480,5785,7265
1558,morphem,Raw,std_ctrl__tvn_efaar_e1.0_c304,0.3621347029484029,0.05618942387021908,0.020348140322083683,370,69,1480,5689,7169
1559,morphem,Raw,std_ctrl__tvn_efaar_e1.0_c304,0.3867413043748636,0.042043961687692574,0.016260136584185018,370,52,1480,5593,7073
1560,morphem,Raw,std_ctrl__tvn_efaar_e1.0_c304,0.3518089770301792,0.03975144837850514,0.013984916389509869,370,73,1480,5593,7073
1561,morphem,Raw,std_ctrl__tvn_efaar_e1.0_c304,0.3978408138327272,0.007211961904961185,0.002869212793600383,370,90,1480,5721,7201
1562,morphem,Raw,std_ctrl__tvn_efaar_e1.0_c304,0.38237108952969334,0.07469916070709531,0.028562799466525693,370,106,1480,5849,7329
1563,morphem,Raw,std_ctrl__tvn_efaar_e1.0_c304,0.3598854659619073,0.023693391780114943,0.00852690734100469,370,78,1480,5689,7169
1564,morphem,Raw,std_ctrl__tvn_efaar_e1.0_c304,0.3593213892290521,0.06443671004516248,0.0231534881707774,370,78,1480,5305,6785
1565,morphem,Raw,std_ctrl__tvn_efaar_e1.0_c304,0.4094039121820112,0.06979142905458553,0.028572884091720603,370,84,1480,5785,7265
1566,morphem,Raw,std_ctrl__tvn_efaar_e1.0_c304,0.330401977488006,-0.033851274040482465,-0.011184527883463809,370,76,1480,5625,7105
1567,morphem,Raw,std_ctrl__tvn_efaar_e1.0_c304,0.34420680282207505,0.0069739055682409784,0.0024004657388272937,370,70,1480,5689,7169
1568,morphem,Raw,std_ctrl__tvn_efaar_e1.0_c304,0.3487312981412929,0.061192487583167705,0.021339735631373022,370,94,1480,5753,7233
1569,morphem,Raw,std_ctrl__tvn_efaar_e1.0_c304,0.3621320494926238,-0.02022631970405994,-0.007324598608124265,370,58,1480,5689,7169
1570,morphem,Raw,std_ctrl__tvn_efaar_e1.0_c304,0.3479425595427882,-0.014975029494126142,-0.005210450091414995,370,75,1480,5497,6977
1571,morphem,Raw,std_ctrl__tvn_efaar_e1.0_c304,0.38192129815569836,0.0598128610116807,0.02284380552398745,370,55,1480,5497,6977
1572,morphem,Raw,std_ctrl__tvn_efaar_e1.0_c304,0.3504691207822035,-0.017603779566531006,-0.006169581147125841,370,96,1480,5753,7233
1573,morphem,Raw,std_ctrl__tvn_efaar_e1.0_c304,0.33826533679518533,0.09915634324567826,0.03354115384337836,370,42,1480,5785,7265
1574,morphem,Raw,std_ctrl__tvn_efaar_e1.0_c304,0.3737585789173818,0.02012634504699338,0.00752239412356513,370,81,1480,5689,7169
1575,morphem,Raw,std_ctrl__tvn_efaar_e1.0_c304,0.34170262801780305,0.017929228693392873,0.006126464562864546,370,76,1480,5625,7105
1576,morphem,Raw,std_ctrl__tvn_efaar_e1.0_c304,0.3982861846258943,0.13348801732888216,0.05316643311519574,370,60,1480,5593,7073
1577,morphem,Raw,std_ctrl__tvn_efaar_e1.0_c304,0.35959713275657734,0.013325426318088559,0.0047917850967436814,370,70,1480,5529,7009
1578,morphem,Raw,std_ctrl__tvn_efaar_e1.0_c304,0.36252811908385824,0.11969144147398572,0.043391513147999744,370,67,1480,5689,7169
1579,morphem,Raw,std_ctrl__tvn_efaar_e1.0_c304,0.34244802044197165,0.055854828814625675,0.01912737555969376,370,50,1480,5529,7009
1580,morphem,Raw,std_ctrl__tvn_efaar_e1.0_c304,0.379914541223272,0.022722843200972717,0.008632738549985895,370,53,1480,5625,7105
1581,morphem,Raw,std_ctrl__tvn_efaar_e1.0_c304,0.3444118674702605,0.06843323043859811,0.023569216692380247,370,53,1480,5657,7137
1582,morphem,Raw,std_ctrl__tvn_efaar_e1.0_c304,0.3370503500197656,-0.04994676708141592,-0.01683457532714694,370,58,1480,5721,7201
1583,morphem,Raw,std_ctrl__tvn_efaar_e1.0_c304,0.33068429641089203,0.009950583796422689,0.0032905018015976597,370,101,1480,5849,7329
1584,morphem,Raw,std_ctrl__tvn_efaar_e1.0_c304,0.33133406507631813,0.007106755499743719,0.002354710189233567,370,82,1480,5628,7108
1585,morphem,Raw,std_ctrl__tvn_efaar_e1.0_c304,0.3357766616392504,0.0529063798722335,0.017764727612916593,370,120,1480,5913,7393
1586,morphem,Raw,std_ctrl__tvn_efaar_e1.0_c304,0.3548730771214495,-0.004135455024786299,-0.001467561649943274,370,69,1480,5849,7329
1587,morphem,Raw,std_ctrl__tvn_efaar_e1.0_c304,0.38067344524153585,0.0163060510207318,0.006207280620346237,370,57,1480,5785,7265
1588,morphem,Raw,std_ctrl__tvn_efaar_e1.0_c304,0.33057526670690857,0.0321692919644186,0.01063437227091009,370,68,1480,5689,7169
1589,morphem,Raw,std_ctrl__tvn_efaar_e1.0_c304,0.3492622563456223,-0.037448721005729005,-0.013079424795718613,370,80,1480,5625,7105
1590,morphem,Raw,std_ctrl__tvn_efaar_e1.0_c304,0.35567804935853853,0.05684073376270384,0.020217001308826525,370,100,1480,5689,7169
1591,morphem,Raw,std_ctrl__tvn_efaar_e1.0_c304,0.3686402338484134,0.05914617716189095,0.02180366058019917,370,86,1480,5785,7265
1592,morphem,Raw,std_ctrl__tvn_efaar_e1.0_c304,0.377919245765625,0.11800701218798944,0.04459712104113989,370,74,1480,5753,7233
1593,morphem,Raw,std_ctrl__tvn_efaar_e1.0_c304,0.3487381046876632,0.028149866172742274,0.009816930976293504,370,67,1480,5689,7169
1594,morphem,Raw,std_ctrl__tvn_efaar_e1.0_c304,0.34970233768267417,0.0035792777159307843,0.0012516817844764978,370,97,1480,5721,7201
1595,morphem,Raw,std_ctrl__tvn_efaar_e1.0_c304,0.373085644266504,0.05714256706991391,0.021319071450320748,370,64,1480,5689,7169
1596,morphem,Raw,std_ctrl__tvn_efaar_e1.0_c304,0.36308763812979084,0.015777168758073442,0.005728494940744011,370,89,1480,5817,7297
1597,morphem,Raw,std_ctrl__tvn_efaar_e1.0_c304,0.3887636869669456,-0.046530339182771434,-0.018089306216516755,370,93,1480,5631,7111
1598,morphem,Raw,std_ctrl__tvn_efaar_e1.0_c304,0.36245471039326743,0.023762427269014313,0.008612803694031664,370,84,1480,5753,7233
1599,morphem,Raw,std_ctrl__tvn_efaar_e1.0_c304,0.35653313154170957,0.010570524504776115,0.0037687422037262067,370,63,1480,5657,7137
1600,morphem,Raw,std_ctrl__tvn_efaar_e1.0_c304,0.3402777574527144,-0.027976545849656642,-0.009519796282994207,370,63,1480,5625,7105
1601,morphem,Raw,std_ctrl__tvn_efaar_e1.0_c304,0.35860794347359487,0.014172638452741864,0.005082420729132552,370,68,1480,5753,7233
1602,morphem,Raw,std_ctrl__tvn_efaar_e1.0_c304,0.35108429729834956,0.07058397072537231,0.024780923762644614,370,84,1480,5881,7361
1603,morphem,Raw,std_ctrl__tvn_efaar_e1.0_c304,0.3515947805590585,-0.011466684792077958,-0.004031626523210543,370,76,1480,5817,7297
1604,morphem,Raw,std_ctrl__tvn_efaar_e1.0_c304,0.3168470796408904,-0.03763257125329787,-0.011923770300985155,370,64,1480,5625,7105
1605,morphem,Raw,std_ctrl__tvn_efaar_e1.0_c304,0.32577107046368164,0.038279594638072074,0.012470384522160548,370,74,1480,5503,6983
1606,morphem,Raw,std_ctrl__tvn_efaar_e1.0_c304,0.3483485456268234,-0.00942963043612231,-0.003284798048221635,370,84,1480,5881,7361
1607,morphem,Raw,std_ctrl__tvn_efaar_e1.0_c304,0.3467224788675142,0.06100664198431258,0.021152374136183826,370,73,1480,5753,7233
1608,morphem,Raw,std_ctrl__tvn_efaar_e1.0_c304,0.37889601335950823,0.05736896287107286,0.021736871322419155,370,72,1480,5785,7265
1609,morphem,Raw,std_ctrl__tvn_efaar_e1.0_c304,0.34445836670625063,-0.010641097996241189,-0.0036654152357463964,370,108,1480,5593,7073
1610,morphem,Raw,std_ctrl__tvn_efaar_e1.0_c304,0.3696016770828443,0.04298628979972283,0.01588780480154672,370,65,1480,5625,7105
1611,morphem,Raw,std_ctrl__tvn_efaar_e1.0_c304,0.37721437834931476,0.041414821108395096,0.015622265998851335,370,48,1480,5657,7137
1612,morphem,Raw,std_ctrl__tvn_efaar_e1.0_c304,0.3716053825925177,0.013168421210810308,0.004893456202182589,370,95,1480,5657,7137
1613,morphem,Raw,std_ctrl__tvn_efaar_e1.0_c304,0.31841549248039647,0.021840174477439373,0.0069542499120916436,370,49,1480,5529,7009
1614,morphem,Raw,std_ctrl__tvn_efaar_e1.0_c304,0.3591599255864836,0.028812179958205265,0.010348180409773377,370,88,1480,5753,7233
1615,morphem,Raw,std_ctrl__tvn_efaar_e1.0_c304,0.3840222366747155,0.02793203869783477,0.010726523975627216,370,49,1480,5977,7457
1616,morphem,Raw,std_ctrl__tvn_efaar_e1.0_c304,0.36406317476442923,0.08912129822047102,0.03244578276927216,370,72,1480,5657,7137
1617,morphem,Raw,std_ctrl__tvn_efaar_e1.0_c304,0.37424276142486296,0.12565243067976942,0.04702451263734308,370,73,1480,5689,7169
1618,morphem,Raw,std_ctrl__tvn_efaar_e1.0_c304,0.3662097843328771,0.03526641739955528,0.012914907110084363,370,46,1480,5753,7233
1619,morphem,Raw,std_ctrl__tvn_efaar_e1.0_c304,0.36348259543821365,-0.010259628627066282,-0.003729196441598249,370,48,1480,5785,7265
1620,morphem,Raw,std_ctrl__tvn_efaar_e1.0_c304,0.32417526902197136,-0.003844905746615242,-0.0012464233547731197,370,52,1480,5561,7041
1621,morphem,Raw,std_ctrl__tvn_efaar_e1.0_c304,0.34759585043869345,0.034646395321946834,0.012042943246567281,370,71,1480,5625,7105
1622,morphem,Raw,std_ctrl__tvn_efaar_e1.0_c304,0.29880279427688783,0.05861181535802516,0.01751337420661893,370,65,1480,5305,6785
1623,morphem,Raw,std_ctrl__tvn_efaar_e1.0_c304,0.34235795473659575,0.04442386264502813,0.015208862756651287,370,68,1480,5753,7233
1624,morphem,Raw,std_ctrl__tvn_efaar_e1.0_c304,0.3367527675853716,0.06674220843461182,0.02247562340511526,370,72,1480,5689,7169
1625,morphem,Raw,std_ctrl__tvn_efaar_e1.0_c304,0.3651112910881629,0.07366936219592636,0.026897515944996175,370,70,1480,5913,7393
1626,morphem,Raw,std_ctrl__tvn_efaar_e1.0_c304,0.3639102937627144,0.0676728422676774,0.02462684390938832,370,54,1480,5593,7073
1627,morphem,Raw,std_ctrl__tvn_efaar_e1.0_c304,0.3568583450131787,0.030925622301399988,0.01103606639298025,370,61,1480,5529,7009
1628,morphem,Raw,std_ctrl__tvn_efaar_e1.0_c304,0.3428156210673509,-0.010990754796268947,-0.0037678024314819047,370,94,1480,5849,7329
1629,morphem,Raw,std_ctrl__tvn_efaar_e1.0_c304,0.36918629905039746,0.017325602909991685,0.006396375217156627,370,70,1480,5817,7297
1630,morphem,Raw,std_ctrl__tvn_efaar_e1.0_c304,0.33427859727369275,0.010856411352693546,0.0036290659584045917,370,69,1480,5657,7137
1631,morphem,Raw,std_ctrl__tvn_efaar_e1.0_c304,0.36361236799881086,0.22606566321310534,0.0822002711241389,370,50,1480,5881,7361
1632,morphem,Raw,std_ctrl__tvn_efaar_e1.0_c304,0.3733344834901078,-0.0031318802548057196,-0.0011692388972807605,370,73,1480,5721,7201
1633,morphem,Raw,std_ctrl__tvn_efaar_e1.0_c304,0.37311973787200564,0.1051153771226775,0.03922062195833045,370,72,1480,5721,7201
1634,morphem,Raw,std_ctrl__tvn_efaar_e1.0_c304,0.3737783234719651,0.10330464938999519,0.03861303865585156,370,53,1480,5663,7143
1635,morphem,Raw,std_ctrl__tvn_efaar_e1.0_c304,0.37167172788302194,0.061407569340002584,0.02282345740169524,370,77,1480,5753,7233
1636,morphem,Raw,std_ctrl__tvn_efaar_e1.0_c304,0.3528393837370629,0.07234737741409746,0.025527004061782852,370,56,1480,5753,7233
1637,morphem,Raw,std_ctrl__tvn_efaar_e1.0_c304,0.37315823792008396,0.019113419299871443,0.007132329866567752,370,61,1480,5881,7361
1638,morphem,Raw,std_ctrl__tvn_efaar_e1.0_c304,0.3657056017933517,0.03764518497998018,0.013767055027725695,370,58,1480,5881,7361
1639,morphem,Raw,std_ctrl__tvn_efaar_e1.0_c304,0.3352642449300569,-0.0005201861000965559,-0.0001743998000719828,370,69,1480,5977,7457
1640,morphem,Raw,std_ctrl__tvn_efaar_e1.0_c304,0.3710596545557578,0.03845405354527473,0.014268747824778254,370,72,1480,5625,7105
1641,morphem,Raw,std_ctrl__tvn_efaar_e1.0_c304,0.36579277298287033,0.024146630878808334,0.008832663067353103,370,78,1480,5657,7137
1642,morphem,Raw,std_ctrl__tvn_efaar_e1.0_c304,0.36697254003059426,0.001102850199885595,0.0004047157391252654,370,113,1480,5593,7073
1643,morphem,Raw,std_ctrl__tvn_efaar_e1.0_c304,0.3388739190035566,0.04132528041868403,0.014004059729400397,370,104,1480,5689,7169
1644,morphem,Raw,std_ctrl__tvn_efaar_e1.0_c304,0.3420914520676404,0.03082475152216318,0.010544884007841012,370,61,1480,5561,7041
1645,morphem,Raw,std_ctrl__tvn_efaar_e1.0_c304,0.3513788395486231,0.006859139630418358,0.002410156523638374,370,61,1480,5785,7265
1646,morphem,Raw,std_ctrl__tvn_efaar_e1.0_c304,0.3830978881897318,-0.017822368933434363,-0.006827711900936987,370,71,1480,5753,7233
1647,morphem,Raw,std_ctrl__tvn_efaar_e1.0_c304,0.37829687590223454,0.020522545902397358,0.007763615000437125,370,70,1480,5881,7361
1648,morphem,Raw,std_ctrl__tvn_efaar_e1.0_c304,0.38472715598001245,0.032913671112889495,0.012662783080123467,370,87,1480,5817,7297
1649,morphem,Raw,std_ctrl__tvn_efaar_e1.0_c304,0.3504673359416586,0.016221478865970248,0.00568509848319051,370,101,1480,5913,7393
1650,morphem,Raw,std_ctrl__tvn_efaar_e1.0_c304,0.34356999818501616,0.05274543619920125,0.01812174941922746,370,48,1480,5625,7105
1651,morphem,Raw,std_ctrl__tvn_efaar_e1.0_c304,0.3367015493614217,0.042740959903995,0.01439094742086952,370,79,1480,5689,7169
1652,morphem,Raw,std_ctrl__tvn_efaar_e1.0_c304,0.36130973172761616,0.03871180037976245,0.013986950209905,370,77,1480,5535,7015
1653,morphem,Raw,std_ctrl__tvn_efaar_e1.0_c304,0.37053737341178816,0.03582862416443945,0.013275844290849518,370,61,1480,5753,7233
1654,morphem,Raw,std_ctrl__tvn_efaar_e1.0_c304,0.33142977391961986,0.020104319098347263,0.006663169933573129,370,87,1480,5753,7233
1655,morphem,Raw,std_ctrl__tvn_efaar_e1.0_c304,0.334842067322579,0.07312667331207742,0.02448588646823887,370,86,1480,5785,7265
1656,morphem,Raw,std_ctrl__tvn_efaar_e1.0_c304,0.3496069991571952,0.08059551831662337,0.028176757304193455,370,68,1480,5785,7265
1657,morphem,Raw,std_ctrl__tvn_efaar_e1.0_c304,0.3644771481833264,0.05854785379956374,0.02133935478511932,370,64,1480,5753,7233
1658,morphem,Raw,std_ctrl__tvn_efaar_e1.0_c304,0.362195205276434,-0.02564214339698947,-0.009287461391400359,370,61,1480,5657,7137
1659,morphem,Raw,std_ctrl__tvn_efaar_e1.0_c304,0.37349095467773274,0.04033979444858318,0.015066548340104836,370,50,1480,5785,7265
1660,morphem,Raw,std_ctrl__tvn_efaar_e1.0_c304,0.3612383615204719,0.01986780719418852,0.007177014117833305,370,72,1480,5625,7105
1661,morphem,Raw,std_ctrl__tvn_efaar_e1.0_c304,0.37933775380026297,0.05102232799862528,0.01935469529665878,370,87,1480,5913,7393
1662,morphem,Raw,std_ctrl__tvn_efaar_e1.0_c304,0.35568835875855076,0.014873967635910541,0.005290497136644822,370,70,1480,5657,7137
1663,morphem,Raw,std_ctrl__tvn_efaar_e1.0_c304,0.32667607284537464,0.09804254706355826,0.03202815424648103,370,76,1480,5689,7169
1664,morphem,Raw,std_ctrl__tvn_efaar_e1.0_c304,0.3750363473585511,-0.026134941496117895,-0.009801552997133483,370,77,1480,5625,7105
1665,morphem,Raw,std_ctrl__tvn_efaar_e1.0_c304,0.3300071463227736,-0.046877101743094785,-0.015469778574121027,370,88,1480,5753,7233
1666,morphem,Raw,std_ctrl__tvn_efaar_e1.0_c304,0.3736770982282707,0.004056672514875315,0.001515885613820989,370,100,1480,5561,7041
1667,morphem,Raw,std_ctrl__tvn_efaar_e1.0_c304,0.3499433863716799,0.009485189358916839,0.003319279284635982,370,120,1480,5657,7137
1668,morphem,Raw,std_ctrl__tvn_efaar_e1.0_c304,0.3612136837187985,0.056074076395411725,0.020254723695915994,370,95,1480,5561,7041
1669,morphem,Raw,std_ctrl__tvn_efaar_e1.0_c304,0.3258433796588551,0.027672603571302638,0.009016934671632955,370,88,1480,5593,7073
1670,morphem,Raw,std_ctrl__tvn_efaar_e1.0_c304,0.37033284256257326,0.04037775974610974,0.014953210543085467,370,79,1480,5753,7233
1671,morphem,Raw,std_ctrl__tvn_efaar_e1.0_c304,0.35175651304989525,0.12974873343356685,0.04563996204523184,370,54,1480,5785,7265
1672,morphem,Raw,std_ctrl__tvn_efaar_e1.0_c304,0.3840093874653053,0.04976345099796678,0.019109632335888957,370,58,1480,5529,7009
1673,morphem,Raw,std_ctrl__tvn_efaar_e1.0_c304,0.3371265047078862,0.020057571531824022,0.006761938983452235,370,107,1480,5657,7137
1674,morphem,Raw,std_ctrl__tvn_efaar_e1.0_c304,0.3754100908361602,0.03372246734161856,0.01265975452793647,370,55,1480,5785,7265
1675,morphem,Raw,std_ctrl__tvn_efaar_e1.0_c304,0.3857327648267571,-0.04485771222630233,-0.017303089360854625,370,57,1480,5497,6977
1676,morphem,Raw,std_ctrl__tvn_efaar_e1.0_c304,0.3388613484993806,0.040674238238185716,0.013782927218576681,370,41,1480,5817,7297
1677,morphem,Raw,std_ctrl__tvn_efaar_e1.0_c304,0.3497029925683346,0.015681568400032774,0.005483891397656492,370,70,1480,5593,7073
1678,morphem,Raw,std_ctrl__tvn_efaar_e1.0_c304,0.3856553145697712,0.1413833140623545,0.05452522645963408,370,55,1480,5625,7105
1679,morphem,Raw,std_ctrl__tvn_efaar_e1.0_c304,0.38422665264925815,0.008539923290119737,0.0032812661396441458,370,77,1480,5721,7201
1680,morphem,Raw,std_ctrl__tvn_efaar_e1.0_c304,0.32245600890592335,0.040961195408277,0.013208183591368635,370,89,1480,5913,7393
1681,morphem,Raw,std_ctrl__tvn_efaar_e1.0_c304,0.3735250749290684,0.0005617164381969241,0.0002098151746663955,370,60,1480,5593,7073
1682,morphem,Raw,std_ctrl__tvn_efaar_e1.0_c304,0.362562712289364,0.05139901241604496,0.018635365350555957,370,73,1480,5849,7329
1683,morphem,Raw,std_ctrl__tvn_efaar_e1.0_c304,0.38024495654498836,0.09283790766452682,0.035301146165625644,370,84,1480,5689,7169
1684,morphem,Raw,std_ctrl__tvn_efaar_e1.0_c304,0.3520931851992707,0.07888031878547899,0.027773222690713164,370,84,1480,5721,7201
1685,morphem,Raw,std_ctrl__tvn_efaar_e1.0_c304,0.3952869953387773,0.0033573961632763637,0.0013271350415434528,370,69,1480,5657,7137
1686,morphem,Raw,std_ctrl__tvn_efaar_e1.0_c304,0.32746832561085426,0.05904626022366963,0.01933577996902788,370,95,1480,5689,7169
1687,morphem,Raw,std_ctrl__tvn_efaar_e1.0_c304,0.3719591919886603,-0.005184452483173567,-0.0019284047565448434,370,52,1480,5721,7201
1688,morphem,Raw,std_ctrl__tvn_efaar_e1.0_c304,0.3360373314398395,0.003967953660117151,0.0013333805592227112,370,72,1480,5529,7009
1689,morphem,Raw,std_ctrl__tvn_efaar_e1.0_c304,0.3554427449355836,-0.029863589648828855,-0.010614796278409609,370,52,1480,5529,7009
1690,morphem,Raw,std_ctrl__tvn_efaar_e1.0_c304,0.3843375671270429,0.04649350212055849,0.017869199492231463,370,61,1480,5849,7329
1691,morphem,Raw,std_ctrl__tvn_efaar_e1.0_c304,0.3588911210091004,0.010422683988415088,0.0037406087405258926,370,86,1480,5529,7009
1692,morphem,Raw,std_ctrl__tvn_efaar_e1.0_c304,0.3600590826506152,0.017056208956144396,0.006141242950246558,370,80,1480,5497,6977
1693,morphem,Raw,std_ctrl__tvn_efaar_e1.0_c304,0.35996926456223965,0.05823074903220404,0.02096127990403084,370,79,1480,5817,7297
1694,morphem,Raw,std_ctrl__tvn_efaar_e1.0_c304,0.34167416449071913,0.004653199048269499,0.0015898778970264906,370,50,1480,5753,7233
1695,morphem,Raw,std_ctrl__tvn_efaar_e1.0_c304,0.32726418702526056,-0.020221127054470045,-0.006617650706215641,370,86,1480,5721,7201
1696,morphem,Raw,std_ctrl__tvn_efaar_e1.0_c304,0.3532619320900036,0.047418541343382394,0.01675116553185298,370,76,1480,5689,7169
1697,morphem,Raw,std_ctrl__tvn_efaar_e1.0_c304,0.35870382185612587,0.021735248343642197,0.007796516649856485,370,74,1480,5913,7393
1698,morphem,Raw,std_ctrl__tvn_efaar_e1.0_c304,0.3836407775607711,0.0050701651304239535,0.0019451220929973538,370,65,1480,5625,7105
1699,morphem,Raw,std_ctrl__tvn_efaar_e1.0_c304,0.3017341878803547,-0.016090444391601132,-0.004855037171133776,370,57,1480,5561,7041
1700,morphem,Raw,std_ctrl__tvn_efaar_e1.0_c304,0.3439945469470749,-0.025576571853010672,-0.008798201247035713,370,85,1480,5753,7233
1701,morphem,Raw,std_ctrl__tvn_efaar_e1.0_c304,0.38215583624539046,0.05169562596964792,0.019755785172659725,370,95,1480,5689,7169
1702,morphem,Raw,std_ctrl__tvn_efaar_e1.0_c304,0.37220396354069124,0.026874236083834952,0.010002697187531634,370,59,1480,5689,7169
1703,morphem,Raw,std_ctrl__tvn_efaar_e1.0_c304,0.33463377891720264,0.02941870794230879,0.009844493409596313,370,81,1480,5529,7009
1704,morphem,Raw,std_ctrl__tvn_efaar_e1.0_c304,0.380392296685551,0.044597553560041914,0.016964565825261214,370,85,1480,5689,7169
1705,morphem,Raw,std_ctrl__tvn_efaar_e1.0_c304,0.3648904965744188,0.02442056973498493,0.008910833817228875,370,91,1480,5817,7297
1706,morphem,Raw,std_ctrl__tvn_efaar_e1.0_c304,0.33289163122466314,0.05549308258884879,0.018473182784686827,370,40,1480,5625,7105
1707,morphem,Raw,std_ctrl__tvn_efaar_e1.0_c304,0.364157091042185,0.008482538746111929,0.003088976634436744,370,95,1480,5817,7297
1708,morphem,Raw,std_ctrl__tvn_efaar_e1.0_c304,0.36822107975939283,0.09044971821458533,0.03330549290490743,370,99,1480,5497,6977
1709,morphem,Raw,std_ctrl__tvn_efaar_e1.0_c304,0.35821476754222603,0.07439867071078139,0.026650702534113176,370,89,1480,5817,7297
1710,morphem,Raw,std_ctrl__tvn_efaar_e1.0_c304,0.36335994421273793,-0.019919545876398072,-0.007237965078391077,370,75,1480,5657,7137
1711,morphem,Raw,std_ctrl__tvn_efaar_e1.0_c304,0.3583325184978691,0.015471107311603942,0.005543800846917838,370,79,1480,5689,7169
1712,morphem,Raw,std_ctrl__tvn_efaar_e1.0_c304,0.36750488484746435,0.005622686194339955,0.0020663646423843326,370,91,1480,5625,7105
1713,morphem,Raw,std_ctrl__tvn_efaar_e1.0_c304,0.41065452378704886,0.061689105734840564,0.025332910338389858,370,71,1480,5753,7233
1714,morphem,Raw,std_ctrl__tvn_efaar_e1.0_c304,0.35108854597590733,0.04338675675483263,0.015232593343664565,370,87,1480,5817,7297
1715,morphem,Raw,std_ctrl__tvn_efaar_e1.0_c304,0.37813387390059816,0.06458421741041902,0.024421480322240202,370,71,1480,5529,7009
1716,morphem,Raw,std_ctrl__tvn_efaar_e1.0_c304,0.41325518106120324,-0.004947944356574374,-0.002044763640956902,370,80,1480,5721,7201
1717,morphem,Raw,std_ctrl__tvn_efaar_e1.0_c304,0.392319086414623,0.03716289620908948,0.014579713489271442,370,63,1480,5721,7201
1718,morphem,Raw,std_ctrl__tvn_efaar_e1.0_c304,0.34452340743823023,0.07149960011719785,0.024633285862847888,370,80,1480,5657,7137
1719,morphem,Raw,std_ctrl__tvn_efaar_e1.0_c304,0.37540758359910487,0.018245598907282137,0.006849536197101255,370,72,1480,5689,7169
1720,morphem,Raw,std_ctrl__tvn_efaar_e1.0_c304,0.383422324417619,0.13871091975083316,0.05318486327297026,370,61,1480,5497,6977
1721,morphem,Raw,std_ctrl__tvn_efaar_e1.0_c304,0.34572421562845396,-0.020899647799496,-0.007225514342391699,370,61,1480,5721,7201
1722,morphem,Raw,std_ctrl__tvn_efaar_e1.0_c304,0.3416764088929814,0.041586698723629835,0.014209193877604175,370,68,1480,5497,6977
1723,morphem,Raw,std_ctrl__tvn_efaar_e1.0_c304,0.3590914143433129,0.17710622121965108,0.06359732346676415,370,70,1480,5817,7297
1724,morphem,Raw,std_ctrl__tvn_efaar_e1.0_c304,0.35677978144780403,0.015430939143564198,0.005505447095175199,370,65,1480,5401,6881
1725,morphem,Raw,std_ctrl__tvn_efaar_e1.0_c304,0.3445188499505669,0.11988519536998701,0.041302709634966954,370,78,1480,5721,7201
1726,morphem,Raw,std_ctrl__tvn_efaar_e1.0_c304,0.36301425220822237,0.04647712452058088,0.016871858602627104,370,61,1480,5593,7073
1727,morphem,Raw,std_ctrl__tvn_efaar_e1.0_c304,0.3939756897929422,0.03311409056228945,0.013046146671143942,370,97,1480,5529,7009
1728,morphem,Raw,std_ctrl__tvn_efaar_e1.0_c304,0.35598064511384647,0.017487403764392884,0.006225177273414886,370,68,1480,5785,7265
1729,morphem,Raw,std_ctrl__tvn_efaar_e1.0_c304,0.41128691684737684,0.030546259359211264,0.01256327683307033,370,51,1480,5593,7073
1730,morphem,Raw,std_ctrl__tvn_efaar_e1.0_c304,0.36186749698906073,-0.014381726132291463,-0.005204279237874477,370,54,1480,5593,7073
1731,morphem,Raw,std_ctrl__tvn_efaar_e1.0_c304,0.35255854992051355,0.02736420975294692,0.009647486110219742,370,70,1480,5593,7073
1732,morphem,Raw,std_ctrl__tvn_efaar_e1.0_c304,0.3540855977414444,-0.004976974120348589,-0.0017622748563473295,370,52,1480,5433,6913
1733,morphem,Raw,std_ctrl__tvn_efaar_e1.0_c304,0.347100267186921,0.02229982373389857,0.007740274776257436,370,80,1480,5753,7233
1734,morphem,Raw,std_ctrl__tvn_efaar_e1.0_c304,0.34988077455650346,0.030951494099462268,0.010829332729200905,370,57,1480,5721,7201
1735,morphem,Raw,std_ctrl__tvn_efaar_e1.0_c304,0.36664585500140606,0.012916714544866318,0.004735859848111609,370,65,1480,5753,7233
1736,morphem,Raw,std_ctrl__tvn_efaar_e1.0_c304,0.3848923743914648,0.04183025825690274,0.01610014742190747,370,65,1480,5625,7105
1737,morphem,Raw,std_ctrl__tvn_efaar_e1.0_c304,0.35740744011324377,0.029318926601064534,0.010478802503354562,370,85,1480,5721,7201
1738,morphem,Raw,std_ctrl__tvn_efaar_e1.0_c304,0.3613722070077052,-0.0020629264623290996,-0.0007454842885864644,370,86,1480,5593,7073
1739,morphem,Raw,std_ctrl__tvn_efaar_e1.0_c304,0.35608718303219467,0.00897099673785451,0.00319445695737362,370,92,1480,5657,7137
1740,morphem,Raw,std_ctrl__tvn_efaar_e1.0_c304,0.316357427107677,0.04650992728052072,0.014713760929430691,370,77,1480,5529,7009
1741,morphem,Raw,std_ctrl__tvn_efaar_e1.0_c304,0.3355773945180855,0.08481066242746019,0.02846054112475998,370,81,1480,5657,7137
1742,morphem,Raw,std_ctrl__tvn_efaar_e1.0_c304,0.37715423358692496,0.04693035062369696,0.01769998042144609,370,77,1480,5529,7009
1743,morphem,Raw,std_ctrl__tvn_efaar_e1.0_c304,0.37259045120903583,0.028799750535703297,0.010730512046805363,370,44,1480,5625,7105
1744,morphem,Raw,std_ctrl__tvn_efaar_e1.0_c304,0.34703990550340114,0.09635593249845618,0.033439353708956336,370,92,1480,5657,7137
1745,morphem,Raw,std_ctrl__tvn_efaar_e1.0_c304,0.34542343940730463,0.059845929364726845,0.020672186755690557,370,70,1480,5785,7265
1746,morphem,Raw,std_ctrl__tvn_efaar_e1.0_c304,0.34651599059736227,0.030960073469353828,0.010728160527200256,370,82,1480,5721,7201
1747,morphem,Raw,std_ctrl__tvn_efaar_e1.0_c304,0.368588286384748,0.051483377314214776,0.018976169821545832,370,57,1480,5785,7265
1748,morphem,Raw,std_ctrl__tvn_efaar_e1.0_c304,0.3820475209974322,0.0617188865185771,0.02357954759314422,370,73,1480,5817,7297
1749,morphem,Raw,std_ctrl__tvn_efaar_e1.0_c304,0.3400121491196501,0.12167715823746063,0.04137171207109073,370,68,1480,5881,7361
1750,morphem,Raw,std_ctrl__tvn_efaar_e1.0_c304,0.34944607966800817,-0.012060330023509085,-0.004214435046217627,370,59,1480,5497,6977
1751,morphem,Raw,std_ctrl__tvn_efaar_e1.0_c304,0.352048524001655,0.11061384510978702,0.038941440905048204,370,60,1480,5625,7105
1752,morphem,Raw,std_ctrl__tvn_efaar_e1.0_c304,0.33909274370763137,0.0924528732505576,0.03135009845418545,370,62,1480,5625,7105
1753,morphem,Raw,std_ctrl__tvn_efaar_e1.0_c304,0.3411347615473687,-0.007094295712419681,-0.0024201108762028083,370,86,1480,5529,7009
1754,morphem,Raw,std_ctrl__tvn_efaar_e1.0_c304,0.3815473825350824,0.04944158235459805,0.018864306335789602,370,66,1480,5465,6945
1755,morphem,Raw,std_ctrl__tvn_efaar_e1.0_c304,0.39408125623727186,-0.005398776151163796,-0.002127556487794452,370,56,1480,5689,7169
1756,morphem,Raw,std_ctrl__tvn_efaar_e1.0_c304,0.39276987129129304,0.03631193122062363,0.014262232551862628,370,66,1480,5753,7233
1757,morphem,Raw,std_ctrl__tvn_efaar_e1.0_c304,0.4029092671172593,0.012301689668766016,0.004956464768746475,370,64,1480,5657,7137
1758,morphem,Raw,std_ctrl__tvn_efaar_e1.0_c304,0.3604971011657158,-0.03424992482258012,-0.012346998613683827,370,66,1480,5721,7201
1759,morphem,Raw,std_ctrl__tvn_efaar_e1.0_c304,0.35219643471797263,0.014624347170938504,0.0051506429336824104,370,99,1480,5625,7105
1760,morphem,Raw,std_ctrl__tvn_efaar_e1.0_c304,0.3898700369286391,0.04408644313082846,0.01718798321146844,370,100,1480,5977,7457
1761,morphem,Raw,std_ctrl__tvn_efaar_e1.0_c304,0.32811431274354724,0.030473941928274195,0.009998936512382456,370,58,1480,5689,7169
1762,morphem,Raw,std_ctrl__tvn_efaar_e1.0_c304,0.3607625063782838,0.0317460516115954,0.01145278514701351,370,58,1480,5657,7137
1763,morphem,Raw,std_ctrl__tvn_efaar_e1.0_c304,0.3433088691396686,0.0283924515187392,0.009747380423001223,370,61,1480,5465,6945
1764,morphem,Raw,std_ctrl__tvn_efaar_e1.0_c304,0.3450860788332986,-0.018693588643458457,-0.006450897204293761,370,67,1480,5433,6913
1765,morphem,Raw,std_ctrl__tvn_efaar_e1.0_c304,0.3591519931440424,0.02770175595779361,0.009949140865831426,370,58,1480,5817,7297
1766,morphem,Raw,std_ctrl__tvn_efaar_e1.0_c304,0.3487616194969699,0.04222647723019334,0.014726974584454152,370,67,1480,5913,7393
1767,morphem,Raw,std_ctrl__tvn_efaar_e1.0_c304,0.35934006509815336,0.18352668294126204,0.06594849019536125,370,75,1480,5945,7425
1768,morphem,Raw,std_ctrl__tvn_efaar_e1.0_c304,0.3243707261117998,-0.0442623096975164,-0.014357397535968751,370,82,1480,5753,7233
1769,morphem,Raw,std_ctrl__tvn_efaar_e1.0_c304,0.3603682281132953,0.02750679727291239,0.009912575794311061,370,55,1480,5817,7297
1770,morphem,Raw,std_ctrl__tvn_efaar_e1.0_c304,0.34608526828116554,0.10494756920205522,0.03632080764274947,370,64,1480,5849,7329
1771,morphem,Raw,std_ctrl__tvn_efaar_e1.0_c304,0.36464686666715485,0.040311791528354346,0.014699568470553969,370,66,1480,5913,7393
1772,morphem,Raw,std_ctrl__tvn_efaar_e1.0_c304,0.33492644031639257,-0.02214881706223361,-0.007418224455872882,370,51,1480,5753,7233
1773,morphem,Raw,std_ctrl__tvn_efaar_e1.0_c304,0.34589191958066107,-0.0347306757858411,-0.012013060115898163,370,63,1480,5881,7361
1774,morphem,Raw,std_ctrl__tvn_efaar_e1.0_c304,0.34594317940489644,0.016308085082825455,0.005641670803558201,370,57,1480,5849,7329
1775,morphem,Raw,std_ctrl__tvn_efaar_e1.0_c304,0.3624620254651435,-0.004760852305640005,-0.0017256281696426746,370,52,1480,5913,7393
1776,morphem,Raw,std_ctrl__tvn_efaar_e1.0_c304,0.3570941877054722,0.06357247183846013,0.022701360191583926,370,77,1480,5561,7041
1777,morphem,Raw,std_ctrl__tvn_efaar_e1.0_c304,0.36683183732521635,0.008393492026868917,0.0030790001017908793,370,81,1480,5593,7073
1778,morphem,Raw,std_ctrl__tvn_efaar_e1.0_c304,0.3454616602819041,0.0075337972307925796,0.002602638099576816,370,86,1480,5913,7393
1779,morphem,Raw,std_ctrl__tvn_efaar_e1.0_c304,0.35451118175526786,0.04149419097007349,0.014710154676779516,370,50,1480,5881,7361
1780,morphem,Raw,std_ctrl__tvn_efaar_e1.0_c304,0.31255741363116896,0.06131111339210998,0.01916324302868522,370,56,1480,5689,7169
1781,morphem,Raw,std_ctrl__tvn_efaar_e1.0_c304,0.37352234336897716,0.009500638105399103,0.0035487006086292725,370,65,1480,5689,7169
1782,morphem,Raw,std_ctrl__tvn_efaar_e1.0_c304,0.35397828597211073,0.019324022813701706,0.006840284473680095,370,84,1480,5721,7201
1783,morphem,Raw,std_ctrl__tvn_efaar_e1.0_c304,0.355427136234938,0.0693014811629462,0.024631626986585466,370,61,1480,5657,7137
1784,morphem,Raw,std_ctrl__tvn_efaar_e1.0_c304,0.36919610717408097,0.038936349381313726,0.014375148619150964,370,42,1480,5762,7242
1785,morphem,Raw,std_ctrl__tvn_efaar_e1.0_c304,0.35497865706677717,0.09244214953636554,0.03281499009878524,370,66,1480,5433,6913
1786,morphem,Raw,std_ctrl__tvn_efaar_e1.0_c304,0.37647067599264505,0.03537199561887279,0.013316519101845918,370,98,1480,5817,7297
1787,morphem,Raw,std_ctrl__tvn_efaar_e1.0_c304,0.37913405046370946,0.018366630097923654,0.006963414862394471,370,86,1480,5657,7137
1788,morphem,Raw,std_ctrl__tvn_efaar_e1.0_c304,0.368355645503183,0.03915146751297252,0.014421664088137892,370,93,1480,5625,7105
1789,morphem,Raw,std_ctrl__tvn_efaar_e1.0_c304,0.3596066852646131,-0.008490547609764601,-0.003053257682028832,370,84,1480,5689,7169
1790,morphem,Raw,std_ctrl__tvn_efaar_e1.0_c304,0.355607941324182,0.0030673676102830148,0.0010907802811772186,370,94,1480,5471,6951
1791,morphem,Raw,std_ctrl__tvn_efaar_e1.0_c304,0.3379595240488318,-0.021627956103290418,-0.007309373750817056,370,103,1480,5689,7169
1792,morphem,Raw,std_ctrl__tvn_efaar_e1.0_c304,0.3863170543003799,-0.019935631544316604,-0.0077014744538181235,370,67,1480,5721,7201
1793,morphem,Raw,std_ctrl__tvn_efaar_e1.0_c304,0.3643637367427926,0.040285162889749836,0.014678452485801328,370,58,1480,5593,7073
1794,morphem,Raw,std_ctrl__tvn_efaar_e1.0_c304,0.3621766011333901,0.0005735692803028157,0.0002077333724545985,370,62,1480,5945,7425
1795,morphem,Raw,std_ctrl__tvn_efaar_e1.0_c304,0.3623249181708528,0.021582650776694804,0.007819932176576038,370,70,1480,5593,7073
1796,morphem,Raw,std_ctrl__tvn_efaar_e1.0_c304,0.35310015116638604,0.06434626721087325,0.022720676679152015,370,104,1480,5753,7233
1797,morphem,Raw,std_ctrl__tvn_efaar_e1.0_c304,0.39283881043013363,0.06665675049730833,0.026185358572500823,370,71,1480,5785,7265
1798,morphem,Raw,std_ctrl__tvn_efaar_e1.0_c304,0.37792668137370544,-0.016655644888386157,-0.006294612598806701,370,55,1480,5497,6977
1799,morphem,Raw,std_ctrl__tvn_efaar_e1.0_c304,0.34139259277739015,0.0554043436895807,0.01891463254331559,370,93,1480,5753,7233
1800,morphem,Raw,std_ctrl__tvn_efaar_e1.0_c304,0.34823001900978207,0.035224978189444964,0.012266394824529578,370,88,1480,5721,7201
1801,morphem,Raw,std_ctrl__tvn_efaar_e1.0_c304,0.3528010971262487,-0.018528462804864674,-0.0065368620056191476,370,73,1480,5753,7233
1802,morphem,Raw,std_ctrl__tvn_efaar_e1.0_c304,0.3467323856532102,0.06370281957122167,0.022087830602765698,370,85,1480,5849,7329
1803,morphem,Raw,std_ctrl__tvn_efaar_e1.0_c304,0.3646855634060127,0.0532706486889825,0.019427036530145356,370,70,1480,5753,7233
1804,morphem,Raw,std_ctrl__tvn_efaar_e1.0_c304,0.3691066171430195,-0.013430223525724495,-0.004957184373054765,370,49,1480,5657,7137
1805,morphem,Raw,std_ctrl__tvn_efaar_e1.0_c304,0.3540923014383598,0.06770360644153085,0.02397332582055862,370,50,1480,5657,7137
1806,morphem,Raw,std_ctrl__tvn_efaar_e1.0_c304,0.36401197507669786,0.07662398333591457,0.027892047512350245,370,50,1480,5625,7105
1807,morphem,Raw,std_ctrl__tvn_efaar_e1.0_c304,0.3592887603670825,0.035281411587309755,0.012676214633205342,370,92,1480,5785,7265
1808,morphem,Raw,std_ctrl__tvn_efaar_e1.0_c304,0.3650712132349534,-0.022332852612323987,-0.008153081598178517,370,97,1480,5433,6913
1809,morphem,Raw,std_ctrl__tvn_efaar_e1.0_c304,0.3630242826083651,0.06129674402761695,0.022252206526854234,370,64,1480,5689,7169
1810,morphem,Raw,std_ctrl__tvn_efaar_e1.0_c304,0.3750748183310995,0.0061730524029032854,0.002315356508567307,370,55,1480,5945,7425
1811,morphem,Raw,std_ctrl__tvn_efaar_e1.0_c304,0.3522247937177681,0.029959679059269266,0.010552541776501653,370,98,1480,5657,7137
1812,morphem,Raw,std_ctrl__tvn_efaar_e1.0_c304,0.3656751053036835,0.06071079149558709,0.022200425073218785,370,80,1480,5657,7137
1813,morphem,Raw,std_ctrl__tvn_efaar_e1.0_c304,0.3929498973299347,0.00513960212101247,0.0020196061257685646,370,39,1480,5593,7073
1814,morphem,Raw,std_ctrl__tvn_efaar_e1.0_c304,0.37851933092338846,0.02062381874089507,0.007806514070888841,370,85,1480,5721,7201
1815,morphem,Raw,std_ctrl__tvn_efaar_e1.0_c304,0.35708810218585224,0.04471886479532819,0.015968574561669464,370,73,1480,5625,7105
1816,morphem,Raw,std_ctrl__tvn_efaar_e1.0_c304,0.3537325900919803,0.013876152389556086,0.004908447325268696,370,91,1480,5849,7329
1817,morphem,Raw,std_ctrl__tvn_efaar_e1.0_c304,0.37099982238332785,0.10700663371302668,0.03969944210137072,370,58,1480,5497,6977
1818,morphem,Raw,std_ctrl__tvn_efaar_e1.0_c304,0.35315586524266057,0.03621722543585789,0.012790325585488888,370,89,1480,5657,7137
1819,morphem,Raw,std_ctrl__tvn_efaar_e1.0_c304,0.3383271100495343,-0.00732732947036806,-0.0024790342040904106,370,81,1480,5785,7265
1820,morphem,Raw,std_ctrl__tvn_efaar_e1.0_c304,0.3295162782605568,-0.005709545888365274,-0.0018813883116919894,370,76,1480,5753,7233
1821,morphem,Raw,std_ctrl__tvn_efaar_e1.0_c304,0.35309534401730963,-0.01634092598759655,-0.005769904883151798,370,90,1480,5753,7233
1822,morphem,Raw,std_ctrl__tvn_efaar_e1.0_c304,0.36203024834012737,0.060373164542342345,0.021856911752343573,370,58,1480,5817,7297
1823,morphem,Raw,std_ctrl__tvn_efaar_e1.0_c304,0.3633023226999377,-0.04247972615216624,-0.015432983178739281,370,64,1480,5817,7297
1824,morphem,Raw,std_ctrl__tvn_efaar_e1.0_c304,0.37776562693470844,0.06518413689617536,0.024624326340781544,370,77,1480,5497,6977
1825,morphem,Raw,std_ctrl__tvn_efaar_e1.0_c304,0.3395255168700493,0.05489673568319344,0.018638842557314732,370,83,1480,5753,7233
1826,morphem,Raw,std_ctrl__tvn_efaar_e1.0_c304,0.3589889987636837,0.13066575718073423,0.046907569343010394,370,78,1480,5529,7009
1827,morphem,Raw,std_ctrl__tvn_efaar_e1.0_c304,0.3645516115182607,0.07600918497297757,0.027709270872088538,370,69,1480,5849,7329
1828,morphem,Raw,std_ctrl__tvn_efaar_e1.0_c304,0.3544757667445943,-0.012786362419234202,-0.004532455622432309,370,55,1480,5625,7105
1829,morphem,Raw,std_ctrl__tvn_efaar_e1.0_c304,0.3521848633031336,0.06752539679413418,0.023781422639432,370,78,1480,5689,7169
1830,morphem,Raw,std_ctrl__tvn_efaar_e1.0_c304,0.3880592695600792,0.057914258407356034,0.022474164814672258,370,57,1480,5753,7233
1831,morphem,Raw,std_ctrl__tvn_efaar_e1.0_c304,0.36526605414831403,0.06247511465418727,0.022820038612198494,370,68,1480,5881,7361
1832,morphem,Raw,std_ctrl__tvn_efaar_e1.0_c304,0.3817245240203733,0.058865531473287915,0.022470416982847134,370,66,1480,5753,7233
1833,morphem,Raw,std_ctrl__tvn_efaar_e1.0_c304,0.34591780318405624,0.06969769296352761,0.024109672836940325,370,64,1480,5689,7169
1834,morphem,Raw,std_ctrl__tvn_efaar_e1.0_c304,0.36421990294354223,0.0005777184648946916,0.0002104165632126368,370,66,1480,5721,7201
1835,morphem,Raw,std_ctrl__tvn_efaar_e1.0_c304,0.37805836706222945,0.03244140328171094,0.01226474394989089,370,53,1480,5657,7137
1836,morphem,Raw,std_ctrl__tvn_efaar_e1.0_c304,0.3579111090511408,0.09493770099235703,0.0339792578529401,370,76,1480,5721,7201
1837,morphem,Raw,std_ctrl__tvn_efaar_e1.0_c304,0.3164578452604494,0.06005204059878301,0.0190039393713839,370,83,1480,5881,7361
1838,morphem,Raw,std_ctrl__tvn_efaar_e1.0_c304,0.39944825451556454,0.08814013684058579,0.035207423813735,370,44,1480,5593,7073
1839,morphem,Raw,std_ctrl__tvn_efaar_e1.0_c304,0.3821075647780353,0.16161635547985784,0.06175483202070976,370,52,1480,5945,7425
1840,morphem,Raw,std_ctrl__tvn_efaar_e1.0_c304,0.3665033230754558,0.028735941641350057,0.010531818103257163,370,83,1480,5657,7137
1841,morphem,Raw,std_ctrl__tvn_efaar_e1.0_c304,0.39095575160929363,0.054888114145691475,0.021458823920245514,370,69,1480,5593,7073
1842,morphem,Raw,std_ctrl__tvn_efaar_e1.0_c304,0.3546011777713605,0.010146824853208149,0.0035980760435873217,370,71,1480,5497,6977
1843,morphem,Raw,std_ctrl__tvn_efaar_e1.0_c304,0.35333219678019046,0.010938955949337133,0.003865085336061023,370,60,1480,5625,7105
1844,morphem,Raw,std_ctrl__tvn_efaar_e1.0_c304,0.3329060409298755,0.015457401392923594,0.005145862300782137,370,77,1480,5817,7297
1845,morphem,Raw,std_ctrl__tvn_efaar_e1.0_c304,0.39004757361370024,0.041410547988263546,0.01615208376483589,370,51,1480,5625,7105
1846,morphem,Raw,std_ctrl__tvn_efaar_e1.0_c304,0.365253228112573,0.02318040963496992,0.008466719448144552,370,45,1480,5433,6913
1847,morphem,Raw,std_ctrl__tvn_efaar_e1.0_c304,0.35607229297692167,0.022964616952523345,0.008177063815621674,370,67,1480,5817,7297
1848,morphem,Raw,std_ctrl__tvn_efaar_e1.0_c304,0.39734549107319633,0.10748928647240655,0.04271038331848586,370,71,1480,5529,7009
1849,morphem,Raw,std_ctrl__tvn_efaar_e1.0_c304,0.32761685637222704,0.016926017613135693,0.005545248681316462,370,68,1480,5689,7169
1850,morphem,Raw,std_ctrl__tvn_efaar_e1.0_c304,0.3395593825579669,0.00736392044328622,0.002500488278928259,370,67,1480,5433,6913
1851,morphem,Raw,std_ctrl__tvn_efaar_e1.0_c304,0.34306962979672273,0.05079912252021961,0.017427636157010103,370,63,1480,5657,7137
1852,morphem,Raw,std_ctrl__tvn_efaar_e1.0_c304,0.3623061002832878,0.06624838097150844,0.024002192559868792,370,71,1480,6041,7521
1853,morphem,Raw,std_ctrl__tvn_efaar_e1.0_c304,0.3965856114051358,0.12168287425632984,0.04825767708448083,370,83,1480,5849,7329
1854,morphem,Raw,std_ctrl__tvn_efaar_e1.0_c304,0.3630694069749828,0.04092688163410198,0.01485929864422872,370,86,1480,5849,7329
1855,morphem,Raw,std_ctrl__tvn_efaar_e1.0_c304,0.34493820357863364,0.02089666653445158,0.007208058615175481,370,56,1480,5817,7297
1856,morphem,Raw,std_ctrl__tvn_efaar_e1.0_c304,0.39008972444043194,0.08718175099593771,0.03400870522223969,370,59,1480,5913,7393
1857,morphem,Raw,std_ctrl__tvn_efaar_e1.0_c304,0.3647619401099583,0.047788898731727786,0.017431571417103355,370,64,1480,5817,7297
1858,morphem,Raw,std_ctrl__tvn_efaar_e1.0_c304,0.3504744796559798,0.018064599549274175,0.006331181127225513,370,66,1480,5625,7105
1859,morphem,Raw,std_ctrl__tvn_efaar_e1.0_c304,0.36498707100989314,0.07267153828665775,0.02652417190503052,370,88,1480,5561,7041
1860,morphem,Raw,std_ctrl__tvn_efaar_e1.0_c304,0.37442304352685374,-0.052435827638481834,-0.019633182174249884,370,66,1480,5625,7105
1861,morphem,Raw,std_ctrl__tvn_efaar_e1.0_c304,0.3432655462946103,-0.0028773972001359172,-0.0009877113218112379,370,90,1480,5945,7425
1862,morphem,Raw,std_ctrl__tvn_efaar_e1.0_c304,0.35479906789868654,-0.002556928419633293,-0.0009071958199695539,370,73,1480,5817,7297
1863,morphem,Raw,std_ctrl__tvn_efaar_e1.0_c304,0.33677485405582547,0.13473955581437919,0.0453768942449343,370,75,1480,5561,7041
1864,morphem,Raw,std_ctrl__tvn_efaar_e1.0_c304,0.3811602036537352,-0.01251573446526992,-0.004770499897658356,370,98,1480,5625,7105
1865,morphem,Raw,std_ctrl__tvn_efaar_e1.0_c304,0.3361272385997465,0.1313190203271287,0.04413989967818175,370,69,1480,5657,7137
1866,morphem,Raw,std_ctrl__tvn_efaar_e1.0_c304,0.3866620740854593,0.04726295998369983,0.01827479413471544,370,42,1480,5945,7425
1867,morphem,Raw,std_ctrl__tvn_efaar_e1.0_c304,0.35536179016368846,-0.05528993290169714,-0.019647929533977315,370,71,1480,5753,7233
1868,morphem,Raw,std_ctrl__tvn_efaar_e1.0_c304,0.30663258682790945,0.07899286479969135,0.02422178647447667,370,62,1480,5913,7393
1869,morphem,Raw,std_ctrl__tvn_efaar_e1.0_c304,0.3477312897893148,-0.03562301528812155,-0.012387237052322985,370,72,1480,5689,7169
1870,morphem,Raw,std_ctrl__tvn_efaar_e1.0_c304,0.3581318332637206,0.0022023222458823913,0.0007887217033553353,370,77,1480,5785,7265
1871,morphem,Raw,std_ctrl__tvn_efaar_e1.0_c304,0.36545618606903624,0.0078293698407259,0.002861291641315625,370,74,1480,5593,7073
1872,morphem,Raw,std_ctrl__tvn_efaar_e1.0_c304,0.3895611673059863,0.12888337763952773,0.05020795903959267,370,82,1480,5881,7361
1873,morphem,Raw,std_ctrl__tvn_efaar_e1.0_c304,0.3847378744507995,0.026857672208979624,0.01033316371837913,370,63,1480,5529,7009
1874,morphem,Raw,std_ctrl__tvn_efaar_e1.0_c304,0.3313246355803672,0.04373438402057104,0.014490278847947532,370,94,1480,5529,7009
1875,morphem,Raw,std_ctrl__tvn_efaar_e1.0_c304,0.33439239395266995,0.0027016836737758926,0.000903422471376765,370,62,1480,5593,7073
1876,morphem,Raw,std_ctrl__tvn_efaar_e1.0_c304,0.34207927132696686,0.011147903888904307,0.003813466839139445,370,61,1480,5721,7201
1877,morphem,Raw,std_ctrl__tvn_efaar_e1.0_c304,0.3843194011508949,0.050807056269377024,0.0195261374396868,370,70,1480,5657,7137
1878,morphem,Raw,std_ctrl__tvn_efaar_e1.0_c304,0.3770831225071499,0.08976267706899066,0.03384799055377594,370,74,1480,5817,7297
1879,morphem,Raw,std_ctrl__tvn_efaar_e1.0_c304,0.31433228410771163,0.0012056535487737043,0.0003789758338286068,370,76,1480,5593,7073
1880,morphem,Raw,std_ctrl__tvn_efaar_e1.0_c304,0.4009133044353354,0.02087696763705666,0.008369854081961942,370,74,1480,5625,7105
1881,morphem,Raw,std_ctrl__tvn_efaar_e1.0_c304,0.34426270148887317,0.02466503483373786,0.008491251524179755,370,76,1480,5785,7265
1882,morphem,Raw,std_ctrl__tvn_efaar_e1.0_c304,0.3424651996831944,-0.009062566733967698,-0.0031036137261905225,370,95,1480,5817,7297
1883,morphem,Raw,std_ctrl__tvn_efaar_e1.0_c304,0.3636542431159832,0.022090578691894902,0.008033332674195107,370,79,1480,5753,7233
1884,morphem,Raw,std_ctrl__tvn_efaar_e1.0_c304,0.3769864903529294,0.0004944617054721114,0.00018640538295985513,370,72,1480,5625,7105
1885,morphem,Raw,std_ctrl__tvn_efaar_e1.0_c304,0.3594499504306665,0.10259414744049819,0.036877461211963565,370,110,1480,5881,7361
1886,morphem,Raw,std_ctrl__tvn_efaar_e1.0_c304,0.3375065096913943,0.08046512113390711,0.027157502185800233,370,84,1480,5273,6753
1887,morphem,Raw,std_ctrl__tvn_efaar_e1.0_c304,0.3209706709876104,0.02064280259354401,0.006625734199514606,370,70,1480,5785,7265
1888,morphem,Raw,std_ctrl__tvn_efaar_e1.0_c304,0.33995118391300483,0.1249427051577793,0.04247442053968057,370,56,1480,5657,7137
1889,morphem,Raw,std_ctrl__tvn_efaar_e1.0_c304,0.3687788079142549,-0.03127586772093402,-0.011533877214609972,370,75,1480,5817,7297
1890,morphem,Raw,std_ctrl__tvn_efaar_e1.0_c304,0.33089041170889155,0.03885675115494986,0.012857326387331306,370,70,1480,5561,7041
1891,morphem,Raw,std_ctrl__tvn_efaar_e1.0_c304,0.33815033215971785,0.0017250255497821693,0.0005833179626428404,370,60,1480,5433,6913
1892,morphem,Raw,std_ctrl__tvn_efaar_e1.0_c304,0.36785323582814233,0.08312921389190032,0.030579350321985294,370,109,1480,5689,7169
1893,morphem,Raw,std_ctrl__tvn_efaar_e1.0_c304,0.3626440082643993,0.04275169092539814,0.015503644557267129,370,95,1480,5401,6881
1894,morphem,Raw,std_ctrl__tvn_efaar_e1.0_c304,0.3609901951153685,-0.04894518227676033,-0.017668730900044987,370,50,1480,5753,7233
1895,morphem,Raw,std_ctrl__tvn_efaar_e1.0_c304,0.3470080082447289,-0.015513068463332808,-0.005383158989225235,370,85,1480,5753,7233
1896,morphem,Raw,std_ctrl__tvn_efaar_e1.0_c304,0.3658855831298054,0.03531923085651089,0.012922797377630703,370,66,1480,5817,7297
1897,morphem,Raw,std_ctrl__tvn_efaar_e1.0_c304,0.3480441013352966,0.011684622480962225,0.004066763930828702,370,79,1480,5435,6915
1898,morphem,Raw,std_ctrl__tvn_efaar_e1.0_c304,0.3622034017270357,0.00042081514162182077,0.00015242067579366778,370,106,1480,5625,7105
1899,morphem,Raw,std_ctrl__tvn_efaar_e1.0_c304,0.374537568974279,0.003918076255846029,0.0014674667559204167,370,49,1480,5657,7137
1900,morphem,Raw,std_ctrl__tvn_efaar_e1.0_c304,0.3557328858748636,0.028135569673951793,0.010008747395848167,370,74,1480,5529,7009
1901,morphem,Raw,std_ctrl__tvn_efaar_e1.0_c304,0.3095290746024815,0.013909164441134768,0.004305290797958186,370,106,1480,5721,7201
1902,morphem,Raw,std_ctrl__tvn_efaar_e1.0_c304,0.3695053613677938,0.07064759592939723,0.026104665463657806,370,70,1480,5785,7265
1903,morphem,Raw,std_ctrl__tvn_efaar_e1.0_c304,0.36194397970060105,0.031288821788333095,0.011324800678212158,370,72,1480,5689,7169
1904,morphem,Raw,std_ctrl__tvn_efaar_e1.0_c304,0.338136415176037,-0.004668258531848044,-0.0015785082050740469,370,84,1480,5753,7233
1905,morphem,Raw,std_ctrl__tvn_efaar_e1.0_c304,0.34632834828907394,-0.0015796969420885528,-0.0005470938327508294,370,80,1480,5593,7073
1906,morphem,Raw,std_ctrl__tvn_efaar_e1.0_c304,0.34480314772458903,0.024381401111514555,0.008406783849186012,370,66,1480,5404,6884
1907,morphem,Raw,std_ctrl__tvn_efaar_e1.0_c304,0.37736772610877184,0.06096140386991746,0.023004866358789237,370,99,1480,5817,7297
1908,morphem,Raw,std_ctrl__tvn_efaar_e1.0_c304,0.365745605147049,0.05188291836223931,0.018975949373192157,370,74,1480,5625,7105
1909,morphem,Raw,std_ctrl__tvn_efaar_e1.0_c304,0.35971001983908774,-0.0028216487646828556,-0.0010149753331230075,370,42,1480,5721,7201
1910,morphem,Raw,std_ctrl__tvn_efaar_e1.0_c304,0.37010106546278215,0.011148669509357478,0.004126134463905635,370,54,1480,5657,7137
1911,morphem,Raw,std_ctrl__tvn_efaar_e1.0_c304,0.3397499921287082,0.06242949305919679,0.021210419775461353,370,76,1480,5497,6977
1912,morphem,Raw,std_ctrl__tvn_efaar_e1.0_c304,0.37265318076760245,0.09413709444054379,0.03508048767148883,370,75,1480,5657,7137
1913,morphem,Raw,std_ctrl__tvn_efaar_e1.0_c304,0.3567659557104425,0.06774777987273323,0.02417010143355635,370,58,1480,5657,7137
1914,morphem,Raw,std_ctrl__tvn_efaar_e1.0_c304,0.37067218484478015,0.001193011394064819,0.0004422161399827235,370,80,1480,5913,7393
1915,morphem,Raw,std_ctrl__tvn_efaar_e1.0_c304,0.36259304911685053,0.1830430177991997,0.06637012594336177,370,75,1480,5721,7201
1916,morphem,Raw,std_ctrl__tvn_efaar_e1.0_c304,0.38849552160919915,0.03639324765630128,0.01413861373128753,370,79,1480,5817,7297
1917,morphem,Raw,std_ctrl__tvn_efaar_e1.0_c304,0.36279179166427683,0.016037522665190703,0.005818281581560983,370,63,1480,5854,7334
1918,morphem,Raw,std_ctrl__tvn_efaar_e1.0_c304,0.36671883821975376,0.0597856133815438,0.021924510681535107,370,66,1480,5817,7297
1919,morphem,Raw,std_ctrl__tvn_efaar_e1.0_c304,0.36872361081255034,0.09105580352125137,0.03357442465979394,370,81,1480,5849,7329
1920,morphem,Raw,std_ctrl__tvn_efaar_e1.0_c304,0.3938822647209086,0.017992303984419877,0.007086849440930328,370,55,1480,5817,7297
1921,morphem,Raw,std_ctrl__tvn_efaar_e1.0_c304,0.38950876312369365,0.08068797084249713,0.03142867172182171,370,97,1480,5817,7297
1922,morphem,Raw,std_ctrl__tvn_efaar_e1.0_c304,0.3839169897225201,-0.010577163453287049,-0.004060752752789019,370,69,1480,5817,7297
1923,morphem,Raw,std_ctrl__tvn_efaar_e1.0_c304,0.38073152534316157,0.07012560586719642,0.026699028887431052,370,50,1480,5753,7233
1924,morphem,Raw,std_ctrl__tvn_efaar_e1.0_c304,0.3469409028936187,0.005701830729953427,0.0019781983015966227,370,83,1480,5721,7201
1925,morphem,Raw,std_ctrl__tvn_efaar_e1.0_c304,0.3422426042903694,0.07311997610504489,0.025024771047840146,370,78,1480,5849,7329
1926,morphem,Raw,std_ctrl__tvn_efaar_e1.0_c304,0.3605676617411097,0.04324472078793472,0.01559264785715278,370,62,1480,5657,7137
1927,morphem,Raw,std_ctrl__tvn_efaar_e1.0_c304,0.403618322215969,0.05206836331265814,0.021015745440786594,370,67,1480,5593,7073
1928,morphem,Raw,std_ctrl__tvn_efaar_e1.0_c304,0.3377530243578641,0.03211146993957314,0.010845746088667467,370,81,1480,5369,6849
1929,morphem,Raw,std_ctrl__tvn_efaar_e1.0_c304,0.36006029408854884,0.05794811429073232,0.020864815073397918,370,88,1480,5881,7361
1930,morphem,Raw,std_ctrl__tvn_efaar_e1.0_c304,0.33640563480042496,0.02512683935804823,0.008452810344772518,370,68,1480,5721,7201
1931,morphem,Raw,std_ctrl__tvn_efaar_e1.0_c304,0.3557748517645841,0.04602351167974027,0.0163740080455452,370,77,1480,5689,7169
1932,morphem,Raw,std_ctrl__tvn_efaar_e1.0_c304,0.34807377548195384,-0.01611526824742185,-0.005609302261784572,370,51,1480,5945,7425
1933,morphem,Raw,std_ctrl__tvn_efaar_e1.0_c304,0.33131735439153553,0.10818932990566574,0.03584500255773821,370,83,1480,5753,7233
1934,morphem,Raw,std_ctrl__tvn_efaar_e1.0_c304,0.4023422424938606,0.004827429264126877,0.0019422787156092949,370,60,1480,5689,7169
1935,morphem,Raw,std_ctrl__tvn_efaar_e1.0_c304,0.3363424813619652,0.018371986970201787,0.0061792796851073625,370,77,1480,5689,7169
1936,morphem,Raw,std_ctrl__tvn_efaar_e1.0_c304,0.37003990819419513,-0.010144317393345061,-0.0037538022769261835,370,49,1480,5593,7073
1937,morphem,Raw,std_ctrl__tvn_efaar_e1.0_c304,0.37195680386214586,0.02003203139572649,0.007451050372820585,370,94,1480,5689,7169
1938,morphem,Raw,std_ctrl__tvn_efaar_e1.0_c304,0.3527453137654328,0.018760946964730324,0.0066178361236104415,370,68,1480,5785,7265
1939,morphem,Raw,std_ctrl__tvn_efaar_e1.0_c304,0.35254208459036573,0.0015862493631751708,0.0005592196571739148,370,90,1480,5657,7137
1940,morphem,Raw,std_ctrl__tvn_efaar_e1.0_c304,0.3431817454439522,0.02130039465522228,0.007309906616424212,370,91,1480,5849,7329
1941,morphem,Raw,std_ctrl__tvn_efaar_e1.0_c304,0.3512879416204261,0.014384040570451395,0.00505294000417857,370,57,1480,5689,7169
1942,morphem,Raw,std_ctrl__tvn_efaar_e1.0_c304,0.32249722264724395,-0.0232035779767805,-0.007483089452990467,370,69,1480,5625,7105
1943,morphem,Raw,std_ctrl__tvn_efaar_e1.0_c304,0.3441461584833977,0.07441451928633455,0.025609470947780745,370,111,1480,5497,6977
1944,morphem,Raw,std_ctrl__tvn_efaar_e1.0_c304,0.35152128884327144,0.012494930034635513,0.004392233909781578,370,84,1480,5689,7169
1945,morphem,Raw,std_ctrl__tvn_efaar_e1.0_c304,0.3565814977223264,0.021098391482940546,0.007523296034518915,370,76,1480,5625,7105
1946,morphem,Raw,std_ctrl__tvn_efaar_e1.0_c304,0.3718647073579824,0.04801003851329334,0.017853238921991293,370,80,1480,5305,6785
1947,morphem,Raw,std_ctrl__tvn_efaar_e1.0_c304,0.3556644691821225,0.023680554716411818,0.008422331923150818,370,90,1480,5721,7201
1948,morphem,Raw,std_ctrl__tvn_efaar_e1.0_c304,0.3768296686544176,0.05698170163882714,0.021472395747924113,370,64,1480,5529,7009
1949,morphem,Raw,std_ctrl__tvn_efaar_e1.0_c304,0.4137817863509607,0.13889224280704504,0.05747108033899047,370,70,1480,5689,7169
1950,morphem,Raw,std_ctrl__tvn_efaar_e1.0_c304,0.3850703273509477,0.032677167288658666,0.012583007504745473,370,96,1480,5689,7169
1951,morphem,Raw,std_ctrl__tvn_efaar_e1.0_c304,0.3816308544854291,0.04295274304389619,0.016392092030335172,370,48,1480,5689,7169
1952,morphem,Raw,std_ctrl__tvn_efaar_e1.0_c304,0.4087350932740615,0.07159838467319969,0.02926477243767241,370,65,1480,5593,7073
1953,morphem,Raw,std_ctrl__tvn_efaar_e1.0_c304,0.37579000226231,0.058112706691161344,0.02183817417894048,370,67,1480,5785,7265
1954,morphem,Raw,std_ctrl__tvn_efaar_e1.0_c304,0.35370073306243643,0.032960747512500596,0.01165824055745734,370,79,1480,5817,7297
1955,morphem,Raw,std_ctrl__tvn_efaar_e1.0_c304,0.38173634359611464,0.01846947198349941,0.007050468703131944,370,54,1480,5593,7073
1956,morphem,Raw,std_ctrl__tvn_efaar_e1.0_c304,0.3397977810191942,-0.006898634372809393,-0.0023441406519433723,370,62,1480,5593,7073
1957,morphem,Raw,std_ctrl__tvn_efaar_e1.0_c304,0.367786036999546,0.1732134837039508,0.0637055007263615,370,64,1480,5721,7201
1958,morphem,Raw,std_ctrl__tvn_efaar_e1.0_c304,0.37991260724846454,0.08581809063858142,0.032603374563588514,370,68,1480,5657,7137
1959,morphem,Raw,std_ctrl__tvn_efaar_e1.0_c304,0.35592530396823,0.013001887002985293,0.00462770058369812,370,86,1480,5945,7425
1960,morphem,Raw,std_ctrl__tvn_efaar_e1.0_c304,0.3555613113418455,0.019081796591630534,0.00678474861887851,370,74,1480,5657,7137
1961,morphem,Raw,std_ctrl__tvn_efaar_e1.0_c304,0.37231300969564646,0.05318718940553069,0.01980228256482553,370,65,1480,5817,7297
1962,morphem,Raw,std_ctrl__tvn_efaar_e1.0_c304,0.3650468832586506,-0.0010935482853156012,-0.0003991963932473018,370,82,1480,5564,7044
1963,morphem,Raw,std_ctrl__tvn_efaar_e1.0_c304,0.3487034333550962,0.01708205451115357,0.005956571056798159,370,72,1480,5689,7169
1964,morphem,Raw,std_ctrl__tvn_efaar_e1.0_c304,0.3640749869841684,0.007153948044518053,0.002604573541193327,370,57,1480,5593,7073
1965,morphem,Raw,std_ctrl__tvn_efaar_e1.0_c304,0.3492647472148822,0.024603949251527528,0.008593292115822552,370,57,1480,5727,7207
1966,morphem,Raw,std_ctrl__tvn_efaar_e1.0_c304,0.380608849520973,0.038593357306559564,0.014688973323601473,370,78,1480,5785,7265
1967,morphem,Raw,std_ctrl__tvn_efaar_e1.0_c304,0.34572600368353523,0.013821952154728446,0.004778608281559294,370,62,1480,5785,7265
1968,morphem,Raw,std_ctrl__tvn_efaar_e1.0_c304,0.3401639409162504,0.07162532171143748,0.02436435170275685,370,90,1480,5817,7297
1969,morphem,Raw,std_ctrl__tvn_efaar_e1.0_c304,0.3752649467851832,-0.023890896470412044,-0.008965415992619496,370,45,1480,5689,7169
1970,morphem,Raw,std_ctrl__tvn_efaar_e1.0_c304,0.37307610424004706,0.018455063208371477,0.006885143085283055,370,79,1480,5701,7181
1971,morphem,Raw,std_ctrl__tvn_efaar_e1.0_c304,0.35541021501019743,0.04716296272035975,0.016762198720960984,370,112,1480,5689,7169
1972,morphem,Raw,std_ctrl__tvn_efaar_e1.0_c304,0.4125861254638698,0.04733157185284999,0.019528349842882133,370,55,1480,5689,7169
1973,morphem,Raw,std_ctrl__tvn_efaar_e1.0_c304,0.37200270915903655,0.06384249043051773,0.023749579399612464,370,58,1480,5721,7201
1974,morphem,Raw,std_ctrl__tvn_efaar_e1.0_c304,0.3217723968385714,0.04622490626251543,0.014873898881727878,370,67,1480,5849,7329
1975,morphem,Raw,std_ctrl__tvn_efaar_e1.0_c304,0.3632948117374242,0.03910141803735813,0.014205342304548344,370,82,1480,5721,7201
1976,morphem,Raw,std_ctrl__tvn_efaar_e1.0_c304,0.33623052233416983,0.0626890817990787,0.02107798271795373,370,65,1480,5497,6977
1977,morphem,Raw,std_ctrl__tvn_efaar_e1.0_c304,0.3421468434833301,-0.013256647687889608,-0.004535720161582015,370,53,1480,5753,7233
1978,morphem,Raw,std_ctrl__tvn_efaar_e1.0_c304,0.2945044152673334,0.03718193410663341,0.010950243762582593,370,67,1480,5663,7143
1979,morphem,Raw,std_ctrl__tvn_efaar_e1.0_c304,0.37248287698309923,0.08043446552630748,0.029960461127836926,370,65,1480,5561,7041
1980,morphem,Raw,std_ctrl__tvn_efaar_e1.0_c304,0.34857548376338565,0.026657762703428158,0.009292242530397008,370,49,1480,5657,7137
1981,morphem,Raw,std_ctrl__tvn_efaar_e1.0_c304,0.3453946957285875,-0.04246853891363094,-0.014668408076111236,370,41,1480,5657,7137
1982,morphem,Raw,std_ctrl__tvn_efaar_e1.0_c304,0.3705004550764386,0.03212454975128709,0.01190216030197756,370,74,1480,5753,7233
1983,morphem,Raw,std_ctrl__tvn_efaar_e1.0_c304,0.3709586335277815,0.07197717387331848,0.02670055406523776,370,68,1480,5625,7105
1984,morphem,Raw,std_ctrl__tvn_efaar_e1.0_c304,0.36082080870230276,-0.029836747438764896,-0.010765719339901511,370,60,1480,5721,7201
1985,morphem,Raw,std_ctrl__tvn_efaar_e1.0_c304,0.3383730396836809,0.00972547780862529,0.0032908394884807227,370,76,1480,5721,7201
1986,morphem,Raw,std_ctrl__tvn_efaar_e1.0_c304,0.35817686724670167,0.10513972527912663,0.03765861742365642,370,56,1480,5881,7361
1987,morphem,Raw,std_ctrl__tvn_efaar_e1.0_c304,0.3265358120217022,0.12358275940981911,0.04035419669576794,370,87,1480,5817,7297
1988,morphem,Raw,std_ctrl__tvn_efaar_e1.0_c304,0.35509102476110355,0.02654801881175992,0.009426963205244884,370,63,1480,5785,7265
1989,morphem,Raw,std_ctrl__tvn_efaar_e1.0_c304,0.3452686494578288,0.00699761829891713,0.0024160582194885072,370,52,1480,5721,7201
1990,morphem,Raw,std_ctrl__tvn_efaar_e1.0_c304,0.37363220180775353,0.045173998753820784,0.016878460618850774,370,74,1480,5785,7265
1991,morphem,Raw,std_ctrl__tvn_efaar_e1.0_c304,0.3399820209330084,0.01825268911553295,0.006205586132960818,370,65,1480,5433,6913
1992,morphem,Raw,std_ctrl__tvn_efaar_e1.0_c304,0.41982470405226185,0.07552408623275769,0.031706877151485,370,47,1480,5497,6977
1993,morphem,Raw,std_ctrl__tvn_efaar_e1.0_c304,0.36449698116971413,0.05407346364141503,0.019709614258686076,370,72,1480,5625,7105
1994,morphem,Raw,std_ctrl__tvn_efaar_e1.0_c304,0.3709985088252049,0.018301713681023457,0.006789908484605554,370,66,1480,5561,7041
1995,morphem,Raw,std_ctrl__tvn_efaar_e1.0_c304,0.3708079014395815,0.0895422833508074,0.033202986179421266,370,93,1480,5497,6977
1996,morphem,Raw,std_ctrl__tvn_efaar_e1.0_c304,0.3472741462982854,-0.028481039956397378,-0.009890728836545255,370,88,1480,5721,7201
1997,morphem,Raw,std_ctrl__tvn_efaar_e1.0_c304,0.34450304730737236,0.00433380765577725,0.0014930099438592824,370,100,1480,5849,7329
1998,morphem,Raw,std_ctrl__tvn_efaar_e1.0_c304,0.36620113429519724,-0.0012412961988283535,-0.00045456407600725975,370,73,1480,5817,7297
1999,morphem,Raw,std_ctrl__tvn_efaar_e1.0_c304,0.3540226064204391,0.017796473241825633,0.006300353842162712,370,92,1480,5721,7201
