sample_id,family,codec,config,pa,pc,product,pa_units,pc_targets,treatment_wells,control_wells,total_wells
0,morphem,D20,std_ctrl__tvn_efaar_e1.0_c304,0.3272065186374357,0.007859915718140747,0.002571815658916494,370,77,1480,5753,7233
1,morphem,D20,std_ctrl__tvn_efaar_e1.0_c304,0.2911171431556982,-0.016877866634740744,-0.004913436317268603,370,65,1480,5753,7233
2,morphem,D20,std_ctrl__tvn_efaar_e1.0_c304,0.25654681849265654,0.01731952663034,0.0044432694548125675,370,88,1480,5625,7105
3,morphem,D20,std_ctrl__tvn_efaar_e1.0_c304,0.2776710533264411,0.09359523974052408,0.025988688805092103,370,55,1480,5433,6913
4,morphem,D20,std_ctrl__tvn_efaar_e1.0_c304,0.2995818337067974,0.12004015563239004,0.03596184994280075,370,56,1480,5657,7137
5,morphem,D20,std_ctrl__tvn_efaar_e1.0_c304,0.2640178048327284,-0.02089600838606402,-0.005516918263854907,370,82,1480,5785,7265
6,morphem,D20,std_ctrl__tvn_efaar_e1.0_c304,0.2770946875617479,-0.015764591025902358,-0.004368284424861148,370,63,1480,5721,7201
7,morphem,D20,std_ctrl__tvn_efaar_e1.0_c304,0.2758441074673278,0.012876961154914057,0.0035520338566687186,370,49,1480,5561,7041
8,morphem,D20,std_ctrl__tvn_efaar_e1.0_c304,0.27253338088178425,0.030526167414198974,0.008319399610755,370,81,1480,5529,7009
9,morphem,D20,std_ctrl__tvn_efaar_e1.0_c304,0.2606612048137882,0.01728520260274045,0.004505581735880753,370,77,1480,5753,7233
10,morphem,D20,std_ctrl__tvn_efaar_e1.0_c304,0.2745619884462426,0.008385881853589598,0.0023024443965968225,370,85,1480,5753,7233
11,morphem,D20,std_ctrl__tvn_efaar_e1.0_c304,0.2938987112226579,0.15700406475639211,0.04614329228862237,370,44,1480,5433,6913
12,morphem,D20,std_ctrl__tvn_efaar_e1.0_c304,0.2862187419109714,0.04523876068813496,0.0129481811697695,370,92,1480,5785,7265
13,morphem,D20,std_ctrl__tvn_efaar_e1.0_c304,0.27728680054021176,0.05710232607272209,0.015833721300109023,370,80,1480,5849,7329
14,morphem,D20,std_ctrl__tvn_efaar_e1.0_c304,0.281212810274694,-0.002334910417391377,-0.000656606720214288,370,93,1480,5753,7233
15,morphem,D20,std_ctrl__tvn_efaar_e1.0_c304,0.2910940735693649,-0.01591431029228008,-0.004632561411026678,370,67,1480,5625,7105
16,morphem,D20,std_ctrl__tvn_efaar_e1.0_c304,0.2857089187083298,0.03278533845156704,0.009367063598483846,370,58,1480,5785,7265
17,morphem,D20,std_ctrl__tvn_efaar_e1.0_c304,0.259629610479566,-0.0039758958333783795,-0.0010322602865273582,370,76,1480,5689,7169
18,morphem,D20,std_ctrl__tvn_efaar_e1.0_c304,0.2844557371752535,-0.011816547059388113,-0.00336128460464432,370,54,1480,5785,7265
19,morphem,D20,std_ctrl__tvn_efaar_e1.0_c304,0.2846348810422826,0.14018227016731966,0.039900763793312144,370,98,1480,5593,7073
20,morphem,D20,std_ctrl__tvn_efaar_e1.0_c304,0.2631154010008308,-0.028785432657522935,-0.007573890656666558,370,59,1480,5689,7169
21,morphem,D20,std_ctrl__tvn_efaar_e1.0_c304,0.28198221580341437,0.0666414674950795,0.01879170866865373,370,58,1480,5913,7393
22,morphem,D20,std_ctrl__tvn_efaar_e1.0_c304,0.2608212121438723,0.01064735592321992,0.0027770562780214583,370,87,1480,5785,7265
23,morphem,D20,std_ctrl__tvn_efaar_e1.0_c304,0.3088370690303185,0.057286712124636825,0.017692260266956448,370,71,1480,5817,7297
24,morphem,D20,std_ctrl__tvn_efaar_e1.0_c304,0.2911984126560379,0.06578187628762164,0.019155577956491282,370,77,1480,5465,6945
25,morphem,D20,std_ctrl__tvn_efaar_e1.0_c304,0.27034576979509284,0.007110406287219624,0.0019222682612742572,370,109,1480,5785,7265
26,morphem,D20,std_ctrl__tvn_efaar_e1.0_c304,0.25737678675774184,0.04568413265732177,0.011758035269155896,370,74,1480,5066,6546
27,morphem,D20,std_ctrl__tvn_efaar_e1.0_c304,0.28755726788269725,-0.002299405455873643,-0.0006612107506455927,370,48,1480,5785,7265
28,morphem,D20,std_ctrl__tvn_efaar_e1.0_c304,0.2912497799691143,0.10365043763763279,0.030188167155662953,370,61,1480,5721,7201
29,morphem,D20,std_ctrl__tvn_efaar_e1.0_c304,0.27248373598731135,-0.016842660600943204,-0.004589351084511298,370,101,1480,5753,7233
30,morphem,D20,std_ctrl__tvn_efaar_e1.0_c304,0.2897967135039908,0.035568981405026436,0.010307773913861222,370,68,1480,5561,7041
31,morphem,D20,std_ctrl__tvn_efaar_e1.0_c304,0.29758810543875436,0.005109152650428029,0.0015204230576382676,370,72,1480,5913,7393
32,morphem,D20,std_ctrl__tvn_efaar_e1.0_c304,0.2838221072007217,0.020166627801157747,0.005723734797657249,370,81,1480,5817,7297
33,morphem,D20,std_ctrl__tvn_efaar_e1.0_c304,0.28885474648865733,0.01940602412225617,0.005605522178187075,370,59,1480,5913,7393
34,morphem,D20,std_ctrl__tvn_efaar_e1.0_c304,0.2962729468485147,0.01475015477213185,0.004370071820811184,370,80,1480,5785,7265
35,morphem,D20,std_ctrl__tvn_efaar_e1.0_c304,0.27293248954430477,-0.02065571899537189,-0.005637616808734435,370,54,1480,5625,7105
36,morphem,D20,std_ctrl__tvn_efaar_e1.0_c304,0.2847992676512068,-0.04180041576492532,-0.011904727797366689,370,57,1480,5657,7137
37,morphem,D20,std_ctrl__tvn_efaar_e1.0_c304,0.295112726056525,-0.0016177064624387566,-0.0004774057640895589,370,64,1480,5593,7073
38,morphem,D20,std_ctrl__tvn_efaar_e1.0_c304,0.28064952058241227,0.006614237362245367,0.0018562825447324413,370,86,1480,5561,7041
39,morphem,D20,std_ctrl__tvn_efaar_e1.0_c304,0.2867552362602064,-0.010622501689086822,-0.003046057981528533,370,65,1480,5753,7233
40,morphem,D20,std_ctrl__tvn_efaar_e1.0_c304,0.29359047589879284,0.06974542552561434,0.020476592671828928,370,84,1480,5753,7233
41,morphem,D20,std_ctrl__tvn_efaar_e1.0_c304,0.24901831289803356,0.11055802056035517,0.027530971757285753,370,103,1480,5945,7425
42,morphem,D20,std_ctrl__tvn_efaar_e1.0_c304,0.2830398830708251,0.001535667834053048,0.000434655244186002,370,69,1480,5977,7457
43,morphem,D20,std_ctrl__tvn_efaar_e1.0_c304,0.2826888053924259,-0.016393458514806926,-0.004634247203801063,370,61,1480,5375,6855
44,morphem,D20,std_ctrl__tvn_efaar_e1.0_c304,0.2470645137168141,0.03468849902271695,0.008570297142613745,370,72,1480,5785,7265
45,morphem,D20,std_ctrl__tvn_efaar_e1.0_c304,0.27934701261499834,-0.010746624861972656,-0.0030020375508861305,370,84,1480,5753,7233
46,morphem,D20,std_ctrl__tvn_efaar_e1.0_c304,0.2547995856622803,-0.013640864946058203,-0.0034756867363307533,370,71,1480,5753,7233
47,morphem,D20,std_ctrl__tvn_efaar_e1.0_c304,0.25993019945422635,0.016067677872532663,0.0041764747141736745,370,69,1480,5689,7169
48,morphem,D20,std_ctrl__tvn_efaar_e1.0_c304,0.27283652277710324,-0.0004598715428451579,-0.00012546975267401455,370,71,1480,5753,7233
49,morphem,D20,std_ctrl__tvn_efaar_e1.0_c304,0.2842068567322228,-0.013221544670590859,-0.0037576536519733,370,64,1480,5529,7009
50,morphem,D20,std_ctrl__tvn_efaar_e1.0_c304,0.2591171277942812,-0.020223470992775067,-0.005240247717678836,370,65,1480,5881,7361
51,morphem,D20,std_ctrl__tvn_efaar_e1.0_c304,0.25878473225849563,-0.022550463789038803,-0.005835715733951308,370,69,1480,5625,7105
52,morphem,D20,std_ctrl__tvn_efaar_e1.0_c304,0.3005700854158871,0.04869349260091495,0.014635807230254871,370,60,1480,5689,7169
53,morphem,D20,std_ctrl__tvn_efaar_e1.0_c304,0.25084559800211775,0.05824180078197766,0.014609699345875395,370,64,1480,5913,7393
54,morphem,D20,std_ctrl__tvn_efaar_e1.0_c304,0.22428917219772018,0.02282876510366003,0.0051202448273961094,370,64,1480,5753,7233
55,morphem,D20,std_ctrl__tvn_efaar_e1.0_c304,0.2859002477257431,0.14949910699740468,0.04274183172533537,370,69,1480,5657,7137
56,morphem,D20,std_ctrl__tvn_efaar_e1.0_c304,0.27356273763066347,0.07882877834044434,0.021564616406892702,370,70,1480,5913,7393
57,morphem,D20,std_ctrl__tvn_efaar_e1.0_c304,0.2719631176059473,-0.01282344429001237,-0.003487503887557948,370,75,1480,5529,7009
58,morphem,D20,std_ctrl__tvn_efaar_e1.0_c304,0.271733143516626,0.01609787694076725,0.004374326705058491,370,68,1480,5849,7329
59,morphem,D20,std_ctrl__tvn_efaar_e1.0_c304,0.2870876709831245,0.01988002015472656,0.005707308685318022,370,86,1480,5561,7041
60,morphem,D20,std_ctrl__tvn_efaar_e1.0_c304,0.2734513491586418,0.03018926969092184,0.008255296527096669,370,52,1480,5689,7169
61,morphem,D20,std_ctrl__tvn_efaar_e1.0_c304,0.2651681209236471,0.04553225460855179,0.012073702395966751,370,73,1480,5657,7137
62,morphem,D20,std_ctrl__tvn_efaar_e1.0_c304,0.25506465748814144,-0.00657488500773134,-0.0016770207925209104,370,48,1480,5849,7329
63,morphem,D20,std_ctrl__tvn_efaar_e1.0_c304,0.2888052220739356,-0.06527804056014214,-0.018852639000523225,370,53,1480,5721,7201
64,morphem,D20,std_ctrl__tvn_efaar_e1.0_c304,0.2581680589584801,0.04975308631009968,0.012844657719872163,370,82,1480,5753,7233
65,morphem,D20,std_ctrl__tvn_efaar_e1.0_c304,0.30300566992431777,0.02418513061462765,0.007328231704092378,370,56,1480,5497,6977
66,morphem,D20,std_ctrl__tvn_efaar_e1.0_c304,0.28995927146141964,0.010494226688827931,0.003042898325243533,370,81,1480,5785,7265
67,morphem,D20,std_ctrl__tvn_efaar_e1.0_c304,0.2926520600356703,0.010585586495359827,0.003097893694552825,370,114,1480,6009,7489
68,morphem,D20,std_ctrl__tvn_efaar_e1.0_c304,0.2712011014823401,-0.02739554655755747,-0.007429702402120316,370,81,1480,5785,7265
69,morphem,D20,std_ctrl__tvn_efaar_e1.0_c304,0.27774225270930086,0.01786246878243625,0.004961162318583407,370,56,1480,5913,7393
70,morphem,D20,std_ctrl__tvn_efaar_e1.0_c304,0.2966447303339859,0.022610902217390507,0.006707404990885932,370,60,1480,5785,7265
71,morphem,D20,std_ctrl__tvn_efaar_e1.0_c304,0.2717962604304178,0.057227535832209776,0.015554230232842357,370,73,1480,5663,7143
72,morphem,D20,std_ctrl__tvn_efaar_e1.0_c304,0.261262450402222,-0.021225187503731882,-0.005545344497471613,370,75,1480,5881,7361
73,morphem,D20,std_ctrl__tvn_efaar_e1.0_c304,0.2777059666424877,0.021462418638424876,0.005960241714469525,370,45,1480,5625,7105
74,morphem,D20,std_ctrl__tvn_efaar_e1.0_c304,0.2846473009686805,0.027159018726750233,0.007730741377527304,370,130,1480,5657,7137
75,morphem,D20,std_ctrl__tvn_efaar_e1.0_c304,0.2700760239677766,0.03236881081853459,0.008742039726434975,370,74,1480,5785,7265
76,morphem,D20,std_ctrl__tvn_efaar_e1.0_c304,0.2881961954397801,0.01255549454203795,0.0036184457588802612,370,77,1480,5625,7105
77,morphem,D20,std_ctrl__tvn_efaar_e1.0_c304,0.27415753854916913,0.002424357220260254,0.0006646558080704571,370,98,1480,5849,7329
78,morphem,D20,std_ctrl__tvn_efaar_e1.0_c304,0.28239152319850974,0.016082186514851854,0.004541473146291548,370,98,1480,5849,7329
79,morphem,D20,std_ctrl__tvn_efaar_e1.0_c304,0.2799422703665465,-0.05028879224270926,-0.014077958674415603,370,102,1480,5753,7233
80,morphem,D20,std_ctrl__tvn_efaar_e1.0_c304,0.2925806719784833,0.051610439243616704,0.015100216995002061,370,68,1480,5817,7297
81,morphem,D20,std_ctrl__tvn_efaar_e1.0_c304,0.25257110807141275,-0.03151160856937336,-0.007958921893479255,370,69,1480,5625,7105
82,morphem,D20,std_ctrl__tvn_efaar_e1.0_c304,0.2821924416669463,-0.008418285192828405,-0.0023755764532129475,370,67,1480,5689,7169
83,morphem,D20,std_ctrl__tvn_efaar_e1.0_c304,0.2528851279304618,-0.03076588510928925,-0.007780234791756502,370,97,1480,5753,7233
84,morphem,D20,std_ctrl__tvn_efaar_e1.0_c304,0.27951453652914576,0.06964149163507335,0.01946580925757591,370,77,1480,5817,7297
85,morphem,D20,std_ctrl__tvn_efaar_e1.0_c304,0.24761269007898012,0.003669087545106896,0.0009085126371791998,370,90,1480,5785,7265
86,morphem,D20,std_ctrl__tvn_efaar_e1.0_c304,0.27605205918081677,-0.019437188490638274,-0.005365675907526368,370,117,1480,5945,7425
87,morphem,D20,std_ctrl__tvn_efaar_e1.0_c304,0.25298721925144096,0.03948495999693875,0.009989190231879918,370,55,1480,5657,7137
88,morphem,D20,std_ctrl__tvn_efaar_e1.0_c304,0.3030184464768161,0.14083458790161618,0.042675478036150336,370,80,1480,5753,7233
89,morphem,D20,std_ctrl__tvn_efaar_e1.0_c304,0.2924524925259496,-0.03445415592676593,-0.010076203778660416,370,73,1480,5721,7201
90,morphem,D20,std_ctrl__tvn_efaar_e1.0_c304,0.26434607304960017,0.019738072300873488,0.005217681902304993,370,64,1480,5721,7201
91,morphem,D20,std_ctrl__tvn_efaar_e1.0_c304,0.32551833328485175,0.0002640379388834579,8.594918978931077e-05,370,83,1480,5849,7329
92,morphem,D20,std_ctrl__tvn_efaar_e1.0_c304,0.22052486394152485,0.08621940613828016,0.019013522807763306,370,58,1480,5625,7105
93,morphem,D20,std_ctrl__tvn_efaar_e1.0_c304,0.2847566461975581,0.01251123168407594,0.003562656374158091,370,81,1480,5785,7265
94,morphem,D20,std_ctrl__tvn_efaar_e1.0_c304,0.2800141437003317,0.009828516388733517,0.002752123600435892,370,61,1480,5561,7041
95,morphem,D20,std_ctrl__tvn_efaar_e1.0_c304,0.2695058123880793,0.11209223960395223,0.03020951009686238,370,66,1480,5753,7233
96,morphem,D20,std_ctrl__tvn_efaar_e1.0_c304,0.28265437516242675,0.0377081924361775,0.010658385571552298,370,47,1480,5689,7169
97,morphem,D20,std_ctrl__tvn_efaar_e1.0_c304,0.2831178921122208,0.08186912525214433,0.023178614170458495,370,85,1480,5689,7169
98,morphem,D20,std_ctrl__tvn_efaar_e1.0_c304,0.28588749401839003,0.04418746324390963,0.012632643133831044,370,73,1480,5625,7105
99,morphem,D20,std_ctrl__tvn_efaar_e1.0_c304,0.2964464451819723,0.04549372116067924,0.01348645191618323,370,62,1480,5785,7265
100,morphem,D20,std_ctrl__tvn_efaar_e1.0_c304,0.2514948779747107,0.03236118584794937,0.008138672485946963,370,52,1480,5689,7169
101,morphem,D20,std_ctrl__tvn_efaar_e1.0_c304,0.2808246773753766,-0.025936312133156406,-0.007283556487100713,370,72,1480,5433,6913
102,morphem,D20,std_ctrl__tvn_efaar_e1.0_c304,0.27129624684169706,0.05249000037305946,0.01424034009793031,370,72,1480,5753,7233
103,morphem,D20,std_ctrl__tvn_efaar_e1.0_c304,0.25968051937580605,0.10418898880427449,0.02705585072593404,370,79,1480,5497,6977
104,morphem,D20,std_ctrl__tvn_efaar_e1.0_c304,0.300623844141373,-0.00022061772986526186,-6.632295003783801e-05,370,78,1480,5625,7105
105,morphem,D20,std_ctrl__tvn_efaar_e1.0_c304,0.2658496936939959,-0.017006699093121178,-0.004521225744652223,370,45,1480,5689,7169
106,morphem,D20,std_ctrl__tvn_efaar_e1.0_c304,0.278271078261185,-0.013562001407213453,-0.0037739127549649963,370,53,1480,5625,7105
107,morphem,D20,std_ctrl__tvn_efaar_e1.0_c304,0.2790032548293104,0.04063372236557009,0.011336940795824601,370,58,1480,5753,7233
108,morphem,D20,std_ctrl__tvn_efaar_e1.0_c304,0.3032346456912066,0.0808341665133921,0.024511719842432455,370,61,1480,5657,7137
109,morphem,D20,std_ctrl__tvn_efaar_e1.0_c304,0.2691348951876817,0.03676114423657445,0.009893706701089713,370,76,1480,5913,7393
110,morphem,D20,std_ctrl__tvn_efaar_e1.0_c304,0.2760591550857259,-0.012466617450266147,-0.003441523880097439,370,87,1480,5689,7169
111,morphem,D20,std_ctrl__tvn_efaar_e1.0_c304,0.27041142802957246,-0.024990898690044932,-0.006757824602517422,370,78,1480,5599,7079
112,morphem,D20,std_ctrl__tvn_efaar_e1.0_c304,0.2884918246410572,0.056880027257110104,0.01640942284903676,370,52,1480,5759,7239
113,morphem,D20,std_ctrl__tvn_efaar_e1.0_c304,0.27089587415277694,0.005367113545176325,0.0014539289154977503,370,67,1480,5593,7073
114,morphem,D20,std_ctrl__tvn_efaar_e1.0_c304,0.2911114738251958,0.022792381773388656,0.006635123850037701,370,60,1480,5625,7105
115,morphem,D20,std_ctrl__tvn_efaar_e1.0_c304,0.28938586125646704,0.012801506852269055,0.0037045750858244447,370,59,1480,5913,7393
116,morphem,D20,std_ctrl__tvn_efaar_e1.0_c304,0.22869008644873617,0.07873112952188993,0.018005028816567653,370,72,1480,5625,7105
117,morphem,D20,std_ctrl__tvn_efaar_e1.0_c304,0.2921436370615096,0.0013301361197221458,0.0003885908038025112,370,60,1480,5945,7425
118,morphem,D20,std_ctrl__tvn_efaar_e1.0_c304,0.293072584148767,-0.027047281091883063,-0.007926816563796254,370,53,1480,5721,7201
119,morphem,D20,std_ctrl__tvn_efaar_e1.0_c304,0.2755073869365266,0.005649429341784655,0.0015564595156376318,370,84,1480,5794,7274
120,morphem,D20,std_ctrl__tvn_efaar_e1.0_c304,0.29643600683611887,0.06971704336473969,0.02066664194346397,370,52,1480,5529,7009
121,morphem,D20,std_ctrl__tvn_efaar_e1.0_c304,0.2762583302064779,0.05995731533673163,0.01656370781858873,370,61,1480,5721,7201
122,morphem,D20,std_ctrl__tvn_efaar_e1.0_c304,0.2836869591842635,0.07247900418301058,0.020561348301381788,370,93,1480,5625,7105
123,morphem,D20,std_ctrl__tvn_efaar_e1.0_c304,0.29236014662668947,0.04736740772809867,0.013848342268713112,370,75,1480,5721,7201
124,morphem,D20,std_ctrl__tvn_efaar_e1.0_c304,0.2546278311414934,0.012316613842688928,0.0031361526697711766,370,75,1480,5561,7041
125,morphem,D20,std_ctrl__tvn_efaar_e1.0_c304,0.28660081355902545,-0.01856601688100536,-0.005321035542646737,370,61,1480,5593,7073
126,morphem,D20,std_ctrl__tvn_efaar_e1.0_c304,0.28842041439818294,0.004141817340388253,0.00119458467367636,370,60,1480,5689,7169
127,morphem,D20,std_ctrl__tvn_efaar_e1.0_c304,0.2768658220503659,0.00989833885483208,0.0027405117239761613,370,82,1480,5881,7361
128,morphem,D20,std_ctrl__tvn_efaar_e1.0_c304,0.31352306160190146,0.049451515283436935,0.01550419047251637,370,76,1480,5657,7137
129,morphem,D20,std_ctrl__tvn_efaar_e1.0_c304,0.3021676625053792,0.03701263266666125,0.01118402069605527,370,77,1480,5689,7169
130,morphem,D20,std_ctrl__tvn_efaar_e1.0_c304,0.24030468022529344,0.022254141406071352,0.0053477743342744384,370,98,1480,5785,7265
131,morphem,D20,std_ctrl__tvn_efaar_e1.0_c304,0.2661937449941139,0.036195479490192674,0.009635010237352028,370,86,1480,5753,7233
132,morphem,D20,std_ctrl__tvn_efaar_e1.0_c304,0.30828345645217425,0.056385819697399295,0.017382815391203343,370,100,1480,5849,7329
133,morphem,D20,std_ctrl__tvn_efaar_e1.0_c304,0.26088149221663004,-0.022304017296122254,-0.0058187053146378995,370,120,1480,5753,7233
134,morphem,D20,std_ctrl__tvn_efaar_e1.0_c304,0.2695567356978971,-0.02288855391090899,-0.006169763877069964,370,63,1480,5337,6817
135,morphem,D20,std_ctrl__tvn_efaar_e1.0_c304,0.2627442806878674,0.042190607555898874,0.011085340834058753,370,77,1480,5625,7105
136,morphem,D20,std_ctrl__tvn_efaar_e1.0_c304,0.285301754344135,-0.023222325183970566,-0.00662537011493679,370,68,1480,5529,7009
137,morphem,D20,std_ctrl__tvn_efaar_e1.0_c304,0.2709460303644546,0.027970696445907682,0.0075785491685478445,370,79,1480,5529,7009
138,morphem,D20,std_ctrl__tvn_efaar_e1.0_c304,0.2659551127885456,-0.011351692625431857,-0.003019040692537631,370,87,1480,5497,6977
139,morphem,D20,std_ctrl__tvn_efaar_e1.0_c304,0.31166338835691315,0.034147118424945125,0.010642406630943176,370,78,1480,5561,7041
140,morphem,D20,std_ctrl__tvn_efaar_e1.0_c304,0.30534439433015337,0.07111756403122921,0.021715349515351583,370,43,1480,5625,7105
141,morphem,D20,std_ctrl__tvn_efaar_e1.0_c304,0.2837958079505887,0.09403269128714631,0.026686083597603966,370,77,1480,5593,7073
142,morphem,D20,std_ctrl__tvn_efaar_e1.0_c304,0.27872336394487124,0.006019199427345551,0.0016776915126447945,370,68,1480,5913,7393
143,morphem,D20,std_ctrl__tvn_efaar_e1.0_c304,0.2850382559573196,-0.011147687089761625,-0.003177517286023581,370,79,1480,5849,7329
144,morphem,D20,std_ctrl__tvn_efaar_e1.0_c304,0.2758495438125318,-0.0111549438355157,-0.0030770861682814198,370,80,1480,5625,7105
145,morphem,D20,std_ctrl__tvn_efaar_e1.0_c304,0.2731877527108617,0.027613150532982283,0.007543574539372163,370,95,1480,5753,7233
146,morphem,D20,std_ctrl__tvn_efaar_e1.0_c304,0.28498691723806435,-0.03038263600171817,-0.00865865377169589,370,69,1480,5529,7009
147,morphem,D20,std_ctrl__tvn_efaar_e1.0_c304,0.2743604511046272,0.09544855833732703,0.02618730952271537,370,82,1480,5721,7201
148,morphem,D20,std_ctrl__tvn_efaar_e1.0_c304,0.282473285857468,0.013487750452635207,0.0038099291891814185,370,75,1480,5657,7137
149,morphem,D20,std_ctrl__tvn_efaar_e1.0_c304,0.25981280928746914,0.037273102294813266,0.009684029418074648,370,46,1480,5497,6977
150,morphem,D20,std_ctrl__tvn_efaar_e1.0_c304,0.25120367328012233,0.05917233514233361,0.014864307944316674,370,84,1480,5849,7329
151,morphem,D20,std_ctrl__tvn_efaar_e1.0_c304,0.29556539688693856,0.035712902400469995,0.010555498171979415,370,98,1480,5785,7265
152,morphem,D20,std_ctrl__tvn_efaar_e1.0_c304,0.26202050527203896,-0.00618902124733555,-0.0016216504743662456,370,69,1480,5657,7137
153,morphem,D20,std_ctrl__tvn_efaar_e1.0_c304,0.2899110751376394,0.007522610785153423,0.0021808881805658307,370,85,1480,5753,7233
154,morphem,D20,std_ctrl__tvn_efaar_e1.0_c304,0.261571292775942,-0.0030608633932861814,-0.0008006339947924231,370,76,1480,5721,7201
155,morphem,D20,std_ctrl__tvn_efaar_e1.0_c304,0.2738518118474351,-0.006018360040619908,-0.001648138801473965,370,83,1480,5497,6977
156,morphem,D20,std_ctrl__tvn_efaar_e1.0_c304,0.2841642347456738,0.09731249813614427,0.027652731564047246,370,63,1480,5785,7265
157,morphem,D20,std_ctrl__tvn_efaar_e1.0_c304,0.29773401436360863,0.029989310086940085,0.008928837680179732,370,95,1480,5593,7073
158,morphem,D20,std_ctrl__tvn_efaar_e1.0_c304,0.25775593005780745,0.0009550562508843287,0.0002461714122042128,370,78,1480,5625,7105
159,morphem,D20,std_ctrl__tvn_efaar_e1.0_c304,0.2648049547080464,0.01880636800994146,0.004980019429095401,370,56,1480,5849,7329
160,morphem,D20,std_ctrl__tvn_efaar_e1.0_c304,0.25010611735228055,0.018353548786527684,0.0045903348266340994,370,76,1480,5817,7297
161,morphem,D20,std_ctrl__tvn_efaar_e1.0_c304,0.28804122694653017,0.036672774328319745,0.010563270913062433,370,95,1480,5657,7137
162,morphem,D20,std_ctrl__tvn_efaar_e1.0_c304,0.281062576761195,0.04661428768817066,0.013101531811524892,370,108,1480,5849,7329
163,morphem,D20,std_ctrl__tvn_efaar_e1.0_c304,0.2798716948904325,0.05230354940862353,0.014638283021776947,370,75,1480,5785,7265
164,morphem,D20,std_ctrl__tvn_efaar_e1.0_c304,0.27646748045563385,0.01091976446559723,0.003018959768972627,370,49,1480,5785,7265
165,morphem,D20,std_ctrl__tvn_efaar_e1.0_c304,0.2940098748458039,0.025754634044218863,0.007572116732040268,370,83,1480,5849,7329
166,morphem,D20,std_ctrl__tvn_efaar_e1.0_c304,0.28055394034991327,0.1123207258472902,0.031512022219419615,370,84,1480,5631,7111
167,morphem,D20,std_ctrl__tvn_efaar_e1.0_c304,0.259286067410523,0.0213976990789985,0.005548125245827292,370,49,1480,5785,7265
168,morphem,D20,std_ctrl__tvn_efaar_e1.0_c304,0.272627900320166,0.011510439859411761,0.003138067050632975,370,49,1480,5721,7201
169,morphem,D20,std_ctrl__tvn_efaar_e1.0_c304,0.28941567447555105,-0.057276371701317164,-0.016576679747449072,370,53,1480,5689,7169
170,morphem,D20,std_ctrl__tvn_efaar_e1.0_c304,0.2688174771442035,-0.022904523227878223,-0.006157136149309033,370,57,1480,5497,6977
171,morphem,D20,std_ctrl__tvn_efaar_e1.0_c304,0.26885675117588337,0.010541117016534072,0.002834050474830171,370,78,1480,5561,7041
172,morphem,D20,std_ctrl__tvn_efaar_e1.0_c304,0.2801103952865891,-0.013464512084289528,-0.0037715498022713955,370,58,1480,5689,7169
173,morphem,D20,std_ctrl__tvn_efaar_e1.0_c304,0.28398481599847064,0.0642628384506599,0.018249670352950095,370,61,1480,5753,7233
174,morphem,D20,std_ctrl__tvn_efaar_e1.0_c304,0.2908483438079809,0.0824296513662191,0.0239745275805341,370,81,1480,5497,6977
175,morphem,D20,std_ctrl__tvn_efaar_e1.0_c304,0.2845301622414029,0.029648304302763037,0.00843583683344765,370,81,1480,5433,6913
176,morphem,D20,std_ctrl__tvn_efaar_e1.0_c304,0.27669388902777736,0.02390266779573425,0.00661372211054072,370,67,1480,5497,6977
177,morphem,D20,std_ctrl__tvn_efaar_e1.0_c304,0.2659496498674046,-0.016330538845968825,-0.004343101088231459,370,74,1480,5657,7137
178,morphem,D20,std_ctrl__tvn_efaar_e1.0_c304,0.28161921268920104,0.017771737386240955,0.005004862690832417,370,66,1480,5657,7137
179,morphem,D20,std_ctrl__tvn_efaar_e1.0_c304,0.2689054873251753,0.02951388770864973,0.007936446357154956,370,99,1480,5561,7041
180,morphem,D20,std_ctrl__tvn_efaar_e1.0_c304,0.2626022676679251,-0.02802304842355269,-0.00735891606299301,370,79,1480,5753,7233
181,morphem,D20,std_ctrl__tvn_efaar_e1.0_c304,0.2642442333642339,-0.025400287992839603,-0.006711879627898656,370,73,1480,5593,7073
182,morphem,D20,std_ctrl__tvn_efaar_e1.0_c304,0.25349467303965634,0.09224928198219723,0.023384701574220148,370,82,1480,5657,7137
183,morphem,D20,std_ctrl__tvn_efaar_e1.0_c304,0.2935798512827375,0.03462124559125641,0.010164100131904188,370,126,1480,5593,7073
184,morphem,D20,std_ctrl__tvn_efaar_e1.0_c304,0.28810845819423186,0.037068424098423085,0.010679726514686584,370,69,1480,5721,7201
185,morphem,D20,std_ctrl__tvn_efaar_e1.0_c304,0.2634168597667431,0.06262588587976374,0.016496714198557784,370,80,1480,5817,7297
186,morphem,D20,std_ctrl__tvn_efaar_e1.0_c304,0.28148918689839325,-0.02036261432886735,-0.005731855750558442,370,62,1480,5721,7201
187,morphem,D20,std_ctrl__tvn_efaar_e1.0_c304,0.279335577528236,-0.004599255298474314,-0.001284735634999122,370,77,1480,5721,7201
188,morphem,D20,std_ctrl__tvn_efaar_e1.0_c304,0.2713446041502775,0.020241768829781442,0.005492494750418471,370,50,1480,5657,7137
189,morphem,D20,std_ctrl__tvn_efaar_e1.0_c304,0.2691058368155728,0.07673151726399512,0.02064889916345598,370,49,1480,5753,7233
190,morphem,D20,std_ctrl__tvn_efaar_e1.0_c304,0.278383002554511,-0.021100460428237218,-0.00587400952929532,370,78,1480,5721,7201
191,morphem,D20,std_ctrl__tvn_efaar_e1.0_c304,0.2797644852851337,0.07325713362728385,0.020494744282701326,370,90,1480,5465,6945
192,morphem,D20,std_ctrl__tvn_efaar_e1.0_c304,0.25584080275686183,0.03014727237214067,0.007712902364618231,370,98,1480,5497,6977
193,morphem,D20,std_ctrl__tvn_efaar_e1.0_c304,0.2743522633163803,0.03851423063400045,0.010566466344327093,370,85,1480,5721,7201
194,morphem,D20,std_ctrl__tvn_efaar_e1.0_c304,0.2935874399213828,0.0195010230410114,0.005725255430458436,370,71,1480,5689,7169
195,morphem,D20,std_ctrl__tvn_efaar_e1.0_c304,0.2601918853119894,0.031202319522056453,0.00811859034255096,370,88,1480,5881,7361
196,morphem,D20,std_ctrl__tvn_efaar_e1.0_c304,0.24467367429524223,0.015748050775864098,0.003853133446318709,370,54,1480,5625,7105
197,morphem,D20,std_ctrl__tvn_efaar_e1.0_c304,0.23643138955280862,-0.014476519489303336,-0.0034227036187443032,370,79,1480,5433,6913
198,morphem,D20,std_ctrl__tvn_efaar_e1.0_c304,0.2669451768838742,0.0005938982230490099,0.0001585382662028365,370,82,1480,5753,7233
199,morphem,D20,std_ctrl__tvn_efaar_e1.0_c304,0.2926103343054514,0.06202466820069934,0.018149058897391334,370,85,1480,5721,7201
200,morphem,D20,std_ctrl__tvn_efaar_e1.0_c304,0.2643114753904523,0.0706958117073322,0.018685714296290585,370,51,1480,5561,7041
201,morphem,D20,std_ctrl__tvn_efaar_e1.0_c304,0.28579986478212854,-0.011373607334613109,-0.003250575438317452,370,83,1480,5689,7169
202,morphem,D20,std_ctrl__tvn_efaar_e1.0_c304,0.2678911625465387,-0.013744541282678387,-0.0036820411428856075,370,34,1480,5657,7137
203,morphem,D20,std_ctrl__tvn_efaar_e1.0_c304,0.2816243758244336,0.07129652136362588,0.020078838327484534,370,71,1480,5465,6945
204,morphem,D20,std_ctrl__tvn_efaar_e1.0_c304,0.2649752095217987,-0.042903559745044985,-0.011368379732674303,370,72,1480,5561,7041
205,morphem,D20,std_ctrl__tvn_efaar_e1.0_c304,0.2807058119102157,-0.00789584718665402,-0.002216410195248709,370,72,1480,5721,7201
206,morphem,D20,std_ctrl__tvn_efaar_e1.0_c304,0.23822831459915458,-0.03921142963816882,-0.009341272795724297,370,70,1480,5337,6817
207,morphem,D20,std_ctrl__tvn_efaar_e1.0_c304,0.3013259475707106,0.022780421621571522,0.006864332131180342,370,53,1480,5657,7137
208,morphem,D20,std_ctrl__tvn_efaar_e1.0_c304,0.25803619223284446,0.02087156440470695,0.005385619004933157,370,60,1480,5881,7361
209,morphem,D20,std_ctrl__tvn_efaar_e1.0_c304,0.2512789647934674,0.020098491708256543,0.005050328190360792,370,54,1480,5881,7361
210,morphem,D20,std_ctrl__tvn_efaar_e1.0_c304,0.2518151281346865,0.08530727402979753,0.021481662140634277,370,74,1480,5657,7137
211,morphem,D20,std_ctrl__tvn_efaar_e1.0_c304,0.29450783791656754,0.08036392550278931,0.023667805946314582,370,65,1480,5817,7297
212,morphem,D20,std_ctrl__tvn_efaar_e1.0_c304,0.29072325654764625,-0.024330441232603243,-0.007073425108383543,370,67,1480,5913,7393
213,morphem,D20,std_ctrl__tvn_efaar_e1.0_c304,0.3113036701871297,0.017545023105669893,0.00546183008631303,370,67,1480,5753,7233
214,morphem,D20,std_ctrl__tvn_efaar_e1.0_c304,0.28459158750694574,0.04938280398320689,0.014053930581125171,370,96,1480,5657,7137
215,morphem,D20,std_ctrl__tvn_efaar_e1.0_c304,0.2258532648364873,0.06685408737950786,0.015099213902325652,370,67,1480,5401,6881
216,morphem,D20,std_ctrl__tvn_efaar_e1.0_c304,0.2772696713337036,0.0039425856026503985,0.0010931594142518678,370,60,1480,5657,7137
217,morphem,D20,std_ctrl__tvn_efaar_e1.0_c304,0.31046455865979333,0.005189890760243913,0.0016112771443716658,370,58,1480,5689,7169
218,morphem,D20,std_ctrl__tvn_efaar_e1.0_c304,0.24038697285345534,-0.01681533752018156,-0.004042188083985574,370,96,1480,5785,7265
219,morphem,D20,std_ctrl__tvn_efaar_e1.0_c304,0.2474291149872036,0.02157815033546289,0.0053390626405644135,370,77,1480,5561,7041
220,morphem,D20,std_ctrl__tvn_efaar_e1.0_c304,0.2864644330887005,0.016390081685601212,0.004695175458343244,370,91,1480,5849,7329
221,morphem,D20,std_ctrl__tvn_efaar_e1.0_c304,0.22651267811322437,0.0010030342940794198,0.00022719998419133683,370,74,1480,5945,7425
222,morphem,D20,std_ctrl__tvn_efaar_e1.0_c304,0.27551720208312575,-0.019214438534561576,-0.0052939083446406,370,60,1480,5465,6945
223,morphem,D20,std_ctrl__tvn_efaar_e1.0_c304,0.2816506402888886,-0.014754728168558412,-0.004155678635962977,370,61,1480,5625,7105
224,morphem,D20,std_ctrl__tvn_efaar_e1.0_c304,0.2802726517728857,-0.014203098506416104,-0.003980740081784753,370,57,1480,5625,7105
225,morphem,D20,std_ctrl__tvn_efaar_e1.0_c304,0.2713006376105774,0.03009525310405704,0.008164861356182383,370,86,1480,5786,7266
226,morphem,D20,std_ctrl__tvn_efaar_e1.0_c304,0.2762941108624191,-0.0045366237542453,-0.001253442426496535,370,80,1480,5561,7041
227,morphem,D20,std_ctrl__tvn_efaar_e1.0_c304,0.275447689151694,0.08701418542652074,0.023967856299152147,370,45,1480,5721,7201
228,morphem,D20,std_ctrl__tvn_efaar_e1.0_c304,0.29140152342808284,0.005441035826189188,0.0015855261287783067,370,48,1480,5689,7169
229,morphem,D20,std_ctrl__tvn_efaar_e1.0_c304,0.2861908846981382,0.05404657747613538,0.015467637822801653,370,63,1480,5721,7201
230,morphem,D20,std_ctrl__tvn_efaar_e1.0_c304,0.2884078812581229,0.02567881315679088,0.007405972095773268,370,87,1480,5785,7265
231,morphem,D20,std_ctrl__tvn_efaar_e1.0_c304,0.30694871585463307,0.001808877600055448,0.0005552326564752303,370,45,1480,5657,7137
232,morphem,D20,std_ctrl__tvn_efaar_e1.0_c304,0.27658030337549566,-0.02058708644065061,-0.005693982613372699,370,78,1480,5689,7169
233,morphem,D20,std_ctrl__tvn_efaar_e1.0_c304,0.27957462066043665,0.022675513652767612,0.006339498127753057,370,75,1480,5689,7169
234,morphem,D20,std_ctrl__tvn_efaar_e1.0_c304,0.28344799594398223,0.0005127122656918596,0.00014532726420625616,370,76,1480,5721,7201
235,morphem,D20,std_ctrl__tvn_efaar_e1.0_c304,0.27503987294363985,-0.014684936020298025,-0.004038942937208249,370,75,1480,5721,7201
236,morphem,D20,std_ctrl__tvn_efaar_e1.0_c304,0.28823334184678506,0.05255817151370011,0.015149017416750284,370,71,1480,5689,7169
237,morphem,D20,std_ctrl__tvn_efaar_e1.0_c304,0.2554920983863243,0.005903937028341799,0.0015084092601117662,370,77,1480,5753,7233
238,morphem,D20,std_ctrl__tvn_efaar_e1.0_c304,0.26248454466218396,-0.04529863253216954,-0.011890190934026115,370,58,1480,5785,7265
239,morphem,D20,std_ctrl__tvn_efaar_e1.0_c304,0.28945694463288935,0.03632814317909268,0.010515433328806306,370,58,1480,5657,7137
240,morphem,D20,std_ctrl__tvn_efaar_e1.0_c304,0.2735777567903919,-0.02323019547012356,-0.006355264766518727,370,61,1480,5817,7297
241,morphem,D20,std_ctrl__tvn_efaar_e1.0_c304,0.291707053780073,0.021513003340862574,0.006275494822523889,370,86,1480,5785,7265
242,morphem,D20,std_ctrl__tvn_efaar_e1.0_c304,0.26813039363969077,-0.014551885026558773,-0.0039018026603707258,370,72,1480,5753,7233
243,morphem,D20,std_ctrl__tvn_efaar_e1.0_c304,0.2947506316448965,0.03672647946200041,0.01082515301951794,370,75,1480,5849,7329
244,morphem,D20,std_ctrl__tvn_efaar_e1.0_c304,0.24868550399236408,0.02181465637397929,0.005424988814783278,370,76,1480,5721,7201
245,morphem,D20,std_ctrl__tvn_efaar_e1.0_c304,0.3154069374448167,0.09878282376407713,0.031156787915578625,370,83,1480,5529,7009
246,morphem,D20,std_ctrl__tvn_efaar_e1.0_c304,0.2599170258858671,-0.005104698403978711,-0.0013267980272064792,370,57,1480,5913,7393
247,morphem,D20,std_ctrl__tvn_efaar_e1.0_c304,0.25898753567812377,-0.015338651399509184,-0.003972519526584688,370,65,1480,5817,7297
248,morphem,D20,std_ctrl__tvn_efaar_e1.0_c304,0.30288604097183064,0.04511459021043239,0.013664579618904374,370,72,1480,5721,7201
249,morphem,D20,std_ctrl__tvn_efaar_e1.0_c304,0.27278479053279747,0.06666294961845237,0.01818463874796796,370,70,1480,5657,7137
250,morphem,D20,std_ctrl__tvn_efaar_e1.0_c304,0.31043790527114873,0.12216662863041024,0.0379251522860629,370,81,1480,5817,7297
251,morphem,D20,std_ctrl__tvn_efaar_e1.0_c304,0.2949395377089915,-0.0030371844793483753,-0.0008957857862759339,370,89,1480,5401,6881
252,morphem,D20,std_ctrl__tvn_efaar_e1.0_c304,0.2724355968063501,0.00875821592642462,0.002386049782874372,370,56,1480,5753,7233
253,morphem,D20,std_ctrl__tvn_efaar_e1.0_c304,0.26965247122721614,0.017160632737050336,0.004627407025368289,370,51,1480,5849,7329
254,morphem,D20,std_ctrl__tvn_efaar_e1.0_c304,0.27769180335589433,0.05792206601552316,0.016084482965949786,370,58,1480,5625,7105
255,morphem,D20,std_ctrl__tvn_efaar_e1.0_c304,0.27126910282714295,-0.012105196456861918,-0.0032837657823992423,370,61,1480,5881,7361
256,morphem,D20,std_ctrl__tvn_efaar_e1.0_c304,0.2763842252175641,0.025090177718264776,0.0069345293292336005,370,58,1480,5721,7201
257,morphem,D20,std_ctrl__tvn_efaar_e1.0_c304,0.2764498276243318,0.019972059904776157,0.005521272517978197,370,69,1480,5817,7297
258,morphem,D20,std_ctrl__tvn_efaar_e1.0_c304,0.30034351978713897,-0.03265946661355152,-0.009809059157084616,370,65,1480,5689,7169
259,morphem,D20,std_ctrl__tvn_efaar_e1.0_c304,0.2927653270629729,0.09174837471157359,0.026860742929930036,370,77,1480,5529,7009
260,morphem,D20,std_ctrl__tvn_efaar_e1.0_c304,0.281045120107042,0.0710325461616447,0.019963350467508443,370,92,1480,5721,7201
261,morphem,D20,std_ctrl__tvn_efaar_e1.0_c304,0.26380481505339204,-0.012155930441819906,-0.0032067929820061986,370,90,1480,5660,7140
262,morphem,D20,std_ctrl__tvn_efaar_e1.0_c304,0.2551932620964847,0.06570888094787415,0.01676846367779756,370,83,1480,5721,7201
263,morphem,D20,std_ctrl__tvn_efaar_e1.0_c304,0.30298067901983655,-0.00620269459238073,-0.0018792966193521819,370,54,1480,5881,7361
264,morphem,D20,std_ctrl__tvn_efaar_e1.0_c304,0.283359550904732,0.09492750001712051,0.02689861377336021,370,94,1480,5593,7073
265,morphem,D20,std_ctrl__tvn_efaar_e1.0_c304,0.28724882229845605,0.047996597862866495,0.013786966210440994,370,81,1480,5529,7009
266,morphem,D20,std_ctrl__tvn_efaar_e1.0_c304,0.2662698395792704,0.01154832140776399,0.003074969688655172,370,47,1480,5625,7105
267,morphem,D20,std_ctrl__tvn_efaar_e1.0_c304,0.2945819060694778,0.04926273143788394,0.01451190932516064,370,64,1480,5721,7201
268,morphem,D20,std_ctrl__tvn_efaar_e1.0_c304,0.27991388248960064,0.023735603986802533,0.006643925065181541,370,75,1480,5692,7172
269,morphem,D20,std_ctrl__tvn_efaar_e1.0_c304,0.25903290084022124,0.0894207818980584,0.02316292453045481,370,80,1480,5593,7073
270,morphem,D20,std_ctrl__tvn_efaar_e1.0_c304,0.3293282698297449,-0.008479210986519927,-0.002792443883711972,370,71,1480,5465,6945
271,morphem,D20,std_ctrl__tvn_efaar_e1.0_c304,0.2821717483846599,0.016133222704510564,0.004552339657610837,370,79,1480,5822,7302
272,morphem,D20,std_ctrl__tvn_efaar_e1.0_c304,0.26610978606267816,-0.006663980269411082,-0.0017733503638188914,370,81,1480,5753,7233
273,morphem,D20,std_ctrl__tvn_efaar_e1.0_c304,0.30545471357116294,0.061155222790102534,0.018680151060731426,370,78,1480,5721,7201
274,morphem,D20,std_ctrl__tvn_efaar_e1.0_c304,0.26104530948452137,-0.007767294480224044,-0.0020276157914475,370,69,1480,5721,7201
275,morphem,D20,std_ctrl__tvn_efaar_e1.0_c304,0.263417536012695,0.08532064162921305,0.022474953188989472,370,55,1480,5693,7173
276,morphem,D20,std_ctrl__tvn_efaar_e1.0_c304,0.288445868500751,-0.04007070295707514,-0.01155822871588915,370,47,1480,5817,7297
277,morphem,D20,std_ctrl__tvn_efaar_e1.0_c304,0.28266893685867167,0.08977972836718007,0.025377940369011115,370,59,1480,5497,6977
278,morphem,D20,std_ctrl__tvn_efaar_e1.0_c304,0.2540705348892672,0.01906783035953882,0.004844573858625836,370,55,1480,5657,7137
279,morphem,D20,std_ctrl__tvn_efaar_e1.0_c304,0.2625545033218763,-0.046138429872435036,-0.012113852539208401,370,69,1480,5849,7329
280,morphem,D20,std_ctrl__tvn_efaar_e1.0_c304,0.28514075555268903,-0.012567670022405436,-0.0035835549257255666,370,60,1480,5785,7265
281,morphem,D20,std_ctrl__tvn_efaar_e1.0_c304,0.23891722351658407,0.011869500443997746,0.0028358280906088033,370,75,1480,5753,7233
282,morphem,D20,std_ctrl__tvn_efaar_e1.0_c304,0.2694830685131736,-0.011020111938412796,-0.002969733580522138,370,73,1480,5977,7457
283,morphem,D20,std_ctrl__tvn_efaar_e1.0_c304,0.24046275550001056,-0.001965660043969775,-0.000472668030549244,370,64,1480,5689,7169
284,morphem,D20,std_ctrl__tvn_efaar_e1.0_c304,0.263129205694389,-0.035796874849540944,-0.00941920324550116,370,61,1480,5561,7041
285,morphem,D20,std_ctrl__tvn_efaar_e1.0_c304,0.3115933073824122,-0.0012578163171654765,-0.000391927146345156,370,61,1480,5593,7073
286,morphem,D20,std_ctrl__tvn_efaar_e1.0_c304,0.28432507061244905,-0.005113816831483381,-0.0014539863317106427,370,86,1480,5593,7073
287,morphem,D20,std_ctrl__tvn_efaar_e1.0_c304,0.2706331924576528,0.06292019332576998,0.01702829278980583,370,58,1480,5881,7361
288,morphem,D20,std_ctrl__tvn_efaar_e1.0_c304,0.27373292438799596,0.11220736038553049,0.03071484889618903,370,75,1480,5785,7265
289,morphem,D20,std_ctrl__tvn_efaar_e1.0_c304,0.2830049510699208,0.0037375098150954867,0.001057733782344447,370,97,1480,5785,7265
290,morphem,D20,std_ctrl__tvn_efaar_e1.0_c304,0.3027151047310226,0.0019379170218418041,0.0005866367542268731,370,57,1480,5625,7105
291,morphem,D20,std_ctrl__tvn_efaar_e1.0_c304,0.24079669146696317,-0.04680776603089082,-0.011271155195198215,370,76,1480,5849,7329
292,morphem,D20,std_ctrl__tvn_efaar_e1.0_c304,0.2900809241524538,0.03329782271787181,0.009659063186264825,370,74,1480,5657,7137
293,morphem,D20,std_ctrl__tvn_efaar_e1.0_c304,0.3010222105192642,0.028254308540631573,0.008505174413594241,370,61,1480,5817,7297
294,morphem,D20,std_ctrl__tvn_efaar_e1.0_c304,0.3060054330067114,0.0961961237662017,0.02943653650664375,370,72,1480,5721,7201
295,morphem,D20,std_ctrl__tvn_efaar_e1.0_c304,0.25845402817634766,0.020653568980656255,0.0053379980992686715,370,65,1480,5724,7204
296,morphem,D20,std_ctrl__tvn_efaar_e1.0_c304,0.27034876658520607,0.0029642690907699734,0.0008013864925163125,370,82,1480,5689,7169
297,morphem,D20,std_ctrl__tvn_efaar_e1.0_c304,0.2690533414429605,0.0012666532501267405,0.00034079728939618556,370,59,1480,5369,6849
298,morphem,D20,std_ctrl__tvn_efaar_e1.0_c304,0.291882829630469,-0.001415396759346336,-0.0004131300111678045,370,62,1480,5689,7169
299,morphem,D20,std_ctrl__tvn_efaar_e1.0_c304,0.27788020968295707,0.025813746165089215,0.00717312919705762,370,96,1480,5625,7105
300,morphem,D20,std_ctrl__tvn_efaar_e1.0_c304,0.27733202985635824,0.032409249660218395,0.008988122994389856,370,49,1480,5625,7105
301,morphem,D20,std_ctrl__tvn_efaar_e1.0_c304,0.2602939657599995,-0.0016948528422930896,-0.00044115996770007534,370,97,1480,5657,7137
302,morphem,D20,std_ctrl__tvn_efaar_e1.0_c304,0.2702213578079731,0.05997198794177058,0.016205712012068635,370,118,1480,5689,7169
303,morphem,D20,std_ctrl__tvn_efaar_e1.0_c304,0.2567179712862919,-0.006388201940070571,-0.0016399662422220713,370,102,1480,5689,7169
304,morphem,D20,std_ctrl__tvn_efaar_e1.0_c304,0.291772449471943,0.019415754048331475,0.005664982117026467,370,57,1480,5785,7265
305,morphem,D20,std_ctrl__tvn_efaar_e1.0_c304,0.2654040923327031,0.11580710122626026,0.030735678586637075,370,70,1480,5849,7329
306,morphem,D20,std_ctrl__tvn_efaar_e1.0_c304,0.24902342006213896,0.013470515403932517,0.0033544738158870005,370,74,1480,5657,7137
307,morphem,D20,std_ctrl__tvn_efaar_e1.0_c304,0.29008802940160827,0.011609150478793219,0.003367675585419862,370,72,1480,5753,7233
308,morphem,D20,std_ctrl__tvn_efaar_e1.0_c304,0.24814250393642853,-0.0055502100927249136,-0.0013772430297819972,370,75,1480,5753,7233
309,morphem,D20,std_ctrl__tvn_efaar_e1.0_c304,0.2807611049674041,0.022000740720020916,0.006176952274654434,370,73,1480,5849,7329
310,morphem,D20,std_ctrl__tvn_efaar_e1.0_c304,0.2900498385422924,0.026668070255629506,0.007735069471879848,370,73,1480,5753,7233
311,morphem,D20,std_ctrl__tvn_efaar_e1.0_c304,0.29758068263170956,0.14617104757550903,0.04349768011851207,370,67,1480,5724,7204
312,morphem,D20,std_ctrl__tvn_efaar_e1.0_c304,0.2740433286851122,0.019747548336644116,0.005411683879544105,370,93,1480,5689,7169
313,morphem,D20,std_ctrl__tvn_efaar_e1.0_c304,0.2314003669737695,-0.008515403123097051,-0.0019704674076142406,370,100,1480,5721,7201
314,morphem,D20,std_ctrl__tvn_efaar_e1.0_c304,0.31026266392821844,0.017761334559293674,0.005510678975286785,370,60,1480,5625,7105
315,morphem,D20,std_ctrl__tvn_efaar_e1.0_c304,0.28689339810907927,0.051207586676317154,0.01469111855053384,370,52,1480,5593,7073
316,morphem,D20,std_ctrl__tvn_efaar_e1.0_c304,0.29596480235459866,0.045002424341872,0.013319133625819926,370,61,1480,5561,7041
317,morphem,D20,std_ctrl__tvn_efaar_e1.0_c304,0.27270995494169337,0.07641525654967402,0.02083920117051954,370,92,1480,5817,7297
318,morphem,D20,std_ctrl__tvn_efaar_e1.0_c304,0.26310962136952243,0.02113252728691595,0.0055601712530415565,370,80,1480,5657,7137
319,morphem,D20,std_ctrl__tvn_efaar_e1.0_c304,0.26431508369992845,0.009504490210588048,0.0025121801255367305,370,86,1480,5881,7361
320,morphem,D20,std_ctrl__tvn_efaar_e1.0_c304,0.26183159082833446,0.1049312540987799,0.02747431718829573,370,82,1480,5529,7009
321,morphem,D20,std_ctrl__tvn_efaar_e1.0_c304,0.29871788688707734,0.01058235622670043,0.0031611390903262576,370,73,1480,5529,7009
322,morphem,D20,std_ctrl__tvn_efaar_e1.0_c304,0.2685136059876357,-0.017241027541174063,-0.004629450476012788,370,72,1480,5657,7137
323,morphem,D20,std_ctrl__tvn_efaar_e1.0_c304,0.31124749637762616,0.05853063097838901,0.018217512353426307,370,92,1480,5625,7105
324,morphem,D20,std_ctrl__tvn_efaar_e1.0_c304,0.25920277258366403,0.019662558702588054,0.005096589731799875,370,61,1480,5721,7201
325,morphem,D20,std_ctrl__tvn_efaar_e1.0_c304,0.2570116062070488,0.07930697684718513,0.02038281350292028,370,100,1480,5689,7169
326,morphem,D20,std_ctrl__tvn_efaar_e1.0_c304,0.27908972364760287,-0.009240592159899539,-0.002578954312246568,370,46,1480,5663,7143
327,morphem,D20,std_ctrl__tvn_efaar_e1.0_c304,0.26545466693118436,0.08589606983448686,0.022801512608611463,370,79,1480,5497,6977
328,morphem,D20,std_ctrl__tvn_efaar_e1.0_c304,0.24079961706268085,-0.019941212983481504,-0.004801836450187706,370,67,1480,5727,7207
329,morphem,D20,std_ctrl__tvn_efaar_e1.0_c304,0.2920862175711614,-0.053391324608244355,-0.015594870055936162,370,113,1480,5561,7041
330,morphem,D20,std_ctrl__tvn_efaar_e1.0_c304,0.3156334097364011,0.015595261632392766,0.004922385604763401,370,45,1480,5593,7073
331,morphem,D20,std_ctrl__tvn_efaar_e1.0_c304,0.2860206302173931,0.0332659220395377,0.00951473998651124,370,95,1480,5817,7297
332,morphem,D20,std_ctrl__tvn_efaar_e1.0_c304,0.2886083646620814,0.016526442399070865,0.004769669514477928,370,100,1480,5689,7169
333,morphem,D20,std_ctrl__tvn_efaar_e1.0_c304,0.2597746265098409,0.03379674460869598,0.008779536707972477,370,92,1480,5433,6913
334,morphem,D20,std_ctrl__tvn_efaar_e1.0_c304,0.2895641860309259,0.09492146186542828,0.027485855841928312,370,53,1480,5497,6977
335,morphem,D20,std_ctrl__tvn_efaar_e1.0_c304,0.2779032855430903,0.031382458403626474,0.008721288298787162,370,71,1480,5593,7073
336,morphem,D20,std_ctrl__tvn_efaar_e1.0_c304,0.307918125876681,0.02841602760044937,0.008749809963590411,370,53,1480,5593,7073
337,morphem,D20,std_ctrl__tvn_efaar_e1.0_c304,0.2701950822054947,0.0184225001900486,0.004977668953280923,370,95,1480,5593,7073
338,morphem,D20,std_ctrl__tvn_efaar_e1.0_c304,0.3010593648499751,0.00966466887432743,0.0029096390727903396,370,87,1480,5561,7041
339,morphem,D20,std_ctrl__tvn_efaar_e1.0_c304,0.2592319354860482,0.016140466000406275,0.004184124240932075,370,86,1480,5817,7297
340,morphem,D20,std_ctrl__tvn_efaar_e1.0_c304,0.31163574067287625,0.006048726179663783,0.0018849992631269402,370,93,1480,5625,7105
341,morphem,D20,std_ctrl__tvn_efaar_e1.0_c304,0.2891083774699987,0.02472013699317488,0.007146798696932881,370,52,1480,5561,7041
342,morphem,D20,std_ctrl__tvn_efaar_e1.0_c304,0.25823318976720255,0.0692460871700687,0.0178816379688246,370,78,1480,5785,7265
343,morphem,D20,std_ctrl__tvn_efaar_e1.0_c304,0.28014841598808715,-0.023244701625243183,-0.0065119663404275925,370,71,1480,5785,7265
344,morphem,D20,std_ctrl__tvn_efaar_e1.0_c304,0.29158784967114354,0.048694683105832505,0.014198777937247461,370,48,1480,5561,7041
345,morphem,D20,std_ctrl__tvn_efaar_e1.0_c304,0.29348294760515314,-0.00818643254720014,-0.002402578354323059,370,77,1480,5785,7265
346,morphem,D20,std_ctrl__tvn_efaar_e1.0_c304,0.2564060312818767,0.006425916691339318,0.0016476437961742828,370,62,1480,5689,7169
347,morphem,D20,std_ctrl__tvn_efaar_e1.0_c304,0.30284697753739753,-0.005605502259750169,-0.0016976094169443906,370,59,1480,5817,7297
348,morphem,D20,std_ctrl__tvn_efaar_e1.0_c304,0.27905772726100914,-0.011234189592161168,-0.0031349874152077784,370,125,1480,5791,7271
349,morphem,D20,std_ctrl__tvn_efaar_e1.0_c304,0.23846356918786749,-0.01821059779166729,-0.0043425641464456795,370,84,1480,5689,7169
350,morphem,D20,std_ctrl__tvn_efaar_e1.0_c304,0.280096074794756,0.03152560056530287,0.008830196973888675,370,84,1480,5497,6977
351,morphem,D20,std_ctrl__tvn_efaar_e1.0_c304,0.30735881680264554,0.05066164478250079,0.015571303197625364,370,91,1480,5689,7169
352,morphem,D20,std_ctrl__tvn_efaar_e1.0_c304,0.2734177632055216,0.027297741419457965,0.0074636873994709165,370,69,1480,5433,6913
353,morphem,D20,std_ctrl__tvn_efaar_e1.0_c304,0.28974105048700194,0.06357781864742205,0.018421103962576166,370,90,1480,5593,7073
354,morphem,D20,std_ctrl__tvn_efaar_e1.0_c304,0.26685171772118177,0.00766729623798378,0.0020460311713831267,370,67,1480,5625,7105
355,morphem,D20,std_ctrl__tvn_efaar_e1.0_c304,0.28623489196255913,0.03858265151447433,0.011043701087874627,370,67,1480,5561,7041
356,morphem,D20,std_ctrl__tvn_efaar_e1.0_c304,0.30379247520185937,0.030794465435190543,0.009355126877074639,370,63,1480,5881,7361
357,morphem,D20,std_ctrl__tvn_efaar_e1.0_c304,0.258127991851499,0.04598968019489541,0.011871223794601007,370,87,1480,5497,6977
358,morphem,D20,std_ctrl__tvn_efaar_e1.0_c304,0.2619204565645942,0.014275044073609251,0.0037389260612394394,370,70,1480,5561,7041
359,morphem,D20,std_ctrl__tvn_efaar_e1.0_c304,0.28435250095301107,0.010464010081690487,0.0029754674367262115,370,83,1480,5529,7009
360,morphem,D20,std_ctrl__tvn_efaar_e1.0_c304,0.30016399557140727,0.01525345438508774,0.004578537814494139,370,63,1480,5657,7137
361,morphem,D20,std_ctrl__tvn_efaar_e1.0_c304,0.26368220037585577,0.04183816899006857,0.011031980458998177,370,55,1480,5721,7201
362,morphem,D20,std_ctrl__tvn_efaar_e1.0_c304,0.2904640038374638,0.037518630564673194,0.010897811652313622,370,60,1480,5561,7041
363,morphem,D20,std_ctrl__tvn_efaar_e1.0_c304,0.2460670010448104,-0.002320701058108377,-0.0005710479496902467,370,75,1480,5689,7169
364,morphem,D20,std_ctrl__tvn_efaar_e1.0_c304,0.2593119746134071,0.02104585691702172,0.005457442714584135,370,67,1480,5785,7265
365,morphem,D20,std_ctrl__tvn_efaar_e1.0_c304,0.315080592004339,0.033133661167072635,0.010439773575792425,370,62,1480,5753,7233
366,morphem,D20,std_ctrl__tvn_efaar_e1.0_c304,0.23865025241309615,0.13090213770758874,0.031239828205329924,370,83,1480,5660,7140
367,morphem,D20,std_ctrl__tvn_efaar_e1.0_c304,0.2828390025518143,-0.010691842597579916,-0.003024070095740503,370,79,1480,5689,7169
368,morphem,D20,std_ctrl__tvn_efaar_e1.0_c304,0.27897226945638354,0.04482533444456756,0.012505025279142412,370,76,1480,5785,7265
369,morphem,D20,std_ctrl__tvn_efaar_e1.0_c304,0.280948020469527,0.028563682798953403,0.008024910139685437,370,63,1480,5721,7201
370,morphem,D20,std_ctrl__tvn_efaar_e1.0_c304,0.2823389422905222,-0.0016444608386251152,-0.00046429533381560015,370,56,1480,5817,7297
371,morphem,D20,std_ctrl__tvn_efaar_e1.0_c304,0.2949471472579515,0.051851136213417665,0.015293344708231002,370,63,1480,5529,7009
372,morphem,D20,std_ctrl__tvn_efaar_e1.0_c304,0.2970753166650166,0.13047454941603912,0.038760768084495176,370,77,1480,5881,7361
373,morphem,D20,std_ctrl__tvn_efaar_e1.0_c304,0.29172890712467553,0.04287089855651544,0.01250668038334508,370,74,1480,5721,7201
374,morphem,D20,std_ctrl__tvn_efaar_e1.0_c304,0.28258746037324756,-0.01736626943671416,-0.004907489976278603,370,69,1480,5563,7043
375,morphem,D20,std_ctrl__tvn_efaar_e1.0_c304,0.2670544219078298,0.054432595326535264,0.014536465277870713,370,93,1480,5273,6753
376,morphem,D20,std_ctrl__tvn_efaar_e1.0_c304,0.28858339584947934,0.041927483333054,0.01209957551967517,370,86,1480,5593,7073
377,morphem,D20,std_ctrl__tvn_efaar_e1.0_c304,0.2785318375573254,0.09251044383868177,0.02576710391563179,370,79,1480,5817,7297
378,morphem,D20,std_ctrl__tvn_efaar_e1.0_c304,0.2950134806735778,0.012889412345270532,0.003802550399815243,370,97,1480,5465,6945
379,morphem,D20,std_ctrl__tvn_efaar_e1.0_c304,0.26574632674214915,-0.00847938792260261,-0.0022533661934533867,370,60,1480,5625,7105
380,morphem,D20,std_ctrl__tvn_efaar_e1.0_c304,0.27985484207087385,0.03422685433561461,0.00957855091467623,370,58,1480,5689,7169
381,morphem,D20,std_ctrl__tvn_efaar_e1.0_c304,0.24463657631228758,0.039801585848650026,0.009736923693813338,370,87,1480,5369,6849
382,morphem,D20,std_ctrl__tvn_efaar_e1.0_c304,0.2707672126115109,-0.002824603536442812,-0.0007648100262952364,370,65,1480,5753,7233
383,morphem,D20,std_ctrl__tvn_efaar_e1.0_c304,0.29361056546517583,-0.009988439041163016,-0.0029327112349903117,370,84,1480,6009,7489
384,morphem,D20,std_ctrl__tvn_efaar_e1.0_c304,0.27132737846230104,0.03501039154574992,0.009499277757047033,370,65,1480,5561,7041
385,morphem,D20,std_ctrl__tvn_efaar_e1.0_c304,0.3120342612472174,-0.0044688698713564136,-0.001394440508918646,370,97,1480,5561,7041
386,morphem,D20,std_ctrl__tvn_efaar_e1.0_c304,0.26733282250297524,0.020027978230878096,0.0053541359494887865,370,59,1480,5753,7233
387,morphem,D20,std_ctrl__tvn_efaar_e1.0_c304,0.289823635452469,0.013383592178114941,0.0038788813404745,370,49,1480,5721,7201
388,morphem,D20,std_ctrl__tvn_efaar_e1.0_c304,0.2821860074306863,-0.00928098419801325,-0.0026189638758646492,370,49,1480,5657,7137
389,morphem,D20,std_ctrl__tvn_efaar_e1.0_c304,0.2678812195445534,0.08676680287397466,0.023243196969862195,370,59,1480,5721,7201
390,morphem,D20,std_ctrl__tvn_efaar_e1.0_c304,0.29769712186248654,0.019001521534023697,0.005656698271686915,370,73,1480,5753,7233
391,morphem,D20,std_ctrl__tvn_efaar_e1.0_c304,0.26984637739308853,-0.01945950810432637,-0.005251077767803918,370,83,1480,5657,7137
392,morphem,D20,std_ctrl__tvn_efaar_e1.0_c304,0.2753489726176269,0.013313364133845082,0.003665821136338606,370,57,1480,5945,7425
393,morphem,D20,std_ctrl__tvn_efaar_e1.0_c304,0.27215594299197376,-0.016371112281598713,-0.004455495500825981,370,39,1480,5791,7271
394,morphem,D20,std_ctrl__tvn_efaar_e1.0_c304,0.26820297908722734,-0.02098862752549423,-0.005629212429289734,370,90,1480,5625,7105
395,morphem,D20,std_ctrl__tvn_efaar_e1.0_c304,0.2896128259252334,0.06298514370702123,0.018241305460297348,370,47,1480,5689,7169
396,morphem,D20,std_ctrl__tvn_efaar_e1.0_c304,0.2817796006189622,0.03331889783203115,0.009388585724173743,370,81,1480,5657,7137
397,morphem,D20,std_ctrl__tvn_efaar_e1.0_c304,0.2503835945473658,0.04778677311187991,0.011965024023571903,370,73,1480,5625,7105
398,morphem,D20,std_ctrl__tvn_efaar_e1.0_c304,0.2702004395094767,0.019274670765291733,0.005208024512182288,370,87,1480,5913,7393
399,morphem,D20,std_ctrl__tvn_efaar_e1.0_c304,0.2964902451210042,-0.014928247964376012,-0.0044260798981849755,370,59,1480,5625,7105
400,morphem,D20,std_ctrl__tvn_efaar_e1.0_c304,0.26205175286673443,0.03556281369069856,0.009319297664520658,370,49,1480,5497,6977
401,morphem,D20,std_ctrl__tvn_efaar_e1.0_c304,0.29851778819427127,0.11981012313541016,0.03576545296166593,370,82,1480,5497,6977
402,morphem,D20,std_ctrl__tvn_efaar_e1.0_c304,0.24807108740853676,-0.0048914825490880744,-0.00121343539499216,370,64,1480,5657,7137
403,morphem,D20,std_ctrl__tvn_efaar_e1.0_c304,0.2544033235764397,0.014517411460170392,0.003693277725194042,370,81,1480,5785,7265
404,morphem,D20,std_ctrl__tvn_efaar_e1.0_c304,0.2897393913300137,0.0279201512722323,0.008089567635458494,370,49,1480,5817,7297
405,morphem,D20,std_ctrl__tvn_efaar_e1.0_c304,0.2629812149754583,0.019906539174277448,0.005235045858008039,370,73,1480,5817,7297
406,morphem,D20,std_ctrl__tvn_efaar_e1.0_c304,0.2891064962322955,0.04969965729957007,0.014368493785824533,370,85,1480,5529,7009
407,morphem,D20,std_ctrl__tvn_efaar_e1.0_c304,0.23423229990224292,-0.011773944516516175,-0.002757838103024985,370,82,1480,5785,7265
408,morphem,D20,std_ctrl__tvn_efaar_e1.0_c304,0.29919476006915224,0.03359102353531666,0.010050258227126314,370,78,1480,5433,6913
409,morphem,D20,std_ctrl__tvn_efaar_e1.0_c304,0.2513370584451467,0.05454196626757061,0.013708417363505613,370,50,1480,5689,7169
410,morphem,D20,std_ctrl__tvn_efaar_e1.0_c304,0.2885320566920314,0.0460038635000047,0.013273589351435832,370,82,1480,5561,7041
411,morphem,D20,std_ctrl__tvn_efaar_e1.0_c304,0.2643198831380943,0.0135147560178563,0.003572218731279634,370,94,1480,5657,7137
412,morphem,D20,std_ctrl__tvn_efaar_e1.0_c304,0.2676951778257178,-0.014187367293725554,-0.0037978898105726347,370,64,1480,5753,7233
413,morphem,D20,std_ctrl__tvn_efaar_e1.0_c304,0.30193248503193965,0.0013716005411150564,0.00041413075985002206,370,74,1480,5721,7201
414,morphem,D20,std_ctrl__tvn_efaar_e1.0_c304,0.28292599452360145,-0.011490934719714388,-0.003251084133580975,370,80,1480,5945,7425
415,morphem,D20,std_ctrl__tvn_efaar_e1.0_c304,0.2967787633677994,0.06327302209410583,0.018778089251632178,370,82,1480,5785,7265
416,morphem,D20,std_ctrl__tvn_efaar_e1.0_c304,0.3166511425150737,0.07481017717804778,0.02368872807518392,370,64,1480,5701,7181
417,morphem,D20,std_ctrl__tvn_efaar_e1.0_c304,0.27665451282174097,0.08700886449370812,0.024071395017679697,370,71,1480,5625,7105
418,morphem,D20,std_ctrl__tvn_efaar_e1.0_c304,0.2614859012019781,0.019352892491266833,0.005060508533943903,370,74,1480,5817,7297
419,morphem,D20,std_ctrl__tvn_efaar_e1.0_c304,0.2846973796181414,0.1496078306895696,0.04259295736767502,370,60,1480,5625,7105
420,morphem,D20,std_ctrl__tvn_efaar_e1.0_c304,0.26292814012050764,0.04382001654242421,0.011521515449549475,370,70,1480,5497,6977
421,morphem,D20,std_ctrl__tvn_efaar_e1.0_c304,0.290869667432124,0.052728893329150976,0.015337235666714086,370,63,1480,5657,7137
422,morphem,D20,std_ctrl__tvn_efaar_e1.0_c304,0.2805527547520191,0.03821396567521869,0.010721033340181704,370,64,1480,5721,7201
423,morphem,D20,std_ctrl__tvn_efaar_e1.0_c304,0.24206051104293874,0.0009974491011920355,0.00024144303917386403,370,74,1480,5689,7169
424,morphem,D20,std_ctrl__tvn_efaar_e1.0_c304,0.27808828041927597,0.05015375318981774,0.013947170981129192,370,56,1480,5689,7169
425,morphem,D20,std_ctrl__tvn_efaar_e1.0_c304,0.2881768130857238,0.02239152471096164,0.006452718231335158,370,66,1480,5721,7201
426,morphem,D20,std_ctrl__tvn_efaar_e1.0_c304,0.3273737313727017,0.01718194112986658,0.005624916179910516,370,46,1480,5625,7105
427,morphem,D20,std_ctrl__tvn_efaar_e1.0_c304,0.284230178335368,-0.010795896220712824,-0.0030685195081033316,370,47,1480,5849,7329
428,morphem,D20,std_ctrl__tvn_efaar_e1.0_c304,0.2846728252213877,-0.006896457709545305,-0.0019632341001960827,370,88,1480,5689,7169
429,morphem,D20,std_ctrl__tvn_efaar_e1.0_c304,0.29835122435570594,0.06904586911862559,0.020599919588245773,370,59,1480,5625,7105
430,morphem,D20,std_ctrl__tvn_efaar_e1.0_c304,0.28925288441859964,0.03837045484248747,0.011098764739643125,370,56,1480,5625,7105
431,morphem,D20,std_ctrl__tvn_efaar_e1.0_c304,0.2844596306933585,0.04147550490220829,0.01179810680730275,370,78,1480,5817,7297
432,morphem,D20,std_ctrl__tvn_efaar_e1.0_c304,0.2423301261188887,0.0028894170741568313,0.0007001928039904954,370,74,1480,5727,7207
433,morphem,D20,std_ctrl__tvn_efaar_e1.0_c304,0.28930014599508264,-0.05391538814834076,-0.015597729662696529,370,51,1480,5657,7137
434,morphem,D20,std_ctrl__tvn_efaar_e1.0_c304,0.26392700461130236,0.016716504750792706,0.004411937026447325,370,81,1480,5945,7425
435,morphem,D20,std_ctrl__tvn_efaar_e1.0_c304,0.2743252743643217,0.010671847685501773,0.0029275575442995255,370,89,1480,5881,7361
436,morphem,D20,std_ctrl__tvn_efaar_e1.0_c304,0.2682758113339167,-0.03064304863147678,-0.0082207887333541,370,69,1480,5689,7169
437,morphem,D20,std_ctrl__tvn_efaar_e1.0_c304,0.2633219463409561,-0.028561273465755568,-0.007520810118979062,370,41,1480,5721,7201
438,morphem,D20,std_ctrl__tvn_efaar_e1.0_c304,0.2812681146639415,-0.012733448003207104,-0.003581512913033393,370,77,1480,5753,7233
439,morphem,D20,std_ctrl__tvn_efaar_e1.0_c304,0.26506238598260634,0.0650823293746355,0.017250877509346754,370,45,1480,5689,7169
440,morphem,D20,std_ctrl__tvn_efaar_e1.0_c304,0.3010306132002557,0.011986677267320221,0.0036083568080149714,370,65,1480,5721,7201
441,morphem,D20,std_ctrl__tvn_efaar_e1.0_c304,0.27116529396131056,0.03377703480714012,0.00915915957261957,370,74,1480,5657,7137
442,morphem,D20,std_ctrl__tvn_efaar_e1.0_c304,0.25687246699912486,0.1316601146239725,0.03381985844884738,370,63,1480,5721,7201
443,morphem,D20,std_ctrl__tvn_efaar_e1.0_c304,0.32831050112622984,0.14794113624931163,0.04857062857919535,370,57,1480,5657,7137
444,morphem,D20,std_ctrl__tvn_efaar_e1.0_c304,0.2613033858773973,0.007769603412915968,0.0020302236787195244,370,75,1480,5785,7265
445,morphem,D20,std_ctrl__tvn_efaar_e1.0_c304,0.2685223202237265,0.13391523122703125,0.03595922860237927,370,101,1480,5785,7265
446,morphem,D20,std_ctrl__tvn_efaar_e1.0_c304,0.24241475432800044,0.08446340757651198,0.020475176197365923,370,84,1480,5785,7265
447,morphem,D20,std_ctrl__tvn_efaar_e1.0_c304,0.3034431495030912,0.047371479579197275,0.01437455096013299,370,73,1480,5561,7041
448,morphem,D20,std_ctrl__tvn_efaar_e1.0_c304,0.2938253920224176,-0.018197690444657823,-0.005346943528804188,370,66,1480,5529,7009
449,morphem,D20,std_ctrl__tvn_efaar_e1.0_c304,0.2692295695918133,0.003912142484357603,0.0010532644372454446,370,94,1480,5913,7393
450,morphem,D20,std_ctrl__tvn_efaar_e1.0_c304,0.2920137383805404,0.04108166485131341,0.011996410532128477,370,76,1480,5625,7105
451,morphem,D20,std_ctrl__tvn_efaar_e1.0_c304,0.26991637626901277,0.0707521012888419,0.019097150793302355,370,69,1480,5657,7137
452,morphem,D20,std_ctrl__tvn_efaar_e1.0_c304,0.25378464654715366,0.0008405351249269526,0.0002133149095900543,370,67,1480,5817,7297
453,morphem,D20,std_ctrl__tvn_efaar_e1.0_c304,0.2834004249284943,0.03430794640024003,0.00972288658825203,370,77,1480,5753,7233
454,morphem,D20,std_ctrl__tvn_efaar_e1.0_c304,0.2736002472943451,0.04363415587230038,0.011938315837141385,370,66,1480,5689,7169
455,morphem,D20,std_ctrl__tvn_efaar_e1.0_c304,0.2867168759058482,0.09724779173060055,0.02788258303374037,370,66,1480,5817,7297
456,morphem,D20,std_ctrl__tvn_efaar_e1.0_c304,0.2759389806252661,0.0010523838928703888,0.00029039373862510434,370,87,1480,5881,7361
457,morphem,D20,std_ctrl__tvn_efaar_e1.0_c304,0.2715412254670716,0.05069625339846648,0.01376612277440878,370,74,1480,5625,7105
458,morphem,D20,std_ctrl__tvn_efaar_e1.0_c304,0.2658306258205847,-0.028549647277738822,-0.007589370602798263,370,124,1480,5465,6945
459,morphem,D20,std_ctrl__tvn_efaar_e1.0_c304,0.27374619346485507,-0.0330450325791895,-0.009045951881475247,370,84,1480,5689,7169
460,morphem,D20,std_ctrl__tvn_efaar_e1.0_c304,0.2622841491298027,0.013963210676127916,0.0036623288313083874,370,75,1480,5657,7137
461,morphem,D20,std_ctrl__tvn_efaar_e1.0_c304,0.27298920844004554,-0.013920007693763673,-0.003800011881799889,370,64,1480,5529,7009
462,morphem,D20,std_ctrl__tvn_efaar_e1.0_c304,0.277380239021452,0.09728881277650529,0.026985994142060328,370,86,1480,5785,7265
463,morphem,D20,std_ctrl__tvn_efaar_e1.0_c304,0.2741691496690585,0.12290991274644625,0.03369810626359134,370,56,1480,5689,7169
464,morphem,D20,std_ctrl__tvn_efaar_e1.0_c304,0.30139100140083164,0.0029287136473790556,0.0008826879389998557,370,51,1480,5561,7041
465,morphem,D20,std_ctrl__tvn_efaar_e1.0_c304,0.29675005381429215,0.03944616583219413,0.0117056518334711,370,70,1480,5721,7201
466,morphem,D20,std_ctrl__tvn_efaar_e1.0_c304,0.26681923243190137,0.04512667280865539,0.012040664201010987,370,88,1480,5657,7137
467,morphem,D20,std_ctrl__tvn_efaar_e1.0_c304,0.2802897904997303,0.0582711953153332,0.01633282112710361,370,95,1480,5785,7265
468,morphem,D20,std_ctrl__tvn_efaar_e1.0_c304,0.26754977612879155,-0.013371579501135177,-0.0035775631020170547,370,73,1480,5657,7137
469,morphem,D20,std_ctrl__tvn_efaar_e1.0_c304,0.2842884042839393,0.03663690304951417,0.010415446705851773,370,68,1480,5817,7297
470,morphem,D20,std_ctrl__tvn_efaar_e1.0_c304,0.26717054764695286,0.012766950048827327,0.0034109530363264882,370,79,1480,5561,7041
471,morphem,D20,std_ctrl__tvn_efaar_e1.0_c304,0.24802194331034433,-0.034986289261885864,-0.008677367451950765,370,72,1480,5881,7361
472,morphem,D20,std_ctrl__tvn_efaar_e1.0_c304,0.2846334073700864,-0.028392661231188273,-0.00808149991053767,370,100,1480,5753,7233
473,morphem,D20,std_ctrl__tvn_efaar_e1.0_c304,0.25081444263296077,0.027313102721284354,0.006850520635615739,370,82,1480,5721,7201
474,morphem,D20,std_ctrl__tvn_efaar_e1.0_c304,0.28630142898542865,0.021141532582432464,0.006052850989292414,370,65,1480,5881,7361
475,morphem,D20,std_ctrl__tvn_efaar_e1.0_c304,0.2543682961913731,-0.00743756132609896,-0.0018918798023386419,370,90,1480,5337,6817
476,morphem,D20,std_ctrl__tvn_efaar_e1.0_c304,0.2628026912471022,0.04081519660012187,0.010726343510291603,370,95,1480,5657,7137
477,morphem,D20,std_ctrl__tvn_efaar_e1.0_c304,0.26918120484159713,0.01584659692792213,0.004265606053697231,370,80,1480,5660,7140
478,morphem,D20,std_ctrl__tvn_efaar_e1.0_c304,0.27139820783248275,0.05637570188104893,0.015300264455815006,370,50,1480,5817,7297
479,morphem,D20,std_ctrl__tvn_efaar_e1.0_c304,0.2811439759135183,0.05752853724478915,0.016173801689488943,370,53,1480,5753,7233
480,morphem,D20,std_ctrl__tvn_efaar_e1.0_c304,0.278833976870441,0.014097450677899566,0.00393084823625363,370,63,1480,5721,7201
481,morphem,D20,std_ctrl__tvn_efaar_e1.0_c304,0.2676701763350278,0.008049943407629533,0.002154729771407192,370,83,1480,5689,7169
482,morphem,D20,std_ctrl__tvn_efaar_e1.0_c304,0.29397383209250255,-0.03574766635346341,-0.010508878466291855,370,68,1480,5785,7265
483,morphem,D20,std_ctrl__tvn_efaar_e1.0_c304,0.3012557373411101,0.03825277840035133,0.01152386896234393,370,61,1480,5753,7233
484,morphem,D20,std_ctrl__tvn_efaar_e1.0_c304,0.30571662836226965,0.07476405664699542,0.022856615320805178,370,49,1480,5561,7041
485,morphem,D20,std_ctrl__tvn_efaar_e1.0_c304,0.2623122637445805,-0.014052019867841492,-0.0036860171417173225,370,75,1480,5433,6913
486,morphem,D20,std_ctrl__tvn_efaar_e1.0_c304,0.29814226493253215,0.01863245780194587,0.005555123170331971,370,84,1480,5657,7137
487,morphem,D20,std_ctrl__tvn_efaar_e1.0_c304,0.2615173795921054,-0.0015236565724511902,-0.00039846267422572417,370,40,1480,5529,7009
488,morphem,D20,std_ctrl__tvn_efaar_e1.0_c304,0.2591114972810326,0.05929636292540567,0.015364369380921374,370,77,1480,5625,7105
489,morphem,D20,std_ctrl__tvn_efaar_e1.0_c304,0.2927383685826863,0.10464759092776924,0.03063436504430349,370,57,1480,5849,7329
490,morphem,D20,std_ctrl__tvn_efaar_e1.0_c304,0.3187013006441061,0.027258609169438827,0.008687354196049511,370,68,1480,5913,7393
491,morphem,D20,std_ctrl__tvn_efaar_e1.0_c304,0.2939416698976258,-0.013214491305390406,-0.0038842896411541133,370,75,1480,5913,7393
492,morphem,D20,std_ctrl__tvn_efaar_e1.0_c304,0.2568510266250003,0.0006103172796313011,0.00015676061984027707,370,85,1480,5561,7041
493,morphem,D20,std_ctrl__tvn_efaar_e1.0_c304,0.269070979378396,-0.010136335963420605,-0.0027273938449860397,370,112,1480,5529,7009
494,morphem,D20,std_ctrl__tvn_efaar_e1.0_c304,0.2887899362828433,-0.0001567550208158889,-4.526927247343633e-05,370,68,1480,5689,7169
495,morphem,D20,std_ctrl__tvn_efaar_e1.0_c304,0.29526240103526463,0.02672567072379653,0.007891085707186041,370,65,1480,5369,6849
496,morphem,D20,std_ctrl__tvn_efaar_e1.0_c304,0.2731984227138253,0.025950159813986046,0.007089542730352681,370,81,1480,5657,7137
497,morphem,D20,std_ctrl__tvn_efaar_e1.0_c304,0.2797767248865259,0.06647912836272683,0.018599312806634665,370,98,1480,5753,7233
498,morphem,D20,std_ctrl__tvn_efaar_e1.0_c304,0.2813460453545399,0.02160397048246911,0.006078191659198895,370,84,1480,5945,7425
499,morphem,D20,std_ctrl__tvn_efaar_e1.0_c304,0.28646662090885333,0.04391746578566262,0.01258088802249895,370,65,1480,5817,7297
500,morphem,D20,std_ctrl__tvn_efaar_e1.0_c304,0.2737942502194972,-0.02474127277774845,-0.006774018229659695,370,72,1480,5753,7233
501,morphem,D20,std_ctrl__tvn_efaar_e1.0_c304,0.2856573049204331,0.021988414527397904,0.006281151233369785,370,83,1480,5593,7073
502,morphem,D20,std_ctrl__tvn_efaar_e1.0_c304,0.2945122371123401,0.0352064621946901,0.010368733941769208,370,84,1480,5817,7297
503,morphem,D20,std_ctrl__tvn_efaar_e1.0_c304,0.27662423770361233,0.016085500951922488,0.004449639438906289,370,83,1480,5785,7265
504,morphem,D20,std_ctrl__tvn_efaar_e1.0_c304,0.28970290253781794,0.006303781168707428,0.00182622370153778,370,71,1480,5721,7201
505,morphem,D20,std_ctrl__tvn_efaar_e1.0_c304,0.2625437414817922,0.043776020622191665,0.011493120241334294,370,62,1480,5625,7105
506,morphem,D20,std_ctrl__tvn_efaar_e1.0_c304,0.290297050275254,0.026101982866825555,0.007577328632574676,370,88,1480,5657,7137
507,morphem,D20,std_ctrl__tvn_efaar_e1.0_c304,0.2947873277656292,-0.03255693862323383,-0.009597372936972706,370,83,1480,5657,7137
508,morphem,D20,std_ctrl__tvn_efaar_e1.0_c304,0.27383953261816685,-0.024076894677582367,-0.0065932055854059845,370,81,1480,5881,7361
509,morphem,D20,std_ctrl__tvn_efaar_e1.0_c304,0.296288540369765,0.008678185145506227,0.0025712468098206165,370,61,1480,5593,7073
510,morphem,D20,std_ctrl__tvn_efaar_e1.0_c304,0.26091368371730994,-0.006526471921821347,-0.001702845830799999,370,79,1480,5433,6913
511,morphem,D20,std_ctrl__tvn_efaar_e1.0_c304,0.28081865207819945,-0.030601423210076438,-0.008593450417528193,370,73,1480,5593,7073
512,morphem,D20,std_ctrl__tvn_efaar_e1.0_c304,0.2866333427097472,0.025639569157825247,0.007349155413345189,370,71,1480,5753,7233
513,morphem,D20,std_ctrl__tvn_efaar_e1.0_c304,0.2928868858283026,0.012133371188329618,0.003553705301948713,370,73,1480,5497,6977
514,morphem,D20,std_ctrl__tvn_efaar_e1.0_c304,0.30412918994145505,0.08121634549284468,0.024700261364744194,370,61,1480,5945,7425
515,morphem,D20,std_ctrl__tvn_efaar_e1.0_c304,0.3164652700521044,-0.0035117809711096857,-0.001111356713386068,370,61,1480,5497,6977
516,morphem,D20,std_ctrl__tvn_efaar_e1.0_c304,0.2813297541898918,-0.01747162378338081,-0.004915287624276791,370,47,1480,5657,7137
517,morphem,D20,std_ctrl__tvn_efaar_e1.0_c304,0.2717901741049858,0.040304815010145933,0.010954452688876808,370,82,1480,5753,7233
518,morphem,D20,std_ctrl__tvn_efaar_e1.0_c304,0.28524147332102184,0.0014588710489012262,0.00041613052737397025,370,72,1480,5785,7265
519,morphem,D20,std_ctrl__tvn_efaar_e1.0_c304,0.27659448315390195,0.02777068979794969,0.007681219591491232,370,86,1480,5881,7361
520,morphem,D20,std_ctrl__tvn_efaar_e1.0_c304,0.2625783449691582,-0.011130448000845965,-0.002922614614827409,370,75,1480,5753,7233
521,morphem,D20,std_ctrl__tvn_efaar_e1.0_c304,0.2836021082852683,0.03098957467173399,0.00878870871176751,370,66,1480,5849,7329
522,morphem,D20,std_ctrl__tvn_efaar_e1.0_c304,0.2652868591847967,0.00972767308428415,0.0025806238397062266,370,87,1480,5529,7009
523,morphem,D20,std_ctrl__tvn_efaar_e1.0_c304,0.2764296646472346,0.004967343399043729,0.0013731210699853126,370,63,1480,5433,6913
524,morphem,D20,std_ctrl__tvn_efaar_e1.0_c304,0.27109084981471593,0.060060603789689276,0.016281880121731814,370,84,1480,5817,7297
525,morphem,D20,std_ctrl__tvn_efaar_e1.0_c304,0.2975051425447652,-0.007338666636352802,-0.0021832910637366526,370,69,1480,5657,7137
526,morphem,D20,std_ctrl__tvn_efaar_e1.0_c304,0.28487329771746345,-0.008649207368441512,-0.0024639282256901174,370,55,1480,5913,7393
527,morphem,D20,std_ctrl__tvn_efaar_e1.0_c304,0.28597212967907837,-0.01770948070062765,-0.005064417911469026,370,51,1480,5721,7201
528,morphem,D20,std_ctrl__tvn_efaar_e1.0_c304,0.26491013049690976,0.017650092180207386,0.0046756882227412255,370,88,1480,5913,7393
529,morphem,D20,std_ctrl__tvn_efaar_e1.0_c304,0.2669426973105155,0.06564130190532773,0.017522466185582064,370,56,1480,5401,6881
530,morphem,D20,std_ctrl__tvn_efaar_e1.0_c304,0.2784940716097596,-0.009994994741486948,-0.0027835467812748365,370,80,1480,5657,7137
531,morphem,D20,std_ctrl__tvn_efaar_e1.0_c304,0.2750708839516215,-0.010822788573910717,-0.00297703401984713,370,64,1480,5689,7169
532,morphem,D20,std_ctrl__tvn_efaar_e1.0_c304,0.29493392108096106,-0.004730020130893631,-0.0013950433839963392,370,61,1480,5657,7137
533,morphem,D20,std_ctrl__tvn_efaar_e1.0_c304,0.27723229367586927,-0.017640293066763697,-0.004890458908013434,370,61,1480,5689,7169
534,morphem,D20,std_ctrl__tvn_efaar_e1.0_c304,0.2728266391354337,0.014829524484623758,0.004045889325116524,370,74,1480,5689,7169
535,morphem,D20,std_ctrl__tvn_efaar_e1.0_c304,0.23415620213531047,0.0031565285255573516,0.0007391207314762807,370,89,1480,5433,6913
536,morphem,D20,std_ctrl__tvn_efaar_e1.0_c304,0.27830251496174746,0.01665699365400125,0.004635683225610416,370,90,1480,5593,7073
537,morphem,D20,std_ctrl__tvn_efaar_e1.0_c304,0.27525160173312646,-0.015486123650818398,-0.004262580339525016,370,96,1480,5785,7265
538,morphem,D20,std_ctrl__tvn_efaar_e1.0_c304,0.26703047649725226,0.0067307331251775845,0.0017973108735920102,370,92,1480,5561,7041
539,morphem,D20,std_ctrl__tvn_efaar_e1.0_c304,0.29411804136218267,-0.011078862701971087,-0.0032584933984242752,370,68,1480,5721,7201
540,morphem,D20,std_ctrl__tvn_efaar_e1.0_c304,0.27884727539986637,0.06530266457005655,0.018209470091711658,370,53,1480,5785,7265
541,morphem,D20,std_ctrl__tvn_efaar_e1.0_c304,0.265295955575376,-0.004410238013590055,-0.0011700183081302217,370,63,1480,5849,7329
542,morphem,D20,std_ctrl__tvn_efaar_e1.0_c304,0.27370432161088304,0.05716339466091558,0.015645868156641072,370,72,1480,5593,7073
543,morphem,D20,std_ctrl__tvn_efaar_e1.0_c304,0.26995176991599823,-0.015613786263974427,-0.004214969237049998,370,64,1480,5433,6913
544,morphem,D20,std_ctrl__tvn_efaar_e1.0_c304,0.2816300742674232,0.019971654331502338,0.005624618492624307,370,50,1480,5817,7297
545,morphem,D20,std_ctrl__tvn_efaar_e1.0_c304,0.29522620208414757,0.036385609744803205,0.0107419853754742,370,53,1480,5753,7233
546,morphem,D20,std_ctrl__tvn_efaar_e1.0_c304,0.2563568248670417,0.021958215230686858,0.005629138336285999,370,85,1480,5785,7265
547,morphem,D20,std_ctrl__tvn_efaar_e1.0_c304,0.2962312350884532,0.029778152282311808,0.00882121882924127,370,79,1480,5785,7265
548,morphem,D20,std_ctrl__tvn_efaar_e1.0_c304,0.24953397501698726,0.06957140344447087,0.017360428849009336,370,84,1480,5786,7266
549,morphem,D20,std_ctrl__tvn_efaar_e1.0_c304,0.2609947387173483,0.01590388471394324,0.004150830235506446,370,82,1480,5881,7361
550,morphem,D20,std_ctrl__tvn_efaar_e1.0_c304,0.2853015697565056,-0.035398231039694764,-0.010099170882228378,370,77,1480,5561,7041
551,morphem,D20,std_ctrl__tvn_efaar_e1.0_c304,0.2671449143510466,-0.043734833965120144,-0.011683538473769264,370,56,1480,5529,7009
552,morphem,D20,std_ctrl__tvn_efaar_e1.0_c304,0.2737526886719884,0.024579948397241,0.0067288269611634555,370,78,1480,5785,7265
553,morphem,D20,std_ctrl__tvn_efaar_e1.0_c304,0.2700998330461187,0.032441306524576254,0.008762391476086007,370,89,1480,5753,7233
554,morphem,D20,std_ctrl__tvn_efaar_e1.0_c304,0.30681227360916147,0.036378903638967695,0.011161494136880277,370,47,1480,5657,7137
555,morphem,D20,std_ctrl__tvn_efaar_e1.0_c304,0.2716218602367176,-0.004663982571799464,-0.0012668396222638007,370,53,1480,5593,7073
556,morphem,D20,std_ctrl__tvn_efaar_e1.0_c304,0.2942325900266323,0.011095715774626107,0.0032647211905676003,370,71,1480,5561,7041
557,morphem,D20,std_ctrl__tvn_efaar_e1.0_c304,0.2764621711310211,0.05909471932791404,0.01633745440777343,370,60,1480,5465,6945
558,morphem,D20,std_ctrl__tvn_efaar_e1.0_c304,0.3028051794169702,0.0063293026240460884,0.0019165456166585762,370,90,1480,5785,7265
559,morphem,D20,std_ctrl__tvn_efaar_e1.0_c304,0.29184234584739127,0.057861221897899745,0.016886354732279507,370,79,1480,5753,7233
560,morphem,D20,std_ctrl__tvn_efaar_e1.0_c304,0.280554751576296,-0.0023057758041429505,-0.0006468963579219596,370,56,1480,5785,7265
561,morphem,D20,std_ctrl__tvn_efaar_e1.0_c304,0.2606012937908113,0.02447233741801647,0.006377522793220375,370,78,1480,5465,6945
562,morphem,D20,std_ctrl__tvn_efaar_e1.0_c304,0.2821824038429443,-0.06454828505866698,-0.018214390241794255,370,67,1480,5785,7265
563,morphem,D20,std_ctrl__tvn_efaar_e1.0_c304,0.28997046017072964,0.05043291877429186,0.014624056664734441,370,87,1480,5913,7393
564,morphem,D20,std_ctrl__tvn_efaar_e1.0_c304,0.2707601842521349,-0.021103597797328632,-0.0057140140279876486,370,75,1480,5657,7137
565,morphem,D20,std_ctrl__tvn_efaar_e1.0_c304,0.2206798705926406,0.02682916283682654,0.005920656182939763,370,78,1480,5625,7105
566,morphem,D20,std_ctrl__tvn_efaar_e1.0_c304,0.2889251252691922,0.019121283923520263,0.0055246193529108825,370,75,1480,5721,7201
567,morphem,D20,std_ctrl__tvn_efaar_e1.0_c304,0.25532649037463795,0.0376919228971563,0.009623746388802375,370,66,1480,5657,7137
568,morphem,D20,std_ctrl__tvn_efaar_e1.0_c304,0.2632689509278636,0.006600124574164782,0.001737607872633575,370,74,1480,5849,7329
569,morphem,D20,std_ctrl__tvn_efaar_e1.0_c304,0.26786914091950664,-0.00271919201341131,-0.0007283876286276711,370,104,1480,5881,7361
570,morphem,D20,std_ctrl__tvn_efaar_e1.0_c304,0.2706750265713732,-0.018379517695055154,-0.004974876440478078,370,68,1480,5433,6913
571,morphem,D20,std_ctrl__tvn_efaar_e1.0_c304,0.27256412103459265,0.07032090907751633,0.019166956773066745,370,88,1480,5657,7137
572,morphem,D20,std_ctrl__tvn_efaar_e1.0_c304,0.28388349233587606,0.01676392440432097,0.004759001405153257,370,55,1480,5817,7297
573,morphem,D20,std_ctrl__tvn_efaar_e1.0_c304,0.2694226960075602,0.009780367803481505,0.0026350530615595266,370,52,1480,5753,7233
574,morphem,D20,std_ctrl__tvn_efaar_e1.0_c304,0.2771945158909546,-0.0076085612999776215,-0.002109051466173949,370,72,1480,5657,7137
575,morphem,D20,std_ctrl__tvn_efaar_e1.0_c304,0.25070303107600295,-0.017614275699802912,-0.004415952308148973,370,74,1480,5881,7361
576,morphem,D20,std_ctrl__tvn_efaar_e1.0_c304,0.26869813800114517,0.0525041557349693,0.014107768883308398,370,119,1480,5721,7201
577,morphem,D20,std_ctrl__tvn_efaar_e1.0_c304,0.3015244460166532,0.020162664985068777,0.006079536389842234,370,52,1480,5657,7137
578,morphem,D20,std_ctrl__tvn_efaar_e1.0_c304,0.276082723685303,0.05814700419042585,0.016053383291033497,370,57,1480,5785,7265
579,morphem,D20,std_ctrl__tvn_efaar_e1.0_c304,0.27582166361835,-0.004323107958512141,-0.0011924068291185475,370,79,1480,5497,6977
580,morphem,D20,std_ctrl__tvn_efaar_e1.0_c304,0.2920305204286249,0.06667934692080077,0.019472404383122276,370,53,1480,5657,7137
581,morphem,D20,std_ctrl__tvn_efaar_e1.0_c304,0.27766857215893265,0.021049430681149,0.005844765361993072,370,76,1480,5753,7233
582,morphem,D20,std_ctrl__tvn_efaar_e1.0_c304,0.2975777489958577,-0.0025888322016913022,-0.000770378859107288,370,63,1480,5913,7393
583,morphem,D20,std_ctrl__tvn_efaar_e1.0_c304,0.26682846071403904,0.005400818635541184,0.0014410921231171507,370,49,1480,5721,7201
584,morphem,D20,std_ctrl__tvn_efaar_e1.0_c304,0.2826635842531758,0.012223880908773133,0.0034552459911577813,370,86,1480,5945,7425
585,morphem,D20,std_ctrl__tvn_efaar_e1.0_c304,0.29990413667678584,0.03482460553416062,0.01044404325783206,370,59,1480,5785,7265
586,morphem,D20,std_ctrl__tvn_efaar_e1.0_c304,0.2708002653010611,0.03788456478229879,0.01025915019386175,370,57,1480,5721,7201
587,morphem,D20,std_ctrl__tvn_efaar_e1.0_c304,0.2833852141438567,0.016166939659813164,0.004581471657546963,370,76,1480,5785,7265
588,morphem,D20,std_ctrl__tvn_efaar_e1.0_c304,0.2821825581394445,0.060784451917949074,0.017152312137310933,370,96,1480,5817,7297
589,morphem,D20,std_ctrl__tvn_efaar_e1.0_c304,0.2862725074640564,0.061328121322363406,0.017556555069012835,370,67,1480,5849,7329
590,morphem,D20,std_ctrl__tvn_efaar_e1.0_c304,0.29315527359989946,-0.018266619109472693,-0.005354955722782619,370,80,1480,5849,7329
591,morphem,D20,std_ctrl__tvn_efaar_e1.0_c304,0.2750820579756785,0.009436374328439044,0.0025957772700958733,370,85,1480,5785,7265
592,morphem,D20,std_ctrl__tvn_efaar_e1.0_c304,0.27363963615303616,0.005725609153280553,0.001566753605458184,370,56,1480,5817,7297
593,morphem,D20,std_ctrl__tvn_efaar_e1.0_c304,0.2688528159649551,0.0006577905751980329,0.0001768488484571987,370,50,1480,5689,7169
594,morphem,D20,std_ctrl__tvn_efaar_e1.0_c304,0.26251832012433984,-0.0013988046276094967,-0.00036721184102219784,370,75,1480,5657,7137
595,morphem,D20,std_ctrl__tvn_efaar_e1.0_c304,0.3157966263282234,0.01459277704095142,0.0046083497582924135,370,51,1480,5721,7201
596,morphem,D20,std_ctrl__tvn_efaar_e1.0_c304,0.2801974312699346,0.05885387156158394,0.016490703631846477,370,66,1480,5785,7265
597,morphem,D20,std_ctrl__tvn_efaar_e1.0_c304,0.26538578813636704,0.02944246046499225,0.007813610575175796,370,89,1480,5625,7105
598,morphem,D20,std_ctrl__tvn_efaar_e1.0_c304,0.2686443280377037,0.0843738311948407,0.022666551185304622,370,48,1480,5913,7393
599,morphem,D20,std_ctrl__tvn_efaar_e1.0_c304,0.293641927537892,0.04158988527861558,0.012212534079292478,370,63,1480,5721,7201
600,morphem,D20,std_ctrl__tvn_efaar_e1.0_c304,0.29374311869038905,-0.01126159582303517,-0.0033080162784890096,370,77,1480,5849,7329
601,morphem,D20,std_ctrl__tvn_efaar_e1.0_c304,0.28597584868976894,0.06205324731708022,0.017745730065458144,370,45,1480,5785,7265
602,morphem,D20,std_ctrl__tvn_efaar_e1.0_c304,0.292316368064875,0.13476245368414502,0.03939327101246021,370,95,1480,5721,7201
603,morphem,D20,std_ctrl__tvn_efaar_e1.0_c304,0.3109054163831032,0.08735197648270983,0.02715820262024394,370,60,1480,5625,7105
604,morphem,D20,std_ctrl__tvn_efaar_e1.0_c304,0.2687513412203589,-0.0007151173901797601,-0.00019218875774081322,370,66,1480,5369,6849
605,morphem,D20,std_ctrl__tvn_efaar_e1.0_c304,0.2895586292976208,0.018400160695225026,0.005327925309765316,370,44,1480,5689,7169
606,morphem,D20,std_ctrl__tvn_efaar_e1.0_c304,0.2912041186206721,0.06652795577056822,0.019373214723803375,370,92,1480,5561,7041
607,morphem,D20,std_ctrl__tvn_efaar_e1.0_c304,0.27568181472786935,-0.011451734334460437,-0.0031570349031055022,370,96,1480,5721,7201
608,morphem,D20,std_ctrl__tvn_efaar_e1.0_c304,0.26754321091435834,0.08995160575672129,0.02406594143105569,370,103,1480,5689,7169
609,morphem,D20,std_ctrl__tvn_efaar_e1.0_c304,0.27600735134119253,-0.022012062359188747,-0.006075491029316848,370,57,1480,5663,7143
610,morphem,D20,std_ctrl__tvn_efaar_e1.0_c304,0.22876601267211105,0.0005789849585854543,0.00013245208037272174,370,49,1480,5753,7233
611,morphem,D20,std_ctrl__tvn_efaar_e1.0_c304,0.28484098394159085,-0.0022673954424956154,-0.0006458471488251299,370,66,1480,5561,7041
612,morphem,D20,std_ctrl__tvn_efaar_e1.0_c304,0.28272805682354896,0.004203792225997862,0.001188530007346317,370,61,1480,5529,7009
613,morphem,D20,std_ctrl__tvn_efaar_e1.0_c304,0.296434024118873,-0.008076554327229956,-0.002394165500235473,370,69,1480,5721,7201
614,morphem,D20,std_ctrl__tvn_efaar_e1.0_c304,0.27336780593077636,0.03196884053722691,0.00873925179581258,370,84,1480,5593,7073
615,morphem,D20,std_ctrl__tvn_efaar_e1.0_c304,0.27847164399586644,-0.04782182494809189,-0.013317022212177688,370,56,1480,5689,7169
616,morphem,D20,std_ctrl__tvn_efaar_e1.0_c304,0.27757822798114634,-0.021874386279663777,-0.006071853381684172,370,68,1480,5625,7105
617,morphem,D20,std_ctrl__tvn_efaar_e1.0_c304,0.25601725496322303,0.08007009018569457,0.02049932469399923,370,82,1480,5849,7329
618,morphem,D20,std_ctrl__tvn_efaar_e1.0_c304,0.2653435782645748,0.037299939377422896,0.009897299383457106,370,63,1480,5823,7303
619,morphem,D20,std_ctrl__tvn_efaar_e1.0_c304,0.3085776207246782,0.0034318646351779334,0.0010589966237723725,370,58,1480,5593,7073
620,morphem,D20,std_ctrl__tvn_efaar_e1.0_c304,0.274485829883261,0.05369177826646138,0.014737632315377688,370,71,1480,5657,7137
621,morphem,D20,std_ctrl__tvn_efaar_e1.0_c304,0.2939241432127076,0.024552779177005896,0.007216654583092266,370,67,1480,5561,7041
622,morphem,D20,std_ctrl__tvn_efaar_e1.0_c304,0.298916155215262,0.051705786195306955,0.015455694811883525,370,68,1480,5657,7137
623,morphem,D20,std_ctrl__tvn_efaar_e1.0_c304,0.26835588530191157,0.01717054626317046,0.004607817143570538,370,96,1480,5753,7233
624,morphem,D20,std_ctrl__tvn_efaar_e1.0_c304,0.25687149182121777,-0.027847564220754666,-0.0071532453649724185,370,86,1480,5593,7073
625,morphem,D20,std_ctrl__tvn_efaar_e1.0_c304,0.3239961424767899,-0.02070976718558018,-0.0067098846797203834,370,43,1480,5433,6913
626,morphem,D20,std_ctrl__tvn_efaar_e1.0_c304,0.28910725620242816,0.03979878140539839,0.011506116492314946,370,80,1480,5881,7361
627,morphem,D20,std_ctrl__tvn_efaar_e1.0_c304,0.2881714975267762,0.03209554175135324,0.009249020330420632,370,83,1480,5657,7137
628,morphem,D20,std_ctrl__tvn_efaar_e1.0_c304,0.2924761605794113,-0.02020002885869837,-0.0059080268841854066,370,69,1480,5753,7233
629,morphem,D20,std_ctrl__tvn_efaar_e1.0_c304,0.2603584909126414,-0.02559978539838846,-0.006665121494011893,370,61,1480,5529,7009
630,morphem,D20,std_ctrl__tvn_efaar_e1.0_c304,0.2733304745358848,0.027147674527537084,0.007420286761157464,370,72,1480,5593,7073
631,morphem,D20,std_ctrl__tvn_efaar_e1.0_c304,0.2298137632921377,0.021076321343231563,0.004843628724242448,370,75,1480,5561,7041
632,morphem,D20,std_ctrl__tvn_efaar_e1.0_c304,0.2994659914946206,0.04105636229215241,0.012294984240981776,370,74,1480,5657,7137
633,morphem,D20,std_ctrl__tvn_efaar_e1.0_c304,0.2861108762943958,-0.010336102408743431,-0.0029572713176341985,370,75,1480,5625,7105
634,morphem,D20,std_ctrl__tvn_efaar_e1.0_c304,0.26106851098311723,-0.01324169211866136,-0.0034569888443158,370,68,1480,5529,7009
635,morphem,D20,std_ctrl__tvn_efaar_e1.0_c304,0.27263448924394545,0.03783221881977161,0.010314367654893615,370,80,1480,5657,7137
636,morphem,D20,std_ctrl__tvn_efaar_e1.0_c304,0.3132480498868812,0.05789949200608958,0.018136902960348627,370,86,1480,5753,7233
637,morphem,D20,std_ctrl__tvn_efaar_e1.0_c304,0.28292905508846034,0.06797909064533858,0.01923325988205844,370,74,1480,5561,7041
638,morphem,D20,std_ctrl__tvn_efaar_e1.0_c304,0.3051726700408545,0.03126800023187025,0.009542139117597902,370,94,1480,5721,7201
639,morphem,D20,std_ctrl__tvn_efaar_e1.0_c304,0.2867321610237839,0.009886483634924127,0.002834772817568069,370,69,1480,5753,7233
640,morphem,D20,std_ctrl__tvn_efaar_e1.0_c304,0.2613782819759303,0.010012521527223641,0.0026170556750327333,370,99,1480,5689,7169
641,morphem,D20,std_ctrl__tvn_efaar_e1.0_c304,0.2635595886899062,0.011020793294184894,0.002904635747651847,370,74,1480,5849,7329
642,morphem,D20,std_ctrl__tvn_efaar_e1.0_c304,0.2811327889407531,-0.011938365435989189,-0.0033562659704135306,370,63,1480,5497,6977
643,morphem,D20,std_ctrl__tvn_efaar_e1.0_c304,0.29812830472978047,0.018508147131395633,0.0055178025279723295,370,68,1480,5625,7105
644,morphem,D20,std_ctrl__tvn_efaar_e1.0_c304,0.24555459531737445,0.027405236984999987,0.0067294818774284145,370,74,1480,5753,7233
645,morphem,D20,std_ctrl__tvn_efaar_e1.0_c304,0.24821201113505106,0.03744420137467844,0.00929410052855478,370,88,1480,5721,7201
646,morphem,D20,std_ctrl__tvn_efaar_e1.0_c304,0.260372323398056,0.09891146429063069,0.025753807768055362,370,50,1480,5817,7297
647,morphem,D20,std_ctrl__tvn_efaar_e1.0_c304,0.3262391107352953,0.03681097697286717,0.012009180392925619,370,81,1480,5625,7105
648,morphem,D20,std_ctrl__tvn_efaar_e1.0_c304,0.2855092910297991,-0.002370939370291568,-0.0006769252186865839,370,74,1480,5593,7073
649,morphem,D20,std_ctrl__tvn_efaar_e1.0_c304,0.2742434213340421,0.08431524632441516,0.023122901622630133,370,83,1480,5785,7265
650,morphem,D20,std_ctrl__tvn_efaar_e1.0_c304,0.26278909768437225,0.045017137200897894,0.011830012865357545,370,74,1480,5721,7201
651,morphem,D20,std_ctrl__tvn_efaar_e1.0_c304,0.283845349031112,0.05471553085507316,0.015530748952980821,370,104,1480,5881,7361
652,morphem,D20,std_ctrl__tvn_efaar_e1.0_c304,0.25051272288737847,0.014843262661703216,0.0037184261459158297,370,82,1480,5497,6977
653,morphem,D20,std_ctrl__tvn_efaar_e1.0_c304,0.2756444021566998,0.04019065044128706,0.011078327813177472,370,55,1480,5401,6881
654,morphem,D20,std_ctrl__tvn_efaar_e1.0_c304,0.30394232078552147,0.007078930866777886,0.002151586676328734,370,72,1480,5785,7265
655,morphem,D20,std_ctrl__tvn_efaar_e1.0_c304,0.29030383485359074,-0.038142788932116534,-0.011072997899004526,370,77,1480,5657,7137
656,morphem,D20,std_ctrl__tvn_efaar_e1.0_c304,0.2998852297361031,0.019951207083364914,0.005983072319707455,370,56,1480,5625,7105
657,morphem,D20,std_ctrl__tvn_efaar_e1.0_c304,0.2687434643310094,-0.0445953485725469,-0.011984708468435187,370,82,1480,5401,6881
658,morphem,D20,std_ctrl__tvn_efaar_e1.0_c304,0.28537926081178655,0.09128990160693849,0.026052244640168833,370,67,1480,5657,7137
659,morphem,D20,std_ctrl__tvn_efaar_e1.0_c304,0.2731927451605555,0.0033522012097976263,0.0009157970508351487,370,61,1480,5561,7041
660,morphem,D20,std_ctrl__tvn_efaar_e1.0_c304,0.24674119457338548,0.047036994490696586,0.011605964209776228,370,82,1480,5785,7265
661,morphem,D20,std_ctrl__tvn_efaar_e1.0_c304,0.2647956895196312,0.008986903746209566,0.002379693374124119,370,73,1480,5689,7169
662,morphem,D20,std_ctrl__tvn_efaar_e1.0_c304,0.2838781448947416,0.035337302227160604,0.010031487801831173,370,71,1480,5628,7108
663,morphem,D20,std_ctrl__tvn_efaar_e1.0_c304,0.2511511534085343,0.04890615390978089,0.012282836963216769,370,90,1480,5721,7201
664,morphem,D20,std_ctrl__tvn_efaar_e1.0_c304,0.29945355619163305,0.022460154783019912,0.006725773222389829,370,61,1480,5593,7073
665,morphem,D20,std_ctrl__tvn_efaar_e1.0_c304,0.28376716120277945,-0.0009305031760561932,-0.00026404624475963605,370,66,1480,5785,7265
666,morphem,D20,std_ctrl__tvn_efaar_e1.0_c304,0.3268578803667554,0.1509500483274247,0.049339212837561326,370,64,1480,5657,7137
667,morphem,D20,std_ctrl__tvn_efaar_e1.0_c304,0.29085102757877457,-0.0061277217095180156,-0.00178225415593008,370,75,1480,5753,7233
668,morphem,D20,std_ctrl__tvn_efaar_e1.0_c304,0.27382796197833026,-0.024028973756443462,-0.006579804912157696,370,76,1480,5625,7105
669,morphem,D20,std_ctrl__tvn_efaar_e1.0_c304,0.30705494403467704,0.06861346993058187,0.02106810516955981,370,62,1480,5753,7233
670,morphem,D20,std_ctrl__tvn_efaar_e1.0_c304,0.26722603170624476,-0.034381054716641435,-0.00918751281780336,370,65,1480,5721,7201
671,morphem,D20,std_ctrl__tvn_efaar_e1.0_c304,0.2683759218157108,0.04742677641813766,0.012728204839965309,370,81,1480,5817,7297
672,morphem,D20,std_ctrl__tvn_efaar_e1.0_c304,0.27383800303722544,0.01299459761572234,0.0035584146613616965,370,71,1480,5625,7105
673,morphem,D20,std_ctrl__tvn_efaar_e1.0_c304,0.31701102989330143,0.1255931164701296,0.039814403199705146,370,46,1480,5657,7137
674,morphem,D20,std_ctrl__tvn_efaar_e1.0_c304,0.2590544016259652,0.005064642670875387,0.0013120179765529537,370,67,1480,5753,7233
675,morphem,D20,std_ctrl__tvn_efaar_e1.0_c304,0.304736252913645,0.13835813541690595,0.042162739747066594,370,76,1480,5497,6977
676,morphem,D20,std_ctrl__tvn_efaar_e1.0_c304,0.305736027896801,0.039421612591329216,0.01205260724695951,370,80,1480,5593,7073
677,morphem,D20,std_ctrl__tvn_efaar_e1.0_c304,0.24133188223166246,0.022825581436062004,0.005508540530996937,370,110,1480,5657,7137
678,morphem,D20,std_ctrl__tvn_efaar_e1.0_c304,0.25766609692481834,0.040917352655991696,0.010543014555365729,370,79,1480,5913,7393
679,morphem,D20,std_ctrl__tvn_efaar_e1.0_c304,0.2842499719172736,-0.07107447104878516,-0.020202916399652254,370,86,1480,5785,7265
680,morphem,D20,std_ctrl__tvn_efaar_e1.0_c304,0.2970923000785005,0.055260514811909675,0.016417473448992293,370,79,1480,5625,7105
681,morphem,D20,std_ctrl__tvn_efaar_e1.0_c304,0.3029495436274387,0.04043533768615042,0.012249867098440644,370,78,1480,5561,7041
682,morphem,D20,std_ctrl__tvn_efaar_e1.0_c304,0.27627190032720655,0.027142271402156304,0.007498646899470515,370,71,1480,5657,7137
683,morphem,D20,std_ctrl__tvn_efaar_e1.0_c304,0.31012675578712345,0.043261173229379606,0.013416447305172252,370,75,1480,5433,6913
684,morphem,D20,std_ctrl__tvn_efaar_e1.0_c304,0.2793805812992037,0.0770749768857102,0.021533251845952405,370,86,1480,5721,7201
685,morphem,D20,std_ctrl__tvn_efaar_e1.0_c304,0.2870067558449271,-0.02424097294978489,-0.0069573230048423935,370,80,1480,5625,7105
686,morphem,D20,std_ctrl__tvn_efaar_e1.0_c304,0.267739739469424,-0.007093750735529878,-0.0018992789737918043,370,93,1480,5369,6849
687,morphem,D20,std_ctrl__tvn_efaar_e1.0_c304,0.26396377598710186,0.012580703332112602,0.003320849956117957,370,49,1480,5497,6977
688,morphem,D20,std_ctrl__tvn_efaar_e1.0_c304,0.28639030556141326,0.005154501400649303,0.0014761992311486867,370,59,1480,5721,7201
689,morphem,D20,std_ctrl__tvn_efaar_e1.0_c304,0.2644807019079627,0.06902647958157525,0.018256171769970676,370,73,1480,5881,7361
690,morphem,D20,std_ctrl__tvn_efaar_e1.0_c304,0.28206781521405494,0.016410804113883317,0.004628959662308892,370,88,1480,5465,6945
691,morphem,D20,std_ctrl__tvn_efaar_e1.0_c304,0.2797687107625274,0.02488686103085563,0.006962565025528664,370,77,1480,5561,7041
692,morphem,D20,std_ctrl__tvn_efaar_e1.0_c304,0.2867637985426319,0.019739279494926674,0.005660510768459858,370,63,1480,5657,7137
693,morphem,D20,std_ctrl__tvn_efaar_e1.0_c304,0.2743690589686265,0.048254366659709245,0.01323950517155149,370,91,1480,5945,7425
694,morphem,D20,std_ctrl__tvn_efaar_e1.0_c304,0.29289614033291994,0.03258607008089561,0.009544334155312365,370,73,1480,5337,6817
695,morphem,D20,std_ctrl__tvn_efaar_e1.0_c304,0.2653287938433806,0.02976949577127675,0.00789870440631848,370,77,1480,5721,7201
696,morphem,D20,std_ctrl__tvn_efaar_e1.0_c304,0.2759585026883414,0.03623451228259898,0.00999922175514833,370,92,1480,5849,7329
697,morphem,D20,std_ctrl__tvn_efaar_e1.0_c304,0.2624233364478425,0.160557061463708,0.04213391975956757,370,59,1480,5849,7329
698,morphem,D20,std_ctrl__tvn_efaar_e1.0_c304,0.259785173188096,-0.0003232712646126953,-8.398108146414386e-05,370,76,1480,5657,7137
699,morphem,D20,std_ctrl__tvn_efaar_e1.0_c304,0.26299819247352924,0.020858477731447847,0.005485741941120144,370,60,1480,5529,7009
700,morphem,D20,std_ctrl__tvn_efaar_e1.0_c304,0.29930220666425195,0.05047935222821437,0.015108581512886583,370,74,1480,5913,7393
701,morphem,D20,std_ctrl__tvn_efaar_e1.0_c304,0.2517927948854746,0.014809467589455451,0.003728917235114841,370,108,1480,5785,7265
702,morphem,D20,std_ctrl__tvn_efaar_e1.0_c304,0.2420681088893666,0.02726048707826091,0.006598894554437634,370,97,1480,5689,7169
703,morphem,D20,std_ctrl__tvn_efaar_e1.0_c304,0.259655239971336,-0.0034782415347278614,-0.0009031436403780308,370,71,1480,5401,6881
704,morphem,D20,std_ctrl__tvn_efaar_e1.0_c304,0.2925011134968228,0.060025124468273836,0.01755741574475548,370,63,1480,5689,7169
705,morphem,D20,std_ctrl__tvn_efaar_e1.0_c304,0.27314525037672904,0.010159486084309468,0.0027750153701976044,370,84,1480,5529,7009
706,morphem,D20,std_ctrl__tvn_efaar_e1.0_c304,0.27264048464337676,0.008014048877499822,0.002184954169917261,370,74,1480,5753,7233
707,morphem,D20,std_ctrl__tvn_efaar_e1.0_c304,0.24587108380654613,0.032883981988718565,0.008085220291441176,370,71,1480,5593,7073
708,morphem,D20,std_ctrl__tvn_efaar_e1.0_c304,0.2967281425668042,0.039371836991737116,0.011682732060001146,370,97,1480,5593,7073
709,morphem,D20,std_ctrl__tvn_efaar_e1.0_c304,0.2667819073237622,0.01488941071011175,0.003972225388170466,370,67,1480,5785,7265
710,morphem,D20,std_ctrl__tvn_efaar_e1.0_c304,0.2862475573349102,0.03604417941258707,0.010317558312994307,370,68,1480,5689,7169
711,morphem,D20,std_ctrl__tvn_efaar_e1.0_c304,0.23969433130228615,-0.004308547176994397,-0.0010327343344740246,370,72,1480,5881,7361
712,morphem,D20,std_ctrl__tvn_efaar_e1.0_c304,0.2702012703595977,0.07823059777369483,0.021138006899443056,370,75,1480,5753,7233
713,morphem,D20,std_ctrl__tvn_efaar_e1.0_c304,0.2782713553919656,0.020889712831327942,0.005813008703322562,370,55,1480,5529,7009
714,morphem,D20,std_ctrl__tvn_efaar_e1.0_c304,0.25939498120066645,0.022470094123757934,0.005828629642809395,370,69,1480,5881,7361
715,morphem,D20,std_ctrl__tvn_efaar_e1.0_c304,0.23122928192903797,-0.019587522370786873,-0.004529208732566016,370,65,1480,5561,7041
716,morphem,D20,std_ctrl__tvn_efaar_e1.0_c304,0.2811083927741794,0.0008457890767554565,0.00023775840799268344,370,72,1480,5721,7201
717,morphem,D20,std_ctrl__tvn_efaar_e1.0_c304,0.29089102367650327,0.04296338826259297,0.012497663992316735,370,73,1480,5529,7009
718,morphem,D20,std_ctrl__tvn_efaar_e1.0_c304,0.2819414781707734,-0.032617244402759794,-0.009196154100771481,370,74,1480,5657,7137
719,morphem,D20,std_ctrl__tvn_efaar_e1.0_c304,0.2646727285737601,0.03519505941181636,0.009315172406841033,370,76,1480,5529,7009
720,morphem,D20,std_ctrl__tvn_efaar_e1.0_c304,0.27686447863737845,-0.026772769723360713,-0.007412428931136855,370,60,1480,5625,7105
721,morphem,D20,std_ctrl__tvn_efaar_e1.0_c304,0.2769725752008502,-0.0143244081880881,-0.003967468224082906,370,72,1480,5689,7169
722,morphem,D20,std_ctrl__tvn_efaar_e1.0_c304,0.2666934950535221,0.032983095138035226,0.008796376920045446,370,86,1480,5593,7073
723,morphem,D20,std_ctrl__tvn_efaar_e1.0_c304,0.2678049677928347,0.0690878298131946,0.018502064037999425,370,80,1480,5721,7201
724,morphem,D20,std_ctrl__tvn_efaar_e1.0_c304,0.2873926476498357,-0.009099358511872307,-0.002615088734642051,370,53,1480,5913,7393
725,morphem,D20,std_ctrl__tvn_efaar_e1.0_c304,0.2855152880276123,-0.030701712385311792,-0.008765808254633207,370,60,1480,5721,7201
726,morphem,D20,std_ctrl__tvn_efaar_e1.0_c304,0.3035662473929558,0.020083285576674454,0.006096607637832138,370,75,1480,5785,7265
727,morphem,D20,std_ctrl__tvn_efaar_e1.0_c304,0.30313707022945413,0.15289938177201667,0.046349470630263935,370,51,1480,5913,7393
728,morphem,D20,std_ctrl__tvn_efaar_e1.0_c304,0.2815838499520818,-0.019117078067998675,-0.005383060442221573,370,97,1480,5561,7041
729,morphem,D20,std_ctrl__tvn_efaar_e1.0_c304,0.2915230691009104,0.011038689276824672,0.0032180325768312377,370,75,1480,5535,7015
730,morphem,D20,std_ctrl__tvn_efaar_e1.0_c304,0.27163805034227984,0.04816239453452341,0.013082738951173612,370,53,1480,5849,7329
731,morphem,D20,std_ctrl__tvn_efaar_e1.0_c304,0.2835712942559709,0.11983797579411766,0.033982609896953654,370,93,1480,5593,7073
732,morphem,D20,std_ctrl__tvn_efaar_e1.0_c304,0.26141243385655105,-0.008334972453149899,-0.002178865435105223,370,59,1480,5753,7233
733,morphem,D20,std_ctrl__tvn_efaar_e1.0_c304,0.2746256128682543,-0.016627099257488998,-0.004566227323809213,370,80,1480,5945,7425
734,morphem,D20,std_ctrl__tvn_efaar_e1.0_c304,0.2743304319348788,-0.020218649206052975,-0.005546590769836307,370,64,1480,5625,7105
735,morphem,D20,std_ctrl__tvn_efaar_e1.0_c304,0.28374180702516366,0.0014606509416530454,0.000414447737617642,370,100,1480,5945,7425
736,morphem,D20,std_ctrl__tvn_efaar_e1.0_c304,0.2912313029330354,0.007624360879775791,0.0022204525530487677,370,57,1480,5657,7137
737,morphem,D20,std_ctrl__tvn_efaar_e1.0_c304,0.2853750099334912,-0.016435462111639727,-0.004690270163370705,370,79,1480,5753,7233
738,morphem,D20,std_ctrl__tvn_efaar_e1.0_c304,0.2574690951703705,0.034567410880506716,0.008900040001786484,370,93,1480,5785,7265
739,morphem,D20,std_ctrl__tvn_efaar_e1.0_c304,0.2605555507160531,0.08207368638744619,0.021384754555977672,370,110,1480,5721,7201
740,morphem,D20,std_ctrl__tvn_efaar_e1.0_c304,0.31064794965624004,-0.023825857020014236,-0.0074014536320701554,370,67,1480,5497,6977
741,morphem,D20,std_ctrl__tvn_efaar_e1.0_c304,0.254805120480069,0.03431132634298259,0.008742701642654643,370,101,1480,5945,7425
742,morphem,D20,std_ctrl__tvn_efaar_e1.0_c304,0.28700011367579387,0.049517629660502785,0.014211565341520162,370,47,1480,5593,7073
743,morphem,D20,std_ctrl__tvn_efaar_e1.0_c304,0.27305141209714523,-0.007893234156360795,-0.002155258732407734,370,64,1480,5625,7105
744,morphem,D20,std_ctrl__tvn_efaar_e1.0_c304,0.2953223502085354,0.09428503063402256,0.027844476836323302,370,74,1480,5593,7073
745,morphem,D20,std_ctrl__tvn_efaar_e1.0_c304,0.2547337067046346,0.061047018668603896,0.015550733348720496,370,76,1480,5593,7073
746,morphem,D20,std_ctrl__tvn_efaar_e1.0_c304,0.2670848814722872,0.019668298759881735,0.005253105243044546,370,56,1480,5657,7137
747,morphem,D20,std_ctrl__tvn_efaar_e1.0_c304,0.25865529416977656,0.04958101571741934,0.012824392205625415,370,77,1480,5913,7393
748,morphem,D20,std_ctrl__tvn_efaar_e1.0_c304,0.2554639870642559,-0.01956807205960754,-0.004998937707508007,370,78,1480,5721,7201
749,morphem,D20,std_ctrl__tvn_efaar_e1.0_c304,0.2747013530130107,0.1013309703206037,0.027835754649191066,370,85,1480,5724,7204
750,morphem,D20,std_ctrl__tvn_efaar_e1.0_c304,0.2761312971358443,0.026131327114807753,0.007215677252092924,370,84,1480,5753,7233
751,morphem,D20,std_ctrl__tvn_efaar_e1.0_c304,0.2827952538133944,-0.013918032573321528,-0.003935953554155552,370,78,1480,5753,7233
752,morphem,D20,std_ctrl__tvn_efaar_e1.0_c304,0.336304731246251,0.05018813777749193,0.016878508187009242,370,47,1480,5625,7105
753,morphem,D20,std_ctrl__tvn_efaar_e1.0_c304,0.27307390249482444,0.13668779819277793,0.03732587047592688,370,71,1480,5401,6881
754,morphem,D20,std_ctrl__tvn_efaar_e1.0_c304,0.2665745170718639,0.02006902933093437,0.005349891801994902,370,72,1480,5785,7265
755,morphem,D20,std_ctrl__tvn_efaar_e1.0_c304,0.3075204359411969,0.0019239273923072901,0.000591646990401548,370,79,1480,5657,7137
756,morphem,D20,std_ctrl__tvn_efaar_e1.0_c304,0.28143696001845653,-0.001631321572793145,-0.00045911418425943,370,69,1480,5593,7073
757,morphem,D20,std_ctrl__tvn_efaar_e1.0_c304,0.2909535317193308,0.04357539051996641,0.012678413767833274,370,52,1480,5657,7137
758,morphem,D20,std_ctrl__tvn_efaar_e1.0_c304,0.2652642894104067,0.05952674829792099,0.01579032058816015,370,95,1480,5593,7073
759,morphem,D20,std_ctrl__tvn_efaar_e1.0_c304,0.2801029954084712,-0.023973560791607663,-0.006715066188336387,370,81,1480,5753,7233
760,morphem,D20,std_ctrl__tvn_efaar_e1.0_c304,0.2580154493404874,0.010077252077187559,0.002600086722812908,370,62,1480,5593,7073
761,morphem,D20,std_ctrl__tvn_efaar_e1.0_c304,0.2839625158601209,0.05512072229096938,0.01565221897777071,370,81,1480,5913,7393
762,morphem,D20,std_ctrl__tvn_efaar_e1.0_c304,0.3002267941918295,0.07190130241776967,0.02158669752310423,370,88,1480,5721,7201
763,morphem,D20,std_ctrl__tvn_efaar_e1.0_c304,0.2693246925520299,0.013956532808292055,0.0037588389076855765,370,63,1480,5689,7169
764,morphem,D20,std_ctrl__tvn_efaar_e1.0_c304,0.2691495273077547,0.010187094105428732,0.0027418515631157576,370,81,1480,5849,7329
765,morphem,D20,std_ctrl__tvn_efaar_e1.0_c304,0.2908792333630484,-0.0008679736541801469,-0.0002524755111072448,370,79,1480,5945,7425
766,morphem,D20,std_ctrl__tvn_efaar_e1.0_c304,0.267450725463725,0.022972710756576333,0.006144068157714659,370,79,1480,5881,7361
767,morphem,D20,std_ctrl__tvn_efaar_e1.0_c304,0.23711737734292004,-0.007811269730093862,-0.0018521877921179955,370,88,1480,5753,7233
768,morphem,D20,std_ctrl__tvn_efaar_e1.0_c304,0.2923655733583583,0.021297395279906883,0.006226625182049569,370,80,1480,5689,7169
769,morphem,D20,std_ctrl__tvn_efaar_e1.0_c304,0.29626263439067096,0.015792236060625943,0.0046786494582403935,370,90,1480,5785,7265
770,morphem,D20,std_ctrl__tvn_efaar_e1.0_c304,0.26234820834573236,0.032983184203004036,0.008653079281195372,370,66,1480,5657,7137
771,morphem,D20,std_ctrl__tvn_efaar_e1.0_c304,0.25599312018169257,-0.001060521449430757,-0.00027148619485939054,370,79,1480,5689,7169
772,morphem,D20,std_ctrl__tvn_efaar_e1.0_c304,0.23436922910732452,0.009290142470599734,0.0021773235291316748,370,106,1480,5983,7463
773,morphem,D20,std_ctrl__tvn_efaar_e1.0_c304,0.27730788131009126,0.05353169055417144,0.014844759690524706,370,63,1480,5593,7073
774,morphem,D20,std_ctrl__tvn_efaar_e1.0_c304,0.3073479872638219,0.05286293810321667,0.016247317626875642,370,91,1480,5593,7073
775,morphem,D20,std_ctrl__tvn_efaar_e1.0_c304,0.24392547022873787,-0.027565052544142807,-0.006723818403709901,370,77,1480,5689,7169
776,morphem,D20,std_ctrl__tvn_efaar_e1.0_c304,0.2710302231413085,0.02448070670991758,0.00663501140224589,370,81,1480,5913,7393
777,morphem,D20,std_ctrl__tvn_efaar_e1.0_c304,0.2726801511886412,0.035220248581037526,0.009603862707978838,370,45,1480,5529,7009
778,morphem,D20,std_ctrl__tvn_efaar_e1.0_c304,0.297657562848404,0.0527720636442908,0.015708003850840466,370,77,1480,5721,7201
779,morphem,D20,std_ctrl__tvn_efaar_e1.0_c304,0.26388600560666237,0.01959506338770943,0.005170863006991995,370,83,1480,5721,7201
780,morphem,D20,std_ctrl__tvn_efaar_e1.0_c304,0.2801563327311437,0.007526153079348685,0.002108499446283532,370,75,1480,5657,7137
781,morphem,D20,std_ctrl__tvn_efaar_e1.0_c304,0.2904036099867615,-0.026318642949006057,-0.007643028922343986,370,55,1480,5689,7169
782,morphem,D20,std_ctrl__tvn_efaar_e1.0_c304,0.28903918968760084,0.012292495293176602,0.0035530128787784124,370,88,1480,5369,6849
783,morphem,D20,std_ctrl__tvn_efaar_e1.0_c304,0.2588170050384367,0.06737471075449944,0.017437720852810496,370,67,1480,5273,6753
784,morphem,D20,std_ctrl__tvn_efaar_e1.0_c304,0.26215135819200386,0.023737280249730687,0.006222760257251128,370,62,1480,5785,7265
785,morphem,D20,std_ctrl__tvn_efaar_e1.0_c304,0.2786855738550953,0.0558959976846433,0.015577408190947897,370,73,1480,5401,6881
786,morphem,D20,std_ctrl__tvn_efaar_e1.0_c304,0.28029721499722415,-9.73260871212079e-05,-2.728023116665178e-05,370,83,1480,5657,7137
787,morphem,D20,std_ctrl__tvn_efaar_e1.0_c304,0.26413345657857107,-0.01209557652780618,-0.0031948464376000767,370,64,1480,5625,7105
788,morphem,D20,std_ctrl__tvn_efaar_e1.0_c304,0.27165580972843023,0.05532067370949475,0.015028182411275078,370,90,1480,5756,7236
789,morphem,D20,std_ctrl__tvn_efaar_e1.0_c304,0.2572481841732815,0.01748794274793471,0.0044987415168325105,370,63,1480,5593,7073
790,morphem,D20,std_ctrl__tvn_efaar_e1.0_c304,0.2665174245195311,-0.017832818865439796,-0.004752756955940321,370,89,1480,6009,7489
791,morphem,D20,std_ctrl__tvn_efaar_e1.0_c304,0.2643089971446679,0.11945439008861232,0.031572870048849073,370,85,1480,5465,6945
792,morphem,D20,std_ctrl__tvn_efaar_e1.0_c304,0.2210999943417701,-0.04074279581144764,-0.009008231923378967,370,65,1480,5852,7332
793,morphem,D20,std_ctrl__tvn_efaar_e1.0_c304,0.2690469962272445,0.030471400101128816,0.008198238668047262,370,70,1480,5625,7105
794,morphem,D20,std_ctrl__tvn_efaar_e1.0_c304,0.3119873211047143,0.0198187152431729,0.0061831878764546785,370,70,1480,5785,7265
795,morphem,D20,std_ctrl__tvn_efaar_e1.0_c304,0.28639713818149054,0.01700284140270057,0.0048695651186872035,370,71,1480,5785,7265
796,morphem,D20,std_ctrl__tvn_efaar_e1.0_c304,0.2715498819662116,-0.053432400209938065,-0.014509561970180062,370,88,1480,5689,7169
797,morphem,D20,std_ctrl__tvn_efaar_e1.0_c304,0.2906468029836525,-0.0063126417779394,-0.0018347491511391265,370,56,1480,5817,7297
798,morphem,D20,std_ctrl__tvn_efaar_e1.0_c304,0.2778091715404373,0.056752092581018855,0.015766251823119047,370,67,1480,5753,7233
799,morphem,D20,std_ctrl__tvn_efaar_e1.0_c304,0.26547504009891487,0.07090748520988047,0.01882416747940623,370,87,1480,5721,7201
800,morphem,D20,std_ctrl__tvn_efaar_e1.0_c304,0.2744390226157809,0.010347394007086803,0.002839728697925291,370,49,1480,5625,7105
801,morphem,D20,std_ctrl__tvn_efaar_e1.0_c304,0.29247569606465457,0.009311650707842881,0.00272343152228728,370,67,1480,5695,7175
802,morphem,D20,std_ctrl__tvn_efaar_e1.0_c304,0.2512742357638274,0.03816253210932091,0.009589261090582137,370,94,1480,5785,7265
803,morphem,D20,std_ctrl__tvn_efaar_e1.0_c304,0.2735597420923519,0.060736881226758827,0.016615165563885953,370,50,1480,5721,7201
804,morphem,D20,std_ctrl__tvn_efaar_e1.0_c304,0.29866295681364646,0.061701658165709175,0.018427999668075574,370,85,1480,5689,7169
805,morphem,D20,std_ctrl__tvn_efaar_e1.0_c304,0.24174098023746476,-0.003994743132954762,-0.0009656931207573653,370,52,1480,5753,7233
806,morphem,D20,std_ctrl__tvn_efaar_e1.0_c304,0.28342989816075465,-0.0049511633876231165,-0.0014033077347312768,370,74,1480,5817,7297
807,morphem,D20,std_ctrl__tvn_efaar_e1.0_c304,0.25179129884933665,-0.011987834297676405,-0.0030184323682025675,370,104,1480,5625,7105
808,morphem,D20,std_ctrl__tvn_efaar_e1.0_c304,0.2910049610005879,0.008316682401618649,0.0024201958379373107,370,76,1480,5691,7171
809,morphem,D20,std_ctrl__tvn_efaar_e1.0_c304,0.26137196319078887,0.05224670955671792,0.013655825047098313,370,90,1480,5689,7169
810,morphem,D20,std_ctrl__tvn_efaar_e1.0_c304,0.2726273866793626,0.02087134746862067,0.005690100916846983,370,85,1480,5657,7137
811,morphem,D20,std_ctrl__tvn_efaar_e1.0_c304,0.2663632901085343,0.04247817931184576,0.011314627599323513,370,97,1480,5593,7073
812,morphem,D20,std_ctrl__tvn_efaar_e1.0_c304,0.2699853304724809,-0.011968215533325464,-0.0032312426259307548,370,102,1480,5561,7041
813,morphem,D20,std_ctrl__tvn_efaar_e1.0_c304,0.259795935397666,0.01299103002739014,0.0033750167977449875,370,75,1480,5465,6945
814,morphem,D20,std_ctrl__tvn_efaar_e1.0_c304,0.2826493079044546,0.02749723263289833,0.007772073772976497,370,104,1480,5785,7265
815,morphem,D20,std_ctrl__tvn_efaar_e1.0_c304,0.2988707016672361,0.009319131439206428,0.002785215352164825,370,89,1480,5817,7297
816,morphem,D20,std_ctrl__tvn_efaar_e1.0_c304,0.2659189970989547,-0.02845971355944216,-0.0075679784874503825,370,79,1480,5465,6945
817,morphem,D20,std_ctrl__tvn_efaar_e1.0_c304,0.2991545550655856,0.11342767069351598,0.03393240435844453,370,53,1480,5913,7393
818,morphem,D20,std_ctrl__tvn_efaar_e1.0_c304,0.25760017885764525,0.011803229608323076,0.0030405140582018785,370,83,1480,5657,7137
819,morphem,D20,std_ctrl__tvn_efaar_e1.0_c304,0.2513954704201431,0.030015331839040198,0.00754571846749221,370,61,1480,5689,7169
820,morphem,D20,std_ctrl__tvn_efaar_e1.0_c304,0.26889617033553875,0.01569936909640218,0.004221500226706654,370,59,1480,5689,7169
821,morphem,D20,std_ctrl__tvn_efaar_e1.0_c304,0.30097626514942694,-0.001987622507097231,-0.0005982271987130649,370,75,1480,5465,6945
822,morphem,D20,std_ctrl__tvn_efaar_e1.0_c304,0.25068685744811026,-0.008932820944410804,-0.002239340810701005,370,86,1480,5849,7329
823,morphem,D20,std_ctrl__tvn_efaar_e1.0_c304,0.2764653168838606,0.05337320953234909,0.014755841286469581,370,85,1480,5691,7171
824,morphem,D20,std_ctrl__tvn_efaar_e1.0_c304,0.28907451571726417,0.002303801467894452,0.0006659702936403111,370,69,1480,5977,7457
825,morphem,D20,std_ctrl__tvn_efaar_e1.0_c304,0.29833787893923297,0.011602837158029197,0.0034615658274037486,370,51,1480,5497,6977
826,morphem,D20,std_ctrl__tvn_efaar_e1.0_c304,0.28084759661363906,0.01580893279311689,0.004439900779973423,370,77,1480,5849,7329
827,morphem,D20,std_ctrl__tvn_efaar_e1.0_c304,0.2755338892649723,0.01468920380066413,0.0040473734534028005,370,67,1480,5721,7201
828,morphem,D20,std_ctrl__tvn_efaar_e1.0_c304,0.2707953683015972,0.024919982928190178,0.0067482159551087734,370,70,1480,5849,7329
829,morphem,D20,std_ctrl__tvn_efaar_e1.0_c304,0.25037007212140383,0.03693676515679468,0.00924786055623804,370,55,1480,5561,7041
830,morphem,D20,std_ctrl__tvn_efaar_e1.0_c304,0.266159610170217,-0.04286066546414028,-0.01140777801157166,370,70,1480,5401,6881
831,morphem,D20,std_ctrl__tvn_efaar_e1.0_c304,0.26718553840701786,0.09222086998755967,0.024640082799989724,370,69,1480,5753,7233
832,morphem,D20,std_ctrl__tvn_efaar_e1.0_c304,0.276257286295594,0.057664277913145795,0.015930176932480614,370,72,1480,5753,7233
833,morphem,D20,std_ctrl__tvn_efaar_e1.0_c304,0.3051354594220917,-0.0007152806495889517,-0.00021825748962805698,370,68,1480,5881,7361
834,morphem,D20,std_ctrl__tvn_efaar_e1.0_c304,0.2828411741939837,0.050069591873446596,0.01416174215689918,370,76,1480,5785,7265
835,morphem,D20,std_ctrl__tvn_efaar_e1.0_c304,0.27929145524837296,0.01632940331553605,0.00456066281533367,370,69,1480,5881,7361
836,morphem,D20,std_ctrl__tvn_efaar_e1.0_c304,0.2814557996212457,0.03324092574297303,0.009355851335138924,370,99,1480,5785,7265
837,morphem,D20,std_ctrl__tvn_efaar_e1.0_c304,0.266456676697619,0.024567722234435804,0.006546233620617968,370,73,1480,5401,6881
838,morphem,D20,std_ctrl__tvn_efaar_e1.0_c304,0.2774791868025737,0.022361577078208513,0.00620487222328437,370,69,1480,5817,7297
839,morphem,D20,std_ctrl__tvn_efaar_e1.0_c304,0.2757515215574831,0.05294514465652729,0.014599704198118447,370,64,1480,5817,7297
840,morphem,D20,std_ctrl__tvn_efaar_e1.0_c304,0.2936415998408717,-0.0031003179551812375,-0.0009103823243747985,370,60,1480,5849,7329
841,morphem,D20,std_ctrl__tvn_efaar_e1.0_c304,0.2636114492868657,-0.013546913850025537,-0.0035711215933695454,370,82,1480,5881,7361
842,morphem,D20,std_ctrl__tvn_efaar_e1.0_c304,0.29216996704486947,0.05353566674849723,0.01564151398963355,370,68,1480,5753,7233
843,morphem,D20,std_ctrl__tvn_efaar_e1.0_c304,0.2574150482734059,0.02401219513341579,0.006181100369418668,370,78,1480,5625,7105
844,morphem,D20,std_ctrl__tvn_efaar_e1.0_c304,0.3088561671798002,0.033132077649475095,0.0102330465135204,370,96,1480,5881,7361
845,morphem,D20,std_ctrl__tvn_efaar_e1.0_c304,0.26713991111335433,-0.03611221415415853,-0.009647013679248325,370,71,1480,5785,7265
846,morphem,D20,std_ctrl__tvn_efaar_e1.0_c304,0.2469436176093313,0.08384289928038006,0.020704468859151854,370,76,1480,5785,7265
847,morphem,D20,std_ctrl__tvn_efaar_e1.0_c304,0.260222956667061,0.056566151780833816,0.014719811263686315,370,57,1480,5625,7105
848,morphem,D20,std_ctrl__tvn_efaar_e1.0_c304,0.2685408611002653,-0.008821848355894998,-0.0023690267539880024,370,41,1480,5660,7140
849,morphem,D20,std_ctrl__tvn_efaar_e1.0_c304,0.28116586994955955,0.029657325738646056,0.008338627791683883,370,70,1480,5663,7143
850,morphem,D20,std_ctrl__tvn_efaar_e1.0_c304,0.284616679029576,0.04171243494898209,0.011872054709416503,370,75,1480,5881,7361
851,morphem,D20,std_ctrl__tvn_efaar_e1.0_c304,0.25647062556537903,0.05862472144043692,0.015035518981424946,370,91,1480,5561,7041
852,morphem,D20,std_ctrl__tvn_efaar_e1.0_c304,0.2538629815309368,0.04581025564567131,0.011629528082904548,370,82,1480,5657,7137
853,morphem,D20,std_ctrl__tvn_efaar_e1.0_c304,0.2659803304870993,0.06097485629173045,0.01621811242787785,370,80,1480,5689,7169
854,morphem,D20,std_ctrl__tvn_efaar_e1.0_c304,0.2894769195760744,0.027742794149537252,0.008030898590841183,370,103,1480,5785,7265
855,morphem,D20,std_ctrl__tvn_efaar_e1.0_c304,0.27478544994554643,-0.047850802746140654,-0.013148704362853848,370,56,1480,5689,7169
856,morphem,D20,std_ctrl__tvn_efaar_e1.0_c304,0.25129270114454066,0.050447827402423345,0.01267717081482854,370,72,1480,5753,7233
857,morphem,D20,std_ctrl__tvn_efaar_e1.0_c304,0.283599381196563,0.02194669183553377,0.00622406822386904,370,83,1480,5625,7105
858,morphem,D20,std_ctrl__tvn_efaar_e1.0_c304,0.310924993802066,0.08380254607955279,0.026056306120382303,370,65,1480,5785,7265
859,morphem,D20,std_ctrl__tvn_efaar_e1.0_c304,0.276232371944776,0.0495198746685211,0.013678992438093611,370,53,1480,5689,7169
860,morphem,D20,std_ctrl__tvn_efaar_e1.0_c304,0.2805321521166167,0.040736452969708896,0.011427884821189779,370,60,1480,5561,7041
861,morphem,D20,std_ctrl__tvn_efaar_e1.0_c304,0.28258378646472226,0.03830760086775312,0.010825106903588956,370,85,1480,5817,7297
862,morphem,D20,std_ctrl__tvn_efaar_e1.0_c304,0.28645828036800575,0.03026239443211571,0.008668913468842177,370,58,1480,5625,7105
863,morphem,D20,std_ctrl__tvn_efaar_e1.0_c304,0.2882384509845494,0.03876589056788098,0.01117382024832257,370,86,1480,5470,6950
864,morphem,D20,std_ctrl__tvn_efaar_e1.0_c304,0.26085098273447266,0.015869419218150257,0.004139553598479821,370,53,1480,5785,7265
865,morphem,D20,std_ctrl__tvn_efaar_e1.0_c304,0.27322438501614216,0.16742902358151493,0.04574569200191258,370,61,1480,5881,7361
866,morphem,D20,std_ctrl__tvn_efaar_e1.0_c304,0.2678293682032065,0.017134087356285622,0.004589011791372527,370,80,1480,5817,7297
867,morphem,D20,std_ctrl__tvn_efaar_e1.0_c304,0.2686041025899603,-0.004116366466124279,-0.0011056729205647182,370,67,1480,6009,7489
868,morphem,D20,std_ctrl__tvn_efaar_e1.0_c304,0.2533007939087626,0.028102470084716436,0.007118377983255924,370,83,1480,5689,7169
869,morphem,D20,std_ctrl__tvn_efaar_e1.0_c304,0.31183530086197564,0.014100085974827302,0.004396904552139995,370,64,1480,5625,7105
870,morphem,D20,std_ctrl__tvn_efaar_e1.0_c304,0.26009523605292656,0.08974733595287715,0.023342854529784886,370,46,1480,6009,7489
871,morphem,D20,std_ctrl__tvn_efaar_e1.0_c304,0.26359461093525005,0.037815592550859325,0.009967986405729703,370,80,1480,5817,7297
872,morphem,D20,std_ctrl__tvn_efaar_e1.0_c304,0.276420755113419,0.0016892106706688963,0.0004669328891319413,370,70,1480,5657,7137
873,morphem,D20,std_ctrl__tvn_efaar_e1.0_c304,0.2924920098478058,-0.0039502784301491695,-0.001155424877492766,370,84,1480,5657,7137
874,morphem,D20,std_ctrl__tvn_efaar_e1.0_c304,0.27437724895136356,0.030129140742300105,0.008266750750140746,370,100,1480,5721,7201
875,morphem,D20,std_ctrl__tvn_efaar_e1.0_c304,0.26692424564880335,-0.0010813669807943974,-0.00028864306561806854,370,71,1480,5561,7041
876,morphem,D20,std_ctrl__tvn_efaar_e1.0_c304,0.2779444207741649,0.05202882043180196,0.014461120358480233,370,71,1480,5817,7297
877,morphem,D20,std_ctrl__tvn_efaar_e1.0_c304,0.31344075677491495,0.007195724418842006,0.0022554333073855734,370,53,1480,5657,7137
878,morphem,D20,std_ctrl__tvn_efaar_e1.0_c304,0.28585314315260374,-0.03178473117798956,-0.009085765311488875,370,79,1480,5753,7233
879,morphem,D20,std_ctrl__tvn_efaar_e1.0_c304,0.27162734991028775,-0.02072204584983975,-0.0056286743989114475,370,90,1480,5785,7265
880,morphem,D20,std_ctrl__tvn_efaar_e1.0_c304,0.24836234916957164,0.0275000054712375,0.006829965961012619,370,53,1480,5753,7233
881,morphem,D20,std_ctrl__tvn_efaar_e1.0_c304,0.2739140168725091,0.007876647657786746,0.002157524199433808,370,58,1480,5785,7265
882,morphem,D20,std_ctrl__tvn_efaar_e1.0_c304,0.2644031098777717,-0.012943217858007835,-0.0034222270534827828,370,64,1480,5785,7265
883,morphem,D20,std_ctrl__tvn_efaar_e1.0_c304,0.23159272652412569,0.029571852046313914,0.006848625843773885,370,84,1480,5785,7265
884,morphem,D20,std_ctrl__tvn_efaar_e1.0_c304,0.32936648136278684,0.04134271798121902,0.013616905551448125,370,81,1480,5561,7041
885,morphem,D20,std_ctrl__tvn_efaar_e1.0_c304,0.27381576609388336,0.03857530020168058,0.010562525377024701,370,62,1480,5401,6881
886,morphem,D20,std_ctrl__tvn_efaar_e1.0_c304,0.2886255569934868,0.02174206538481381,0.006275315731880695,370,67,1480,5561,7041
887,morphem,D20,std_ctrl__tvn_efaar_e1.0_c304,0.2829765754881747,0.010531444425452615,0.0029801520784586083,370,83,1480,5817,7297
888,morphem,D20,std_ctrl__tvn_efaar_e1.0_c304,0.2913785371491747,-0.001695224722180874,-0.0004939520996881792,370,46,1480,5593,7073
889,morphem,D20,std_ctrl__tvn_efaar_e1.0_c304,0.2685228349628045,0.022278635744736975,0.005982322429280444,370,74,1480,5721,7201
890,morphem,D20,std_ctrl__tvn_efaar_e1.0_c304,0.3106135624979843,0.07382411859061339,0.022930772473704095,370,50,1480,5753,7233
891,morphem,D20,std_ctrl__tvn_efaar_e1.0_c304,0.3032054266934428,0.1360348584472325,0.04124650730067522,370,82,1480,5401,6881
892,morphem,D20,std_ctrl__tvn_efaar_e1.0_c304,0.3013471289260586,0.008531729837496692,0.0025710122913024163,370,81,1480,5407,6887
893,morphem,D20,std_ctrl__tvn_efaar_e1.0_c304,0.23801326501591888,-0.004574507252759476,-0.0010887934070682843,370,58,1480,5817,7297
894,morphem,D20,std_ctrl__tvn_efaar_e1.0_c304,0.2567656177569092,0.016279756832613387,0.00418008182005824,370,63,1480,5753,7233
895,morphem,D20,std_ctrl__tvn_efaar_e1.0_c304,0.27080067885833237,0.01066273872042024,0.002887476883978827,370,84,1480,5817,7297
896,morphem,D20,std_ctrl__tvn_efaar_e1.0_c304,0.2553390683508122,0.043158783335352446,0.011020123528003453,370,84,1480,5529,7009
897,morphem,D20,std_ctrl__tvn_efaar_e1.0_c304,0.2539984199487922,0.033224258093545796,0.008438909059731502,370,79,1480,5689,7169
898,morphem,D20,std_ctrl__tvn_efaar_e1.0_c304,0.26920295787246146,0.018916332846518395,0.0050923327543827505,370,79,1480,5977,7457
899,morphem,D20,std_ctrl__tvn_efaar_e1.0_c304,0.30550017797817275,0.07750491556334745,0.023677765498785894,370,88,1480,5689,7169
900,morphem,D20,std_ctrl__tvn_efaar_e1.0_c304,0.2568940637909074,0.03140082465997109,0.008066685453285712,370,65,1480,5849,7329
901,morphem,D20,std_ctrl__tvn_efaar_e1.0_c304,0.2853525672556521,-0.0022204142274434018,-0.0006336009001719501,370,59,1480,5561,7041
902,morphem,D20,std_ctrl__tvn_efaar_e1.0_c304,0.2817340685880397,0.00811605680509189,0.002286569704590185,370,52,1480,5849,7329
903,morphem,D20,std_ctrl__tvn_efaar_e1.0_c304,0.2793722143266564,0.06755336921213441,0.018872534342020165,370,75,1480,5786,7266
904,morphem,D20,std_ctrl__tvn_efaar_e1.0_c304,0.3052851696230511,0.04534713487866158,0.013843807763351576,370,72,1480,5913,7393
905,morphem,D20,std_ctrl__tvn_efaar_e1.0_c304,0.274735556773233,0.054206503748712845,0.014892453988132966,370,65,1480,5753,7233
906,morphem,D20,std_ctrl__tvn_efaar_e1.0_c304,0.287965316544792,0.0029862196783106303,0.0008599276949370077,370,90,1480,5913,7393
907,morphem,D20,std_ctrl__tvn_efaar_e1.0_c304,0.29889401135444604,0.028504674130330237,0.008519876393165711,370,52,1480,5593,7073
908,morphem,D20,std_ctrl__tvn_efaar_e1.0_c304,0.2689025106587547,-0.02001616649719982,-0.005382397424860684,370,70,1480,5593,7073
909,morphem,D20,std_ctrl__tvn_efaar_e1.0_c304,0.280541324783801,0.009993025995429254,0.0028034567513566845,370,53,1480,5593,7073
910,morphem,D20,std_ctrl__tvn_efaar_e1.0_c304,0.30912413767417346,0.057785402553655156,0.01786286273455363,370,55,1480,5465,6945
911,morphem,D20,std_ctrl__tvn_efaar_e1.0_c304,0.27645293318075687,-0.007698554480902354,-0.002128287967497315,370,80,1480,5753,7233
912,morphem,D20,std_ctrl__tvn_efaar_e1.0_c304,0.2792161514466503,0.011409864871207617,0.003185818557864921,370,54,1480,5497,6977
913,morphem,D20,std_ctrl__tvn_efaar_e1.0_c304,0.2381333328133495,-0.02115248869527588,-0.005037112630302744,370,82,1480,5401,6881
914,morphem,D20,std_ctrl__tvn_efaar_e1.0_c304,0.291169637011938,-0.007656122596956938,-0.0022292304374748476,370,69,1480,5561,7041
915,morphem,D20,std_ctrl__tvn_efaar_e1.0_c304,0.2747838560791309,0.01424495603589208,0.003914283949220117,370,101,1480,5849,7329
916,morphem,D20,std_ctrl__tvn_efaar_e1.0_c304,0.29624809843077404,0.019333473442967774,0.005727504743541073,370,74,1480,5657,7137
917,morphem,D20,std_ctrl__tvn_efaar_e1.0_c304,0.30922081015715713,0.07820082375262613,0.02418132207574411,370,80,1480,5561,7041
918,morphem,D20,std_ctrl__tvn_efaar_e1.0_c304,0.2914758289873713,-0.07572833620752513,-0.022072979573922753,370,107,1480,5209,6689
919,morphem,D20,std_ctrl__tvn_efaar_e1.0_c304,0.275498648670299,0.060110662691109075,0.016560406342076707,370,70,1480,5599,7079
920,morphem,D20,std_ctrl__tvn_efaar_e1.0_c304,0.2856152622853224,0.0007721855633283377,0.00022054798220296263,370,74,1480,5855,7335
921,morphem,D20,std_ctrl__tvn_efaar_e1.0_c304,0.29152543732839525,0.018093984792662925,0.005274856829694393,370,46,1480,5785,7265
922,morphem,D20,std_ctrl__tvn_efaar_e1.0_c304,0.279945195785398,-0.016618429576318035,-0.0046522495213882015,370,115,1480,5721,7201
923,morphem,D20,std_ctrl__tvn_efaar_e1.0_c304,0.2812093728175999,0.09592689907231762,0.026975543124463642,370,81,1480,5721,7201
924,morphem,D20,std_ctrl__tvn_efaar_e1.0_c304,0.2719268710109413,-0.007162038396881986,-0.001947550691324337,370,74,1480,5785,7265
925,morphem,D20,std_ctrl__tvn_efaar_e1.0_c304,0.26349790386316246,0.03202692659230898,0.008439028024252792,370,92,1480,5497,6977
926,morphem,D20,std_ctrl__tvn_efaar_e1.0_c304,0.2641732252203631,0.03118146315013546,0.008237307687461186,370,91,1480,5078,6558
927,morphem,D20,std_ctrl__tvn_efaar_e1.0_c304,0.288826436489397,0.05006244040411938,0.014459356263884606,370,53,1480,5785,7265
928,morphem,D20,std_ctrl__tvn_efaar_e1.0_c304,0.2554245654182779,0.020890189548662508,0.005335867586972572,370,72,1480,5721,7201
929,morphem,D20,std_ctrl__tvn_efaar_e1.0_c304,0.2668312130146617,0.00612574923476751,0.00163454109893665,370,73,1480,5561,7041
930,morphem,D20,std_ctrl__tvn_efaar_e1.0_c304,0.2580788517429157,0.007964921160264388,0.0020555777072638853,370,77,1480,5657,7137
931,morphem,D20,std_ctrl__tvn_efaar_e1.0_c304,0.27749015925342907,0.04288259467306693,0.011899498025029593,370,101,1480,5977,7457
932,morphem,D20,std_ctrl__tvn_efaar_e1.0_c304,0.3077529740950798,0.008241920128574698,0.0025364754318229657,370,66,1480,5689,7169
933,morphem,D20,std_ctrl__tvn_efaar_e1.0_c304,0.2876050668177811,0.04732991868484658,0.013612324425835447,370,67,1480,5593,7073
934,morphem,D20,std_ctrl__tvn_efaar_e1.0_c304,0.28305546420184646,-0.024018970435944653,-0.0067987008263967405,370,53,1480,5561,7041
935,morphem,D20,std_ctrl__tvn_efaar_e1.0_c304,0.308177211689003,-0.018273521109981483,-0.0056314827834142295,370,91,1480,5657,7137
936,morphem,D20,std_ctrl__tvn_efaar_e1.0_c304,0.2824727945063853,-0.02563226798969426,-0.007240418368585504,370,88,1480,5753,7233
937,morphem,D20,std_ctrl__tvn_efaar_e1.0_c304,0.2700061651387271,0.02969303510006464,0.008017302538698073,370,52,1480,5721,7201
938,morphem,D20,std_ctrl__tvn_efaar_e1.0_c304,0.22990860131990065,0.018473875147467615,0.004247302796112753,370,75,1480,5566,7046
939,morphem,D20,std_ctrl__tvn_efaar_e1.0_c304,0.23578496141309965,0.04011113649960206,0.009457602771794246,370,67,1480,5753,7233
940,morphem,D20,std_ctrl__tvn_efaar_e1.0_c304,0.29278918153165184,0.030502920902056748,0.00893092524523791,370,58,1480,5785,7265
941,morphem,D20,std_ctrl__tvn_efaar_e1.0_c304,0.2602857550710321,0.018383823190521186,0.004785047300237157,370,67,1480,5721,7201
942,morphem,D20,std_ctrl__tvn_efaar_e1.0_c304,0.2956185752802357,0.02718992551494747,0.0080378470427045,370,84,1480,5881,7361
943,morphem,D20,std_ctrl__tvn_efaar_e1.0_c304,0.2999436907362755,-0.031233882484338754,-0.009368405988375676,370,99,1480,5753,7233
944,morphem,D20,std_ctrl__tvn_efaar_e1.0_c304,0.27475210268613864,0.0245378990195405,0.006741839351118892,370,56,1480,5593,7073
945,morphem,D20,std_ctrl__tvn_efaar_e1.0_c304,0.25574350751640845,0.005193706293562951,0.0013282566645258344,370,83,1480,5625,7105
946,morphem,D20,std_ctrl__tvn_efaar_e1.0_c304,0.254284757250407,0.0020569713089309822,0.0005230564499625668,370,81,1480,5625,7105
947,morphem,D20,std_ctrl__tvn_efaar_e1.0_c304,0.2233409878805012,0.06811700200101935,0.015213318518365737,370,89,1480,5721,7201
948,morphem,D20,std_ctrl__tvn_efaar_e1.0_c304,0.2784631491472456,0.07895671076019749,0.021986534324592806,370,67,1480,5561,7041
949,morphem,D20,std_ctrl__tvn_efaar_e1.0_c304,0.2951986231162885,0.009275679506393084,0.002738167818755213,370,60,1480,5849,7329
950,morphem,D20,std_ctrl__tvn_efaar_e1.0_c304,0.2670848445750219,0.015806815845343467,0.004221760953279553,370,65,1480,5721,7201
951,morphem,D20,std_ctrl__tvn_efaar_e1.0_c304,0.2698206401602222,0.05200353071159372,0.014031625947193994,370,70,1480,5689,7169
952,morphem,D20,std_ctrl__tvn_efaar_e1.0_c304,0.28856539911333995,0.03113568224316126,0.00898468057316396,370,66,1480,5881,7361
953,morphem,D20,std_ctrl__tvn_efaar_e1.0_c304,0.29052515640836957,0.033458887027505387,0.00972064838691597,370,64,1480,5785,7265
954,morphem,D20,std_ctrl__tvn_efaar_e1.0_c304,0.2821545931619067,0.13508377791418527,0.03811450840015031,370,84,1480,5561,7041
955,morphem,D20,std_ctrl__tvn_efaar_e1.0_c304,0.24590628958203178,-0.01402463698826683,-0.0034487464445196172,370,58,1480,5785,7265
956,morphem,D20,std_ctrl__tvn_efaar_e1.0_c304,0.28751618840317567,0.03484827513907609,0.010019443240412304,370,56,1480,5753,7233
957,morphem,D20,std_ctrl__tvn_efaar_e1.0_c304,0.27263024839909633,0.013463597578452396,0.0036705839521589487,370,61,1480,5721,7201
958,morphem,D20,std_ctrl__tvn_efaar_e1.0_c304,0.2541543312839283,0.006042891579860344,0.0015358270685006865,370,79,1480,5721,7201
959,morphem,D20,std_ctrl__tvn_efaar_e1.0_c304,0.31338155635538983,-0.012804005623998995,-0.004012539210031969,370,62,1480,5881,7361
960,morphem,D20,std_ctrl__tvn_efaar_e1.0_c304,0.3005017796151687,0.05384185349158179,0.016179572791999514,370,69,1480,5689,7169
961,morphem,D20,std_ctrl__tvn_efaar_e1.0_c304,0.2810672763187948,0.07767983069322007,0.021833258437848484,370,64,1480,5657,7137
962,morphem,D20,std_ctrl__tvn_efaar_e1.0_c304,0.2848911012103709,0.04837326445090822,0.013781112578559731,370,82,1480,5785,7265
963,morphem,D20,std_ctrl__tvn_efaar_e1.0_c304,0.2664150799392633,0.020673146452264944,0.005507637964676262,370,82,1480,5689,7169
964,morphem,D20,std_ctrl__tvn_efaar_e1.0_c304,0.2831793781635944,0.006979415140580238,0.0019764264394550876,370,103,1480,5785,7265
965,morphem,D20,std_ctrl__tvn_efaar_e1.0_c304,0.2505229192378018,0.07079013690134554,0.01773455174976872,370,53,1480,5625,7105
966,morphem,D20,std_ctrl__tvn_efaar_e1.0_c304,0.28212897614969984,0.0003364026212609749,9.49089271104341e-05,370,67,1480,5561,7041
967,morphem,D20,std_ctrl__tvn_efaar_e1.0_c304,0.2980808093071784,0.08942958954347724,0.026657244427128475,370,61,1480,5849,7329
968,morphem,D20,std_ctrl__tvn_efaar_e1.0_c304,0.3161893358910407,0.011015419350732211,0.0034829581290693364,370,109,1480,5817,7297
969,morphem,D20,std_ctrl__tvn_efaar_e1.0_c304,0.28300444257549495,0.028297493462707345,0.008008316363697204,370,88,1480,5657,7137
970,morphem,D20,std_ctrl__tvn_efaar_e1.0_c304,0.24957683335266076,-0.006136594680749096,-0.0015315518679901417,370,61,1480,5593,7073
971,morphem,D20,std_ctrl__tvn_efaar_e1.0_c304,0.2725061254577562,-0.029834945516507415,-0.008130205405946691,370,66,1480,5753,7233
972,morphem,D20,std_ctrl__tvn_efaar_e1.0_c304,0.2702287128247395,-0.019535593088324952,-0.005279078174525929,370,46,1480,5817,7297
973,morphem,D20,std_ctrl__tvn_efaar_e1.0_c304,0.3059616706350799,0.04335657906768538,0.013265451364570953,370,58,1480,5657,7137
974,morphem,D20,std_ctrl__tvn_efaar_e1.0_c304,0.26820172693944366,0.017152782171977857,0.004600405800340563,370,83,1480,5753,7233
975,morphem,D20,std_ctrl__tvn_efaar_e1.0_c304,0.2743384508334878,0.07187183611104489,0.019717208177262382,370,71,1480,5529,7009
976,morphem,D20,std_ctrl__tvn_efaar_e1.0_c304,0.280655440192743,0.052974680107953746,0.014867632164767506,370,90,1480,5785,7265
977,morphem,D20,std_ctrl__tvn_efaar_e1.0_c304,0.26959609845090377,-0.012916117392374658,-0.003482134856118069,370,84,1480,5753,7233
978,morphem,D20,std_ctrl__tvn_efaar_e1.0_c304,0.2961157997099337,0.05452972843177041,0.016147114142539203,370,66,1480,5593,7073
979,morphem,D20,std_ctrl__tvn_efaar_e1.0_c304,0.2606271255225913,-0.0034883213536323326,-0.0009091511672962696,370,96,1480,5753,7233
980,morphem,D20,std_ctrl__tvn_efaar_e1.0_c304,0.2806142888902067,0.017900326164746242,0.005023087297623028,370,73,1480,5529,7009
981,morphem,D20,std_ctrl__tvn_efaar_e1.0_c304,0.278877730609407,-0.02155435542248943,-0.006011029724972418,370,50,1480,5817,7297
982,morphem,D20,std_ctrl__tvn_efaar_e1.0_c304,0.25744486202260486,0.022889732734975677,0.005892844085690115,370,63,1480,5465,6945
983,morphem,D20,std_ctrl__tvn_efaar_e1.0_c304,0.30458035027231967,0.010196917587316404,0.0031057807304428068,370,73,1480,5753,7233
984,morphem,D20,std_ctrl__tvn_efaar_e1.0_c304,0.29788813933119834,0.09243865860882503,0.027536380015254745,370,90,1480,5753,7233
985,morphem,D20,std_ctrl__tvn_efaar_e1.0_c304,0.25001225697848917,0.0238080484579848,0.005952303929234019,370,89,1480,5689,7169
986,morphem,D20,std_ctrl__tvn_efaar_e1.0_c304,0.300817772890007,0.03788077783570853,0.011395211223878978,370,92,1480,5721,7201
987,morphem,D20,std_ctrl__tvn_efaar_e1.0_c304,0.27132130954936556,0.06518025844685667,0.017684793078567247,370,63,1480,5721,7201
988,morphem,D20,std_ctrl__tvn_efaar_e1.0_c304,0.27647119706231604,0.00743892947895087,0.002056649737907698,370,56,1480,5785,7265
989,morphem,D20,std_ctrl__tvn_efaar_e1.0_c304,0.3280676648092294,0.0990213970137386,0.03248571848444482,370,107,1480,5689,7169
990,morphem,D20,std_ctrl__tvn_efaar_e1.0_c304,0.2697308832090793,0.021147855678405884,0.005704229790114561,370,81,1480,5785,7265
991,morphem,D20,std_ctrl__tvn_efaar_e1.0_c304,0.3201617291559754,0.025044688281594823,0.008018350706407792,370,60,1480,5593,7073
992,morphem,D20,std_ctrl__tvn_efaar_e1.0_c304,0.31384584566922574,0.08055543358423406,0.025281988176495088,370,72,1480,5721,7201
993,morphem,D20,std_ctrl__tvn_efaar_e1.0_c304,0.27409205534141307,0.007154378298092215,0.001960958252414096,370,91,1480,5593,7073
994,morphem,D20,std_ctrl__tvn_efaar_e1.0_c304,0.2595834055878185,-0.020979337811108997,-0.005445887955984963,370,66,1480,5401,6881
995,morphem,D20,std_ctrl__tvn_efaar_e1.0_c304,0.27076617462744035,0.005147825154479742,0.001393856924729392,370,63,1480,5689,7169
996,morphem,D20,std_ctrl__tvn_efaar_e1.0_c304,0.2756837576944452,0.009301511503199487,0.0025642756434401423,370,50,1480,5721,7201
997,morphem,D20,std_ctrl__tvn_efaar_e1.0_c304,0.29177317080820947,-0.0147627303100872,-0.004307368632360604,370,88,1480,5849,7329
998,morphem,D20,std_ctrl__tvn_efaar_e1.0_c304,0.3009427994276262,0.02584536596869962,0.007777976786851965,370,69,1480,5913,7393
999,morphem,D20,std_ctrl__tvn_efaar_e1.0_c304,0.28653206243000384,-0.009053120341226118,-0.00259400924279854,370,61,1480,5753,7233
1000,morphem,D20,std_ctrl__tvn_efaar_e1.0_c304,0.29480512972924544,0.058951051610987217,0.01737907241785253,370,74,1480,5433,6913
1001,morphem,D20,std_ctrl__tvn_efaar_e1.0_c304,0.2710507162381645,0.029401301071673696,0.007969243713811068,370,50,1480,5817,7297
1002,morphem,D20,std_ctrl__tvn_efaar_e1.0_c304,0.2999210480530226,-0.022700419644637718,-0.0068083336510631675,370,64,1480,5561,7041
1003,morphem,D20,std_ctrl__tvn_efaar_e1.0_c304,0.27209183346409127,0.015092357937786596,0.004106507342588686,370,107,1480,5753,7233
1004,morphem,D20,std_ctrl__tvn_efaar_e1.0_c304,0.2876937569845553,0.013009877902158054,0.0037428606515821955,370,68,1480,5721,7201
1005,morphem,D20,std_ctrl__tvn_efaar_e1.0_c304,0.25825352830485987,-0.021547168493324664,-0.005564632288380406,370,71,1480,5657,7137
1006,morphem,D20,std_ctrl__tvn_efaar_e1.0_c304,0.2439062778485124,0.017623365236047992,0.004298449417889336,370,65,1480,5625,7105
1007,morphem,D20,std_ctrl__tvn_efaar_e1.0_c304,0.2739539791860741,-0.009575852810130094,-0.0026233429814352892,370,59,1480,5625,7105
1008,morphem,D20,std_ctrl__tvn_efaar_e1.0_c304,0.2844717571327835,0.030168538046085745,0.008582097028097242,370,71,1480,5945,7425
1009,morphem,D20,std_ctrl__tvn_efaar_e1.0_c304,0.288848753026482,0.009268804547189513,0.002677282635501877,370,65,1480,5849,7329
1010,morphem,D20,std_ctrl__tvn_efaar_e1.0_c304,0.276969497458634,0.07960130005525973,0.02204713207335922,370,102,1480,5753,7233
1011,morphem,D20,std_ctrl__tvn_efaar_e1.0_c304,0.2655297199208433,0.03777596240987135,0.010030640718433443,370,70,1480,5881,7361
1012,morphem,D20,std_ctrl__tvn_efaar_e1.0_c304,0.2849603155243557,0.03563340377233542,0.010154105982171467,370,56,1480,5849,7329
1013,morphem,D20,std_ctrl__tvn_efaar_e1.0_c304,0.2684405346513626,0.01070335859689644,0.0028732153043161384,370,91,1480,5791,7271
1014,morphem,D20,std_ctrl__tvn_efaar_e1.0_c304,0.2502940982746446,-0.0482019073134891,-0.01206465292614775,370,83,1480,5881,7361
1015,morphem,D20,std_ctrl__tvn_efaar_e1.0_c304,0.26624341732272017,0.03116425016300186,0.008297276461697754,370,56,1480,5945,7425
1016,morphem,D20,std_ctrl__tvn_efaar_e1.0_c304,0.2885879759269642,-0.007716415612914822,-0.0022268647631423135,370,77,1480,5625,7105
1017,morphem,D20,std_ctrl__tvn_efaar_e1.0_c304,0.2866105589935298,-0.0006788304900274099,-0.0001945599862086077,370,68,1480,5817,7297
1018,morphem,D20,std_ctrl__tvn_efaar_e1.0_c304,0.28283858370752457,0.041877888540023396,0.011844682683321792,370,77,1480,5657,7137
1019,morphem,D20,std_ctrl__tvn_efaar_e1.0_c304,0.28265296832703407,-0.015831694655013374,-0.00447487548788677,370,64,1480,5561,7041
1020,morphem,D20,std_ctrl__tvn_efaar_e1.0_c304,0.2528921799864854,0.003981670247491601,0.0010069332688754796,370,71,1480,5753,7233
1021,morphem,D20,std_ctrl__tvn_efaar_e1.0_c304,0.29535237626881683,0.013397520675565103,0.003956989567638757,370,70,1480,5529,7009
1022,morphem,D20,std_ctrl__tvn_efaar_e1.0_c304,0.28107221346533673,-0.0013875365188335774,-0.0003899979606125415,370,53,1480,5561,7041
1023,morphem,D20,std_ctrl__tvn_efaar_e1.0_c304,0.3028539674868902,0.01277921364631995,0.0038702355541506057,370,80,1480,5593,7073
1024,morphem,D20,std_ctrl__tvn_efaar_e1.0_c304,0.25470216668181955,0.03801538173728014,0.009682600095721725,370,85,1480,5529,7009
1025,morphem,D20,std_ctrl__tvn_efaar_e1.0_c304,0.26894576162686007,0.04510954882921682,0.012132021966517751,370,80,1480,5593,7073
1026,morphem,D20,std_ctrl__tvn_efaar_e1.0_c304,0.28083558613700327,0.012837925061362894,0.003605346209390772,370,62,1480,5529,7009
1027,morphem,D20,std_ctrl__tvn_efaar_e1.0_c304,0.27973852075086675,0.04542923542811058,0.012708307117502522,370,98,1480,5561,7041
1028,morphem,D20,std_ctrl__tvn_efaar_e1.0_c304,0.2959654326451911,0.10466850026138272,0.030978257964183433,370,83,1480,5817,7297
1029,morphem,D20,std_ctrl__tvn_efaar_e1.0_c304,0.2918487586087812,0.020202682572158966,0.005896127829251852,370,63,1480,5849,7329
1030,morphem,D20,std_ctrl__tvn_efaar_e1.0_c304,0.2467973774266295,-0.02085815447048844,-0.005147737821276075,370,51,1480,5593,7073
1031,morphem,D20,std_ctrl__tvn_efaar_e1.0_c304,0.2679055385099134,-0.023615757009693143,-0.006326792099001104,370,58,1480,5625,7105
1032,morphem,D20,std_ctrl__tvn_efaar_e1.0_c304,0.26129984479401663,0.01505789614700148,0.003934625926135908,370,85,1480,5465,6945
1033,morphem,D20,std_ctrl__tvn_efaar_e1.0_c304,0.26719182386790125,0.002993801707918754,0.0007999193386376497,370,71,1480,5401,6881
1034,morphem,D20,std_ctrl__tvn_efaar_e1.0_c304,0.2543418736143452,0.07703092973357846,0.019592190994693316,370,80,1480,5593,7073
1035,morphem,D20,std_ctrl__tvn_efaar_e1.0_c304,0.2980858182892356,0.09842889230669032,0.02934025690654283,370,96,1480,5753,7233
1036,morphem,D20,std_ctrl__tvn_efaar_e1.0_c304,0.2913756254086539,0.057452437827279684,0.016740240003175425,370,65,1480,5465,6945
1037,morphem,D20,std_ctrl__tvn_efaar_e1.0_c304,0.2536766987894977,0.0098359501684035,0.002495151368178604,370,42,1480,5753,7233
1038,morphem,D20,std_ctrl__tvn_efaar_e1.0_c304,0.28315424191334754,0.05116354210549111,0.014487173978481972,370,91,1480,5625,7105
1039,morphem,D20,std_ctrl__tvn_efaar_e1.0_c304,0.2757283450067735,-0.013454103515179667,-0.003709677695790303,370,61,1480,5753,7233
1040,morphem,D20,std_ctrl__tvn_efaar_e1.0_c304,0.2885909319621001,0.011491169642172618,0.0033162473563691885,370,59,1480,5625,7105
1041,morphem,D20,std_ctrl__tvn_efaar_e1.0_c304,0.24436244780126837,0.02552188088515767,0.00623658928558953,370,71,1480,5753,7233
1042,morphem,D20,std_ctrl__tvn_efaar_e1.0_c304,0.2683605149494172,0.04508258404251092,0.012098385468898609,370,84,1480,5561,7041
1043,morphem,D20,std_ctrl__tvn_efaar_e1.0_c304,0.274081389356145,0.051864473550709715,0.014215086969003555,370,63,1480,5657,7137
1044,morphem,D20,std_ctrl__tvn_efaar_e1.0_c304,0.3079168977716576,0.037674894032555355,0.011600736494380379,370,93,1480,5753,7233
1045,morphem,D20,std_ctrl__tvn_efaar_e1.0_c304,0.28453807073089266,-0.002509666911009881,-0.0007140957810359104,370,81,1480,5305,6785
1046,morphem,D20,std_ctrl__tvn_efaar_e1.0_c304,0.284443072570911,0.0044961316040811865,0.0012788934881480315,370,81,1480,5497,6977
1047,morphem,D20,std_ctrl__tvn_efaar_e1.0_c304,0.26445255503977616,0.026280844374793028,0.006950036443516745,370,68,1480,5657,7137
1048,morphem,D20,std_ctrl__tvn_efaar_e1.0_c304,0.318836697717553,0.004264979423043337,0.001359831955076452,370,65,1480,5849,7329
1049,morphem,D20,std_ctrl__tvn_efaar_e1.0_c304,0.2855205457580689,0.006217647665499446,0.0017752661547847848,370,60,1480,5593,7073
1050,morphem,D20,std_ctrl__tvn_efaar_e1.0_c304,0.3191427362122258,0.024498621924017007,0.00781855723425961,370,52,1480,5817,7297
1051,morphem,D20,std_ctrl__tvn_efaar_e1.0_c304,0.2754408309023169,0.008446425757121723,0.0023264905286963385,370,65,1480,5529,7009
1052,morphem,D20,std_ctrl__tvn_efaar_e1.0_c304,0.26144387941224545,-0.013848593006596596,-0.003620629880045906,370,85,1480,5689,7169
1053,morphem,D20,std_ctrl__tvn_efaar_e1.0_c304,0.2694450795209503,0.018899861121316794,0.005092474582768121,370,69,1480,5593,7073
1054,morphem,D20,std_ctrl__tvn_efaar_e1.0_c304,0.2919765834475838,0.04612715680556621,0.013468049648240187,370,127,1480,5657,7137
1055,morphem,D20,std_ctrl__tvn_efaar_e1.0_c304,0.30182277791469136,-0.020841237094801308,-0.006290360075131642,370,59,1480,5465,6945
1056,morphem,D20,std_ctrl__tvn_efaar_e1.0_c304,0.26441093940982935,-0.012042355201994025,-0.0031841304516660855,370,66,1480,5689,7169
1057,morphem,D20,std_ctrl__tvn_efaar_e1.0_c304,0.28641940644506736,0.012091329706998695,0.0034631914778101764,370,53,1480,5753,7233
1058,morphem,D20,std_ctrl__tvn_efaar_e1.0_c304,0.24365993296581437,0.04570022229883801,0.011135313101857685,370,72,1480,5753,7233
1059,morphem,D20,std_ctrl__tvn_efaar_e1.0_c304,0.28674750527610327,0.0015659898065323243,0.0004490436703109516,370,70,1480,5689,7169
1060,morphem,D20,std_ctrl__tvn_efaar_e1.0_c304,0.24415680482224664,-0.003636201310242192,-0.0008878032935992003,370,87,1480,5849,7329
1061,morphem,D20,std_ctrl__tvn_efaar_e1.0_c304,0.25836144699037733,0.028070170147175787,0.00725224977649043,370,70,1480,5945,7425
1062,morphem,D20,std_ctrl__tvn_efaar_e1.0_c304,0.2815585782725263,0.04860122860421615,0.013684092828101136,370,61,1480,5433,6913
1063,morphem,D20,std_ctrl__tvn_efaar_e1.0_c304,0.2694556517321274,0.03483518860525622,0.009386538448840893,370,75,1480,5561,7041
1064,morphem,D20,std_ctrl__tvn_efaar_e1.0_c304,0.29174400209149404,0.06555854236772889,0.019126311521645997,370,63,1480,5657,7137
1065,morphem,D20,std_ctrl__tvn_efaar_e1.0_c304,0.28447271052708883,-0.009931718942608836,-0.0028253030077971682,370,87,1480,5657,7137
1066,morphem,D20,std_ctrl__tvn_efaar_e1.0_c304,0.2884194831068763,0.011926760916244325,0.003439910218602483,370,48,1480,5785,7265
1067,morphem,D20,std_ctrl__tvn_efaar_e1.0_c304,0.27823223956688964,0.011858514557815843,0.0032994210633576658,370,75,1480,5535,7015
1068,morphem,D20,std_ctrl__tvn_efaar_e1.0_c304,0.2771965680885759,-0.00727289136812437,-0.0020160205273251027,370,53,1480,5401,6881
1069,morphem,D20,std_ctrl__tvn_efaar_e1.0_c304,0.27426551075335226,0.02458215491048271,0.006742037271941567,370,57,1480,5689,7169
1070,morphem,D20,std_ctrl__tvn_efaar_e1.0_c304,0.3185631027116965,0.014877757809135538,0.00473950468907139,370,102,1480,5689,7169
1071,morphem,D20,std_ctrl__tvn_efaar_e1.0_c304,0.2690795249711114,0.0927412103655142,0.02495476083039847,370,94,1480,5593,7073
1072,morphem,D20,std_ctrl__tvn_efaar_e1.0_c304,0.2524332314299671,0.04562088743115687,0.0115162280349497,370,67,1480,5561,7041
1073,morphem,D20,std_ctrl__tvn_efaar_e1.0_c304,0.2878192101986053,0.05867378985494538,0.01688744385540932,370,84,1480,5849,7329
1074,morphem,D20,std_ctrl__tvn_efaar_e1.0_c304,0.24180055042495566,0.06564580059060583,0.01587319071589537,370,74,1480,5785,7265
1075,morphem,D20,std_ctrl__tvn_efaar_e1.0_c304,0.3066021570533105,0.043880009417041496,0.013453705538784501,370,64,1480,5561,7041
1076,morphem,D20,std_ctrl__tvn_efaar_e1.0_c304,0.2812362245595496,0.007600218960786245,0.0021374568863574274,370,74,1480,5913,7393
1077,morphem,D20,std_ctrl__tvn_efaar_e1.0_c304,0.2892656176772507,0.020788942430542422,0.006013526273027659,370,60,1480,5689,7169
1078,morphem,D20,std_ctrl__tvn_efaar_e1.0_c304,0.26685621679847915,0.00972247595907794,0.002594503152353704,370,55,1480,5689,7169
1079,morphem,D20,std_ctrl__tvn_efaar_e1.0_c304,0.2574624915291359,-0.01890795426321326,-0.004868089014325834,370,91,1480,5657,7137
1080,morphem,D20,std_ctrl__tvn_efaar_e1.0_c304,0.2342830244306403,0.01572425163265968,0.0036839252294079434,370,88,1480,5785,7265
1081,morphem,D20,std_ctrl__tvn_efaar_e1.0_c304,0.294218200847242,0.006024225458775717,0.0017724367759791426,370,92,1480,5657,7137
1082,morphem,D20,std_ctrl__tvn_efaar_e1.0_c304,0.2587901622938493,-0.027913044548677803,-0.0072236213288677745,370,54,1480,5721,7201
1083,morphem,D20,std_ctrl__tvn_efaar_e1.0_c304,0.26682944931507685,0.016200218100293023,0.004322695274485327,370,70,1480,5817,7297
1084,morphem,D20,std_ctrl__tvn_efaar_e1.0_c304,0.27906508503565114,0.04565986664168517,0.012742074567078363,370,59,1480,5721,7201
1085,morphem,D20,std_ctrl__tvn_efaar_e1.0_c304,0.31459319686579906,0.08578116258353827,0.02698617016802017,370,80,1480,5817,7297
1086,morphem,D20,std_ctrl__tvn_efaar_e1.0_c304,0.2812266538482839,0.0356975194847864,0.010039093955390394,370,81,1480,5561,7041
1087,morphem,D20,std_ctrl__tvn_efaar_e1.0_c304,0.24911858458120065,0.024768287587230074,0.006170240746230877,370,96,1480,5849,7329
1088,morphem,D20,std_ctrl__tvn_efaar_e1.0_c304,0.26954517513980963,0.04835078368100882,0.013032720455444572,370,86,1480,5497,6977
1089,morphem,D20,std_ctrl__tvn_efaar_e1.0_c304,0.2867645073157164,0.07191635318693308,0.020623057589593916,370,44,1480,5753,7233
1090,morphem,D20,std_ctrl__tvn_efaar_e1.0_c304,0.2538669548947538,0.004868498803805613,0.0012359509662308824,370,73,1480,5785,7265
1091,morphem,D20,std_ctrl__tvn_efaar_e1.0_c304,0.29134248425156334,0.03653960499889995,0.010645539293950354,370,73,1480,5753,7233
1092,morphem,D20,std_ctrl__tvn_efaar_e1.0_c304,0.3142565766621188,0.05139656543960891,0.016151708707242064,370,57,1480,5657,7137
1093,morphem,D20,std_ctrl__tvn_efaar_e1.0_c304,0.28287158126261147,0.02623463268267403,0.007421032030791789,370,80,1480,5689,7169
1094,morphem,D20,std_ctrl__tvn_efaar_e1.0_c304,0.279348058670883,0.06968047376369046,0.01946510507315433,370,79,1480,5625,7105
1095,morphem,D20,std_ctrl__tvn_efaar_e1.0_c304,0.24592001901664656,-0.044134067099511794,-0.010853450620393897,370,49,1480,5753,7233
1096,morphem,D20,std_ctrl__tvn_efaar_e1.0_c304,0.2592431870695817,0.001383427560246825,0.0003586441697982827,370,84,1480,5593,7073
1097,morphem,D20,std_ctrl__tvn_efaar_e1.0_c304,0.28387674730806034,0.014257079531190962,0.004047253363426816,370,87,1480,5657,7137
1098,morphem,D20,std_ctrl__tvn_efaar_e1.0_c304,0.24208896960522971,-0.019496865827973612,-0.0047199761588255455,370,86,1480,5753,7233
1099,morphem,D20,std_ctrl__tvn_efaar_e1.0_c304,0.26710459648083273,0.009339817319704338,0.00249470813638432,370,82,1480,5721,7201
1100,morphem,D20,std_ctrl__tvn_efaar_e1.0_c304,0.25434658415470607,-0.00898419731655831,-0.0022850998988384824,370,76,1480,5817,7297
1101,morphem,D20,std_ctrl__tvn_efaar_e1.0_c304,0.29693014675069607,0.003581632589226302,0.0010634946903260412,370,77,1480,5593,7073
1102,morphem,D20,std_ctrl__tvn_efaar_e1.0_c304,0.27870377200493046,0.019927880147260407,0.005553975365103644,370,56,1480,5753,7233
1103,morphem,D20,std_ctrl__tvn_efaar_e1.0_c304,0.29311566131962075,0.054585036425806255,0.01599972905010579,370,57,1480,5977,7457
1104,morphem,D20,std_ctrl__tvn_efaar_e1.0_c304,0.2813446303301825,-0.020214812754898167,-0.005687329021720682,370,89,1480,5689,7169
1105,morphem,D20,std_ctrl__tvn_efaar_e1.0_c304,0.26402693782531805,0.015462112430382575,0.004082414197304697,370,65,1480,5721,7201
1106,morphem,D20,std_ctrl__tvn_efaar_e1.0_c304,0.3127394161780961,0.018409318335358048,0.005757319468436595,370,79,1480,5593,7073
1107,morphem,D20,std_ctrl__tvn_efaar_e1.0_c304,0.30932654066963594,-0.01480548396687605,-0.004579729138413527,370,77,1480,5497,6977
1108,morphem,D20,std_ctrl__tvn_efaar_e1.0_c304,0.29522638487859015,0.035504020542086734,0.01048172363329547,370,77,1480,5753,7233
1109,morphem,D20,std_ctrl__tvn_efaar_e1.0_c304,0.27683986550077533,0.023885965557548176,0.006612587492307789,370,67,1480,5689,7169
1110,morphem,D20,std_ctrl__tvn_efaar_e1.0_c304,0.26514578272507255,0.023160001616477837,0.0061407767565149615,370,74,1480,5817,7297
1111,morphem,D20,std_ctrl__tvn_efaar_e1.0_c304,0.26383015707244434,0.02489053638989779,0.006566874125364126,370,76,1480,5785,7265
1112,morphem,D20,std_ctrl__tvn_efaar_e1.0_c304,0.2936962254401301,0.0177408527258993,0.005210421481685867,370,90,1480,5817,7297
1113,morphem,D20,std_ctrl__tvn_efaar_e1.0_c304,0.24739867301338142,0.03682983739586209,0.009111652899034893,370,64,1480,5689,7169
1114,morphem,D20,std_ctrl__tvn_efaar_e1.0_c304,0.26692503252074096,0.011866754711271878,0.003167533887221902,370,70,1480,5657,7137
1115,morphem,D20,std_ctrl__tvn_efaar_e1.0_c304,0.30116369958949424,0.09459568366908623,0.02848878605897951,370,86,1480,5529,7009
1116,morphem,D20,std_ctrl__tvn_efaar_e1.0_c304,0.26958312016688357,0.015280321044956422,0.004119316624451047,370,89,1480,5657,7137
1117,morphem,D20,std_ctrl__tvn_efaar_e1.0_c304,0.2906381691992088,-0.020433855846812055,-0.0059388584529980045,370,75,1480,5753,7233
1118,morphem,D20,std_ctrl__tvn_efaar_e1.0_c304,0.26390268099819164,0.07881083632120899,0.02079839099687671,370,82,1480,5657,7137
1119,morphem,D20,std_ctrl__tvn_efaar_e1.0_c304,0.2787947104107244,-0.019849021329216475,-0.005533802153415199,370,60,1480,5785,7265
1120,morphem,D20,std_ctrl__tvn_efaar_e1.0_c304,0.30804857058810126,0.0870848107402437,0.0268263514684674,370,65,1480,5657,7137
1121,morphem,D20,std_ctrl__tvn_efaar_e1.0_c304,0.28982827773801895,0.047776881997302505,0.013847091424970748,370,83,1480,5753,7233
1122,morphem,D20,std_ctrl__tvn_efaar_e1.0_c304,0.25959434149602634,-0.03392170953773144,-0.008805883849866868,370,66,1480,5625,7105
1123,morphem,D20,std_ctrl__tvn_efaar_e1.0_c304,0.29695677541557,-0.021255152959257166,-0.006311861683745717,370,102,1480,5273,6753
1124,morphem,D20,std_ctrl__tvn_efaar_e1.0_c304,0.2927473494384055,0.04186627313215281,0.012256240490302068,370,81,1480,5913,7393
1125,morphem,D20,std_ctrl__tvn_efaar_e1.0_c304,0.27790074567264306,0.04116907472455142,0.0114409165646056,370,64,1480,5657,7137
1126,morphem,D20,std_ctrl__tvn_efaar_e1.0_c304,0.2608227914799524,0.008909327921862002,0.0023237557787903307,370,104,1480,5817,7297
1127,morphem,D20,std_ctrl__tvn_efaar_e1.0_c304,0.260862639704975,0.012614902898355212,0.0032907568696868804,370,93,1480,5593,7073
1128,morphem,D20,std_ctrl__tvn_efaar_e1.0_c304,0.2755741402838878,0.011802713674640749,0.0032525226739060107,370,81,1480,5593,7073
1129,morphem,D20,std_ctrl__tvn_efaar_e1.0_c304,0.2667072835570206,0.0008031439652209562,0.00021420434526929548,370,64,1480,5721,7201
1130,morphem,D20,std_ctrl__tvn_efaar_e1.0_c304,0.28582054999215534,-0.006459107944292133,-0.0018461457850962773,370,85,1480,5625,7105
1131,morphem,D20,std_ctrl__tvn_efaar_e1.0_c304,0.26834824431716003,0.07266517707913707,0.01949957269218197,370,57,1480,5689,7169
1132,morphem,D20,std_ctrl__tvn_efaar_e1.0_c304,0.2755898108555621,0.009612092060101371,0.002648994632769587,370,84,1480,5817,7297
1133,morphem,D20,std_ctrl__tvn_efaar_e1.0_c304,0.2878633671485686,-0.0024395856257093777,-0.000702267332663949,370,54,1480,5881,7361
1134,morphem,D20,std_ctrl__tvn_efaar_e1.0_c304,0.2819854774422902,0.010769955458792899,0.003036971032079915,370,54,1480,5721,7201
1135,morphem,D20,std_ctrl__tvn_efaar_e1.0_c304,0.2583857448854823,0.09156618787145132,0.023659397659488966,370,59,1480,5657,7137
1136,morphem,D20,std_ctrl__tvn_efaar_e1.0_c304,0.2510982984215262,0.0398421090459529,0.01000428578696367,370,71,1480,5593,7073
1137,morphem,D20,std_ctrl__tvn_efaar_e1.0_c304,0.24753371151644857,0.05924621599102419,0.014665435737563385,370,91,1480,5689,7169
1138,morphem,D20,std_ctrl__tvn_efaar_e1.0_c304,0.2583024272322814,-0.0016304711508025448,-0.0004211546557845085,370,70,1480,5593,7073
1139,morphem,D20,std_ctrl__tvn_efaar_e1.0_c304,0.2757175347233886,0.02468094376477358,0.0068049689694699616,370,74,1480,5785,7265
1140,morphem,D20,std_ctrl__tvn_efaar_e1.0_c304,0.2728067825478084,0.10663867859057087,0.029091754801443496,370,54,1480,5785,7265
1141,morphem,D20,std_ctrl__tvn_efaar_e1.0_c304,0.2297118464075617,0.03725821601800235,0.008558653595347111,370,85,1480,5817,7297
1142,morphem,D20,std_ctrl__tvn_efaar_e1.0_c304,0.32142733706986404,-0.015841636751852968,-0.00509193511597619,370,69,1480,5561,7041
1143,morphem,D20,std_ctrl__tvn_efaar_e1.0_c304,0.27742562971781354,-0.01230124778441225,-0.003412681412905427,370,60,1480,5689,7169
1144,morphem,D20,std_ctrl__tvn_efaar_e1.0_c304,0.28351346591551485,0.022954569052869692,0.006507929430776103,370,61,1480,5631,7111
1145,morphem,D20,std_ctrl__tvn_efaar_e1.0_c304,0.2972970414511632,-0.03159548384833727,-0.009393243871328682,370,91,1480,5785,7265
1146,morphem,D20,std_ctrl__tvn_efaar_e1.0_c304,0.27855613790316,0.0504239614160596,0.014045903949835516,370,77,1480,5625,7105
1147,morphem,D20,std_ctrl__tvn_efaar_e1.0_c304,0.24362020307864626,0.04088491239649992,0.009960390660887972,370,46,1480,5849,7329
1148,morphem,D20,std_ctrl__tvn_efaar_e1.0_c304,0.24883136056489824,-0.019617478721000035,-0.004881443920999378,370,75,1480,5529,7009
1149,morphem,D20,std_ctrl__tvn_efaar_e1.0_c304,0.2961257181681984,0.023307497878590554,0.006901949548001388,370,69,1480,5625,7105
1150,morphem,D20,std_ctrl__tvn_efaar_e1.0_c304,0.2920246062000511,0.007756841200589294,0.00226518849695842,370,53,1480,5785,7265
1151,morphem,D20,std_ctrl__tvn_efaar_e1.0_c304,0.28716424969717286,0.018852894251227884,0.005413877232273999,370,87,1480,5657,7137
1152,morphem,D20,std_ctrl__tvn_efaar_e1.0_c304,0.2957876351058131,-0.03818368725292554,-0.011294262552162827,370,80,1480,5849,7329
1153,morphem,D20,std_ctrl__tvn_efaar_e1.0_c304,0.28141194649181245,0.08266506902707889,0.023262937981790306,370,75,1480,5497,6977
1154,morphem,D20,std_ctrl__tvn_efaar_e1.0_c304,0.2741166029663171,0.013408683241172784,0.0036755427003216704,370,71,1480,5401,6881
1155,morphem,D20,std_ctrl__tvn_efaar_e1.0_c304,0.27135377951559847,0.07297803342113351,0.01980286519044024,370,70,1480,5881,7361
1156,morphem,D20,std_ctrl__tvn_efaar_e1.0_c304,0.26325391550114985,0.01963013326314634,0.0051677094433326375,370,93,1480,5753,7233
1157,morphem,D20,std_ctrl__tvn_efaar_e1.0_c304,0.2994593853484261,-0.009376126332811735,-0.0028077690285729946,370,55,1480,5785,7265
1158,morphem,D20,std_ctrl__tvn_efaar_e1.0_c304,0.29203840207970067,0.037903427541643844,0.011069256412605385,370,67,1480,5657,7137
1159,morphem,D20,std_ctrl__tvn_efaar_e1.0_c304,0.25651214385843263,0.011016055493009807,0.0028257520113754084,370,78,1480,5791,7271
1160,morphem,D20,std_ctrl__tvn_efaar_e1.0_c304,0.2930564949073816,-0.06020961452872427,-0.017644818593512492,370,34,1480,5689,7169
1161,morphem,D20,std_ctrl__tvn_efaar_e1.0_c304,0.27218623954940946,0.028177849918045412,0.0076696230077804165,370,65,1480,5817,7297
1162,morphem,D20,std_ctrl__tvn_efaar_e1.0_c304,0.27783308640016613,0.028310104324151205,0.007865483660689619,370,71,1480,5753,7233
1163,morphem,D20,std_ctrl__tvn_efaar_e1.0_c304,0.31361908582327874,0.0019284822776113092,0.0006048088489308532,370,68,1480,5593,7073
1164,morphem,D20,std_ctrl__tvn_efaar_e1.0_c304,0.2828549940558215,-0.008177661994096082,-0.0023130925347305646,370,83,1480,5753,7233
1165,morphem,D20,std_ctrl__tvn_efaar_e1.0_c304,0.2829421859717098,0.07291467689517868,0.020630638070142777,370,81,1480,5721,7201
1166,morphem,D20,std_ctrl__tvn_efaar_e1.0_c304,0.29287876543771374,0.11909826346627729,0.03488135236977886,370,87,1480,5625,7105
1167,morphem,D20,std_ctrl__tvn_efaar_e1.0_c304,0.29013472664040874,-0.0003323048656842624,-9.641318136658122e-05,370,64,1480,5721,7201
1168,morphem,D20,std_ctrl__tvn_efaar_e1.0_c304,0.29759255188823264,0.051427883388689886,0.015304555055850672,370,63,1480,5913,7393
1169,morphem,D20,std_ctrl__tvn_efaar_e1.0_c304,0.2703483968253012,-0.03223759265634161,-0.008715381492149057,370,62,1480,5529,7009
1170,morphem,D20,std_ctrl__tvn_efaar_e1.0_c304,0.3082297454531013,0.014511586894646907,0.004472902734657577,370,97,1480,5468,6948
1171,morphem,D20,std_ctrl__tvn_efaar_e1.0_c304,0.26514854222807205,0.007936825231406867,0.0021044376400265116,370,102,1480,5817,7297
1172,morphem,D20,std_ctrl__tvn_efaar_e1.0_c304,0.27360846459412047,0.018619436531846528,0.0050944354410862045,370,81,1480,5881,7361
1173,morphem,D20,std_ctrl__tvn_efaar_e1.0_c304,0.28001413736406683,0.012992788820963101,0.0036381645536554736,370,89,1480,5657,7137
1174,morphem,D20,std_ctrl__tvn_efaar_e1.0_c304,0.2839975653979957,0.013396087953558466,0.0038044563646680227,370,87,1480,5913,7393
1175,morphem,D20,std_ctrl__tvn_efaar_e1.0_c304,0.27895622448519136,0.025383472423892803,0.007080877631693105,370,77,1480,5785,7265
1176,morphem,D20,std_ctrl__tvn_efaar_e1.0_c304,0.24609214495149329,0.00014691013762885605,3.615343088420427e-05,370,78,1480,5497,6977
1177,morphem,D20,std_ctrl__tvn_efaar_e1.0_c304,0.2933711298334331,0.028739452790485145,0.008431325735939238,370,62,1480,5753,7233
1178,morphem,D20,std_ctrl__tvn_efaar_e1.0_c304,0.2781335362579074,0.011533291278372037,0.0032077950879460955,370,63,1480,5593,7073
1179,morphem,D20,std_ctrl__tvn_efaar_e1.0_c304,0.27488235211770917,0.041319549477610684,0.011358014948849686,370,85,1480,5721,7201
1180,morphem,D20,std_ctrl__tvn_efaar_e1.0_c304,0.29168007303982374,0.025498024713048597,0.007437265710673245,370,87,1480,5721,7201
1181,morphem,D20,std_ctrl__tvn_efaar_e1.0_c304,0.26360680335249975,0.03446013744400861,0.009083926674702892,370,70,1480,5401,6881
1182,morphem,D20,std_ctrl__tvn_efaar_e1.0_c304,0.3094742475853438,0.043905982014269575,0.013587770748361715,370,76,1480,5753,7233
1183,morphem,D20,std_ctrl__tvn_efaar_e1.0_c304,0.2476916224987359,-0.019890512141416433,-0.004926713224638242,370,74,1480,5849,7329
1184,morphem,D20,std_ctrl__tvn_efaar_e1.0_c304,0.2897176643701701,0.10551236085659216,0.03056879474955444,370,79,1480,5753,7233
1185,morphem,D20,std_ctrl__tvn_efaar_e1.0_c304,0.27170481011315645,-0.010055802631957102,-0.002732209944651283,370,59,1480,5881,7361
1186,morphem,D20,std_ctrl__tvn_efaar_e1.0_c304,0.26062397276852356,-0.0191277552035403,-0.004985151551290472,370,65,1480,5561,7041
1187,morphem,D20,std_ctrl__tvn_efaar_e1.0_c304,0.22932692588778092,0.04670158299228604,0.010709930461714031,370,75,1480,5785,7265
1188,morphem,D20,std_ctrl__tvn_efaar_e1.0_c304,0.3012874531482954,0.022312500391912855,0.006722476416449768,370,62,1480,5849,7329
1189,morphem,D20,std_ctrl__tvn_efaar_e1.0_c304,0.28863274892699,0.00654244910903031,0.0018883650710543546,370,67,1480,5625,7105
1190,morphem,D20,std_ctrl__tvn_efaar_e1.0_c304,0.28060574889935913,-0.004456155357142199,-0.001250422811202778,370,63,1480,5657,7137
1191,morphem,D20,std_ctrl__tvn_efaar_e1.0_c304,0.26244927379029714,0.0015174849894353793,0.00039826283346499204,370,52,1480,5721,7201
1192,morphem,D20,std_ctrl__tvn_efaar_e1.0_c304,0.2746004805499632,0.008780587739758644,0.002411153612848839,370,72,1480,5401,6881
1193,morphem,D20,std_ctrl__tvn_efaar_e1.0_c304,0.31239234187096404,0.005546270361464943,0.0017326123868675518,370,67,1480,5689,7169
1194,morphem,D20,std_ctrl__tvn_efaar_e1.0_c304,0.27345333250479137,0.0350418983152849,0.00958232387160869,370,70,1480,5721,7201
1195,morphem,D20,std_ctrl__tvn_efaar_e1.0_c304,0.3052820149644793,-0.02907320821169945,-0.008875527584349454,370,43,1480,5593,7073
1196,morphem,D20,std_ctrl__tvn_efaar_e1.0_c304,0.2619561989966864,-0.018636335605448986,-0.004881903638430027,370,75,1480,5721,7201
1197,morphem,D20,std_ctrl__tvn_efaar_e1.0_c304,0.27700361539571466,-0.01662629738925339,-0.004605544487467522,370,51,1480,5657,7137
1198,morphem,D20,std_ctrl__tvn_efaar_e1.0_c304,0.25007417104850393,0.003271755682640245,0.0008181815902094914,370,72,1480,5593,7073
1199,morphem,D20,std_ctrl__tvn_efaar_e1.0_c304,0.315075140702719,-0.011185695046690708,-0.003524334440693782,370,89,1480,5689,7169
1200,morphem,D20,std_ctrl__tvn_efaar_e1.0_c304,0.28745237792580075,0.014980609837408662,0.004306211920541763,370,61,1480,5689,7169
1201,morphem,D20,std_ctrl__tvn_efaar_e1.0_c304,0.29344387664860305,0.07272542740567137,0.021340831348846765,370,61,1480,5625,7105
1202,morphem,D20,std_ctrl__tvn_efaar_e1.0_c304,0.2942333093874532,0.00988418797608837,0.002908257338812154,370,96,1480,5817,7297
1203,morphem,D20,std_ctrl__tvn_efaar_e1.0_c304,0.2621392775092237,0.012402482413631582,0.003251177779230236,370,41,1480,5625,7105
1204,morphem,D20,std_ctrl__tvn_efaar_e1.0_c304,0.2835168618536344,-0.015714773970430605,-0.004455403400835663,370,73,1480,5657,7137
1205,morphem,D20,std_ctrl__tvn_efaar_e1.0_c304,0.30556022301510943,0.03905153299847759,0.011932595132096718,370,84,1480,5849,7329
1206,morphem,D20,std_ctrl__tvn_efaar_e1.0_c304,0.29942383611258677,0.003374289827587705,0.0010103428043319897,370,46,1480,5625,7105
1207,morphem,D20,std_ctrl__tvn_efaar_e1.0_c304,0.2804998518124297,-0.03207165519953035,-0.008996094530847603,370,67,1480,5465,6945
1208,morphem,D20,std_ctrl__tvn_efaar_e1.0_c304,0.27697844744066386,0.036480884404581936,0.010104418723643432,370,86,1480,5625,7105
1209,morphem,D20,std_ctrl__tvn_efaar_e1.0_c304,0.2946890327827424,-0.0176149185545995,-0.005190923311401709,370,60,1480,5753,7233
1210,morphem,D20,std_ctrl__tvn_efaar_e1.0_c304,0.28983576566925384,0.001154389133691871,0.00033458325844385004,370,67,1480,5753,7233
1211,morphem,D20,std_ctrl__tvn_efaar_e1.0_c304,0.2721634965495153,0.04211808643122949,0.011463005671098115,370,61,1480,5625,7105
1212,morphem,D20,std_ctrl__tvn_efaar_e1.0_c304,0.29300673921349124,0.014972809083744015,0.004387133966493976,370,63,1480,5791,7271
1213,morphem,D20,std_ctrl__tvn_efaar_e1.0_c304,0.2784490136150128,0.01525505558980534,0.004247755181623484,370,63,1480,5721,7201
1214,morphem,D20,std_ctrl__tvn_efaar_e1.0_c304,0.2604678746603757,0.1927354341631482,0.05020138890821998,370,64,1480,5817,7297
1215,morphem,D20,std_ctrl__tvn_efaar_e1.0_c304,0.2679590464229928,-0.03623974218564024,-0.009710766758679263,370,88,1480,5616,7096
1216,morphem,D20,std_ctrl__tvn_efaar_e1.0_c304,0.2532713691512964,0.00909543550329764,0.002303613402947504,370,98,1480,5657,7137
1217,morphem,D20,std_ctrl__tvn_efaar_e1.0_c304,0.2735782358348577,0.03938623079662323,0.010775215537524724,370,88,1480,5721,7201
1218,morphem,D20,std_ctrl__tvn_efaar_e1.0_c304,0.27263878275517656,0.0030370958913390864,0.0008280301269254365,370,61,1480,5753,7233
1219,morphem,D20,std_ctrl__tvn_efaar_e1.0_c304,0.2983802261496008,-0.019902504467151444,-0.005938513783852088,370,68,1480,5849,7329
1220,morphem,D20,std_ctrl__tvn_efaar_e1.0_c304,0.2595877295573997,0.02436790023149248,0.006325607895174368,370,62,1480,5817,7297
1221,morphem,D20,std_ctrl__tvn_efaar_e1.0_c304,0.286634724896963,0.056297325544294244,0.01613676841982355,370,63,1480,5849,7329
1222,morphem,D20,std_ctrl__tvn_efaar_e1.0_c304,0.25393699350864557,0.021046145829158043,0.005344394996800914,370,69,1480,5785,7265
1223,morphem,D20,std_ctrl__tvn_efaar_e1.0_c304,0.27013619033448916,0.04396657644545833,0.0118769634630262,370,77,1480,5561,7041
1224,morphem,D20,std_ctrl__tvn_efaar_e1.0_c304,0.27810166714968504,0.03433693740694017,0.009549159537684444,370,70,1480,5305,6785
1225,morphem,D20,std_ctrl__tvn_efaar_e1.0_c304,0.2972448292542077,-0.011185186025880365,-0.003324738710439359,370,111,1480,5817,7297
1226,morphem,D20,std_ctrl__tvn_efaar_e1.0_c304,0.2591102022441054,0.05979241246160297,0.015492824085588913,370,43,1480,5593,7073
1227,morphem,D20,std_ctrl__tvn_efaar_e1.0_c304,0.2347676574363108,0.018738533454039568,0.004399201602796811,370,65,1480,5661,7141
1228,morphem,D20,std_ctrl__tvn_efaar_e1.0_c304,0.2806002491018576,0.025287194334410398,0.00709559302932264,370,55,1480,5689,7169
1229,morphem,D20,std_ctrl__tvn_efaar_e1.0_c304,0.3108469609133952,-0.009389921294436335,-0.002918828497591509,370,61,1480,5631,7111
1230,morphem,D20,std_ctrl__tvn_efaar_e1.0_c304,0.2951365599385163,0.08107833592010262,0.023929181148998526,370,98,1480,5817,7297
1231,morphem,D20,std_ctrl__tvn_efaar_e1.0_c304,0.24493598828368573,0.0366084997636547,0.00896673906919384,370,61,1480,5561,7041
1232,morphem,D20,std_ctrl__tvn_efaar_e1.0_c304,0.2840175127675733,0.15643200752029737,0.04442942969315318,370,59,1480,5689,7169
1233,morphem,D20,std_ctrl__tvn_efaar_e1.0_c304,0.30290241461583056,-0.02449299955784081,-0.007418988707254452,370,40,1480,5593,7073
1234,morphem,D20,std_ctrl__tvn_efaar_e1.0_c304,0.25710376695850734,0.11855662686345192,0.030481355364487654,370,71,1480,5433,6913
1235,morphem,D20,std_ctrl__tvn_efaar_e1.0_c304,0.24361766110514424,0.08709351739198329,0.02121751900445517,370,73,1480,5753,7233
1236,morphem,D20,std_ctrl__tvn_efaar_e1.0_c304,0.2757437647263085,0.02265427138302469,0.006246774078286704,370,56,1480,5561,7041
1237,morphem,D20,std_ctrl__tvn_efaar_e1.0_c304,0.2553243652370217,0.02791851261387344,0.00712827651149902,370,72,1480,5625,7105
1238,morphem,D20,std_ctrl__tvn_efaar_e1.0_c304,0.2570178241003613,0.05569928396521411,0.014315708768687475,370,75,1480,5721,7201
1239,morphem,D20,std_ctrl__tvn_efaar_e1.0_c304,0.27504523767636085,0.06658629103070263,0.018314242242526937,370,93,1480,5753,7233
1240,morphem,D20,std_ctrl__tvn_efaar_e1.0_c304,0.27437656867093113,0.03266897102597448,0.008963600172116946,370,104,1480,5785,7265
1241,morphem,D20,std_ctrl__tvn_efaar_e1.0_c304,0.2404044399401056,-0.007994028094028764,-0.001921799846810455,370,50,1480,5401,6881
1242,morphem,D20,std_ctrl__tvn_efaar_e1.0_c304,0.25936564563779213,0.04794611130339067,0.012435574114025365,370,69,1480,5657,7137
1243,morphem,D20,std_ctrl__tvn_efaar_e1.0_c304,0.30423108204801647,0.08551138133977204,0.026015220072419413,370,66,1480,5785,7265
1244,morphem,D20,std_ctrl__tvn_efaar_e1.0_c304,0.28389523783114606,-0.002262801445993946,-0.0006423985546751125,370,68,1480,5721,7201
1245,morphem,D20,std_ctrl__tvn_efaar_e1.0_c304,0.27803988539045943,-0.026380269735684764,-0.007334767173879197,370,75,1480,5593,7073
1246,morphem,D20,std_ctrl__tvn_efaar_e1.0_c304,0.31565760032859536,0.033486607325086994,0.010570302111382924,370,61,1480,5561,7041
1247,morphem,D20,std_ctrl__tvn_efaar_e1.0_c304,0.2698438603104175,0.07658146328534408,0.020665037681137758,370,48,1480,5785,7265
1248,morphem,D20,std_ctrl__tvn_efaar_e1.0_c304,0.2790987498657593,-0.016939232078735635,-0.004727718496861082,370,71,1480,5785,7265
1249,morphem,D20,std_ctrl__tvn_efaar_e1.0_c304,0.27310663551373987,-0.013430235290646578,-0.0036678863743863812,370,61,1480,5657,7137
1250,morphem,D20,std_ctrl__tvn_efaar_e1.0_c304,0.3016045374740673,-0.005021641023576954,-0.0015145497182767291,370,67,1480,5561,7041
1251,morphem,D20,std_ctrl__tvn_efaar_e1.0_c304,0.2790924690675216,-0.005333385038957355,-0.0014885075990103882,370,56,1480,5561,7041
1252,morphem,D20,std_ctrl__tvn_efaar_e1.0_c304,0.2681122786113131,0.024469772818102278,0.0065606465473625735,370,62,1480,5753,7233
1253,morphem,D20,std_ctrl__tvn_efaar_e1.0_c304,0.23953003803507328,0.009693827561174536,0.0023219628844335784,370,81,1480,5849,7329
1254,morphem,D20,std_ctrl__tvn_efaar_e1.0_c304,0.27852324395844374,0.0008913535882241611,0.00024826269290619224,370,77,1480,5689,7169
1255,morphem,D20,std_ctrl__tvn_efaar_e1.0_c304,0.2796454462094428,0.021151213310411334,0.005914840484061084,370,101,1480,5657,7137
1256,morphem,D20,std_ctrl__tvn_efaar_e1.0_c304,0.2503962823323814,0.0006901814420864883,0.00017281886723325847,370,100,1480,5625,7105
1257,morphem,D20,std_ctrl__tvn_efaar_e1.0_c304,0.28662732456981316,0.04292919174500582,0.012304679375815527,370,78,1480,5625,7105
1258,morphem,D20,std_ctrl__tvn_efaar_e1.0_c304,0.2558923965769615,0.05269269421400749,0.01348365980451937,370,70,1480,5849,7329
1259,morphem,D20,std_ctrl__tvn_efaar_e1.0_c304,0.29184159887115646,-0.0047252615516957435,-0.0013790278863312876,370,66,1480,5657,7137
1260,morphem,D20,std_ctrl__tvn_efaar_e1.0_c304,0.23644452467441712,0.012428134126777027,0.0029385642661956964,370,63,1480,5785,7265
1261,morphem,D20,std_ctrl__tvn_efaar_e1.0_c304,0.2502680518819606,0.06452765068503417,0.016149209429463164,370,64,1480,5369,6849
1262,morphem,D20,std_ctrl__tvn_efaar_e1.0_c304,0.277869376759148,0.018181323876505937,0.005052033134220922,370,79,1480,5689,7169
1263,morphem,D20,std_ctrl__tvn_efaar_e1.0_c304,0.26928955697504153,0.040734784820464866,0.01096945215777663,370,83,1480,5817,7297
1264,morphem,D20,std_ctrl__tvn_efaar_e1.0_c304,0.29584397098661674,0.021166314933820818,0.006261926661174879,370,71,1480,5753,7233
1265,morphem,D20,std_ctrl__tvn_efaar_e1.0_c304,0.27883296597426616,0.01514255782416522,0.004222244310548818,370,56,1480,5849,7329
1266,morphem,D20,std_ctrl__tvn_efaar_e1.0_c304,0.24964147823091637,0.009338417989623395,0.0023312564712677664,370,80,1480,5628,7108
1267,morphem,D20,std_ctrl__tvn_efaar_e1.0_c304,0.29199094366829914,-0.0008558157245857316,-0.00024989044102795695,370,52,1480,5599,7079
1268,morphem,D20,std_ctrl__tvn_efaar_e1.0_c304,0.24181124569516194,0.01060499160562158,0.00256440623074209,370,79,1480,5753,7233
1269,morphem,D20,std_ctrl__tvn_efaar_e1.0_c304,0.2726944914373512,0.028504048723944953,0.007772897070681648,370,84,1480,5561,7041
1270,morphem,D20,std_ctrl__tvn_efaar_e1.0_c304,0.2949967108101942,0.021698695343005957,0.006401043755059236,370,68,1480,5631,7111
1271,morphem,D20,std_ctrl__tvn_efaar_e1.0_c304,0.2920013903014612,0.04226162584158609,0.012340453502143299,370,60,1480,5689,7169
1272,morphem,D20,std_ctrl__tvn_efaar_e1.0_c304,0.29788861519617016,0.01826349661751053,0.005440487716030149,370,59,1480,5657,7137
1273,morphem,D20,std_ctrl__tvn_efaar_e1.0_c304,0.29336916801706747,0.05264888263286555,0.015445558895032,370,61,1480,5753,7233
1274,morphem,D20,std_ctrl__tvn_efaar_e1.0_c304,0.2679538370867149,0.06417165818450792,0.017195042042755987,370,85,1480,5785,7265
1275,morphem,D20,std_ctrl__tvn_efaar_e1.0_c304,0.3104588377882833,-0.027883910620469857,-0.008656806484223442,370,57,1480,5785,7265
1276,morphem,D20,std_ctrl__tvn_efaar_e1.0_c304,0.3071490392489485,0.03196461422363171,0.009817900548751753,370,72,1480,5689,7169
1277,morphem,D20,std_ctrl__tvn_efaar_e1.0_c304,0.27725530382113756,0.08618375937971344,0.023894904391270264,370,62,1480,5721,7201
1278,morphem,D20,std_ctrl__tvn_efaar_e1.0_c304,0.2409504237872985,0.016231414152497875,0.003910966118711517,370,70,1480,5465,6945
1279,morphem,D20,std_ctrl__tvn_efaar_e1.0_c304,0.2714400480250978,0.05615916254143542,0.015243845777296504,370,57,1480,5593,7073
1280,morphem,D20,std_ctrl__tvn_efaar_e1.0_c304,0.2764976137136313,0.02213678791434155,0.006120769033600191,370,54,1480,5881,7361
1281,morphem,D20,std_ctrl__tvn_efaar_e1.0_c304,0.27427416081617984,0.037681918658258456,0.010335176617937387,370,88,1480,5881,7361
1282,morphem,D20,std_ctrl__tvn_efaar_e1.0_c304,0.3037299986091815,0.020039457345276773,0.006086584351609666,370,59,1480,5593,7073
1283,morphem,D20,std_ctrl__tvn_efaar_e1.0_c304,0.26849019561076615,-0.01499190332715168,-0.00402517905688465,370,78,1480,5657,7137
1284,morphem,D20,std_ctrl__tvn_efaar_e1.0_c304,0.24802715993004995,0.091082338250759,0.022590893676123908,370,75,1480,5669,7149
1285,morphem,D20,std_ctrl__tvn_efaar_e1.0_c304,0.25514970358752853,0.0441597733752243,0.011267353087180914,370,75,1480,5657,7137
1286,morphem,D20,std_ctrl__tvn_efaar_e1.0_c304,0.2688874470538515,0.06931140074949735,0.01863696559925875,370,83,1480,5625,7105
1287,morphem,D20,std_ctrl__tvn_efaar_e1.0_c304,0.2744951826899463,0.04685236053651661,0.012860747264926359,370,94,1480,5502,6982
1288,morphem,D20,std_ctrl__tvn_efaar_e1.0_c304,0.26255738821681907,-0.0131578302876555,-0.0034546855549269853,370,56,1480,5561,7041
1289,morphem,D20,std_ctrl__tvn_efaar_e1.0_c304,0.26648164009007125,0.0976379409391973,0.026018718636494808,370,57,1480,5913,7393
1290,morphem,D20,std_ctrl__tvn_efaar_e1.0_c304,0.2705475164700348,0.03571275647170229,0.009661997569718216,370,49,1480,5433,6913
1291,morphem,D20,std_ctrl__tvn_efaar_e1.0_c304,0.2760072882321132,0.0610326908827298,0.01684546750405107,370,62,1480,5561,7041
1292,morphem,D20,std_ctrl__tvn_efaar_e1.0_c304,0.2551336393042912,-0.03167078257907391,-0.008080282019014073,370,94,1480,5593,7073
1293,morphem,D20,std_ctrl__tvn_efaar_e1.0_c304,0.2719471475938165,0.015240731035066683,0.004144673332230939,370,61,1480,5561,7041
1294,morphem,D20,std_ctrl__tvn_efaar_e1.0_c304,0.263599821833845,-0.028836335703146813,-0.007601252953690444,370,49,1480,5881,7361
1295,morphem,D20,std_ctrl__tvn_efaar_e1.0_c304,0.277380543221418,0.040679573256581655,0.011283722127926086,370,68,1480,5785,7265
1296,morphem,D20,std_ctrl__tvn_efaar_e1.0_c304,0.2708713027479795,-0.00473535522957273,-0.001282671840008823,370,89,1480,5721,7201
1297,morphem,D20,std_ctrl__tvn_efaar_e1.0_c304,0.269421350334252,-0.02410929060366134,-0.006495557630039332,370,89,1480,5593,7073
1298,morphem,D20,std_ctrl__tvn_efaar_e1.0_c304,0.3246630787960277,0.07767182702772216,0.02521717449853279,370,72,1480,5849,7329
1299,morphem,D20,std_ctrl__tvn_efaar_e1.0_c304,0.2672656313642014,0.03266133479052523,0.008729252263987282,370,52,1480,5753,7233
1300,morphem,D20,std_ctrl__tvn_efaar_e1.0_c304,0.2661682679484901,-0.024063309827777008,-0.006404889497967285,370,70,1480,5753,7233
1301,morphem,D20,std_ctrl__tvn_efaar_e1.0_c304,0.29950692947739965,0.0747487792656013,0.022387777360024164,370,59,1480,5689,7169
1302,morphem,D20,std_ctrl__tvn_efaar_e1.0_c304,0.29465436699613967,-0.007038552480119814,-0.002073940225598813,370,89,1480,5785,7265
1303,morphem,D20,std_ctrl__tvn_efaar_e1.0_c304,0.2794019182983364,0.01775322193144277,0.004960284263621206,370,54,1480,5689,7169
1304,morphem,D20,std_ctrl__tvn_efaar_e1.0_c304,0.27124771135195686,0.03248391915900846,0.008811188727623027,370,78,1480,5465,6945
1305,morphem,D20,std_ctrl__tvn_efaar_e1.0_c304,0.2795358120626643,-0.009000469432814764,-0.0025159535318470625,370,92,1480,5785,7265
1306,morphem,D20,std_ctrl__tvn_efaar_e1.0_c304,0.2775858777359986,-0.007515149176517599,-0.0020860992804806046,370,75,1480,5817,7297
1307,morphem,D20,std_ctrl__tvn_efaar_e1.0_c304,0.2612087227876704,-0.006338788886428164,-0.0016557469490445802,370,91,1480,5593,7073
1308,morphem,D20,std_ctrl__tvn_efaar_e1.0_c304,0.2860699806724495,0.0285489098131612,0.008166986078470528,370,57,1480,5817,7297
1309,morphem,D20,std_ctrl__tvn_efaar_e1.0_c304,0.22481711241048957,0.016958000178650328,0.003812448632420733,370,97,1480,5721,7201
1310,morphem,D20,std_ctrl__tvn_efaar_e1.0_c304,0.2711172187068773,-0.012288419015604138,-0.003331601985815297,370,63,1480,5945,7425
1311,morphem,D20,std_ctrl__tvn_efaar_e1.0_c304,0.2704167069700971,0.07169567581301121,0.019387708557350135,370,68,1480,5561,7041
1312,morphem,D20,std_ctrl__tvn_efaar_e1.0_c304,0.26025502129588857,0.07014013058041137,0.018254321177901364,370,67,1480,6009,7489
1313,morphem,D20,std_ctrl__tvn_efaar_e1.0_c304,0.263573958183005,0.009020312754155196,0.002377519536661328,370,81,1480,5497,6977
1314,morphem,D20,std_ctrl__tvn_efaar_e1.0_c304,0.26914031058338556,0.04770360385106976,0.012838962756423702,370,51,1480,5785,7265
1315,morphem,D20,std_ctrl__tvn_efaar_e1.0_c304,0.27827408675692095,0.003970358390604429,0.001104847855243126,370,56,1480,5369,6849
1316,morphem,D20,std_ctrl__tvn_efaar_e1.0_c304,0.277966113850777,0.004114780973988664,0.0011437696766867442,370,71,1480,5849,7329
1317,morphem,D20,std_ctrl__tvn_efaar_e1.0_c304,0.2732408282553746,0.0002496848470330623,6.822409440613046e-05,370,78,1480,5689,7169
1318,morphem,D20,std_ctrl__tvn_efaar_e1.0_c304,0.30387332719507615,0.058788934264509526,0.017864389057209128,370,55,1480,5913,7393
1319,morphem,D20,std_ctrl__tvn_efaar_e1.0_c304,0.2751558158643386,0.0010571021290704612,0.0002908677987763122,370,71,1480,5689,7169
1320,morphem,D20,std_ctrl__tvn_efaar_e1.0_c304,0.2974950986679313,0.031002642964480794,0.00922313432768486,370,62,1480,5689,7169
1321,morphem,D20,std_ctrl__tvn_efaar_e1.0_c304,0.26690582662226314,0.017560168477351614,0.004686911283073741,370,75,1480,5721,7201
1322,morphem,D20,std_ctrl__tvn_efaar_e1.0_c304,0.2655404208686427,-0.0012444585947272101,-0.00033045405899746305,370,65,1480,5689,7169
1323,morphem,D20,std_ctrl__tvn_efaar_e1.0_c304,0.2872406807850187,-0.014740264742273992,-0.0042340036795221895,370,85,1480,5657,7137
1324,morphem,D20,std_ctrl__tvn_efaar_e1.0_c304,0.2869518420881047,0.03699293328239604,0.010615190349625901,370,85,1480,5593,7073
1325,morphem,D20,std_ctrl__tvn_efaar_e1.0_c304,0.2962461934684201,0.062263679585027966,0.018445378068401914,370,60,1480,5465,6945
1326,morphem,D20,std_ctrl__tvn_efaar_e1.0_c304,0.27605199750954534,-0.013269803267982582,-0.0036631556986852845,370,93,1480,5593,7073
1327,morphem,D20,std_ctrl__tvn_efaar_e1.0_c304,0.26947711210048575,0.03911152364079885,0.010539660440572349,370,72,1480,5881,7361
1328,morphem,D20,std_ctrl__tvn_efaar_e1.0_c304,0.2969221692140665,0.09471446748299614,0.028122825141006377,370,64,1480,5817,7297
1329,morphem,D20,std_ctrl__tvn_efaar_e1.0_c304,0.28758495500475617,0.00806528546969262,0.002319454758902066,370,63,1480,5823,7303
1330,morphem,D20,std_ctrl__tvn_efaar_e1.0_c304,0.2728560000743712,0.0035126324195329838,0.0009584428317253305,370,114,1480,5849,7329
1331,morphem,D20,std_ctrl__tvn_efaar_e1.0_c304,0.29265746506011764,0.054423170760892946,0.015927347195416844,370,78,1480,5721,7201
1332,morphem,D20,std_ctrl__tvn_efaar_e1.0_c304,0.25965348561693274,-0.0027408047613569782,-0.000711659509681825,370,74,1480,5977,7457
1333,morphem,D20,std_ctrl__tvn_efaar_e1.0_c304,0.3197784668003783,0.016560909408172765,0.005295822219365447,370,78,1480,5561,7041
1334,morphem,D20,std_ctrl__tvn_efaar_e1.0_c304,0.2317659217652534,0.07305481852051955,0.01693161735380152,370,93,1480,5791,7271
1335,morphem,D20,std_ctrl__tvn_efaar_e1.0_c304,0.28163273192775495,0.01887097012125468,0.0053146828693759925,370,62,1480,5657,7137
1336,morphem,D20,std_ctrl__tvn_efaar_e1.0_c304,0.2799533994850056,-0.014062034613584143,-0.003936714393748698,370,69,1480,5849,7329
1337,morphem,D20,std_ctrl__tvn_efaar_e1.0_c304,0.24859081725828044,0.0006582424297677074,0.00016363302357003064,370,64,1480,5657,7137
1338,morphem,D20,std_ctrl__tvn_efaar_e1.0_c304,0.2558039184917876,0.07509675307225241,0.019210043701892356,370,54,1480,5721,7201
1339,morphem,D20,std_ctrl__tvn_efaar_e1.0_c304,0.269910957513554,-0.005697525768328579,-0.001537824635587714,370,71,1480,5785,7265
1340,morphem,D20,std_ctrl__tvn_efaar_e1.0_c304,0.28138192157128883,0.00853838396788885,0.0024025468879980507,370,87,1480,5689,7169
1341,morphem,D20,std_ctrl__tvn_efaar_e1.0_c304,0.2914420923189369,0.01204985640926516,0.0035118353640589905,370,63,1480,5529,7009
1342,morphem,D20,std_ctrl__tvn_efaar_e1.0_c304,0.2597282811225914,0.013110562583099632,0.003405183884258629,370,71,1480,5849,7329
1343,morphem,D20,std_ctrl__tvn_efaar_e1.0_c304,0.27165288219697054,0.043143179589810975,0.011719969082713664,370,103,1480,5561,7041
1344,morphem,D20,std_ctrl__tvn_efaar_e1.0_c304,0.2704431379372792,0.04344075851283609,0.011748255046586966,370,53,1480,5785,7265
1345,morphem,D20,std_ctrl__tvn_efaar_e1.0_c304,0.26398728824487816,-0.007095318277526796,-0.0018730738313186186,370,50,1480,5721,7201
1346,morphem,D20,std_ctrl__tvn_efaar_e1.0_c304,0.3066228917003598,-0.0034593069852160525,-0.0010607027110861999,370,86,1480,5529,7009
1347,morphem,D20,std_ctrl__tvn_efaar_e1.0_c304,0.2871733951010704,-0.005272327172322564,-0.0015140720941594966,370,65,1480,5529,7009
1348,morphem,D20,std_ctrl__tvn_efaar_e1.0_c304,0.3103517834716764,0.028414669506402146,0.008818543358070165,370,72,1480,5657,7137
1349,morphem,D20,std_ctrl__tvn_efaar_e1.0_c304,0.2663227200985351,0.027414621215095993,0.007301136492475372,370,83,1480,5913,7393
1350,morphem,D20,std_ctrl__tvn_efaar_e1.0_c304,0.2912893486613562,0.0002796251438892223,8.145182603282957e-05,370,53,1480,5593,7073
1351,morphem,D20,std_ctrl__tvn_efaar_e1.0_c304,0.23215646959463188,0.057733114139470874,0.013403115957323481,370,66,1480,5689,7169
1352,morphem,D20,std_ctrl__tvn_efaar_e1.0_c304,0.25300425356777684,0.012770035983110986,0.003230873421940646,370,61,1480,5529,7009
1353,morphem,D20,std_ctrl__tvn_efaar_e1.0_c304,0.2551742781999186,0.02352750107482281,0.00600361310461572,370,95,1480,5689,7169
1354,morphem,D20,std_ctrl__tvn_efaar_e1.0_c304,0.26035530243836985,0.006592262180138714,0.0017163304136630423,370,58,1480,5785,7265
1355,morphem,D20,std_ctrl__tvn_efaar_e1.0_c304,0.30669395700814256,0.08475849354090191,0.0259949177741083,370,92,1480,5849,7329
1356,morphem,D20,std_ctrl__tvn_efaar_e1.0_c304,0.2879564937439113,0.0790872722260974,0.022773693609997227,370,82,1480,5625,7105
1357,morphem,D20,std_ctrl__tvn_efaar_e1.0_c304,0.2788156767800734,0.0544761938620679,0.015188816860054943,370,88,1480,5721,7201
1358,morphem,D20,std_ctrl__tvn_efaar_e1.0_c304,0.2744183921596252,0.004984807832311013,0.0013679229505674947,370,119,1480,5593,7073
1359,morphem,D20,std_ctrl__tvn_efaar_e1.0_c304,0.26795014868509115,0.09896471858528702,0.026517611059505862,370,92,1480,5433,6913
1360,morphem,D20,std_ctrl__tvn_efaar_e1.0_c304,0.25517654273712237,-0.024212225510567842,-0.00617839199775826,370,74,1480,5593,7073
1361,morphem,D20,std_ctrl__tvn_efaar_e1.0_c304,0.2930810548667047,0.07785078215739342,0.0228165893568869,370,62,1480,5593,7073
1362,morphem,D20,std_ctrl__tvn_efaar_e1.0_c304,0.2777474776488384,-0.0203532514037866,-0.005653064239354407,370,71,1480,5689,7169
1363,morphem,D20,std_ctrl__tvn_efaar_e1.0_c304,0.26770946240434734,0.03640326191062947,0.009745497675859268,370,77,1480,5593,7073
1364,morphem,D20,std_ctrl__tvn_efaar_e1.0_c304,0.29857604934411797,0.05741232388291756,0.017141944848626477,370,61,1480,5721,7201
1365,morphem,D20,std_ctrl__tvn_efaar_e1.0_c304,0.26649268356312095,-0.008504931340563437,-0.002266501976466842,370,76,1480,5502,6982
1366,morphem,D20,std_ctrl__tvn_efaar_e1.0_c304,0.26022852980766514,0.014096413796153845,0.003668289037733603,370,67,1480,5913,7393
1367,morphem,D20,std_ctrl__tvn_efaar_e1.0_c304,0.2820176338446565,0.06185029612860784,0.0174428741667813,370,81,1480,5529,7009
1368,morphem,D20,std_ctrl__tvn_efaar_e1.0_c304,0.28712047660088624,0.0011108590412742712,0.0003189503773670723,370,77,1480,5598,7078
1369,morphem,D20,std_ctrl__tvn_efaar_e1.0_c304,0.2910875471050726,0.008185663536048063,0.002382744720135666,370,61,1480,5561,7041
1370,morphem,D20,std_ctrl__tvn_efaar_e1.0_c304,0.28085633856041503,0.06423343170507935,0.018040366441859062,370,100,1480,5753,7233
1371,morphem,D20,std_ctrl__tvn_efaar_e1.0_c304,0.2588983505682917,0.03899252889707364,0.010095101415938817,370,62,1480,5721,7201
1372,morphem,D20,std_ctrl__tvn_efaar_e1.0_c304,0.31297005843117576,0.004180746632683713,0.0013084485179169628,370,61,1480,5561,7041
1373,morphem,D20,std_ctrl__tvn_efaar_e1.0_c304,0.24722525305828105,0.008255320989712345,0.002040923820758974,370,43,1480,5753,7233
1374,morphem,D20,std_ctrl__tvn_efaar_e1.0_c304,0.2527531703534923,0.06305711987569045,0.015937886961940973,370,57,1480,5817,7297
1375,morphem,D20,std_ctrl__tvn_efaar_e1.0_c304,0.2661510420056428,0.020132746559465467,0.005358351475237255,370,66,1480,5849,7329
1376,morphem,D20,std_ctrl__tvn_efaar_e1.0_c304,0.27884208991906195,0.03657340318227463,0.010198204178797928,370,84,1480,5849,7329
1377,morphem,D20,std_ctrl__tvn_efaar_e1.0_c304,0.3030838284552097,0.014059908136185363,0.004261330785643612,370,63,1480,5689,7169
1378,morphem,D20,std_ctrl__tvn_efaar_e1.0_c304,0.24849479039469538,-0.0051684796917690025,-0.001284340277665378,370,61,1480,5689,7169
1379,morphem,D20,std_ctrl__tvn_efaar_e1.0_c304,0.26658820309954195,0.04291728333889321,0.011441241447229451,370,75,1480,5401,6881
1380,morphem,D20,std_ctrl__tvn_efaar_e1.0_c304,0.3068586927537317,0.03971060706100313,0.012185544971196527,370,76,1480,5849,7329
1381,morphem,D20,std_ctrl__tvn_efaar_e1.0_c304,0.2856742897320292,-0.00792614896828312,-0.002264296976824536,370,76,1480,5785,7265
1382,morphem,D20,std_ctrl__tvn_efaar_e1.0_c304,0.2932469404594196,0.029870800795842294,0.008759520942453549,370,79,1480,5817,7297
1383,morphem,D20,std_ctrl__tvn_efaar_e1.0_c304,0.23866010250491576,0.09225943820579571,0.022018646979241146,370,89,1480,5817,7297
1384,morphem,D20,std_ctrl__tvn_efaar_e1.0_c304,0.2879641374937935,0.07159043252739633,0.020615477155559305,370,75,1480,5689,7169
1385,morphem,D20,std_ctrl__tvn_efaar_e1.0_c304,0.2645727467766818,0.0424072089125821,0.011219791745134428,370,60,1480,5721,7201
1386,morphem,D20,std_ctrl__tvn_efaar_e1.0_c304,0.27863262385397736,0.06954545193427278,0.01937763174955709,370,70,1480,5785,7265
1387,morphem,D20,std_ctrl__tvn_efaar_e1.0_c304,0.26615803629031803,0.014950267550277598,0.003979133853196749,370,79,1480,5657,7137
1388,morphem,D20,std_ctrl__tvn_efaar_e1.0_c304,0.2560612326394558,0.056624034192536504,0.01449921999235959,370,68,1480,5785,7265
1389,morphem,D20,std_ctrl__tvn_efaar_e1.0_c304,0.29796465614166984,-0.0060958006168650375,-0.0018163331347123698,370,62,1480,5625,7105
1390,morphem,D20,std_ctrl__tvn_efaar_e1.0_c304,0.267352743215584,-0.019460711376441536,-0.005202874571418368,370,82,1480,5689,7169
1391,morphem,D20,std_ctrl__tvn_efaar_e1.0_c304,0.30984543720737606,0.14271918748293855,0.044220889043532566,370,82,1480,5753,7233
1392,morphem,D20,std_ctrl__tvn_efaar_e1.0_c304,0.2920431434339416,0.0996188796375376,0.029093010754713957,370,65,1480,5561,7041
1393,morphem,D20,std_ctrl__tvn_efaar_e1.0_c304,0.25653625887225484,0.02203529170991682,0.005652851298420872,370,53,1480,5561,7041
1394,morphem,D20,std_ctrl__tvn_efaar_e1.0_c304,0.2549379098150335,0.06117041047101592,0.015594656588008439,370,62,1480,5753,7233
1395,morphem,D20,std_ctrl__tvn_efaar_e1.0_c304,0.2781050207489641,-0.00829911176596975,-0.0023080246498729897,370,75,1480,5721,7201
1396,morphem,D20,std_ctrl__tvn_efaar_e1.0_c304,0.2581060096893592,0.13276381825407235,0.034267139360681924,370,111,1480,5849,7329
1397,morphem,D20,std_ctrl__tvn_efaar_e1.0_c304,0.2524223754671021,0.03882597557693292,0.009800544984957098,370,87,1480,5593,7073
1398,morphem,D20,std_ctrl__tvn_efaar_e1.0_c304,0.2660718064925871,-0.004624443179006217,-0.0012304339506605064,370,80,1480,5849,7329
1399,morphem,D20,std_ctrl__tvn_efaar_e1.0_c304,0.2847519247823852,-0.03883520552819797,-0.011058399523473898,370,52,1480,5689,7169
1400,morphem,D20,std_ctrl__tvn_efaar_e1.0_c304,0.272232625298308,0.024265938208664916,0.006605980063871371,370,57,1480,5497,6977
1401,morphem,D20,std_ctrl__tvn_efaar_e1.0_c304,0.2508026080377708,0.10387948641511881,0.02605324611453598,370,71,1480,5721,7201
1402,morphem,D20,std_ctrl__tvn_efaar_e1.0_c304,0.26691213097408134,0.13917178127132876,0.037146636710589105,370,68,1480,5689,7169
1403,morphem,D20,std_ctrl__tvn_efaar_e1.0_c304,0.27422647031326525,-0.021236200303634916,-0.005823528252131295,370,68,1480,5785,7265
1404,morphem,D20,std_ctrl__tvn_efaar_e1.0_c304,0.26916022482767116,0.0475566065674547,0.01280034691573721,370,59,1480,5817,7297
1405,morphem,D20,std_ctrl__tvn_efaar_e1.0_c304,0.2603920757960971,0.004624746718300928,0.0012042473980095666,370,58,1480,5817,7297
1406,morphem,D20,std_ctrl__tvn_efaar_e1.0_c304,0.25051542177123126,0.015445438479907357,0.0038693205352355966,370,58,1480,5657,7137
1407,morphem,D20,std_ctrl__tvn_efaar_e1.0_c304,0.2787865159535272,0.0675964207825197,0.01884497064088727,370,80,1480,5753,7233
1408,morphem,D20,std_ctrl__tvn_efaar_e1.0_c304,0.2703180575614992,0.013789435572535046,0.0037275334388371132,370,66,1480,5849,7329
1409,morphem,D20,std_ctrl__tvn_efaar_e1.0_c304,0.26797257716575473,-0.017855856795387398,-0.004784879962962616,370,65,1480,5849,7329
1410,morphem,D20,std_ctrl__tvn_efaar_e1.0_c304,0.2866088773691411,0.017726144605169084,0.005080470405370568,370,69,1480,6041,7521
1411,morphem,D20,std_ctrl__tvn_efaar_e1.0_c304,0.2700820359468535,0.04855970659640476,0.013115104422538848,370,58,1480,5817,7297
1412,morphem,D20,std_ctrl__tvn_efaar_e1.0_c304,0.26873678955941904,-0.016506476037457554,-0.004435897377245823,370,65,1480,5689,7169
1413,morphem,D20,std_ctrl__tvn_efaar_e1.0_c304,0.28030287291517775,-0.043657621409169046,-0.012237356705633255,370,75,1480,5721,7201
1414,morphem,D20,std_ctrl__tvn_efaar_e1.0_c304,0.2707178751993281,-0.004302152058921975,-0.0011646694641757717,370,94,1480,5631,7111
1415,morphem,D20,std_ctrl__tvn_efaar_e1.0_c304,0.25875950694643973,0.04458321765641345,0.011536331418859352,370,58,1480,5785,7265
1416,morphem,D20,std_ctrl__tvn_efaar_e1.0_c304,0.2687183309907309,0.06695572202421725,0.01799222987262698,370,70,1480,5849,7329
1417,morphem,D20,std_ctrl__tvn_efaar_e1.0_c304,0.29621024208955954,0.07845182252418982,0.023238233342257428,370,57,1480,5753,7233
1418,morphem,D20,std_ctrl__tvn_efaar_e1.0_c304,0.2782049666110582,0.05030563502698172,0.013995277513029529,370,92,1480,5817,7297
1419,morphem,D20,std_ctrl__tvn_efaar_e1.0_c304,0.28116918032876176,0.016964190215502144,0.004769807457833938,370,61,1480,5849,7329
1420,morphem,D20,std_ctrl__tvn_efaar_e1.0_c304,0.2892080494725046,-0.02212713270508565,-0.006399344890057086,370,63,1480,5785,7265
1421,morphem,D20,std_ctrl__tvn_efaar_e1.0_c304,0.29282971355573056,-0.0034112979408765015,-0.0009989293988801194,370,103,1480,5657,7137
1422,morphem,D20,std_ctrl__tvn_efaar_e1.0_c304,0.2632248223642816,0.17853318861042736,0.04699436685810852,370,73,1480,5817,7297
1423,morphem,D20,std_ctrl__tvn_efaar_e1.0_c304,0.2505772490468945,0.024061690403641683,0.0060293121887625934,370,71,1480,5823,7303
1424,morphem,D20,std_ctrl__tvn_efaar_e1.0_c304,0.27800315535667397,0.04290152572734775,0.011926759521818202,370,44,1480,5721,7201
1425,morphem,D20,std_ctrl__tvn_efaar_e1.0_c304,0.29050887220475113,-0.018417553278317546,-0.005350462631654947,370,86,1480,5497,6977
1426,morphem,D20,std_ctrl__tvn_efaar_e1.0_c304,0.2778787744525407,-0.012103311185115252,-0.003363253278937554,370,63,1480,5497,6977
1427,morphem,D20,std_ctrl__tvn_efaar_e1.0_c304,0.25102139447258887,0.026256699079613022,0.006590993217211602,370,73,1480,5721,7201
1428,morphem,D20,std_ctrl__tvn_efaar_e1.0_c304,0.24700820720574224,0.04822067366737035,0.011910902152830295,370,94,1480,5657,7137
1429,morphem,D20,std_ctrl__tvn_efaar_e1.0_c304,0.2845558856123913,0.019536829325493138,0.005559319770773837,370,69,1480,5817,7297
1430,morphem,D20,std_ctrl__tvn_efaar_e1.0_c304,0.27075786842945726,0.04265608182863967,0.011549469791474982,370,77,1480,5567,7047
1431,morphem,D20,std_ctrl__tvn_efaar_e1.0_c304,0.24229186869033392,0.039736018445685334,0.009627714163518677,370,64,1480,5529,7009
1432,morphem,D20,std_ctrl__tvn_efaar_e1.0_c304,0.27750845714073813,0.055375596101841514,0.015367196237470711,370,59,1480,5752,7232
1433,morphem,D20,std_ctrl__tvn_efaar_e1.0_c304,0.25337609446658016,-0.009983193683395484,-0.0025295026258021804,370,65,1480,5721,7201
1434,morphem,D20,std_ctrl__tvn_efaar_e1.0_c304,0.29397081255372987,0.04237685022556281,0.01245755709427641,370,63,1480,5625,7105
1435,morphem,D20,std_ctrl__tvn_efaar_e1.0_c304,0.2962843629433083,0.011221681898355018,0.003324808872406571,370,88,1480,5785,7265
1436,morphem,D20,std_ctrl__tvn_efaar_e1.0_c304,0.23478474979493516,0.044210848822209,0.010380033078944044,370,92,1480,5721,7201
1437,morphem,D20,std_ctrl__tvn_efaar_e1.0_c304,0.2669950084982323,0.06603043071386806,0.017629795409591142,370,52,1480,5753,7233
1438,morphem,D20,std_ctrl__tvn_efaar_e1.0_c304,0.24643192689537968,0.024267505160469154,0.005980288057637984,370,64,1480,5689,7169
1439,morphem,D20,std_ctrl__tvn_efaar_e1.0_c304,0.2687520743579316,-0.011020764431022356,-0.002961853301847368,370,58,1480,5721,7201
1440,morphem,D20,std_ctrl__tvn_efaar_e1.0_c304,0.27904693867529456,0.043889753040360524,0.012247301225127306,370,81,1480,5657,7137
1441,morphem,D20,std_ctrl__tvn_efaar_e1.0_c304,0.33231780078455564,0.04218214171692991,0.014017876567752607,370,76,1480,5593,7073
1442,morphem,D20,std_ctrl__tvn_efaar_e1.0_c304,0.2780074262246624,0.015364918176666983,0.00427156135644772,370,57,1480,5785,7265
1443,morphem,D20,std_ctrl__tvn_efaar_e1.0_c304,0.27890115540808774,0.01605529599073192,0.004477840602233971,370,62,1480,5657,7137
1444,morphem,D20,std_ctrl__tvn_efaar_e1.0_c304,0.2689404255872731,0.008729252361191854,0.002347648845077646,370,82,1480,5721,7201
1445,morphem,D20,std_ctrl__tvn_efaar_e1.0_c304,0.2963387620001669,0.030003447487973275,0.008891184484323017,370,85,1480,5817,7297
1446,morphem,D20,std_ctrl__tvn_efaar_e1.0_c304,0.28034391261057345,0.03992251754211681,0.01119203476902128,370,87,1480,5657,7137
1447,morphem,D20,std_ctrl__tvn_efaar_e1.0_c304,0.2819282868890741,0.024428337369315982,0.006887039306079606,370,55,1480,5721,7201
1448,morphem,D20,std_ctrl__tvn_efaar_e1.0_c304,0.2881021387656633,-0.007135704562754516,-0.0020558117461294784,370,68,1480,5657,7137
1449,morphem,D20,std_ctrl__tvn_efaar_e1.0_c304,0.2867419170071079,0.04723340558711699,0.013543797264824166,370,74,1480,5625,7105
1450,morphem,D20,std_ctrl__tvn_efaar_e1.0_c304,0.27985473004037964,-0.023127514948804283,-0.0064723444525024675,370,83,1480,5881,7361
1451,morphem,D20,std_ctrl__tvn_efaar_e1.0_c304,0.28483046480276536,0.017866882519841615,0.005089032452702891,370,70,1480,5689,7169
1452,morphem,D20,std_ctrl__tvn_efaar_e1.0_c304,0.26908328782882796,0.0018070641511395403,0.00048625076310623757,370,63,1480,5913,7393
1453,morphem,D20,std_ctrl__tvn_efaar_e1.0_c304,0.25056430135066565,0.02627498760047403,0.006583573911110178,370,56,1480,5657,7137
1454,morphem,D20,std_ctrl__tvn_efaar_e1.0_c304,0.2921900598566597,0.06759955183668144,0.019751917097443318,370,79,1480,5785,7265
1455,morphem,D20,std_ctrl__tvn_efaar_e1.0_c304,0.3519400307645695,0.01604889016319197,0.005648246897770978,370,81,1480,5657,7137
1456,morphem,D20,std_ctrl__tvn_efaar_e1.0_c304,0.25534101296134853,0.052770626595481075,0.013474505249495217,370,79,1480,5753,7233
1457,morphem,D20,std_ctrl__tvn_efaar_e1.0_c304,0.2906450128409461,0.03887856716382684,0.011299861652568037,370,76,1480,5887,7367
1458,morphem,D20,std_ctrl__tvn_efaar_e1.0_c304,0.27929117478190896,-0.013034290045522293,-0.003640362179262063,370,85,1480,5721,7201
1459,morphem,D20,std_ctrl__tvn_efaar_e1.0_c304,0.30091441737152724,0.055210099767387666,0.01661351500452735,370,85,1480,5817,7297
1460,morphem,D20,std_ctrl__tvn_efaar_e1.0_c304,0.28241606346767284,-0.02413532364281748,-0.006816203093722766,370,40,1480,5657,7137
1461,morphem,D20,std_ctrl__tvn_efaar_e1.0_c304,0.2992790724419349,-0.002976730614745518,-0.0008908731772905492,370,81,1480,5785,7265
1462,morphem,D20,std_ctrl__tvn_efaar_e1.0_c304,0.28520439965813127,-0.024973615326183442,-0.007122584966397255,370,75,1480,5817,7297
1463,morphem,D20,std_ctrl__tvn_efaar_e1.0_c304,0.276370505873287,0.05981215169757067,0.016530314622027385,370,79,1480,5849,7329
1464,morphem,D20,std_ctrl__tvn_efaar_e1.0_c304,0.29380902705196577,0.11073723280173943,0.032535598627906094,370,94,1480,5721,7201
1465,morphem,D20,std_ctrl__tvn_efaar_e1.0_c304,0.2856310098506341,0.033138163096586355,0.009465286989872977,370,78,1480,5561,7041
1466,morphem,D20,std_ctrl__tvn_efaar_e1.0_c304,0.28065939579517346,0.0030741638093040517,0.000862792957294664,370,57,1480,5625,7105
1467,morphem,D20,std_ctrl__tvn_efaar_e1.0_c304,0.24506191454571757,0.005344562908824929,0.0013097488188466666,370,75,1480,5657,7137
1468,morphem,D20,std_ctrl__tvn_efaar_e1.0_c304,0.27732374452898856,0.0002737343618008686,7.59130382208698e-05,370,90,1480,5785,7265
1469,morphem,D20,std_ctrl__tvn_efaar_e1.0_c304,0.28974908847679176,0.023465070405938995,0.006798982761164566,370,70,1480,5881,7361
1470,morphem,D20,std_ctrl__tvn_efaar_e1.0_c304,0.2644230876283178,0.021763436663390933,0.005754755119937165,370,102,1480,5689,7169
1471,morphem,D20,std_ctrl__tvn_efaar_e1.0_c304,0.27693173143638095,-0.013115330893397158,-0.003632051292669532,370,67,1480,5881,7361
1472,morphem,D20,std_ctrl__tvn_efaar_e1.0_c304,0.3186831815377883,-0.007964519406758455,-0.0025381583839652424,370,67,1480,5657,7137
1473,morphem,D20,std_ctrl__tvn_efaar_e1.0_c304,0.2958816567599918,0.038424847782527305,0.011369207622644675,370,82,1480,5497,6977
1474,morphem,D20,std_ctrl__tvn_efaar_e1.0_c304,0.25474226768820896,0.03035828484553928,0.007733538324677265,370,84,1480,5593,7073
1475,morphem,D20,std_ctrl__tvn_efaar_e1.0_c304,0.25497373291755465,-0.030821205961025333,-0.007858597936903416,370,84,1480,5593,7073
1476,morphem,D20,std_ctrl__tvn_efaar_e1.0_c304,0.267288032105713,0.06741063661303202,0.018018056403290655,370,79,1480,5657,7137
1477,morphem,D20,std_ctrl__tvn_efaar_e1.0_c304,0.2686020722012655,-0.00568636314564054,-0.0015273689242079555,370,58,1480,5689,7169
1478,morphem,D20,std_ctrl__tvn_efaar_e1.0_c304,0.27642567262357054,0.045234193425704596,0.012503892343285085,370,48,1480,5657,7137
1479,morphem,D20,std_ctrl__tvn_efaar_e1.0_c304,0.27534837162647,0.10328217344505208,0.028438578276137733,370,84,1480,5497,6977
1480,morphem,D20,std_ctrl__tvn_efaar_e1.0_c304,0.27948786872089504,0.024234306472406774,0.006773194665901962,370,51,1480,5689,7169
1481,morphem,D20,std_ctrl__tvn_efaar_e1.0_c304,0.3109239818281635,0.03937487250701491,0.012242592143857358,370,50,1480,6041,7521
1482,morphem,D20,std_ctrl__tvn_efaar_e1.0_c304,0.27694465616847935,0.07628463272470998,0.021126621380883535,370,70,1480,5689,7169
1483,morphem,D20,std_ctrl__tvn_efaar_e1.0_c304,0.2790982231550379,-0.027816059475586248,-0.0077634127748109774,370,73,1480,5753,7233
1484,morphem,D20,std_ctrl__tvn_efaar_e1.0_c304,0.2820600562181455,0.09169500480812633,0.025863498211103234,370,67,1480,5753,7233
1485,morphem,D20,std_ctrl__tvn_efaar_e1.0_c304,0.2866551922257983,0.02340760056155754,0.006709910238517982,370,62,1480,5593,7073
1486,morphem,D20,std_ctrl__tvn_efaar_e1.0_c304,0.27246204100544835,0.02606581796345559,0.007101945962799589,370,92,1480,5529,7009
1487,morphem,D20,std_ctrl__tvn_efaar_e1.0_c304,0.2804420147038585,0.08262940273258695,0.023172756176103194,370,86,1480,5753,7233
1488,morphem,D20,std_ctrl__tvn_efaar_e1.0_c304,0.26439374470770394,0.007144914372842071,0.0018890706666516112,370,76,1480,5849,7329
1489,morphem,D20,std_ctrl__tvn_efaar_e1.0_c304,0.3111677250893574,0.044161154453449425,0.013741525968599603,370,61,1480,5785,7265
1490,morphem,D20,std_ctrl__tvn_efaar_e1.0_c304,0.295945155634798,0.040686236830196086,0.012040894690906632,370,70,1480,5497,6977
1491,morphem,D20,std_ctrl__tvn_efaar_e1.0_c304,0.30569027090516854,0.03376167950034612,0.010320616952674281,370,102,1480,5625,7105
1492,morphem,D20,std_ctrl__tvn_efaar_e1.0_c304,0.3027396188745699,0.06398239526928337,0.01937000595850493,370,66,1480,5689,7169
1493,morphem,D20,std_ctrl__tvn_efaar_e1.0_c304,0.27291597242899085,-0.00860306406870627,-0.0023479135961798825,370,62,1480,5477,6957
1494,morphem,D20,std_ctrl__tvn_efaar_e1.0_c304,0.29519392260051386,0.09590174752803986,0.028309613037046218,370,52,1480,5497,6977
1495,morphem,D20,std_ctrl__tvn_efaar_e1.0_c304,0.2687567372946119,-0.04075809421917606,-0.010954012420692142,370,65,1480,5657,7137
1496,morphem,D20,std_ctrl__tvn_efaar_e1.0_c304,0.25157356253077334,-0.02065951837177805,-0.005197388636958167,370,97,1480,5785,7265
1497,morphem,D20,std_ctrl__tvn_efaar_e1.0_c304,0.2871581490113518,0.04633780254288424,0.013306277607468149,370,65,1480,5497,6977
1498,morphem,D20,std_ctrl__tvn_efaar_e1.0_c304,0.26077841524297485,0.014743591764115948,0.003844810495235533,370,58,1480,5433,6913
1499,morphem,D20,std_ctrl__tvn_efaar_e1.0_c304,0.24937657605393865,0.04340257141193587,0.010823584650645129,370,70,1480,5657,7137
1500,morphem,D20,std_ctrl__tvn_efaar_e1.0_c304,0.28321303432675954,0.1588098533481643,0.044977020447721304,370,71,1480,5721,7201
1501,morphem,D20,std_ctrl__tvn_efaar_e1.0_c304,0.2731180042183248,0.013391652480649165,0.003657501398700278,370,44,1480,5913,7393
1502,morphem,D20,std_ctrl__tvn_efaar_e1.0_c304,0.2584635405688667,0.008259691878256663,0.00213482920686213,370,72,1480,5945,7425
1503,morphem,D20,std_ctrl__tvn_efaar_e1.0_c304,0.2787960521605317,0.10105464129564343,0.028173635045724028,370,50,1480,5657,7137
1504,morphem,D20,std_ctrl__tvn_efaar_e1.0_c304,0.2731481954841466,0.07609054443133832,0.020783994904826342,370,67,1480,5657,7137
1505,morphem,D20,std_ctrl__tvn_efaar_e1.0_c304,0.27488840906311696,-0.0033939355065257717,-0.0009329535318516934,370,83,1480,5529,7009
1506,morphem,D20,std_ctrl__tvn_efaar_e1.0_c304,0.24942412022236865,0.02488054490663636,0.006205808023990909,370,57,1480,5369,6849
1507,morphem,D20,std_ctrl__tvn_efaar_e1.0_c304,0.2785180735383578,0.05275858108211753,0.014694218365608622,370,74,1480,5497,6977
1508,morphem,D20,std_ctrl__tvn_efaar_e1.0_c304,0.25859379878434335,-0.0064575969300445365,-0.0016698945211583301,370,74,1480,5945,7425
1509,morphem,D20,std_ctrl__tvn_efaar_e1.0_c304,0.2957783968715252,-0.021987259850409974,-0.006503356470151912,370,57,1480,5721,7201
1510,morphem,D20,std_ctrl__tvn_efaar_e1.0_c304,0.29501507164741103,0.03412980388995734,0.010068806539907852,370,50,1480,5721,7201
1511,morphem,D20,std_ctrl__tvn_efaar_e1.0_c304,0.3021424141861127,0.024065141066217717,0.007271099819476383,370,72,1480,5945,7425
1512,morphem,D20,std_ctrl__tvn_efaar_e1.0_c304,0.28480069947922126,0.0298361548301495,0.008497357765396923,370,58,1480,5311,6791
1513,morphem,D20,std_ctrl__tvn_efaar_e1.0_c304,0.2712396360717381,0.06652517587321452,0.01804426449345908,370,97,1480,5724,7204
1514,morphem,D20,std_ctrl__tvn_efaar_e1.0_c304,0.301876548424012,0.05336781942363521,0.016110493124522944,370,59,1480,5753,7233
1515,morphem,D20,std_ctrl__tvn_efaar_e1.0_c304,0.2974043143940206,-0.010036999081584149,-0.0029850468304319483,370,61,1480,5689,7169
1516,morphem,D20,std_ctrl__tvn_efaar_e1.0_c304,0.2881902335767895,0.030540675314704547,0.008801524352537593,370,99,1480,5593,7073
1517,morphem,D20,std_ctrl__tvn_efaar_e1.0_c304,0.2835194504618779,0.08828362441012755,0.02503012467754219,370,70,1480,5721,7201
1518,morphem,D20,std_ctrl__tvn_efaar_e1.0_c304,0.2743383351421232,0.024584822549214624,0.006744559287916069,370,96,1480,5849,7329
1519,morphem,D20,std_ctrl__tvn_efaar_e1.0_c304,0.25275470036157316,0.03440778067246421,0.00869672829397542,370,96,1480,5913,7393
1520,morphem,D20,std_ctrl__tvn_efaar_e1.0_c304,0.2665391944590217,0.044457162085997204,0.011849576170335855,370,69,1480,5657,7137
1521,morphem,D20,std_ctrl__tvn_efaar_e1.0_c304,0.27497644882335043,0.03515759783032556,0.009667511400542452,370,57,1480,5849,7329
1522,morphem,D20,std_ctrl__tvn_efaar_e1.0_c304,0.2723393742806789,0.01424504889991196,0.0038794877039996967,370,47,1480,5785,7265
1523,morphem,D20,std_ctrl__tvn_efaar_e1.0_c304,0.2788648081246903,0.05672530666354801,0.015818691758544532,370,77,1480,5497,6977
1524,morphem,D20,std_ctrl__tvn_efaar_e1.0_c304,0.253830588175934,0.08430314493617452,0.021398716864230193,370,90,1480,5822,7302
1525,morphem,D20,std_ctrl__tvn_efaar_e1.0_c304,0.24787969994745324,-0.031027397045982827,-0.00769106186990872,370,51,1480,5625,7105
1526,morphem,D20,std_ctrl__tvn_efaar_e1.0_c304,0.25685718956395076,0.03107009575189263,0.007980577474313987,370,50,1480,5721,7201
1527,morphem,D20,std_ctrl__tvn_efaar_e1.0_c304,0.2576999203838669,0.014309191465995887,0.0036874775015446476,370,59,1480,5753,7233
1528,morphem,D20,std_ctrl__tvn_efaar_e1.0_c304,0.3025646473656322,0.039694239464678274,0.012010073566077344,370,69,1480,5369,6849
1529,morphem,D20,std_ctrl__tvn_efaar_e1.0_c304,0.2756060977484313,0.03934868337682426,0.010844737077025102,370,96,1480,5817,7297
1530,morphem,D20,std_ctrl__tvn_efaar_e1.0_c304,0.2893180790800807,-0.09634816325511422,-0.027875265515863664,370,80,1480,5849,7329
1531,morphem,D20,std_ctrl__tvn_efaar_e1.0_c304,0.2734595460375753,0.04087106180537586,0.011176582007371766,370,47,1480,5625,7105
1532,morphem,D20,std_ctrl__tvn_efaar_e1.0_c304,0.2827858894233397,0.16689795465935298,0.047196386551281354,370,63,1480,5593,7073
1533,morphem,D20,std_ctrl__tvn_efaar_e1.0_c304,0.25798305920120573,-0.011868190240743277,-0.003061792025488845,370,65,1480,5849,7329
1534,morphem,D20,std_ctrl__tvn_efaar_e1.0_c304,0.29768408630010906,0.029214892109187755,0.008696808463879824,370,84,1480,5689,7169
1535,morphem,D20,std_ctrl__tvn_efaar_e1.0_c304,0.28715005387399584,0.10672168570828583,0.030645137800657928,370,86,1480,5913,7393
1536,morphem,D20,std_ctrl__tvn_efaar_e1.0_c304,0.2691940167280518,-0.0017211825242504039,-0.00046333203722509367,370,77,1480,5689,7169
1537,morphem,D20,std_ctrl__tvn_efaar_e1.0_c304,0.288713407025306,-0.04499866087532615,-0.012991716692891751,370,66,1480,5657,7137
1538,morphem,D20,std_ctrl__tvn_efaar_e1.0_c304,0.27045907064179703,0.06673626732432032,0.0180494288386382,370,59,1480,5785,7265
1539,morphem,D20,std_ctrl__tvn_efaar_e1.0_c304,0.2507068036777025,0.03504844133663943,0.008786882701394334,370,66,1480,5689,7169
1540,morphem,D20,std_ctrl__tvn_efaar_e1.0_c304,0.28291905979384513,0.03082456208738883,0.00872085612432105,370,92,1480,5753,7233
1541,morphem,D20,std_ctrl__tvn_efaar_e1.0_c304,0.28455447193061684,0.027493605052299443,0.007823428267126007,370,75,1480,5849,7329
1542,morphem,D20,std_ctrl__tvn_efaar_e1.0_c304,0.25826645116688784,0.09053670941188681,0.02338259464013578,370,85,1480,5625,7105
1543,morphem,D20,std_ctrl__tvn_efaar_e1.0_c304,0.2694283838779486,0.0156477656051668,0.004215952198301041,370,64,1480,5817,7297
1544,morphem,D20,std_ctrl__tvn_efaar_e1.0_c304,0.2759979793529762,0.03984230426887628,0.01099639547097631,370,60,1480,5497,6977
1545,morphem,D20,std_ctrl__tvn_efaar_e1.0_c304,0.2831035104499704,0.06252821524849726,0.017701957239020943,370,103,1480,5465,6945
1546,morphem,D20,std_ctrl__tvn_efaar_e1.0_c304,0.26263388818750427,0.05967914770408435,0.01567376660524004,370,57,1480,5529,7009
1547,morphem,D20,std_ctrl__tvn_efaar_e1.0_c304,0.2880339309032958,0.005966680922546336,0.0017186065605667247,370,79,1480,5529,7009
1548,morphem,D20,std_ctrl__tvn_efaar_e1.0_c304,0.2914774599496595,0.06495713273782697,0.018933540056034676,370,63,1480,5849,7329
1549,morphem,D20,std_ctrl__tvn_efaar_e1.0_c304,0.2961493059619223,-0.04160753144744636,-0.012322041560950096,370,68,1480,5689,7169
1550,morphem,D20,std_ctrl__tvn_efaar_e1.0_c304,0.2782985897645698,0.08093830446374631,0.02252501599019598,370,66,1480,5593,7073
1551,morphem,D20,std_ctrl__tvn_efaar_e1.0_c304,0.2787980457653439,0.005662942662030042,0.00157881734745517,370,64,1480,5625,7105
1552,morphem,D20,std_ctrl__tvn_efaar_e1.0_c304,0.2691920563124216,0.06635935312704346,0.017863410723830953,370,79,1480,5657,7137
1553,morphem,D20,std_ctrl__tvn_efaar_e1.0_c304,0.28410957747339394,0.003614978936654805,0.0010270501382682155,370,64,1480,5817,7297
1554,morphem,D20,std_ctrl__tvn_efaar_e1.0_c304,0.27122390498654836,0.015359661068725838,0.004165907254329682,370,80,1480,5625,7105
1555,morphem,D20,std_ctrl__tvn_efaar_e1.0_c304,0.25538210541301387,-0.024985555613767838,-0.0063808637975579785,370,91,1480,5881,7361
1556,morphem,D20,std_ctrl__tvn_efaar_e1.0_c304,0.29542492241564783,0.007951774708148583,0.0023491524262215058,370,59,1480,5881,7361
1557,morphem,D20,std_ctrl__tvn_efaar_e1.0_c304,0.29786178794980156,0.06977356559611139,0.0207828790000905,370,114,1480,5785,7265
1558,morphem,D20,std_ctrl__tvn_efaar_e1.0_c304,0.2928216800292705,0.04519805645369361,0.013234970824828374,370,69,1480,5689,7169
1559,morphem,D20,std_ctrl__tvn_efaar_e1.0_c304,0.28932030356364086,0.05148150878103472,0.014894645748443206,370,52,1480,5593,7073
1560,morphem,D20,std_ctrl__tvn_efaar_e1.0_c304,0.2744646737417103,-0.00727355575835938,-0.0019963341081602453,370,73,1480,5593,7073
1561,morphem,D20,std_ctrl__tvn_efaar_e1.0_c304,0.303263916129674,-0.017673415453246046,-0.005359709181738094,370,90,1480,5721,7201
1562,morphem,D20,std_ctrl__tvn_efaar_e1.0_c304,0.3045377392171237,0.06808558684701008,0.02073463069165958,370,106,1480,5849,7329
1563,morphem,D20,std_ctrl__tvn_efaar_e1.0_c304,0.28673342685980074,0.019318630546581585,0.005539297138859763,370,78,1480,5689,7169
1564,morphem,D20,std_ctrl__tvn_efaar_e1.0_c304,0.280972321640975,0.06222635205495035,0.017483882604128056,370,78,1480,5305,6785
1565,morphem,D20,std_ctrl__tvn_efaar_e1.0_c304,0.3317957390070693,0.07199436012134232,0.023887421920801857,370,84,1480,5785,7265
1566,morphem,D20,std_ctrl__tvn_efaar_e1.0_c304,0.23671930670463273,-0.0006050226300215488,-0.00014322053751931454,370,76,1480,5625,7105
1567,morphem,D20,std_ctrl__tvn_efaar_e1.0_c304,0.2707204139824513,0.023241066094504676,0.006291831034497818,370,70,1480,5689,7169
1568,morphem,D20,std_ctrl__tvn_efaar_e1.0_c304,0.2672840068876767,0.055506186936441645,0.014835916051428538,370,94,1480,5753,7233
1569,morphem,D20,std_ctrl__tvn_efaar_e1.0_c304,0.27149509428914226,-0.01456017811820111,-0.003953016931067716,370,58,1480,5689,7169
1570,morphem,D20,std_ctrl__tvn_efaar_e1.0_c304,0.27713623908587987,-0.02237274833973124,-0.006200299332887979,370,75,1480,5497,6977
1571,morphem,D20,std_ctrl__tvn_efaar_e1.0_c304,0.29491717520342364,0.0575300606662868,0.016966602980982893,370,55,1480,5497,6977
1572,morphem,D20,std_ctrl__tvn_efaar_e1.0_c304,0.2630611579534465,-0.012920937926212012,-0.0033989968927139354,370,96,1480,5753,7233
1573,morphem,D20,std_ctrl__tvn_efaar_e1.0_c304,0.26988478217830825,-0.017087858901182744,-0.004611753077439371,370,42,1480,5785,7265
1574,morphem,D20,std_ctrl__tvn_efaar_e1.0_c304,0.2815109895284176,0.044324689219594426,0.01247788712274761,370,81,1480,5689,7169
1575,morphem,D20,std_ctrl__tvn_efaar_e1.0_c304,0.2553902717025811,0.0025248702949703804,0.0006448273106462616,370,76,1480,5625,7105
1576,morphem,D20,std_ctrl__tvn_efaar_e1.0_c304,0.30758198886287524,0.1902590648293942,0.05852026155941579,370,60,1480,5593,7073
1577,morphem,D20,std_ctrl__tvn_efaar_e1.0_c304,0.2760479794558314,0.04478333811439171,0.012362349999765156,370,70,1480,5529,7009
1578,morphem,D20,std_ctrl__tvn_efaar_e1.0_c304,0.29221797915734166,0.09845193311008778,0.028769424937563626,370,67,1480,5689,7169
1579,morphem,D20,std_ctrl__tvn_efaar_e1.0_c304,0.2647018389743028,0.03912345485302105,0.010356050446622784,370,50,1480,5529,7009
1580,morphem,D20,std_ctrl__tvn_efaar_e1.0_c304,0.28673168094787443,-0.00990915455130326,-0.002841268541267464,370,53,1480,5625,7105
1581,morphem,D20,std_ctrl__tvn_efaar_e1.0_c304,0.2641238159917294,0.033544577731052114,0.008859921876156673,370,53,1480,5657,7137
1582,morphem,D20,std_ctrl__tvn_efaar_e1.0_c304,0.2582696417205334,-0.0018239656200307467,-0.00047107494719591153,370,58,1480,5721,7201
1583,morphem,D20,std_ctrl__tvn_efaar_e1.0_c304,0.2521869365976342,-0.04355301025368778,-0.010983500235482873,370,101,1480,5849,7329
1584,morphem,D20,std_ctrl__tvn_efaar_e1.0_c304,0.24459819099227295,-0.015225346567184724,-0.0037240922275637964,370,82,1480,5628,7108
1585,morphem,D20,std_ctrl__tvn_efaar_e1.0_c304,0.27124232408761395,-0.016325866266891285,-0.00442826590897517,370,120,1480,5913,7393
1586,morphem,D20,std_ctrl__tvn_efaar_e1.0_c304,0.2693942153445926,0.05937284725785688,0.015994701599804702,370,69,1480,5849,7329
1587,morphem,D20,std_ctrl__tvn_efaar_e1.0_c304,0.28504667214350476,-0.0017149528964753814,-0.0004888416160231719,370,57,1480,5785,7265
1588,morphem,D20,std_ctrl__tvn_efaar_e1.0_c304,0.2584436546174297,0.025104491060066386,0.0064880964168741485,370,68,1480,5689,7169
1589,morphem,D20,std_ctrl__tvn_efaar_e1.0_c304,0.2685920128438673,0.03062074923267486,0.008224488671191446,370,80,1480,5625,7105
1590,morphem,D20,std_ctrl__tvn_efaar_e1.0_c304,0.28307590812814376,0.06382530521991503,0.0180674062366834,370,100,1480,5689,7169
1591,morphem,D20,std_ctrl__tvn_efaar_e1.0_c304,0.2925765443303569,0.026265897720360885,0.007684785588757787,370,86,1480,5785,7265
1592,morphem,D20,std_ctrl__tvn_efaar_e1.0_c304,0.27154541339058696,0.06029840004299208,0.01637375396646527,370,74,1480,5753,7233
1593,morphem,D20,std_ctrl__tvn_efaar_e1.0_c304,0.2629035177144532,0.040448462214539994,0.010634043002342707,370,67,1480,5689,7169
1594,morphem,D20,std_ctrl__tvn_efaar_e1.0_c304,0.2720801425413382,0.027724711473849726,0.0075433434497225085,370,97,1480,5721,7201
1595,morphem,D20,std_ctrl__tvn_efaar_e1.0_c304,0.2830065391242146,0.01486154882485798,0.004205915498948595,370,64,1480,5689,7169
1596,morphem,D20,std_ctrl__tvn_efaar_e1.0_c304,0.2643523348311914,0.01710413315924928,0.00452151753591115,370,89,1480,5817,7297
1597,morphem,D20,std_ctrl__tvn_efaar_e1.0_c304,0.30911021243872827,-0.05145948929192094,-0.015906653667014145,370,93,1480,5631,7111
1598,morphem,D20,std_ctrl__tvn_efaar_e1.0_c304,0.27990512491752184,0.01383144919381892,0.0038714935143862417,370,84,1480,5753,7233
1599,morphem,D20,std_ctrl__tvn_efaar_e1.0_c304,0.2764666539392156,0.016968688871772736,0.004691276634114612,370,63,1480,5657,7137
1600,morphem,D20,std_ctrl__tvn_efaar_e1.0_c304,0.25920650729195344,-0.031105455322642413,-0.008062736431908043,370,63,1480,5625,7105
1601,morphem,D20,std_ctrl__tvn_efaar_e1.0_c304,0.27408194828133686,0.06820317000925984,0.01869325771510118,370,68,1480,5753,7233
1602,morphem,D20,std_ctrl__tvn_efaar_e1.0_c304,0.271077029572577,0.0010173179848798092,0.0002757715374719785,370,84,1480,5881,7361
1603,morphem,D20,std_ctrl__tvn_efaar_e1.0_c304,0.2617368814283178,-0.008596456438949036,-0.0022500096996649027,370,76,1480,5817,7297
1604,morphem,D20,std_ctrl__tvn_efaar_e1.0_c304,0.23722396153932182,-0.012185538939293777,-0.0028907018206709356,370,64,1480,5625,7105
1605,morphem,D20,std_ctrl__tvn_efaar_e1.0_c304,0.25508538430534916,0.027471246164955766,0.0070075133853345906,370,74,1480,5503,6983
1606,morphem,D20,std_ctrl__tvn_efaar_e1.0_c304,0.26639433721274997,0.00544630827039473,0.0014508656819481225,370,84,1480,5881,7361
1607,morphem,D20,std_ctrl__tvn_efaar_e1.0_c304,0.26761274216976055,0.006959885756949811,0.0018625541126055984,370,73,1480,5753,7233
1608,morphem,D20,std_ctrl__tvn_efaar_e1.0_c304,0.2826979914579607,0.03739544034318386,0.010571615874704069,370,72,1480,5785,7265
1609,morphem,D20,std_ctrl__tvn_efaar_e1.0_c304,0.2653865050319279,0.04768101558361251,0.012653898082107814,370,108,1480,5593,7073
1610,morphem,D20,std_ctrl__tvn_efaar_e1.0_c304,0.28567843995409276,0.028454113377453183,0.008128726719947707,370,65,1480,5625,7105
1611,morphem,D20,std_ctrl__tvn_efaar_e1.0_c304,0.29636139902251873,0.05812651982911671,0.017226456736867204,370,48,1480,5657,7137
1612,morphem,D20,std_ctrl__tvn_efaar_e1.0_c304,0.2940769101554548,0.0013678508408004363,0.0004022533488161332,370,95,1480,5657,7137
1613,morphem,D20,std_ctrl__tvn_efaar_e1.0_c304,0.2521358977689751,0.006693121544371898,0.0016875762094670777,370,49,1480,5529,7009
1614,morphem,D20,std_ctrl__tvn_efaar_e1.0_c304,0.26354318745541483,-0.0027999733811264927,-0.0007379139096523909,370,88,1480,5753,7233
1615,morphem,D20,std_ctrl__tvn_efaar_e1.0_c304,0.3195724622370286,0.06366117309715977,0.020344357835557034,370,49,1480,5977,7457
1616,morphem,D20,std_ctrl__tvn_efaar_e1.0_c304,0.2865687087600232,0.08416490575849318,0.024119028366120433,370,72,1480,5657,7137
1617,morphem,D20,std_ctrl__tvn_efaar_e1.0_c304,0.2885469414499373,0.026320251881161445,0.007594628178501094,370,73,1480,5689,7169
1618,morphem,D20,std_ctrl__tvn_efaar_e1.0_c304,0.2653493898197933,0.012709861622184102,0.0033725540261405596,370,46,1480,5753,7233
1619,morphem,D20,std_ctrl__tvn_efaar_e1.0_c304,0.2699637224053487,-0.008210368057405295,-0.002216501523095105,370,48,1480,5785,7265
1620,morphem,D20,std_ctrl__tvn_efaar_e1.0_c304,0.25602932005123485,-0.02096304281378922,-0.0053671535978193794,370,52,1480,5561,7041
1621,morphem,D20,std_ctrl__tvn_efaar_e1.0_c304,0.2640970172390516,0.005421440624012015,0.001431786297940196,370,71,1480,5625,7105
1622,morphem,D20,std_ctrl__tvn_efaar_e1.0_c304,0.2403542592439074,0.017133165438564187,0.004118029287489411,370,65,1480,5305,6785
1623,morphem,D20,std_ctrl__tvn_efaar_e1.0_c304,0.25253062085549516,-0.0011919490714363491,-0.0003010036390379522,370,68,1480,5753,7233
1624,morphem,D20,std_ctrl__tvn_efaar_e1.0_c304,0.26575982852889063,0.05163180579077297,0.013721659853592806,370,72,1480,5689,7169
1625,morphem,D20,std_ctrl__tvn_efaar_e1.0_c304,0.278296965669231,0.023884464910705845,0.0066469741112826575,370,70,1480,5913,7393
1626,morphem,D20,std_ctrl__tvn_efaar_e1.0_c304,0.294582351906857,0.0684369345660471,0.020160313141761834,370,54,1480,5593,7073
1627,morphem,D20,std_ctrl__tvn_efaar_e1.0_c304,0.2742603046955292,-0.031531390406745345,-0.008647808740427665,370,61,1480,5529,7009
1628,morphem,D20,std_ctrl__tvn_efaar_e1.0_c304,0.2502715908288583,-0.025256613907954417,-0.00632101294169402,370,94,1480,5849,7329
1629,morphem,D20,std_ctrl__tvn_efaar_e1.0_c304,0.28078389936955245,0.008552202750414533,0.0024013208364604037,370,70,1480,5817,7297
1630,morphem,D20,std_ctrl__tvn_efaar_e1.0_c304,0.25636567478280037,0.02324231660761884,0.0059585321806276915,370,69,1480,5657,7137
1631,morphem,D20,std_ctrl__tvn_efaar_e1.0_c304,0.2698670167776202,0.16302267030443407,0.04399444170217916,370,50,1480,5881,7361
1632,morphem,D20,std_ctrl__tvn_efaar_e1.0_c304,0.30322099081304205,0.0048923638257653045,0.0014834674066664406,370,73,1480,5721,7201
1633,morphem,D20,std_ctrl__tvn_efaar_e1.0_c304,0.27729634956996047,0.05055240151233203,0.01401799640136462,370,72,1480,5721,7201
1634,morphem,D20,std_ctrl__tvn_efaar_e1.0_c304,0.29590426207556636,-0.05301339941723216,-0.015686890834673343,370,53,1480,5663,7143
1635,morphem,D20,std_ctrl__tvn_efaar_e1.0_c304,0.2879746052040828,0.011524433317075927,0.0033187441346857185,370,77,1480,5753,7233
1636,morphem,D20,std_ctrl__tvn_efaar_e1.0_c304,0.2696300408273491,0.052136420695515495,0.01405754524072369,370,56,1480,5753,7233
1637,morphem,D20,std_ctrl__tvn_efaar_e1.0_c304,0.28395516311826846,-0.007429464884690431,-0.002109634913213719,370,61,1480,5881,7361
1638,morphem,D20,std_ctrl__tvn_efaar_e1.0_c304,0.2939431547537973,-0.017550907592951547,-0.005158969146664552,370,58,1480,5881,7361
1639,morphem,D20,std_ctrl__tvn_efaar_e1.0_c304,0.25247951215526737,0.006609581439247844,0.0016687838973318055,370,69,1480,5977,7457
1640,morphem,D20,std_ctrl__tvn_efaar_e1.0_c304,0.27557270208664514,-0.01108866505989448,-0.0030557333930888923,370,72,1480,5625,7105
1641,morphem,D20,std_ctrl__tvn_efaar_e1.0_c304,0.290238645759216,0.03691971317473483,0.010715527553653723,370,78,1480,5657,7137
1642,morphem,D20,std_ctrl__tvn_efaar_e1.0_c304,0.2733438435417273,0.03750702381947428,0.010252314050626217,370,113,1480,5593,7073
1643,morphem,D20,std_ctrl__tvn_efaar_e1.0_c304,0.25246282567226663,0.07158248337381076,0.01807191602119031,370,104,1480,5689,7169
1644,morphem,D20,std_ctrl__tvn_efaar_e1.0_c304,0.2672830308798153,0.018222821420467085,0.004870650940444064,370,61,1480,5561,7041
1645,morphem,D20,std_ctrl__tvn_efaar_e1.0_c304,0.2630902583081406,-0.01755034581470795,-0.004617325013788708,370,61,1480,5785,7265
1646,morphem,D20,std_ctrl__tvn_efaar_e1.0_c304,0.3093251119638662,0.016172052741270995,0.0050024220248792,370,71,1480,5753,7233
1647,morphem,D20,std_ctrl__tvn_efaar_e1.0_c304,0.27907746638581427,0.1887819616813777,0.05268479156538276,370,70,1480,5881,7361
1648,morphem,D20,std_ctrl__tvn_efaar_e1.0_c304,0.29136059464200154,-0.005894561241598987,-0.0017174428685059757,370,87,1480,5817,7297
1649,morphem,D20,std_ctrl__tvn_efaar_e1.0_c304,0.28969401504411435,0.013080133201576475,0.003789236304476515,370,101,1480,5913,7393
1650,morphem,D20,std_ctrl__tvn_efaar_e1.0_c304,0.26340468022002705,0.0385214691072044,0.010146735251788826,370,48,1480,5625,7105
1651,morphem,D20,std_ctrl__tvn_efaar_e1.0_c304,0.25970543720352757,0.00504466318340962,0.0013101264575919346,370,79,1480,5689,7169
1652,morphem,D20,std_ctrl__tvn_efaar_e1.0_c304,0.2706367646168715,0.04109052375409322,0.011120606405220492,370,77,1480,5535,7015
1653,morphem,D20,std_ctrl__tvn_efaar_e1.0_c304,0.29101462564316716,0.053677991333247965,0.015621080553122328,370,61,1480,5753,7233
1654,morphem,D20,std_ctrl__tvn_efaar_e1.0_c304,0.23690520946944635,-0.004873096639373788,-0.0011544619801157022,370,87,1480,5753,7233
1655,morphem,D20,std_ctrl__tvn_efaar_e1.0_c304,0.2526104566697241,0.015403391405075639,0.00389105773709866,370,86,1480,5785,7265
1656,morphem,D20,std_ctrl__tvn_efaar_e1.0_c304,0.27798074936865624,0.02555820885856388,0.0071046900510242155,370,68,1480,5785,7265
1657,morphem,D20,std_ctrl__tvn_efaar_e1.0_c304,0.2778483841854369,0.07825718031761386,0.021743631102157386,370,64,1480,5753,7233
1658,morphem,D20,std_ctrl__tvn_efaar_e1.0_c304,0.2767484213044935,-0.0007911826471667742,-0.00021895854856691487,370,61,1480,5657,7137
1659,morphem,D20,std_ctrl__tvn_efaar_e1.0_c304,0.2881702415059246,0.03898449671917891,0.011234171834552711,370,50,1480,5785,7265
1660,morphem,D20,std_ctrl__tvn_efaar_e1.0_c304,0.2833369812413434,-0.031017897949614934,-0.00878851756949595,370,72,1480,5625,7105
1661,morphem,D20,std_ctrl__tvn_efaar_e1.0_c304,0.2958824923194308,0.08395729872434522,0.024841494794966234,370,87,1480,5913,7393
1662,morphem,D20,std_ctrl__tvn_efaar_e1.0_c304,0.29808954022213724,-0.0006071315696939278,-0.0001809795704644074,370,70,1480,5657,7137
1663,morphem,D20,std_ctrl__tvn_efaar_e1.0_c304,0.24636790619784196,0.06178175572706269,0.015221041799702966,370,76,1480,5689,7169
1664,morphem,D20,std_ctrl__tvn_efaar_e1.0_c304,0.28324189534432376,-0.03555934962095972,-0.010071897583852091,370,77,1480,5625,7105
1665,morphem,D20,std_ctrl__tvn_efaar_e1.0_c304,0.2554533652409529,0.04362936654939145,0.011145268508373107,370,88,1480,5753,7233
1666,morphem,D20,std_ctrl__tvn_efaar_e1.0_c304,0.3023922836277303,0.027219127604688295,0.008230854154736286,370,100,1480,5561,7041
1667,morphem,D20,std_ctrl__tvn_efaar_e1.0_c304,0.261206315741912,0.012710695654713326,0.003320113982484398,370,120,1480,5657,7137
1668,morphem,D20,std_ctrl__tvn_efaar_e1.0_c304,0.2844357030236901,0.036411757427532436,0.010356803822228257,370,95,1480,5561,7041
1669,morphem,D20,std_ctrl__tvn_efaar_e1.0_c304,0.24979694317502085,-0.0004785289937928342,-0.00011953507987006851,370,88,1480,5593,7073
1670,morphem,D20,std_ctrl__tvn_efaar_e1.0_c304,0.30202443974274684,0.03646113606934593,0.011012154193728264,370,79,1480,5753,7233
1671,morphem,D20,std_ctrl__tvn_efaar_e1.0_c304,0.28929811880750106,0.06666853199747391,0.019287080890526893,370,54,1480,5785,7265
1672,morphem,D20,std_ctrl__tvn_efaar_e1.0_c304,0.2807764321430774,0.06474535022425013,0.018178968433818946,370,58,1480,5529,7009
1673,morphem,D20,std_ctrl__tvn_efaar_e1.0_c304,0.2589796293792043,0.0059491015300031855,0.0015406961093794823,370,107,1480,5657,7137
1674,morphem,D20,std_ctrl__tvn_efaar_e1.0_c304,0.28939762273434255,0.05929251630391327,0.01715911326428975,370,55,1480,5785,7265
1675,morphem,D20,std_ctrl__tvn_efaar_e1.0_c304,0.29293764551512286,-0.03602865833649611,-0.010554150344161973,370,57,1480,5497,6977
1676,morphem,D20,std_ctrl__tvn_efaar_e1.0_c304,0.26523560972944416,-0.005165891029586722,-0.0013701782570283002,370,41,1480,5817,7297
1677,morphem,D20,std_ctrl__tvn_efaar_e1.0_c304,0.27122313056390174,-9.861571294540739e-05,-2.6746862387844483e-05,370,70,1480,5593,7073
1678,morphem,D20,std_ctrl__tvn_efaar_e1.0_c304,0.2977328692998332,0.1401277808344361,0.041720646256454844,370,55,1480,5625,7105
1679,morphem,D20,std_ctrl__tvn_efaar_e1.0_c304,0.3099658821834797,-0.0028878910674991097,-0.0008951477023871525,370,77,1480,5721,7201
1680,morphem,D20,std_ctrl__tvn_efaar_e1.0_c304,0.25837271286595964,-0.0059272575149908885,-0.0015314416040033423,370,89,1480,5913,7393
1681,morphem,D20,std_ctrl__tvn_efaar_e1.0_c304,0.29778793725998143,0.009857507888782773,0.0029354469407246162,370,60,1480,5593,7073
1682,morphem,D20,std_ctrl__tvn_efaar_e1.0_c304,0.2901837878780133,0.0339707058068787,0.009857748087929684,370,73,1480,5849,7329
1683,morphem,D20,std_ctrl__tvn_efaar_e1.0_c304,0.3008060885393725,0.02234251140351803,0.006720763463438585,370,84,1480,5689,7169
1684,morphem,D20,std_ctrl__tvn_efaar_e1.0_c304,0.26643504133359386,0.03461588143934343,0.009222883802090251,370,84,1480,5721,7201
1685,morphem,D20,std_ctrl__tvn_efaar_e1.0_c304,0.31120676429559263,-0.021434701539384315,-0.006670624109713551,370,69,1480,5657,7137
1686,morphem,D20,std_ctrl__tvn_efaar_e1.0_c304,0.24501524981790665,0.00961389969353436,0.0023555520351356174,370,95,1480,5689,7169
1687,morphem,D20,std_ctrl__tvn_efaar_e1.0_c304,0.29031594155631485,0.02347866399096167,0.006816230443020382,370,52,1480,5721,7201
1688,morphem,D20,std_ctrl__tvn_efaar_e1.0_c304,0.24482223771295686,-0.052417851637395874,-0.012833055733973038,370,72,1480,5529,7009
1689,morphem,D20,std_ctrl__tvn_efaar_e1.0_c304,0.28267278970505216,0.008785549728867699,0.002483435850951497,370,52,1480,5529,7009
1690,morphem,D20,std_ctrl__tvn_efaar_e1.0_c304,0.3064516247003607,0.017129222653861107,0.00524927811212996,370,61,1480,5849,7329
1691,morphem,D20,std_ctrl__tvn_efaar_e1.0_c304,0.27163901523800815,-0.022165012230696824,-0.006020882095084891,370,86,1480,5529,7009
1692,morphem,D20,std_ctrl__tvn_efaar_e1.0_c304,0.26401491872406707,0.0014995426373885152,0.000395901627533402,370,80,1480,5497,6977
1693,morphem,D20,std_ctrl__tvn_efaar_e1.0_c304,0.28137837350823364,0.044132093491925685,0.012417816686271352,370,79,1480,5817,7297
1694,morphem,D20,std_ctrl__tvn_efaar_e1.0_c304,0.2634551585828171,0.06309358085423217,0.016622329349509527,370,50,1480,5753,7233
1695,morphem,D20,std_ctrl__tvn_efaar_e1.0_c304,0.24177509882575363,0.02831703341492625,0.006846353552345962,370,86,1480,5721,7201
1696,morphem,D20,std_ctrl__tvn_efaar_e1.0_c304,0.27404030067133384,0.05337951131810598,0.014628137331302629,370,76,1480,5689,7169
1697,morphem,D20,std_ctrl__tvn_efaar_e1.0_c304,0.26516096920177096,0.0030226638000324874,0.0008014924627877223,370,74,1480,5913,7393
1698,morphem,D20,std_ctrl__tvn_efaar_e1.0_c304,0.2973495816999144,0.0015254270248693186,0.0004535850877586368,370,65,1480,5625,7105
1699,morphem,D20,std_ctrl__tvn_efaar_e1.0_c304,0.22529428725236317,0.022484162718761257,0.005065553414189474,370,57,1480,5561,7041
1700,morphem,D20,std_ctrl__tvn_efaar_e1.0_c304,0.2687000527574828,0.09893968878603247,0.02658509959661586,370,85,1480,5753,7233
1701,morphem,D20,std_ctrl__tvn_efaar_e1.0_c304,0.28366418609599703,0.02485610997822651,0.007050788206486214,370,95,1480,5689,7169
1702,morphem,D20,std_ctrl__tvn_efaar_e1.0_c304,0.2924704733448224,0.026714563105875107,0.007813220916775422,370,59,1480,5689,7169
1703,morphem,D20,std_ctrl__tvn_efaar_e1.0_c304,0.2583171435448993,0.025887830994390307,0.006687270555044015,370,81,1480,5529,7009
1704,morphem,D20,std_ctrl__tvn_efaar_e1.0_c304,0.29014042244834837,0.04432826733424611,0.012861422210761487,370,85,1480,5689,7169
1705,morphem,D20,std_ctrl__tvn_efaar_e1.0_c304,0.2778413100180399,-0.022075275256637106,-0.006133423396312876,370,91,1480,5817,7297
1706,morphem,D20,std_ctrl__tvn_efaar_e1.0_c304,0.2439131310661641,-0.0288201871947792,-0.007029622096591564,370,40,1480,5625,7105
1707,morphem,D20,std_ctrl__tvn_efaar_e1.0_c304,0.26293235433209405,0.019488263081584956,0.005124094893884363,370,95,1480,5817,7297
1708,morphem,D20,std_ctrl__tvn_efaar_e1.0_c304,0.2919918657146662,0.04416737556935627,0.012896514396216705,370,99,1480,5497,6977
1709,morphem,D20,std_ctrl__tvn_efaar_e1.0_c304,0.2790248018530817,0.0653337994338503,0.018229750441339062,370,89,1480,5817,7297
1710,morphem,D20,std_ctrl__tvn_efaar_e1.0_c304,0.26831665072589095,-0.02473957101501387,-0.006638038835143852,370,75,1480,5657,7137
1711,morphem,D20,std_ctrl__tvn_efaar_e1.0_c304,0.2589603276179311,0.05836840548777099,0.015115101407649422,370,79,1480,5689,7169
1712,morphem,D20,std_ctrl__tvn_efaar_e1.0_c304,0.28024586740209834,0.025356524609847067,0.007106061233589245,370,91,1480,5625,7105
1713,morphem,D20,std_ctrl__tvn_efaar_e1.0_c304,0.32387080186182715,0.035547525386075536,0.01151280555099194,370,71,1480,5753,7233
1714,morphem,D20,std_ctrl__tvn_efaar_e1.0_c304,0.2792388458551982,0.040107803142588834,0.011199656659323997,370,87,1480,5817,7297
1715,morphem,D20,std_ctrl__tvn_efaar_e1.0_c304,0.28576540065447537,0.050449576217726735,0.014416743360707172,370,71,1480,5529,7009
1716,morphem,D20,std_ctrl__tvn_efaar_e1.0_c304,0.308625066286818,0.039788430349246076,0.012279706953984513,370,80,1480,5721,7201
1717,morphem,D20,std_ctrl__tvn_efaar_e1.0_c304,0.3009888596037323,-0.0034971766319298538,-0.0010526112062773881,370,63,1480,5721,7201
1718,morphem,D20,std_ctrl__tvn_efaar_e1.0_c304,0.2760309353014277,0.044897719217851816,0.01239315942860452,370,80,1480,5657,7137
1719,morphem,D20,std_ctrl__tvn_efaar_e1.0_c304,0.2920442872657075,0.024351953274079942,0.007111848837456489,370,72,1480,5689,7169
1720,morphem,D20,std_ctrl__tvn_efaar_e1.0_c304,0.2877624411880888,0.10648759558726073,0.0306431304624401,370,61,1480,5497,6977
1721,morphem,D20,std_ctrl__tvn_efaar_e1.0_c304,0.25664287144247877,0.01513854461334609,0.00388519955902921,370,61,1480,5721,7201
1722,morphem,D20,std_ctrl__tvn_efaar_e1.0_c304,0.25294216679789217,0.025141069605767327,0.006359236621699417,370,68,1480,5497,6977
1723,morphem,D20,std_ctrl__tvn_efaar_e1.0_c304,0.27087286992844406,0.1936568920450145,0.05245639812965594,370,70,1480,5817,7297
1724,morphem,D20,std_ctrl__tvn_efaar_e1.0_c304,0.274003659771007,-0.002596582317981269,-0.0007114730580235523,370,65,1480,5401,6881
1725,morphem,D20,std_ctrl__tvn_efaar_e1.0_c304,0.26208334564196284,0.08836366280989867,0.02315864438239653,370,78,1480,5721,7201
1726,morphem,D20,std_ctrl__tvn_efaar_e1.0_c304,0.27078102623450634,0.023337649300787154,0.006319392627568155,370,61,1480,5593,7073
1727,morphem,D20,std_ctrl__tvn_efaar_e1.0_c304,0.32946957665299664,0.006542448971609701,0.0021555378929500814,370,97,1480,5529,7009
1728,morphem,D20,std_ctrl__tvn_efaar_e1.0_c304,0.2796057526296552,0.07915239463233666,0.022131464873613973,370,68,1480,5785,7265
1729,morphem,D20,std_ctrl__tvn_efaar_e1.0_c304,0.2990211148483091,0.06925508610835446,0.020708733057035796,370,51,1480,5593,7073
1730,morphem,D20,std_ctrl__tvn_efaar_e1.0_c304,0.28259793524221727,-0.029823833267781787,-0.008428153702483282,370,54,1480,5593,7073
1731,morphem,D20,std_ctrl__tvn_efaar_e1.0_c304,0.26491449083766255,0.021595358430328185,0.005720923383027214,370,70,1480,5593,7073
1732,morphem,D20,std_ctrl__tvn_efaar_e1.0_c304,0.2671542497794817,0.03411781536719003,0.009114719368536525,370,52,1480,5433,6913
1733,morphem,D20,std_ctrl__tvn_efaar_e1.0_c304,0.25013502877792154,-0.031560484286649024,-0.007894382645286094,370,80,1480,5753,7233
1734,morphem,D20,std_ctrl__tvn_efaar_e1.0_c304,0.2882578236797418,0.041798038079946136,0.012048611491008247,370,57,1480,5721,7201
1735,morphem,D20,std_ctrl__tvn_efaar_e1.0_c304,0.27702508567619516,0.022338691723894685,0.006188377988706036,370,65,1480,5753,7233
1736,morphem,D20,std_ctrl__tvn_efaar_e1.0_c304,0.2941231071834877,-0.0073588866531545585,-0.0021644186078369153,370,65,1480,5625,7105
1737,morphem,D20,std_ctrl__tvn_efaar_e1.0_c304,0.29576381778020877,0.004464526366041611,0.0013204453626008688,370,85,1480,5721,7201
1738,morphem,D20,std_ctrl__tvn_efaar_e1.0_c304,0.2683837868238746,-0.002299132053372731,-0.0006170497668923241,370,86,1480,5593,7073
1739,morphem,D20,std_ctrl__tvn_efaar_e1.0_c304,0.2809825995544065,0.04406984861731051,0.012382860626461075,370,92,1480,5657,7137
1740,morphem,D20,std_ctrl__tvn_efaar_e1.0_c304,0.25313855098258853,0.02808381220879274,0.007109095528600923,370,77,1480,5529,7009
1741,morphem,D20,std_ctrl__tvn_efaar_e1.0_c304,0.261523765449347,0.015366950325656178,0.004018822712638673,370,81,1480,5657,7137
1742,morphem,D20,std_ctrl__tvn_efaar_e1.0_c304,0.2906626812649581,0.0197258739638067,0.005733575416614682,370,77,1480,5529,7009
1743,morphem,D20,std_ctrl__tvn_efaar_e1.0_c304,0.29027180883566855,0.03964720514245195,0.011508465951978348,370,44,1480,5625,7105
1744,morphem,D20,std_ctrl__tvn_efaar_e1.0_c304,0.26617767455309743,0.09188018551102313,0.024456454116831332,370,92,1480,5657,7137
1745,morphem,D20,std_ctrl__tvn_efaar_e1.0_c304,0.2560620625998356,0.08572690204629986,0.02195140735826961,370,70,1480,5785,7265
1746,morphem,D20,std_ctrl__tvn_efaar_e1.0_c304,0.2598571899092192,-0.005378299416393298,-0.0013975897728343558,370,82,1480,5721,7201
1747,morphem,D20,std_ctrl__tvn_efaar_e1.0_c304,0.27831066972379126,0.013100520844346559,0.0036460147299205783,370,57,1480,5785,7265
1748,morphem,D20,std_ctrl__tvn_efaar_e1.0_c304,0.29542323832516787,0.05112217822429338,0.01510267944125713,370,73,1480,5817,7297
1749,morphem,D20,std_ctrl__tvn_efaar_e1.0_c304,0.262454975069769,0.022686251734030983,0.005954119633281605,370,68,1480,5881,7361
1750,morphem,D20,std_ctrl__tvn_efaar_e1.0_c304,0.2629138168299857,0.012180122244060256,0.003202322428641693,370,59,1480,5497,6977
1751,morphem,D20,std_ctrl__tvn_efaar_e1.0_c304,0.28651828281815694,0.020333469988586823,0.005825910904864426,370,60,1480,5625,7105
1752,morphem,D20,std_ctrl__tvn_efaar_e1.0_c304,0.2399850511250777,0.0651336793847795,0.015631109377120728,370,62,1480,5625,7105
1753,morphem,D20,std_ctrl__tvn_efaar_e1.0_c304,0.2625059696080899,0.02230513488837267,0.005855231061111503,370,86,1480,5529,7009
1754,morphem,D20,std_ctrl__tvn_efaar_e1.0_c304,0.28886257658173775,0.12039323599731079,0.034777100353196415,370,66,1480,5465,6945
1755,morphem,D20,std_ctrl__tvn_efaar_e1.0_c304,0.3069439865789018,-0.011886694288462011,-0.0036485493321451925,370,56,1480,5689,7169
1756,morphem,D20,std_ctrl__tvn_efaar_e1.0_c304,0.3065080751915175,-0.03543828088102829,-0.010862119260940335,370,66,1480,5753,7233
1757,morphem,D20,std_ctrl__tvn_efaar_e1.0_c304,0.3153031097521369,-0.021836223590065415,-0.006885029203190596,370,64,1480,5657,7137
1758,morphem,D20,std_ctrl__tvn_efaar_e1.0_c304,0.27475060667598533,-0.032286566384234834,-0.008870753701552995,370,66,1480,5721,7201
1759,morphem,D20,std_ctrl__tvn_efaar_e1.0_c304,0.26498225327867175,-0.02153506872207878,-0.005706411034487481,370,99,1480,5625,7105
1760,morphem,D20,std_ctrl__tvn_efaar_e1.0_c304,0.29939805662211055,0.03384143526312727,0.010132059951083268,370,100,1480,5977,7457
1761,morphem,D20,std_ctrl__tvn_efaar_e1.0_c304,0.2559184966136568,0.2047796926019356,0.052406911067694135,370,58,1480,5689,7169
1762,morphem,D20,std_ctrl__tvn_efaar_e1.0_c304,0.27292652909959714,-0.011970937235992588,-0.0032671863498885817,370,58,1480,5657,7137
1763,morphem,D20,std_ctrl__tvn_efaar_e1.0_c304,0.2672515544194832,0.060487240701373984,0.01616530909998763,370,61,1480,5465,6945
1764,morphem,D20,std_ctrl__tvn_efaar_e1.0_c304,0.26601347613469195,-0.03191662792347814,-0.008490253140421995,370,67,1480,5433,6913
1765,morphem,D20,std_ctrl__tvn_efaar_e1.0_c304,0.2784130544133431,0.0004453813774865502,0.0001239999896848526,370,58,1480,5817,7297
1766,morphem,D20,std_ctrl__tvn_efaar_e1.0_c304,0.27029665639768014,0.05762615091541816,0.015576155913505642,370,67,1480,5913,7393
1767,morphem,D20,std_ctrl__tvn_efaar_e1.0_c304,0.2731010098054753,0.15735978431100175,0.04297511599810637,370,75,1480,5945,7425
1768,morphem,D20,std_ctrl__tvn_efaar_e1.0_c304,0.26314660463151096,-0.018126725462274666,-0.004769986258485135,370,82,1480,5753,7233
1769,morphem,D20,std_ctrl__tvn_efaar_e1.0_c304,0.27506614728579226,-0.004756679181858878,-0.001308401416428456,370,55,1480,5817,7297
1770,morphem,D20,std_ctrl__tvn_efaar_e1.0_c304,0.27178969836767386,0.0595240313426675,0.016178018524251565,370,64,1480,5849,7329
1771,morphem,D20,std_ctrl__tvn_efaar_e1.0_c304,0.2918076791171307,0.02817315902420375,0.008221144148250743,370,66,1480,5913,7393
1772,morphem,D20,std_ctrl__tvn_efaar_e1.0_c304,0.2550507931806993,-0.035272303485107494,-0.00899622898118701,370,51,1480,5753,7233
1773,morphem,D20,std_ctrl__tvn_efaar_e1.0_c304,0.27097967239425214,-0.02902800723118905,-0.00786599988976559,370,63,1480,5881,7361
1774,morphem,D20,std_ctrl__tvn_efaar_e1.0_c304,0.2595537811453331,0.05957159412805767,0.015462032504792491,370,57,1480,5849,7329
1775,morphem,D20,std_ctrl__tvn_efaar_e1.0_c304,0.2795009203650103,-0.028451631762298098,-0.007952257263448679,370,52,1480,5913,7393
1776,morphem,D20,std_ctrl__tvn_efaar_e1.0_c304,0.26544879934363735,0.0793562099855633,0.02106501066112934,370,77,1480,5561,7041
1777,morphem,D20,std_ctrl__tvn_efaar_e1.0_c304,0.2713872159998762,0.0038485194650972744,0.001044438983354082,370,81,1480,5593,7073
1778,morphem,D20,std_ctrl__tvn_efaar_e1.0_c304,0.2649593689475087,-0.0019096837533458956,-0.0005059886021758383,370,86,1480,5913,7393
1779,morphem,D20,std_ctrl__tvn_efaar_e1.0_c304,0.26992786342928043,0.009827549640878537,0.002652729477307536,370,50,1480,5881,7361
1780,morphem,D20,std_ctrl__tvn_efaar_e1.0_c304,0.24254992842627093,0.0153841554780054,0.0037314258100888333,370,56,1480,5689,7169
1781,morphem,D20,std_ctrl__tvn_efaar_e1.0_c304,0.28938723613308015,0.012833440603702305,0.0037138339063834576,370,65,1480,5689,7169
1782,morphem,D20,std_ctrl__tvn_efaar_e1.0_c304,0.29310846663093354,-0.012775969123031786,-0.0037447447193759997,370,84,1480,5721,7201
1783,morphem,D20,std_ctrl__tvn_efaar_e1.0_c304,0.27815194271972177,-0.0030342201049504687,-0.0008439742168312109,370,61,1480,5657,7137
1784,morphem,D20,std_ctrl__tvn_efaar_e1.0_c304,0.28709404044594417,0.06915055057939352,0.01985271096489971,370,42,1480,5762,7242
1785,morphem,D20,std_ctrl__tvn_efaar_e1.0_c304,0.2737404090532076,0.06891783952888175,0.018865597583699413,370,66,1480,5433,6913
1786,morphem,D20,std_ctrl__tvn_efaar_e1.0_c304,0.2910663275794365,0.01381312787389813,0.0040205364026406785,370,98,1480,5817,7297
1787,morphem,D20,std_ctrl__tvn_efaar_e1.0_c304,0.2824560090813098,-0.013343393146637053,-0.0037689215758020026,370,86,1480,5657,7137
1788,morphem,D20,std_ctrl__tvn_efaar_e1.0_c304,0.29298609294707545,0.06626102952228356,0.019413560154384682,370,93,1480,5625,7105
1789,morphem,D20,std_ctrl__tvn_efaar_e1.0_c304,0.27487249937690295,-0.021038436442570908,-0.005782887607951584,370,84,1480,5689,7169
1790,morphem,D20,std_ctrl__tvn_efaar_e1.0_c304,0.2766559784385999,0.0051291941387258,0.001419022223050718,370,94,1480,5471,6951
1791,morphem,D20,std_ctrl__tvn_efaar_e1.0_c304,0.2512076389846129,0.007445101518079965,0.0018702663743576254,370,103,1480,5689,7169
1792,morphem,D20,std_ctrl__tvn_efaar_e1.0_c304,0.3059241739102768,-0.04557889767456657,-0.013943686618832815,370,67,1480,5721,7201
1793,morphem,D20,std_ctrl__tvn_efaar_e1.0_c304,0.28755318608284886,-0.005002398179251131,-0.0014384555344987048,370,58,1480,5593,7073
1794,morphem,D20,std_ctrl__tvn_efaar_e1.0_c304,0.2741958789363026,-0.02900097838180547,-0.007951948757411861,370,62,1480,5945,7425
1795,morphem,D20,std_ctrl__tvn_efaar_e1.0_c304,0.2736249179851879,-0.004579479997930141,-0.0012530598388484433,370,70,1480,5593,7073
1796,morphem,D20,std_ctrl__tvn_efaar_e1.0_c304,0.27731489411180665,-0.0017731156542890628,-0.0004917113799171582,370,104,1480,5753,7233
1797,morphem,D20,std_ctrl__tvn_efaar_e1.0_c304,0.31119620297173817,0.052258984279997936,0.016262797479095113,370,71,1480,5785,7265
1798,morphem,D20,std_ctrl__tvn_efaar_e1.0_c304,0.296743470850118,-0.03830486420628387,-0.011366718355015126,370,55,1480,5497,6977
1799,morphem,D20,std_ctrl__tvn_efaar_e1.0_c304,0.2557108202344578,0.04975387227587268,0.012722603489503853,370,93,1480,5753,7233
1800,morphem,D20,std_ctrl__tvn_efaar_e1.0_c304,0.27837190074629303,0.020507970442123553,0.005708842712422729,370,88,1480,5721,7201
1801,morphem,D20,std_ctrl__tvn_efaar_e1.0_c304,0.2729605481875523,-0.017239247184163944,-0.004705634361730107,370,73,1480,5753,7233
1802,morphem,D20,std_ctrl__tvn_efaar_e1.0_c304,0.26295468563448193,-0.0006300138923992347,-0.0001656651050211971,370,85,1480,5849,7329
1803,morphem,D20,std_ctrl__tvn_efaar_e1.0_c304,0.279712202612762,-0.005094055707840725,-0.0014248695422722415,370,70,1480,5753,7233
1804,morphem,D20,std_ctrl__tvn_efaar_e1.0_c304,0.286387511385725,-0.020674402269326764,-0.005920890615299877,370,49,1480,5657,7137
1805,morphem,D20,std_ctrl__tvn_efaar_e1.0_c304,0.26939477652450766,0.004617533968967954,0.0012439395316644448,370,50,1480,5657,7137
1806,morphem,D20,std_ctrl__tvn_efaar_e1.0_c304,0.2813515265025078,0.03177761480198841,0.008940680433148124,370,50,1480,5625,7105
1807,morphem,D20,std_ctrl__tvn_efaar_e1.0_c304,0.2825287033751479,0.030910913710256956,0.00873322037069998,370,92,1480,5785,7265
1808,morphem,D20,std_ctrl__tvn_efaar_e1.0_c304,0.2874091434471505,-0.0077371382769132885,-0.00222372428489981,370,97,1480,5433,6913
1809,morphem,D20,std_ctrl__tvn_efaar_e1.0_c304,0.29178683122056376,0.10617465791552044,0.030980366989097056,370,64,1480,5689,7169
1810,morphem,D20,std_ctrl__tvn_efaar_e1.0_c304,0.30284247097908656,0.07019445056097055,0.021257860856903652,370,55,1480,5945,7425
1811,morphem,D20,std_ctrl__tvn_efaar_e1.0_c304,0.2707680028676653,0.019130396887979628,0.005179899359424043,370,98,1480,5657,7137
1812,morphem,D20,std_ctrl__tvn_efaar_e1.0_c304,0.28851932560373766,0.005054273092882503,0.001458255464175577,370,80,1480,5657,7137
1813,morphem,D20,std_ctrl__tvn_efaar_e1.0_c304,0.3159290342541152,0.025071497841117292,0.00792081410024832,370,39,1480,5593,7073
1814,morphem,D20,std_ctrl__tvn_efaar_e1.0_c304,0.28825426759303796,0.07445762594780653,0.02146272843430135,370,85,1480,5721,7201
1815,morphem,D20,std_ctrl__tvn_efaar_e1.0_c304,0.27910331632061564,0.029147714480318554,0.008135223774623338,370,73,1480,5625,7105
1816,morphem,D20,std_ctrl__tvn_efaar_e1.0_c304,0.2638575275641312,0.031153826165009998,0.008220171546062279,370,91,1480,5849,7329
1817,morphem,D20,std_ctrl__tvn_efaar_e1.0_c304,0.27932694883328985,0.05541447276447434,0.015478755598506058,370,58,1480,5497,6977
1818,morphem,D20,std_ctrl__tvn_efaar_e1.0_c304,0.28089846661183376,0.024759417669703503,0.006954882457621657,370,89,1480,5657,7137
1819,morphem,D20,std_ctrl__tvn_efaar_e1.0_c304,0.2700543834534705,0.0015391711347128606,0.00041565991181426014,370,81,1480,5785,7265
1820,morphem,D20,std_ctrl__tvn_efaar_e1.0_c304,0.261157608599021,-0.019006678658959334,-0.004963738745983867,370,76,1480,5753,7233
1821,morphem,D20,std_ctrl__tvn_efaar_e1.0_c304,0.2734746894844266,0.05184817510727646,0.014179163587796608,370,90,1480,5753,7233
1822,morphem,D20,std_ctrl__tvn_efaar_e1.0_c304,0.2744875744220602,0.05570426397920977,0.015290128304619429,370,58,1480,5817,7297
1823,morphem,D20,std_ctrl__tvn_efaar_e1.0_c304,0.2892793215114322,0.01180492034973624,0.0034149193492681983,370,64,1480,5817,7297
1824,morphem,D20,std_ctrl__tvn_efaar_e1.0_c304,0.2942616797620819,0.0505450093869194,0.0148734593657851,370,77,1480,5497,6977
1825,morphem,D20,std_ctrl__tvn_efaar_e1.0_c304,0.26584628590428383,0.0609803299169411,0.016211394221636675,370,83,1480,5753,7233
1826,morphem,D20,std_ctrl__tvn_efaar_e1.0_c304,0.29076862841466944,0.13357245385838978,0.03883867920238572,370,78,1480,5529,7009
1827,morphem,D20,std_ctrl__tvn_efaar_e1.0_c304,0.2726999796173852,0.04625592476154304,0.012613989739656089,370,69,1480,5849,7329
1828,morphem,D20,std_ctrl__tvn_efaar_e1.0_c304,0.2720134454146664,0.004398606197756556,0.001196480026874066,370,55,1480,5625,7105
1829,morphem,D20,std_ctrl__tvn_efaar_e1.0_c304,0.2703737360155104,0.04916570636306599,0.013293115713223704,370,78,1480,5689,7169
1830,morphem,D20,std_ctrl__tvn_efaar_e1.0_c304,0.29919022327235306,0.048400554299819556,0.014480972647468662,370,57,1480,5753,7233
1831,morphem,D20,std_ctrl__tvn_efaar_e1.0_c304,0.2796119963244735,0.05552324956857789,0.015524966654292024,370,68,1480,5881,7361
1832,morphem,D20,std_ctrl__tvn_efaar_e1.0_c304,0.3066302176023034,-0.01437431933514629,-0.004407600665620904,370,66,1480,5753,7233
1833,morphem,D20,std_ctrl__tvn_efaar_e1.0_c304,0.2714685037477807,-0.005799005299659541,-0.0015742472919240264,370,64,1480,5689,7169
1834,morphem,D20,std_ctrl__tvn_efaar_e1.0_c304,0.2832968480695685,-0.013164826345249146,-0.0037295538089923003,370,66,1480,5721,7201
1835,morphem,D20,std_ctrl__tvn_efaar_e1.0_c304,0.2943326810192799,0.09257143234496493,0.02724679786788841,370,53,1480,5657,7137
1836,morphem,D20,std_ctrl__tvn_efaar_e1.0_c304,0.2539798320297057,0.034729032054461324,0.008820473727746352,370,76,1480,5721,7201
1837,morphem,D20,std_ctrl__tvn_efaar_e1.0_c304,0.23527208670514282,0.0657147041775554,0.015460835579064625,370,83,1480,5881,7361
1838,morphem,D20,std_ctrl__tvn_efaar_e1.0_c304,0.299248695644019,0.030041716434697396,0.008989944457990685,370,44,1480,5593,7073
1839,morphem,D20,std_ctrl__tvn_efaar_e1.0_c304,0.2924148734744282,0.07002207310678256,0.02047549564793698,370,52,1480,5945,7425
1840,morphem,D20,std_ctrl__tvn_efaar_e1.0_c304,0.28571886840384986,-0.010586201094446567,-0.00302467739740087,370,83,1480,5657,7137
1841,morphem,D20,std_ctrl__tvn_efaar_e1.0_c304,0.2960883150875752,0.09653037951780279,0.028581517426190407,370,69,1480,5593,7073
1842,morphem,D20,std_ctrl__tvn_efaar_e1.0_c304,0.2809079668805188,0.010970428136525443,0.0030816806636402004,370,71,1480,5497,6977
1843,morphem,D20,std_ctrl__tvn_efaar_e1.0_c304,0.2678298864307016,0.0049153861832781105,0.001316487323230416,370,60,1480,5625,7105
1844,morphem,D20,std_ctrl__tvn_efaar_e1.0_c304,0.2640762317811687,-0.0056173737107193256,-0.0014834148820333602,370,77,1480,5817,7297
1845,morphem,D20,std_ctrl__tvn_efaar_e1.0_c304,0.31406517036793324,0.044070877666143954,0.013841127702481845,370,51,1480,5625,7105
1846,morphem,D20,std_ctrl__tvn_efaar_e1.0_c304,0.2889892765108968,0.04844474679346948,0.014000012326598333,370,45,1480,5433,6913
1847,morphem,D20,std_ctrl__tvn_efaar_e1.0_c304,0.2732305026292449,0.014366929050650012,0.003925483245747804,370,67,1480,5817,7297
1848,morphem,D20,std_ctrl__tvn_efaar_e1.0_c304,0.30297234462187594,0.0675266863682213,0.02045871849352608,370,71,1480,5529,7009
1849,morphem,D20,std_ctrl__tvn_efaar_e1.0_c304,0.25833821581855837,0.02176665633548262,0.0056231591620443,370,68,1480,5689,7169
1850,morphem,D20,std_ctrl__tvn_efaar_e1.0_c304,0.25083268660559854,0.025210973089162984,0.006323736111896197,370,67,1480,5433,6913
1851,morphem,D20,std_ctrl__tvn_efaar_e1.0_c304,0.25466708676263067,0.019603846133909926,0.004992454384265701,370,63,1480,5657,7137
1852,morphem,D20,std_ctrl__tvn_efaar_e1.0_c304,0.2875438863120705,0.07832519743887642,0.02252193166773476,370,71,1480,6041,7521
1853,morphem,D20,std_ctrl__tvn_efaar_e1.0_c304,0.31326308713284096,0.06238461301531864,0.019542796462766326,370,83,1480,5849,7329
1854,morphem,D20,std_ctrl__tvn_efaar_e1.0_c304,0.2766356187844504,0.03681283411360212,0.010183741144225648,370,86,1480,5849,7329
1855,morphem,D20,std_ctrl__tvn_efaar_e1.0_c304,0.2719851834406738,-0.020209040721719022,-0.005496559647856795,370,56,1480,5817,7297
1856,morphem,D20,std_ctrl__tvn_efaar_e1.0_c304,0.30236834003632046,0.0956858234588381,0.028932363604257286,370,59,1480,5913,7393
1857,morphem,D20,std_ctrl__tvn_efaar_e1.0_c304,0.26973120950546653,0.08938443229478793,0.024109771033832633,370,64,1480,5817,7297
1858,morphem,D20,std_ctrl__tvn_efaar_e1.0_c304,0.2525698417786867,0.01156129733211036,0.002920035037927466,370,66,1480,5625,7105
1859,morphem,D20,std_ctrl__tvn_efaar_e1.0_c304,0.2676730285841057,0.05437109611060967,0.01455367596336438,370,88,1480,5561,7041
1860,morphem,D20,std_ctrl__tvn_efaar_e1.0_c304,0.27931273645500504,0.02542615286893943,0.0071018483353467495,370,66,1480,5625,7105
1861,morphem,D20,std_ctrl__tvn_efaar_e1.0_c304,0.2766188018325205,-0.016919637771583687,-0.004680289927815737,370,90,1480,5945,7425
1862,morphem,D20,std_ctrl__tvn_efaar_e1.0_c304,0.27000423269065693,0.024236872841082887,0.006544058254277607,370,73,1480,5817,7297
1863,morphem,D20,std_ctrl__tvn_efaar_e1.0_c304,0.2511832096660091,0.10422091479734047,0.026178543893123643,370,75,1480,5561,7041
1864,morphem,D20,std_ctrl__tvn_efaar_e1.0_c304,0.29343101474339117,0.009768352795054055,0.0028663376730241525,370,98,1480,5625,7105
1865,morphem,D20,std_ctrl__tvn_efaar_e1.0_c304,0.25359986559057746,0.10679265560867,0.02708260310841954,370,69,1480,5657,7137
1866,morphem,D20,std_ctrl__tvn_efaar_e1.0_c304,0.28964863402016766,0.06200888844468618,0.01796078983511231,370,42,1480,5945,7425
1867,morphem,D20,std_ctrl__tvn_efaar_e1.0_c304,0.2753134079840985,-0.060091743449434694,-0.01654406268076999,370,71,1480,5753,7233
1868,morphem,D20,std_ctrl__tvn_efaar_e1.0_c304,0.22082929372270504,-0.0024684785327491483,-0.0005451123709566537,370,62,1480,5913,7393
1869,morphem,D20,std_ctrl__tvn_efaar_e1.0_c304,0.2538983071970684,0.04131019409162437,0.010488588349845764,370,72,1480,5689,7169
1870,morphem,D20,std_ctrl__tvn_efaar_e1.0_c304,0.2876225591026402,0.02485453624096682,0.0071487253189361916,370,77,1480,5785,7265
1871,morphem,D20,std_ctrl__tvn_efaar_e1.0_c304,0.2764264729687667,-0.03135054451980732,-0.008666120447260636,370,74,1480,5593,7073
1872,morphem,D20,std_ctrl__tvn_efaar_e1.0_c304,0.30586304830258476,0.07315655508840883,0.022375886942656693,370,82,1480,5881,7361
1873,morphem,D20,std_ctrl__tvn_efaar_e1.0_c304,0.2921171103643977,0.003212631601108181,0.0009384646599810702,370,63,1480,5529,7009
1874,morphem,D20,std_ctrl__tvn_efaar_e1.0_c304,0.25748927439389574,0.04215818216677766,0.010855279735889255,370,94,1480,5529,7009
1875,morphem,D20,std_ctrl__tvn_efaar_e1.0_c304,0.2534223561674588,-0.008784083840856887,-0.0022260832237224536,370,62,1480,5593,7073
1876,morphem,D20,std_ctrl__tvn_efaar_e1.0_c304,0.26596062066901494,0.013165808411489434,0.0035015865767290674,370,61,1480,5721,7201
1877,morphem,D20,std_ctrl__tvn_efaar_e1.0_c304,0.3031461044359188,0.04693010334612432,0.014226678010152663,370,70,1480,5657,7137
1878,morphem,D20,std_ctrl__tvn_efaar_e1.0_c304,0.28886193712898994,0.10123760301831024,0.029243690118164776,370,74,1480,5817,7297
1879,morphem,D20,std_ctrl__tvn_efaar_e1.0_c304,0.24595350756807144,-0.022350642318921258,-0.005497218874738057,370,76,1480,5593,7073
1880,morphem,D20,std_ctrl__tvn_efaar_e1.0_c304,0.3209722244437493,-0.005937367516636851,-0.0019057300591549897,370,74,1480,5625,7105
1881,morphem,D20,std_ctrl__tvn_efaar_e1.0_c304,0.26106255692908126,-0.028891897163482796,-0.007542592548030889,370,76,1480,5785,7265
1882,morphem,D20,std_ctrl__tvn_efaar_e1.0_c304,0.2663616566290602,-0.013851869332318184,-0.0036896068627655454,370,95,1480,5817,7297
1883,morphem,D20,std_ctrl__tvn_efaar_e1.0_c304,0.2660939691901798,0.010755011725601376,0.002861843758752195,370,79,1480,5753,7233
1884,morphem,D20,std_ctrl__tvn_efaar_e1.0_c304,0.27304745908291705,-0.009727007523331582,-0.0026559346887261065,370,72,1480,5625,7105
1885,morphem,D20,std_ctrl__tvn_efaar_e1.0_c304,0.2874740547686863,0.03839686247271482,0.011038101745426937,370,110,1480,5881,7361
1886,morphem,D20,std_ctrl__tvn_efaar_e1.0_c304,0.2503298363984353,0.04969629526802747,0.012440465464053651,370,84,1480,5273,6753
1887,morphem,D20,std_ctrl__tvn_efaar_e1.0_c304,0.24081132189172796,0.05905855704790503,0.014221969191724039,370,70,1480,5785,7265
1888,morphem,D20,std_ctrl__tvn_efaar_e1.0_c304,0.25766736773750687,0.044410087765079945,0.01144303041541981,370,56,1480,5657,7137
1889,morphem,D20,std_ctrl__tvn_efaar_e1.0_c304,0.2849270802802849,-0.021109591277474634,-0.006014694208601017,370,75,1480,5817,7297
1890,morphem,D20,std_ctrl__tvn_efaar_e1.0_c304,0.2670613906400494,0.03347407463003252,0.008939632921085282,370,70,1480,5561,7041
1891,morphem,D20,std_ctrl__tvn_efaar_e1.0_c304,0.2547270684394857,0.004378854484164709,0.0011154127658743727,370,60,1480,5433,6913
1892,morphem,D20,std_ctrl__tvn_efaar_e1.0_c304,0.2986102506450396,0.034239956023108815,0.010224401850135657,370,109,1480,5689,7169
1893,morphem,D20,std_ctrl__tvn_efaar_e1.0_c304,0.2727880315828323,0.005219635513140659,0.0014238540972094872,370,95,1480,5401,6881
1894,morphem,D20,std_ctrl__tvn_efaar_e1.0_c304,0.30525606166927766,-0.05466580257491204,-0.01668706760200791,370,50,1480,5753,7233
1895,morphem,D20,std_ctrl__tvn_efaar_e1.0_c304,0.27001793030737586,0.00652854319590397,0.001762823721680291,370,85,1480,5753,7233
1896,morphem,D20,std_ctrl__tvn_efaar_e1.0_c304,0.28268254116443653,0.044802713594355205,0.012664944929914775,370,66,1480,5817,7297
1897,morphem,D20,std_ctrl__tvn_efaar_e1.0_c304,0.27778892132001043,-0.01749919410107102,-0.004861082253306008,370,79,1480,5435,6915
1898,morphem,D20,std_ctrl__tvn_efaar_e1.0_c304,0.28155010409673237,0.052473898341908805,0.014774031540525775,370,106,1480,5625,7105
1899,morphem,D20,std_ctrl__tvn_efaar_e1.0_c304,0.28272834488348675,-0.042802569009076565,-0.01210149949269744,370,49,1480,5657,7137
1900,morphem,D20,std_ctrl__tvn_efaar_e1.0_c304,0.27319228656339106,0.015282626596139466,0.004175095704493835,370,74,1480,5529,7009
1901,morphem,D20,std_ctrl__tvn_efaar_e1.0_c304,0.23229546162037318,-0.0022134203707601286,-0.0005141675067856617,370,106,1480,5721,7201
1902,morphem,D20,std_ctrl__tvn_efaar_e1.0_c304,0.29985489694289563,0.005300102565022192,0.0015892617084215064,370,70,1480,5785,7265
1903,morphem,D20,std_ctrl__tvn_efaar_e1.0_c304,0.2791447670134651,-0.03613084299498191,-0.010085735749834313,370,72,1480,5689,7169
1904,morphem,D20,std_ctrl__tvn_efaar_e1.0_c304,0.26908754489049413,0.010574049925704373,0.0028453451340573017,370,84,1480,5753,7233
1905,morphem,D20,std_ctrl__tvn_efaar_e1.0_c304,0.2641880883294539,-0.0007064646970541544,-0.00018663955778698384,370,80,1480,5593,7073
1906,morphem,D20,std_ctrl__tvn_efaar_e1.0_c304,0.26456062854781154,0.08733188465291784,0.02310457829604092,370,66,1480,5404,6884
1907,morphem,D20,std_ctrl__tvn_efaar_e1.0_c304,0.2786604432249671,0.06495697605273021,0.01810093973740737,370,99,1480,5817,7297
1908,morphem,D20,std_ctrl__tvn_efaar_e1.0_c304,0.2894233255633454,0.03652121799884074,0.010570092366848393,370,74,1480,5625,7105
1909,morphem,D20,std_ctrl__tvn_efaar_e1.0_c304,0.280929224253032,0.025349775072969545,0.007121492646238182,370,42,1480,5721,7201
1910,morphem,D20,std_ctrl__tvn_efaar_e1.0_c304,0.282263963542868,0.013390640354227677,0.003779695220761378,370,54,1480,5657,7137
1911,morphem,D20,std_ctrl__tvn_efaar_e1.0_c304,0.24914525997738812,0.01205566552727117,0.0030036119219924115,370,76,1480,5497,6977
1912,morphem,D20,std_ctrl__tvn_efaar_e1.0_c304,0.2865477736015311,0.0797161159290427,0.022842475539628735,370,75,1480,5657,7137
1913,morphem,D20,std_ctrl__tvn_efaar_e1.0_c304,0.26558811626640216,-0.02177566001518465,-0.0057833565238905055,370,58,1480,5657,7137
1914,morphem,D20,std_ctrl__tvn_efaar_e1.0_c304,0.2800577189657097,0.006661221736626521,0.001865526565084427,370,80,1480,5913,7393
1915,morphem,D20,std_ctrl__tvn_efaar_e1.0_c304,0.2776796836535725,0.0724166553078935,0.020108633937145667,370,75,1480,5721,7201
1916,morphem,D20,std_ctrl__tvn_efaar_e1.0_c304,0.3170242611016033,0.014791624183064,0.004689303727128471,370,79,1480,5817,7297
1917,morphem,D20,std_ctrl__tvn_efaar_e1.0_c304,0.2727180612770218,0.005053732592802902,0.0013782441549217042,370,63,1480,5854,7334
1918,morphem,D20,std_ctrl__tvn_efaar_e1.0_c304,0.2873728501071844,0.036526370928331546,0.010496687317746839,370,66,1480,5817,7297
1919,morphem,D20,std_ctrl__tvn_efaar_e1.0_c304,0.28792841228378074,0.05134326676760801,0.014783185281859977,370,81,1480,5849,7329
1920,morphem,D20,std_ctrl__tvn_efaar_e1.0_c304,0.31933019464880436,-0.01626877670199525,-0.005195111630946076,370,55,1480,5817,7297
1921,morphem,D20,std_ctrl__tvn_efaar_e1.0_c304,0.29348175012765576,0.0221912141336567,0.006512716361403139,370,97,1480,5817,7297
1922,morphem,D20,std_ctrl__tvn_efaar_e1.0_c304,0.2913344121923402,-0.0024462718514768394,-0.0007126831719126728,370,69,1480,5817,7297
1923,morphem,D20,std_ctrl__tvn_efaar_e1.0_c304,0.29528034806155035,0.07012614713948649,0.020706873135563065,370,50,1480,5753,7233
1924,morphem,D20,std_ctrl__tvn_efaar_e1.0_c304,0.27068749547165244,0.011504121677484823,0.0031140218844795116,370,83,1480,5721,7201
1925,morphem,D20,std_ctrl__tvn_efaar_e1.0_c304,0.24812147839202553,-0.04906335433720632,-0.012173672013019431,370,78,1480,5849,7329
1926,morphem,D20,std_ctrl__tvn_efaar_e1.0_c304,0.2727857496456341,0.0035977010372345987,0.0009814015744429153,370,62,1480,5657,7137
1927,morphem,D20,std_ctrl__tvn_efaar_e1.0_c304,0.30431173477602763,-0.010149389537499975,-0.0030885783370742824,370,67,1480,5593,7073
1928,morphem,D20,std_ctrl__tvn_efaar_e1.0_c304,0.2626496075169161,0.060144672187724214,0.015796974544339343,370,81,1480,5369,6849
1929,morphem,D20,std_ctrl__tvn_efaar_e1.0_c304,0.2721283395029427,0.0797709820938759,0.02170794489772542,370,88,1480,5881,7361
1930,morphem,D20,std_ctrl__tvn_efaar_e1.0_c304,0.25215388392760996,0.008096326366061758,0.0020415201387479847,370,68,1480,5721,7201
1931,morphem,D20,std_ctrl__tvn_efaar_e1.0_c304,0.26585141292210185,0.024157971045280273,0.006422430735718986,370,77,1480,5689,7169
1932,morphem,D20,std_ctrl__tvn_efaar_e1.0_c304,0.2758331980114488,-0.027036894142259574,-0.007457672975556465,370,51,1480,5945,7425
1933,morphem,D20,std_ctrl__tvn_efaar_e1.0_c304,0.2609932831183398,0.12589728588614946,0.03285834597911437,370,83,1480,5753,7233
1934,morphem,D20,std_ctrl__tvn_efaar_e1.0_c304,0.3165866512485746,-0.033316498075307704,-0.010547558556991247,370,60,1480,5689,7169
1935,morphem,D20,std_ctrl__tvn_efaar_e1.0_c304,0.27239369006894465,-0.01507793343820851,-0.004107133927847546,370,77,1480,5689,7169
1936,morphem,D20,std_ctrl__tvn_efaar_e1.0_c304,0.2907404583141478,-0.05814634259882938,-0.01690549429647511,370,49,1480,5593,7073
1937,morphem,D20,std_ctrl__tvn_efaar_e1.0_c304,0.28792958004016983,0.05794174925418486,0.01668314352955027,370,94,1480,5689,7169
1938,morphem,D20,std_ctrl__tvn_efaar_e1.0_c304,0.2790960231308162,-0.02925678638082756,-0.008165452728476798,370,68,1480,5785,7265
1939,morphem,D20,std_ctrl__tvn_efaar_e1.0_c304,0.25467311965683964,0.0010378912875214819,0.0002643230120577497,370,90,1480,5657,7137
1940,morphem,D20,std_ctrl__tvn_efaar_e1.0_c304,0.2603119446324544,0.03693936056266724,0.009615756781547302,370,91,1480,5849,7329
1941,morphem,D20,std_ctrl__tvn_efaar_e1.0_c304,0.26645276183401617,-0.021106323773464476,-0.005623838261602563,370,57,1480,5689,7169
1942,morphem,D20,std_ctrl__tvn_efaar_e1.0_c304,0.2439962977405286,-0.023204727834530096,-0.005661867681701937,370,69,1480,5625,7105
1943,morphem,D20,std_ctrl__tvn_efaar_e1.0_c304,0.27392699157202965,0.07026007468682413,0.01924613088658785,370,111,1480,5497,6977
1944,morphem,D20,std_ctrl__tvn_efaar_e1.0_c304,0.26141458892140534,0.001282097401307266,0.00033515896511994095,370,84,1480,5689,7169
1945,morphem,D20,std_ctrl__tvn_efaar_e1.0_c304,0.26845356324968384,0.02578237708831514,0.006921370998405207,370,76,1480,5625,7105
1946,morphem,D20,std_ctrl__tvn_efaar_e1.0_c304,0.29974101982123974,0.058188421797082834,0.017441456891246064,370,80,1480,5305,6785
1947,morphem,D20,std_ctrl__tvn_efaar_e1.0_c304,0.2599986262308423,0.0001744011989030457,4.534407212780376e-05,370,90,1480,5721,7201
1948,morphem,D20,std_ctrl__tvn_efaar_e1.0_c304,0.29477526650356534,0.030080095313820353,0.008866868112584041,370,64,1480,5529,7009
1949,morphem,D20,std_ctrl__tvn_efaar_e1.0_c304,0.33012501822794404,0.08145557072335784,0.02689052176981609,370,70,1480,5689,7169
1950,morphem,D20,std_ctrl__tvn_efaar_e1.0_c304,0.30015646709164373,0.01325757381007076,0.003979346517037542,370,96,1480,5689,7169
1951,morphem,D20,std_ctrl__tvn_efaar_e1.0_c304,0.29692306713345784,0.0027366336676313435,0.0008125696622137824,370,48,1480,5689,7169
1952,morphem,D20,std_ctrl__tvn_efaar_e1.0_c304,0.30777670930372,0.07874557504055123,0.02423605395821,370,65,1480,5593,7073
1953,morphem,D20,std_ctrl__tvn_efaar_e1.0_c304,0.3070393701788625,0.06525880815770489,0.020037023355364926,370,67,1480,5785,7265
1954,morphem,D20,std_ctrl__tvn_efaar_e1.0_c304,0.26237206709512384,0.018334556094971838,0.004810475381909263,370,79,1480,5817,7297
1955,morphem,D20,std_ctrl__tvn_efaar_e1.0_c304,0.28139794853864075,-0.010510399075669622,-0.0029576047382158573,370,54,1480,5593,7073
1956,morphem,D20,std_ctrl__tvn_efaar_e1.0_c304,0.25507614910478116,0.01722936445324743,0.004394799936257157,370,62,1480,5593,7073
1957,morphem,D20,std_ctrl__tvn_efaar_e1.0_c304,0.29102126423975705,0.11292572438056912,0.032863787074423584,370,64,1480,5721,7201
1958,morphem,D20,std_ctrl__tvn_efaar_e1.0_c304,0.293337851933594,0.03330695964666757,0.009770191997192363,370,68,1480,5657,7137
1959,morphem,D20,std_ctrl__tvn_efaar_e1.0_c304,0.30055396169849796,0.034786399046401184,0.010455190046620728,370,86,1480,5945,7425
1960,morphem,D20,std_ctrl__tvn_efaar_e1.0_c304,0.27052994291430565,0.03054592560278634,0.008263587509586416,370,74,1480,5657,7137
1961,morphem,D20,std_ctrl__tvn_efaar_e1.0_c304,0.2840663790329101,0.10619274969815043,0.03016578988630175,370,65,1480,5817,7297
1962,morphem,D20,std_ctrl__tvn_efaar_e1.0_c304,0.2698545345899528,0.012209889138488436,0.0032948939508617163,370,82,1480,5564,7044
1963,morphem,D20,std_ctrl__tvn_efaar_e1.0_c304,0.26912335041756674,0.017548191190594364,0.004722628006980785,370,72,1480,5689,7169
1964,morphem,D20,std_ctrl__tvn_efaar_e1.0_c304,0.27186411786517295,-0.027856169585654865,-0.00757309297150672,370,57,1480,5593,7073
1965,morphem,D20,std_ctrl__tvn_efaar_e1.0_c304,0.2752507447600182,-0.001437782956072553,-0.0003957508294622308,370,57,1480,5727,7207
1966,morphem,D20,std_ctrl__tvn_efaar_e1.0_c304,0.2892449499947334,-0.0028149167755257224,-0.0008142004619762737,370,78,1480,5785,7265
1967,morphem,D20,std_ctrl__tvn_efaar_e1.0_c304,0.26383900926897624,0.001298178652413484,0.0003425101695069083,370,62,1480,5785,7265
1968,morphem,D20,std_ctrl__tvn_efaar_e1.0_c304,0.2719414471897577,0.07140356435266647,0.019417588624571113,370,90,1480,5817,7297
1969,morphem,D20,std_ctrl__tvn_efaar_e1.0_c304,0.2941135176090874,-0.00474783971646426,-0.0013964038400534355,370,45,1480,5689,7169
1970,morphem,D20,std_ctrl__tvn_efaar_e1.0_c304,0.2873290379201654,-0.00677613634525047,-0.0019469807368966833,370,79,1480,5701,7181
1971,morphem,D20,std_ctrl__tvn_efaar_e1.0_c304,0.2660144744148792,0.021280552653552363,0.005660935029392894,370,112,1480,5689,7169
1972,morphem,D20,std_ctrl__tvn_efaar_e1.0_c304,0.29348888931701267,0.010155135393682438,0.002980419407555743,370,55,1480,5689,7169
1973,morphem,D20,std_ctrl__tvn_efaar_e1.0_c304,0.2987537239902628,0.05963816218034291,0.017817123043312694,370,58,1480,5721,7201
1974,morphem,D20,std_ctrl__tvn_efaar_e1.0_c304,0.24661187335425092,0.03663655344262762,0.009035009077729528,370,67,1480,5849,7329
1975,morphem,D20,std_ctrl__tvn_efaar_e1.0_c304,0.27245638203673433,-0.01704030350241039,-0.004642739441074627,370,82,1480,5721,7201
1976,morphem,D20,std_ctrl__tvn_efaar_e1.0_c304,0.2595230899173813,0.00020180711273959406,5.237360546548478e-05,370,65,1480,5497,6977
1977,morphem,D20,std_ctrl__tvn_efaar_e1.0_c304,0.2602733495252043,0.015374605659366,0.004001600112592351,370,53,1480,5753,7233
1978,morphem,D20,std_ctrl__tvn_efaar_e1.0_c304,0.227526576568582,0.08159612677261809,0.018565287385829812,370,67,1480,5663,7143
1979,morphem,D20,std_ctrl__tvn_efaar_e1.0_c304,0.2747846313222079,0.02856729582936963,0.007849853852345781,370,65,1480,5561,7041
1980,morphem,D20,std_ctrl__tvn_efaar_e1.0_c304,0.26315375431765436,0.009690923524814116,0.002550202908360111,370,49,1480,5657,7137
1981,morphem,D20,std_ctrl__tvn_efaar_e1.0_c304,0.27709901121328917,0.010304185094243497,0.002855279500973586,370,41,1480,5657,7137
1982,morphem,D20,std_ctrl__tvn_efaar_e1.0_c304,0.2551276076507684,-0.002636059089816667,-0.0006725314492109884,370,74,1480,5753,7233
1983,morphem,D20,std_ctrl__tvn_efaar_e1.0_c304,0.2908301456335572,-0.03525930727609433,-0.010254469470044858,370,68,1480,5625,7105
1984,morphem,D20,std_ctrl__tvn_efaar_e1.0_c304,0.2815394349395725,0.003169671204804478,0.0008923874399448867,370,60,1480,5721,7201
1985,morphem,D20,std_ctrl__tvn_efaar_e1.0_c304,0.26333665895724806,-0.0004469504835726694,-0.00011769844706335314,370,76,1480,5721,7201
1986,morphem,D20,std_ctrl__tvn_efaar_e1.0_c304,0.2855996971561271,0.05218272146553677,0.014903369447339835,370,56,1480,5881,7361
1987,morphem,D20,std_ctrl__tvn_efaar_e1.0_c304,0.25459268902592774,0.10980226468093947,0.02795485382625703,370,87,1480,5817,7297
1988,morphem,D20,std_ctrl__tvn_efaar_e1.0_c304,0.28037626957597955,0.1106447287093721,0.031022156283780036,370,63,1480,5785,7265
1989,morphem,D20,std_ctrl__tvn_efaar_e1.0_c304,0.26231707785264136,0.0032028196768418902,0.0008401542985181057,370,52,1480,5721,7201
1990,morphem,D20,std_ctrl__tvn_efaar_e1.0_c304,0.28154754691434636,-0.0126666677965602,-0.003566269245700473,370,74,1480,5785,7265
1991,morphem,D20,std_ctrl__tvn_efaar_e1.0_c304,0.266764780048324,0.04835816736942926,0.012900255881845835,370,65,1480,5433,6913
1992,morphem,D20,std_ctrl__tvn_efaar_e1.0_c304,0.33554160719502524,0.07776893238194259,0.02609471256127826,370,47,1480,5497,6977
1993,morphem,D20,std_ctrl__tvn_efaar_e1.0_c304,0.29550995540797775,0.014491641588405848,0.004282424359578208,370,72,1480,5625,7105
1994,morphem,D20,std_ctrl__tvn_efaar_e1.0_c304,0.29314961416993296,0.04877754470456864,0.014299118410300952,370,66,1480,5561,7041
1995,morphem,D20,std_ctrl__tvn_efaar_e1.0_c304,0.30483328279546773,0.0383683371452447,0.011695946167388227,370,93,1480,5497,6977
1996,morphem,D20,std_ctrl__tvn_efaar_e1.0_c304,0.27483053491394505,0.025353034527579844,0.0069677880409064865,370,88,1480,5721,7201
1997,morphem,D20,std_ctrl__tvn_efaar_e1.0_c304,0.26490997983295783,-0.015275841639599599,-0.0040467229006777876,370,100,1480,5849,7329
1998,morphem,D20,std_ctrl__tvn_efaar_e1.0_c304,0.2901517483567194,-0.002060311206501015,-0.0005978028987252115,370,73,1480,5817,7297
1999,morphem,D20,std_ctrl__tvn_efaar_e1.0_c304,0.27017644762487897,0.034362991959298435,0.009284071097325531,370,92,1480,5721,7201
