sample_id,family,codec,config,pa,pc,product,pa_units,pc_targets,treatment_wells,control_wells,total_wells
0,morphem,HQ,std_ctrl__tvn_efaar_e1.0_c304,0.409459128958628,0.0724023439489901,0.02964580068791648,370,77,1480,5753,7233
1,morphem,HQ,std_ctrl__tvn_efaar_e1.0_c304,0.3732134587647886,0.020995017649459078,0.007835623153782405,370,65,1480,5753,7233
2,morphem,HQ,std_ctrl__tvn_efaar_e1.0_c304,0.3217039436779678,0.0032937131805068076,0.001059600519513142,370,88,1480,5625,7105
3,morphem,HQ,std_ctrl__tvn_efaar_e1.0_c304,0.3755460313963198,0.007488350870057953,0.002812220450953443,370,55,1480,5433,6913
4,morphem,HQ,std_ctrl__tvn_efaar_e1.0_c304,0.3760989757280639,0.030876843844322845,0.011612749343565197,370,56,1480,5657,7137
5,morphem,HQ,std_ctrl__tvn_efaar_e1.0_c304,0.3491066788831493,-0.01614418390645106,-0.005636042426859916,370,82,1480,5785,7265
6,morphem,HQ,std_ctrl__tvn_efaar_e1.0_c304,0.36356755848451816,-0.015045364488097254,-0.005470006433447191,370,63,1480,5721,7201
7,morphem,HQ,std_ctrl__tvn_efaar_e1.0_c304,0.3792939255159028,0.026655071872297324,0.010110106845352176,370,49,1480,5561,7041
8,morphem,HQ,std_ctrl__tvn_efaar_e1.0_c304,0.35782185416970735,0.04706984851859718,0.016842620472411696,370,81,1480,5529,7009
9,morphem,HQ,std_ctrl__tvn_efaar_e1.0_c304,0.3484836027209035,0.03188338720240245,0.011110837639238754,370,77,1480,5753,7233
10,morphem,HQ,std_ctrl__tvn_efaar_e1.0_c304,0.36138483602855676,0.10227828779530496,0.036961822264187816,370,85,1480,5753,7233
11,morphem,HQ,std_ctrl__tvn_efaar_e1.0_c304,0.38723871165631496,0.07754101287539002,0.03002688192639176,370,44,1480,5433,6913
12,morphem,HQ,std_ctrl__tvn_efaar_e1.0_c304,0.3779825038983977,0.01965729663354683,0.007430114201421575,370,92,1480,5785,7265
13,morphem,HQ,std_ctrl__tvn_efaar_e1.0_c304,0.3714948163463211,0.05918889729062989,0.021988368528723812,370,80,1480,5849,7329
14,morphem,HQ,std_ctrl__tvn_efaar_e1.0_c304,0.3655769813137708,0.032325508325068815,0.011817461752911824,370,93,1480,5753,7233
15,morphem,HQ,std_ctrl__tvn_efaar_e1.0_c304,0.37388221692210655,-0.0019433397672699523,-0.0007265801804197804,370,67,1480,5625,7105
16,morphem,HQ,std_ctrl__tvn_efaar_e1.0_c304,0.370216634851405,0.030462526355950127,0.011277733996572089,370,58,1480,5785,7265
17,morphem,HQ,std_ctrl__tvn_efaar_e1.0_c304,0.35108191838868724,0.017964419070403276,0.0063069827099754994,370,76,1480,5689,7169
18,morphem,HQ,std_ctrl__tvn_efaar_e1.0_c304,0.3725255715420455,-0.03320456344406546,-0.012369548974804596,370,54,1480,5785,7265
19,morphem,HQ,std_ctrl__tvn_efaar_e1.0_c304,0.3694775255102153,0.10207612947838687,0.03771483573333472,370,98,1480,5593,7073
20,morphem,HQ,std_ctrl__tvn_efaar_e1.0_c304,0.33563583508050476,-0.002073319478649371,-0.0006958803146051584,370,59,1480,5689,7169
21,morphem,HQ,std_ctrl__tvn_efaar_e1.0_c304,0.37655238186999535,0.04639845229980775,0.01747144772857397,370,58,1480,5913,7393
22,morphem,HQ,std_ctrl__tvn_efaar_e1.0_c304,0.34640498872079006,-0.01227271248696611,-0.004251328830620994,370,87,1480,5785,7265
23,morphem,HQ,std_ctrl__tvn_efaar_e1.0_c304,0.38454126864853905,0.06047402270069004,0.0232547574096039,370,71,1480,5817,7297
24,morphem,HQ,std_ctrl__tvn_efaar_e1.0_c304,0.3774003979971625,0.07654389488515372,0.028887696393909985,370,77,1480,5465,6945
25,morphem,HQ,std_ctrl__tvn_efaar_e1.0_c304,0.3654204102166295,0.005769317427075134,0.0021082263408717453,370,109,1480,5785,7265
26,morphem,HQ,std_ctrl__tvn_efaar_e1.0_c304,0.3477990375675115,0.07274740874558146,0.025301478747243603,370,74,1480,5066,6546
27,morphem,HQ,std_ctrl__tvn_efaar_e1.0_c304,0.366163203461615,0.04090595039075763,0.014978253835721716,370,48,1480,5785,7265
28,morphem,HQ,std_ctrl__tvn_efaar_e1.0_c304,0.3952842887960742,0.09325850048221672,0.03686362003730138,370,61,1480,5721,7201
29,morphem,HQ,std_ctrl__tvn_efaar_e1.0_c304,0.34513077529633934,0.03440914112981751,0.011875653555415075,370,101,1480,5753,7233
30,morphem,HQ,std_ctrl__tvn_efaar_e1.0_c304,0.3784938765405184,0.03388636651612039,0.012825782224559228,370,68,1480,5561,7041
31,morphem,HQ,std_ctrl__tvn_efaar_e1.0_c304,0.3823868116529831,0.044155794214657776,0.016884593365748223,370,72,1480,5913,7393
32,morphem,HQ,std_ctrl__tvn_efaar_e1.0_c304,0.36873487601706734,0.043135460734221386,0.015905548765772198,370,81,1480,5817,7297
33,morphem,HQ,std_ctrl__tvn_efaar_e1.0_c304,0.3538769788266442,0.00012761833658000234,4.516119139181304e-05,370,59,1480,5913,7393
34,morphem,HQ,std_ctrl__tvn_efaar_e1.0_c304,0.3681981663184624,0.03761226338022326,0.013848766407685259,370,80,1480,5785,7265
35,morphem,HQ,std_ctrl__tvn_efaar_e1.0_c304,0.3662907959090163,0.01577314349076469,0.005777557283219318,370,54,1480,5625,7105
36,morphem,HQ,std_ctrl__tvn_efaar_e1.0_c304,0.37480122323434656,0.023381268158561334,0.008763327906599066,370,57,1480,5657,7137
37,morphem,HQ,std_ctrl__tvn_efaar_e1.0_c304,0.3757677804281995,0.005702924048023998,0.0021429751114765802,370,64,1480,5593,7073
38,morphem,HQ,std_ctrl__tvn_efaar_e1.0_c304,0.3461982374747359,0.01696698441205979,0.005873940098716417,370,86,1480,5561,7041
39,morphem,HQ,std_ctrl__tvn_efaar_e1.0_c304,0.36914684607317744,0.09816089728868364,0.03623578564183068,370,65,1480,5753,7233
40,morphem,HQ,std_ctrl__tvn_efaar_e1.0_c304,0.3818807145978125,0.06104994653959776,0.023313797210699844,370,84,1480,5753,7233
41,morphem,HQ,std_ctrl__tvn_efaar_e1.0_c304,0.3399702453519922,-0.03815113787870111,-0.0129702517050797,370,103,1480,5945,7425
42,morphem,HQ,std_ctrl__tvn_efaar_e1.0_c304,0.36315538343015724,-0.024772031062068926,-0.008996096438689406,370,69,1480,5977,7457
43,morphem,HQ,std_ctrl__tvn_efaar_e1.0_c304,0.3652922369782613,0.03164142117276585,0.011558365521370958,370,61,1480,5375,6855
44,morphem,HQ,std_ctrl__tvn_efaar_e1.0_c304,0.31710517607410776,0.05538839814086369,0.017563947744921364,370,72,1480,5785,7265
45,morphem,HQ,std_ctrl__tvn_efaar_e1.0_c304,0.3857823322695074,0.08097578850466511,0.031239028546692076,370,84,1480,5753,7233
46,morphem,HQ,std_ctrl__tvn_efaar_e1.0_c304,0.33491794913612344,-0.009939272374955926,-0.0033288407197255656,370,71,1480,5753,7233
47,morphem,HQ,std_ctrl__tvn_efaar_e1.0_c304,0.35154178102372474,0.01822027214130709,0.00640518691929205,370,69,1480,5689,7169
48,morphem,HQ,std_ctrl__tvn_efaar_e1.0_c304,0.3710786037111196,-0.010538446699081485,-0.0039105920863792155,370,71,1480,5753,7233
49,morphem,HQ,std_ctrl__tvn_efaar_e1.0_c304,0.3773974218020471,-0.0011748568933512725,-0.00044338796253713285,370,64,1480,5529,7009
50,morphem,HQ,std_ctrl__tvn_efaar_e1.0_c304,0.3543375074310623,0.011605052733015802,0.004112105459022857,370,65,1480,5881,7361
51,morphem,HQ,std_ctrl__tvn_efaar_e1.0_c304,0.3427265645305397,0.028333062840382107,0.009710493289912053,370,69,1480,5625,7105
52,morphem,HQ,std_ctrl__tvn_efaar_e1.0_c304,0.3787668418292476,0.008153418975815556,0.0030882447555803166,370,60,1480,5689,7169
53,morphem,HQ,std_ctrl__tvn_efaar_e1.0_c304,0.33425619620028807,0.015818891440462838,0.005287562480994404,370,64,1480,5913,7393
54,morphem,HQ,std_ctrl__tvn_efaar_e1.0_c304,0.3161171885512552,-0.005935408229121718,-0.0018762845622939419,370,64,1480,5753,7233
55,morphem,HQ,std_ctrl__tvn_efaar_e1.0_c304,0.37506092620297315,0.1270022082172858,0.04763356584379806,370,69,1480,5657,7137
56,morphem,HQ,std_ctrl__tvn_efaar_e1.0_c304,0.35223410494873675,0.06609095487617789,0.023279488336017867,370,70,1480,5913,7393
57,morphem,HQ,std_ctrl__tvn_efaar_e1.0_c304,0.3423455595888576,0.053739970666600634,0.018397640330146188,370,75,1480,5529,7009
58,morphem,HQ,std_ctrl__tvn_efaar_e1.0_c304,0.3444979303148894,0.044855485453958205,0.015452621902158228,370,68,1480,5849,7329
59,morphem,HQ,std_ctrl__tvn_efaar_e1.0_c304,0.37532135782065174,0.019848585397665416,0.007449598022270945,370,86,1480,5561,7041
60,morphem,HQ,std_ctrl__tvn_efaar_e1.0_c304,0.3610929198631423,0.05887172656574147,0.02125816364300811,370,52,1480,5689,7169
61,morphem,HQ,std_ctrl__tvn_efaar_e1.0_c304,0.35185496756569307,0.08824292036176222,0.03104870988178988,370,73,1480,5657,7137
62,morphem,HQ,std_ctrl__tvn_efaar_e1.0_c304,0.34982172900043906,0.012810262311177307,0.004481308110645206,370,48,1480,5849,7329
63,morphem,HQ,std_ctrl__tvn_efaar_e1.0_c304,0.36748278441519744,-0.07037367338983389,-0.02586111344682184,370,53,1480,5721,7201
64,morphem,HQ,std_ctrl__tvn_efaar_e1.0_c304,0.3389218367852908,0.0642983198671569,0.02179210467158497,370,82,1480,5753,7233
65,morphem,HQ,std_ctrl__tvn_efaar_e1.0_c304,0.38277663847054755,0.07290953984716839,0.027908068575133553,370,56,1480,5497,6977
66,morphem,HQ,std_ctrl__tvn_efaar_e1.0_c304,0.36913292821865745,0.01830946640340972,0.00675862694761176,370,81,1480,5785,7265
67,morphem,HQ,std_ctrl__tvn_efaar_e1.0_c304,0.3689426836891658,-0.013776878953965887,-0.005082878694136961,370,114,1480,6009,7489
68,morphem,HQ,std_ctrl__tvn_efaar_e1.0_c304,0.3627814494307827,-0.023562786320963175,-0.00854814177414684,370,81,1480,5785,7265
69,morphem,HQ,std_ctrl__tvn_efaar_e1.0_c304,0.37102534874962745,0.05798675301852492,0.021514555261556722,370,56,1480,5913,7393
70,morphem,HQ,std_ctrl__tvn_efaar_e1.0_c304,0.383442427366204,0.0750595900759706,0.0287810314158424,370,60,1480,5785,7265
71,morphem,HQ,std_ctrl__tvn_efaar_e1.0_c304,0.36221962212213676,0.011606991120993941,0.004204279937821422,370,73,1480,5663,7143
72,morphem,HQ,std_ctrl__tvn_efaar_e1.0_c304,0.3477374348202017,-0.014828396128105718,-0.005156388432085293,370,75,1480,5881,7361
73,morphem,HQ,std_ctrl__tvn_efaar_e1.0_c304,0.3608854387081649,0.049418183775589625,0.01783430293201438,370,45,1480,5625,7105
74,morphem,HQ,std_ctrl__tvn_efaar_e1.0_c304,0.34680617391934015,0.008277818919030528,0.0028707987077061055,370,130,1480,5657,7137
75,morphem,HQ,std_ctrl__tvn_efaar_e1.0_c304,0.3523993894684421,0.05631870081790513,0.01984667578388562,370,74,1480,5785,7265
76,morphem,HQ,std_ctrl__tvn_efaar_e1.0_c304,0.36416541637432076,0.039089951181009656,0.014235208347884254,370,77,1480,5625,7105
77,morphem,HQ,std_ctrl__tvn_efaar_e1.0_c304,0.3654287433819604,-0.021609795999114688,-0.007896840596696996,370,98,1480,5849,7329
78,morphem,HQ,std_ctrl__tvn_efaar_e1.0_c304,0.35814272770697886,-0.05417315524546923,-0.01940172158810598,370,98,1480,5849,7329
79,morphem,HQ,std_ctrl__tvn_efaar_e1.0_c304,0.35794073259020703,-0.023061271927289965,-0.008254568568116146,370,102,1480,5753,7233
80,morphem,HQ,std_ctrl__tvn_efaar_e1.0_c304,0.37827263576877607,0.025627109773879938,0.009694034361301326,370,68,1480,5817,7297
81,morphem,HQ,std_ctrl__tvn_efaar_e1.0_c304,0.3182187358472487,0.006028242883253989,0.0019182998296892579,370,69,1480,5625,7105
82,morphem,HQ,std_ctrl__tvn_efaar_e1.0_c304,0.37153516382789076,-0.009080995609863772,-0.0033739091916310934,370,67,1480,5689,7169
83,morphem,HQ,std_ctrl__tvn_efaar_e1.0_c304,0.3491740595568867,0.01155210748557822,0.004033696267176846,370,97,1480,5753,7233
84,morphem,HQ,std_ctrl__tvn_efaar_e1.0_c304,0.3661676446550281,0.010710784044411574,0.003921942565950842,370,77,1480,5817,7297
85,morphem,HQ,std_ctrl__tvn_efaar_e1.0_c304,0.3325903301702606,0.006510337713585099,0.002165275369681167,370,90,1480,5785,7265
86,morphem,HQ,std_ctrl__tvn_efaar_e1.0_c304,0.3703293319348684,0.09913507527156747,0.03671262619663247,370,117,1480,5945,7425
87,morphem,HQ,std_ctrl__tvn_efaar_e1.0_c304,0.3395906857969012,0.04946101143621215,0.016796498793831657,370,55,1480,5657,7137
88,morphem,HQ,std_ctrl__tvn_efaar_e1.0_c304,0.40681247368779805,0.12202348973615651,0.049640677707583465,370,80,1480,5753,7233
89,morphem,HQ,std_ctrl__tvn_efaar_e1.0_c304,0.38418125720932256,0.0570216434347471,0.021906646662902856,370,73,1480,5721,7201
90,morphem,HQ,std_ctrl__tvn_efaar_e1.0_c304,0.3521855545004317,0.061893744005094384,0.021798082552541936,370,64,1480,5721,7201
91,morphem,HQ,std_ctrl__tvn_efaar_e1.0_c304,0.41982457359699565,0.017362141750659175,0.007289053757201083,370,83,1480,5849,7329
92,morphem,HQ,std_ctrl__tvn_efaar_e1.0_c304,0.3136979902760092,0.055980263068908014,0.01756089601983874,370,58,1480,5625,7105
93,morphem,HQ,std_ctrl__tvn_efaar_e1.0_c304,0.36747786081378836,-0.0016426791771047885,-0.0006036482300058218,370,81,1480,5785,7265
94,morphem,HQ,std_ctrl__tvn_efaar_e1.0_c304,0.36317814976460655,0.0006591554370717367,0.00023939085204299388,370,61,1480,5561,7041
95,morphem,HQ,std_ctrl__tvn_efaar_e1.0_c304,0.35578128247942803,0.10594859205871425,0.0376945259595391,370,66,1480,5753,7233
96,morphem,HQ,std_ctrl__tvn_efaar_e1.0_c304,0.3667106288159154,0.03565873518304199,0.013076437201753532,370,47,1480,5689,7169
97,morphem,HQ,std_ctrl__tvn_efaar_e1.0_c304,0.3701778682915474,0.06950912623835101,0.025730740177720843,370,85,1480,5689,7169
98,morphem,HQ,std_ctrl__tvn_efaar_e1.0_c304,0.38314259664398165,0.05094846105927218,0.019520525665264327,370,73,1480,5625,7105
99,morphem,HQ,std_ctrl__tvn_efaar_e1.0_c304,0.37814601990108554,0.06881688704429724,0.02602283193778358,370,62,1480,5785,7265
100,morphem,HQ,std_ctrl__tvn_efaar_e1.0_c304,0.33090493486159206,0.06373511723639043,0.021090264817503708,370,52,1480,5689,7169
101,morphem,HQ,std_ctrl__tvn_efaar_e1.0_c304,0.3688569034396154,0.014319890162355488,0.005281990342881857,370,72,1480,5433,6913
102,morphem,HQ,std_ctrl__tvn_efaar_e1.0_c304,0.35363673426495923,0.04002531930498258,0.014154423206926267,370,72,1480,5753,7233
103,morphem,HQ,std_ctrl__tvn_efaar_e1.0_c304,0.3373127012926755,0.113104921152804,0.03815172648354739,370,79,1480,5497,6977
104,morphem,HQ,std_ctrl__tvn_efaar_e1.0_c304,0.3913298182705981,0.04727399392664216,0.018499723452238236,370,78,1480,5625,7105
105,morphem,HQ,std_ctrl__tvn_efaar_e1.0_c304,0.36284360423608286,0.07490820313081561,0.027179962410833765,370,45,1480,5689,7169
106,morphem,HQ,std_ctrl__tvn_efaar_e1.0_c304,0.36629715093708864,-0.031158975590924006,-0.011413443985073752,370,53,1480,5625,7105
107,morphem,HQ,std_ctrl__tvn_efaar_e1.0_c304,0.3552818181050721,0.028897911023206702,0.01026690236776348,370,58,1480,5753,7233
108,morphem,HQ,std_ctrl__tvn_efaar_e1.0_c304,0.3888484785042582,0.11796629068548366,0.04587101264784137,370,61,1480,5657,7137
109,morphem,HQ,std_ctrl__tvn_efaar_e1.0_c304,0.366202825214518,0.002957811927882884,0.0010831590844439124,370,76,1480,5913,7393
110,morphem,HQ,std_ctrl__tvn_efaar_e1.0_c304,0.375609443117523,0.02334552791385401,0.008768800739007293,370,87,1480,5689,7169
111,morphem,HQ,std_ctrl__tvn_efaar_e1.0_c304,0.33982747682806447,0.06748916499048621,0.022934672651949872,370,78,1480,5599,7079
112,morphem,HQ,std_ctrl__tvn_efaar_e1.0_c304,0.3731674684307576,0.030657176097359844,0.011440260793487705,370,52,1480,5759,7239
113,morphem,HQ,std_ctrl__tvn_efaar_e1.0_c304,0.355715441804338,0.008373219117857593,0.002978483337833243,370,67,1480,5593,7073
114,morphem,HQ,std_ctrl__tvn_efaar_e1.0_c304,0.37606990170745147,0.11215068092499128,0.042176495551885226,370,60,1480,5625,7105
115,morphem,HQ,std_ctrl__tvn_efaar_e1.0_c304,0.39298386802044594,0.0024104804599520135,0.0009472799349396459,370,59,1480,5913,7393
116,morphem,HQ,std_ctrl__tvn_efaar_e1.0_c304,0.33093639302597216,0.1172250438946713,0.03879403319881378,370,72,1480,5625,7105
117,morphem,HQ,std_ctrl__tvn_efaar_e1.0_c304,0.3773964358835328,0.034974578584817215,0.01319928130443855,370,60,1480,5945,7425
118,morphem,HQ,std_ctrl__tvn_efaar_e1.0_c304,0.37023437930902525,-0.031151944469223834,-0.011533520824832309,370,53,1480,5721,7201
119,morphem,HQ,std_ctrl__tvn_efaar_e1.0_c304,0.3628656908536781,0.029402521619130696,0.010669166320166066,370,84,1480,5794,7274
120,morphem,HQ,std_ctrl__tvn_efaar_e1.0_c304,0.395944211709939,0.06271840286774846,0.02483298858317704,370,52,1480,5529,7009
121,morphem,HQ,std_ctrl__tvn_efaar_e1.0_c304,0.36244360972981055,0.12152491986851946,0.044045930629272166,370,61,1480,5721,7201
122,morphem,HQ,std_ctrl__tvn_efaar_e1.0_c304,0.37382956797462474,0.005922235721552951,0.0022139068212320297,370,93,1480,5625,7105
123,morphem,HQ,std_ctrl__tvn_efaar_e1.0_c304,0.37637940773060297,0.038840217088597806,0.014618657903934486,370,75,1480,5721,7201
124,morphem,HQ,std_ctrl__tvn_efaar_e1.0_c304,0.33938558923759227,0.02842227387094333,0.009646110165162324,370,75,1480,5561,7041
125,morphem,HQ,std_ctrl__tvn_efaar_e1.0_c304,0.3675025852985696,-0.036405817908033815,-0.01337923220111139,370,61,1480,5593,7073
126,morphem,HQ,std_ctrl__tvn_efaar_e1.0_c304,0.36995725360642645,0.02637427266190787,0.00975735347986649,370,60,1480,5689,7169
127,morphem,HQ,std_ctrl__tvn_efaar_e1.0_c304,0.354551043443951,0.042361324810335915,0.015019251913172727,370,82,1480,5881,7361
128,morphem,HQ,std_ctrl__tvn_efaar_e1.0_c304,0.3868047876235501,0.12119465967995342,0.046878674598612814,370,76,1480,5657,7137
129,morphem,HQ,std_ctrl__tvn_efaar_e1.0_c304,0.3872596024907897,0.041083312171115945,0.015909907140391383,370,77,1480,5689,7169
130,morphem,HQ,std_ctrl__tvn_efaar_e1.0_c304,0.3394227171439749,0.005498878002398823,0.0018664441128174412,370,98,1480,5785,7265
131,morphem,HQ,std_ctrl__tvn_efaar_e1.0_c304,0.357488170431948,0.07467540337848277,0.02669557333004152,370,86,1480,5753,7233
132,morphem,HQ,std_ctrl__tvn_efaar_e1.0_c304,0.3843896197900618,0.03658035663637495,0.01406110937924103,370,100,1480,5849,7329
133,morphem,HQ,std_ctrl__tvn_efaar_e1.0_c304,0.340827703262778,0.019474427479738075,0.0066374243902766585,370,120,1480,5753,7233
134,morphem,HQ,std_ctrl__tvn_efaar_e1.0_c304,0.3517015014206396,0.015463289960759288,0.0054384622961017445,370,63,1480,5337,6817
135,morphem,HQ,std_ctrl__tvn_efaar_e1.0_c304,0.3491477538978911,-0.011710800364228478,-0.004088799643516978,370,77,1480,5625,7105
136,morphem,HQ,std_ctrl__tvn_efaar_e1.0_c304,0.3774552741368131,0.03964577631059914,0.01496450736568397,370,68,1480,5529,7009
137,morphem,HQ,std_ctrl__tvn_efaar_e1.0_c304,0.3761555172591154,0.0516587514186301,0.019431724360834866,370,79,1480,5529,7009
138,morphem,HQ,std_ctrl__tvn_efaar_e1.0_c304,0.3296603956097732,-0.0041276752888756785,-0.0013607310686794413,370,87,1480,5497,6977
139,morphem,HQ,std_ctrl__tvn_efaar_e1.0_c304,0.3795642049201729,0.08311120408943043,0.03154603810016288,370,78,1480,5561,7041
140,morphem,HQ,std_ctrl__tvn_efaar_e1.0_c304,0.39260350930153115,0.05677571290847431,0.022290344130963254,370,43,1480,5625,7105
141,morphem,HQ,std_ctrl__tvn_efaar_e1.0_c304,0.37245634833174646,0.014785087489479157,0.005506799696096795,370,77,1480,5593,7073
142,morphem,HQ,std_ctrl__tvn_efaar_e1.0_c304,0.37172890217439875,-0.005200969977317305,-0.0019333508599101692,370,68,1480,5913,7393
143,morphem,HQ,std_ctrl__tvn_efaar_e1.0_c304,0.3619678659257893,-0.0071626487887992175,-0.002592648696457592,370,79,1480,5849,7329
144,morphem,HQ,std_ctrl__tvn_efaar_e1.0_c304,0.3606412861786797,0.023318822040000277,0.008409729972677443,370,80,1480,5625,7105
145,morphem,HQ,std_ctrl__tvn_efaar_e1.0_c304,0.35688957599019483,0.05796488328006319,0.020687062616142886,370,95,1480,5753,7233
146,morphem,HQ,std_ctrl__tvn_efaar_e1.0_c304,0.37502811147971804,0.059069475321398834,0.022152713775882016,370,69,1480,5529,7009
147,morphem,HQ,std_ctrl__tvn_efaar_e1.0_c304,0.3514407974180338,0.09840539941112854,0.034583672039287125,370,82,1480,5721,7201
148,morphem,HQ,std_ctrl__tvn_efaar_e1.0_c304,0.3659773594120292,0.005191147677136681,0.0018998425191963716,370,75,1480,5657,7137
149,morphem,HQ,std_ctrl__tvn_efaar_e1.0_c304,0.3464416314338733,0.03325971750599497,0.011522550793806654,370,46,1480,5497,6977
150,morphem,HQ,std_ctrl__tvn_efaar_e1.0_c304,0.3366301722884811,0.0995313413849342,0.03350525259851403,370,84,1480,5849,7329
151,morphem,HQ,std_ctrl__tvn_efaar_e1.0_c304,0.37687998151359153,0.03387672016277729,0.01276745766868862,370,98,1480,5785,7265
152,morphem,HQ,std_ctrl__tvn_efaar_e1.0_c304,0.35244753641726423,0.007979314503757936,0.0028122897391480296,370,69,1480,5657,7137
153,morphem,HQ,std_ctrl__tvn_efaar_e1.0_c304,0.37531535237847125,0.10062255465302657,0.03776518955682265,370,85,1480,5753,7233
154,morphem,HQ,std_ctrl__tvn_efaar_e1.0_c304,0.3422677754427959,0.013735503462195785,0.004701220214592573,370,76,1480,5721,7201
155,morphem,HQ,std_ctrl__tvn_efaar_e1.0_c304,0.35905257085597636,0.01194310084057694,0.0042882010608013225,370,83,1480,5497,6977
156,morphem,HQ,std_ctrl__tvn_efaar_e1.0_c304,0.3801006359773424,0.16119443791181523,0.0612701083662912,370,63,1480,5785,7265
157,morphem,HQ,std_ctrl__tvn_efaar_e1.0_c304,0.3644167196998167,0.051369764957292646,0.01872000123748718,370,95,1480,5593,7073
158,morphem,HQ,std_ctrl__tvn_efaar_e1.0_c304,0.34271163033514357,0.0045017925992398514,0.001542816681116173,370,78,1480,5625,7105
159,morphem,HQ,std_ctrl__tvn_efaar_e1.0_c304,0.344018538272514,0.0018804346238818373,0.0006469043706248543,370,56,1480,5849,7329
160,morphem,HQ,std_ctrl__tvn_efaar_e1.0_c304,0.32964551654502383,0.0250820088247112,0.00826817175500877,370,76,1480,5817,7297
161,morphem,HQ,std_ctrl__tvn_efaar_e1.0_c304,0.38314408737015204,0.017752638201759888,0.00680181836222579,370,95,1480,5657,7137
162,morphem,HQ,std_ctrl__tvn_efaar_e1.0_c304,0.35367051546932726,0.038866317242891836,0.013745870453687957,370,108,1480,5849,7329
163,morphem,HQ,std_ctrl__tvn_efaar_e1.0_c304,0.36984661926252776,0.12348196640418366,0.04566938781447636,370,75,1480,5785,7265
164,morphem,HQ,std_ctrl__tvn_efaar_e1.0_c304,0.36102166490542464,0.06274278144847409,0.022651503419325307,370,49,1480,5785,7265
165,morphem,HQ,std_ctrl__tvn_efaar_e1.0_c304,0.3760565234446166,0.030928677194256623,0.011630930820412944,370,83,1480,5849,7329
166,morphem,HQ,std_ctrl__tvn_efaar_e1.0_c304,0.3799089983084306,0.03651095901122526,0.013870841865234757,370,84,1480,5631,7111
167,morphem,HQ,std_ctrl__tvn_efaar_e1.0_c304,0.34306317486031124,0.019016542758375568,0.006523875533555183,370,49,1480,5785,7265
168,morphem,HQ,std_ctrl__tvn_efaar_e1.0_c304,0.3623025374769531,0.02146901059436724,0.007778277015458841,370,49,1480,5721,7201
169,morphem,HQ,std_ctrl__tvn_efaar_e1.0_c304,0.3642824720685899,0.03692349221590024,0.013450581021813474,370,53,1480,5689,7169
170,morphem,HQ,std_ctrl__tvn_efaar_e1.0_c304,0.3508354610972843,-0.08006870779745667,-0.028090942019584435,370,57,1480,5497,6977
171,morphem,HQ,std_ctrl__tvn_efaar_e1.0_c304,0.3550643349559162,0.07401410978283263,0.02627977066739564,370,78,1480,5561,7041
172,morphem,HQ,std_ctrl__tvn_efaar_e1.0_c304,0.36842468429628655,-0.015252042771042673,-0.005619229042794856,370,58,1480,5689,7169
173,morphem,HQ,std_ctrl__tvn_efaar_e1.0_c304,0.3639825387127995,0.05449386125874984,0.01983481396522284,370,61,1480,5753,7233
174,morphem,HQ,std_ctrl__tvn_efaar_e1.0_c304,0.3791320434699755,0.06215295907057265,0.02356417838013196,370,81,1480,5497,6977
175,morphem,HQ,std_ctrl__tvn_efaar_e1.0_c304,0.3889663389945955,0.005171759027952222,0.0020116401752648234,370,81,1480,5433,6913
176,morphem,HQ,std_ctrl__tvn_efaar_e1.0_c304,0.36096289915982,0.04824428836445821,0.017414398195937205,370,67,1480,5497,6977
177,morphem,HQ,std_ctrl__tvn_efaar_e1.0_c304,0.35106257934263135,0.01926689464984342,0.006763885731696774,370,74,1480,5657,7137
178,morphem,HQ,std_ctrl__tvn_efaar_e1.0_c304,0.3757331332998175,0.06471415570528423,0.024315252491998705,370,66,1480,5657,7137
179,morphem,HQ,std_ctrl__tvn_efaar_e1.0_c304,0.3488633773412079,0.052726687248636765,0.018394410189573024,370,99,1480,5561,7041
180,morphem,HQ,std_ctrl__tvn_efaar_e1.0_c304,0.3441762605507447,-0.04893970327683232,-0.016843884066283173,370,79,1480,5753,7233
181,morphem,HQ,std_ctrl__tvn_efaar_e1.0_c304,0.3654653441432102,0.009045454435709817,0.0033058001182784155,370,73,1480,5593,7073
182,morphem,HQ,std_ctrl__tvn_efaar_e1.0_c304,0.33873280358293023,0.07593294004392119,0.025720977665371975,370,82,1480,5657,7137
183,morphem,HQ,std_ctrl__tvn_efaar_e1.0_c304,0.37493020785936604,0.0921705472240644,0.03455752242922998,370,126,1480,5593,7073
184,morphem,HQ,std_ctrl__tvn_efaar_e1.0_c304,0.36934545094915233,0.01600748515475576,0.005912291823045127,370,69,1480,5721,7201
185,morphem,HQ,std_ctrl__tvn_efaar_e1.0_c304,0.3498185093147626,0.07244079213061122,0.025341129916711003,370,80,1480,5817,7297
186,morphem,HQ,std_ctrl__tvn_efaar_e1.0_c304,0.3682229338979009,-0.008684818509263652,-0.003197949351851856,370,62,1480,5721,7201
187,morphem,HQ,std_ctrl__tvn_efaar_e1.0_c304,0.36842571601213914,0.034564120042147754,0.012734310674857816,370,77,1480,5721,7201
188,morphem,HQ,std_ctrl__tvn_efaar_e1.0_c304,0.3751225436633931,0.04752623516237471,0.017828162224854595,370,50,1480,5657,7137
189,morphem,HQ,std_ctrl__tvn_efaar_e1.0_c304,0.35095418367749687,0.049587330359278065,0.01740288104698679,370,49,1480,5753,7233
190,morphem,HQ,std_ctrl__tvn_efaar_e1.0_c304,0.36029492805786584,-0.006567371560968505,-0.0023661906640884216,370,78,1480,5721,7201
191,morphem,HQ,std_ctrl__tvn_efaar_e1.0_c304,0.37301168239121896,0.028274738934010467,0.010546807938947744,370,90,1480,5465,6945
192,morphem,HQ,std_ctrl__tvn_efaar_e1.0_c304,0.3417686739036577,0.04087100806854748,0.013968430228693167,370,98,1480,5497,6977
193,morphem,HQ,std_ctrl__tvn_efaar_e1.0_c304,0.38136965974786635,0.028642678578813845,0.010923448583869736,370,85,1480,5721,7201
194,morphem,HQ,std_ctrl__tvn_efaar_e1.0_c304,0.3804691242903677,0.04296529480276041,0.01634696808848374,370,71,1480,5689,7169
195,morphem,HQ,std_ctrl__tvn_efaar_e1.0_c304,0.34610736828037664,0.07885406998060278,0.027291974639183078,370,88,1480,5881,7361
196,morphem,HQ,std_ctrl__tvn_efaar_e1.0_c304,0.33893902382063995,0.03338744975686187,0.011316309628451425,370,54,1480,5625,7105
197,morphem,HQ,std_ctrl__tvn_efaar_e1.0_c304,0.3200568780142513,-0.005020195305704369,-0.0016067480365655402,370,79,1480,5433,6913
198,morphem,HQ,std_ctrl__tvn_efaar_e1.0_c304,0.3608910747213942,0.03867909769587199,0.013958941136717043,370,82,1480,5753,7233
199,morphem,HQ,std_ctrl__tvn_efaar_e1.0_c304,0.3699940323836025,0.04579531161732807,0.016943992009558848,370,85,1480,5721,7201
200,morphem,HQ,std_ctrl__tvn_efaar_e1.0_c304,0.37090424187886384,0.06458329945525376,0.023954219722486538,370,51,1480,5561,7041
201,morphem,HQ,std_ctrl__tvn_efaar_e1.0_c304,0.3682851508700357,0.06633022478476314,0.024428436842099874,370,83,1480,5689,7169
202,morphem,HQ,std_ctrl__tvn_efaar_e1.0_c304,0.3618087760184673,0.0600671860852577,0.0217328350763806,370,34,1480,5657,7137
203,morphem,HQ,std_ctrl__tvn_efaar_e1.0_c304,0.38709876730846143,0.06453349192988533,0.024980835176169155,370,71,1480,5465,6945
204,morphem,HQ,std_ctrl__tvn_efaar_e1.0_c304,0.36240903846788236,-0.0007643052292736555,-0.00027699112323703985,370,72,1480,5561,7041
205,morphem,HQ,std_ctrl__tvn_efaar_e1.0_c304,0.37482329980695095,0.026894844052820485,0.010080814195671525,370,72,1480,5721,7201
206,morphem,HQ,std_ctrl__tvn_efaar_e1.0_c304,0.32417479813763167,-0.0017225045525001157,-0.0005583925655978766,370,70,1480,5337,6817
207,morphem,HQ,std_ctrl__tvn_efaar_e1.0_c304,0.38608226278898666,0.03891577520098842,0.015024690547785142,370,53,1480,5657,7137
208,morphem,HQ,std_ctrl__tvn_efaar_e1.0_c304,0.34416030231889727,0.016189247363731483,0.005571696267017237,370,60,1480,5881,7361
209,morphem,HQ,std_ctrl__tvn_efaar_e1.0_c304,0.32192978840259334,0.06928644790520885,0.02230537151329119,370,54,1480,5881,7361
210,morphem,HQ,std_ctrl__tvn_efaar_e1.0_c304,0.32984291249082864,-0.016519088935014425,-0.005448704406020179,370,74,1480,5657,7137
211,morphem,HQ,std_ctrl__tvn_efaar_e1.0_c304,0.3766283307113214,0.13904505098225378,0.05236830544511682,370,65,1480,5817,7297
212,morphem,HQ,std_ctrl__tvn_efaar_e1.0_c304,0.38165335675549505,-0.0045743570970171845,-0.0017458187410749303,370,67,1480,5913,7393
213,morphem,HQ,std_ctrl__tvn_efaar_e1.0_c304,0.39408027010236657,0.052112788339203395,0.020536621704500733,370,67,1480,5753,7233
214,morphem,HQ,std_ctrl__tvn_efaar_e1.0_c304,0.3460397535576278,0.05385795990520121,0.018636995172712424,370,96,1480,5657,7137
215,morphem,HQ,std_ctrl__tvn_efaar_e1.0_c304,0.31290002037869924,0.08027387141338285,0.025117696001124578,370,67,1480,5401,6881
216,morphem,HQ,std_ctrl__tvn_efaar_e1.0_c304,0.37058383073059264,-0.004972052801944096,-0.0018425623739392195,370,60,1480,5657,7137
217,morphem,HQ,std_ctrl__tvn_efaar_e1.0_c304,0.39543014364254747,0.0018043144087225762,0.0007134803058174864,370,58,1480,5689,7169
218,morphem,HQ,std_ctrl__tvn_efaar_e1.0_c304,0.32284914021760897,0.004124923422563377,0.001331727980438063,370,96,1480,5785,7265
219,morphem,HQ,std_ctrl__tvn_efaar_e1.0_c304,0.32454686983379727,0.0215622202227004,0.006997951079944418,370,77,1480,5561,7041
220,morphem,HQ,std_ctrl__tvn_efaar_e1.0_c304,0.36603798706941704,0.05691354549285068,0.020832519629186756,370,91,1480,5849,7329
221,morphem,HQ,std_ctrl__tvn_efaar_e1.0_c304,0.3163549992779181,-0.010302107985430282,-0.003259123364291831,370,74,1480,5945,7425
222,morphem,HQ,std_ctrl__tvn_efaar_e1.0_c304,0.3546031595433765,-0.012568288050204662,-0.004456754652653837,370,60,1480,5465,6945
223,morphem,HQ,std_ctrl__tvn_efaar_e1.0_c304,0.38272989118218054,0.08464703851372443,0.0323969518392516,370,61,1480,5625,7105
224,morphem,HQ,std_ctrl__tvn_efaar_e1.0_c304,0.35849664244818324,-0.007581201635123769,-0.002717835331914548,370,57,1480,5625,7105
225,morphem,HQ,std_ctrl__tvn_efaar_e1.0_c304,0.33366410898764837,0.0004749141003042506,0.00015846179012368844,370,86,1480,5786,7266
226,morphem,HQ,std_ctrl__tvn_efaar_e1.0_c304,0.34806772572264055,-0.0036939271675624267,-0.0012857368281985293,370,80,1480,5561,7041
227,morphem,HQ,std_ctrl__tvn_efaar_e1.0_c304,0.35307639053674356,0.08561064548245446,0.030227097698465794,370,45,1480,5721,7201
228,morphem,HQ,std_ctrl__tvn_efaar_e1.0_c304,0.383127383873016,0.03124024426540183,0.011968993056957393,370,48,1480,5689,7169
229,morphem,HQ,std_ctrl__tvn_efaar_e1.0_c304,0.38322072450826905,0.06560422386566307,0.02514089820060208,370,63,1480,5721,7201
230,morphem,HQ,std_ctrl__tvn_efaar_e1.0_c304,0.36557601943807494,0.03635996537165209,0.013292331407474817,370,87,1480,5785,7265
231,morphem,HQ,std_ctrl__tvn_efaar_e1.0_c304,0.38271310093139377,-0.003368249252296153,-0.0012890731160561091,370,45,1480,5657,7137
232,morphem,HQ,std_ctrl__tvn_efaar_e1.0_c304,0.3880860812572428,0.002944419370197772,0.0011426881749579721,370,78,1480,5689,7169
233,morphem,HQ,std_ctrl__tvn_efaar_e1.0_c304,0.37172334131334656,0.030832342867637544,0.011461101511276958,370,75,1480,5689,7169
234,morphem,HQ,std_ctrl__tvn_efaar_e1.0_c304,0.36471435282371456,0.029963177967322993,0.01092800106089399,370,76,1480,5721,7201
235,morphem,HQ,std_ctrl__tvn_efaar_e1.0_c304,0.36743075383911994,0.02586111929770465,0.009502170558679033,370,75,1480,5721,7201
236,morphem,HQ,std_ctrl__tvn_efaar_e1.0_c304,0.3842878606084378,0.0170657356950575,0.0065581550599626975,370,71,1480,5689,7169
237,morphem,HQ,std_ctrl__tvn_efaar_e1.0_c304,0.3371930314894328,0.03677491238310528,0.012400244189217549,370,77,1480,5753,7233
238,morphem,HQ,std_ctrl__tvn_efaar_e1.0_c304,0.3417247969898687,-0.018547650147546443,-0.0063381919813094165,370,58,1480,5785,7265
239,morphem,HQ,std_ctrl__tvn_efaar_e1.0_c304,0.3779317429069382,0.023625370511815312,0.008928777454352544,370,58,1480,5657,7137
240,morphem,HQ,std_ctrl__tvn_efaar_e1.0_c304,0.35153866949023926,-0.012899756475938403,-0.004534763228299484,370,61,1480,5817,7297
241,morphem,HQ,std_ctrl__tvn_efaar_e1.0_c304,0.3832872457326312,-0.013219067314563206,-0.00506669990215318,370,86,1480,5785,7265
242,morphem,HQ,std_ctrl__tvn_efaar_e1.0_c304,0.35196546164977355,0.0036486721229696,0.0012842065681696545,370,72,1480,5753,7233
243,morphem,HQ,std_ctrl__tvn_efaar_e1.0_c304,0.37209659113769505,0.08269528110953371,0.030770632204030923,370,75,1480,5849,7329
244,morphem,HQ,std_ctrl__tvn_efaar_e1.0_c304,0.33804469117720176,0.04172798361158046,0.014105923333424053,370,76,1480,5721,7201
245,morphem,HQ,std_ctrl__tvn_efaar_e1.0_c304,0.40123623488275983,0.05198738945093473,0.020859224404676757,370,83,1480,5529,7009
246,morphem,HQ,std_ctrl__tvn_efaar_e1.0_c304,0.35501831305722104,0.014434903260647143,0.005124655004739128,370,57,1480,5913,7393
247,morphem,HQ,std_ctrl__tvn_efaar_e1.0_c304,0.3366622779008771,0.023605518440693866,0.007947087609275157,370,65,1480,5817,7297
248,morphem,HQ,std_ctrl__tvn_efaar_e1.0_c304,0.39286738597124404,0.05200161344639493,0.020429737940972272,370,72,1480,5721,7201
249,morphem,HQ,std_ctrl__tvn_efaar_e1.0_c304,0.3568091245572249,0.08088159453581219,0.028859290939115573,370,70,1480,5657,7137
250,morphem,HQ,std_ctrl__tvn_efaar_e1.0_c304,0.37430815184110344,0.05987728394012863,0.022412555488894533,370,81,1480,5817,7297
251,morphem,HQ,std_ctrl__tvn_efaar_e1.0_c304,0.37282708756334987,0.04202716583998323,0.01566886583866285,370,89,1480,5401,6881
252,morphem,HQ,std_ctrl__tvn_efaar_e1.0_c304,0.3629765473228031,0.04672954438428424,0.016961728678575178,370,56,1480,5753,7233
253,morphem,HQ,std_ctrl__tvn_efaar_e1.0_c304,0.3548327155487033,-0.02529926114891299,-0.008977005534844604,370,51,1480,5849,7329
254,morphem,HQ,std_ctrl__tvn_efaar_e1.0_c304,0.3481933072000997,0.060346183614268405,0.021012137249556584,370,58,1480,5625,7105
255,morphem,HQ,std_ctrl__tvn_efaar_e1.0_c304,0.3576234087892898,0.07567226728964602,0.027062174178937477,370,61,1480,5881,7361
256,morphem,HQ,std_ctrl__tvn_efaar_e1.0_c304,0.36514289739226324,0.04402098606717825,0.016073950398633918,370,58,1480,5721,7201
257,morphem,HQ,std_ctrl__tvn_efaar_e1.0_c304,0.3686587072836426,-0.031865142257386264,-0.011747362152017393,370,69,1480,5817,7297
258,morphem,HQ,std_ctrl__tvn_efaar_e1.0_c304,0.38196476161824466,0.07729697642808953,0.02952472117516629,370,65,1480,5689,7169
259,morphem,HQ,std_ctrl__tvn_efaar_e1.0_c304,0.36247083459559026,0.13179369205510913,0.04777136955364962,370,77,1480,5529,7009
260,morphem,HQ,std_ctrl__tvn_efaar_e1.0_c304,0.36733419758498326,-0.03864267832440117,-0.01419477723482853,370,92,1480,5721,7201
261,morphem,HQ,std_ctrl__tvn_efaar_e1.0_c304,0.36350944488574694,-0.020030595723985994,-0.007281310732356965,370,90,1480,5660,7140
262,morphem,HQ,std_ctrl__tvn_efaar_e1.0_c304,0.33824128028638956,0.039967616676737816,0.013518697834735452,370,83,1480,5721,7201
263,morphem,HQ,std_ctrl__tvn_efaar_e1.0_c304,0.3969302503580945,-0.00022640570632395456,-8.98672736936685e-05,370,54,1480,5881,7361
264,morphem,HQ,std_ctrl__tvn_efaar_e1.0_c304,0.37876556315801324,0.04538863567934912,0.017191652154062563,370,94,1480,5593,7073
265,morphem,HQ,std_ctrl__tvn_efaar_e1.0_c304,0.37263135942667064,0.0017444869893251068,0.0006500505583343544,370,81,1480,5529,7009
266,morphem,HQ,std_ctrl__tvn_efaar_e1.0_c304,0.3478938368431698,-0.004266093998608239,-0.0014841478095094407,370,47,1480,5625,7105
267,morphem,HQ,std_ctrl__tvn_efaar_e1.0_c304,0.3768499802430374,0.03774642846438584,0.014224740821049029,370,64,1480,5721,7201
268,morphem,HQ,std_ctrl__tvn_efaar_e1.0_c304,0.3675645850404286,0.08399242850991712,0.03087264213178555,370,75,1480,5692,7172
269,morphem,HQ,std_ctrl__tvn_efaar_e1.0_c304,0.335918342279476,0.08417156753729435,0.028274773434192872,370,80,1480,5593,7073
270,morphem,HQ,std_ctrl__tvn_efaar_e1.0_c304,0.41323178574338654,0.0003005001028791009,0.00012417619412880224,370,71,1480,5465,6945
271,morphem,HQ,std_ctrl__tvn_efaar_e1.0_c304,0.3703800880453934,0.04816229546556324,0.017838355235003565,370,79,1480,5822,7302
272,morphem,HQ,std_ctrl__tvn_efaar_e1.0_c304,0.33102553055807465,0.010780276777223041,0.0035685468397431484,370,81,1480,5753,7233
273,morphem,HQ,std_ctrl__tvn_efaar_e1.0_c304,0.3916450767327447,0.05577683421449276,0.021844722515844597,370,78,1480,5721,7201
274,morphem,HQ,std_ctrl__tvn_efaar_e1.0_c304,0.3407704891977978,-0.0062917061568963295,-0.0021440277849743587,370,69,1480,5721,7201
275,morphem,HQ,std_ctrl__tvn_efaar_e1.0_c304,0.34498798987939633,0.1251984326548598,0.04319195561765106,370,55,1480,5693,7173
276,morphem,HQ,std_ctrl__tvn_efaar_e1.0_c304,0.3528147054484969,0.007551851594103275,0.002664404295764309,370,47,1480,5817,7297
277,morphem,HQ,std_ctrl__tvn_efaar_e1.0_c304,0.3557466023252913,0.07852817518286646,0.027936131508110005,370,59,1480,5497,6977
278,morphem,HQ,std_ctrl__tvn_efaar_e1.0_c304,0.33967241275660154,-0.009378169945938316,-0.003185505612778315,370,55,1480,5657,7137
279,morphem,HQ,std_ctrl__tvn_efaar_e1.0_c304,0.3358498341746965,-0.03679688330602324,-0.012358227156473563,370,69,1480,5849,7329
280,morphem,HQ,std_ctrl__tvn_efaar_e1.0_c304,0.3818767463412769,0.0023771502051821336,0.0009077783859194519,370,60,1480,5785,7265
281,morphem,HQ,std_ctrl__tvn_efaar_e1.0_c304,0.3414202290885789,-0.026623553344740293,-0.009089819682113231,370,75,1480,5753,7233
282,morphem,HQ,std_ctrl__tvn_efaar_e1.0_c304,0.3590089360815217,-0.00023500751152995213,-8.436979668553405e-05,370,73,1480,5977,7457
283,morphem,HQ,std_ctrl__tvn_efaar_e1.0_c304,0.3233368751035829,-0.0067339885910786025,-0.0021773468280225344,370,64,1480,5689,7169
284,morphem,HQ,std_ctrl__tvn_efaar_e1.0_c304,0.3419165460076047,-0.05338405521528106,-0.018252891771088155,370,61,1480,5561,7041
285,morphem,HQ,std_ctrl__tvn_efaar_e1.0_c304,0.39344697168976367,0.005408433726352567,0.0021279318712182018,370,61,1480,5593,7073
286,morphem,HQ,std_ctrl__tvn_efaar_e1.0_c304,0.37011461383186434,0.03924180259528928,0.014523964613621744,370,86,1480,5593,7073
287,morphem,HQ,std_ctrl__tvn_efaar_e1.0_c304,0.3515280993970796,-0.00570340362854143,-0.002004906637635576,370,58,1480,5881,7361
288,morphem,HQ,std_ctrl__tvn_efaar_e1.0_c304,0.36968873071238306,0.1301809175521973,0.04812641817284521,370,75,1480,5785,7265
289,morphem,HQ,std_ctrl__tvn_efaar_e1.0_c304,0.36656523784187084,0.020259389160664117,0.007426387806209862,370,97,1480,5785,7265
290,morphem,HQ,std_ctrl__tvn_efaar_e1.0_c304,0.36223011285729223,0.0775607669552939,0.028094845367514252,370,57,1480,5625,7105
291,morphem,HQ,std_ctrl__tvn_efaar_e1.0_c304,0.3298921039134569,-0.006170483586753999,-0.0020355938125977305,370,76,1480,5849,7329
292,morphem,HQ,std_ctrl__tvn_efaar_e1.0_c304,0.3819606845894327,-0.014551127235503286,-0.005557958520420775,370,74,1480,5657,7137
293,morphem,HQ,std_ctrl__tvn_efaar_e1.0_c304,0.3791627665469268,0.04853856715935993,0.01840401740836672,370,61,1480,5817,7297
294,morphem,HQ,std_ctrl__tvn_efaar_e1.0_c304,0.37930863810184456,0.06650685734649008,0.025226625484530807,370,72,1480,5721,7201
295,morphem,HQ,std_ctrl__tvn_efaar_e1.0_c304,0.3452222104530836,0.03467817890387492,0.011971677575683192,370,65,1480,5724,7204
296,morphem,HQ,std_ctrl__tvn_efaar_e1.0_c304,0.3536861318116803,0.09535684676848538,0.03372639427530472,370,82,1480,5689,7169
297,morphem,HQ,std_ctrl__tvn_efaar_e1.0_c304,0.351020902533161,0.03812376575186057,0.01338223866218091,370,59,1480,5369,6849
298,morphem,HQ,std_ctrl__tvn_efaar_e1.0_c304,0.3731243017368501,-0.024099367645852916,-0.008992059725158506,370,62,1480,5689,7169
299,morphem,HQ,std_ctrl__tvn_efaar_e1.0_c304,0.3622126461667072,-0.015756679282301327,-0.005707268497642496,370,96,1480,5625,7105
300,morphem,HQ,std_ctrl__tvn_efaar_e1.0_c304,0.3842399302051183,0.025831868802619253,0.009925635465786195,370,49,1480,5625,7105
301,morphem,HQ,std_ctrl__tvn_efaar_e1.0_c304,0.35635832334616735,0.01570786197164799,0.005597627355569501,370,97,1480,5657,7137
302,morphem,HQ,std_ctrl__tvn_efaar_e1.0_c304,0.34868902544034047,0.07803422622564805,0.027209678293612278,370,118,1480,5689,7169
303,morphem,HQ,std_ctrl__tvn_efaar_e1.0_c304,0.3422341224137876,-0.05193355271575095,-0.017773433837505202,370,102,1480,5689,7169
304,morphem,HQ,std_ctrl__tvn_efaar_e1.0_c304,0.3886121038727099,0.009632747465060109,0.003743402258471522,370,57,1480,5785,7265
305,morphem,HQ,std_ctrl__tvn_efaar_e1.0_c304,0.34061802436168065,0.05421168409186016,0.01846547673268896,370,70,1480,5849,7329
306,morphem,HQ,std_ctrl__tvn_efaar_e1.0_c304,0.34958837094684103,0.03182595045549593,0.011125982173571696,370,74,1480,5657,7137
307,morphem,HQ,std_ctrl__tvn_efaar_e1.0_c304,0.3658918421312192,-0.00017371431826883332,-6.356065191595233e-05,370,72,1480,5753,7233
308,morphem,HQ,std_ctrl__tvn_efaar_e1.0_c304,0.3427552219141216,0.025379514774763787,0.00869896121869689,370,75,1480,5753,7233
309,morphem,HQ,std_ctrl__tvn_efaar_e1.0_c304,0.3553999311146572,0.035625863823046555,0.012661429548610903,370,73,1480,5849,7329
310,morphem,HQ,std_ctrl__tvn_efaar_e1.0_c304,0.361693477571183,0.07558478134032408,0.027338522414439275,370,73,1480,5753,7233
311,morphem,HQ,std_ctrl__tvn_efaar_e1.0_c304,0.38944807543100407,0.03499106739743739,0.013627203855208544,370,67,1480,5724,7204
312,morphem,HQ,std_ctrl__tvn_efaar_e1.0_c304,0.34733537656135455,0.022377414873944648,0.007772467821711221,370,93,1480,5689,7169
313,morphem,HQ,std_ctrl__tvn_efaar_e1.0_c304,0.3275007687988546,0.005158435479401873,0.0016893915853034014,370,100,1480,5721,7201
314,morphem,HQ,std_ctrl__tvn_efaar_e1.0_c304,0.39877346067955644,-0.002240347714185757,-0.0008933912111113881,370,60,1480,5625,7105
315,morphem,HQ,std_ctrl__tvn_efaar_e1.0_c304,0.3765204238894107,0.05132526242791218,0.01932500956559274,370,52,1480,5593,7073
316,morphem,HQ,std_ctrl__tvn_efaar_e1.0_c304,0.39606693210530663,0.03333317291285235,0.013202167532929137,370,61,1480,5561,7041
317,morphem,HQ,std_ctrl__tvn_efaar_e1.0_c304,0.36316072727221094,0.13451204001286493,0.04884949027794076,370,92,1480,5817,7297
318,morphem,HQ,std_ctrl__tvn_efaar_e1.0_c304,0.3434697075584803,0.06643166021319309,0.02281726290604976,370,80,1480,5657,7137
319,morphem,HQ,std_ctrl__tvn_efaar_e1.0_c304,0.35455137864521236,0.03099859276167812,0.010990593799714477,370,86,1480,5881,7361
320,morphem,HQ,std_ctrl__tvn_efaar_e1.0_c304,0.34742270272290615,0.09457900450015964,0.032858893364287364,370,82,1480,5529,7009
321,morphem,HQ,std_ctrl__tvn_efaar_e1.0_c304,0.36315840183487036,0.021209587202609584,0.007702439792077015,370,73,1480,5529,7009
322,morphem,HQ,std_ctrl__tvn_efaar_e1.0_c304,0.34555485820665255,-0.016879738581864465,-0.0058328756722215375,370,72,1480,5657,7137
323,morphem,HQ,std_ctrl__tvn_efaar_e1.0_c304,0.3994484905543534,0.11214879193951457,0.044797665657733333,370,92,1480,5625,7105
324,morphem,HQ,std_ctrl__tvn_efaar_e1.0_c304,0.3428898303461126,-0.012220421018037709,-0.0041902580896330185,370,61,1480,5721,7201
325,morphem,HQ,std_ctrl__tvn_efaar_e1.0_c304,0.3248516594659712,0.050514928021546585,0.016409858195603498,370,100,1480,5689,7169
326,morphem,HQ,std_ctrl__tvn_efaar_e1.0_c304,0.3540268011318778,-0.028281376632186658,-0.010012365300698881,370,46,1480,5663,7143
327,morphem,HQ,std_ctrl__tvn_efaar_e1.0_c304,0.347781236690939,0.028714724221103455,0.00998644230085462,370,79,1480,5497,6977
328,morphem,HQ,std_ctrl__tvn_efaar_e1.0_c304,0.3352766923176405,0.028154236814733568,0.009439459393971414,370,67,1480,5727,7207
329,morphem,HQ,std_ctrl__tvn_efaar_e1.0_c304,0.37589574460593944,-0.030126926709214817,-0.011324583548048868,370,113,1480,5561,7041
330,morphem,HQ,std_ctrl__tvn_efaar_e1.0_c304,0.42483990535236604,0.03868051007225021,0.016433024238076018,370,45,1480,5593,7073
331,morphem,HQ,std_ctrl__tvn_efaar_e1.0_c304,0.37990276525221195,-0.015173722255720506,-0.0057645390441172515,370,95,1480,5817,7297
332,morphem,HQ,std_ctrl__tvn_efaar_e1.0_c304,0.37918431760830684,0.031088409214637135,0.01178823723357998,370,100,1480,5689,7169
333,morphem,HQ,std_ctrl__tvn_efaar_e1.0_c304,0.3334102177128374,0.02470889080251658,0.00823819666190978,370,92,1480,5433,6913
334,morphem,HQ,std_ctrl__tvn_efaar_e1.0_c304,0.3870073085745638,0.0368065308827929,0.014244396454916243,370,53,1480,5497,6977
335,morphem,HQ,std_ctrl__tvn_efaar_e1.0_c304,0.3736035983939636,0.05559844830821848,0.020771780353071204,370,71,1480,5593,7073
336,morphem,HQ,std_ctrl__tvn_efaar_e1.0_c304,0.3756371433371784,-0.048946692191042473,-0.018386195630447372,370,53,1480,5593,7073
337,morphem,HQ,std_ctrl__tvn_efaar_e1.0_c304,0.3494576480160656,-0.006021740121690083,-0.002104343139889793,370,95,1480,5593,7073
338,morphem,HQ,std_ctrl__tvn_efaar_e1.0_c304,0.38849114851489924,0.03975378743750141,0.015443994539412096,370,87,1480,5561,7041
339,morphem,HQ,std_ctrl__tvn_efaar_e1.0_c304,0.34677195914506975,0.034064548019935026,0.011812630054264176,370,86,1480,5817,7297
340,morphem,HQ,std_ctrl__tvn_efaar_e1.0_c304,0.3981242548560767,0.0695835270607609,0.027702889861323084,370,93,1480,5625,7105
341,morphem,HQ,std_ctrl__tvn_efaar_e1.0_c304,0.3718075057480931,0.002507634535185878,0.0009323573418552403,370,52,1480,5561,7041
342,morphem,HQ,std_ctrl__tvn_efaar_e1.0_c304,0.357077317193206,0.038750696369336146,0.013836994698931059,370,78,1480,5785,7265
343,morphem,HQ,std_ctrl__tvn_efaar_e1.0_c304,0.3385145689658779,-0.015312477537662048,-0.005183496733461355,370,71,1480,5785,7265
344,morphem,HQ,std_ctrl__tvn_efaar_e1.0_c304,0.36953484527903635,0.12006130029555673,0.04436683402871848,370,48,1480,5561,7041
345,morphem,HQ,std_ctrl__tvn_efaar_e1.0_c304,0.3946393356475637,0.0016321138624748545,0.0006440963303882557,370,77,1480,5785,7265
346,morphem,HQ,std_ctrl__tvn_efaar_e1.0_c304,0.34403809652057155,0.05158642832413435,0.01774769660693008,370,62,1480,5689,7169
347,morphem,HQ,std_ctrl__tvn_efaar_e1.0_c304,0.3794881132876167,0.02360073330089674,0.008956197752561531,370,59,1480,5817,7297
348,morphem,HQ,std_ctrl__tvn_efaar_e1.0_c304,0.3621326397526409,0.005071314084964732,0.0018364883566030269,370,125,1480,5791,7271
349,morphem,HQ,std_ctrl__tvn_efaar_e1.0_c304,0.3085992428552845,-0.016401474773700957,-0.005061482696874164,370,84,1480,5689,7169
350,morphem,HQ,std_ctrl__tvn_efaar_e1.0_c304,0.3725638790684097,0.024414444688521206,0.009095940218456592,370,84,1480,5497,6977
351,morphem,HQ,std_ctrl__tvn_efaar_e1.0_c304,0.3915556014041161,0.12550915159124737,0.04914381133303124,370,91,1480,5689,7169
352,morphem,HQ,std_ctrl__tvn_efaar_e1.0_c304,0.3691998913199499,0.05716173030784204,0.021104104617315565,370,69,1480,5433,6913
353,morphem,HQ,std_ctrl__tvn_efaar_e1.0_c304,0.3645618596464959,0.09334177917837837,0.03402885259998219,370,90,1480,5593,7073
354,morphem,HQ,std_ctrl__tvn_efaar_e1.0_c304,0.3544574318536085,0.054215910256978986,0.019217232315294482,370,67,1480,5625,7105
355,morphem,HQ,std_ctrl__tvn_efaar_e1.0_c304,0.3728363296534931,0.0861944759082285,0.032136432034030354,370,67,1480,5561,7041
356,morphem,HQ,std_ctrl__tvn_efaar_e1.0_c304,0.39547063519867126,0.02195232261442379,0.008681498968412332,370,63,1480,5881,7361
357,morphem,HQ,std_ctrl__tvn_efaar_e1.0_c304,0.34424798012505115,0.06995388404928018,0.024081483285866737,370,87,1480,5497,6977
358,morphem,HQ,std_ctrl__tvn_efaar_e1.0_c304,0.35949095230641304,0.004395463991973229,0.001580129536303004,370,70,1480,5561,7041
359,morphem,HQ,std_ctrl__tvn_efaar_e1.0_c304,0.35672213778272155,0.02484588357948521,0.008863076705574582,370,83,1480,5529,7009
360,morphem,HQ,std_ctrl__tvn_efaar_e1.0_c304,0.3888654674370843,-0.023668895790625005,-0.00920401622534103,370,63,1480,5657,7137
361,morphem,HQ,std_ctrl__tvn_efaar_e1.0_c304,0.36310146945624594,0.040626256690775894,0.014751453502927371,370,55,1480,5721,7201
362,morphem,HQ,std_ctrl__tvn_efaar_e1.0_c304,0.38127625618537414,0.05093427195869807,0.019420028523940085,370,60,1480,5561,7041
363,morphem,HQ,std_ctrl__tvn_efaar_e1.0_c304,0.32985013586546746,0.025820119011061828,0.008516769763861284,370,75,1480,5689,7169
364,morphem,HQ,std_ctrl__tvn_efaar_e1.0_c304,0.35534237100520927,0.016371531707860622,0.0058174988940581564,370,67,1480,5785,7265
365,morphem,HQ,std_ctrl__tvn_efaar_e1.0_c304,0.39309446063148773,0.03884475232089479,0.01526965696194587,370,62,1480,5753,7233
366,morphem,HQ,std_ctrl__tvn_efaar_e1.0_c304,0.3151160616544338,0.022722951654000546,0.007160367034372755,370,83,1480,5660,7140
367,morphem,HQ,std_ctrl__tvn_efaar_e1.0_c304,0.3635102178695458,-0.00382363935807237,-0.0013899319761074575,370,79,1480,5689,7169
368,morphem,HQ,std_ctrl__tvn_efaar_e1.0_c304,0.3801216537069631,0.01965360933018163,0.007470762479899241,370,76,1480,5785,7265
369,morphem,HQ,std_ctrl__tvn_efaar_e1.0_c304,0.3685952732904563,0.06806139207038889,0.02508710741071389,370,63,1480,5721,7201
370,morphem,HQ,std_ctrl__tvn_efaar_e1.0_c304,0.36380261632716704,0.0028870214254879214,0.001050305947985093,370,56,1480,5817,7297
371,morphem,HQ,std_ctrl__tvn_efaar_e1.0_c304,0.38014919646138,0.02680571528688304,0.010190171126881118,370,63,1480,5529,7009
372,morphem,HQ,std_ctrl__tvn_efaar_e1.0_c304,0.40421306533719276,0.019600541111238205,0.007922794804841262,370,77,1480,5881,7361
373,morphem,HQ,std_ctrl__tvn_efaar_e1.0_c304,0.3769462908767884,0.08179960757647255,0.030834058671128164,370,74,1480,5721,7201
374,morphem,HQ,std_ctrl__tvn_efaar_e1.0_c304,0.3686419303215681,-0.022501180535850086,-0.008294878627249872,370,69,1480,5563,7043
375,morphem,HQ,std_ctrl__tvn_efaar_e1.0_c304,0.3564509962281637,0.026086383070719685,0.009298517233547535,370,93,1480,5273,6753
376,morphem,HQ,std_ctrl__tvn_efaar_e1.0_c304,0.3757891659697368,0.12332711400038801,0.04634499331166046,370,86,1480,5593,7073
377,morphem,HQ,std_ctrl__tvn_efaar_e1.0_c304,0.35727287255521883,0.04311863317594961,0.015405117935426276,370,79,1480,5817,7297
378,morphem,HQ,std_ctrl__tvn_efaar_e1.0_c304,0.37237237077571367,0.031422541624943415,0.011700886320678726,370,97,1480,5465,6945
379,morphem,HQ,std_ctrl__tvn_efaar_e1.0_c304,0.3429588595958463,-0.01480908074876985,-0.00507890544526091,370,60,1480,5625,7105
380,morphem,HQ,std_ctrl__tvn_efaar_e1.0_c304,0.36641632736141705,0.0773769981531892,0.028352195485542735,370,58,1480,5689,7169
381,morphem,HQ,std_ctrl__tvn_efaar_e1.0_c304,0.3255279839718942,0.09211919198180726,0.0299873748509576,370,87,1480,5369,6849
382,morphem,HQ,std_ctrl__tvn_efaar_e1.0_c304,0.3580958126822902,-0.004395910071465814,-0.0015741569895198148,370,65,1480,5753,7233
383,morphem,HQ,std_ctrl__tvn_efaar_e1.0_c304,0.3771753333426911,0.016545857465594997,0.0062406893050264475,370,84,1480,6009,7489
384,morphem,HQ,std_ctrl__tvn_efaar_e1.0_c304,0.36292612463160373,0.0130523376470151,0.004737034319614376,370,65,1480,5561,7041
385,morphem,HQ,std_ctrl__tvn_efaar_e1.0_c304,0.38998013203816656,0.031916446438316246,0.01244677999620364,370,97,1480,5561,7041
386,morphem,HQ,std_ctrl__tvn_efaar_e1.0_c304,0.3633497855746243,0.039390431132004786,0.014312504705505944,370,59,1480,5753,7233
387,morphem,HQ,std_ctrl__tvn_efaar_e1.0_c304,0.3873010181968088,0.048315348747953804,0.01871258376461642,370,49,1480,5721,7201
388,morphem,HQ,std_ctrl__tvn_efaar_e1.0_c304,0.3715622286450975,0.062089443186514486,0.02307009188571449,370,49,1480,5657,7137
389,morphem,HQ,std_ctrl__tvn_efaar_e1.0_c304,0.3633651434090202,0.1075110405438282,0.03906576466526112,370,59,1480,5721,7201
390,morphem,HQ,std_ctrl__tvn_efaar_e1.0_c304,0.3650798321117463,0.03782867651370497,0.013810486870632972,370,73,1480,5753,7233
391,morphem,HQ,std_ctrl__tvn_efaar_e1.0_c304,0.36120326898305605,0.025923518185879,0.009363659512281197,370,83,1480,5657,7137
392,morphem,HQ,std_ctrl__tvn_efaar_e1.0_c304,0.3523593504328657,0.07223968315534766,0.025454327832094333,370,57,1480,5945,7425
393,morphem,HQ,std_ctrl__tvn_efaar_e1.0_c304,0.371647152795655,0.012162526830260752,0.004520168467267172,370,39,1480,5791,7271
394,morphem,HQ,std_ctrl__tvn_efaar_e1.0_c304,0.3385841082590995,0.01855278472332531,0.006281678071270144,370,90,1480,5625,7105
395,morphem,HQ,std_ctrl__tvn_efaar_e1.0_c304,0.3784995320965373,0.11402679710157622,0.04315908934941339,370,47,1480,5689,7169
396,morphem,HQ,std_ctrl__tvn_efaar_e1.0_c304,0.3807912354501348,0.05960605186468261,0.022697462129857304,370,81,1480,5657,7137
397,morphem,HQ,std_ctrl__tvn_efaar_e1.0_c304,0.3395267737557257,0.05648545997395715,0.01917832598906585,370,73,1480,5625,7105
398,morphem,HQ,std_ctrl__tvn_efaar_e1.0_c304,0.3538691925624134,-0.06240470437843072,-0.022083102350491383,370,87,1480,5913,7393
399,morphem,HQ,std_ctrl__tvn_efaar_e1.0_c304,0.3662874887689283,-0.0126162844620747,-0.004621187153207792,370,59,1480,5625,7105
400,morphem,HQ,std_ctrl__tvn_efaar_e1.0_c304,0.3504375119331259,0.029104190537374786,0.010199200118745247,370,49,1480,5497,6977
401,morphem,HQ,std_ctrl__tvn_efaar_e1.0_c304,0.3787636013350383,0.13077411489258262,0.049532474718116656,370,82,1480,5497,6977
402,morphem,HQ,std_ctrl__tvn_efaar_e1.0_c304,0.33258855836760665,0.03980846824228396,0.013239841063523876,370,64,1480,5657,7137
403,morphem,HQ,std_ctrl__tvn_efaar_e1.0_c304,0.3578890355109065,0.012714020681729696,0.004550208599249959,370,81,1480,5785,7265
404,morphem,HQ,std_ctrl__tvn_efaar_e1.0_c304,0.3784600788891988,0.017440741065571592,0.006600624239562314,370,49,1480,5817,7297
405,morphem,HQ,std_ctrl__tvn_efaar_e1.0_c304,0.34359947526845674,0.05710604415099561,0.019621606804939414,370,73,1480,5817,7297
406,morphem,HQ,std_ctrl__tvn_efaar_e1.0_c304,0.38104992525722575,0.042234680893962026,0.01609352199790701,370,85,1480,5529,7009
407,morphem,HQ,std_ctrl__tvn_efaar_e1.0_c304,0.320436453280875,0.04782781264366133,0.015325774651717026,370,82,1480,5785,7265
408,morphem,HQ,std_ctrl__tvn_efaar_e1.0_c304,0.3635865900054178,-0.024282575396231316,-0.008828818784865201,370,78,1480,5433,6913
409,morphem,HQ,std_ctrl__tvn_efaar_e1.0_c304,0.34314500647898954,0.057453766845725146,0.01971497319651871,370,50,1480,5689,7169
410,morphem,HQ,std_ctrl__tvn_efaar_e1.0_c304,0.3736479872629152,0.017115259340366968,0.006395082204010927,370,82,1480,5561,7041
411,morphem,HQ,std_ctrl__tvn_efaar_e1.0_c304,0.3498109558738393,0.001359167209884388,0.0004754515808820369,370,94,1480,5657,7137
412,morphem,HQ,std_ctrl__tvn_efaar_e1.0_c304,0.3552577263722383,0.004120074531608616,0.0014636883105834417,370,64,1480,5753,7233
413,morphem,HQ,std_ctrl__tvn_efaar_e1.0_c304,0.3822471450251593,-0.01092430699274498,-0.004175785159355152,370,74,1480,5721,7201
414,morphem,HQ,std_ctrl__tvn_efaar_e1.0_c304,0.35903839481247524,0.043289494007954135,0.015542590440860118,370,80,1480,5945,7425
415,morphem,HQ,std_ctrl__tvn_efaar_e1.0_c304,0.37733127176441444,0.024793800621425832,0.009355476320355938,370,82,1480,5785,7265
416,morphem,HQ,std_ctrl__tvn_efaar_e1.0_c304,0.38689237935445164,0.07064180552826999,0.02733077622272683,370,64,1480,5701,7181
417,morphem,HQ,std_ctrl__tvn_efaar_e1.0_c304,0.3451292817715176,0.0733733394212748,0.02532328793564235,370,71,1480,5625,7105
418,morphem,HQ,std_ctrl__tvn_efaar_e1.0_c304,0.35482190240452466,0.015129400308190138,0.005368242599591626,370,74,1480,5817,7297
419,morphem,HQ,std_ctrl__tvn_efaar_e1.0_c304,0.3745660364987196,0.1503568163932771,0.056318556776995515,370,60,1480,5625,7105
420,morphem,HQ,std_ctrl__tvn_efaar_e1.0_c304,0.3429450289250204,0.0303327908939096,0.010402479850488424,370,70,1480,5497,6977
421,morphem,HQ,std_ctrl__tvn_efaar_e1.0_c304,0.38442655690731187,0.026837372072570097,0.010316998542298571,370,63,1480,5657,7137
422,morphem,HQ,std_ctrl__tvn_efaar_e1.0_c304,0.37640973608266376,0.01883358757128645,0.007089145727197669,370,64,1480,5721,7201
423,morphem,HQ,std_ctrl__tvn_efaar_e1.0_c304,0.3364600005769221,-0.005011278892958134,-0.0016860948992158111,370,74,1480,5689,7169
424,morphem,HQ,std_ctrl__tvn_efaar_e1.0_c304,0.35606470305376137,0.05224600586623871,0.01860295856450736,370,56,1480,5689,7169
425,morphem,HQ,std_ctrl__tvn_efaar_e1.0_c304,0.3787946975487319,0.020435491348456927,0.007740855764598469,370,66,1480,5721,7201
426,morphem,HQ,std_ctrl__tvn_efaar_e1.0_c304,0.40927831758932,0.056133672221204446,0.022974294926804903,370,46,1480,5625,7105
427,morphem,HQ,std_ctrl__tvn_efaar_e1.0_c304,0.3649696229972149,0.07883391618371421,0.028771984668964218,370,47,1480,5849,7329
428,morphem,HQ,std_ctrl__tvn_efaar_e1.0_c304,0.37297175897960566,-0.010989594512029596,-0.0040988083956243,370,88,1480,5689,7169
429,morphem,HQ,std_ctrl__tvn_efaar_e1.0_c304,0.3829591320487485,0.126782052157945,0.048552344653765775,370,59,1480,5625,7105
430,morphem,HQ,std_ctrl__tvn_efaar_e1.0_c304,0.37832339765957396,0.15970234578310963,0.06041913407087017,370,56,1480,5625,7105
431,morphem,HQ,std_ctrl__tvn_efaar_e1.0_c304,0.3604861503321411,0.05739640265209587,0.020690608234967534,370,78,1480,5817,7297
432,morphem,HQ,std_ctrl__tvn_efaar_e1.0_c304,0.34018328931061403,-0.0006223083874563086,-0.00021169891421047112,370,74,1480,5727,7207
433,morphem,HQ,std_ctrl__tvn_efaar_e1.0_c304,0.3868545598870942,0.011169536485748375,0.004320986121337029,370,51,1480,5657,7137
434,morphem,HQ,std_ctrl__tvn_efaar_e1.0_c304,0.34599560726523526,0.01658828800489463,0.005739474781744135,370,81,1480,5945,7425
435,morphem,HQ,std_ctrl__tvn_efaar_e1.0_c304,0.3519497785143789,0.0194130485988031,0.006832418154637625,370,89,1480,5881,7361
436,morphem,HQ,std_ctrl__tvn_efaar_e1.0_c304,0.3477707207878133,-0.013431833551537707,-0.004671198435720203,370,69,1480,5689,7169
437,morphem,HQ,std_ctrl__tvn_efaar_e1.0_c304,0.36739447044991425,-0.04552792400534993,-0.016726707530629478,370,41,1480,5721,7201
438,morphem,HQ,std_ctrl__tvn_efaar_e1.0_c304,0.36503877323579315,0.03253999121414652,0.011878358473915532,370,77,1480,5753,7233
439,morphem,HQ,std_ctrl__tvn_efaar_e1.0_c304,0.3405803987325641,0.057264874829859855,0.019503293902924046,370,45,1480,5689,7169
440,morphem,HQ,std_ctrl__tvn_efaar_e1.0_c304,0.39133287892329943,0.00924786744037937,0.003618994589344703,370,65,1480,5721,7201
441,morphem,HQ,std_ctrl__tvn_efaar_e1.0_c304,0.36330241157927395,0.02627678136943424,0.009546418040056796,370,74,1480,5657,7137
442,morphem,HQ,std_ctrl__tvn_efaar_e1.0_c304,0.3366314846910087,0.07811490697115267,0.026295937110199147,370,63,1480,5721,7201
443,morphem,HQ,std_ctrl__tvn_efaar_e1.0_c304,0.4053023322102241,0.004628110063355919,0.001875783802403762,370,57,1480,5657,7137
444,morphem,HQ,std_ctrl__tvn_efaar_e1.0_c304,0.3517892782678164,0.015377007187531856,0.0054094662604208575,370,75,1480,5785,7265
445,morphem,HQ,std_ctrl__tvn_efaar_e1.0_c304,0.35075929661075383,-0.004377889539022278,-0.0015355854553470315,370,101,1480,5785,7265
446,morphem,HQ,std_ctrl__tvn_efaar_e1.0_c304,0.3349845017134717,-0.0303984078091143,-0.01018299549281906,370,84,1480,5785,7265
447,morphem,HQ,std_ctrl__tvn_efaar_e1.0_c304,0.37875995442198135,0.12225896958403014,0.04630680174732566,370,73,1480,5561,7041
448,morphem,HQ,std_ctrl__tvn_efaar_e1.0_c304,0.3848741996447542,-0.029929294996736844,-0.01151901345780084,370,66,1480,5529,7009
449,morphem,HQ,std_ctrl__tvn_efaar_e1.0_c304,0.3590472671417793,0.01939456441080064,0.006963565349103183,370,94,1480,5913,7393
450,morphem,HQ,std_ctrl__tvn_efaar_e1.0_c304,0.3753419356224491,-0.01064664117118618,-0.0039961309050706795,370,76,1480,5625,7105
451,morphem,HQ,std_ctrl__tvn_efaar_e1.0_c304,0.3403994969666383,0.08211876708167597,0.027953187006123034,370,69,1480,5657,7137
452,morphem,HQ,std_ctrl__tvn_efaar_e1.0_c304,0.34108475313888115,0.008306109763890013,0.0028330873983608753,370,67,1480,5817,7297
453,morphem,HQ,std_ctrl__tvn_efaar_e1.0_c304,0.3737735780070156,0.08655841247407854,0.032353247537043425,370,77,1480,5753,7233
454,morphem,HQ,std_ctrl__tvn_efaar_e1.0_c304,0.36194241735710453,0.03468148182112123,0.012552699367863093,370,66,1480,5689,7169
455,morphem,HQ,std_ctrl__tvn_efaar_e1.0_c304,0.37168732946670535,0.008754808444755886,0.003254051370823875,370,66,1480,5817,7297
456,morphem,HQ,std_ctrl__tvn_efaar_e1.0_c304,0.3595928849891796,0.023807837499142233,0.00856112897167013,370,87,1480,5881,7361
457,morphem,HQ,std_ctrl__tvn_efaar_e1.0_c304,0.3452911139867006,0.029703291444015234,0.010256282591775653,370,74,1480,5625,7105
458,morphem,HQ,std_ctrl__tvn_efaar_e1.0_c304,0.328195754866329,-0.011676383652124181,-0.0038321395468177595,370,124,1480,5465,6945
459,morphem,HQ,std_ctrl__tvn_efaar_e1.0_c304,0.36620393608222396,0.010400197609252875,0.0038085933005413382,370,84,1480,5689,7169
460,morphem,HQ,std_ctrl__tvn_efaar_e1.0_c304,0.33778877375342103,0.03375553585147198,0.011402241062658362,370,75,1480,5657,7137
461,morphem,HQ,std_ctrl__tvn_efaar_e1.0_c304,0.3716663883451963,0.01686305890206211,0.006267432198581735,370,64,1480,5529,7009
462,morphem,HQ,std_ctrl__tvn_efaar_e1.0_c304,0.3758872620449753,0.12567791509482545,0.047240727404514814,370,86,1480,5785,7265
463,morphem,HQ,std_ctrl__tvn_efaar_e1.0_c304,0.36190121988744134,0.12509767715734413,0.04527300196832815,370,56,1480,5689,7169
464,morphem,HQ,std_ctrl__tvn_efaar_e1.0_c304,0.39237151849856533,0.012878171813051531,0.005053027829772451,370,51,1480,5561,7041
465,morphem,HQ,std_ctrl__tvn_efaar_e1.0_c304,0.37170904629788326,0.06340531354212806,0.023568328626962683,370,70,1480,5721,7201
466,morphem,HQ,std_ctrl__tvn_efaar_e1.0_c304,0.3520412011257623,0.11253066545304445,0.0396154306295711,370,88,1480,5657,7137
467,morphem,HQ,std_ctrl__tvn_efaar_e1.0_c304,0.3582314473858927,0.012752347579116254,0.0045682919308348,370,95,1480,5785,7265
468,morphem,HQ,std_ctrl__tvn_efaar_e1.0_c304,0.3348190839008173,0.01081325862070997,0.0036204853453687276,370,73,1480,5657,7137
469,morphem,HQ,std_ctrl__tvn_efaar_e1.0_c304,0.3675296455758219,0.08431765058573994,0.030989236235562993,370,68,1480,5817,7297
470,morphem,HQ,std_ctrl__tvn_efaar_e1.0_c304,0.3414006598178945,0.0651957937237218,0.022257886994629973,370,79,1480,5561,7041
471,morphem,HQ,std_ctrl__tvn_efaar_e1.0_c304,0.34194119669196843,0.027888775036896803,0.009536321110389588,370,72,1480,5881,7361
472,morphem,HQ,std_ctrl__tvn_efaar_e1.0_c304,0.3610964773309915,0.033836283532555474,0.012218162789578418,370,100,1480,5753,7233
473,morphem,HQ,std_ctrl__tvn_efaar_e1.0_c304,0.3248918436567944,0.08356673785631824,0.02715015153052327,370,82,1480,5721,7201
474,morphem,HQ,std_ctrl__tvn_efaar_e1.0_c304,0.3647817854777431,0.027092056740011028,0.009882688829885546,370,65,1480,5881,7361
475,morphem,HQ,std_ctrl__tvn_efaar_e1.0_c304,0.3454135476101313,0.02885617664469414,0.009967314345308419,370,90,1480,5337,6817
476,morphem,HQ,std_ctrl__tvn_efaar_e1.0_c304,0.33465229769357563,0.0326110199915522,0.010913352770304073,370,95,1480,5657,7137
477,morphem,HQ,std_ctrl__tvn_efaar_e1.0_c304,0.34405581626882,0.018232304347641587,0.006272930354789381,370,80,1480,5660,7140
478,morphem,HQ,std_ctrl__tvn_efaar_e1.0_c304,0.3493841714709781,0.04088645782853042,0.014285081192804187,370,50,1480,5817,7297
479,morphem,HQ,std_ctrl__tvn_efaar_e1.0_c304,0.3832958145449004,0.030367644237806808,0.011639790933939912,370,53,1480,5753,7233
480,morphem,HQ,std_ctrl__tvn_efaar_e1.0_c304,0.36530479431423046,0.04847377774539731,0.017707703408916087,370,63,1480,5721,7201
481,morphem,HQ,std_ctrl__tvn_efaar_e1.0_c304,0.36726046727317707,0.025534084720799634,0.009377659885953765,370,83,1480,5689,7169
482,morphem,HQ,std_ctrl__tvn_efaar_e1.0_c304,0.3705443012667784,0.007968964591991394,0.0029528544165591487,370,68,1480,5785,7265
483,morphem,HQ,std_ctrl__tvn_efaar_e1.0_c304,0.3828445311830343,0.06509018926323257,0.024919422993097243,370,61,1480,5753,7233
484,morphem,HQ,std_ctrl__tvn_efaar_e1.0_c304,0.385780550828583,0.07234410862332405,0.02790895007390879,370,49,1480,5561,7041
485,morphem,HQ,std_ctrl__tvn_efaar_e1.0_c304,0.3487791803736017,0.02028858914631995,0.007076237493390224,370,75,1480,5433,6913
486,morphem,HQ,std_ctrl__tvn_efaar_e1.0_c304,0.37531724600131056,0.02691441082704172,0.010101442549353154,370,84,1480,5657,7137
487,morphem,HQ,std_ctrl__tvn_efaar_e1.0_c304,0.3405035335951242,-0.0007271786890397147,-0.00024760691317309285,370,40,1480,5529,7009
488,morphem,HQ,std_ctrl__tvn_efaar_e1.0_c304,0.3385623175480847,0.045115925418857054,0.015274552268134787,370,77,1480,5625,7105
489,morphem,HQ,std_ctrl__tvn_efaar_e1.0_c304,0.3927272660365622,0.09509232492176434,0.037345348787584956,370,57,1480,5849,7329
490,morphem,HQ,std_ctrl__tvn_efaar_e1.0_c304,0.40510261356370786,0.015499249289110627,0.0062787863952941565,370,68,1480,5913,7393
491,morphem,HQ,std_ctrl__tvn_efaar_e1.0_c304,0.3699935176020129,-0.012126090605128427,-0.004486574917752188,370,75,1480,5913,7393
492,morphem,HQ,std_ctrl__tvn_efaar_e1.0_c304,0.34424693254185795,0.0251560327414642,0.008659887106171597,370,85,1480,5561,7041
493,morphem,HQ,std_ctrl__tvn_efaar_e1.0_c304,0.3554452355149662,-0.07182906440807925,-0.025531298715349406,370,112,1480,5529,7009
494,morphem,HQ,std_ctrl__tvn_efaar_e1.0_c304,0.3727703377477979,0.0033638191095212927,0.001253931985578749,370,68,1480,5689,7169
495,morphem,HQ,std_ctrl__tvn_efaar_e1.0_c304,0.38739848494661505,0.02769064389780337,0.010727313493205257,370,65,1480,5369,6849
496,morphem,HQ,std_ctrl__tvn_efaar_e1.0_c304,0.3710303549091884,0.046360734082507,0.017201239620483078,370,81,1480,5657,7137
497,morphem,HQ,std_ctrl__tvn_efaar_e1.0_c304,0.35276612582369227,0.04423011173067209,0.015602885159978238,370,98,1480,5753,7233
498,morphem,HQ,std_ctrl__tvn_efaar_e1.0_c304,0.3758856787633203,0.00460849871503657,0.0017322686675814104,370,84,1480,5945,7425
499,morphem,HQ,std_ctrl__tvn_efaar_e1.0_c304,0.38160224193097664,0.010592903981317561,0.00404227590783035,370,65,1480,5817,7297
500,morphem,HQ,std_ctrl__tvn_efaar_e1.0_c304,0.37350051318957495,-0.050672014573638305,-0.018926023447603527,370,72,1480,5753,7233
501,morphem,HQ,std_ctrl__tvn_efaar_e1.0_c304,0.36538643463702297,0.00850309701149995,0.003106916300404692,370,83,1480,5593,7073
502,morphem,HQ,std_ctrl__tvn_efaar_e1.0_c304,0.36402664412703295,0.0001440770101840591,5.244787051315939e-05,370,84,1480,5817,7297
503,morphem,HQ,std_ctrl__tvn_efaar_e1.0_c304,0.3608368782765144,-0.008664046542295911,-0.0031263075075644853,370,83,1480,5785,7265
504,morphem,HQ,std_ctrl__tvn_efaar_e1.0_c304,0.367914329706286,-0.00800876660479848,-0.0029465399971785205,370,71,1480,5721,7201
505,morphem,HQ,std_ctrl__tvn_efaar_e1.0_c304,0.3448679947881985,-0.016876087792056866,-0.005820022556716248,370,62,1480,5625,7105
506,morphem,HQ,std_ctrl__tvn_efaar_e1.0_c304,0.36892899864171075,0.04048278435487908,0.014935273094273853,370,88,1480,5657,7137
507,morphem,HQ,std_ctrl__tvn_efaar_e1.0_c304,0.37802468178035326,-0.003570618430739751,-0.0013497818960394588,370,83,1480,5657,7137
508,morphem,HQ,std_ctrl__tvn_efaar_e1.0_c304,0.35338203075093627,-0.001276765995049738,-0.00045118616012441624,370,81,1480,5881,7361
509,morphem,HQ,std_ctrl__tvn_efaar_e1.0_c304,0.384419868460489,0.04649727600283042,0.017874476724779122,370,61,1480,5593,7073
510,morphem,HQ,std_ctrl__tvn_efaar_e1.0_c304,0.3481688876827767,0.04023822906069646,0.014009699454387467,370,79,1480,5433,6913
511,morphem,HQ,std_ctrl__tvn_efaar_e1.0_c304,0.35999129738039365,-0.04672209998776819,-0.016819549390933147,370,73,1480,5593,7073
512,morphem,HQ,std_ctrl__tvn_efaar_e1.0_c304,0.3764374673713084,0.05993098872650072,0.022560269613262365,370,71,1480,5753,7233
513,morphem,HQ,std_ctrl__tvn_efaar_e1.0_c304,0.38053875762722067,0.005680839254939122,0.0021617795123544795,370,73,1480,5497,6977
514,morphem,HQ,std_ctrl__tvn_efaar_e1.0_c304,0.3708999674798084,0.10610773634178881,0.03935535595852556,370,61,1480,5945,7425
515,morphem,HQ,std_ctrl__tvn_efaar_e1.0_c304,0.4072347654624179,0.03035613881524591,0.012362075070771267,370,61,1480,5497,6977
516,morphem,HQ,std_ctrl__tvn_efaar_e1.0_c304,0.3723099457691365,0.028405687499101582,0.010575719972325549,370,47,1480,5657,7137
517,morphem,HQ,std_ctrl__tvn_efaar_e1.0_c304,0.35387048245128344,0.027128168376823646,0.009599858031526234,370,82,1480,5753,7233
518,morphem,HQ,std_ctrl__tvn_efaar_e1.0_c304,0.37832305226780405,0.0488820936986748,0.01849322288932344,370,72,1480,5785,7265
519,morphem,HQ,std_ctrl__tvn_efaar_e1.0_c304,0.3621818634669888,0.027812592338811285,0.010073216521118367,370,86,1480,5881,7361
520,morphem,HQ,std_ctrl__tvn_efaar_e1.0_c304,0.33439067046896725,0.03540291553197878,0.0118384046612946,370,75,1480,5753,7233
521,morphem,HQ,std_ctrl__tvn_efaar_e1.0_c304,0.3596490210173541,-0.005631374732248502,-0.0020253184094350383,370,66,1480,5849,7329
522,morphem,HQ,std_ctrl__tvn_efaar_e1.0_c304,0.36190308000631194,0.04891086815082311,0.017700993829565508,370,87,1480,5529,7009
523,morphem,HQ,std_ctrl__tvn_efaar_e1.0_c304,0.3827578289563189,0.02311645141685287,0.008848002757488826,370,63,1480,5433,6913
524,morphem,HQ,std_ctrl__tvn_efaar_e1.0_c304,0.3563984832364489,0.031212070229699414,0.011123934488534392,370,84,1480,5817,7297
525,morphem,HQ,std_ctrl__tvn_efaar_e1.0_c304,0.39234286265645385,-0.006295004053405194,-0.0024697999107469743,370,69,1480,5657,7137
526,morphem,HQ,std_ctrl__tvn_efaar_e1.0_c304,0.3727655076443851,0.005119686437303737,0.0019084425137816008,370,55,1480,5913,7393
527,morphem,HQ,std_ctrl__tvn_efaar_e1.0_c304,0.3634170615954376,0.00824867246267741,0.002997708308449426,370,51,1480,5721,7201
528,morphem,HQ,std_ctrl__tvn_efaar_e1.0_c304,0.3438026695912397,-0.015821925289390925,-0.005439620152565747,370,88,1480,5913,7393
529,morphem,HQ,std_ctrl__tvn_efaar_e1.0_c304,0.3548408667775427,0.09465428424638508,0.033587208266195184,370,56,1480,5401,6881
530,morphem,HQ,std_ctrl__tvn_efaar_e1.0_c304,0.3871691377150411,0.009270020748760812,0.003589065939898263,370,80,1480,5657,7137
531,morphem,HQ,std_ctrl__tvn_efaar_e1.0_c304,0.3692233468711541,0.07166474702425088,0.026460297748968492,370,64,1480,5689,7169
532,morphem,HQ,std_ctrl__tvn_efaar_e1.0_c304,0.3817709503664312,0.0421369722371863,0.016086671936554543,370,61,1480,5657,7137
533,morphem,HQ,std_ctrl__tvn_efaar_e1.0_c304,0.36117055648882046,0.049869648556263725,0.01801144872096767,370,61,1480,5689,7169
534,morphem,HQ,std_ctrl__tvn_efaar_e1.0_c304,0.3647265047796835,0.04463713763869135,0.01628034719432955,370,74,1480,5689,7169
535,morphem,HQ,std_ctrl__tvn_efaar_e1.0_c304,0.33478659709173014,0.0028545275773370384,0.0009556575739211676,370,89,1480,5433,6913
536,morphem,HQ,std_ctrl__tvn_efaar_e1.0_c304,0.35291230658371425,0.05496989433277503,0.01939955220164268,370,90,1480,5593,7073
537,morphem,HQ,std_ctrl__tvn_efaar_e1.0_c304,0.35398991237765265,-0.007323644713835976,-0.002592496350535856,370,96,1480,5785,7265
538,morphem,HQ,std_ctrl__tvn_efaar_e1.0_c304,0.3627361457341883,-0.0021408813649904522,-0.0007765750548107845,370,92,1480,5561,7041
539,morphem,HQ,std_ctrl__tvn_efaar_e1.0_c304,0.39058535273149075,0.010577932770201158,0.004131585602219014,370,68,1480,5721,7201
540,morphem,HQ,std_ctrl__tvn_efaar_e1.0_c304,0.36271701157305425,0.030496633099650533,0.011061647620945131,370,53,1480,5785,7265
541,morphem,HQ,std_ctrl__tvn_efaar_e1.0_c304,0.366061595715384,-0.013995783084040153,-0.005123318689030117,370,63,1480,5849,7329
542,morphem,HQ,std_ctrl__tvn_efaar_e1.0_c304,0.34475123104605904,0.044579982010792,0.01536900367823171,370,72,1480,5593,7073
543,morphem,HQ,std_ctrl__tvn_efaar_e1.0_c304,0.3331735462722254,0.019212266881778094,0.006401019088930437,370,64,1480,5433,6913
544,morphem,HQ,std_ctrl__tvn_efaar_e1.0_c304,0.35066339339600244,0.017012962260503493,0.005965823077986279,370,50,1480,5817,7297
545,morphem,HQ,std_ctrl__tvn_efaar_e1.0_c304,0.3737348990369003,0.004339329111655287,0.0016217587274323711,370,53,1480,5753,7233
546,morphem,HQ,std_ctrl__tvn_efaar_e1.0_c304,0.342327256170847,0.04449738717421684,0.015232668458121492,370,85,1480,5785,7265
547,morphem,HQ,std_ctrl__tvn_efaar_e1.0_c304,0.4019173578137202,0.02682909944203424,0.010783080760263956,370,79,1480,5785,7265
548,morphem,HQ,std_ctrl__tvn_efaar_e1.0_c304,0.3511223603378467,-0.00788589597444539,-0.002768914407925989,370,84,1480,5786,7266
549,morphem,HQ,std_ctrl__tvn_efaar_e1.0_c304,0.3277444230909952,0.09377350089918039,0.0307337419534248,370,82,1480,5881,7361
550,morphem,HQ,std_ctrl__tvn_efaar_e1.0_c304,0.36675851449364405,0.011905192160958776,0.004366330591714616,370,77,1480,5561,7041
551,morphem,HQ,std_ctrl__tvn_efaar_e1.0_c304,0.35349969120213914,0.021025925343456618,0.007432658116151146,370,56,1480,5529,7009
552,morphem,HQ,std_ctrl__tvn_efaar_e1.0_c304,0.37987280676362395,0.0810528161855544,0.03078976078050264,370,78,1480,5785,7265
553,morphem,HQ,std_ctrl__tvn_efaar_e1.0_c304,0.36580733413862043,0.00752546566600607,0.0027528705334333983,370,89,1480,5753,7233
554,morphem,HQ,std_ctrl__tvn_efaar_e1.0_c304,0.3957429029678418,0.0034671135199008532,0.0013720855692846159,370,47,1480,5657,7137
555,morphem,HQ,std_ctrl__tvn_efaar_e1.0_c304,0.3589593301786193,0.024216468473609275,0.008692727302578437,370,53,1480,5593,7073
556,morphem,HQ,std_ctrl__tvn_efaar_e1.0_c304,0.36714599390586483,-0.0072505798785165365,-0.0026620213558918183,370,71,1480,5561,7041
557,morphem,HQ,std_ctrl__tvn_efaar_e1.0_c304,0.36063304273842484,0.10755696992641454,0.03878859733228813,370,60,1480,5465,6945
558,morphem,HQ,std_ctrl__tvn_efaar_e1.0_c304,0.3826605342076686,0.011586626267803945,0.0044337445973024634,370,90,1480,5785,7265
559,morphem,HQ,std_ctrl__tvn_efaar_e1.0_c304,0.37378937359984776,0.0200496517530826,0.007494346769679835,370,79,1480,5753,7233
560,morphem,HQ,std_ctrl__tvn_efaar_e1.0_c304,0.38765657120774777,-0.019727289185840474,-0.0076474132850066,370,56,1480,5785,7265
561,morphem,HQ,std_ctrl__tvn_efaar_e1.0_c304,0.3460233747572628,0.020598431170774333,0.0071275386684165306,370,78,1480,5465,6945
562,morphem,HQ,std_ctrl__tvn_efaar_e1.0_c304,0.37491340791985533,0.05484605880150882,0.02056252281624645,370,67,1480,5785,7265
563,morphem,HQ,std_ctrl__tvn_efaar_e1.0_c304,0.38546700954457497,0.048847030575915766,0.01882891880123067,370,87,1480,5913,7393
564,morphem,HQ,std_ctrl__tvn_efaar_e1.0_c304,0.33393301143412923,0.014612856633640037,0.0048797152213266096,370,75,1480,5657,7137
565,morphem,HQ,std_ctrl__tvn_efaar_e1.0_c304,0.2956605048805315,-0.0521870019730601,-0.015429635351556245,370,78,1480,5625,7105
566,morphem,HQ,std_ctrl__tvn_efaar_e1.0_c304,0.3723742897699293,0.015112168148044659,0.005627382881011877,370,75,1480,5721,7201
567,morphem,HQ,std_ctrl__tvn_efaar_e1.0_c304,0.34827383907445747,-0.00591443183945067,-0.00205984188266969,370,66,1480,5657,7137
568,morphem,HQ,std_ctrl__tvn_efaar_e1.0_c304,0.34689764800256817,0.03121338422841142,0.010827849575036377,370,74,1480,5849,7329
569,morphem,HQ,std_ctrl__tvn_efaar_e1.0_c304,0.34978191366500705,0.0029896200888778163,0.0010457150358190311,370,104,1480,5881,7361
570,morphem,HQ,std_ctrl__tvn_efaar_e1.0_c304,0.3612014384450608,0.004661645765901377,0.0016837931561649046,370,68,1480,5433,6913
571,morphem,HQ,std_ctrl__tvn_efaar_e1.0_c304,0.3677903754683068,0.12059572728554392,0.04435394781822373,370,88,1480,5657,7137
572,morphem,HQ,std_ctrl__tvn_efaar_e1.0_c304,0.3685841347832159,0.06537093408757384,0.024094689180639037,370,55,1480,5817,7297
573,morphem,HQ,std_ctrl__tvn_efaar_e1.0_c304,0.3670808309884637,0.022272259287905723,0.008175719447394963,370,52,1480,5753,7233
574,morphem,HQ,std_ctrl__tvn_efaar_e1.0_c304,0.3651603474799561,-0.004255306256918689,-0.0015538691114100598,370,72,1480,5657,7137
575,morphem,HQ,std_ctrl__tvn_efaar_e1.0_c304,0.3332293947770877,-0.007258143785131463,-0.002418626860724438,370,74,1480,5881,7361
576,morphem,HQ,std_ctrl__tvn_efaar_e1.0_c304,0.3586706182428224,0.04067613299891824,0.014589333770449275,370,119,1480,5721,7201
577,morphem,HQ,std_ctrl__tvn_efaar_e1.0_c304,0.40535907632255874,0.03767384113772349,0.01527143344511041,370,52,1480,5657,7137
578,morphem,HQ,std_ctrl__tvn_efaar_e1.0_c304,0.3482129055677268,0.022863799624466313,0.007961470099553716,370,57,1480,5785,7265
579,morphem,HQ,std_ctrl__tvn_efaar_e1.0_c304,0.343954895004546,0.015625122690113666,0.005374337434311195,370,79,1480,5497,6977
580,morphem,HQ,std_ctrl__tvn_efaar_e1.0_c304,0.3666611535623775,0.024681136763379286,0.009049614076891453,370,53,1480,5657,7137
581,morphem,HQ,std_ctrl__tvn_efaar_e1.0_c304,0.36772451777399945,0.02778815283338225,0.010218385100485684,370,76,1480,5753,7233
582,morphem,HQ,std_ctrl__tvn_efaar_e1.0_c304,0.39608181286918365,0.126079007822541,0.04993760198310002,370,63,1480,5913,7393
583,morphem,HQ,std_ctrl__tvn_efaar_e1.0_c304,0.3466810376479161,0.03191978074284278,0.011065982709422705,370,49,1480,5721,7201
584,morphem,HQ,std_ctrl__tvn_efaar_e1.0_c304,0.37113181229006126,0.03314199560499713,0.01230004889179183,370,86,1480,5945,7425
585,morphem,HQ,std_ctrl__tvn_efaar_e1.0_c304,0.38653168006796884,0.10552570649569919,0.04078902862214198,370,59,1480,5785,7265
586,morphem,HQ,std_ctrl__tvn_efaar_e1.0_c304,0.3717023924426279,0.05572707756728155,0.020713888055594452,370,57,1480,5721,7201
587,morphem,HQ,std_ctrl__tvn_efaar_e1.0_c304,0.3806257457926741,0.0372731604735098,0.01418712450327969,370,76,1480,5785,7265
588,morphem,HQ,std_ctrl__tvn_efaar_e1.0_c304,0.3476367636289674,0.08212016967813375,0.028547990015568077,370,96,1480,5817,7297
589,morphem,HQ,std_ctrl__tvn_efaar_e1.0_c304,0.3657337017824973,0.04848640059908503,0.017733110777212464,370,67,1480,5849,7329
590,morphem,HQ,std_ctrl__tvn_efaar_e1.0_c304,0.3812534048166692,0.0010304686116011596,0.00039286966672964795,370,80,1480,5849,7329
591,morphem,HQ,std_ctrl__tvn_efaar_e1.0_c304,0.36387082675084864,0.03214772023309642,0.01169761753937178,370,85,1480,5785,7265
592,morphem,HQ,std_ctrl__tvn_efaar_e1.0_c304,0.3499225120765445,-0.009725144032430336,-0.003403046830134239,370,56,1480,5817,7297
593,morphem,HQ,std_ctrl__tvn_efaar_e1.0_c304,0.3550307775004715,0.024026868085891728,0.008530277657435406,370,50,1480,5689,7169
594,morphem,HQ,std_ctrl__tvn_efaar_e1.0_c304,0.3543754146917143,0.03305131965519876,0.011712575108919468,370,75,1480,5657,7137
595,morphem,HQ,std_ctrl__tvn_efaar_e1.0_c304,0.3991203363563545,0.006993752266035844,0.0027913487568132426,370,51,1480,5721,7201
596,morphem,HQ,std_ctrl__tvn_efaar_e1.0_c304,0.36702927460690066,0.10925696473668971,0.04010050451305895,370,66,1480,5785,7265
597,morphem,HQ,std_ctrl__tvn_efaar_e1.0_c304,0.36675027355118844,0.09836333898868185,0.03607478148150735,370,89,1480,5625,7105
598,morphem,HQ,std_ctrl__tvn_efaar_e1.0_c304,0.34527975314989034,0.06463209432270546,0.02231615357330417,370,48,1480,5913,7393
599,morphem,HQ,std_ctrl__tvn_efaar_e1.0_c304,0.37290959987612365,0.07250732555172329,0.027038677759580968,370,63,1480,5721,7201
600,morphem,HQ,std_ctrl__tvn_efaar_e1.0_c304,0.36742281295228385,0.0060431414391289885,0.0022203880266332856,370,77,1480,5849,7329
601,morphem,HQ,std_ctrl__tvn_efaar_e1.0_c304,0.3758611154585112,0.09253180050640217,0.03477910575372075,370,45,1480,5785,7265
602,morphem,HQ,std_ctrl__tvn_efaar_e1.0_c304,0.37011157348323875,0.14540344746451017,0.0538154987309773,370,95,1480,5721,7201
603,morphem,HQ,std_ctrl__tvn_efaar_e1.0_c304,0.39239744830778905,0.05517443121544706,0.02165030602077505,370,60,1480,5625,7105
604,morphem,HQ,std_ctrl__tvn_efaar_e1.0_c304,0.34861165904611463,0.013294077808503465,0.004634470520310529,370,66,1480,5369,6849
605,morphem,HQ,std_ctrl__tvn_efaar_e1.0_c304,0.38036001057084523,0.05770522982139456,0.02194876182485869,370,44,1480,5689,7169
606,morphem,HQ,std_ctrl__tvn_efaar_e1.0_c304,0.3949259444691763,0.003454143601477956,0.001364130924145844,370,92,1480,5561,7041
607,morphem,HQ,std_ctrl__tvn_efaar_e1.0_c304,0.36282734216722323,0.0061379386511686935,0.0022270119671890082,370,96,1480,5721,7201
608,morphem,HQ,std_ctrl__tvn_efaar_e1.0_c304,0.3527785932250662,0.09795247801786539,0.034555537398051776,370,103,1480,5689,7169
609,morphem,HQ,std_ctrl__tvn_efaar_e1.0_c304,0.3495301219956421,-0.016410981143261515,-0.00573613224107238,370,57,1480,5663,7143
610,morphem,HQ,std_ctrl__tvn_efaar_e1.0_c304,0.30963398190615815,0.015451962525934088,0.004784452685169709,370,49,1480,5753,7233
611,morphem,HQ,std_ctrl__tvn_efaar_e1.0_c304,0.3723223147616247,0.024042020179731702,0.008951380604863399,370,66,1480,5561,7041
612,morphem,HQ,std_ctrl__tvn_efaar_e1.0_c304,0.3811679458551875,0.06755924358705243,0.02575141810160702,370,61,1480,5529,7009
613,morphem,HQ,std_ctrl__tvn_efaar_e1.0_c304,0.3871787590575704,0.055351391745981034,0.02143088316831838,370,69,1480,5721,7201
614,morphem,HQ,std_ctrl__tvn_efaar_e1.0_c304,0.35985921305168944,0.045074017122034266,0.016220300330613627,370,84,1480,5593,7073
615,morphem,HQ,std_ctrl__tvn_efaar_e1.0_c304,0.3708257088079661,0.036124928716579977,0.013396052296963019,370,56,1480,5689,7169
616,morphem,HQ,std_ctrl__tvn_efaar_e1.0_c304,0.3614736781898302,-0.007484145177254857,-0.002705321485328992,370,68,1480,5625,7105
617,morphem,HQ,std_ctrl__tvn_efaar_e1.0_c304,0.3335630073823282,0.016810825037652095,0.005607469356137373,370,82,1480,5849,7329
618,morphem,HQ,std_ctrl__tvn_efaar_e1.0_c304,0.3753384045891389,0.10243167855613432,0.03844654280864697,370,63,1480,5823,7303
619,morphem,HQ,std_ctrl__tvn_efaar_e1.0_c304,0.39364012045055036,0.08122848659668769,0.031974791247936056,370,58,1480,5593,7073
620,morphem,HQ,std_ctrl__tvn_efaar_e1.0_c304,0.3500070529559617,0.04771482990512099,0.01670052699738639,370,71,1480,5657,7137
621,morphem,HQ,std_ctrl__tvn_efaar_e1.0_c304,0.37328840647662165,0.1083327685767689,0.0404393665512227,370,67,1480,5561,7041
622,morphem,HQ,std_ctrl__tvn_efaar_e1.0_c304,0.38476500890436016,0.06960182665901736,0.026780347454216546,370,68,1480,5657,7137
623,morphem,HQ,std_ctrl__tvn_efaar_e1.0_c304,0.3501285108986045,0.005836148020066809,0.0020434018156498305,370,96,1480,5753,7233
624,morphem,HQ,std_ctrl__tvn_efaar_e1.0_c304,0.3399547215643837,0.03762617550256116,0.012791196016505814,370,86,1480,5593,7073
625,morphem,HQ,std_ctrl__tvn_efaar_e1.0_c304,0.4134925400916009,-0.0004936176390454132,-0.0002041072114029069,370,43,1480,5433,6913
626,morphem,HQ,std_ctrl__tvn_efaar_e1.0_c304,0.38137299593165347,0.04630890602254856,0.017660966228136735,370,80,1480,5881,7361
627,morphem,HQ,std_ctrl__tvn_efaar_e1.0_c304,0.3841256709191548,0.0446833260008595,0.01716401257897947,370,83,1480,5657,7137
628,morphem,HQ,std_ctrl__tvn_efaar_e1.0_c304,0.372708821961454,-0.0010948805535079805,-0.00040807164128646407,370,69,1480,5753,7233
629,morphem,HQ,std_ctrl__tvn_efaar_e1.0_c304,0.3482956685304573,0.07146132606188085,0.024889670334795784,370,61,1480,5529,7009
630,morphem,HQ,std_ctrl__tvn_efaar_e1.0_c304,0.35606608602717205,0.01877985455238979,0.0066868693066290015,370,72,1480,5593,7073
631,morphem,HQ,std_ctrl__tvn_efaar_e1.0_c304,0.3024661635145763,0.08729636161751989,0.02640419558723235,370,75,1480,5561,7041
632,morphem,HQ,std_ctrl__tvn_efaar_e1.0_c304,0.3906643084169816,0.00755486049066062,0.0029514143487707092,370,74,1480,5657,7137
633,morphem,HQ,std_ctrl__tvn_efaar_e1.0_c304,0.35472942447036354,0.03534931242115777,0.012539441250580369,370,75,1480,5625,7105
634,morphem,HQ,std_ctrl__tvn_efaar_e1.0_c304,0.36211507867482046,-0.0073323940222094815,-0.0026551704382271695,370,68,1480,5529,7009
635,morphem,HQ,std_ctrl__tvn_efaar_e1.0_c304,0.36645563750951055,0.08614408245713553,0.031567984654501446,370,80,1480,5657,7137
636,morphem,HQ,std_ctrl__tvn_efaar_e1.0_c304,0.39269740839316336,0.04700129429909081,0.018457286462377324,370,86,1480,5753,7233
637,morphem,HQ,std_ctrl__tvn_efaar_e1.0_c304,0.38430281719163534,0.06984424647898649,0.026841340686501465,370,74,1480,5561,7041
638,morphem,HQ,std_ctrl__tvn_efaar_e1.0_c304,0.3928873494112885,0.013407593138001904,0.005267673729974548,370,94,1480,5721,7201
639,morphem,HQ,std_ctrl__tvn_efaar_e1.0_c304,0.3411968522333142,-0.007592156077702401,-0.0025904197553760842,370,69,1480,5753,7233
640,morphem,HQ,std_ctrl__tvn_efaar_e1.0_c304,0.3353341324172422,-0.013116011347400248,-0.0043982462859551655,370,99,1480,5689,7169
641,morphem,HQ,std_ctrl__tvn_efaar_e1.0_c304,0.37231505587163,0.042648975398761606,0.0158788556584577,370,74,1480,5849,7329
642,morphem,HQ,std_ctrl__tvn_efaar_e1.0_c304,0.3729439232603403,0.10638066386192632,0.039674022139706305,370,63,1480,5497,6977
643,morphem,HQ,std_ctrl__tvn_efaar_e1.0_c304,0.3676964242275688,0.0010896412839281591,0.00040065720379112114,370,68,1480,5625,7105
644,morphem,HQ,std_ctrl__tvn_efaar_e1.0_c304,0.33226451071396435,0.0860008101850855,0.028575017117151956,370,74,1480,5753,7233
645,morphem,HQ,std_ctrl__tvn_efaar_e1.0_c304,0.3316236811618009,0.015096304341423587,0.005006292017641766,370,88,1480,5721,7201
646,morphem,HQ,std_ctrl__tvn_efaar_e1.0_c304,0.3528530634531547,0.0823636617512938,0.02906227036616344,370,50,1480,5817,7297
647,morphem,HQ,std_ctrl__tvn_efaar_e1.0_c304,0.4028941264458322,0.045509273959889976,0.018335419177253932,370,81,1480,5625,7105
648,morphem,HQ,std_ctrl__tvn_efaar_e1.0_c304,0.3615469612323896,0.08211029879369146,0.02968672901474269,370,74,1480,5593,7073
649,morphem,HQ,std_ctrl__tvn_efaar_e1.0_c304,0.35993092878494365,0.06254152769336653,0.02251063015030269,370,83,1480,5785,7265
650,morphem,HQ,std_ctrl__tvn_efaar_e1.0_c304,0.3471752620801607,0.02730004618327385,0.00947790068847859,370,74,1480,5721,7201
651,morphem,HQ,std_ctrl__tvn_efaar_e1.0_c304,0.36944831902534236,0.019332629297228374,0.007142407396201109,370,104,1480,5881,7361
652,morphem,HQ,std_ctrl__tvn_efaar_e1.0_c304,0.3223824579662099,0.007172113018893227,0.0023121634238422524,370,82,1480,5497,6977
653,morphem,HQ,std_ctrl__tvn_efaar_e1.0_c304,0.3686255884790426,0.04785913872595244,0.017642103176954353,370,55,1480,5401,6881
654,morphem,HQ,std_ctrl__tvn_efaar_e1.0_c304,0.39215008061595213,0.018546240862273078,0.007272909849263253,370,72,1480,5785,7265
655,morphem,HQ,std_ctrl__tvn_efaar_e1.0_c304,0.3713625586064922,-0.02387199413634282,-0.00886516482151145,370,77,1480,5657,7137
656,morphem,HQ,std_ctrl__tvn_efaar_e1.0_c304,0.3898712816432681,0.023154923479881597,0.00902743969345324,370,56,1480,5625,7105
657,morphem,HQ,std_ctrl__tvn_efaar_e1.0_c304,0.3582862013396996,-0.06688235363197574,-0.023963024419459047,370,82,1480,5401,6881
658,morphem,HQ,std_ctrl__tvn_efaar_e1.0_c304,0.3757865276578073,0.022553545068330304,0.008475318387601708,370,67,1480,5657,7137
659,morphem,HQ,std_ctrl__tvn_efaar_e1.0_c304,0.35938157050893965,0.08960095154527647,0.03220093068543686,370,61,1480,5561,7041
660,morphem,HQ,std_ctrl__tvn_efaar_e1.0_c304,0.3264604215642868,0.03050675506789304,0.009959248120022803,370,82,1480,5785,7265
661,morphem,HQ,std_ctrl__tvn_efaar_e1.0_c304,0.3367959278968126,0.020766378284398906,0.006994031643350349,370,73,1480,5689,7169
662,morphem,HQ,std_ctrl__tvn_efaar_e1.0_c304,0.3771923389598663,0.01880753951578145,0.007094059820037717,370,71,1480,5628,7108
663,morphem,HQ,std_ctrl__tvn_efaar_e1.0_c304,0.33324848489785525,0.09863481160949487,0.03286990152704955,370,90,1480,5721,7201
664,morphem,HQ,std_ctrl__tvn_efaar_e1.0_c304,0.37139221648395704,0.05596813016650536,0.020786127915001045,370,61,1480,5593,7073
665,morphem,HQ,std_ctrl__tvn_efaar_e1.0_c304,0.36587096489071724,0.006575378944511579,0.0024057402389505572,370,66,1480,5785,7265
666,morphem,HQ,std_ctrl__tvn_efaar_e1.0_c304,0.42105711554234104,0.18366976421593517,0.07733546113310355,370,64,1480,5657,7137
667,morphem,HQ,std_ctrl__tvn_efaar_e1.0_c304,0.3664138696641597,0.026172028500783758,0.009589794239932852,370,75,1480,5753,7233
668,morphem,HQ,std_ctrl__tvn_efaar_e1.0_c304,0.35604719382773214,0.00896861273160748,0.003193249395616515,370,76,1480,5625,7105
669,morphem,HQ,std_ctrl__tvn_efaar_e1.0_c304,0.39820135828604025,0.13288291236080224,0.0529141561950763,370,62,1480,5753,7233
670,morphem,HQ,std_ctrl__tvn_efaar_e1.0_c304,0.3513329478397735,0.022837845130743703,0.008023687452092402,370,65,1480,5721,7201
671,morphem,HQ,std_ctrl__tvn_efaar_e1.0_c304,0.35772112999006,0.06653357575766582,0.02380046590231148,370,81,1480,5817,7297
672,morphem,HQ,std_ctrl__tvn_efaar_e1.0_c304,0.3630422916279333,0.08985956025609736,0.03262282068005194,370,71,1480,5625,7105
673,morphem,HQ,std_ctrl__tvn_efaar_e1.0_c304,0.4092940648953591,0.1859489401733495,0.07610779758653416,370,46,1480,5657,7137
674,morphem,HQ,std_ctrl__tvn_efaar_e1.0_c304,0.3365566168222875,0.00643622383574017,0.002166153719267678,370,67,1480,5753,7233
675,morphem,HQ,std_ctrl__tvn_efaar_e1.0_c304,0.3896378970194747,0.116057656245809,0.04522046111262612,370,76,1480,5497,6977
676,morphem,HQ,std_ctrl__tvn_efaar_e1.0_c304,0.39806164856717546,0.042083315600317986,0.01675175398503531,370,80,1480,5593,7073
677,morphem,HQ,std_ctrl__tvn_efaar_e1.0_c304,0.32566753281423305,-0.030132216640556864,-0.009813084651554132,370,110,1480,5657,7137
678,morphem,HQ,std_ctrl__tvn_efaar_e1.0_c304,0.3431858196971467,0.016516685114860694,0.005668292119823128,370,79,1480,5913,7393
679,morphem,HQ,std_ctrl__tvn_efaar_e1.0_c304,0.3689457539180103,-0.004104978339590642,-0.0015145143283173716,370,86,1480,5785,7265
680,morphem,HQ,std_ctrl__tvn_efaar_e1.0_c304,0.38174333917500436,-0.006574217307285867,-0.0025096636673454125,370,79,1480,5625,7105
681,morphem,HQ,std_ctrl__tvn_efaar_e1.0_c304,0.37403390945008513,0.03584165827366923,0.013405995565274493,370,78,1480,5561,7041
682,morphem,HQ,std_ctrl__tvn_efaar_e1.0_c304,0.35727837245598104,0.09438909075980262,0.033723180724262156,370,71,1480,5657,7137
683,morphem,HQ,std_ctrl__tvn_efaar_e1.0_c304,0.39066217242079204,0.012554329845365978,0.0049045017706778595,370,75,1480,5433,6913
684,morphem,HQ,std_ctrl__tvn_efaar_e1.0_c304,0.35938229787994463,0.0757146173907149,0.027210493180975938,370,86,1480,5721,7201
685,morphem,HQ,std_ctrl__tvn_efaar_e1.0_c304,0.3728362064202342,-0.0028189065184185394,-0.0010509904125804383,370,80,1480,5625,7105
686,morphem,HQ,std_ctrl__tvn_efaar_e1.0_c304,0.35508474903643483,0.016113306017290017,0.0057215892232967015,370,93,1480,5369,6849
687,morphem,HQ,std_ctrl__tvn_efaar_e1.0_c304,0.3507411142187441,0.052480291134275485,0.01840699578695986,370,49,1480,5497,6977
688,morphem,HQ,std_ctrl__tvn_efaar_e1.0_c304,0.36280111811493937,0.0273121368993969,0.00990887380520949,370,59,1480,5721,7201
689,morphem,HQ,std_ctrl__tvn_efaar_e1.0_c304,0.3611357572420632,0.07108055516482992,0.0256697301146371,370,73,1480,5881,7361
690,morphem,HQ,std_ctrl__tvn_efaar_e1.0_c304,0.3666638350949933,0.0036233634452653984,0.0013285563367840187,370,88,1480,5465,6945
691,morphem,HQ,std_ctrl__tvn_efaar_e1.0_c304,0.3672714917521055,0.02347196459938419,0.008620583452768442,370,77,1480,5561,7041
692,morphem,HQ,std_ctrl__tvn_efaar_e1.0_c304,0.35793126955311044,0.022604863304679645,0.008090987420718504,370,63,1480,5657,7137
693,morphem,HQ,std_ctrl__tvn_efaar_e1.0_c304,0.3605328448633433,0.0846177509515052,0.030507478476484044,370,91,1480,5945,7425
694,morphem,HQ,std_ctrl__tvn_efaar_e1.0_c304,0.3915393804143196,0.1031477168809863,0.04038639315873303,370,73,1480,5337,6817
695,morphem,HQ,std_ctrl__tvn_efaar_e1.0_c304,0.35172605303194304,0.05665458569196099,0.019926893811593432,370,77,1480,5721,7201
696,morphem,HQ,std_ctrl__tvn_efaar_e1.0_c304,0.3766297336056579,0.03889558613405788,0.014649234244106139,370,92,1480,5849,7329
697,morphem,HQ,std_ctrl__tvn_efaar_e1.0_c304,0.3555285012967448,0.0875766631628874,0.031135999802871194,370,59,1480,5849,7329
698,morphem,HQ,std_ctrl__tvn_efaar_e1.0_c304,0.3544785261894414,0.062132721747216055,0.0220247156330918,370,76,1480,5657,7137
699,morphem,HQ,std_ctrl__tvn_efaar_e1.0_c304,0.35472707298006806,0.047525628041651696,0.01685862692675455,370,60,1480,5529,7009
700,morphem,HQ,std_ctrl__tvn_efaar_e1.0_c304,0.39900635823766045,0.05893039719359934,0.023513603173716917,370,74,1480,5913,7393
701,morphem,HQ,std_ctrl__tvn_efaar_e1.0_c304,0.335978716193666,0.04314643585055042,0.014496284125400294,370,108,1480,5785,7265
702,morphem,HQ,std_ctrl__tvn_efaar_e1.0_c304,0.3373426198834852,0.04835107455124859,0.016310878163299906,370,97,1480,5689,7169
703,morphem,HQ,std_ctrl__tvn_efaar_e1.0_c304,0.3194738752335152,0.045713292646656176,0.014604202751511005,370,71,1480,5401,6881
704,morphem,HQ,std_ctrl__tvn_efaar_e1.0_c304,0.3539535188340347,0.07702408605253623,0.027262946293270692,370,63,1480,5689,7169
705,morphem,HQ,std_ctrl__tvn_efaar_e1.0_c304,0.34352397925738914,-0.0039464027477270945,-0.0013556839756515059,370,84,1480,5529,7009
706,morphem,HQ,std_ctrl__tvn_efaar_e1.0_c304,0.3623773912588261,0.03332490015416139,0.012076190381825856,370,74,1480,5753,7233
707,morphem,HQ,std_ctrl__tvn_efaar_e1.0_c304,0.33790656737438474,0.025727676782120668,0.008693550947964052,370,71,1480,5593,7073
708,morphem,HQ,std_ctrl__tvn_efaar_e1.0_c304,0.3836471040534159,0.08165348132266119,0.03132612164531865,370,97,1480,5593,7073
709,morphem,HQ,std_ctrl__tvn_efaar_e1.0_c304,0.3463695892504604,0.03518839913618853,0.012188191355182875,370,67,1480,5785,7265
710,morphem,HQ,std_ctrl__tvn_efaar_e1.0_c304,0.3746554256230694,0.06573323029024208,0.024627311371969888,370,68,1480,5689,7169
711,morphem,HQ,std_ctrl__tvn_efaar_e1.0_c304,0.3380272711340673,0.007580159445673914,0.002562300612182277,370,72,1480,5881,7361
712,morphem,HQ,std_ctrl__tvn_efaar_e1.0_c304,0.3404825424100376,-0.00634581030462966,-0.002160637626172122,370,75,1480,5753,7233
713,morphem,HQ,std_ctrl__tvn_efaar_e1.0_c304,0.3649287067936475,0.04667938434469089,0.01703464736283168,370,55,1480,5529,7009
714,morphem,HQ,std_ctrl__tvn_efaar_e1.0_c304,0.3480308144820321,0.05288240170583724,0.018404705337448538,370,69,1480,5881,7361
715,morphem,HQ,std_ctrl__tvn_efaar_e1.0_c304,0.32867235857453825,0.04498769588694907,0.014786212113997605,370,65,1480,5561,7041
716,morphem,HQ,std_ctrl__tvn_efaar_e1.0_c304,0.3646824090783852,-0.08804202008195045,-0.032107375983613254,370,72,1480,5721,7201
717,morphem,HQ,std_ctrl__tvn_efaar_e1.0_c304,0.3662598830131606,0.02430142076554784,0.008900635526643145,370,73,1480,5529,7009
718,morphem,HQ,std_ctrl__tvn_efaar_e1.0_c304,0.3851268834711248,0.06053588611235591,0.02331399715661458,370,74,1480,5657,7137
719,morphem,HQ,std_ctrl__tvn_efaar_e1.0_c304,0.345528491137671,-0.05676233826512368,-0.01961300509419427,370,76,1480,5529,7009
720,morphem,HQ,std_ctrl__tvn_efaar_e1.0_c304,0.3753562905855584,0.05014911673413768,0.018823786433468073,370,60,1480,5625,7105
721,morphem,HQ,std_ctrl__tvn_efaar_e1.0_c304,0.3534162199193612,0.02735657991804839,0.009668259064558569,370,72,1480,5689,7169
722,morphem,HQ,std_ctrl__tvn_efaar_e1.0_c304,0.34645016783000077,0.0519875665672964,0.018011101162313175,370,86,1480,5593,7073
723,morphem,HQ,std_ctrl__tvn_efaar_e1.0_c304,0.36357159317270366,0.017957324377748485,0.006528773033137046,370,80,1480,5721,7201
724,morphem,HQ,std_ctrl__tvn_efaar_e1.0_c304,0.38117079576448964,-0.007953412556054303,-0.0030316085930345025,370,53,1480,5913,7393
725,morphem,HQ,std_ctrl__tvn_efaar_e1.0_c304,0.3794223733428948,0.03506491413573633,0.013304412942445899,370,60,1480,5721,7201
726,morphem,HQ,std_ctrl__tvn_efaar_e1.0_c304,0.38196954860348625,0.056642459908969475,0.021635694843220137,370,75,1480,5785,7265
727,morphem,HQ,std_ctrl__tvn_efaar_e1.0_c304,0.37556086884626716,0.16068257537269814,0.06034608761542633,370,51,1480,5913,7393
728,morphem,HQ,std_ctrl__tvn_efaar_e1.0_c304,0.37310721342416786,0.06044086838655724,0.022550923980645253,370,97,1480,5561,7041
729,morphem,HQ,std_ctrl__tvn_efaar_e1.0_c304,0.37868058698951335,0.04831193450345793,0.018294791716368372,370,75,1480,5535,7015
730,morphem,HQ,std_ctrl__tvn_efaar_e1.0_c304,0.36762040198313417,0.01076449336672626,0.003957247378620689,370,53,1480,5849,7329
731,morphem,HQ,std_ctrl__tvn_efaar_e1.0_c304,0.3518991965342776,-0.0242562337318894,-0.008535749161199521,370,93,1480,5593,7073
732,morphem,HQ,std_ctrl__tvn_efaar_e1.0_c304,0.352369878625236,0.024856982825213633,0.008758852021110104,370,59,1480,5753,7233
733,morphem,HQ,std_ctrl__tvn_efaar_e1.0_c304,0.37573903140134096,-0.038777888621498294,-0.014570366310430849,370,80,1480,5945,7425
734,morphem,HQ,std_ctrl__tvn_efaar_e1.0_c304,0.37295452926837364,-0.009388523244287359,-0.003501492267098376,370,64,1480,5625,7105
735,morphem,HQ,std_ctrl__tvn_efaar_e1.0_c304,0.3685468537335818,-0.004887331705085848,-0.0018012107230617712,370,100,1480,5945,7425
736,morphem,HQ,std_ctrl__tvn_efaar_e1.0_c304,0.38506206058472675,0.026029904252169014,0.010023128568163342,370,57,1480,5657,7137
737,morphem,HQ,std_ctrl__tvn_efaar_e1.0_c304,0.36985355565891165,-0.008466603678620045,-0.003131403474892445,370,79,1480,5753,7233
738,morphem,HQ,std_ctrl__tvn_efaar_e1.0_c304,0.35455675279193793,0.10172681929833075,0.036067930722268396,370,93,1480,5785,7265
739,morphem,HQ,std_ctrl__tvn_efaar_e1.0_c304,0.34284993734932634,0.09864617496380969,0.033820834906092834,370,110,1480,5721,7201
740,morphem,HQ,std_ctrl__tvn_efaar_e1.0_c304,0.3952450129401542,-0.008877698427165811,-0.0035088660297239375,370,67,1480,5497,6977
741,morphem,HQ,std_ctrl__tvn_efaar_e1.0_c304,0.33413857825290016,0.05881538833224069,0.019652490236727115,370,101,1480,5945,7425
742,morphem,HQ,std_ctrl__tvn_efaar_e1.0_c304,0.37064972361229415,0.021358038241560916,0.007916350971135362,370,47,1480,5593,7073
743,morphem,HQ,std_ctrl__tvn_efaar_e1.0_c304,0.3552248871590477,-0.0027429062503645943,-0.0009743485632736097,370,64,1480,5625,7105
744,morphem,HQ,std_ctrl__tvn_efaar_e1.0_c304,0.3796191843007215,0.13254911931759453,0.05031818855512424,370,74,1480,5593,7073
745,morphem,HQ,std_ctrl__tvn_efaar_e1.0_c304,0.33809516479206747,0.02411200692000765,0.008152152953087459,370,76,1480,5593,7073
746,morphem,HQ,std_ctrl__tvn_efaar_e1.0_c304,0.3710379202858433,0.021743916057889077,0.008067817392989117,370,56,1480,5657,7137
747,morphem,HQ,std_ctrl__tvn_efaar_e1.0_c304,0.35301392641579316,0.07311239898937529,0.02580969503691744,370,77,1480,5913,7393
748,morphem,HQ,std_ctrl__tvn_efaar_e1.0_c304,0.3468832315294885,-0.025366909044128094,-0.008799355383141761,370,78,1480,5721,7201
749,morphem,HQ,std_ctrl__tvn_efaar_e1.0_c304,0.3536356289470471,0.04197406075169523,0.014843523373387306,370,85,1480,5724,7204
750,morphem,HQ,std_ctrl__tvn_efaar_e1.0_c304,0.36623322090798993,-0.018358144370726897,-0.006723362342785195,370,84,1480,5753,7233
751,morphem,HQ,std_ctrl__tvn_efaar_e1.0_c304,0.3850592307587437,-0.021818579010997634,-0.00840144525022362,370,78,1480,5753,7233
752,morphem,HQ,std_ctrl__tvn_efaar_e1.0_c304,0.4292091511320235,0.052321753232399314,0.022456975290617315,370,47,1480,5625,7105
753,morphem,HQ,std_ctrl__tvn_efaar_e1.0_c304,0.36883730262494785,0.046533007209380646,0.01716310886213521,370,71,1480,5401,6881
754,morphem,HQ,std_ctrl__tvn_efaar_e1.0_c304,0.3446521341534471,-0.05593204385908749,-0.019277098283598706,370,72,1480,5785,7265
755,morphem,HQ,std_ctrl__tvn_efaar_e1.0_c304,0.38264063876209453,0.022457622658806367,0.008593199079243757,370,79,1480,5657,7137
756,morphem,HQ,std_ctrl__tvn_efaar_e1.0_c304,0.3751022966750516,0.08490495415174815,0.03184804330141069,370,69,1480,5593,7073
757,morphem,HQ,std_ctrl__tvn_efaar_e1.0_c304,0.3685103330040392,0.06760507179607077,0.024913167520332017,370,52,1480,5657,7137
758,morphem,HQ,std_ctrl__tvn_efaar_e1.0_c304,0.34980657277148897,0.062754832082216,0.02195205273553026,370,95,1480,5593,7073
759,morphem,HQ,std_ctrl__tvn_efaar_e1.0_c304,0.3884732877753751,-0.0027891608219146086,-0.0010835144746234354,370,81,1480,5753,7233
760,morphem,HQ,std_ctrl__tvn_efaar_e1.0_c304,0.34133411485268433,0.04190300837719669,0.01430292627409505,370,62,1480,5593,7073
761,morphem,HQ,std_ctrl__tvn_efaar_e1.0_c304,0.3656068924777674,0.024673365418777685,0.009020752457727717,370,81,1480,5913,7393
762,morphem,HQ,std_ctrl__tvn_efaar_e1.0_c304,0.39574110240588856,0.08240287581691866,0.03261020491720292,370,88,1480,5721,7201
763,morphem,HQ,std_ctrl__tvn_efaar_e1.0_c304,0.3532712978687476,0.04179630595908355,0.014765435252284714,370,63,1480,5689,7169
764,morphem,HQ,std_ctrl__tvn_efaar_e1.0_c304,0.35418031993290144,-0.004244501885759409,-0.001503319035854071,370,81,1480,5849,7329
765,morphem,HQ,std_ctrl__tvn_efaar_e1.0_c304,0.3679446295076634,0.038657204504129766,0.014223710789074003,370,79,1480,5945,7425
766,morphem,HQ,std_ctrl__tvn_efaar_e1.0_c304,0.3582484399804881,0.019276827682005407,0.006905893444851125,370,79,1480,5881,7361
767,morphem,HQ,std_ctrl__tvn_efaar_e1.0_c304,0.317493562470448,0.08507964535129546,0.027012239696305087,370,88,1480,5753,7233
768,morphem,HQ,std_ctrl__tvn_efaar_e1.0_c304,0.38596515447431073,0.02738571865203534,0.010569933129922833,370,80,1480,5689,7169
769,morphem,HQ,std_ctrl__tvn_efaar_e1.0_c304,0.37025776611600275,0.0008634901665869972,0.00031971394014363667,370,90,1480,5785,7265
770,morphem,HQ,std_ctrl__tvn_efaar_e1.0_c304,0.339646865154846,0.0022082357122295213,0.0007500203371817354,370,66,1480,5657,7137
771,morphem,HQ,std_ctrl__tvn_efaar_e1.0_c304,0.339759546144515,0.01172178153355973,0.0039825871738474105,370,79,1480,5689,7169
772,morphem,HQ,std_ctrl__tvn_efaar_e1.0_c304,0.34529530232882455,0.0005648523001707082,0.00019504084575857665,370,106,1480,5983,7463
773,morphem,HQ,std_ctrl__tvn_efaar_e1.0_c304,0.3611734979030766,0.06787422890760102,0.024514372672032377,370,63,1480,5593,7073
774,morphem,HQ,std_ctrl__tvn_efaar_e1.0_c304,0.3871871003514518,-0.06237720168748218,-0.024151647849413913,370,91,1480,5593,7073
775,morphem,HQ,std_ctrl__tvn_efaar_e1.0_c304,0.33550294748184645,0.013473534286995808,0.004520410466284812,370,77,1480,5689,7169
776,morphem,HQ,std_ctrl__tvn_efaar_e1.0_c304,0.3584547426017656,-0.012476751959399427,-0.004472350912112596,370,81,1480,5913,7393
777,morphem,HQ,std_ctrl__tvn_efaar_e1.0_c304,0.3466944546575064,0.06533325203937214,0.022650676186791542,370,45,1480,5529,7009
778,morphem,HQ,std_ctrl__tvn_efaar_e1.0_c304,0.3861974941578393,0.0681712831254184,0.026327578716561183,370,77,1480,5721,7201
779,morphem,HQ,std_ctrl__tvn_efaar_e1.0_c304,0.3564159476610995,0.07579532092921928,0.02701466113726486,370,83,1480,5721,7201
780,morphem,HQ,std_ctrl__tvn_efaar_e1.0_c304,0.34985334348333563,0.062360569091041464,0.021817053598024414,370,75,1480,5657,7137
781,morphem,HQ,std_ctrl__tvn_efaar_e1.0_c304,0.3838576724987375,-0.003912187067386236,-0.001501723022066542,370,55,1480,5689,7169
782,morphem,HQ,std_ctrl__tvn_efaar_e1.0_c304,0.3761343681855793,0.06891461788279078,0.025921156256094136,370,88,1480,5369,6849
783,morphem,HQ,std_ctrl__tvn_efaar_e1.0_c304,0.3528050204047,0.024479630253919932,0.008636536451233733,370,67,1480,5273,6753
784,morphem,HQ,std_ctrl__tvn_efaar_e1.0_c304,0.35534759539868316,0.020029529732431123,0.00711744522738583,370,62,1480,5785,7265
785,morphem,HQ,std_ctrl__tvn_efaar_e1.0_c304,0.3523004080176798,0.07233637497497623,0.02548413441820401,370,73,1480,5401,6881
786,morphem,HQ,std_ctrl__tvn_efaar_e1.0_c304,0.3707327215983274,-0.0034322378303611348,-0.0012724428720225218,370,83,1480,5657,7137
787,morphem,HQ,std_ctrl__tvn_efaar_e1.0_c304,0.3583888744534289,0.008901163092118214,0.0031900778219106493,370,64,1480,5625,7105
788,morphem,HQ,std_ctrl__tvn_efaar_e1.0_c304,0.34824586502512833,0.11335563704524068,0.03947563187829432,370,90,1480,5756,7236
789,morphem,HQ,std_ctrl__tvn_efaar_e1.0_c304,0.35310138130896274,0.02772239870257573,0.009788817275077286,370,63,1480,5593,7073
790,morphem,HQ,std_ctrl__tvn_efaar_e1.0_c304,0.3580342032226729,0.06911196860789141,0.024744448613676782,370,89,1480,6009,7489
791,morphem,HQ,std_ctrl__tvn_efaar_e1.0_c304,0.34792811740043356,0.13935553022906147,0.04848570728193657,370,85,1480,5465,6945
792,morphem,HQ,std_ctrl__tvn_efaar_e1.0_c304,0.30914595503053616,0.007685567428815052,0.0023759620827326113,370,65,1480,5852,7332
793,morphem,HQ,std_ctrl__tvn_efaar_e1.0_c304,0.3548616137238806,0.06641612395838607,0.02356853292515817,370,70,1480,5625,7105
794,morphem,HQ,std_ctrl__tvn_efaar_e1.0_c304,0.40159885252523625,0.04797275219600018,0.019265802234391182,370,70,1480,5785,7265
795,morphem,HQ,std_ctrl__tvn_efaar_e1.0_c304,0.37124756231164074,0.01354019829552098,0.005026765610428397,370,71,1480,5785,7265
796,morphem,HQ,std_ctrl__tvn_efaar_e1.0_c304,0.3605047548092555,0.006311760683901124,0.002275419737764473,370,88,1480,5689,7169
797,morphem,HQ,std_ctrl__tvn_efaar_e1.0_c304,0.36783333320176476,0.05918044079459555,0.021768538797825778,370,56,1480,5817,7297
798,morphem,HQ,std_ctrl__tvn_efaar_e1.0_c304,0.38320388438907166,0.04800304006316063,0.01839495141468738,370,67,1480,5753,7233
799,morphem,HQ,std_ctrl__tvn_efaar_e1.0_c304,0.3418885449387329,0.029888730134702286,0.010218614455819822,370,87,1480,5721,7201
800,morphem,HQ,std_ctrl__tvn_efaar_e1.0_c304,0.34885831073308105,0.034520616892357754,0.012042804094531788,370,49,1480,5625,7105
801,morphem,HQ,std_ctrl__tvn_efaar_e1.0_c304,0.371688540917512,0.013798650083360387,0.005128800116115528,370,67,1480,5695,7175
802,morphem,HQ,std_ctrl__tvn_efaar_e1.0_c304,0.3198713860871448,0.0336529865598729,0.0107646274568786,370,94,1480,5785,7265
803,morphem,HQ,std_ctrl__tvn_efaar_e1.0_c304,0.3599729864586175,-0.011251076705069647,-0.004050083682398903,370,50,1480,5721,7201
804,morphem,HQ,std_ctrl__tvn_efaar_e1.0_c304,0.3695805357892386,0.04691153421742318,0.01733758995077046,370,85,1480,5689,7169
805,morphem,HQ,std_ctrl__tvn_efaar_e1.0_c304,0.32929638472512546,0.0063373860539624426,0.0020868783161772614,370,52,1480,5753,7233
806,morphem,HQ,std_ctrl__tvn_efaar_e1.0_c304,0.3765088749064503,0.04513399302948347,0.01699334893556639,370,74,1480,5817,7297
807,morphem,HQ,std_ctrl__tvn_efaar_e1.0_c304,0.3550887058605923,-0.0039576604867040425,-0.0014053205404593403,370,104,1480,5625,7105
808,morphem,HQ,std_ctrl__tvn_efaar_e1.0_c304,0.37495237048074315,0.0657303001050323,0.0246457318367925,370,76,1480,5691,7171
809,morphem,HQ,std_ctrl__tvn_efaar_e1.0_c304,0.35186582080485546,0.036916760185789946,0.012989746124228988,370,90,1480,5689,7169
810,morphem,HQ,std_ctrl__tvn_efaar_e1.0_c304,0.34593512616361305,0.0034623927593815823,0.001197763276044648,370,85,1480,5657,7137
811,morphem,HQ,std_ctrl__tvn_efaar_e1.0_c304,0.34257796505635285,0.023726480737553166,0.008128169489019718,370,97,1480,5593,7073
812,morphem,HQ,std_ctrl__tvn_efaar_e1.0_c304,0.34152339387031755,0.09476513460421614,0.03236451039060936,370,102,1480,5561,7041
813,morphem,HQ,std_ctrl__tvn_efaar_e1.0_c304,0.346230495764428,0.02678639801866539,0.009274267865745811,370,75,1480,5465,6945
814,morphem,HQ,std_ctrl__tvn_efaar_e1.0_c304,0.3616324758861738,0.04732376498305112,0.01711381029907619,370,104,1480,5785,7265
815,morphem,HQ,std_ctrl__tvn_efaar_e1.0_c304,0.3851246038889826,0.013938771511370284,0.005368163857015516,370,89,1480,5817,7297
816,morphem,HQ,std_ctrl__tvn_efaar_e1.0_c304,0.35104680296477103,0.016596914798051313,0.005826293878934612,370,79,1480,5465,6945
817,morphem,HQ,std_ctrl__tvn_efaar_e1.0_c304,0.3949691788524969,0.08801438892452856,0.03476297092072534,370,53,1480,5913,7393
818,morphem,HQ,std_ctrl__tvn_efaar_e1.0_c304,0.31814547632899026,0.0409416056001557,0.01302538661533519,370,83,1480,5657,7137
819,morphem,HQ,std_ctrl__tvn_efaar_e1.0_c304,0.350246152223707,0.01291433256747881,0.0045231952902967595,370,61,1480,5689,7169
820,morphem,HQ,std_ctrl__tvn_efaar_e1.0_c304,0.351744817623179,0.040536700492573914,0.014258574321805842,370,59,1480,5689,7169
821,morphem,HQ,std_ctrl__tvn_efaar_e1.0_c304,0.3801485354383045,-0.026258749172548217,-0.009982225040385996,370,75,1480,5465,6945
822,morphem,HQ,std_ctrl__tvn_efaar_e1.0_c304,0.3299748692453439,0.03619714047191223,0.011944146694274583,370,86,1480,5849,7329
823,morphem,HQ,std_ctrl__tvn_efaar_e1.0_c304,0.35828022612322113,0.05995944559321493,0.02148228372536002,370,85,1480,5691,7171
824,morphem,HQ,std_ctrl__tvn_efaar_e1.0_c304,0.37201780542275675,0.03273393088263843,0.01217760512981935,370,69,1480,5977,7457
825,morphem,HQ,std_ctrl__tvn_efaar_e1.0_c304,0.3819173794027655,0.026850910020435406,0.010254829189584147,370,51,1480,5497,6977
826,morphem,HQ,std_ctrl__tvn_efaar_e1.0_c304,0.3887396542841118,0.02195634309955705,0.008535301225865152,370,77,1480,5849,7329
827,morphem,HQ,std_ctrl__tvn_efaar_e1.0_c304,0.37586092627893425,0.10555075823686291,0.039672405760351144,370,67,1480,5721,7201
828,morphem,HQ,std_ctrl__tvn_efaar_e1.0_c304,0.36541226221734824,0.03967044087058406,0.01449606554167967,370,70,1480,5849,7329
829,morphem,HQ,std_ctrl__tvn_efaar_e1.0_c304,0.3309649493499761,0.019650354758821483,0.006503578667462415,370,55,1480,5561,7041
830,morphem,HQ,std_ctrl__tvn_efaar_e1.0_c304,0.3488438305025732,-0.02247936101619024,-0.00784178640413802,370,70,1480,5401,6881
831,morphem,HQ,std_ctrl__tvn_efaar_e1.0_c304,0.35659394670425,0.10475513421243968,0.03735504674634727,370,69,1480,5753,7233
832,morphem,HQ,std_ctrl__tvn_efaar_e1.0_c304,0.3780411167096209,0.07631128298025462,0.028848802635399344,370,72,1480,5753,7233
833,morphem,HQ,std_ctrl__tvn_efaar_e1.0_c304,0.36715622692704636,0.046068663063968375,0.016914396510140012,370,68,1480,5881,7361
834,morphem,HQ,std_ctrl__tvn_efaar_e1.0_c304,0.3700111591976588,-0.006444414626420931,-0.002384505326272356,370,76,1480,5785,7265
835,morphem,HQ,std_ctrl__tvn_efaar_e1.0_c304,0.3738858692008159,0.06905425288151008,0.025818409360616343,370,69,1480,5881,7361
836,morphem,HQ,std_ctrl__tvn_efaar_e1.0_c304,0.38346301084261925,0.06241845586558476,0.02393516901836428,370,99,1480,5785,7265
837,morphem,HQ,std_ctrl__tvn_efaar_e1.0_c304,0.35298606074726424,-0.0020010280794110257,-0.0007063350191959618,370,73,1480,5401,6881
838,morphem,HQ,std_ctrl__tvn_efaar_e1.0_c304,0.37072704703812726,0.031613855430983044,0.011720111269418606,370,69,1480,5817,7297
839,morphem,HQ,std_ctrl__tvn_efaar_e1.0_c304,0.3736578759230618,-0.0069548860358108755,-0.0025987479434280555,370,64,1480,5817,7297
840,morphem,HQ,std_ctrl__tvn_efaar_e1.0_c304,0.3852241696957846,0.017111724855740012,0.006591849999615165,370,60,1480,5849,7329
841,morphem,HQ,std_ctrl__tvn_efaar_e1.0_c304,0.34830840113618267,0.03782846673286201,0.013175972765156443,370,82,1480,5881,7361
842,morphem,HQ,std_ctrl__tvn_efaar_e1.0_c304,0.37831599511992875,0.04078830938828552,0.015430869855488768,370,68,1480,5753,7233
843,morphem,HQ,std_ctrl__tvn_efaar_e1.0_c304,0.33691089281918474,0.02664084103379997,0.00897558953815152,370,78,1480,5625,7105
844,morphem,HQ,std_ctrl__tvn_efaar_e1.0_c304,0.3940144761402292,0.008208126590505958,0.0032341206986508907,370,96,1480,5881,7361
845,morphem,HQ,std_ctrl__tvn_efaar_e1.0_c304,0.33998378823249165,0.052145703996801976,0.017728693984882915,370,71,1480,5785,7265
846,morphem,HQ,std_ctrl__tvn_efaar_e1.0_c304,0.3405238872767191,0.055334173170674204,0.01884260774732112,370,76,1480,5785,7265
847,morphem,HQ,std_ctrl__tvn_efaar_e1.0_c304,0.3512817915602399,0.08655057639753315,0.03040364153749686,370,57,1480,5625,7105
848,morphem,HQ,std_ctrl__tvn_efaar_e1.0_c304,0.3568912977598776,-0.028099145281797362,-0.010028340425564003,370,41,1480,5660,7140
849,morphem,HQ,std_ctrl__tvn_efaar_e1.0_c304,0.3566696299263249,0.049232649980738105,0.017559791048922146,370,70,1480,5663,7143
850,morphem,HQ,std_ctrl__tvn_efaar_e1.0_c304,0.3658924286606838,0.08217103756576977,0.03006576050050778,370,75,1480,5881,7361
851,morphem,HQ,std_ctrl__tvn_efaar_e1.0_c304,0.3432652226202288,0.0757083008745707,0.025988026753908773,370,91,1480,5561,7041
852,morphem,HQ,std_ctrl__tvn_efaar_e1.0_c304,0.3302477207647878,0.00964967838428906,0.0031867842925247026,370,82,1480,5657,7137
853,morphem,HQ,std_ctrl__tvn_efaar_e1.0_c304,0.3613032086953854,0.10581604315755969,0.0382316759242757,370,80,1480,5689,7169
854,morphem,HQ,std_ctrl__tvn_efaar_e1.0_c304,0.3722871432955109,0.04346417272048822,0.01618115269781323,370,103,1480,5785,7265
855,morphem,HQ,std_ctrl__tvn_efaar_e1.0_c304,0.3465627837755339,-0.03596778235349515,-0.012465094778659803,370,56,1480,5689,7169
856,morphem,HQ,std_ctrl__tvn_efaar_e1.0_c304,0.3425765568098558,0.006503256364411221,0.002227863173371777,370,72,1480,5753,7233
857,morphem,HQ,std_ctrl__tvn_efaar_e1.0_c304,0.36316166134088096,0.05300477485259536,0.01924930209446788,370,83,1480,5625,7105
858,morphem,HQ,std_ctrl__tvn_efaar_e1.0_c304,0.39662331399904927,0.14504202424010146,0.057527048323239474,370,65,1480,5785,7265
859,morphem,HQ,std_ctrl__tvn_efaar_e1.0_c304,0.3495669808315975,0.018987323131600925,0.006637341221187688,370,53,1480,5689,7169
860,morphem,HQ,std_ctrl__tvn_efaar_e1.0_c304,0.3767641990341797,0.07919789225778116,0.02983893044169818,370,60,1480,5561,7041
861,morphem,HQ,std_ctrl__tvn_efaar_e1.0_c304,0.36688778755824625,0.08361925424505048,0.030678883187237063,370,85,1480,5817,7297
862,morphem,HQ,std_ctrl__tvn_efaar_e1.0_c304,0.37814646945127434,0.06802196879298734,0.025722267344192924,370,58,1480,5625,7105
863,morphem,HQ,std_ctrl__tvn_efaar_e1.0_c304,0.37735184481733014,0.0818103048043283,0.03087126944298137,370,86,1480,5470,6950
864,morphem,HQ,std_ctrl__tvn_efaar_e1.0_c304,0.3377201087718734,0.0018272474595307131,0.0006170982107858419,370,53,1480,5785,7265
865,morphem,HQ,std_ctrl__tvn_efaar_e1.0_c304,0.35532876796247426,0.1461980700630322,0.051948380113988724,370,61,1480,5881,7361
866,morphem,HQ,std_ctrl__tvn_efaar_e1.0_c304,0.3470574904888968,-0.020384477139092146,-0.007074585480821606,370,80,1480,5817,7297
867,morphem,HQ,std_ctrl__tvn_efaar_e1.0_c304,0.35969257441461905,0.04925917386849815,0.01771815906229743,370,67,1480,6009,7489
868,morphem,HQ,std_ctrl__tvn_efaar_e1.0_c304,0.3374446025364482,0.04076788060446803,0.013756901266828091,370,83,1480,5689,7169
869,morphem,HQ,std_ctrl__tvn_efaar_e1.0_c304,0.39077792344921963,-0.00450500330321518,-0.0017604558359623032,370,64,1480,5625,7105
870,morphem,HQ,std_ctrl__tvn_efaar_e1.0_c304,0.325103076048818,0.08888187250582326,0.028895770156622005,370,46,1480,6009,7489
871,morphem,HQ,std_ctrl__tvn_efaar_e1.0_c304,0.357365252431178,0.08332278309261888,0.02977666741316204,370,80,1480,5817,7297
872,morphem,HQ,std_ctrl__tvn_efaar_e1.0_c304,0.3621041997887353,0.02451337746155887,0.008876396929836994,370,70,1480,5657,7137
873,morphem,HQ,std_ctrl__tvn_efaar_e1.0_c304,0.38464433170571233,0.007081835441386585,0.0027239878606019714,370,84,1480,5657,7137
874,morphem,HQ,std_ctrl__tvn_efaar_e1.0_c304,0.35229752971823486,0.08286065901649485,0.02919160548233612,370,100,1480,5721,7201
875,morphem,HQ,std_ctrl__tvn_efaar_e1.0_c304,0.350293670838389,0.002562968628974377,0.0008977916892870676,370,71,1480,5561,7041
876,morphem,HQ,std_ctrl__tvn_efaar_e1.0_c304,0.35798873758341127,-0.004939745368797554,-0.0017683732085593386,370,71,1480,5817,7297
877,morphem,HQ,std_ctrl__tvn_efaar_e1.0_c304,0.38861469761024986,0.0967861544891272,0.03761252215965109,370,53,1480,5657,7137
878,morphem,HQ,std_ctrl__tvn_efaar_e1.0_c304,0.3675614494045232,0.011687706826593062,0.004295950461397686,370,79,1480,5753,7233
879,morphem,HQ,std_ctrl__tvn_efaar_e1.0_c304,0.3657819461145066,0.04016292112876233,0.014690871452122122,370,90,1480,5785,7265
880,morphem,HQ,std_ctrl__tvn_efaar_e1.0_c304,0.34512105294757295,0.07134182139112884,0.02462156451770407,370,53,1480,5753,7233
881,morphem,HQ,std_ctrl__tvn_efaar_e1.0_c304,0.3571237204765784,0.026598429382042144,0.00949893005974843,370,58,1480,5785,7265
882,morphem,HQ,std_ctrl__tvn_efaar_e1.0_c304,0.34597105028157626,-0.015053229056909874,-0.0052079814669482504,370,64,1480,5785,7265
883,morphem,HQ,std_ctrl__tvn_efaar_e1.0_c304,0.3005786027937869,-0.03287532144819958,-0.009881618187296444,370,84,1480,5785,7265
884,morphem,HQ,std_ctrl__tvn_efaar_e1.0_c304,0.4188876125045743,0.048328418301029116,0.02024417575824046,370,81,1480,5561,7041
885,morphem,HQ,std_ctrl__tvn_efaar_e1.0_c304,0.35767312176207966,0.04457193673338838,0.015942183754412934,370,62,1480,5401,6881
886,morphem,HQ,std_ctrl__tvn_efaar_e1.0_c304,0.3597830453303957,0.05092566088289842,0.0183221893579122,370,67,1480,5561,7041
887,morphem,HQ,std_ctrl__tvn_efaar_e1.0_c304,0.3823145329862263,0.05244745380239644,0.020051423806779874,370,83,1480,5817,7297
888,morphem,HQ,std_ctrl__tvn_efaar_e1.0_c304,0.36607825365284263,-0.02741333195368278,-0.010035424688409861,370,46,1480,5593,7073
889,morphem,HQ,std_ctrl__tvn_efaar_e1.0_c304,0.34712197124811384,0.004899538803507778,0.001700737567680245,370,74,1480,5721,7201
890,morphem,HQ,std_ctrl__tvn_efaar_e1.0_c304,0.3889094065122559,0.04377791989601817,0.017025644845101506,370,50,1480,5753,7233
891,morphem,HQ,std_ctrl__tvn_efaar_e1.0_c304,0.37330726704351413,0.12943570108663321,0.04831928783051226,370,82,1480,5401,6881
892,morphem,HQ,std_ctrl__tvn_efaar_e1.0_c304,0.3761202433037684,0.0321786954030615,0.012103058744197346,370,81,1480,5407,6887
893,morphem,HQ,std_ctrl__tvn_efaar_e1.0_c304,0.31729414591234223,0.015360232712550013,0.0048737119195433765,370,58,1480,5817,7297
894,morphem,HQ,std_ctrl__tvn_efaar_e1.0_c304,0.3365932698483458,0.05043293963652746,0.016975388060323022,370,63,1480,5753,7233
895,morphem,HQ,std_ctrl__tvn_efaar_e1.0_c304,0.3414658882510229,0.021025353734926634,0.007179441088888685,370,84,1480,5817,7297
896,morphem,HQ,std_ctrl__tvn_efaar_e1.0_c304,0.33307122308184933,0.0652926402947396,0.02174709956121216,370,84,1480,5529,7009
897,morphem,HQ,std_ctrl__tvn_efaar_e1.0_c304,0.3334933526417872,0.030278755411108884,0.010097763655871358,370,79,1480,5689,7169
898,morphem,HQ,std_ctrl__tvn_efaar_e1.0_c304,0.34704779565434346,-0.028868251483242055,-0.010018663041654385,370,79,1480,5977,7457
899,morphem,HQ,std_ctrl__tvn_efaar_e1.0_c304,0.3836198492122272,0.05364677501609809,0.020579967742397825,370,88,1480,5689,7169
900,morphem,HQ,std_ctrl__tvn_efaar_e1.0_c304,0.3561116361157281,0.056519996187943775,0.02012742831574337,370,65,1480,5849,7329
901,morphem,HQ,std_ctrl__tvn_efaar_e1.0_c304,0.37441181044497673,0.01183249792879222,0.004430226971605532,370,59,1480,5561,7041
902,morphem,HQ,std_ctrl__tvn_efaar_e1.0_c304,0.37338273511319403,-0.006821927944531585,-0.002547190114674333,370,52,1480,5849,7329
903,morphem,HQ,std_ctrl__tvn_efaar_e1.0_c304,0.36685390874734525,0.04453732303512427,0.016338691040578515,370,75,1480,5786,7266
904,morphem,HQ,std_ctrl__tvn_efaar_e1.0_c304,0.3821273097535935,0.05847440393655395,0.022344666665720297,370,72,1480,5913,7393
905,morphem,HQ,std_ctrl__tvn_efaar_e1.0_c304,0.3746137862516585,0.04219788221169585,0.01580790842712489,370,65,1480,5753,7233
906,morphem,HQ,std_ctrl__tvn_efaar_e1.0_c304,0.36763236571957697,-0.01389892434689429,-0.005109694438606174,370,90,1480,5913,7393
907,morphem,HQ,std_ctrl__tvn_efaar_e1.0_c304,0.38893742496109424,0.025825313705621182,0.010044431011476757,370,52,1480,5593,7073
908,morphem,HQ,std_ctrl__tvn_efaar_e1.0_c304,0.36928501209011766,-0.007546485018717594,-0.0027868038113750184,370,70,1480,5593,7073
909,morphem,HQ,std_ctrl__tvn_efaar_e1.0_c304,0.3526357262097973,0.0006427275854779404,0.00022664870886008305,370,53,1480,5593,7073
910,morphem,HQ,std_ctrl__tvn_efaar_e1.0_c304,0.3852468970836575,0.013645061046482823,0.005256717428674592,370,55,1480,5465,6945
911,morphem,HQ,std_ctrl__tvn_efaar_e1.0_c304,0.36197651189291025,0.05964622710495736,0.02159053323502482,370,80,1480,5753,7233
912,morphem,HQ,std_ctrl__tvn_efaar_e1.0_c304,0.37364032141131215,0.023351187455855356,0.008724945186341596,370,54,1480,5497,6977
913,morphem,HQ,std_ctrl__tvn_efaar_e1.0_c304,0.32291458572396836,-0.00301724113672379,-0.0009743111716944781,370,82,1480,5401,6881
914,morphem,HQ,std_ctrl__tvn_efaar_e1.0_c304,0.3624872805127133,0.02085117630961685,0.007558286195964124,370,69,1480,5561,7041
915,morphem,HQ,std_ctrl__tvn_efaar_e1.0_c304,0.3548975372271813,0.0367607782840932,0.013046309679579125,370,101,1480,5849,7329
916,morphem,HQ,std_ctrl__tvn_efaar_e1.0_c304,0.38804151340247234,0.035275896690018085,0.013688512338223883,370,74,1480,5657,7137
917,morphem,HQ,std_ctrl__tvn_efaar_e1.0_c304,0.3855451853412795,0.06223750212757482,0.02399536929295411,370,80,1480,5561,7041
918,morphem,HQ,std_ctrl__tvn_efaar_e1.0_c304,0.3678615272886773,-0.0818775220069109,-0.03011959029607453,370,107,1480,5209,6689
919,morphem,HQ,std_ctrl__tvn_efaar_e1.0_c304,0.35815413870121676,0.051541371174858575,0.018459755400611195,370,70,1480,5599,7079
920,morphem,HQ,std_ctrl__tvn_efaar_e1.0_c304,0.3621420769712922,0.08765419222880554,0.03174327122898054,370,74,1480,5855,7335
921,morphem,HQ,std_ctrl__tvn_efaar_e1.0_c304,0.3834289507818679,0.021728698067960895,0.008331411902054246,370,46,1480,5785,7265
922,morphem,HQ,std_ctrl__tvn_efaar_e1.0_c304,0.35736475782638255,0.0020526867970806968,0.000733557920132156,370,115,1480,5721,7201
923,morphem,HQ,std_ctrl__tvn_efaar_e1.0_c304,0.3785745577162465,0.14796113225263016,0.05601432020173452,370,81,1480,5721,7201
924,morphem,HQ,std_ctrl__tvn_efaar_e1.0_c304,0.35382038882554234,-0.00512106577350158,-0.0018119374831815057,370,74,1480,5785,7265
925,morphem,HQ,std_ctrl__tvn_efaar_e1.0_c304,0.3454156267450354,0.04188105130181762,0.014466369584158315,370,92,1480,5497,6977
926,morphem,HQ,std_ctrl__tvn_efaar_e1.0_c304,0.3618134490980331,0.05143681841844556,0.018610532682607022,370,91,1480,5078,6558
927,morphem,HQ,std_ctrl__tvn_efaar_e1.0_c304,0.3801327860555249,0.08341811764464019,0.031709961467764614,370,53,1480,5785,7265
928,morphem,HQ,std_ctrl__tvn_efaar_e1.0_c304,0.35262394695026095,0.04531493486098853,0.015979131186475752,370,72,1480,5721,7201
929,morphem,HQ,std_ctrl__tvn_efaar_e1.0_c304,0.35155624034189126,0.0037960233475978745,0.001334515696331549,370,73,1480,5561,7041
930,morphem,HQ,std_ctrl__tvn_efaar_e1.0_c304,0.3376922583889491,-0.017911436813025525,-0.006048553548381551,370,77,1480,5657,7137
931,morphem,HQ,std_ctrl__tvn_efaar_e1.0_c304,0.37684003970936764,0.0984361503434895,0.03709468280427786,370,101,1480,5977,7457
932,morphem,HQ,std_ctrl__tvn_efaar_e1.0_c304,0.39683800354502863,-0.007182071955308725,-0.0028501190960614547,370,66,1480,5689,7169
933,morphem,HQ,std_ctrl__tvn_efaar_e1.0_c304,0.3951879368690278,0.040803975946588446,0.016125239070385725,370,67,1480,5593,7073
934,morphem,HQ,std_ctrl__tvn_efaar_e1.0_c304,0.365181226572349,-0.02882502382345048,-0.010526357555824827,370,53,1480,5561,7041
935,morphem,HQ,std_ctrl__tvn_efaar_e1.0_c304,0.3962269872893939,-0.0034281693055567865,-0.0013583331958587391,370,91,1480,5657,7137
936,morphem,HQ,std_ctrl__tvn_efaar_e1.0_c304,0.3661191487172701,0.014440239199454611,0.005286848082978076,370,88,1480,5753,7233
937,morphem,HQ,std_ctrl__tvn_efaar_e1.0_c304,0.3676134080925495,-0.011188982900519385,-0.004113220137149191,370,52,1480,5721,7201
938,morphem,HQ,std_ctrl__tvn_efaar_e1.0_c304,0.3083240956704698,0.14993660436567732,0.046229067948948474,370,75,1480,5566,7046
939,morphem,HQ,std_ctrl__tvn_efaar_e1.0_c304,0.32320515911100556,0.013432986865992516,0.004341610657359159,370,67,1480,5753,7233
940,morphem,HQ,std_ctrl__tvn_efaar_e1.0_c304,0.388427423846546,0.05182542291982862,0.02013041551450677,370,58,1480,5785,7265
941,morphem,HQ,std_ctrl__tvn_efaar_e1.0_c304,0.36018373512574386,0.09393387270206592,0.03383345312465626,370,67,1480,5721,7201
942,morphem,HQ,std_ctrl__tvn_efaar_e1.0_c304,0.3771941662117155,0.03465014193193224,0.013069831395132783,370,84,1480,5881,7361
943,morphem,HQ,std_ctrl__tvn_efaar_e1.0_c304,0.38681211740340815,-0.030951478529331465,-0.01197240694669683,370,99,1480,5753,7233
944,morphem,HQ,std_ctrl__tvn_efaar_e1.0_c304,0.3403340045669092,0.0381561025514935,0.012985819180015446,370,56,1480,5593,7073
945,morphem,HQ,std_ctrl__tvn_efaar_e1.0_c304,0.3404240555368077,-0.023709348801978697,-0.00807123267330634,370,83,1480,5625,7105
946,morphem,HQ,std_ctrl__tvn_efaar_e1.0_c304,0.34164623149836637,0.05375767522926086,0.01836610715619005,370,81,1480,5625,7105
947,morphem,HQ,std_ctrl__tvn_efaar_e1.0_c304,0.3139152388428578,0.12167445470820167,0.038195465510799616,370,89,1480,5721,7201
948,morphem,HQ,std_ctrl__tvn_efaar_e1.0_c304,0.3789280067360674,0.08710701097433805,0.033007286041242666,370,67,1480,5561,7041
949,morphem,HQ,std_ctrl__tvn_efaar_e1.0_c304,0.3807001603987777,0.05167473319427163,0.01967257921562325,370,60,1480,5849,7329
950,morphem,HQ,std_ctrl__tvn_efaar_e1.0_c304,0.3453798763051715,0.030348495099951307,0.010481759483669285,370,65,1480,5721,7201
951,morphem,HQ,std_ctrl__tvn_efaar_e1.0_c304,0.364844075249203,0.0895679279295305,0.032678327837436814,370,70,1480,5689,7169
952,morphem,HQ,std_ctrl__tvn_efaar_e1.0_c304,0.37698044174040857,0.04646893387007791,0.017517879217547803,370,66,1480,5881,7361
953,morphem,HQ,std_ctrl__tvn_efaar_e1.0_c304,0.36382663368533485,0.01674667653498384,0.006092886949140359,370,64,1480,5785,7265
954,morphem,HQ,std_ctrl__tvn_efaar_e1.0_c304,0.35404012408602226,0.17745445110120558,0.06282599588748779,370,84,1480,5561,7041
955,morphem,HQ,std_ctrl__tvn_efaar_e1.0_c304,0.337879845831938,0.008330399246148699,0.0028146740130072147,370,58,1480,5785,7265
956,morphem,HQ,std_ctrl__tvn_efaar_e1.0_c304,0.3700185860105378,0.034872024646158115,0.01290329725089605,370,56,1480,5753,7233
957,morphem,HQ,std_ctrl__tvn_efaar_e1.0_c304,0.35857312768982574,0.0610995449657802,0.021908654938804954,370,61,1480,5721,7201
958,morphem,HQ,std_ctrl__tvn_efaar_e1.0_c304,0.34153468010732024,0.040173377254690966,0.013720601549511574,370,79,1480,5721,7201
959,morphem,HQ,std_ctrl__tvn_efaar_e1.0_c304,0.412912462293586,0.04027818562824015,0.016631364804474767,370,62,1480,5881,7361
960,morphem,HQ,std_ctrl__tvn_efaar_e1.0_c304,0.39084819283201505,0.016409689978948955,0.0064136976732058265,370,69,1480,5689,7169
961,morphem,HQ,std_ctrl__tvn_efaar_e1.0_c304,0.3748224206776522,0.07486729531082542,0.028061940857992223,370,64,1480,5657,7137
962,morphem,HQ,std_ctrl__tvn_efaar_e1.0_c304,0.38645147738718477,0.0546888441388953,0.021134584614073568,370,82,1480,5785,7265
963,morphem,HQ,std_ctrl__tvn_efaar_e1.0_c304,0.35830769941871426,0.08058543957055592,0.02887438345917171,370,82,1480,5689,7169
964,morphem,HQ,std_ctrl__tvn_efaar_e1.0_c304,0.3678408145994789,-0.03473335361124049,-0.012776345086130455,370,103,1480,5785,7265
965,morphem,HQ,std_ctrl__tvn_efaar_e1.0_c304,0.34347535382532235,0.04201739870688582,0.014431940887667248,370,53,1480,5625,7105
966,morphem,HQ,std_ctrl__tvn_efaar_e1.0_c304,0.3489072504113434,0.020758896623709475,0.007242929542551793,370,67,1480,5561,7041
967,morphem,HQ,std_ctrl__tvn_efaar_e1.0_c304,0.3827233850720324,0.02209494727079764,0.008456253012467737,370,61,1480,5849,7329
968,morphem,HQ,std_ctrl__tvn_efaar_e1.0_c304,0.41897463227300635,0.024734429826088384,0.010363098640867862,370,109,1480,5817,7297
969,morphem,HQ,std_ctrl__tvn_efaar_e1.0_c304,0.3553048175711492,0.06501446079658973,0.023099951132818947,370,88,1480,5657,7137
970,morphem,HQ,std_ctrl__tvn_efaar_e1.0_c304,0.33981399438649185,0.041051109619800616,0.013949741533902188,370,61,1480,5593,7073
971,morphem,HQ,std_ctrl__tvn_efaar_e1.0_c304,0.3520563991927662,-0.012003415265606833,-0.004225879156425023,370,66,1480,5753,7233
972,morphem,HQ,std_ctrl__tvn_efaar_e1.0_c304,0.34569155128393014,-0.02556300355680484,-0.008836914355028489,370,46,1480,5817,7297
973,morphem,HQ,std_ctrl__tvn_efaar_e1.0_c304,0.38587012952460553,0.05091707639110115,0.019647378862048436,370,58,1480,5657,7137
974,morphem,HQ,std_ctrl__tvn_efaar_e1.0_c304,0.3470627280525013,0.04952785111988059,0.01718927112424389,370,83,1480,5753,7233
975,morphem,HQ,std_ctrl__tvn_efaar_e1.0_c304,0.358869134938839,0.01738641644901174,0.006239448230743244,370,71,1480,5529,7009
976,morphem,HQ,std_ctrl__tvn_efaar_e1.0_c304,0.36825215996742616,0.05869890210779746,0.02161599748891292,370,90,1480,5785,7265
977,morphem,HQ,std_ctrl__tvn_efaar_e1.0_c304,0.3600007997086682,0.017248524108005384,0.006209482472676181,370,84,1480,5753,7233
978,morphem,HQ,std_ctrl__tvn_efaar_e1.0_c304,0.3906614305402467,-0.002875799575833786,-0.0011234639762422616,370,66,1480,5593,7073
979,morphem,HQ,std_ctrl__tvn_efaar_e1.0_c304,0.34823265031073264,0.017337208750897292,0.00603738215231539,370,96,1480,5753,7233
980,morphem,HQ,std_ctrl__tvn_efaar_e1.0_c304,0.34739360987225265,0.019030608994307936,0.006611111956599993,370,73,1480,5529,7009
981,morphem,HQ,std_ctrl__tvn_efaar_e1.0_c304,0.3587090317796113,0.036431088016414745,0.013068160309045932,370,50,1480,5817,7297
982,morphem,HQ,std_ctrl__tvn_efaar_e1.0_c304,0.35054564673341515,-0.030018345948368746,-0.010522800494338314,370,63,1480,5465,6945
983,morphem,HQ,std_ctrl__tvn_efaar_e1.0_c304,0.4084703668950111,0.033843969412343335,0.013824258603043415,370,73,1480,5753,7233
984,morphem,HQ,std_ctrl__tvn_efaar_e1.0_c304,0.36553910842322807,0.045589447245879385,0.01666472589976654,370,90,1480,5753,7233
985,morphem,HQ,std_ctrl__tvn_efaar_e1.0_c304,0.3482386428016,-0.04059251436709746,-0.014135882111102468,370,89,1480,5689,7169
986,morphem,HQ,std_ctrl__tvn_efaar_e1.0_c304,0.4004909312638437,0.034316119105565444,0.013743294497948885,370,92,1480,5721,7201
987,morphem,HQ,std_ctrl__tvn_efaar_e1.0_c304,0.3501368056432362,0.10332609315805784,0.036178268197957816,370,63,1480,5721,7201
988,morphem,HQ,std_ctrl__tvn_efaar_e1.0_c304,0.3655888955713161,-0.009054237920552474,-0.0033101288416147083,370,56,1480,5785,7265
989,morphem,HQ,std_ctrl__tvn_efaar_e1.0_c304,0.4237745603988661,0.14699576366031428,0.062293065125645294,370,107,1480,5689,7169
990,morphem,HQ,std_ctrl__tvn_efaar_e1.0_c304,0.36790684056371814,0.06997514909586926,0.025744336021836376,370,81,1480,5785,7265
991,morphem,HQ,std_ctrl__tvn_efaar_e1.0_c304,0.4109021350651507,0.04605190212330188,0.01892282490627609,370,60,1480,5593,7073
992,morphem,HQ,std_ctrl__tvn_efaar_e1.0_c304,0.37635495856390205,0.07192992706415675,0.02707118471973521,370,72,1480,5721,7201
993,morphem,HQ,std_ctrl__tvn_efaar_e1.0_c304,0.36736973719836585,0.07468215832436265,0.027435964877027857,370,91,1480,5593,7073
994,morphem,HQ,std_ctrl__tvn_efaar_e1.0_c304,0.3338991432165136,0.04501892732073398,0.015031781260919572,370,66,1480,5401,6881
995,morphem,HQ,std_ctrl__tvn_efaar_e1.0_c304,0.37501666363082775,0.07345416387656797,0.02754653546678259,370,63,1480,5689,7169
996,morphem,HQ,std_ctrl__tvn_efaar_e1.0_c304,0.3484716293390577,-0.015623827314342451,-0.005444460560740987,370,50,1480,5721,7201
997,morphem,HQ,std_ctrl__tvn_efaar_e1.0_c304,0.37689708155035323,-0.012584615086495077,-0.004743104698534541,370,88,1480,5849,7329
998,morphem,HQ,std_ctrl__tvn_efaar_e1.0_c304,0.3750528322039369,0.02837120991600793,0.010640702632051195,370,69,1480,5913,7393
999,morphem,HQ,std_ctrl__tvn_efaar_e1.0_c304,0.37360831773782405,0.027811030177876592,0.01039043219931233,370,61,1480,5753,7233
1000,morphem,HQ,std_ctrl__tvn_efaar_e1.0_c304,0.3862704115463066,0.05603378708590502,0.021644193998170653,370,74,1480,5433,6913
1001,morphem,HQ,std_ctrl__tvn_efaar_e1.0_c304,0.35296430429420994,0.026147127343290156,0.009229002612016524,370,50,1480,5817,7297
1002,morphem,HQ,std_ctrl__tvn_efaar_e1.0_c304,0.3903006442346152,0.002356679785439724,0.0009198136385118191,370,64,1480,5561,7041
1003,morphem,HQ,std_ctrl__tvn_efaar_e1.0_c304,0.3690880157834273,0.01727111146674309,0.006374560261634606,370,107,1480,5753,7233
1004,morphem,HQ,std_ctrl__tvn_efaar_e1.0_c304,0.3739025150868742,0.055576076286923425,0.020780034702340657,370,68,1480,5721,7201
1005,morphem,HQ,std_ctrl__tvn_efaar_e1.0_c304,0.34032967406321535,0.018064688559085176,0.0061479495693669535,370,71,1480,5657,7137
1006,morphem,HQ,std_ctrl__tvn_efaar_e1.0_c304,0.3135909590992875,0.026157599838615604,0.008202786821126835,370,65,1480,5625,7105
1007,morphem,HQ,std_ctrl__tvn_efaar_e1.0_c304,0.3633715150119881,0.026513368700144514,0.009634202952642938,370,59,1480,5625,7105
1008,morphem,HQ,std_ctrl__tvn_efaar_e1.0_c304,0.36730870591756604,0.06771491426119658,0.02487227752859905,370,71,1480,5945,7425
1009,morphem,HQ,std_ctrl__tvn_efaar_e1.0_c304,0.38070434407510556,0.004535980265262502,0.0017268673916243842,370,65,1480,5849,7329
1010,morphem,HQ,std_ctrl__tvn_efaar_e1.0_c304,0.3473600011922232,0.03523777500816569,0.012240193568847728,370,102,1480,5753,7233
1011,morphem,HQ,std_ctrl__tvn_efaar_e1.0_c304,0.34515777967376743,0.015970817233189685,0.005512451815783293,370,70,1480,5881,7361
1012,morphem,HQ,std_ctrl__tvn_efaar_e1.0_c304,0.3775434912274457,0.04220822015228098,0.01593543879478879,370,56,1480,5849,7329
1013,morphem,HQ,std_ctrl__tvn_efaar_e1.0_c304,0.34679118822347516,-9.373806079466577e-05,-3.25075334847465e-05,370,91,1480,5791,7271
1014,morphem,HQ,std_ctrl__tvn_efaar_e1.0_c304,0.3397653549965495,-0.005287697129054867,-0.0017965762921675623,370,83,1480,5881,7361
1015,morphem,HQ,std_ctrl__tvn_efaar_e1.0_c304,0.3781765215729159,0.020325970952915755,0.0076868049925658075,370,56,1480,5945,7425
1016,morphem,HQ,std_ctrl__tvn_efaar_e1.0_c304,0.358183095099874,0.04436181722562711,0.015889652998130024,370,77,1480,5625,7105
1017,morphem,HQ,std_ctrl__tvn_efaar_e1.0_c304,0.37692805114482064,-0.045057986415120224,-0.01698361900796107,370,68,1480,5817,7297
1018,morphem,HQ,std_ctrl__tvn_efaar_e1.0_c304,0.38383995494490225,-0.0037645589776511023,-0.0014449881483690264,370,77,1480,5657,7137
1019,morphem,HQ,std_ctrl__tvn_efaar_e1.0_c304,0.3574071216491011,0.051181739285007716,0.01829271811884933,370,64,1480,5561,7041
1020,morphem,HQ,std_ctrl__tvn_efaar_e1.0_c304,0.3271549019751423,0.006489927406988698,0.002123211564659177,370,71,1480,5753,7233
1021,morphem,HQ,std_ctrl__tvn_efaar_e1.0_c304,0.3875462757454294,0.04629127182473959,0.017940009995197157,370,70,1480,5529,7009
1022,morphem,HQ,std_ctrl__tvn_efaar_e1.0_c304,0.3698061719947175,0.03138670050328811,0.011606995564665648,370,53,1480,5561,7041
1023,morphem,HQ,std_ctrl__tvn_efaar_e1.0_c304,0.38433228110694206,-0.016154885493106275,-0.006208843992586982,370,80,1480,5593,7073
1024,morphem,HQ,std_ctrl__tvn_efaar_e1.0_c304,0.33837914714555933,0.011881985942285437,0.0040206162695460715,370,85,1480,5529,7009
1025,morphem,HQ,std_ctrl__tvn_efaar_e1.0_c304,0.3749484318735772,0.013756330906461608,0.0051579147017118045,370,80,1480,5593,7073
1026,morphem,HQ,std_ctrl__tvn_efaar_e1.0_c304,0.373531744140106,0.008882737807644776,0.003317984546028814,370,62,1480,5529,7009
1027,morphem,HQ,std_ctrl__tvn_efaar_e1.0_c304,0.3552043372067893,0.05619744262809343,0.019961575361428494,370,98,1480,5561,7041
1028,morphem,HQ,std_ctrl__tvn_efaar_e1.0_c304,0.37053658536623735,0.11630931893519998,0.04309685788452165,370,83,1480,5817,7297
1029,morphem,HQ,std_ctrl__tvn_efaar_e1.0_c304,0.37062442538769025,0.010002844222212488,0.003707298392100081,370,63,1480,5849,7329
1030,morphem,HQ,std_ctrl__tvn_efaar_e1.0_c304,0.3226775822902415,0.027991583604258935,0.009032256521897437,370,51,1480,5593,7073
1031,morphem,HQ,std_ctrl__tvn_efaar_e1.0_c304,0.3560198524926219,-0.018276602592916684,-0.006506833359196469,370,58,1480,5625,7105
1032,morphem,HQ,std_ctrl__tvn_efaar_e1.0_c304,0.35640072426290365,0.07886779792457994,0.02810854030134062,370,85,1480,5465,6945
1033,morphem,HQ,std_ctrl__tvn_efaar_e1.0_c304,0.3676234513797727,-0.01939685885307311,-0.007130740197493037,370,71,1480,5401,6881
1034,morphem,HQ,std_ctrl__tvn_efaar_e1.0_c304,0.3574151708223729,-0.039208722928295546,-0.014013792403143842,370,80,1480,5593,7073
1035,morphem,HQ,std_ctrl__tvn_efaar_e1.0_c304,0.38648067446643425,0.10308337654555567,0.03983973289360376,370,96,1480,5753,7233
1036,morphem,HQ,std_ctrl__tvn_efaar_e1.0_c304,0.3837262587229898,0.07337648457891455,0.028156483905712036,370,65,1480,5465,6945
1037,morphem,HQ,std_ctrl__tvn_efaar_e1.0_c304,0.34373077144695047,0.02992413344396631,0.010285845473576031,370,42,1480,5753,7233
1038,morphem,HQ,std_ctrl__tvn_efaar_e1.0_c304,0.37156059547673986,0.0005443103413336465,0.00020224427455007722,370,91,1480,5625,7105
1039,morphem,HQ,std_ctrl__tvn_efaar_e1.0_c304,0.33829585945911567,0.031262211918956395,0.010575876849716363,370,61,1480,5753,7233
1040,morphem,HQ,std_ctrl__tvn_efaar_e1.0_c304,0.36742217933216137,-0.018236413943812577,-0.006700462954439033,370,59,1480,5625,7105
1041,morphem,HQ,std_ctrl__tvn_efaar_e1.0_c304,0.3218540455615659,-0.006685583882802098,-0.002151782219621057,370,71,1480,5753,7233
1042,morphem,HQ,std_ctrl__tvn_efaar_e1.0_c304,0.35184807463327883,0.04041486968149697,0.014219894083989583,370,84,1480,5561,7041
1043,morphem,HQ,std_ctrl__tvn_efaar_e1.0_c304,0.3523439919634482,0.02821557463648627,0.00994158820296219,370,63,1480,5657,7137
1044,morphem,HQ,std_ctrl__tvn_efaar_e1.0_c304,0.3796200252560884,0.04179245791036382,0.015865253927446324,370,93,1480,5753,7233
1045,morphem,HQ,std_ctrl__tvn_efaar_e1.0_c304,0.3504932300088594,-0.019298103967655366,-0.0067638547926703145,370,81,1480,5305,6785
1046,morphem,HQ,std_ctrl__tvn_efaar_e1.0_c304,0.3683683600865871,0.014612518533356336,0.0053827894888673344,370,81,1480,5497,6977
1047,morphem,HQ,std_ctrl__tvn_efaar_e1.0_c304,0.3418217321922497,0.0459436239550652,0.015704529123509725,370,68,1480,5657,7137
1048,morphem,HQ,std_ctrl__tvn_efaar_e1.0_c304,0.404954607509354,0.08068592409293382,0.03267413672258355,370,65,1480,5849,7329
1049,morphem,HQ,std_ctrl__tvn_efaar_e1.0_c304,0.3626802056184415,-0.02950224361012045,-0.010699879778723838,370,60,1480,5593,7073
1050,morphem,HQ,std_ctrl__tvn_efaar_e1.0_c304,0.4095283588164537,-0.008378560618481103,-0.0034312581793307377,370,52,1480,5817,7297
1051,morphem,HQ,std_ctrl__tvn_efaar_e1.0_c304,0.34486637420282,0.033638131387669835,0.01160066040662377,370,65,1480,5529,7009
1052,morphem,HQ,std_ctrl__tvn_efaar_e1.0_c304,0.34722387997498166,0.011750186586845119,0.004079945377114349,370,85,1480,5689,7169
1053,morphem,HQ,std_ctrl__tvn_efaar_e1.0_c304,0.36621777759016416,0.01566010512083454,0.0057350088941803745,370,69,1480,5593,7073
1054,morphem,HQ,std_ctrl__tvn_efaar_e1.0_c304,0.36825100481502504,0.1211888416300972,0.044627912702652234,370,127,1480,5657,7137
1055,morphem,HQ,std_ctrl__tvn_efaar_e1.0_c304,0.3872920795181429,0.06910981585448848,0.026765684297400765,370,59,1480,5465,6945
1056,morphem,HQ,std_ctrl__tvn_efaar_e1.0_c304,0.34895938247931524,-0.0021628127095564753,-0.0007547337875452422,370,66,1480,5689,7169
1057,morphem,HQ,std_ctrl__tvn_efaar_e1.0_c304,0.36710845455521823,0.013353519944420385,0.004902190069668451,370,53,1480,5753,7233
1058,morphem,HQ,std_ctrl__tvn_efaar_e1.0_c304,0.3196077927395802,0.11365171365002052,0.03632397334075387,370,72,1480,5753,7233
1059,morphem,HQ,std_ctrl__tvn_efaar_e1.0_c304,0.3679230687166965,-0.00980969481517549,-0.0036092130195736335,370,70,1480,5689,7169
1060,morphem,HQ,std_ctrl__tvn_efaar_e1.0_c304,0.3429274400393783,0.03740114869472287,0.01282588017641345,370,87,1480,5849,7329
1061,morphem,HQ,std_ctrl__tvn_efaar_e1.0_c304,0.34441223696305145,0.04300929289142723,0.014812926774935519,370,70,1480,5945,7425
1062,morphem,HQ,std_ctrl__tvn_efaar_e1.0_c304,0.35605001764118266,0.044080277426402074,0.015694783555298686,370,61,1480,5433,6913
1063,morphem,HQ,std_ctrl__tvn_efaar_e1.0_c304,0.3616927759695689,0.04910317520881951,0.017760263750198044,370,75,1480,5561,7041
1064,morphem,HQ,std_ctrl__tvn_efaar_e1.0_c304,0.38096810628240513,0.03913205170271814,0.014908063632129697,370,63,1480,5657,7137
1065,morphem,HQ,std_ctrl__tvn_efaar_e1.0_c304,0.383185325876574,0.03648035277677475,0.013978735866860813,370,87,1480,5657,7137
1066,morphem,HQ,std_ctrl__tvn_efaar_e1.0_c304,0.37468086064165135,0.04870747525683287,0.018249758748912076,370,48,1480,5785,7265
1067,morphem,HQ,std_ctrl__tvn_efaar_e1.0_c304,0.37108914044772773,0.021691440012942584,0.008049457829476312,370,75,1480,5535,7015
1068,morphem,HQ,std_ctrl__tvn_efaar_e1.0_c304,0.3526589804766778,-0.007151693581225764,-0.002522108967036679,370,53,1480,5401,6881
1069,morphem,HQ,std_ctrl__tvn_efaar_e1.0_c304,0.35006715084503565,0.04099416607129199,0.014350710917845415,370,57,1480,5689,7169
1070,morphem,HQ,std_ctrl__tvn_efaar_e1.0_c304,0.39816674522059403,0.09804629790974176,0.03903877531965061,370,102,1480,5689,7169
1071,morphem,HQ,std_ctrl__tvn_efaar_e1.0_c304,0.36753662416600164,-0.008504652599613317,-0.0031257713061664883,370,94,1480,5593,7073
1072,morphem,HQ,std_ctrl__tvn_efaar_e1.0_c304,0.34055451978470347,0.07009038175550648,0.023869596300273053,370,67,1480,5561,7041
1073,morphem,HQ,std_ctrl__tvn_efaar_e1.0_c304,0.35732680048034454,0.04814540753290303,0.01720364443155452,370,84,1480,5849,7329
1074,morphem,HQ,std_ctrl__tvn_efaar_e1.0_c304,0.36089578845197745,0.046506614059519724,0.01678404114924219,370,74,1480,5785,7265
1075,morphem,HQ,std_ctrl__tvn_efaar_e1.0_c304,0.4015490031415615,0.02482203226711637,0.009967262312808253,370,64,1480,5561,7041
1076,morphem,HQ,std_ctrl__tvn_efaar_e1.0_c304,0.3642460123246203,0.021564953517350445,0.007854948324660693,370,74,1480,5913,7393
1077,morphem,HQ,std_ctrl__tvn_efaar_e1.0_c304,0.38193160833045475,0.0034690049792422406,0.0013249226510283448,370,60,1480,5689,7169
1078,morphem,HQ,std_ctrl__tvn_efaar_e1.0_c304,0.3667639406133021,0.0660595887395626,0.024228275081416093,370,55,1480,5689,7169
1079,morphem,HQ,std_ctrl__tvn_efaar_e1.0_c304,0.3639999547199197,-0.028764673827358506,-0.010470339970691755,370,91,1480,5657,7137
1080,morphem,HQ,std_ctrl__tvn_efaar_e1.0_c304,0.32092719316330176,0.02166661387690547,0.006953405576868316,370,88,1480,5785,7265
1081,morphem,HQ,std_ctrl__tvn_efaar_e1.0_c304,0.3664783300687404,0.007371860900835514,0.0027016272724372397,370,92,1480,5657,7137
1082,morphem,HQ,std_ctrl__tvn_efaar_e1.0_c304,0.35173442528743476,-0.015806359331377567,-0.00555964071530877,370,54,1480,5721,7201
1083,morphem,HQ,std_ctrl__tvn_efaar_e1.0_c304,0.34516949972528455,0.061053705416668755,0.02107387695504645,370,70,1480,5817,7297
1084,morphem,HQ,std_ctrl__tvn_efaar_e1.0_c304,0.36467145912870375,0.008383064026668897,0.003057064190574693,370,59,1480,5721,7201
1085,morphem,HQ,std_ctrl__tvn_efaar_e1.0_c304,0.40467061539353316,0.04028326175652221,0.01630145232507062,370,80,1480,5817,7297
1086,morphem,HQ,std_ctrl__tvn_efaar_e1.0_c304,0.36659253998730146,0.04112981770037691,0.01507788433999584,370,81,1480,5561,7041
1087,morphem,HQ,std_ctrl__tvn_efaar_e1.0_c304,0.35047934114856444,0.03874599743261109,0.013579671652325504,370,96,1480,5849,7329
1088,morphem,HQ,std_ctrl__tvn_efaar_e1.0_c304,0.36020437271376615,0.029209716096823858,0.010521467463803636,370,86,1480,5497,6977
1089,morphem,HQ,std_ctrl__tvn_efaar_e1.0_c304,0.37644351641954804,0.10087290762165196,0.037972952056558894,370,44,1480,5753,7233
1090,morphem,HQ,std_ctrl__tvn_efaar_e1.0_c304,0.3362931550913203,0.029467129500558752,0.009909593951227424,370,73,1480,5785,7265
1091,morphem,HQ,std_ctrl__tvn_efaar_e1.0_c304,0.3710367482774847,0.0767628539745146,0.02848183972720329,370,73,1480,5753,7233
1092,morphem,HQ,std_ctrl__tvn_efaar_e1.0_c304,0.4034013998132662,0.04500177276146151,0.018153778126052088,370,57,1480,5657,7137
1093,morphem,HQ,std_ctrl__tvn_efaar_e1.0_c304,0.3633755962022526,0.10572983554849671,0.03841964202880112,370,80,1480,5689,7169
1094,morphem,HQ,std_ctrl__tvn_efaar_e1.0_c304,0.3627991386374506,0.02767507689465382,0.010040494059105617,370,79,1480,5625,7105
1095,morphem,HQ,std_ctrl__tvn_efaar_e1.0_c304,0.3065055013381445,0.010726871573623478,0.003287845149463355,370,49,1480,5753,7233
1096,morphem,HQ,std_ctrl__tvn_efaar_e1.0_c304,0.35682409498750645,0.027638827343255786,0.009862199553273193,370,84,1480,5593,7073
1097,morphem,HQ,std_ctrl__tvn_efaar_e1.0_c304,0.36875688373132187,0.09728030991647156,0.03587278393321526,370,87,1480,5657,7137
1098,morphem,HQ,std_ctrl__tvn_efaar_e1.0_c304,0.3432969568941767,-0.024290212315532106,-0.008338755970235626,370,86,1480,5753,7233
1099,morphem,HQ,std_ctrl__tvn_efaar_e1.0_c304,0.3595186370187129,0.06735737785952496,0.024216232681210842,370,82,1480,5721,7201
1100,morphem,HQ,std_ctrl__tvn_efaar_e1.0_c304,0.3271480984794573,0.005807086603496675,0.0018997773400394673,370,76,1480,5817,7297
1101,morphem,HQ,std_ctrl__tvn_efaar_e1.0_c304,0.3787132166562703,0.021272271678995206,0.008056090433138353,370,77,1480,5593,7073
1102,morphem,HQ,std_ctrl__tvn_efaar_e1.0_c304,0.3614269556191622,0.042575645915829095,0.015387986086877527,370,56,1480,5753,7233
1103,morphem,HQ,std_ctrl__tvn_efaar_e1.0_c304,0.3755044073778072,0.07819880963090148,0.029363997668101622,370,57,1480,5977,7457
1104,morphem,HQ,std_ctrl__tvn_efaar_e1.0_c304,0.3728083021940185,-0.01958455651030971,-0.007301285261831375,370,89,1480,5689,7169
1105,morphem,HQ,std_ctrl__tvn_efaar_e1.0_c304,0.35772590683376193,0.05255289028013181,0.018799530332195346,370,65,1480,5721,7201
1106,morphem,HQ,std_ctrl__tvn_efaar_e1.0_c304,0.40836946000742463,0.10225727881644223,0.04175874973209917,370,79,1480,5593,7073
1107,morphem,HQ,std_ctrl__tvn_efaar_e1.0_c304,0.3937675162018,-0.01631565828200859,-0.00642457623690385,370,77,1480,5497,6977
1108,morphem,HQ,std_ctrl__tvn_efaar_e1.0_c304,0.36607526223367276,0.05676983623985551,0.020782032688467764,370,77,1480,5753,7233
1109,morphem,HQ,std_ctrl__tvn_efaar_e1.0_c304,0.34597409230367493,-0.013424841062781592,-0.004644647201016964,370,67,1480,5689,7169
1110,morphem,HQ,std_ctrl__tvn_efaar_e1.0_c304,0.3439266848455339,0.04289544356572329,0.0147528877005379,370,74,1480,5817,7297
1111,morphem,HQ,std_ctrl__tvn_efaar_e1.0_c304,0.34761112540829686,0.06983696114364028,0.0242761046582363,370,76,1480,5785,7265
1112,morphem,HQ,std_ctrl__tvn_efaar_e1.0_c304,0.38427907031784997,0.003909929937536744,0.0015025042414045491,370,90,1480,5817,7297
1113,morphem,HQ,std_ctrl__tvn_efaar_e1.0_c304,0.32223632147467635,0.055156443479032126,0.01777340945230921,370,64,1480,5689,7169
1114,morphem,HQ,std_ctrl__tvn_efaar_e1.0_c304,0.3491271121411976,0.0057983462842181675,0.002024359893403733,370,70,1480,5657,7137
1115,morphem,HQ,std_ctrl__tvn_efaar_e1.0_c304,0.3940565417393618,0.07661590041500807,0.030190996759785413,370,86,1480,5529,7009
1116,morphem,HQ,std_ctrl__tvn_efaar_e1.0_c304,0.35604771435929017,0.03396872489215968,0.012094486857552978,370,89,1480,5657,7137
1117,morphem,HQ,std_ctrl__tvn_efaar_e1.0_c304,0.3486527402016205,0.0021535754304895425,0.0007508499750710635,370,75,1480,5753,7233
1118,morphem,HQ,std_ctrl__tvn_efaar_e1.0_c304,0.35634909988749147,0.03839041856092411,0.013680391098489352,370,82,1480,5657,7137
1119,morphem,HQ,std_ctrl__tvn_efaar_e1.0_c304,0.35456714836184056,0.03170216964724195,0.011240547888705875,370,60,1480,5785,7265
1120,morphem,HQ,std_ctrl__tvn_efaar_e1.0_c304,0.37081258793805855,0.02504879989551843,0.009288410313999759,370,65,1480,5657,7137
1121,morphem,HQ,std_ctrl__tvn_efaar_e1.0_c304,0.374421761746518,0.058775122149588896,0.022006684782115864,370,83,1480,5753,7233
1122,morphem,HQ,std_ctrl__tvn_efaar_e1.0_c304,0.3494849628329558,0.13214169989562471,0.046181537076706004,370,66,1480,5625,7105
1123,morphem,HQ,std_ctrl__tvn_efaar_e1.0_c304,0.371723780858366,0.03137236162665789,0.011661852878317187,370,102,1480,5273,6753
1124,morphem,HQ,std_ctrl__tvn_efaar_e1.0_c304,0.3719451503668527,0.0838975420212612,0.031205283882507345,370,81,1480,5913,7393
1125,morphem,HQ,std_ctrl__tvn_efaar_e1.0_c304,0.40113316214451206,0.05562054568929509,0.022311245372550248,370,64,1480,5657,7137
1126,morphem,HQ,std_ctrl__tvn_efaar_e1.0_c304,0.3263085778002885,0.013736965123795224,0.0044824895528377835,370,104,1480,5817,7297
1127,morphem,HQ,std_ctrl__tvn_efaar_e1.0_c304,0.3608749158596217,0.07622369296388898,0.027507218784853075,370,93,1480,5593,7073
1128,morphem,HQ,std_ctrl__tvn_efaar_e1.0_c304,0.366254962507814,0.030560183093872182,0.011192818713278086,370,81,1480,5593,7073
1129,morphem,HQ,std_ctrl__tvn_efaar_e1.0_c304,0.346581406823033,0.0120730474032994,0.004184293753676672,370,64,1480,5721,7201
1130,morphem,HQ,std_ctrl__tvn_efaar_e1.0_c304,0.3539870115698852,0.0031902032276578864,0.0011292905068592174,370,85,1480,5625,7105
1131,morphem,HQ,std_ctrl__tvn_efaar_e1.0_c304,0.35192780939843743,0.0479863776677052,0.01688774077356159,370,57,1480,5689,7169
1132,morphem,HQ,std_ctrl__tvn_efaar_e1.0_c304,0.360868634941586,0.048952356013181875,0.017665369891651482,370,84,1480,5817,7297
1133,morphem,HQ,std_ctrl__tvn_efaar_e1.0_c304,0.35890180757252704,-0.010523621331744157,-0.0037769467181717822,370,54,1480,5881,7361
1134,morphem,HQ,std_ctrl__tvn_efaar_e1.0_c304,0.3724435537912878,0.0029037968848881625,0.0010815004312958183,370,54,1480,5721,7201
1135,morphem,HQ,std_ctrl__tvn_efaar_e1.0_c304,0.35164816591444864,0.07406920833704102,0.026046301262455662,370,59,1480,5657,7137
1136,morphem,HQ,std_ctrl__tvn_efaar_e1.0_c304,0.3506847781891332,0.04375764236741338,0.015345139107695777,370,71,1480,5593,7073
1137,morphem,HQ,std_ctrl__tvn_efaar_e1.0_c304,0.3305447170792931,0.09786341438212119,0.03234823461935187,370,91,1480,5689,7169
1138,morphem,HQ,std_ctrl__tvn_efaar_e1.0_c304,0.3335062303191598,0.012348575044864056,0.004118326713025861,370,70,1480,5593,7073
1139,morphem,HQ,std_ctrl__tvn_efaar_e1.0_c304,0.35738637726112754,0.025952941499569233,0.009275227741801024,370,74,1480,5785,7265
1140,morphem,HQ,std_ctrl__tvn_efaar_e1.0_c304,0.35873397159420883,0.1482268318601367,0.05317400009001384,370,54,1480,5785,7265
1141,morphem,HQ,std_ctrl__tvn_efaar_e1.0_c304,0.30948117367388306,0.02862130927083525,0.008857756385221283,370,85,1480,5817,7297
1142,morphem,HQ,std_ctrl__tvn_efaar_e1.0_c304,0.4097392688129818,0.02575034874830384,0.010550929067809295,370,69,1480,5561,7041
1143,morphem,HQ,std_ctrl__tvn_efaar_e1.0_c304,0.35256227424878384,0.02028408942062363,0.007151404697200763,370,60,1480,5689,7169
1144,morphem,HQ,std_ctrl__tvn_efaar_e1.0_c304,0.37366851847725324,0.029307926060214172,0.010951449310561112,370,61,1480,5631,7111
1145,morphem,HQ,std_ctrl__tvn_efaar_e1.0_c304,0.36240987437944666,-0.008438351081738267,-0.0030581417555024335,370,91,1480,5785,7265
1146,morphem,HQ,std_ctrl__tvn_efaar_e1.0_c304,0.3564595046263791,0.09073448459670609,0.032343169431871675,370,77,1480,5625,7105
1147,morphem,HQ,std_ctrl__tvn_efaar_e1.0_c304,0.33317947563742784,0.025898220596285434,0.008628755558212815,370,46,1480,5849,7329
1148,morphem,HQ,std_ctrl__tvn_efaar_e1.0_c304,0.3309619779489781,-0.027340624012650524,-0.009048707001586144,370,75,1480,5529,7009
1149,morphem,HQ,std_ctrl__tvn_efaar_e1.0_c304,0.38286446168965677,0.01815168467687831,0.006949634982573406,370,69,1480,5625,7105
1150,morphem,HQ,std_ctrl__tvn_efaar_e1.0_c304,0.39012677048841893,0.0005948007745647542,0.00023204770526495766,370,53,1480,5785,7265
1151,morphem,HQ,std_ctrl__tvn_efaar_e1.0_c304,0.36354351779105304,0.023034946271305378,0.008374205399598258,370,87,1480,5657,7137
1152,morphem,HQ,std_ctrl__tvn_efaar_e1.0_c304,0.392651136504031,-0.020051147651501948,-0.007873105913572372,370,80,1480,5849,7329
1153,morphem,HQ,std_ctrl__tvn_efaar_e1.0_c304,0.36089816681601067,0.1325605042123936,0.04784084296245891,370,75,1480,5497,6977
1154,morphem,HQ,std_ctrl__tvn_efaar_e1.0_c304,0.36895881936016905,0.05260394888841617,0.01940869087555271,370,71,1480,5401,6881
1155,morphem,HQ,std_ctrl__tvn_efaar_e1.0_c304,0.3521396182420679,0.045419376289412824,0.015993961827346664,370,70,1480,5881,7361
1156,morphem,HQ,std_ctrl__tvn_efaar_e1.0_c304,0.33996388460284266,0.020554114549557093,0.006987656626839237,370,93,1480,5753,7233
1157,morphem,HQ,std_ctrl__tvn_efaar_e1.0_c304,0.3945702330712711,0.05930009900987459,0.023398053887475668,370,55,1480,5785,7265
1158,morphem,HQ,std_ctrl__tvn_efaar_e1.0_c304,0.3762204439815242,0.03281606827235569,0.012346075775153668,370,67,1480,5657,7137
1159,morphem,HQ,std_ctrl__tvn_efaar_e1.0_c304,0.3229278432406353,0.014573357122673181,0.0047061427844004005,370,78,1480,5791,7271
1160,morphem,HQ,std_ctrl__tvn_efaar_e1.0_c304,0.3746234233515529,0.016814852617743233,0.006299237650810791,370,34,1480,5689,7169
1161,morphem,HQ,std_ctrl__tvn_efaar_e1.0_c304,0.36955053790888515,0.09075366832293807,0.03353806694594631,370,65,1480,5817,7297
1162,morphem,HQ,std_ctrl__tvn_efaar_e1.0_c304,0.38521670661069857,0.030069795089829772,0.011583387432962779,370,71,1480,5753,7233
1163,morphem,HQ,std_ctrl__tvn_efaar_e1.0_c304,0.3920437459225004,0.05700276358119885,0.02234757696230788,370,68,1480,5593,7073
1164,morphem,HQ,std_ctrl__tvn_efaar_e1.0_c304,0.36792764616814294,0.03400939040791758,0.012512994960398535,370,83,1480,5753,7233
1165,morphem,HQ,std_ctrl__tvn_efaar_e1.0_c304,0.3568864323809462,0.0518087941663576,0.01848985571599014,370,81,1480,5721,7201
1166,morphem,HQ,std_ctrl__tvn_efaar_e1.0_c304,0.3681060702751305,0.05458581830991157,0.020093371070813812,370,87,1480,5625,7105
1167,morphem,HQ,std_ctrl__tvn_efaar_e1.0_c304,0.36334059475396785,0.009693788074512641,0.003522146724412344,370,64,1480,5721,7201
1168,morphem,HQ,std_ctrl__tvn_efaar_e1.0_c304,0.3638672394928017,0.08345435329472511,0.030366305157008628,370,63,1480,5913,7393
1169,morphem,HQ,std_ctrl__tvn_efaar_e1.0_c304,0.3499562560411379,0.020204874677701403,0.007070822295988776,370,62,1480,5529,7009
1170,morphem,HQ,std_ctrl__tvn_efaar_e1.0_c304,0.38821832323401195,-0.033859849225257165,-0.013145013891185796,370,97,1480,5468,6948
1171,morphem,HQ,std_ctrl__tvn_efaar_e1.0_c304,0.34071738535046514,0.04017740369797064,0.013689139938142665,370,102,1480,5817,7297
1172,morphem,HQ,std_ctrl__tvn_efaar_e1.0_c304,0.36698085992892704,0.0016627992057896015,0.0006102154824298049,370,81,1480,5881,7361
1173,morphem,HQ,std_ctrl__tvn_efaar_e1.0_c304,0.3725520910647071,0.005306076787665869,0.001976790002594823,370,89,1480,5657,7137
1174,morphem,HQ,std_ctrl__tvn_efaar_e1.0_c304,0.38251261299271017,0.032116845105256996,0.012285098342293988,370,87,1480,5913,7393
1175,morphem,HQ,std_ctrl__tvn_efaar_e1.0_c304,0.3722503358970096,0.04862941676205024,0.01810231672414887,370,77,1480,5785,7265
1176,morphem,HQ,std_ctrl__tvn_efaar_e1.0_c304,0.3210732149458546,0.023190746860151955,0.007445927651384471,370,78,1480,5497,6977
1177,morphem,HQ,std_ctrl__tvn_efaar_e1.0_c304,0.3794075477740206,-0.014886945544771359,-0.005648219502987082,370,62,1480,5753,7233
1178,morphem,HQ,std_ctrl__tvn_efaar_e1.0_c304,0.35606880835923826,0.05228767544270579,0.018618010286758857,370,63,1480,5593,7073
1179,morphem,HQ,std_ctrl__tvn_efaar_e1.0_c304,0.3794392969308256,0.1060759242251277,0.040249374109269986,370,85,1480,5721,7201
1180,morphem,HQ,std_ctrl__tvn_efaar_e1.0_c304,0.3949513531109087,0.012716273907929695,0.005022309586465775,370,87,1480,5721,7201
1181,morphem,HQ,std_ctrl__tvn_efaar_e1.0_c304,0.3377022910889461,0.0028657625931028476,0.0009677745934078309,370,70,1480,5401,6881
1182,morphem,HQ,std_ctrl__tvn_efaar_e1.0_c304,0.4038139228370859,0.07191892944676613,0.02904186502614224,370,76,1480,5753,7233
1183,morphem,HQ,std_ctrl__tvn_efaar_e1.0_c304,0.34538486534687257,-0.028356186749842797,-0.009793797742345227,370,74,1480,5849,7329
1184,morphem,HQ,std_ctrl__tvn_efaar_e1.0_c304,0.3758082185554497,0.05626485626125996,0.021144795398822545,370,79,1480,5753,7233
1185,morphem,HQ,std_ctrl__tvn_efaar_e1.0_c304,0.36132108774462735,-0.02393545714432895,-0.008648385411053847,370,59,1480,5881,7361
1186,morphem,HQ,std_ctrl__tvn_efaar_e1.0_c304,0.3398280855901805,-0.006404720015942285,-0.002176503741758777,370,65,1480,5561,7041
1187,morphem,HQ,std_ctrl__tvn_efaar_e1.0_c304,0.310862842948198,0.02046779646566242,0.006362677398200899,370,75,1480,5785,7265
1188,morphem,HQ,std_ctrl__tvn_efaar_e1.0_c304,0.3896600776237056,0.022176822036972514,0.008641422196373814,370,62,1480,5849,7329
1189,morphem,HQ,std_ctrl__tvn_efaar_e1.0_c304,0.3637273317417548,0.02752008021292546,0.01000980534516644,370,67,1480,5625,7105
1190,morphem,HQ,std_ctrl__tvn_efaar_e1.0_c304,0.3802557409091445,0.05521167990651971,0.02099455824969218,370,63,1480,5657,7137
1191,morphem,HQ,std_ctrl__tvn_efaar_e1.0_c304,0.356841392980321,-0.017297416636353247,-0.006172434247477271,370,52,1480,5721,7201
1192,morphem,HQ,std_ctrl__tvn_efaar_e1.0_c304,0.35591762680409655,0.06889863547463496,0.024522238828172612,370,72,1480,5401,6881
1193,morphem,HQ,std_ctrl__tvn_efaar_e1.0_c304,0.38453949444065444,0.020561689505651116,0.00790678168734879,370,67,1480,5689,7169
1194,morphem,HQ,std_ctrl__tvn_efaar_e1.0_c304,0.3565463300338996,0.09015071849527045,0.03214290782940788,370,70,1480,5721,7201
1195,morphem,HQ,std_ctrl__tvn_efaar_e1.0_c304,0.39933654510687305,0.010660692618154426,0.004257204158580134,370,43,1480,5593,7073
1196,morphem,HQ,std_ctrl__tvn_efaar_e1.0_c304,0.3509622289827106,-0.01178722082051632,-0.004136869292679824,370,75,1480,5721,7201
1197,morphem,HQ,std_ctrl__tvn_efaar_e1.0_c304,0.37377760860415615,0.026828526913132613,0.01002790263196295,370,51,1480,5657,7137
1198,morphem,HQ,std_ctrl__tvn_efaar_e1.0_c304,0.32391567284530676,0.02191491311420734,0.007098583826734907,370,72,1480,5593,7073
1199,morphem,HQ,std_ctrl__tvn_efaar_e1.0_c304,0.40663909440517354,-0.00940295890830281,-0.0038236106952013135,370,89,1480,5689,7169
1200,morphem,HQ,std_ctrl__tvn_efaar_e1.0_c304,0.36184907109138226,0.0846986825926934,0.030648139618829937,370,61,1480,5689,7169
1201,morphem,HQ,std_ctrl__tvn_efaar_e1.0_c304,0.3683942997152239,0.06839996590188001,0.02519815753896828,370,61,1480,5625,7105
1202,morphem,HQ,std_ctrl__tvn_efaar_e1.0_c304,0.37266635748183563,0.03355455438891827,0.012504653561044314,370,96,1480,5817,7297
1203,morphem,HQ,std_ctrl__tvn_efaar_e1.0_c304,0.33957044853404494,0.02703788006104274,0.009181265059737993,370,41,1480,5625,7105
1204,morphem,HQ,std_ctrl__tvn_efaar_e1.0_c304,0.36666626505069977,0.039404050284006904,0.014448135945506778,370,73,1480,5657,7137
1205,morphem,HQ,std_ctrl__tvn_efaar_e1.0_c304,0.388953651043069,0.06015597287727391,0.023397885282663518,370,84,1480,5849,7329
1206,morphem,HQ,std_ctrl__tvn_efaar_e1.0_c304,0.3865320450946929,0.013783088023245632,0.005327605201345302,370,46,1480,5625,7105
1207,morphem,HQ,std_ctrl__tvn_efaar_e1.0_c304,0.3632364616365729,0.02534562821874004,0.009206456312131206,370,67,1480,5465,6945
1208,morphem,HQ,std_ctrl__tvn_efaar_e1.0_c304,0.37427330776533246,0.03551380594592749,0.013291869622718415,370,86,1480,5625,7105
1209,morphem,HQ,std_ctrl__tvn_efaar_e1.0_c304,0.38221359793016907,-0.0013357738814619297,-0.0005105509412547113,370,60,1480,5753,7233
1210,morphem,HQ,std_ctrl__tvn_efaar_e1.0_c304,0.36795716526528505,0.09752842355808518,0.03588628226522507,370,67,1480,5753,7233
1211,morphem,HQ,std_ctrl__tvn_efaar_e1.0_c304,0.35312547530157823,0.03402714849148177,0.012015852984211881,370,61,1480,5625,7105
1212,morphem,HQ,std_ctrl__tvn_efaar_e1.0_c304,0.3772090989489433,0.10887609073643043,0.04106905208377231,370,63,1480,5791,7271
1213,morphem,HQ,std_ctrl__tvn_efaar_e1.0_c304,0.3722022203961381,0.015634776459692842,0.005819298513694947,370,63,1480,5721,7201
1214,morphem,HQ,std_ctrl__tvn_efaar_e1.0_c304,0.3568615092116856,0.13357148559278637,0.04766652193628866,370,64,1480,5817,7297
1215,morphem,HQ,std_ctrl__tvn_efaar_e1.0_c304,0.3763475180570747,-0.05973529358819729,-0.02248122948232874,370,88,1480,5616,7096
1216,morphem,HQ,std_ctrl__tvn_efaar_e1.0_c304,0.32606147451082074,0.02853403708936601,0.009303850207105129,370,98,1480,5657,7137
1217,morphem,HQ,std_ctrl__tvn_efaar_e1.0_c304,0.35724896179551413,0.0467947144139734,0.016717363141909577,370,88,1480,5721,7201
1218,morphem,HQ,std_ctrl__tvn_efaar_e1.0_c304,0.35133908269342606,0.005331212751685264,0.0018730633978205962,370,61,1480,5753,7233
1219,morphem,HQ,std_ctrl__tvn_efaar_e1.0_c304,0.37547568903438666,0.013079201177543062,0.0049109220741573424,370,68,1480,5849,7329
1220,morphem,HQ,std_ctrl__tvn_efaar_e1.0_c304,0.358616160469423,0.1586121498162352,0.056880880170899165,370,62,1480,5817,7297
1221,morphem,HQ,std_ctrl__tvn_efaar_e1.0_c304,0.38152227041651027,0.03458412610019728,0.013194614310118157,370,63,1480,5849,7329
1222,morphem,HQ,std_ctrl__tvn_efaar_e1.0_c304,0.3309341720843745,0.041135838399816715,0.013613254623839964,370,69,1480,5785,7265
1223,morphem,HQ,std_ctrl__tvn_efaar_e1.0_c304,0.3812315538359611,0.04298205954032574,0.016386117345628178,370,77,1480,5561,7041
1224,morphem,HQ,std_ctrl__tvn_efaar_e1.0_c304,0.35985017484414633,0.05553902869353615,0.019985729186043043,370,70,1480,5305,6785
1225,morphem,HQ,std_ctrl__tvn_efaar_e1.0_c304,0.38751814555671604,-0.025763714876459624,-0.00998390701157761,370,111,1480,5817,7297
1226,morphem,HQ,std_ctrl__tvn_efaar_e1.0_c304,0.3487427832098579,0.12301808743846297,0.04290167019844324,370,43,1480,5593,7073
1227,morphem,HQ,std_ctrl__tvn_efaar_e1.0_c304,0.3165146166607756,0.044923779264250494,0.014219032772777546,370,65,1480,5661,7141
1228,morphem,HQ,std_ctrl__tvn_efaar_e1.0_c304,0.3590036173054107,-0.029617644701835557,-0.010632841584025396,370,55,1480,5689,7169
1229,morphem,HQ,std_ctrl__tvn_efaar_e1.0_c304,0.39614501470401775,-0.019449600951652983,-0.007704862454979849,370,61,1480,5631,7111
1230,morphem,HQ,std_ctrl__tvn_efaar_e1.0_c304,0.38543627104943934,0.09125497899268192,0.035172978817634246,370,98,1480,5817,7297
1231,morphem,HQ,std_ctrl__tvn_efaar_e1.0_c304,0.31734054633808684,-0.001332031524468369,-0.0004227076117143469,370,61,1480,5561,7041
1232,morphem,HQ,std_ctrl__tvn_efaar_e1.0_c304,0.38644059333210473,0.1387274366645545,0.05360991293609242,370,59,1480,5689,7169
1233,morphem,HQ,std_ctrl__tvn_efaar_e1.0_c304,0.3851047637507976,0.007218680988609785,0.0027799484367109456,370,40,1480,5593,7073
1234,morphem,HQ,std_ctrl__tvn_efaar_e1.0_c304,0.34224758300366587,0.14787135691450415,0.05060861449946146,370,71,1480,5433,6913
1235,morphem,HQ,std_ctrl__tvn_efaar_e1.0_c304,0.3381714880747303,0.044923308757523095,0.015191782171772148,370,73,1480,5753,7233
1236,morphem,HQ,std_ctrl__tvn_efaar_e1.0_c304,0.3728345387783726,0.00807137988464352,0.003009289196596101,370,56,1480,5561,7041
1237,morphem,HQ,std_ctrl__tvn_efaar_e1.0_c304,0.3416162341703347,0.02713394046980046,0.009269394561495276,370,72,1480,5625,7105
1238,morphem,HQ,std_ctrl__tvn_efaar_e1.0_c304,0.33745134951840733,0.0708437568755755,0.0239063213626169,370,75,1480,5721,7201
1239,morphem,HQ,std_ctrl__tvn_efaar_e1.0_c304,0.3611714311642318,0.0109400706356763,0.003951240968524996,370,93,1480,5753,7233
1240,morphem,HQ,std_ctrl__tvn_efaar_e1.0_c304,0.3687633198157096,-0.011313209741515947,-0.0041718967820528466,370,104,1480,5785,7265
1241,morphem,HQ,std_ctrl__tvn_efaar_e1.0_c304,0.3325700711325429,0.022742723784182184,0.007563549266653244,370,50,1480,5401,6881
1242,morphem,HQ,std_ctrl__tvn_efaar_e1.0_c304,0.3446694826486042,0.024015409600452647,0.008277378802582336,370,69,1480,5657,7137
1243,morphem,HQ,std_ctrl__tvn_efaar_e1.0_c304,0.3914135844616333,0.1872000263193518,0.07327263331296958,370,66,1480,5785,7265
1244,morphem,HQ,std_ctrl__tvn_efaar_e1.0_c304,0.37330608407318033,-0.02117275710682093,-0.00790391904457992,370,68,1480,5721,7201
1245,morphem,HQ,std_ctrl__tvn_efaar_e1.0_c304,0.3518165774257977,-0.030263586423210913,-0.010647231396043903,370,75,1480,5593,7073
1246,morphem,HQ,std_ctrl__tvn_efaar_e1.0_c304,0.4036062154929259,0.04241374835034643,0.01711845245655265,370,61,1480,5561,7041
1247,morphem,HQ,std_ctrl__tvn_efaar_e1.0_c304,0.36443987809008876,0.0665895488520608,0.024267887065719047,370,48,1480,5785,7265
1248,morphem,HQ,std_ctrl__tvn_efaar_e1.0_c304,0.3750055075945211,-0.010025161169818919,-0.003759490653204827,370,71,1480,5785,7265
1249,morphem,HQ,std_ctrl__tvn_efaar_e1.0_c304,0.36936814196254647,0.019577167799254516,0.007231182094899636,370,61,1480,5657,7137
1250,morphem,HQ,std_ctrl__tvn_efaar_e1.0_c304,0.389741381700592,0.07451982480117779,0.029043459482097078,370,67,1480,5561,7041
1251,morphem,HQ,std_ctrl__tvn_efaar_e1.0_c304,0.3552832542698615,0.018702046731835714,0.0066445240243936205,370,56,1480,5561,7041
1252,morphem,HQ,std_ctrl__tvn_efaar_e1.0_c304,0.3577086734003757,0.04904597834954196,0.017544171851038202,370,62,1480,5753,7233
1253,morphem,HQ,std_ctrl__tvn_efaar_e1.0_c304,0.32250031846733596,0.06842605986514137,0.02206742609797309,370,81,1480,5849,7329
1254,morphem,HQ,std_ctrl__tvn_efaar_e1.0_c304,0.37666974117336877,-0.0037516273236032306,-0.001413124492960567,370,77,1480,5689,7169
1255,morphem,HQ,std_ctrl__tvn_efaar_e1.0_c304,0.35947512420899846,-0.02189007009592797,-0.007868935666677391,370,101,1480,5657,7137
1256,morphem,HQ,std_ctrl__tvn_efaar_e1.0_c304,0.3371255828322245,-0.011541374570076798,-0.003890892628622155,370,100,1480,5625,7105
1257,morphem,HQ,std_ctrl__tvn_efaar_e1.0_c304,0.3777490511597814,0.1161773976961977,0.04388590174595126,370,78,1480,5625,7105
1258,morphem,HQ,std_ctrl__tvn_efaar_e1.0_c304,0.3337976950212329,0.01955552604772821,0.0065275895196593575,370,70,1480,5849,7329
1259,morphem,HQ,std_ctrl__tvn_efaar_e1.0_c304,0.3711253764735548,0.011896891950243887,0.004415238503899467,370,66,1480,5657,7137
1260,morphem,HQ,std_ctrl__tvn_efaar_e1.0_c304,0.3331886036108748,0.016035496644970004,0.005342844735344424,370,63,1480,5785,7265
1261,morphem,HQ,std_ctrl__tvn_efaar_e1.0_c304,0.33982315825016673,0.07846087770439791,0.02666282326058859,370,64,1480,5369,6849
1262,morphem,HQ,std_ctrl__tvn_efaar_e1.0_c304,0.3646536080239114,-0.0028381042746592174,-0.0010349249637025696,370,79,1480,5689,7169
1263,morphem,HQ,std_ctrl__tvn_efaar_e1.0_c304,0.35386206761195677,0.05160854559773564,0.018262306651660683,370,83,1480,5817,7297
1264,morphem,HQ,std_ctrl__tvn_efaar_e1.0_c304,0.38425536124978565,0.039846558669301785,0.015311253796033335,370,71,1480,5753,7233
1265,morphem,HQ,std_ctrl__tvn_efaar_e1.0_c304,0.3660287835280068,0.02362579611847227,0.00864772141312511,370,56,1480,5849,7329
1266,morphem,HQ,std_ctrl__tvn_efaar_e1.0_c304,0.32751843057700275,0.03359660079800629,0.011003505966085098,370,80,1480,5628,7108
1267,morphem,HQ,std_ctrl__tvn_efaar_e1.0_c304,0.3904208686530112,0.03625327820961898,0.014154036370118724,370,52,1480,5599,7079
1268,morphem,HQ,std_ctrl__tvn_efaar_e1.0_c304,0.3200223063564924,0.03304664864502872,0.010575664716734746,370,79,1480,5753,7233
1269,morphem,HQ,std_ctrl__tvn_efaar_e1.0_c304,0.35479870572307076,0.037423675244539205,0.013277871540163034,370,84,1480,5561,7041
1270,morphem,HQ,std_ctrl__tvn_efaar_e1.0_c304,0.38876156662728617,0.15185260885392143,0.059034458114491005,370,68,1480,5631,7111
1271,morphem,HQ,std_ctrl__tvn_efaar_e1.0_c304,0.38583354187036895,0.06484842945695837,0.025020699222109016,370,60,1480,5689,7169
1272,morphem,HQ,std_ctrl__tvn_efaar_e1.0_c304,0.3879915927860639,-0.0076417602617342185,-0.002964938735639508,370,59,1480,5657,7137
1273,morphem,HQ,std_ctrl__tvn_efaar_e1.0_c304,0.3789196294834226,0.00020715823950828285,7.849632335891666e-05,370,61,1480,5753,7233
1274,morphem,HQ,std_ctrl__tvn_efaar_e1.0_c304,0.35422843086188305,-0.0018181321897708213,-0.0006440341126819974,370,85,1480,5785,7265
1275,morphem,HQ,std_ctrl__tvn_efaar_e1.0_c304,0.39957920726484186,-0.01316528147810408,-0.005260572736439334,370,57,1480,5785,7265
1276,morphem,HQ,std_ctrl__tvn_efaar_e1.0_c304,0.4060701972049393,0.03396404485114361,0.01379178639058129,370,72,1480,5689,7169
1277,morphem,HQ,std_ctrl__tvn_efaar_e1.0_c304,0.37581773922449674,0.0910636034962734,0.03422331759160545,370,62,1480,5721,7201
1278,morphem,HQ,std_ctrl__tvn_efaar_e1.0_c304,0.31896866819107494,0.013793196935792914,0.004399597656707082,370,70,1480,5465,6945
1279,morphem,HQ,std_ctrl__tvn_efaar_e1.0_c304,0.34802268339629194,0.0028046544401961614,0.0009760833642763931,370,57,1480,5593,7073
1280,morphem,HQ,std_ctrl__tvn_efaar_e1.0_c304,0.3675569161360121,0.019212656166755278,0.0070617446514341055,370,54,1480,5881,7361
1281,morphem,HQ,std_ctrl__tvn_efaar_e1.0_c304,0.3654030500965205,0.07221623462585738,0.026388032398774245,370,88,1480,5881,7361
1282,morphem,HQ,std_ctrl__tvn_efaar_e1.0_c304,0.38388956903958626,0.012650547138594953,0.004856413089150188,370,59,1480,5593,7073
1283,morphem,HQ,std_ctrl__tvn_efaar_e1.0_c304,0.36240769372172166,-0.021148497266382286,-0.00766437811998974,370,78,1480,5657,7137
1284,morphem,HQ,std_ctrl__tvn_efaar_e1.0_c304,0.33845590100743894,0.13432428083894002,0.04546284549851971,370,75,1480,5669,7149
1285,morphem,HQ,std_ctrl__tvn_efaar_e1.0_c304,0.3504163542963011,0.1036855331868299,0.03633310653259707,370,75,1480,5657,7137
1286,morphem,HQ,std_ctrl__tvn_efaar_e1.0_c304,0.35575924133736264,0.04314235372346729,0.015348291030168864,370,83,1480,5625,7105
1287,morphem,HQ,std_ctrl__tvn_efaar_e1.0_c304,0.3568292627874134,-0.0031030803923233563,-0.0011072698887628209,370,94,1480,5502,6982
1288,morphem,HQ,std_ctrl__tvn_efaar_e1.0_c304,0.331930026818633,0.003192851039800378,0.0010598031312688396,370,56,1480,5561,7041
1289,morphem,HQ,std_ctrl__tvn_efaar_e1.0_c304,0.35586669877857996,0.07787014404239843,0.027711391093780836,370,57,1480,5913,7393
1290,morphem,HQ,std_ctrl__tvn_efaar_e1.0_c304,0.3620202539218842,0.09070265474435614,0.03283619810194081,370,49,1480,5433,6913
1291,morphem,HQ,std_ctrl__tvn_efaar_e1.0_c304,0.3978971002733672,0.026795107046644142,0.010661695395374173,370,62,1480,5561,7041
1292,morphem,HQ,std_ctrl__tvn_efaar_e1.0_c304,0.33736399599262623,0.017448539176391015,0.00588650890078116,370,94,1480,5593,7073
1293,morphem,HQ,std_ctrl__tvn_efaar_e1.0_c304,0.3516035001447322,0.038346214754640236,0.01348266332503308,370,61,1480,5561,7041
1294,morphem,HQ,std_ctrl__tvn_efaar_e1.0_c304,0.3486099516290261,-0.017790010861523393,-0.0062017748259155184,370,49,1480,5881,7361
1295,morphem,HQ,std_ctrl__tvn_efaar_e1.0_c304,0.361876873835271,0.008999792666412633,0.0032568168352870015,370,68,1480,5785,7265
1296,morphem,HQ,std_ctrl__tvn_efaar_e1.0_c304,0.3584880332587381,0.05613025076630281,0.020122023203531673,370,89,1480,5721,7201
1297,morphem,HQ,std_ctrl__tvn_efaar_e1.0_c304,0.35551769823521373,0.03394195672616692,0.012066966328886094,370,89,1480,5593,7073
1298,morphem,HQ,std_ctrl__tvn_efaar_e1.0_c304,0.40984253825898587,0.07659237916628668,0.031390815088805604,370,72,1480,5849,7329
1299,morphem,HQ,std_ctrl__tvn_efaar_e1.0_c304,0.3417019042286694,-0.012494867706476611,-0.004269520088388365,370,52,1480,5753,7233
1300,morphem,HQ,std_ctrl__tvn_efaar_e1.0_c304,0.34783476167502164,-0.034514786407336816,-0.012005442504260277,370,70,1480,5753,7233
1301,morphem,HQ,std_ctrl__tvn_efaar_e1.0_c304,0.3985435701745097,0.070012124497453,0.02790288205271717,370,59,1480,5689,7169
1302,morphem,HQ,std_ctrl__tvn_efaar_e1.0_c304,0.3678193783174863,0.0868460013534712,0.03194364222719335,370,89,1480,5785,7265
1303,morphem,HQ,std_ctrl__tvn_efaar_e1.0_c304,0.36022091668705114,-0.014481173402086288,-0.005216421557603665,370,54,1480,5689,7169
1304,morphem,HQ,std_ctrl__tvn_efaar_e1.0_c304,0.3569648704843166,0.020012515811669376,0.007143765114777896,370,78,1480,5465,6945
1305,morphem,HQ,std_ctrl__tvn_efaar_e1.0_c304,0.3749980120717299,0.007711941357313897,0.00289196267820647,370,92,1480,5785,7265
1306,morphem,HQ,std_ctrl__tvn_efaar_e1.0_c304,0.3551474877222671,0.07432664416895583,0.026396920947431558,370,75,1480,5817,7297
1307,morphem,HQ,std_ctrl__tvn_efaar_e1.0_c304,0.3297362967074923,-0.014469932568180573,-0.004771261978638996,370,91,1480,5593,7073
1308,morphem,HQ,std_ctrl__tvn_efaar_e1.0_c304,0.36667365744651115,0.024796300579944208,0.009092150224791188,370,57,1480,5817,7297
1309,morphem,HQ,std_ctrl__tvn_efaar_e1.0_c304,0.32369108619490683,0.06389844096287942,0.020683355761435568,370,97,1480,5721,7201
1310,morphem,HQ,std_ctrl__tvn_efaar_e1.0_c304,0.356760839616029,0.020606098034617434,0.00735144883604032,370,63,1480,5945,7425
1311,morphem,HQ,std_ctrl__tvn_efaar_e1.0_c304,0.3567881512792244,0.059663386373928845,0.021287189323412142,370,68,1480,5561,7041
1312,morphem,HQ,std_ctrl__tvn_efaar_e1.0_c304,0.3391897564641388,0.039704336588980385,0.013467304258186453,370,67,1480,6009,7489
1313,morphem,HQ,std_ctrl__tvn_efaar_e1.0_c304,0.34736936840532484,0.04850699459608838,0.016849844076083725,370,81,1480,5497,6977
1314,morphem,HQ,std_ctrl__tvn_efaar_e1.0_c304,0.3503184149264715,0.13462967486638075,0.04716325430125672,370,51,1480,5785,7265
1315,morphem,HQ,std_ctrl__tvn_efaar_e1.0_c304,0.34693122520685105,0.04988274030980476,0.017305880212355743,370,56,1480,5369,6849
1316,morphem,HQ,std_ctrl__tvn_efaar_e1.0_c304,0.3671877156866999,-0.0033227850269913683,-0.00122008584377893,370,71,1480,5849,7329
1317,morphem,HQ,std_ctrl__tvn_efaar_e1.0_c304,0.33156234938981194,0.0057946805103988065,0.001921297883991183,370,78,1480,5689,7169
1318,morphem,HQ,std_ctrl__tvn_efaar_e1.0_c304,0.389127902598205,0.07706930746343617,0.029989817967943103,370,55,1480,5913,7393
1319,morphem,HQ,std_ctrl__tvn_efaar_e1.0_c304,0.3649085944598746,0.03029245755928278,0.011053978110693283,370,71,1480,5689,7169
1320,morphem,HQ,std_ctrl__tvn_efaar_e1.0_c304,0.38298035717488105,0.03648299994363382,0.013972272349224045,370,62,1480,5689,7169
1321,morphem,HQ,std_ctrl__tvn_efaar_e1.0_c304,0.3257564880498418,0.026866567405685535,0.008751958644030468,370,75,1480,5721,7201
1322,morphem,HQ,std_ctrl__tvn_efaar_e1.0_c304,0.3362545526423014,0.028458003195615877,0.009569133133635001,370,65,1480,5689,7169
1323,morphem,HQ,std_ctrl__tvn_efaar_e1.0_c304,0.3659150715747736,-0.0015779258429641219,-0.0005773868477679016,370,85,1480,5657,7137
1324,morphem,HQ,std_ctrl__tvn_efaar_e1.0_c304,0.3762501314064514,0.05504557124829342,0.020710903415513585,370,85,1480,5593,7073
1325,morphem,HQ,std_ctrl__tvn_efaar_e1.0_c304,0.37815743983068606,0.05295312141118199,0.020024616823896068,370,60,1480,5465,6945
1326,morphem,HQ,std_ctrl__tvn_efaar_e1.0_c304,0.3514160550398965,0.0016439251901323045,0.0005777017050970062,370,93,1480,5593,7073
1327,morphem,HQ,std_ctrl__tvn_efaar_e1.0_c304,0.34594569871884584,0.02861936431680975,0.009900745985467953,370,72,1480,5881,7361
1328,morphem,HQ,std_ctrl__tvn_efaar_e1.0_c304,0.39160661329982477,0.057093486569609095,0.02235818691700365,370,64,1480,5817,7297
1329,morphem,HQ,std_ctrl__tvn_efaar_e1.0_c304,0.38078319971997066,0.010207216356005066,0.003886736504273628,370,63,1480,5823,7303
1330,morphem,HQ,std_ctrl__tvn_efaar_e1.0_c304,0.3499140320441909,0.007264801808074095,0.002542056092665135,370,114,1480,5849,7329
1331,morphem,HQ,std_ctrl__tvn_efaar_e1.0_c304,0.37827804609679916,0.03274385511990321,0.012386281536433659,370,78,1480,5721,7201
1332,morphem,HQ,std_ctrl__tvn_efaar_e1.0_c304,0.36197539753164953,0.007450799830877977,0.002697006230710803,370,74,1480,5977,7457
1333,morphem,HQ,std_ctrl__tvn_efaar_e1.0_c304,0.40299567149482723,-0.0007998830061929269,-0.0003223493891980196,370,78,1480,5561,7041
1334,morphem,HQ,std_ctrl__tvn_efaar_e1.0_c304,0.3302610410162312,0.022418058946578206,0.007403811485260154,370,93,1480,5791,7271
1335,morphem,HQ,std_ctrl__tvn_efaar_e1.0_c304,0.3655613570217338,0.05216188947466796,0.019068371101177314,370,62,1480,5657,7137
1336,morphem,HQ,std_ctrl__tvn_efaar_e1.0_c304,0.37032333291527586,0.001213166929527589,0.00044926402072524834,370,69,1480,5849,7329
1337,morphem,HQ,std_ctrl__tvn_efaar_e1.0_c304,0.3386028325116281,0.027029268478032706,0.009152186867379137,370,64,1480,5657,7137
1338,morphem,HQ,std_ctrl__tvn_efaar_e1.0_c304,0.3561815702669199,0.04112841510647237,0.014649183475213037,370,54,1480,5721,7201
1339,morphem,HQ,std_ctrl__tvn_efaar_e1.0_c304,0.3637091749103721,0.00030285336118053736,0.00011015054611380615,370,71,1480,5785,7265
1340,morphem,HQ,std_ctrl__tvn_efaar_e1.0_c304,0.3723949997498509,0.04704292851912909,0.017518551354113333,370,87,1480,5689,7169
1341,morphem,HQ,std_ctrl__tvn_efaar_e1.0_c304,0.3769430680344084,0.052657635593032256,0.019848930715875443,370,63,1480,5529,7009
1342,morphem,HQ,std_ctrl__tvn_efaar_e1.0_c304,0.34068739653591856,0.10876259114198937,0.037054044016664914,370,71,1480,5849,7329
1343,morphem,HQ,std_ctrl__tvn_efaar_e1.0_c304,0.35792510840301994,0.15436166442811322,0.05524991547370301,370,103,1480,5561,7041
1344,morphem,HQ,std_ctrl__tvn_efaar_e1.0_c304,0.368800733065777,0.057170333437991855,0.021084460881546297,370,53,1480,5785,7265
1345,morphem,HQ,std_ctrl__tvn_efaar_e1.0_c304,0.3476574850836515,0.04751362662800679,0.016518467940696457,370,50,1480,5721,7201
1346,morphem,HQ,std_ctrl__tvn_efaar_e1.0_c304,0.38644945859319313,0.037991030323590365,0.01468161309994908,370,86,1480,5529,7009
1347,morphem,HQ,std_ctrl__tvn_efaar_e1.0_c304,0.38340196695891027,-0.021198527157355346,-0.008127557008761917,370,65,1480,5529,7009
1348,morphem,HQ,std_ctrl__tvn_efaar_e1.0_c304,0.38429769032504174,0.025199248118655163,0.009684012849926833,370,72,1480,5657,7137
1349,morphem,HQ,std_ctrl__tvn_efaar_e1.0_c304,0.3660900710565561,0.08699893818414674,0.03184944746167921,370,83,1480,5913,7393
1350,morphem,HQ,std_ctrl__tvn_efaar_e1.0_c304,0.3642495144349534,0.05413223407159949,0.019717639975859354,370,53,1480,5593,7073
1351,morphem,HQ,std_ctrl__tvn_efaar_e1.0_c304,0.3200463968155767,0.06017772017192111,0.019259662509599398,370,66,1480,5689,7169
1352,morphem,HQ,std_ctrl__tvn_efaar_e1.0_c304,0.33525238062246754,0.04164283183806493,0.013960858509572353,370,61,1480,5529,7009
1353,morphem,HQ,std_ctrl__tvn_efaar_e1.0_c304,0.3390334817089823,0.06995937310145475,0.023718569840763926,370,95,1480,5689,7169
1354,morphem,HQ,std_ctrl__tvn_efaar_e1.0_c304,0.3538494043017976,0.05726474274323657,0.02026309510718995,370,58,1480,5785,7265
1355,morphem,HQ,std_ctrl__tvn_efaar_e1.0_c304,0.3867828591647519,0.113413599920843,0.04386643644555094,370,92,1480,5849,7329
1356,morphem,HQ,std_ctrl__tvn_efaar_e1.0_c304,0.3802895847791744,0.12006782491313685,0.04566054328155542,370,82,1480,5625,7105
1357,morphem,HQ,std_ctrl__tvn_efaar_e1.0_c304,0.37051388277910063,0.04474736274501531,0.0165795191147805,370,88,1480,5721,7201
1358,morphem,HQ,std_ctrl__tvn_efaar_e1.0_c304,0.3538617861893837,0.02867704834812333,0.010147711551106236,370,119,1480,5593,7073
1359,morphem,HQ,std_ctrl__tvn_efaar_e1.0_c304,0.3496368230104887,0.0812255656507567,0.02839944872136045,370,92,1480,5433,6913
1360,morphem,HQ,std_ctrl__tvn_efaar_e1.0_c304,0.3340080686581441,-0.022626072795047785,-0.007557290875592487,370,74,1480,5593,7073
1361,morphem,HQ,std_ctrl__tvn_efaar_e1.0_c304,0.3977454714214277,0.041586976306257004,0.016541031495923935,370,62,1480,5593,7073
1362,morphem,HQ,std_ctrl__tvn_efaar_e1.0_c304,0.35585822135524514,-0.010776448646493865,-0.0038348878478674455,370,71,1480,5689,7169
1363,morphem,HQ,std_ctrl__tvn_efaar_e1.0_c304,0.3440490646008051,0.03761663718386156,0.012941968836535433,370,77,1480,5593,7073
1364,morphem,HQ,std_ctrl__tvn_efaar_e1.0_c304,0.3706013005058197,0.045393397616737455,0.016822852191140675,370,61,1480,5721,7201
1365,morphem,HQ,std_ctrl__tvn_efaar_e1.0_c304,0.3416278118159535,0.011344006118752591,0.003875427987576235,370,76,1480,5502,6982
1366,morphem,HQ,std_ctrl__tvn_efaar_e1.0_c304,0.3443243555751776,-0.012964979047854461,-0.004464158055698167,370,67,1480,5913,7393
1367,morphem,HQ,std_ctrl__tvn_efaar_e1.0_c304,0.35907861658408535,0.09329196483192434,0.033499149670258535,370,81,1480,5529,7009
1368,morphem,HQ,std_ctrl__tvn_efaar_e1.0_c304,0.35288323268062727,0.017748170163372746,0.0062630316614168315,370,77,1480,5598,7078
1369,morphem,HQ,std_ctrl__tvn_efaar_e1.0_c304,0.3764720223000595,0.005603898860888609,0.0021097111369237343,370,61,1480,5561,7041
1370,morphem,HQ,std_ctrl__tvn_efaar_e1.0_c304,0.35022524084387324,0.07055573792474927,0.024710400307612516,370,100,1480,5753,7233
1371,morphem,HQ,std_ctrl__tvn_efaar_e1.0_c304,0.3512682546004375,0.05328424728854664,0.01871706454274587,370,62,1480,5721,7201
1372,morphem,HQ,std_ctrl__tvn_efaar_e1.0_c304,0.41279166655921024,0.01639725038993103,0.00676864831544829,370,61,1480,5561,7041
1373,morphem,HQ,std_ctrl__tvn_efaar_e1.0_c304,0.3338269054039083,-0.004901777936163597,-0.0016363453594066498,370,43,1480,5753,7233
1374,morphem,HQ,std_ctrl__tvn_efaar_e1.0_c304,0.3463777861011093,0.028761701697903166,0.009962414558620215,370,57,1480,5817,7297
1375,morphem,HQ,std_ctrl__tvn_efaar_e1.0_c304,0.35704691861978854,0.04952454275004716,0.017682585384958326,370,66,1480,5849,7329
1376,morphem,HQ,std_ctrl__tvn_efaar_e1.0_c304,0.36318184075185805,0.01811702875971392,0.0065797758539072534,370,84,1480,5849,7329
1377,morphem,HQ,std_ctrl__tvn_efaar_e1.0_c304,0.38043715523518234,0.052322545990659546,0.019905440551348512,370,63,1480,5689,7169
1378,morphem,HQ,std_ctrl__tvn_efaar_e1.0_c304,0.35847620492883475,0.016951459726362073,0.006076694950710259,370,61,1480,5689,7169
1379,morphem,HQ,std_ctrl__tvn_efaar_e1.0_c304,0.3326632608106764,-0.06075183003821865,-0.020209901880729814,370,75,1480,5401,6881
1380,morphem,HQ,std_ctrl__tvn_efaar_e1.0_c304,0.39796693250956305,0.08436761277875815,0.03357552006071699,370,76,1480,5849,7329
1381,morphem,HQ,std_ctrl__tvn_efaar_e1.0_c304,0.36303799097461853,0.031081631775976754,0.011283813156163464,370,76,1480,5785,7265
1382,morphem,HQ,std_ctrl__tvn_efaar_e1.0_c304,0.3747359103049812,0.05737565032841426,0.021500716555158613,370,79,1480,5817,7297
1383,morphem,HQ,std_ctrl__tvn_efaar_e1.0_c304,0.32481397283019153,0.03522853554135697,0.01144272058617776,370,89,1480,5817,7297
1384,morphem,HQ,std_ctrl__tvn_efaar_e1.0_c304,0.3920290294187829,0.05961254459243286,0.02336984799775537,370,75,1480,5689,7169
1385,morphem,HQ,std_ctrl__tvn_efaar_e1.0_c304,0.3438487307679292,0.06958155273725902,0.023925528593568245,370,60,1480,5721,7201
1386,morphem,HQ,std_ctrl__tvn_efaar_e1.0_c304,0.3562562679891099,0.05570206715780675,0.019844210564918998,370,70,1480,5785,7265
1387,morphem,HQ,std_ctrl__tvn_efaar_e1.0_c304,0.34429122595844874,-0.0014335635537731297,-0.0004935633534179014,370,79,1480,5657,7137
1388,morphem,HQ,std_ctrl__tvn_efaar_e1.0_c304,0.33408807574877203,0.084832576866994,0.028341552366303816,370,68,1480,5785,7265
1389,morphem,HQ,std_ctrl__tvn_efaar_e1.0_c304,0.38480704948190014,0.016190169910361325,0.006230091513816781,370,62,1480,5625,7105
1390,morphem,HQ,std_ctrl__tvn_efaar_e1.0_c304,0.3448120178843684,-0.015009680032049234,-0.005175518059649608,370,82,1480,5689,7169
1391,morphem,HQ,std_ctrl__tvn_efaar_e1.0_c304,0.397580967488944,0.1026573677409027,0.040814615586296406,370,82,1480,5753,7233
1392,morphem,HQ,std_ctrl__tvn_efaar_e1.0_c304,0.38409087242658385,0.09129259227931184,0.0350646514146453,370,65,1480,5561,7041
1393,morphem,HQ,std_ctrl__tvn_efaar_e1.0_c304,0.34061263624790805,0.031241706941715925,0.01064132016230243,370,53,1480,5561,7041
1394,morphem,HQ,std_ctrl__tvn_efaar_e1.0_c304,0.3461052688196374,0.023625241865731762,0.008176820686868043,370,62,1480,5753,7233
1395,morphem,HQ,std_ctrl__tvn_efaar_e1.0_c304,0.35640224019231664,0.006260688257768536,0.002231323320214438,370,75,1480,5721,7201
1396,morphem,HQ,std_ctrl__tvn_efaar_e1.0_c304,0.34074743602931373,0.03033840696587415,0.010337734386835488,370,111,1480,5849,7329
1397,morphem,HQ,std_ctrl__tvn_efaar_e1.0_c304,0.3324044820648705,0.012213313728866897,0.004059760224339773,370,87,1480,5593,7073
1398,morphem,HQ,std_ctrl__tvn_efaar_e1.0_c304,0.3509092616600782,0.000761922586338664,0.00026736569221423774,370,80,1480,5849,7329
1399,morphem,HQ,std_ctrl__tvn_efaar_e1.0_c304,0.36395626664324776,-0.02964833437079805,-0.010790697089786343,370,52,1480,5689,7169
1400,morphem,HQ,std_ctrl__tvn_efaar_e1.0_c304,0.3444924525251318,0.0747266707649694,0.025742774080862375,370,57,1480,5497,6977
1401,morphem,HQ,std_ctrl__tvn_efaar_e1.0_c304,0.3472432158272223,0.10529771854128316,0.03656391840554489,370,71,1480,5721,7201
1402,morphem,HQ,std_ctrl__tvn_efaar_e1.0_c304,0.3500480991359691,0.11668997055586694,0.04084710238131343,370,68,1480,5689,7169
1403,morphem,HQ,std_ctrl__tvn_efaar_e1.0_c304,0.36710381110420154,0.025372928099585804,0.009314498604230835,370,68,1480,5785,7265
1404,morphem,HQ,std_ctrl__tvn_efaar_e1.0_c304,0.3696538102720624,0.049852052072021334,0.01842800099830395,370,59,1480,5817,7297
1405,morphem,HQ,std_ctrl__tvn_efaar_e1.0_c304,0.3504148273241056,0.06824376212709708,0.023913626121714063,370,58,1480,5817,7297
1406,morphem,HQ,std_ctrl__tvn_efaar_e1.0_c304,0.337304668952542,-0.00993563483669942,-0.0033513360194262418,370,58,1480,5657,7137
1407,morphem,HQ,std_ctrl__tvn_efaar_e1.0_c304,0.3593166666219714,0.08674380657784175,0.03116849542965114,370,80,1480,5753,7233
1408,morphem,HQ,std_ctrl__tvn_efaar_e1.0_c304,0.3442000748302043,-0.0244062789015832,-0.008400643024251775,370,66,1480,5849,7329
1409,morphem,HQ,std_ctrl__tvn_efaar_e1.0_c304,0.361648278247412,0.006253868037463299,0.0022617006081351236,370,65,1480,5849,7329
1410,morphem,HQ,std_ctrl__tvn_efaar_e1.0_c304,0.38313304688353145,0.014974422477587063,0.005737196109159171,370,69,1480,6041,7521
1411,morphem,HQ,std_ctrl__tvn_efaar_e1.0_c304,0.3710526676222717,0.053921687566354286,0.020007786014190437,370,58,1480,5817,7297
1412,morphem,HQ,std_ctrl__tvn_efaar_e1.0_c304,0.33732530586546006,-0.00097923909190171,-0.00033032212619115965,370,65,1480,5689,7169
1413,morphem,HQ,std_ctrl__tvn_efaar_e1.0_c304,0.37336539908060057,-0.038014762638171294,-0.014193397023355129,370,75,1480,5721,7201
1414,morphem,HQ,std_ctrl__tvn_efaar_e1.0_c304,0.35494308765573573,0.023345262824642152,0.008286239669113148,370,94,1480,5631,7111
1415,morphem,HQ,std_ctrl__tvn_efaar_e1.0_c304,0.3362092431173365,0.10057251474759282,0.033813409061695346,370,58,1480,5785,7265
1416,morphem,HQ,std_ctrl__tvn_efaar_e1.0_c304,0.35039196901734077,0.05476733095810393,0.0191900329322344,370,70,1480,5849,7329
1417,morphem,HQ,std_ctrl__tvn_efaar_e1.0_c304,0.3840039260138455,0.11246138230793508,0.043185612331191094,370,57,1480,5753,7233
1418,morphem,HQ,std_ctrl__tvn_efaar_e1.0_c304,0.36390738567301456,0.019536860229475445,0.0071096077303675,370,92,1480,5817,7297
1419,morphem,HQ,std_ctrl__tvn_efaar_e1.0_c304,0.3742993346874997,-0.0024404162096082877,-0.0009134461636169719,370,61,1480,5849,7329
1420,morphem,HQ,std_ctrl__tvn_efaar_e1.0_c304,0.364275927877114,0.03399295872527601,0.012382816580938356,370,63,1480,5785,7265
1421,morphem,HQ,std_ctrl__tvn_efaar_e1.0_c304,0.39171025923086134,0.0009882276530022152,0.0003870989101366034,370,103,1480,5657,7137
1422,morphem,HQ,std_ctrl__tvn_efaar_e1.0_c304,0.36144650154135227,0.11749206391217208,0.042467095459927565,370,73,1480,5817,7297
1423,morphem,HQ,std_ctrl__tvn_efaar_e1.0_c304,0.34002265509935176,0.02341660954816344,0.007962177751991364,370,71,1480,5823,7303
1424,morphem,HQ,std_ctrl__tvn_efaar_e1.0_c304,0.3669241957712414,0.05732398664810039,0.021033557699255617,370,44,1480,5721,7201
1425,morphem,HQ,std_ctrl__tvn_efaar_e1.0_c304,0.38782559766176034,-0.0030682778327366326,-0.0011899566842734153,370,86,1480,5497,6977
1426,morphem,HQ,std_ctrl__tvn_efaar_e1.0_c304,0.3628942914524602,-0.007688515825728827,-0.00279011850289889,370,63,1480,5497,6977
1427,morphem,HQ,std_ctrl__tvn_efaar_e1.0_c304,0.3533909698752571,0.1312284313983095,0.046374942647057237,370,73,1480,5721,7201
1428,morphem,HQ,std_ctrl__tvn_efaar_e1.0_c304,0.3375854665011037,0.07580655606405806,0.025591191592727113,370,94,1480,5657,7137
1429,morphem,HQ,std_ctrl__tvn_efaar_e1.0_c304,0.37500664371511544,0.05279076156751435,0.01979688631459846,370,69,1480,5817,7297
1430,morphem,HQ,std_ctrl__tvn_efaar_e1.0_c304,0.3588948683329039,0.045651368697831096,0.016384041958024943,370,77,1480,5567,7047
1431,morphem,HQ,std_ctrl__tvn_efaar_e1.0_c304,0.33416168230538335,0.071367496263061,0.023848282613187624,370,64,1480,5529,7009
1432,morphem,HQ,std_ctrl__tvn_efaar_e1.0_c304,0.34847766023118754,-0.005521563033819685,-0.0019241413668445013,370,59,1480,5752,7232
1433,morphem,HQ,std_ctrl__tvn_efaar_e1.0_c304,0.3465439730434023,-0.04237202739598806,-0.01468377071970959,370,65,1480,5721,7201
1434,morphem,HQ,std_ctrl__tvn_efaar_e1.0_c304,0.3820055860026418,0.07948112751969609,0.030362234694312203,370,63,1480,5625,7105
1435,morphem,HQ,std_ctrl__tvn_efaar_e1.0_c304,0.37930942153361874,-0.004195447062435752,-0.001591372598327425,370,88,1480,5785,7265
1436,morphem,HQ,std_ctrl__tvn_efaar_e1.0_c304,0.3212154748468292,0.0724094617099239,0.023259039626556507,370,92,1480,5721,7201
1437,morphem,HQ,std_ctrl__tvn_efaar_e1.0_c304,0.349410692277982,0.11271927730676869,0.03938532071683187,370,52,1480,5753,7233
1438,morphem,HQ,std_ctrl__tvn_efaar_e1.0_c304,0.33837026709974194,0.022511344553441757,0.007617169669322408,370,64,1480,5689,7169
1439,morphem,HQ,std_ctrl__tvn_efaar_e1.0_c304,0.3597974641069596,0.01924592916346409,0.0069246365073965584,370,58,1480,5721,7201
1440,morphem,HQ,std_ctrl__tvn_efaar_e1.0_c304,0.33827229567217054,0.023231574654996055,0.007858598090624929,370,81,1480,5657,7137
1441,morphem,HQ,std_ctrl__tvn_efaar_e1.0_c304,0.41692794224250035,0.08677491693613679,0.0361788875564474,370,76,1480,5593,7073
1442,morphem,HQ,std_ctrl__tvn_efaar_e1.0_c304,0.35448589303719386,0.024055405476253143,0.0085273018926214,370,57,1480,5785,7265
1443,morphem,HQ,std_ctrl__tvn_efaar_e1.0_c304,0.36147546913403733,0.03314320605538234,0.011980455957475399,370,62,1480,5657,7137
1444,morphem,HQ,std_ctrl__tvn_efaar_e1.0_c304,0.3517221717537812,-0.021044835869859845,-0.007401935376348979,370,82,1480,5721,7201
1445,morphem,HQ,std_ctrl__tvn_efaar_e1.0_c304,0.39154385607841785,0.007634736731809268,0.0029893342601161384,370,85,1480,5817,7297
1446,morphem,HQ,std_ctrl__tvn_efaar_e1.0_c304,0.3711644548899406,0.0047968435899146955,0.0017804178362429938,370,87,1480,5657,7137
1447,morphem,HQ,std_ctrl__tvn_efaar_e1.0_c304,0.3632908811772483,0.04398108975461929,0.01597792885209129,370,55,1480,5721,7201
1448,morphem,HQ,std_ctrl__tvn_efaar_e1.0_c304,0.3536992694424779,-0.010583376859699775,-0.0037433326635102366,370,68,1480,5657,7137
1449,morphem,HQ,std_ctrl__tvn_efaar_e1.0_c304,0.37755854393663985,0.0668360328543033,0.025234515246972174,370,74,1480,5625,7105
1450,morphem,HQ,std_ctrl__tvn_efaar_e1.0_c304,0.3588104547798791,0.003933881165985192,0.0014115176902171477,370,83,1480,5881,7361
1451,morphem,HQ,std_ctrl__tvn_efaar_e1.0_c304,0.3912121226125604,0.060091046387305246,0.023508345807187515,370,70,1480,5689,7169
1452,morphem,HQ,std_ctrl__tvn_efaar_e1.0_c304,0.35141641004905944,0.011922786276802586,0.004189862751176156,370,63,1480,5913,7393
1453,morphem,HQ,std_ctrl__tvn_efaar_e1.0_c304,0.34102554838880017,-0.011380261484353565,-0.0038809599135096154,370,56,1480,5657,7137
1454,morphem,HQ,std_ctrl__tvn_efaar_e1.0_c304,0.37909271615131973,0.0750859841269473,0.02846454966757933,370,79,1480,5785,7265
1455,morphem,HQ,std_ctrl__tvn_efaar_e1.0_c304,0.4165743897842296,0.07313597916134015,0.030466575890407407,370,81,1480,5657,7137
1456,morphem,HQ,std_ctrl__tvn_efaar_e1.0_c304,0.3495826636011577,0.0025520460040296612,0.0008921510397213798,370,79,1480,5753,7233
1457,morphem,HQ,std_ctrl__tvn_efaar_e1.0_c304,0.3830309301780019,0.06105214151860038,0.023384858555228514,370,76,1480,5887,7367
1458,morphem,HQ,std_ctrl__tvn_efaar_e1.0_c304,0.36565710681585284,-0.025725157820280252,-0.009406586780944888,370,85,1480,5721,7201
1459,morphem,HQ,std_ctrl__tvn_efaar_e1.0_c304,0.3776635541152091,0.09026738649880983,0.03409070200583176,370,85,1480,5817,7297
1460,morphem,HQ,std_ctrl__tvn_efaar_e1.0_c304,0.3559114773740144,0.0016716417674843358,0.0005949564911054586,370,40,1480,5657,7137
1461,morphem,HQ,std_ctrl__tvn_efaar_e1.0_c304,0.3876578708801085,0.03003172757857023,0.011642035571959973,370,81,1480,5785,7265
1462,morphem,HQ,std_ctrl__tvn_efaar_e1.0_c304,0.39518281199896055,-0.01588199214530606,-0.006276290316127453,370,75,1480,5817,7297
1463,morphem,HQ,std_ctrl__tvn_efaar_e1.0_c304,0.3465134162846445,0.024814536578015592,0.008598569843168454,370,79,1480,5849,7329
1464,morphem,HQ,std_ctrl__tvn_efaar_e1.0_c304,0.4014937699660809,0.08381048577682529,0.033649387897226185,370,94,1480,5721,7201
1465,morphem,HQ,std_ctrl__tvn_efaar_e1.0_c304,0.3686724919142462,0.07596495627291013,0.028006189727290527,370,78,1480,5561,7041
1466,morphem,HQ,std_ctrl__tvn_efaar_e1.0_c304,0.36425368521440926,0.03690323790080396,0.013442140401711902,370,57,1480,5625,7105
1467,morphem,HQ,std_ctrl__tvn_efaar_e1.0_c304,0.3283138718483984,-0.0001206744859337681,-3.961910771023049e-05,370,75,1480,5657,7137
1468,morphem,HQ,std_ctrl__tvn_efaar_e1.0_c304,0.35663775575960255,-0.02097748182309536,-0.007481362038876584,370,90,1480,5785,7265
1469,morphem,HQ,std_ctrl__tvn_efaar_e1.0_c304,0.3671313661643303,0.01106427107212157,0.004062040954320471,370,70,1480,5881,7361
1470,morphem,HQ,std_ctrl__tvn_efaar_e1.0_c304,0.35510053686709686,0.016266596925525224,0.005776277301254674,370,102,1480,5689,7169
1471,morphem,HQ,std_ctrl__tvn_efaar_e1.0_c304,0.365481401594969,-0.012187859694791248,-0.004454436043695136,370,67,1480,5881,7361
1472,morphem,HQ,std_ctrl__tvn_efaar_e1.0_c304,0.3998811096991981,0.018484355910172914,0.007391544753434876,370,67,1480,5657,7137
1473,morphem,HQ,std_ctrl__tvn_efaar_e1.0_c304,0.37559743255835853,0.05483730011709462,0.02059674913241291,370,82,1480,5497,6977
1474,morphem,HQ,std_ctrl__tvn_efaar_e1.0_c304,0.33388622363673603,0.025019725482078276,0.00835374165763893,370,84,1480,5593,7073
1475,morphem,HQ,std_ctrl__tvn_efaar_e1.0_c304,0.32021997778085304,0.029466937136611363,0.009435901955155484,370,84,1480,5593,7073
1476,morphem,HQ,std_ctrl__tvn_efaar_e1.0_c304,0.35167978153086477,0.014364108657828546,0.005051566594670746,370,79,1480,5657,7137
1477,morphem,HQ,std_ctrl__tvn_efaar_e1.0_c304,0.3537778821596766,-0.02156906477993872,-0.007630658058011591,370,58,1480,5689,7169
1478,morphem,HQ,std_ctrl__tvn_efaar_e1.0_c304,0.3785891558893121,0.049567817630386875,0.018765838235963526,370,48,1480,5657,7137
1479,morphem,HQ,std_ctrl__tvn_efaar_e1.0_c304,0.35567696218007894,0.08004551862592156,0.02847034690099671,370,84,1480,5497,6977
1480,morphem,HQ,std_ctrl__tvn_efaar_e1.0_c304,0.3664656171730171,0.0070855393726253465,0.00259660655919286,370,51,1480,5689,7169
1481,morphem,HQ,std_ctrl__tvn_efaar_e1.0_c304,0.3902740416086801,0.0358280849290967,0.01398277150837761,370,50,1480,6041,7521
1482,morphem,HQ,std_ctrl__tvn_efaar_e1.0_c304,0.34932421659101287,0.06741082601172967,0.02354823398630054,370,70,1480,5689,7169
1483,morphem,HQ,std_ctrl__tvn_efaar_e1.0_c304,0.3753495384423356,-0.021689019028269033,-0.008140963281527816,370,73,1480,5753,7233
1484,morphem,HQ,std_ctrl__tvn_efaar_e1.0_c304,0.37671773263673103,0.09790177843720473,0.03688133599396737,370,67,1480,5753,7233
1485,morphem,HQ,std_ctrl__tvn_efaar_e1.0_c304,0.3805426316012888,0.025621998201942563,0.009750262622650713,370,62,1480,5593,7073
1486,morphem,HQ,std_ctrl__tvn_efaar_e1.0_c304,0.3537636804562782,0.033639941788767315,0.01190058961752928,370,92,1480,5529,7009
1487,morphem,HQ,std_ctrl__tvn_efaar_e1.0_c304,0.362561116036998,0.14425314884762686,0.05230058263804678,370,86,1480,5753,7233
1488,morphem,HQ,std_ctrl__tvn_efaar_e1.0_c304,0.33838413345692264,0.08658547098154165,0.029299149568048494,370,76,1480,5849,7329
1489,morphem,HQ,std_ctrl__tvn_efaar_e1.0_c304,0.393143509885705,0.07062402534912465,0.02776537720801187,370,61,1480,5785,7265
1490,morphem,HQ,std_ctrl__tvn_efaar_e1.0_c304,0.38068373565665936,0.029695067506994036,0.011304429229139172,370,70,1480,5497,6977
1491,morphem,HQ,std_ctrl__tvn_efaar_e1.0_c304,0.39201087543582824,0.054183704022751494,0.02124060124831462,370,102,1480,5625,7105
1492,morphem,HQ,std_ctrl__tvn_efaar_e1.0_c304,0.3861179586758132,0.12304501490757755,0.04750988998134885,370,66,1480,5689,7169
1493,morphem,HQ,std_ctrl__tvn_efaar_e1.0_c304,0.342288750302585,0.000804981217811357,0.00027553601506170237,370,62,1480,5477,6957
1494,morphem,HQ,std_ctrl__tvn_efaar_e1.0_c304,0.3846913845393313,0.1032804166147568,0.039731086463329755,370,52,1480,5497,6977
1495,morphem,HQ,std_ctrl__tvn_efaar_e1.0_c304,0.349265083278635,-0.04403600204870076,-0.015380237922797612,370,65,1480,5657,7137
1496,morphem,HQ,std_ctrl__tvn_efaar_e1.0_c304,0.33277561150074736,-0.02517639774462148,-0.00837809115485245,370,97,1480,5785,7265
1497,morphem,HQ,std_ctrl__tvn_efaar_e1.0_c304,0.3768454000546342,0.05813491356282403,0.021907874758723998,370,65,1480,5497,6977
1498,morphem,HQ,std_ctrl__tvn_efaar_e1.0_c304,0.3397280471036221,0.009824152454251,0.0033375401277309486,370,58,1480,5433,6913
1499,morphem,HQ,std_ctrl__tvn_efaar_e1.0_c304,0.34073863706568,0.10513425572712368,0.03582330300537478,370,70,1480,5657,7137
1500,morphem,HQ,std_ctrl__tvn_efaar_e1.0_c304,0.37597463372168294,0.10428739815804847,0.03920941632425958,370,71,1480,5721,7201
1501,morphem,HQ,std_ctrl__tvn_efaar_e1.0_c304,0.361996515536404,0.05279615037754976,0.019112022470409013,370,44,1480,5913,7393
1502,morphem,HQ,std_ctrl__tvn_efaar_e1.0_c304,0.349815797026381,0.008638342002136395,0.003021828492463807,370,72,1480,5945,7425
1503,morphem,HQ,std_ctrl__tvn_efaar_e1.0_c304,0.359167188792781,0.13877232095876366,0.04984246440100866,370,50,1480,5657,7137
1504,morphem,HQ,std_ctrl__tvn_efaar_e1.0_c304,0.3533504745499204,0.05747242646540683,0.02030790916508691,370,67,1480,5657,7137
1505,morphem,HQ,std_ctrl__tvn_efaar_e1.0_c304,0.3635372085511152,0.018450367265682114,0.0067073950125089475,370,83,1480,5529,7009
1506,morphem,HQ,std_ctrl__tvn_efaar_e1.0_c304,0.3219710153324423,0.028721338159326208,0.009247438408864678,370,57,1480,5369,6849
1507,morphem,HQ,std_ctrl__tvn_efaar_e1.0_c304,0.3648974039913595,0.04920948945594403,0.017956414954214153,370,74,1480,5497,6977
1508,morphem,HQ,std_ctrl__tvn_efaar_e1.0_c304,0.36104191174548717,-0.002112845303584129,-0.0007628257076284882,370,74,1480,5945,7425
1509,morphem,HQ,std_ctrl__tvn_efaar_e1.0_c304,0.3736639555824197,0.022169696063922696,0.008284016325305356,370,57,1480,5721,7201
1510,morphem,HQ,std_ctrl__tvn_efaar_e1.0_c304,0.3865235209092345,0.05389768827382354,0.020832724240466633,370,50,1480,5721,7201
1511,morphem,HQ,std_ctrl__tvn_efaar_e1.0_c304,0.38196268227576935,-0.045679462102653584,-0.017447849869643917,370,72,1480,5945,7425
1512,morphem,HQ,std_ctrl__tvn_efaar_e1.0_c304,0.3815954645263899,0.040806228553285306,0.015571471740360943,370,58,1480,5311,6791
1513,morphem,HQ,std_ctrl__tvn_efaar_e1.0_c304,0.35372293648173336,0.11110808041310756,0.03930147647057297,370,97,1480,5724,7204
1514,morphem,HQ,std_ctrl__tvn_efaar_e1.0_c304,0.39258501173714827,0.010187177753448937,0.003999333297906167,370,59,1480,5753,7233
1515,morphem,HQ,std_ctrl__tvn_efaar_e1.0_c304,0.3901538181564754,0.009430110845099286,0.003679193751854273,370,61,1480,5689,7169
1516,morphem,HQ,std_ctrl__tvn_efaar_e1.0_c304,0.37282045947737674,0.0157342597073703,0.0058660539336381715,370,99,1480,5593,7073
1517,morphem,HQ,std_ctrl__tvn_efaar_e1.0_c304,0.36341985578812136,0.0012027460589260682,0.00043710179928464304,370,70,1480,5721,7201
1518,morphem,HQ,std_ctrl__tvn_efaar_e1.0_c304,0.3590888178435841,0.056899113820429566,0.02043183551812559,370,96,1480,5849,7329
1519,morphem,HQ,std_ctrl__tvn_efaar_e1.0_c304,0.32991631995806525,0.03906985421830803,0.012889782525002278,370,96,1480,5913,7393
1520,morphem,HQ,std_ctrl__tvn_efaar_e1.0_c304,0.33682862057446383,0.05301230647903649,0.017856062064804574,370,69,1480,5657,7137
1521,morphem,HQ,std_ctrl__tvn_efaar_e1.0_c304,0.3641108674582658,-0.030660609502846735,-0.011163861122880673,370,57,1480,5849,7329
1522,morphem,HQ,std_ctrl__tvn_efaar_e1.0_c304,0.36840231328619005,0.03997953542575497,0.014728553334955315,370,47,1480,5785,7265
1523,morphem,HQ,std_ctrl__tvn_efaar_e1.0_c304,0.36312764443672063,0.06879224455603648,0.024980365721148347,370,77,1480,5497,6977
1524,morphem,HQ,std_ctrl__tvn_efaar_e1.0_c304,0.3345792443958251,0.052066101278292067,0.017420236824327463,370,90,1480,5822,7302
1525,morphem,HQ,std_ctrl__tvn_efaar_e1.0_c304,0.3299357389487542,-0.02375334981092835,-0.007837079022376896,370,51,1480,5625,7105
1526,morphem,HQ,std_ctrl__tvn_efaar_e1.0_c304,0.34595398494961493,0.01810551743483629,0.006263675906156345,370,50,1480,5721,7201
1527,morphem,HQ,std_ctrl__tvn_efaar_e1.0_c304,0.3507151919346753,0.04344873215594674,0.01523813043739116,370,59,1480,5753,7233
1528,morphem,HQ,std_ctrl__tvn_efaar_e1.0_c304,0.3864248843652004,0.018882594957060565,0.007296704572797045,370,69,1480,5369,6849
1529,morphem,HQ,std_ctrl__tvn_efaar_e1.0_c304,0.3726900219082259,0.010162227481868744,0.0037873607828540377,370,96,1480,5817,7297
1530,morphem,HQ,std_ctrl__tvn_efaar_e1.0_c304,0.38972239652880153,-0.045123065420016296,-0.017585469194214644,370,80,1480,5849,7329
1531,morphem,HQ,std_ctrl__tvn_efaar_e1.0_c304,0.35709153725311976,-0.029348083967224083,-0.010479952419289685,370,47,1480,5625,7105
1532,morphem,HQ,std_ctrl__tvn_efaar_e1.0_c304,0.3742608038853011,0.17267839270553426,0.06462675406759497,370,63,1480,5593,7073
1533,morphem,HQ,std_ctrl__tvn_efaar_e1.0_c304,0.3352513272381785,0.040380121198137206,0.013537489225714006,370,65,1480,5849,7329
1534,morphem,HQ,std_ctrl__tvn_efaar_e1.0_c304,0.3962190656088929,0.0674039104253866,0.026706714407132195,370,84,1480,5689,7169
1535,morphem,HQ,std_ctrl__tvn_efaar_e1.0_c304,0.36177212041488177,0.07142121630200049,0.025838204864184637,370,86,1480,5913,7393
1536,morphem,HQ,std_ctrl__tvn_efaar_e1.0_c304,0.369523902961266,0.010269828881365219,0.003794947250986408,370,77,1480,5689,7169
1537,morphem,HQ,std_ctrl__tvn_efaar_e1.0_c304,0.3797167413384461,-0.025634752539892218,-0.009733944699465327,370,66,1480,5657,7137
1538,morphem,HQ,std_ctrl__tvn_efaar_e1.0_c304,0.3596884008260889,0.06449712687245308,0.023198868422630012,370,59,1480,5785,7265
1539,morphem,HQ,std_ctrl__tvn_efaar_e1.0_c304,0.32693742379833163,-0.0067074470438012864,-0.002192915456764128,370,66,1480,5689,7169
1540,morphem,HQ,std_ctrl__tvn_efaar_e1.0_c304,0.3665340992881739,0.06043678961412247,0.022152144245081242,370,92,1480,5753,7233
1541,morphem,HQ,std_ctrl__tvn_efaar_e1.0_c304,0.36243960848833506,-0.011847223092229065,-0.004293902899221464,370,75,1480,5849,7329
1542,morphem,HQ,std_ctrl__tvn_efaar_e1.0_c304,0.3436869794735017,0.049917116754530005,0.01715586308139054,370,85,1480,5625,7105
1543,morphem,HQ,std_ctrl__tvn_efaar_e1.0_c304,0.3438848496639169,0.03858488495249501,0.013268757361188278,370,64,1480,5817,7297
1544,morphem,HQ,std_ctrl__tvn_efaar_e1.0_c304,0.36224410630058723,0.04084304443644393,0.014795152130474803,370,60,1480,5497,6977
1545,morphem,HQ,std_ctrl__tvn_efaar_e1.0_c304,0.35876506806071895,0.04456976181348501,0.015990073630464983,370,103,1480,5465,6945
1546,morphem,HQ,std_ctrl__tvn_efaar_e1.0_c304,0.34685681964389475,0.07790386631419258,0.027021487307703984,370,57,1480,5529,7009
1547,morphem,HQ,std_ctrl__tvn_efaar_e1.0_c304,0.3744589296949238,0.029556855828522875,0.011067828598695845,370,79,1480,5529,7009
1548,morphem,HQ,std_ctrl__tvn_efaar_e1.0_c304,0.37473896978925125,0.06860399373676845,0.025708589936344856,370,63,1480,5849,7329
1549,morphem,HQ,std_ctrl__tvn_efaar_e1.0_c304,0.38371440793643563,0.02091951430871115,0.008027119047284892,370,68,1480,5689,7169
1550,morphem,HQ,std_ctrl__tvn_efaar_e1.0_c304,0.3793868811807115,-0.008764700651327308,-0.0033252124445896183,370,66,1480,5593,7073
1551,morphem,HQ,std_ctrl__tvn_efaar_e1.0_c304,0.369620438306813,0.04930771638560209,0.018225139742354273,370,64,1480,5625,7105
1552,morphem,HQ,std_ctrl__tvn_efaar_e1.0_c304,0.35799985064643375,0.04450174141363548,0.015931616779587716,370,79,1480,5657,7137
1553,morphem,HQ,std_ctrl__tvn_efaar_e1.0_c304,0.3811061698738029,0.0765850444496786,0.029187032959831962,370,64,1480,5817,7297
1554,morphem,HQ,std_ctrl__tvn_efaar_e1.0_c304,0.35072462017297684,-0.0003982525157106089,-0.0001396769623055358,370,80,1480,5625,7105
1555,morphem,HQ,std_ctrl__tvn_efaar_e1.0_c304,0.3250222293388001,0.005729953069212921,0.0018623621205622837,370,91,1480,5881,7361
1556,morphem,HQ,std_ctrl__tvn_efaar_e1.0_c304,0.3704763809819767,0.009222515645528118,0.0034167242199049158,370,59,1480,5881,7361
1557,morphem,HQ,std_ctrl__tvn_efaar_e1.0_c304,0.3925856674521242,0.0651761586626472,0.0255872257505409,370,114,1480,5785,7265
1558,morphem,HQ,std_ctrl__tvn_efaar_e1.0_c304,0.35899466352853454,0.004759196024517598,0.0017085259754880343,370,69,1480,5689,7169
1559,morphem,HQ,std_ctrl__tvn_efaar_e1.0_c304,0.38677518616629736,0.07210221152672026,0.02788734628624898,370,52,1480,5593,7073
1560,morphem,HQ,std_ctrl__tvn_efaar_e1.0_c304,0.3489812902643215,-0.0015808855653555594,-0.0005516994843580245,370,73,1480,5593,7073
1561,morphem,HQ,std_ctrl__tvn_efaar_e1.0_c304,0.40476565246224344,0.01400629125759701,0.00566926561945747,370,90,1480,5721,7201
1562,morphem,HQ,std_ctrl__tvn_efaar_e1.0_c304,0.38850771136527235,0.0435588199956468,0.0169229374662806,370,106,1480,5849,7329
1563,morphem,HQ,std_ctrl__tvn_efaar_e1.0_c304,0.37382214277376213,0.04338414256090595,0.016217953134520232,370,78,1480,5689,7169
1564,morphem,HQ,std_ctrl__tvn_efaar_e1.0_c304,0.37039733969472577,0.05434827322892398,0.020130455820995527,370,78,1480,5305,6785
1565,morphem,HQ,std_ctrl__tvn_efaar_e1.0_c304,0.411625894316763,0.11083835932140061,0.04562393878027425,370,84,1480,5785,7265
1566,morphem,HQ,std_ctrl__tvn_efaar_e1.0_c304,0.32977304335872026,-0.043778057584184626,-0.014436823281869869,370,76,1480,5625,7105
1567,morphem,HQ,std_ctrl__tvn_efaar_e1.0_c304,0.35514980082026976,-0.0018022152102587657,-0.0006400563729586612,370,70,1480,5689,7169
1568,morphem,HQ,std_ctrl__tvn_efaar_e1.0_c304,0.34773964799513096,0.08079816061883965,0.028096723932249355,370,94,1480,5753,7233
1569,morphem,HQ,std_ctrl__tvn_efaar_e1.0_c304,0.35772279882734487,-0.002680602002481043,-0.0009589124508697039,370,58,1480,5689,7169
1570,morphem,HQ,std_ctrl__tvn_efaar_e1.0_c304,0.349551811078377,-0.045138211700359566,-0.015778143648699873,370,75,1480,5497,6977
1571,morphem,HQ,std_ctrl__tvn_efaar_e1.0_c304,0.3866413736019153,0.04392975821653488,0.01698506205884107,370,55,1480,5497,6977
1572,morphem,HQ,std_ctrl__tvn_efaar_e1.0_c304,0.3468734453156099,0.00010242347373000162,3.552798321391852e-05,370,96,1480,5753,7233
1573,morphem,HQ,std_ctrl__tvn_efaar_e1.0_c304,0.3431396900636786,0.026590626836144438,0.009124299451153537,370,42,1480,5785,7265
1574,morphem,HQ,std_ctrl__tvn_efaar_e1.0_c304,0.36371015170375326,0.06353469234010178,0.02310821258946971,370,81,1480,5689,7169
1575,morphem,HQ,std_ctrl__tvn_efaar_e1.0_c304,0.34763676289777656,-0.008518700286211833,-0.002961413391595044,370,76,1480,5625,7105
1576,morphem,HQ,std_ctrl__tvn_efaar_e1.0_c304,0.3968452892445665,0.13236761302462013,0.05252946367736823,370,60,1480,5593,7073
1577,morphem,HQ,std_ctrl__tvn_efaar_e1.0_c304,0.36022313149223995,0.025928426970485908,0.009340019157976286,370,70,1480,5529,7009
1578,morphem,HQ,std_ctrl__tvn_efaar_e1.0_c304,0.368313777448639,0.1357415751732801,0.049995492308899186,370,67,1480,5689,7169
1579,morphem,HQ,std_ctrl__tvn_efaar_e1.0_c304,0.35260261733256787,0.07706247289020424,0.02717242963920607,370,50,1480,5529,7009
1580,morphem,HQ,std_ctrl__tvn_efaar_e1.0_c304,0.3779964226642119,0.012338834061419396,0.004664035135063861,370,53,1480,5625,7105
1581,morphem,HQ,std_ctrl__tvn_efaar_e1.0_c304,0.3496401282660588,0.06416771214990127,0.02243560710663102,370,53,1480,5657,7137
1582,morphem,HQ,std_ctrl__tvn_efaar_e1.0_c304,0.34794557893747663,0.045199320421399916,0.015726903711604505,370,58,1480,5721,7201
1583,morphem,HQ,std_ctrl__tvn_efaar_e1.0_c304,0.339117016872253,-0.033332873114179276,-0.011303744494261801,370,101,1480,5849,7329
1584,morphem,HQ,std_ctrl__tvn_efaar_e1.0_c304,0.3300497377256508,0.0034480831066541367,0.001138038925007445,370,82,1480,5628,7108
1585,morphem,HQ,std_ctrl__tvn_efaar_e1.0_c304,0.3399340486386239,-0.003146911249110736,-0.0010697422816166417,370,120,1480,5913,7393
1586,morphem,HQ,std_ctrl__tvn_efaar_e1.0_c304,0.35782445117646244,0.000665213742712667,0.00023802974240120055,370,69,1480,5849,7329
1587,morphem,HQ,std_ctrl__tvn_efaar_e1.0_c304,0.38532506982315434,0.018715119863328505,0.007211404868085759,370,57,1480,5785,7265
1588,morphem,HQ,std_ctrl__tvn_efaar_e1.0_c304,0.3304496433694643,0.04463068671012691,0.014748194506695728,370,68,1480,5689,7169
1589,morphem,HQ,std_ctrl__tvn_efaar_e1.0_c304,0.3452666078381663,-0.021413857226951192,-0.007393489845480241,370,80,1480,5625,7105
1590,morphem,HQ,std_ctrl__tvn_efaar_e1.0_c304,0.35964559044471817,0.04375121724799714,0.015734932359831068,370,100,1480,5689,7169
1591,morphem,HQ,std_ctrl__tvn_efaar_e1.0_c304,0.37595455555659196,0.0666527089984339,0.025058389588149075,370,86,1480,5785,7265
1592,morphem,HQ,std_ctrl__tvn_efaar_e1.0_c304,0.3643444536836681,0.10354508864865349,0.037726078755320636,370,74,1480,5753,7233
1593,morphem,HQ,std_ctrl__tvn_efaar_e1.0_c304,0.3541062881167326,0.038971533352978364,0.013800065017840611,370,67,1480,5689,7169
1594,morphem,HQ,std_ctrl__tvn_efaar_e1.0_c304,0.36182767306437136,-0.010948773180749573,-0.003961569122900214,370,97,1480,5721,7201
1595,morphem,HQ,std_ctrl__tvn_efaar_e1.0_c304,0.3723249933854355,0.07301488127368164,0.027185265187261873,370,64,1480,5689,7169
1596,morphem,HQ,std_ctrl__tvn_efaar_e1.0_c304,0.3655592065886718,0.01781563055996228,0.006512667772376706,370,89,1480,5817,7297
1597,morphem,HQ,std_ctrl__tvn_efaar_e1.0_c304,0.38989868801587557,0.01878754377224944,0.00732523866784089,370,93,1480,5631,7111
1598,morphem,HQ,std_ctrl__tvn_efaar_e1.0_c304,0.36310229443094055,-0.007592263040578619,-0.0027567681299573254,370,84,1480,5753,7233
1599,morphem,HQ,std_ctrl__tvn_efaar_e1.0_c304,0.36493630751366013,0.004785227991369374,0.0017463034337813481,370,63,1480,5657,7137
1600,morphem,HQ,std_ctrl__tvn_efaar_e1.0_c304,0.3375393146865054,-0.0036302056959408475,-0.001225337142778922,370,63,1480,5625,7105
1601,morphem,HQ,std_ctrl__tvn_efaar_e1.0_c304,0.35905005469797147,0.03310300083573648,0.011885634260738178,370,68,1480,5753,7233
1602,morphem,HQ,std_ctrl__tvn_efaar_e1.0_c304,0.3601123530692735,0.0693807874068868,0.024984878610893026,370,84,1480,5881,7361
1603,morphem,HQ,std_ctrl__tvn_efaar_e1.0_c304,0.3454757653599397,0.005630998529967273,0.001945373526881139,370,76,1480,5817,7297
1604,morphem,HQ,std_ctrl__tvn_efaar_e1.0_c304,0.3167247298312685,-0.00026840554241759976,-8.501067290742935e-05,370,64,1480,5625,7105
1605,morphem,HQ,std_ctrl__tvn_efaar_e1.0_c304,0.3356275810472775,0.06788681077143362,0.02278468608423053,370,74,1480,5503,6983
1606,morphem,HQ,std_ctrl__tvn_efaar_e1.0_c304,0.35115999304217804,-0.03882177616585005,-0.013632654648284897,370,84,1480,5881,7361
1607,morphem,HQ,std_ctrl__tvn_efaar_e1.0_c304,0.34789286482191467,0.056080232242273174,0.019509912654642723,370,73,1480,5753,7233
1608,morphem,HQ,std_ctrl__tvn_efaar_e1.0_c304,0.38190488840844744,0.043390681459744354,0.016571113360850157,370,72,1480,5785,7265
1609,morphem,HQ,std_ctrl__tvn_efaar_e1.0_c304,0.34945125658546017,0.00010763018158999949,3.7611502203146584e-05,370,108,1480,5593,7073
1610,morphem,HQ,std_ctrl__tvn_efaar_e1.0_c304,0.3786317798483045,0.04626213473602947,0.01751631441468491,370,65,1480,5625,7105
1611,morphem,HQ,std_ctrl__tvn_efaar_e1.0_c304,0.38234643117581724,0.06615801257762326,0.025295280002739083,370,48,1480,5657,7137
1612,morphem,HQ,std_ctrl__tvn_efaar_e1.0_c304,0.36569082827254484,-0.041500018282890926,-0.015176176059196137,370,95,1480,5657,7137
1613,morphem,HQ,std_ctrl__tvn_efaar_e1.0_c304,0.32602704152695816,0.01856274511416916,0.006051956872191568,370,49,1480,5529,7009
1614,morphem,HQ,std_ctrl__tvn_efaar_e1.0_c304,0.3521228993408923,0.020501970020452617,0.0072192131258018285,370,88,1480,5753,7233
1615,morphem,HQ,std_ctrl__tvn_efaar_e1.0_c304,0.39736631617100754,0.022664629862421494,0.009006160475809839,370,49,1480,5977,7457
1616,morphem,HQ,std_ctrl__tvn_efaar_e1.0_c304,0.36743095418564964,0.06441249388176956,0.02366714408845591,370,72,1480,5657,7137
1617,morphem,HQ,std_ctrl__tvn_efaar_e1.0_c304,0.3706632016565588,0.09665824912225214,0.03582765608617124,370,73,1480,5689,7169
1618,morphem,HQ,std_ctrl__tvn_efaar_e1.0_c304,0.36479637639705154,0.03394336688543433,0.012382417242522118,370,46,1480,5753,7233
1619,morphem,HQ,std_ctrl__tvn_efaar_e1.0_c304,0.3680303831339967,-0.0013816689502019034,-0.0005084961531071536,370,48,1480,5785,7265
1620,morphem,HQ,std_ctrl__tvn_efaar_e1.0_c304,0.3199838310344648,-0.028518593487231354,-0.009125488799758826,370,52,1480,5561,7041
1621,morphem,HQ,std_ctrl__tvn_efaar_e1.0_c304,0.3502796345768854,0.04636079829099782,0.016239243484063408,370,71,1480,5625,7105
1622,morphem,HQ,std_ctrl__tvn_efaar_e1.0_c304,0.3074571214394394,0.034412731431289895,0.01058043934673291,370,65,1480,5305,6785
1623,morphem,HQ,std_ctrl__tvn_efaar_e1.0_c304,0.34505589767516476,0.09124043185116146,0.03148304911667221,370,68,1480,5753,7233
1624,morphem,HQ,std_ctrl__tvn_efaar_e1.0_c304,0.3566158218463887,0.027532516481670617,0.009818530992610208,370,72,1480,5689,7169
1625,morphem,HQ,std_ctrl__tvn_efaar_e1.0_c304,0.36339562336291453,0.032034121273799676,0.011641059469175635,370,70,1480,5913,7393
1626,morphem,HQ,std_ctrl__tvn_efaar_e1.0_c304,0.371695532283392,0.13101581763853934,0.0486979940747007,370,54,1480,5593,7073
1627,morphem,HQ,std_ctrl__tvn_efaar_e1.0_c304,0.3626297549875262,0.034571571795173256,0.01253668060961735,370,61,1480,5529,7009
1628,morphem,HQ,std_ctrl__tvn_efaar_e1.0_c304,0.3418215438107473,-0.048077766917729366,-0.016434016510791526,370,94,1480,5849,7329
1629,morphem,HQ,std_ctrl__tvn_efaar_e1.0_c304,0.3701687215481574,0.0078081098252051565,0.0028903180317037995,370,70,1480,5817,7297
1630,morphem,HQ,std_ctrl__tvn_efaar_e1.0_c304,0.33093921235920526,0.018582587667092792,0.00614970692614357,370,69,1480,5657,7137
1631,morphem,HQ,std_ctrl__tvn_efaar_e1.0_c304,0.36066605648801203,0.25630496148515,0.09244049971716085,370,50,1480,5881,7361
1632,morphem,HQ,std_ctrl__tvn_efaar_e1.0_c304,0.38225330162599336,-0.05090607986463455,-0.01945901710109306,370,73,1480,5721,7201
1633,morphem,HQ,std_ctrl__tvn_efaar_e1.0_c304,0.36361709913973206,0.06147988397748458,0.022355137067340235,370,72,1480,5721,7201
1634,morphem,HQ,std_ctrl__tvn_efaar_e1.0_c304,0.36953055072606983,0.11691338453982059,0.043203067376248676,370,53,1480,5663,7143
1635,morphem,HQ,std_ctrl__tvn_efaar_e1.0_c304,0.37970246313663736,0.03653044243706797,0.013870698972825854,370,77,1480,5753,7233
1636,morphem,HQ,std_ctrl__tvn_efaar_e1.0_c304,0.35324498581207714,-0.004354943130199322,-0.0015383618242396622,370,56,1480,5753,7233
1637,morphem,HQ,std_ctrl__tvn_efaar_e1.0_c304,0.3776773391295898,0.018232499635376626,0.00688600194797026,370,61,1480,5881,7361
1638,morphem,HQ,std_ctrl__tvn_efaar_e1.0_c304,0.3772460695744551,-0.013570973841495037,-0.005119596542001747,370,58,1480,5881,7361
1639,morphem,HQ,std_ctrl__tvn_efaar_e1.0_c304,0.34328349528355434,0.030501781998632536,0.010470758336867576,370,69,1480,5977,7457
1640,morphem,HQ,std_ctrl__tvn_efaar_e1.0_c304,0.37412403356558893,0.06896567215920975,0.02580171544576559,370,72,1480,5625,7105
1641,morphem,HQ,std_ctrl__tvn_efaar_e1.0_c304,0.3604955558688564,0.023505053437190726,0.008473467304567245,370,78,1480,5657,7137
1642,morphem,HQ,std_ctrl__tvn_efaar_e1.0_c304,0.3672090354429598,-0.007651111006345632,-0.002809557092707193,370,113,1480,5593,7073
1643,morphem,HQ,std_ctrl__tvn_efaar_e1.0_c304,0.33446543953925145,0.05074029580638377,0.016970875339233783,370,104,1480,5689,7169
1644,morphem,HQ,std_ctrl__tvn_efaar_e1.0_c304,0.33876935853632867,0.05045413367825689,0.017092314501689264,370,61,1480,5561,7041
1645,morphem,HQ,std_ctrl__tvn_efaar_e1.0_c304,0.35637765960299134,0.03806827256432221,0.013566681881601914,370,61,1480,5785,7265
1646,morphem,HQ,std_ctrl__tvn_efaar_e1.0_c304,0.3848093706296786,0.005689913064791203,0.0021895318653998887,370,71,1480,5753,7233
1647,morphem,HQ,std_ctrl__tvn_efaar_e1.0_c304,0.3789835770492413,0.04693057602132484,0.017785917573543038,370,70,1480,5881,7361
1648,morphem,HQ,std_ctrl__tvn_efaar_e1.0_c304,0.38795017489199235,0.044126195927370264,0.017118765427341615,370,87,1480,5817,7297
1649,morphem,HQ,std_ctrl__tvn_efaar_e1.0_c304,0.3537365702945879,0.027569808693530345,0.009752449570927336,370,101,1480,5913,7393
1650,morphem,HQ,std_ctrl__tvn_efaar_e1.0_c304,0.35312174309840044,0.017208182740674566,0.0060765834849428125,370,48,1480,5625,7105
1651,morphem,HQ,std_ctrl__tvn_efaar_e1.0_c304,0.337225386912165,0.06754365490719312,0.022777435159539953,370,79,1480,5689,7169
1652,morphem,HQ,std_ctrl__tvn_efaar_e1.0_c304,0.37126115762968076,0.004528207161116046,0.0016811474326229535,370,77,1480,5535,7015
1653,morphem,HQ,std_ctrl__tvn_efaar_e1.0_c304,0.36269794728042537,-0.005221801999382803,-0.0018939368662809636,370,61,1480,5753,7233
1654,morphem,HQ,std_ctrl__tvn_efaar_e1.0_c304,0.3327310104544565,0.025055999836992617,0.008336908143709252,370,87,1480,5753,7233
1655,morphem,HQ,std_ctrl__tvn_efaar_e1.0_c304,0.3402421353098058,0.0731895431396747,0.024902166440192067,370,86,1480,5785,7265
1656,morphem,HQ,std_ctrl__tvn_efaar_e1.0_c304,0.35908742094958307,0.09115274967162894,0.032731805792048194,370,68,1480,5785,7265
1657,morphem,HQ,std_ctrl__tvn_efaar_e1.0_c304,0.37530176473565885,0.05576131225863355,0.0209273188946413,370,64,1480,5753,7233
1658,morphem,HQ,std_ctrl__tvn_efaar_e1.0_c304,0.35851030904871034,-0.021275216436769842,-0.007627384419824558,370,61,1480,5657,7137
1659,morphem,HQ,std_ctrl__tvn_efaar_e1.0_c304,0.37608647522011607,0.04404726920807885,0.01656558221953793,370,50,1480,5785,7265
1660,morphem,HQ,std_ctrl__tvn_efaar_e1.0_c304,0.3622281344099435,0.010914789784075138,0.003953643940962247,370,72,1480,5625,7105
1661,morphem,HQ,std_ctrl__tvn_efaar_e1.0_c304,0.38646158355305776,0.05461382602117196,0.021106145688033307,370,87,1480,5913,7393
1662,morphem,HQ,std_ctrl__tvn_efaar_e1.0_c304,0.36762172144444594,0.0075554214934601144,0.002777537055664174,370,70,1480,5657,7137
1663,morphem,HQ,std_ctrl__tvn_efaar_e1.0_c304,0.32034403427586094,0.09516996691222569,0.03048713114256258,370,76,1480,5689,7169
1664,morphem,HQ,std_ctrl__tvn_efaar_e1.0_c304,0.38275265618633403,-0.013002445535026781,-0.00497672056544964,370,77,1480,5625,7105
1665,morphem,HQ,std_ctrl__tvn_efaar_e1.0_c304,0.3334625064356256,-0.0281969719999421,-0.009402632956995846,370,88,1480,5753,7233
1666,morphem,HQ,std_ctrl__tvn_efaar_e1.0_c304,0.3764465475653628,-0.002991548837490599,-0.0011261582317465106,370,100,1480,5561,7041
1667,morphem,HQ,std_ctrl__tvn_efaar_e1.0_c304,0.3517039760593196,0.036193809375063515,0.012729506665942915,370,120,1480,5657,7137
1668,morphem,HQ,std_ctrl__tvn_efaar_e1.0_c304,0.36921221936571863,0.007231102460142453,0.002669811387770103,370,95,1480,5561,7041
1669,morphem,HQ,std_ctrl__tvn_efaar_e1.0_c304,0.32976127786804116,0.018458094096147445,0.006086764696154128,370,88,1480,5593,7073
1670,morphem,HQ,std_ctrl__tvn_efaar_e1.0_c304,0.3773133231661312,0.02477823981002349,0.00934916000492729,370,79,1480,5753,7233
1671,morphem,HQ,std_ctrl__tvn_efaar_e1.0_c304,0.3518390751805212,0.12490997769239925,0.043948211032113285,370,54,1480,5785,7265
1672,morphem,HQ,std_ctrl__tvn_efaar_e1.0_c304,0.3818142839998723,0.038222642091889684,0.01459395072289824,370,58,1480,5529,7009
1673,morphem,HQ,std_ctrl__tvn_efaar_e1.0_c304,0.33269076042117757,-0.006668127744696896,-0.0022184244899687623,370,107,1480,5657,7137
1674,morphem,HQ,std_ctrl__tvn_efaar_e1.0_c304,0.3778056889667404,0.0658244004479686,0.02486883296206739,370,55,1480,5785,7265
1675,morphem,HQ,std_ctrl__tvn_efaar_e1.0_c304,0.38799305872110285,-0.05674354779332477,-0.022016102671019163,370,57,1480,5497,6977
1676,morphem,HQ,std_ctrl__tvn_efaar_e1.0_c304,0.34972141305380194,0.015767811808708745,0.0055143414265080475,370,41,1480,5817,7297
1677,morphem,HQ,std_ctrl__tvn_efaar_e1.0_c304,0.3535378050855149,0.011498447075728377,0.004065135741044968,370,70,1480,5593,7073
1678,morphem,HQ,std_ctrl__tvn_efaar_e1.0_c304,0.3815596919316111,0.18037661260577723,0.06882444473752791,370,55,1480,5625,7105
1679,morphem,HQ,std_ctrl__tvn_efaar_e1.0_c304,0.397076430429524,0.022672147158149046,0.009002575263730701,370,77,1480,5721,7201
1680,morphem,HQ,std_ctrl__tvn_efaar_e1.0_c304,0.33266176981121737,0.02971942185568124,0.009886515472277096,370,89,1480,5913,7393
1681,morphem,HQ,std_ctrl__tvn_efaar_e1.0_c304,0.38189004601649895,0.0011091930075252151,0.0004235897686849833,370,60,1480,5593,7073
1682,morphem,HQ,std_ctrl__tvn_efaar_e1.0_c304,0.3707211057048739,0.059609803016193896,0.02209861208501313,370,73,1480,5849,7329
1683,morphem,HQ,std_ctrl__tvn_efaar_e1.0_c304,0.37318087168333597,0.12741328741221086,0.04754820166052827,370,84,1480,5689,7169
1684,morphem,HQ,std_ctrl__tvn_efaar_e1.0_c304,0.3583374339489208,0.09376515486198761,0.033599564987067815,370,84,1480,5721,7201
1685,morphem,HQ,std_ctrl__tvn_efaar_e1.0_c304,0.4056336732071652,0.020210969119862088,0.008198249643166245,370,69,1480,5657,7137
1686,morphem,HQ,std_ctrl__tvn_efaar_e1.0_c304,0.3281462814092784,0.07823548653199434,0.025672683979719623,370,95,1480,5689,7169
1687,morphem,HQ,std_ctrl__tvn_efaar_e1.0_c304,0.38530471431692437,0.005654445351354144,0.0021786844507241695,370,52,1480,5721,7201
1688,morphem,HQ,std_ctrl__tvn_efaar_e1.0_c304,0.33923661871669375,0.04082310688768739,0.01384869274608924,370,72,1480,5529,7009
1689,morphem,HQ,std_ctrl__tvn_efaar_e1.0_c304,0.35781956665777165,0.01259610504106438,0.0045071328473694295,370,52,1480,5529,7009
1690,morphem,HQ,std_ctrl__tvn_efaar_e1.0_c304,0.3973385091932609,-0.007105024869450501,-0.002823099989408505,370,61,1480,5849,7329
1691,morphem,HQ,std_ctrl__tvn_efaar_e1.0_c304,0.36069249377695395,0.020275273515985157,0.0073131389664905155,370,86,1480,5529,7009
1692,morphem,HQ,std_ctrl__tvn_efaar_e1.0_c304,0.3648342745008916,-0.019752199532098606,-0.007206279386090046,370,80,1480,5497,6977
1693,morphem,HQ,std_ctrl__tvn_efaar_e1.0_c304,0.3580613862867865,0.03973885233837507,0.014228948557724485,370,79,1480,5817,7297
1694,morphem,HQ,std_ctrl__tvn_efaar_e1.0_c304,0.33936739713507885,0.008464608896227221,0.002872612288879065,370,50,1480,5753,7233
1695,morphem,HQ,std_ctrl__tvn_efaar_e1.0_c304,0.3280918721761952,0.010187277121378183,0.0033423628231306884,370,86,1480,5721,7201
1696,morphem,HQ,std_ctrl__tvn_efaar_e1.0_c304,0.36385159827291164,0.06068528811415566,0.022080439071987666,370,76,1480,5689,7169
1697,morphem,HQ,std_ctrl__tvn_efaar_e1.0_c304,0.36028035837168143,0.008049895599411322,0.0029002192714105324,370,74,1480,5913,7393
1698,morphem,HQ,std_ctrl__tvn_efaar_e1.0_c304,0.387068100006835,0.003030957045556635,0.0011731867848259368,370,65,1480,5625,7105
1699,morphem,HQ,std_ctrl__tvn_efaar_e1.0_c304,0.29887156008770716,-0.00010243492913056035,-3.0614887076724294e-05,370,57,1480,5561,7041
1700,morphem,HQ,std_ctrl__tvn_efaar_e1.0_c304,0.3420607274465678,-0.046915193821596334,-0.016047845326911964,370,85,1480,5753,7233
1701,morphem,HQ,std_ctrl__tvn_efaar_e1.0_c304,0.3776516817919578,0.07639924588873856,0.028852303697519434,370,95,1480,5689,7169
1702,morphem,HQ,std_ctrl__tvn_efaar_e1.0_c304,0.3803258175571408,0.023455943707668937,0.008920900967193461,370,59,1480,5689,7169
1703,morphem,HQ,std_ctrl__tvn_efaar_e1.0_c304,0.3334657091785392,0.015597473215288779,0.005201222467129543,370,81,1480,5529,7009
1704,morphem,HQ,std_ctrl__tvn_efaar_e1.0_c304,0.3780727009312171,0.01945296392127721,0.007354634610834795,370,85,1480,5689,7169
1705,morphem,HQ,std_ctrl__tvn_efaar_e1.0_c304,0.3650688431255952,0.01125481779996705,0.004108783313823327,370,91,1480,5817,7297
1706,morphem,HQ,std_ctrl__tvn_efaar_e1.0_c304,0.34776808324445113,0.14045358994902654,0.04884527576137507,370,40,1480,5625,7105
1707,morphem,HQ,std_ctrl__tvn_efaar_e1.0_c304,0.3639181327430489,0.019022286091331234,0.006922554834861333,370,95,1480,5817,7297
1708,morphem,HQ,std_ctrl__tvn_efaar_e1.0_c304,0.3607974621538291,0.06960986476841782,0.025115062549316388,370,99,1480,5497,6977
1709,morphem,HQ,std_ctrl__tvn_efaar_e1.0_c304,0.36563361401264743,0.05002243681218876,0.01828988435335987,370,89,1480,5817,7297
1710,morphem,HQ,std_ctrl__tvn_efaar_e1.0_c304,0.3657420287433289,-0.03344453646606193,-0.012232072617477734,370,75,1480,5657,7137
1711,morphem,HQ,std_ctrl__tvn_efaar_e1.0_c304,0.35681387859531155,-0.006536322175016939,-0.0023322504670163367,370,79,1480,5689,7169
1712,morphem,HQ,std_ctrl__tvn_efaar_e1.0_c304,0.36146458394038933,0.01983766237807903,0.00717061237784225,370,91,1480,5625,7105
1713,morphem,HQ,std_ctrl__tvn_efaar_e1.0_c304,0.4176606746839692,0.08550011535776043,0.035710035865879425,370,71,1480,5753,7233
1714,morphem,HQ,std_ctrl__tvn_efaar_e1.0_c304,0.35353841453185797,0.03432011071715271,0.012133477529499998,370,87,1480,5817,7297
1715,morphem,HQ,std_ctrl__tvn_efaar_e1.0_c304,0.39077059388275964,0.026705707989495783,0.010435805371114826,370,71,1480,5529,7009
1716,morphem,HQ,std_ctrl__tvn_efaar_e1.0_c304,0.4085034037952721,0.03327660149351179,0.013593604976838402,370,80,1480,5721,7201
1717,morphem,HQ,std_ctrl__tvn_efaar_e1.0_c304,0.38429132972810076,0.029435544581301352,0.011311824568419088,370,63,1480,5721,7201
1718,morphem,HQ,std_ctrl__tvn_efaar_e1.0_c304,0.34340535300988606,0.07361971207769794,0.02528140321452803,370,80,1480,5657,7137
1719,morphem,HQ,std_ctrl__tvn_efaar_e1.0_c304,0.37489469654319774,0.029189888933728078,0.010943134553939634,370,72,1480,5689,7169
1720,morphem,HQ,std_ctrl__tvn_efaar_e1.0_c304,0.3879853366607263,0.1123345592103594,0.043584161773865586,370,61,1480,5497,6977
1721,morphem,HQ,std_ctrl__tvn_efaar_e1.0_c304,0.3488493921188018,0.010583639893227508,0.0036920963431567163,370,61,1480,5721,7201
1722,morphem,HQ,std_ctrl__tvn_efaar_e1.0_c304,0.34194741278335133,0.056874379340494476,0.019448046869140975,370,68,1480,5497,6977
1723,morphem,HQ,std_ctrl__tvn_efaar_e1.0_c304,0.35553411068493596,0.1833132751655508,0.06517412226272706,370,70,1480,5817,7297
1724,morphem,HQ,std_ctrl__tvn_efaar_e1.0_c304,0.3673047800938155,0.0041434732709019675,0.0015219175385932497,370,65,1480,5401,6881
1725,morphem,HQ,std_ctrl__tvn_efaar_e1.0_c304,0.34031257241490737,0.03418441024945548,0.01163338458847872,370,78,1480,5721,7201
1726,morphem,HQ,std_ctrl__tvn_efaar_e1.0_c304,0.3641025097846159,0.06825256494498648,0.024850930195707072,370,61,1480,5593,7073
1727,morphem,HQ,std_ctrl__tvn_efaar_e1.0_c304,0.40163990680550005,-0.004149580023319696,-0.0016666369338480874,370,97,1480,5529,7009
1728,morphem,HQ,std_ctrl__tvn_efaar_e1.0_c304,0.36554297327151347,0.017559522624839806,0.006418760109512353,370,68,1480,5785,7265
1729,morphem,HQ,std_ctrl__tvn_efaar_e1.0_c304,0.41219296349659057,0.05020017173401197,0.020692157555080175,370,51,1480,5593,7073
1730,morphem,HQ,std_ctrl__tvn_efaar_e1.0_c304,0.3595846562004799,-0.01858494561121588,-0.00668286127811368,370,54,1480,5593,7073
1731,morphem,HQ,std_ctrl__tvn_efaar_e1.0_c304,0.34931861078568655,0.04687913453535745,0.016375754150726365,370,70,1480,5593,7073
1732,morphem,HQ,std_ctrl__tvn_efaar_e1.0_c304,0.35477467480334174,-0.0033957169321226647,-0.0012047143703180197,370,52,1480,5433,6913
1733,morphem,HQ,std_ctrl__tvn_efaar_e1.0_c304,0.34016799774340606,0.035166992123069556,0.011962685297162703,370,80,1480,5753,7233
1734,morphem,HQ,std_ctrl__tvn_efaar_e1.0_c304,0.3554071399604371,0.027031220753692096,0.00960708885770892,370,57,1480,5721,7201
1735,morphem,HQ,std_ctrl__tvn_efaar_e1.0_c304,0.3691151079074268,0.028208256395980496,0.010412093603482702,370,65,1480,5753,7233
1736,morphem,HQ,std_ctrl__tvn_efaar_e1.0_c304,0.3821482311089333,0.006903227746700128,0.0026380562723435615,370,65,1480,5625,7105
1737,morphem,HQ,std_ctrl__tvn_efaar_e1.0_c304,0.36205176225282,0.056161900929011105,0.02033351520281676,370,85,1480,5721,7201
1738,morphem,HQ,std_ctrl__tvn_efaar_e1.0_c304,0.366301471789662,0.024519536176915786,0.008981542189204115,370,86,1480,5593,7073
1739,morphem,HQ,std_ctrl__tvn_efaar_e1.0_c304,0.36433579359133983,0.027623686128294824,0.010064297607470381,370,92,1480,5657,7137
1740,morphem,HQ,std_ctrl__tvn_efaar_e1.0_c304,0.3194852898877357,0.047026214778571086,0.015024183860854705,370,77,1480,5529,7009
1741,morphem,HQ,std_ctrl__tvn_efaar_e1.0_c304,0.3407891646265606,0.061021724814405945,0.020795542623573266,370,81,1480,5657,7137
1742,morphem,HQ,std_ctrl__tvn_efaar_e1.0_c304,0.3751994979801717,0.029209943948869756,0.010959556305644887,370,77,1480,5529,7009
1743,morphem,HQ,std_ctrl__tvn_efaar_e1.0_c304,0.37526056000134206,0.02842953172004215,0.010668481993838934,370,44,1480,5625,7105
1744,morphem,HQ,std_ctrl__tvn_efaar_e1.0_c304,0.3583927152734218,0.09133021583643425,0.03273208404012734,370,92,1480,5657,7137
1745,morphem,HQ,std_ctrl__tvn_efaar_e1.0_c304,0.3452987086320507,0.07512019641639626,0.025938906814767633,370,70,1480,5785,7265
1746,morphem,HQ,std_ctrl__tvn_efaar_e1.0_c304,0.358286654853728,0.022986525741258344,0.008235765414544563,370,82,1480,5721,7201
1747,morphem,HQ,std_ctrl__tvn_efaar_e1.0_c304,0.37156332520333085,0.0429378844631287,0.015954143128316535,370,57,1480,5785,7265
1748,morphem,HQ,std_ctrl__tvn_efaar_e1.0_c304,0.3783791098661731,0.053921957973035055,0.0204029424600782,370,73,1480,5817,7297
1749,morphem,HQ,std_ctrl__tvn_efaar_e1.0_c304,0.33977606724797405,0.045712763701716196,0.015532103073605068,370,68,1480,5881,7361
1750,morphem,HQ,std_ctrl__tvn_efaar_e1.0_c304,0.350958848838271,0.04871172611424666,0.01709581132198115,370,59,1480,5497,6977
1751,morphem,HQ,std_ctrl__tvn_efaar_e1.0_c304,0.3551712139365981,0.04960131581803574,0.017616959551944342,370,60,1480,5625,7105
1752,morphem,HQ,std_ctrl__tvn_efaar_e1.0_c304,0.33690497134466085,0.13017878385038623,0.04385787944279717,370,62,1480,5625,7105
1753,morphem,HQ,std_ctrl__tvn_efaar_e1.0_c304,0.3414224742158556,-0.031304403080923034,-0.010688026753739194,370,86,1480,5529,7009
1754,morphem,HQ,std_ctrl__tvn_efaar_e1.0_c304,0.38255193375609214,0.013128131335771025,0.005022192029103155,370,66,1480,5465,6945
1755,morphem,HQ,std_ctrl__tvn_efaar_e1.0_c304,0.3942654736251725,0.013569949993642203,0.00535016276131325,370,56,1480,5689,7169
1756,morphem,HQ,std_ctrl__tvn_efaar_e1.0_c304,0.39583121475432237,0.001397947813716018,0.0005533513812663606,370,66,1480,5753,7233
1757,morphem,HQ,std_ctrl__tvn_efaar_e1.0_c304,0.4022030094512265,-0.006146878183513088,-0.0024722929041390528,370,64,1480,5657,7137
1758,morphem,HQ,std_ctrl__tvn_efaar_e1.0_c304,0.3570683247432749,-0.052027784547921896,-0.018577473868630515,370,66,1480,5721,7201
1759,morphem,HQ,std_ctrl__tvn_efaar_e1.0_c304,0.35784590496493407,0.06316659698979647,0.022603908063369,370,99,1480,5625,7105
1760,morphem,HQ,std_ctrl__tvn_efaar_e1.0_c304,0.3856369670500142,0.01965213931477832,0.007578591401395456,370,100,1480,5977,7457
1761,morphem,HQ,std_ctrl__tvn_efaar_e1.0_c304,0.32569036786351646,0.07554684429736773,0.024604879510137498,370,58,1480,5689,7169
1762,morphem,HQ,std_ctrl__tvn_efaar_e1.0_c304,0.37184791915686755,-0.006527326199296401,-0.002427172664866472,370,58,1480,5657,7137
1763,morphem,HQ,std_ctrl__tvn_efaar_e1.0_c304,0.3494662033656292,0.0093170620503371,0.0032559983012532914,370,61,1480,5465,6945
1764,morphem,HQ,std_ctrl__tvn_efaar_e1.0_c304,0.34468550463569186,-0.03264502699756881,-0.011252267604502791,370,67,1480,5433,6913
1765,morphem,HQ,std_ctrl__tvn_efaar_e1.0_c304,0.3640746046939148,-0.017552927342691198,-0.006390575083511306,370,58,1480,5817,7297
1766,morphem,HQ,std_ctrl__tvn_efaar_e1.0_c304,0.35123024969974803,0.04862654394276877,0.017079113171054445,370,67,1480,5913,7393
1767,morphem,HQ,std_ctrl__tvn_efaar_e1.0_c304,0.35927758552863015,0.17600881956254555,0.0632360237241757,370,75,1480,5945,7425
1768,morphem,HQ,std_ctrl__tvn_efaar_e1.0_c304,0.33829355056758803,0.005800046067288743,0.0019621181775586844,370,82,1480,5753,7233
1769,morphem,HQ,std_ctrl__tvn_efaar_e1.0_c304,0.3623393167827166,0.020579183386253242,0.007456647248121231,370,55,1480,5817,7297
1770,morphem,HQ,std_ctrl__tvn_efaar_e1.0_c304,0.3444253498057282,0.0678758647069519,0.023378168445058186,370,64,1480,5849,7329
1771,morphem,HQ,std_ctrl__tvn_efaar_e1.0_c304,0.3714008656321556,0.046197666052168955,0.017157853161960796,370,66,1480,5913,7393
1772,morphem,HQ,std_ctrl__tvn_efaar_e1.0_c304,0.3461325692458248,-0.029675688311426508,-0.010271722239372349,370,51,1480,5753,7233
1773,morphem,HQ,std_ctrl__tvn_efaar_e1.0_c304,0.3518865205652238,-0.018597253211066592,-0.0065441227245126585,370,63,1480,5881,7361
1774,morphem,HQ,std_ctrl__tvn_efaar_e1.0_c304,0.3538466282384646,0.07201613769405538,0.02548266750179849,370,57,1480,5849,7329
1775,morphem,HQ,std_ctrl__tvn_efaar_e1.0_c304,0.37103624750774644,0.0222800509412293,0.008266706495515154,370,52,1480,5913,7393
1776,morphem,HQ,std_ctrl__tvn_efaar_e1.0_c304,0.36352614620094204,0.029367520540760663,0.01067586156565973,370,77,1480,5561,7041
1777,morphem,HQ,std_ctrl__tvn_efaar_e1.0_c304,0.3712999400837993,0.042990130004421076,0.01596223269483629,370,81,1480,5593,7073
1778,morphem,HQ,std_ctrl__tvn_efaar_e1.0_c304,0.3471301747836781,-0.0112837933504227,-0.003916945157955137,370,86,1480,5913,7393
1779,morphem,HQ,std_ctrl__tvn_efaar_e1.0_c304,0.3635326613587863,-0.015324800877007511,-0.005571065647612003,370,50,1480,5881,7361
1780,morphem,HQ,std_ctrl__tvn_efaar_e1.0_c304,0.3103747853892474,0.035117401175954535,0.010899555853414993,370,56,1480,5689,7169
1781,morphem,HQ,std_ctrl__tvn_efaar_e1.0_c304,0.37114944879491485,0.008522291979298763,0.00316304397058606,370,65,1480,5689,7169
1782,morphem,HQ,std_ctrl__tvn_efaar_e1.0_c304,0.3609519875152521,0.006491800603867252,0.0023432283305185983,370,84,1480,5721,7201
1783,morphem,HQ,std_ctrl__tvn_efaar_e1.0_c304,0.3576929819090049,0.04066088971382538,0.014544114888811384,370,61,1480,5657,7137
1784,morphem,HQ,std_ctrl__tvn_efaar_e1.0_c304,0.36510928693109945,0.052456090567985614,0.0191522058224704,370,42,1480,5762,7242
1785,morphem,HQ,std_ctrl__tvn_efaar_e1.0_c304,0.3473472956497066,0.08530342586727706,0.029629914284653915,370,66,1480,5433,6913
1786,morphem,HQ,std_ctrl__tvn_efaar_e1.0_c304,0.3830268252424377,0.026871303631174615,0.0102924301199744,370,98,1480,5817,7297
1787,morphem,HQ,std_ctrl__tvn_efaar_e1.0_c304,0.3708671554922361,0.017691563016515553,0.006561219652146767,370,86,1480,5657,7137
1788,morphem,HQ,std_ctrl__tvn_efaar_e1.0_c304,0.38157735819078675,0.04650166284075475,0.017743981658253874,370,93,1480,5625,7105
1789,morphem,HQ,std_ctrl__tvn_efaar_e1.0_c304,0.3631646306934703,0.004829349392003722,0.0017538488884367672,370,84,1480,5689,7169
1790,morphem,HQ,std_ctrl__tvn_efaar_e1.0_c304,0.3548320656896597,0.022558511925749175,0.008004483385498402,370,94,1480,5471,6951
1791,morphem,HQ,std_ctrl__tvn_efaar_e1.0_c304,0.33948657825226736,-0.0696386439698794,-0.02364138495546225,370,103,1480,5689,7169
1792,morphem,HQ,std_ctrl__tvn_efaar_e1.0_c304,0.3850692774958565,-0.03674752924696673,-0.014150344536887335,370,67,1480,5721,7201
1793,morphem,HQ,std_ctrl__tvn_efaar_e1.0_c304,0.3680684154999162,0.016252301688605284,0.005981958930751559,370,58,1480,5593,7073
1794,morphem,HQ,std_ctrl__tvn_efaar_e1.0_c304,0.36990532453652547,-0.0001952343928961162,-7.221824146492938e-05,370,62,1480,5945,7425
1795,morphem,HQ,std_ctrl__tvn_efaar_e1.0_c304,0.3687406122008727,0.013851085071385123,0.005107457588868918,370,70,1480,5593,7073
1796,morphem,HQ,std_ctrl__tvn_efaar_e1.0_c304,0.3466840426284817,0.03148817472720873,0.01091644770942071,370,104,1480,5753,7233
1797,morphem,HQ,std_ctrl__tvn_efaar_e1.0_c304,0.399288644023048,0.060039258305924235,0.023972994037122008,370,71,1480,5785,7265
1798,morphem,HQ,std_ctrl__tvn_efaar_e1.0_c304,0.3896260477526857,-0.03350549316658619,-0.013054612880501595,370,55,1480,5497,6977
1799,morphem,HQ,std_ctrl__tvn_efaar_e1.0_c304,0.33640765414859486,0.0026057170354005783,0.0008765831552541396,370,93,1480,5753,7233
1800,morphem,HQ,std_ctrl__tvn_efaar_e1.0_c304,0.3559805849479483,0.028161656886152145,0.010025003091435858,370,88,1480,5721,7201
1801,morphem,HQ,std_ctrl__tvn_efaar_e1.0_c304,0.3631099733615691,-0.012040631167646832,-0.00437207326254072,370,73,1480,5753,7233
1802,morphem,HQ,std_ctrl__tvn_efaar_e1.0_c304,0.3416911143473607,0.04192179447350204,0.014324304669091941,370,85,1480,5849,7329
1803,morphem,HQ,std_ctrl__tvn_efaar_e1.0_c304,0.3751544086077096,0.061237041735551896,0.0229733461771866,370,70,1480,5753,7233
1804,morphem,HQ,std_ctrl__tvn_efaar_e1.0_c304,0.36838835355242006,0.02871150285181516,0.0105769832635958,370,49,1480,5657,7137
1805,morphem,HQ,std_ctrl__tvn_efaar_e1.0_c304,0.36183141641018807,0.03432040926692796,0.012418202296829889,370,50,1480,5657,7137
1806,morphem,HQ,std_ctrl__tvn_efaar_e1.0_c304,0.3664264205697794,0.057830951808521505,0.021190788669339947,370,50,1480,5625,7105
1807,morphem,HQ,std_ctrl__tvn_efaar_e1.0_c304,0.36264391195175816,0.03243422269806567,0.011762073400341045,370,92,1480,5785,7265
1808,morphem,HQ,std_ctrl__tvn_efaar_e1.0_c304,0.36992722760036395,-0.003526588029074333,-0.0013045809324840998,370,97,1480,5433,6913
1809,morphem,HQ,std_ctrl__tvn_efaar_e1.0_c304,0.36888058513466754,0.0977220478653471,0.036047766197127226,370,64,1480,5689,7169
1810,morphem,HQ,std_ctrl__tvn_efaar_e1.0_c304,0.38080795891060504,0.00233240763641392,0.0008881993913702935,370,55,1480,5945,7425
1811,morphem,HQ,std_ctrl__tvn_efaar_e1.0_c304,0.35758064061608424,0.01658862178893952,0.005931770006226926,370,98,1480,5657,7137
1812,morphem,HQ,std_ctrl__tvn_efaar_e1.0_c304,0.3674477704430157,0.022226270632516944,0.008166993589181427,370,80,1480,5657,7137
1813,morphem,HQ,std_ctrl__tvn_efaar_e1.0_c304,0.40407861774567433,-0.00949098564971841,-0.003835104362382246,370,39,1480,5593,7073
1814,morphem,HQ,std_ctrl__tvn_efaar_e1.0_c304,0.38046618654102615,0.004318437199607635,0.001643019333151625,370,85,1480,5721,7201
1815,morphem,HQ,std_ctrl__tvn_efaar_e1.0_c304,0.35820491916844677,0.03185904202071106,0.011412065571812955,370,73,1480,5625,7105
1816,morphem,HQ,std_ctrl__tvn_efaar_e1.0_c304,0.34843061867689223,-0.020434391471876662,-0.007119967662831796,370,91,1480,5849,7329
1817,morphem,HQ,std_ctrl__tvn_efaar_e1.0_c304,0.367886044586672,0.09722834225842078,0.035768950255169595,370,58,1480,5497,6977
1818,morphem,HQ,std_ctrl__tvn_efaar_e1.0_c304,0.34944701142609713,0.008141750184852647,0.0028451102698746314,370,89,1480,5657,7137
1819,morphem,HQ,std_ctrl__tvn_efaar_e1.0_c304,0.34432002505476256,0.0013818867028382326,0.0004758112641441035,370,81,1480,5785,7265
1820,morphem,HQ,std_ctrl__tvn_efaar_e1.0_c304,0.3205396342342596,-0.011866604045451883,-0.0038037169203319317,370,76,1480,5753,7233
1821,morphem,HQ,std_ctrl__tvn_efaar_e1.0_c304,0.35773267954916105,-0.02288167176333502,-0.008185521752462213,370,90,1480,5753,7233
1822,morphem,HQ,std_ctrl__tvn_efaar_e1.0_c304,0.3650618443991391,0.006322487072441717,0.0023080987918552864,370,58,1480,5817,7297
1823,morphem,HQ,std_ctrl__tvn_efaar_e1.0_c304,0.3691020399429676,-0.022955458175643942,-0.008472906440455652,370,64,1480,5817,7297
1824,morphem,HQ,std_ctrl__tvn_efaar_e1.0_c304,0.38249820187071343,0.05673099858747866,0.021699504950040572,370,77,1480,5497,6977
1825,morphem,HQ,std_ctrl__tvn_efaar_e1.0_c304,0.34704662126481256,0.037761461841148015,0.013104987745990566,370,83,1480,5753,7233
1826,morphem,HQ,std_ctrl__tvn_efaar_e1.0_c304,0.3755179423307343,0.10133887521440033,0.03805456589862266,370,78,1480,5529,7009
1827,morphem,HQ,std_ctrl__tvn_efaar_e1.0_c304,0.3716516698354511,0.07413239434795278,0.02755142814831681,370,69,1480,5849,7329
1828,morphem,HQ,std_ctrl__tvn_efaar_e1.0_c304,0.359969906010576,-0.026219307257774292,-0.009438161569243425,370,55,1480,5625,7105
1829,morphem,HQ,std_ctrl__tvn_efaar_e1.0_c304,0.35613658429178774,0.0763381305911331,0.027186801079946574,370,78,1480,5689,7169
1830,morphem,HQ,std_ctrl__tvn_efaar_e1.0_c304,0.3955053373108694,0.043080233836911855,0.017038462415098952,370,57,1480,5753,7233
1831,morphem,HQ,std_ctrl__tvn_efaar_e1.0_c304,0.36544166783927184,0.08715540575392615,0.03185021683992324,370,68,1480,5881,7361
1832,morphem,HQ,std_ctrl__tvn_efaar_e1.0_c304,0.3917899232137232,0.052289113753239386,0.020486347862295296,370,66,1480,5753,7233
1833,morphem,HQ,std_ctrl__tvn_efaar_e1.0_c304,0.3572440178460699,0.06520610084033324,0.02329448945227664,370,64,1480,5689,7169
1834,morphem,HQ,std_ctrl__tvn_efaar_e1.0_c304,0.36958112297506734,0.029595335069965974,0.010937877169981418,370,66,1480,5721,7201
1835,morphem,HQ,std_ctrl__tvn_efaar_e1.0_c304,0.378466243931043,0.015600784510304121,0.005904370315992397,370,53,1480,5657,7137
1836,morphem,HQ,std_ctrl__tvn_efaar_e1.0_c304,0.35862738734637334,0.07398555710255461,0.026533247045055077,370,76,1480,5721,7201
1837,morphem,HQ,std_ctrl__tvn_efaar_e1.0_c304,0.3198279829166007,0.09206711149515646,0.029445638562453674,370,83,1480,5881,7361
1838,morphem,HQ,std_ctrl__tvn_efaar_e1.0_c304,0.408254201901692,0.10053296399915129,0.041043004982285046,370,44,1480,5593,7073
1839,morphem,HQ,std_ctrl__tvn_efaar_e1.0_c304,0.38869948648388625,0.17321823639847683,0.06732983953773236,370,52,1480,5945,7425
1840,morphem,HQ,std_ctrl__tvn_efaar_e1.0_c304,0.3763546120118979,0.13273892094794523,0.04995690509224192,370,83,1480,5657,7137
1841,morphem,HQ,std_ctrl__tvn_efaar_e1.0_c304,0.3987452481927012,0.05846049146242223,0.02331084317765084,370,69,1480,5593,7073
1842,morphem,HQ,std_ctrl__tvn_efaar_e1.0_c304,0.3577585707025635,0.024457024887180413,0.00874971026727469,370,71,1480,5497,6977
1843,morphem,HQ,std_ctrl__tvn_efaar_e1.0_c304,0.35077962641787264,-0.022197457086455583,-0.007786415704213649,370,60,1480,5625,7105
1844,morphem,HQ,std_ctrl__tvn_efaar_e1.0_c304,0.3417143663378387,-0.019975769236279958,-0.006826007326686298,370,77,1480,5817,7297
1845,morphem,HQ,std_ctrl__tvn_efaar_e1.0_c304,0.3926618710573951,0.052534823211344256,0.020628421977835903,370,51,1480,5625,7105
1846,morphem,HQ,std_ctrl__tvn_efaar_e1.0_c304,0.36663697099170933,0.05187797114406948,0.019020382201456937,370,45,1480,5433,6913
1847,morphem,HQ,std_ctrl__tvn_efaar_e1.0_c304,0.3666549740754421,0.05418859969187384,0.019868519615208514,370,67,1480,5817,7297
1848,morphem,HQ,std_ctrl__tvn_efaar_e1.0_c304,0.3914557624185314,0.09367905148086594,0.03667120452008723,370,71,1480,5529,7009
1849,morphem,HQ,std_ctrl__tvn_efaar_e1.0_c304,0.334714860192458,0.03613516352346108,0.012094976206786883,370,68,1480,5689,7169
1850,morphem,HQ,std_ctrl__tvn_efaar_e1.0_c304,0.3407349045147804,-0.011443413314107543,-0.0038991703429056006,370,67,1480,5433,6913
1851,morphem,HQ,std_ctrl__tvn_efaar_e1.0_c304,0.3464136993320239,0.01630363353655998,0.00564780200595339,370,63,1480,5657,7137
1852,morphem,HQ,std_ctrl__tvn_efaar_e1.0_c304,0.3619646349510603,0.04052820624099876,0.014669777377244399,370,71,1480,6041,7521
1853,morphem,HQ,std_ctrl__tvn_efaar_e1.0_c304,0.40290825344414344,0.11658296352887237,0.04697223821676024,370,83,1480,5849,7329
1854,morphem,HQ,std_ctrl__tvn_efaar_e1.0_c304,0.3673813217555794,0.03983562004841047,0.014634862746338097,370,86,1480,5849,7329
1855,morphem,HQ,std_ctrl__tvn_efaar_e1.0_c304,0.35228868301519656,0.004349958107408102,0.0015324410128300771,370,56,1480,5817,7297
1856,morphem,HQ,std_ctrl__tvn_efaar_e1.0_c304,0.3898440372043162,0.09237449678040924,0.03601164675959185,370,59,1480,5913,7393
1857,morphem,HQ,std_ctrl__tvn_efaar_e1.0_c304,0.36815973151787534,0.020509366216500395,0.007550722759868568,370,64,1480,5817,7297
1858,morphem,HQ,std_ctrl__tvn_efaar_e1.0_c304,0.34519707908260544,0.023111710341031468,0.00797809490232731,370,66,1480,5625,7105
1859,morphem,HQ,std_ctrl__tvn_efaar_e1.0_c304,0.3747362716276633,0.08824643168910694,0.03306913879562121,370,88,1480,5561,7041
1860,morphem,HQ,std_ctrl__tvn_efaar_e1.0_c304,0.3790921177191998,-0.022638429297747762,-0.008582050104319576,370,66,1480,5625,7105
1861,morphem,HQ,std_ctrl__tvn_efaar_e1.0_c304,0.34505207280624967,0.006962276584560463,0.002402347966953004,370,90,1480,5945,7425
1862,morphem,HQ,std_ctrl__tvn_efaar_e1.0_c304,0.3607418542259311,-0.002625868143651156,-0.0009472605430935216,370,73,1480,5817,7297
1863,morphem,HQ,std_ctrl__tvn_efaar_e1.0_c304,0.3433334493071876,0.14093125601484865,0.04838641424277232,370,75,1480,5561,7041
1864,morphem,HQ,std_ctrl__tvn_efaar_e1.0_c304,0.3884069760067224,-0.005476014645508913,-0.002126922289030641,370,98,1480,5625,7105
1865,morphem,HQ,std_ctrl__tvn_efaar_e1.0_c304,0.32822995202197275,0.11593707075115123,0.038054019170218424,370,69,1480,5657,7137
1866,morphem,HQ,std_ctrl__tvn_efaar_e1.0_c304,0.38372992451325866,0.02818007313474473,0.010813537336773702,370,42,1480,5945,7425
1867,morphem,HQ,std_ctrl__tvn_efaar_e1.0_c304,0.36126659541600054,-0.024810374296278966,-0.008963159453013353,370,71,1480,5753,7233
1868,morphem,HQ,std_ctrl__tvn_efaar_e1.0_c304,0.3178245771895875,-0.00596137114220352,-0.001894670262741042,370,62,1480,5913,7393
1869,morphem,HQ,std_ctrl__tvn_efaar_e1.0_c304,0.34427304568112826,-0.01412849034272575,-0.004864058401166602,370,72,1480,5689,7169
1870,morphem,HQ,std_ctrl__tvn_efaar_e1.0_c304,0.3568767472607817,0.027969825130086775,0.009981780213878239,370,77,1480,5785,7265
1871,morphem,HQ,std_ctrl__tvn_efaar_e1.0_c304,0.3722289031802395,-0.003851673237971555,-0.0014337041047788335,370,74,1480,5593,7073
1872,morphem,HQ,std_ctrl__tvn_efaar_e1.0_c304,0.3948281415034023,0.13572431379543362,0.05358777857267564,370,82,1480,5881,7361
1873,morphem,HQ,std_ctrl__tvn_efaar_e1.0_c304,0.38001751680135293,0.020700466773328954,0.007866539979829383,370,63,1480,5529,7009
1874,morphem,HQ,std_ctrl__tvn_efaar_e1.0_c304,0.33327093141051517,0.06141858758272065,0.020469029889611613,370,94,1480,5529,7009
1875,morphem,HQ,std_ctrl__tvn_efaar_e1.0_c304,0.34519411645442327,-0.018184348391881152,-0.006277130076434827,370,62,1480,5593,7073
1876,morphem,HQ,std_ctrl__tvn_efaar_e1.0_c304,0.33955917271719416,0.027219775156819174,0.009242724333797553,370,61,1480,5721,7201
1877,morphem,HQ,std_ctrl__tvn_efaar_e1.0_c304,0.3880393766374674,0.06737399536946485,0.026143763164742758,370,70,1480,5657,7137
1878,morphem,HQ,std_ctrl__tvn_efaar_e1.0_c304,0.3775097409662681,0.12052514871786275,0.04549941767240131,370,74,1480,5817,7297
1879,morphem,HQ,std_ctrl__tvn_efaar_e1.0_c304,0.31959128676343745,-0.013911679212446305,-0.004446051460545879,370,76,1480,5593,7073
1880,morphem,HQ,std_ctrl__tvn_efaar_e1.0_c304,0.40783228169225183,0.03982701483752738,0.01624274233417996,370,74,1480,5625,7105
1881,morphem,HQ,std_ctrl__tvn_efaar_e1.0_c304,0.34270876505289866,0.02016269137051092,0.006909931059730534,370,76,1480,5785,7265
1882,morphem,HQ,std_ctrl__tvn_efaar_e1.0_c304,0.34165442304225174,0.004215859347820906,0.0014403669931070354,370,95,1480,5817,7297
1883,morphem,HQ,std_ctrl__tvn_efaar_e1.0_c304,0.3619850101022929,0.008323882605103066,0.0030131207288985333,370,79,1480,5753,7233
1884,morphem,HQ,std_ctrl__tvn_efaar_e1.0_c304,0.3703377123805242,0.01643807251491526,0.006087638171118888,370,72,1480,5625,7105
1885,morphem,HQ,std_ctrl__tvn_efaar_e1.0_c304,0.35614651875798053,0.07208627958082496,0.025673277522925305,370,110,1480,5881,7361
1886,morphem,HQ,std_ctrl__tvn_efaar_e1.0_c304,0.343613962191059,0.05878782274385689,0.02020031670160232,370,84,1480,5273,6753
1887,morphem,HQ,std_ctrl__tvn_efaar_e1.0_c304,0.31713277780782534,0.05024444731156193,0.015934161145334556,370,70,1480,5785,7265
1888,morphem,HQ,std_ctrl__tvn_efaar_e1.0_c304,0.3423731063597642,0.09515963209545321,0.032580098840572634,370,56,1480,5657,7137
1889,morphem,HQ,std_ctrl__tvn_efaar_e1.0_c304,0.36167483512637316,-0.06300522439607195,-0.022787404145549466,370,75,1480,5817,7297
1890,morphem,HQ,std_ctrl__tvn_efaar_e1.0_c304,0.33634196468695404,0.030549655786497754,0.01027513124774083,370,70,1480,5561,7041
1891,morphem,HQ,std_ctrl__tvn_efaar_e1.0_c304,0.3478225945129005,-0.007641339170412079,-0.002657830415805784,370,60,1480,5433,6913
1892,morphem,HQ,std_ctrl__tvn_efaar_e1.0_c304,0.37080572635907,0.0566179487487328,0.020994259610734464,370,109,1480,5689,7169
1893,morphem,HQ,std_ctrl__tvn_efaar_e1.0_c304,0.3558057691399211,0.021457759639465605,0.007634794672539616,370,95,1480,5401,6881
1894,morphem,HQ,std_ctrl__tvn_efaar_e1.0_c304,0.34867999094720725,-0.057001313849115845,-0.019875217596888633,370,50,1480,5753,7233
1895,morphem,HQ,std_ctrl__tvn_efaar_e1.0_c304,0.3408512184717046,-0.03485986716944126,-0.011882028200465826,370,85,1480,5753,7233
1896,morphem,HQ,std_ctrl__tvn_efaar_e1.0_c304,0.36578001153615536,0.05170709537011069,0.018913421940980172,370,66,1480,5817,7297
1897,morphem,HQ,std_ctrl__tvn_efaar_e1.0_c304,0.3555270025394147,-0.01176514558105444,-0.004182826942872126,370,79,1480,5435,6915
1898,morphem,HQ,std_ctrl__tvn_efaar_e1.0_c304,0.36420701987832155,0.0305043470226287,0.01110989732244575,370,106,1480,5625,7105
1899,morphem,HQ,std_ctrl__tvn_efaar_e1.0_c304,0.38001291436950724,-0.021918708732312997,-0.00832939238458263,370,49,1480,5657,7137
1900,morphem,HQ,std_ctrl__tvn_efaar_e1.0_c304,0.35620343385919984,0.020091379713212912,0.007156618444815505,370,74,1480,5529,7009
1901,morphem,HQ,std_ctrl__tvn_efaar_e1.0_c304,0.3170441000457131,0.0005148623660776335,0.00016323407550048981,370,106,1480,5721,7201
1902,morphem,HQ,std_ctrl__tvn_efaar_e1.0_c304,0.37296533921762903,0.038212406742982485,0.014251903243218478,370,70,1480,5785,7265
1903,morphem,HQ,std_ctrl__tvn_efaar_e1.0_c304,0.3645950978828285,0.018610313083427983,0.00678522892028251,370,72,1480,5689,7169
1904,morphem,HQ,std_ctrl__tvn_efaar_e1.0_c304,0.35262762998327624,-0.011765368976149305,-0.004148794177938295,370,84,1480,5753,7233
1905,morphem,HQ,std_ctrl__tvn_efaar_e1.0_c304,0.3447018937363396,-0.013188980105263074,-0.0045462664187350885,370,80,1480,5593,7073
1906,morphem,HQ,std_ctrl__tvn_efaar_e1.0_c304,0.3451704400103815,0.01822643415271285,0.006291226296312139,370,66,1480,5404,6884
1907,morphem,HQ,std_ctrl__tvn_efaar_e1.0_c304,0.37076122805589423,0.0894503084670737,0.0331647062172308,370,99,1480,5817,7297
1908,morphem,HQ,std_ctrl__tvn_efaar_e1.0_c304,0.37227561920787866,0.05810244329762354,0.021630123056113462,370,74,1480,5625,7105
1909,morphem,HQ,std_ctrl__tvn_efaar_e1.0_c304,0.36778203907920076,-0.012340680999995125,-0.0045386808218041575,370,42,1480,5721,7201
1910,morphem,HQ,std_ctrl__tvn_efaar_e1.0_c304,0.36411326632551994,0.039106299929949635,0.014239122601399413,370,54,1480,5657,7137
1911,morphem,HQ,std_ctrl__tvn_efaar_e1.0_c304,0.34475212453186815,0.02915970318050375,0.010052869622197341,370,76,1480,5497,6977
1912,morphem,HQ,std_ctrl__tvn_efaar_e1.0_c304,0.37550861548964654,0.060350342649174764,0.022662073612517382,370,75,1480,5657,7137
1913,morphem,HQ,std_ctrl__tvn_efaar_e1.0_c304,0.3524485121568104,0.026100589088552333,0.009199113790676549,370,58,1480,5657,7137
1914,morphem,HQ,std_ctrl__tvn_efaar_e1.0_c304,0.36695293004548324,-0.001601731060011595,-0.0005877599056161126,370,80,1480,5913,7393
1915,morphem,HQ,std_ctrl__tvn_efaar_e1.0_c304,0.36602197991699204,0.16944931400469443,0.06202217340757434,370,75,1480,5721,7201
1916,morphem,HQ,std_ctrl__tvn_efaar_e1.0_c304,0.39154481217745546,0.055165964426849935,0.02159994718009915,370,79,1480,5817,7297
1917,morphem,HQ,std_ctrl__tvn_efaar_e1.0_c304,0.3551162122822853,0.021999128011100936,0.007812247012815288,370,63,1480,5854,7334
1918,morphem,HQ,std_ctrl__tvn_efaar_e1.0_c304,0.3725635486379584,0.07217566933425065,0.026890023492488292,370,66,1480,5817,7297
1919,morphem,HQ,std_ctrl__tvn_efaar_e1.0_c304,0.37509781902989686,0.09111035599298836,0.034175295824007426,370,81,1480,5849,7329
1920,morphem,HQ,std_ctrl__tvn_efaar_e1.0_c304,0.40092765803935015,-0.00996913562991305,-0.003996902200777681,370,55,1480,5817,7297
1921,morphem,HQ,std_ctrl__tvn_efaar_e1.0_c304,0.3964248928267442,0.12325114007226037,0.048859819993919855,370,97,1480,5817,7297
1922,morphem,HQ,std_ctrl__tvn_efaar_e1.0_c304,0.38039575010837684,0.019725393195042528,0.007503455740610875,370,69,1480,5817,7297
1923,morphem,HQ,std_ctrl__tvn_efaar_e1.0_c304,0.3807045209618551,0.05626627264768121,0.021420824374644605,370,50,1480,5753,7233
1924,morphem,HQ,std_ctrl__tvn_efaar_e1.0_c304,0.3599290448091479,0.05914147434899029,0.021286734371036797,370,83,1480,5721,7201
1925,morphem,HQ,std_ctrl__tvn_efaar_e1.0_c304,0.34047574639797357,-0.0034358907900075377,-0.0011698374812697395,370,78,1480,5849,7329
1926,morphem,HQ,std_ctrl__tvn_efaar_e1.0_c304,0.3607548194335667,0.04304718173860625,0.015529478275234827,370,62,1480,5657,7137
1927,morphem,HQ,std_ctrl__tvn_efaar_e1.0_c304,0.39871993864757815,0.08903548499668294,0.03550022311533479,370,67,1480,5593,7073
1928,morphem,HQ,std_ctrl__tvn_efaar_e1.0_c304,0.3563485085177991,0.04898721008790434,0.017456519251272794,370,81,1480,5369,6849
1929,morphem,HQ,std_ctrl__tvn_efaar_e1.0_c304,0.3718205374962982,0.033518475098780254,0.01246285742728476,370,88,1480,5881,7361
1930,morphem,HQ,std_ctrl__tvn_efaar_e1.0_c304,0.33849138612714325,0.015582057712927536,0.005274392313961985,370,68,1480,5721,7201
1931,morphem,HQ,std_ctrl__tvn_efaar_e1.0_c304,0.3619327782164809,0.054186718273334704,0.019611949487101783,370,77,1480,5689,7169
1932,morphem,HQ,std_ctrl__tvn_efaar_e1.0_c304,0.349460036845933,-0.010410592747941795,-0.0036380861252837426,370,51,1480,5945,7425
1933,morphem,HQ,std_ctrl__tvn_efaar_e1.0_c304,0.33736061184374366,0.08327306821427459,0.028093053242873478,370,83,1480,5753,7233
1934,morphem,HQ,std_ctrl__tvn_efaar_e1.0_c304,0.4105800081171172,0.0025767405125147118,0.0010579581405439952,370,60,1480,5689,7169
1935,morphem,HQ,std_ctrl__tvn_efaar_e1.0_c304,0.3470747938827839,-0.008370651851898904,-0.0029052422661623553,370,77,1480,5689,7169
1936,morphem,HQ,std_ctrl__tvn_efaar_e1.0_c304,0.37763949487475496,-0.008031894454614762,-0.0030331605647280642,370,49,1480,5593,7073
1937,morphem,HQ,std_ctrl__tvn_efaar_e1.0_c304,0.37017946556313036,0.02252647451932974,0.008338838298586957,370,94,1480,5689,7169
1938,morphem,HQ,std_ctrl__tvn_efaar_e1.0_c304,0.35266442603489434,0.03953563536873977,0.013942812155241478,370,68,1480,5785,7265
1939,morphem,HQ,std_ctrl__tvn_efaar_e1.0_c304,0.35192106395331,-0.007732523333586979,-0.0027212378385997253,370,90,1480,5657,7137
1940,morphem,HQ,std_ctrl__tvn_efaar_e1.0_c304,0.3434214079504685,0.03868690576996727,0.013285911648769263,370,91,1480,5849,7329
1941,morphem,HQ,std_ctrl__tvn_efaar_e1.0_c304,0.3630646471109629,-0.04536002765875251,-0.016468622434868498,370,57,1480,5689,7169
1942,morphem,HQ,std_ctrl__tvn_efaar_e1.0_c304,0.3117387179828647,-0.05052583793643387,-0.015750859943313884,370,69,1480,5625,7105
1943,morphem,HQ,std_ctrl__tvn_efaar_e1.0_c304,0.34030457060354474,0.05271721296296804,0.01793990852077846,370,111,1480,5497,6977
1944,morphem,HQ,std_ctrl__tvn_efaar_e1.0_c304,0.36009135082706545,0.002429946640207373,0.0008750027681099621,370,84,1480,5689,7169
1945,morphem,HQ,std_ctrl__tvn_efaar_e1.0_c304,0.3567325272081681,0.02226591521141579,0.007942976203971146,370,76,1480,5625,7105
1946,morphem,HQ,std_ctrl__tvn_efaar_e1.0_c304,0.374470507853942,0.040974108059800216,0.015343595054015684,370,80,1480,5305,6785
1947,morphem,HQ,std_ctrl__tvn_efaar_e1.0_c304,0.352925821289962,-0.01042251037003214,-0.003678373032246739,370,90,1480,5721,7201
1948,morphem,HQ,std_ctrl__tvn_efaar_e1.0_c304,0.37012660120583457,0.04836480645237444,0.017901101430195368,370,64,1480,5529,7009
1949,morphem,HQ,std_ctrl__tvn_efaar_e1.0_c304,0.41277524764135654,0.10409463240755522,0.04296768767016458,370,70,1480,5689,7169
1950,morphem,HQ,std_ctrl__tvn_efaar_e1.0_c304,0.37677109664096076,0.04722785756386083,0.01779409168633894,370,96,1480,5689,7169
1951,morphem,HQ,std_ctrl__tvn_efaar_e1.0_c304,0.3837806346517963,0.06895402968090676,0.026463221272737196,370,48,1480,5689,7169
1952,morphem,HQ,std_ctrl__tvn_efaar_e1.0_c304,0.40899490344988004,0.045686910427167056,0.01868571351908251,370,65,1480,5593,7073
1953,morphem,HQ,std_ctrl__tvn_efaar_e1.0_c304,0.3758537408470806,0.045707004862855165,0.01717914876061982,370,67,1480,5785,7265
1954,morphem,HQ,std_ctrl__tvn_efaar_e1.0_c304,0.35173968482452833,0.03776066949236221,0.013281925986006665,370,79,1480,5817,7297
1955,morphem,HQ,std_ctrl__tvn_efaar_e1.0_c304,0.37220568414980987,0.023375042719823685,0.008700323767563007,370,54,1480,5593,7073
1956,morphem,HQ,std_ctrl__tvn_efaar_e1.0_c304,0.34124241989767035,-0.0016390606218373957,-0.0005593170129547733,370,62,1480,5593,7073
1957,morphem,HQ,std_ctrl__tvn_efaar_e1.0_c304,0.3665802839387227,0.15446300016939993,0.0566230904601256,370,64,1480,5721,7201
1958,morphem,HQ,std_ctrl__tvn_efaar_e1.0_c304,0.39142742977052764,0.08679912810145496,0.03397555961907529,370,68,1480,5657,7137
1959,morphem,HQ,std_ctrl__tvn_efaar_e1.0_c304,0.36306551905294376,0.08220690826248277,0.029846493818056038,370,86,1480,5945,7425
1960,morphem,HQ,std_ctrl__tvn_efaar_e1.0_c304,0.35234293838643566,0.02956715285107557,0.010417777515268845,370,74,1480,5657,7137
1961,morphem,HQ,std_ctrl__tvn_efaar_e1.0_c304,0.3664717321131683,0.06122071393374807,0.022435661076505433,370,65,1480,5817,7297
1962,morphem,HQ,std_ctrl__tvn_efaar_e1.0_c304,0.361628141361985,0.013339030687673524,0.004823768875153857,370,82,1480,5564,7044
1963,morphem,HQ,std_ctrl__tvn_efaar_e1.0_c304,0.3447634835412367,0.02522969162343263,0.008698276372765794,370,72,1480,5689,7169
1964,morphem,HQ,std_ctrl__tvn_efaar_e1.0_c304,0.3616206527285774,-0.0018737296098815103,-0.0006775793245622144,370,57,1480,5593,7073
1965,morphem,HQ,std_ctrl__tvn_efaar_e1.0_c304,0.3553273932809635,0.020101802858832063,0.007142721210076617,370,57,1480,5727,7207
1966,morphem,HQ,std_ctrl__tvn_efaar_e1.0_c304,0.387760687682484,0.037114219279064664,0.01439143519044862,370,78,1480,5785,7265
1967,morphem,HQ,std_ctrl__tvn_efaar_e1.0_c304,0.3550092303629648,-0.011556511662948831,-0.004102668311144091,370,62,1480,5785,7265
1968,morphem,HQ,std_ctrl__tvn_efaar_e1.0_c304,0.3514859722481534,0.0711271156787708,0.02500018340755963,370,90,1480,5817,7297
1969,morphem,HQ,std_ctrl__tvn_efaar_e1.0_c304,0.3788883586134819,-0.019996195233903686,-0.007576325590688497,370,45,1480,5689,7169
1970,morphem,HQ,std_ctrl__tvn_efaar_e1.0_c304,0.3723254293768282,0.04005713416795708,0.014914289678689836,370,79,1480,5701,7181
1971,morphem,HQ,std_ctrl__tvn_efaar_e1.0_c304,0.3574326108004604,0.03387672196149307,0.012108645176057763,370,112,1480,5689,7169
1972,morphem,HQ,std_ctrl__tvn_efaar_e1.0_c304,0.4142588885739957,0.055661923865111,0.02305844671625125,370,55,1480,5689,7169
1973,morphem,HQ,std_ctrl__tvn_efaar_e1.0_c304,0.3843905698914606,0.07256958322369686,0.027895063452142613,370,58,1480,5721,7201
1974,morphem,HQ,std_ctrl__tvn_efaar_e1.0_c304,0.3273490612340329,0.033221177710840676,0.010874921336732674,370,67,1480,5849,7329
1975,morphem,HQ,std_ctrl__tvn_efaar_e1.0_c304,0.3624713489965743,0.039045929470647014,0.01415303072805052,370,82,1480,5721,7201
1976,morphem,HQ,std_ctrl__tvn_efaar_e1.0_c304,0.34060406658953263,0.016713349862053088,0.005692634929348885,370,65,1480,5497,6977
1977,morphem,HQ,std_ctrl__tvn_efaar_e1.0_c304,0.34875690701825857,0.005090933690608328,0.0017754982877716085,370,53,1480,5753,7233
1978,morphem,HQ,std_ctrl__tvn_efaar_e1.0_c304,0.30127957268094047,0.03774213310844479,0.011370933734979423,370,67,1480,5663,7143
1979,morphem,HQ,std_ctrl__tvn_efaar_e1.0_c304,0.37346154760003625,0.03556472651362941,0.01328205780375208,370,65,1480,5561,7041
1980,morphem,HQ,std_ctrl__tvn_efaar_e1.0_c304,0.3618028881565382,0.0466382307162921,0.016873846571665456,370,49,1480,5657,7137
1981,morphem,HQ,std_ctrl__tvn_efaar_e1.0_c304,0.33986376235641935,-0.03461538674266044,-0.011764515573783095,370,41,1480,5657,7137
1982,morphem,HQ,std_ctrl__tvn_efaar_e1.0_c304,0.37153265680069003,0.025921534493543227,0.009630696578736844,370,74,1480,5753,7233
1983,morphem,HQ,std_ctrl__tvn_efaar_e1.0_c304,0.3648969498950231,0.07769777373041589,0.028351680647862407,370,68,1480,5625,7105
1984,morphem,HQ,std_ctrl__tvn_efaar_e1.0_c304,0.36484851102960353,-0.03175215960817914,-0.01158472815501848,370,60,1480,5721,7201
1985,morphem,HQ,std_ctrl__tvn_efaar_e1.0_c304,0.3433351533591437,0.026288055597124868,0.009025613599952563,370,76,1480,5721,7201
1986,morphem,HQ,std_ctrl__tvn_efaar_e1.0_c304,0.37363049976583357,0.08663114649307861,0.032368038559496104,370,56,1480,5881,7361
1987,morphem,HQ,std_ctrl__tvn_efaar_e1.0_c304,0.33876019452083356,0.12283084177204655,0.04161019985185622,370,87,1480,5817,7297
1988,morphem,HQ,std_ctrl__tvn_efaar_e1.0_c304,0.3645068763152364,0.018717821317097354,0.006822774579721901,370,63,1480,5785,7265
1989,morphem,HQ,std_ctrl__tvn_efaar_e1.0_c304,0.33574768284330603,0.028274424164891947,0.009493072397091249,370,52,1480,5721,7201
1990,morphem,HQ,std_ctrl__tvn_efaar_e1.0_c304,0.38051978161617167,0.03734676810665312,0.01421118404401345,370,74,1480,5785,7265
1991,morphem,HQ,std_ctrl__tvn_efaar_e1.0_c304,0.3459519676745681,0.05823635125954084,0.020146980308425464,370,65,1480,5433,6913
1992,morphem,HQ,std_ctrl__tvn_efaar_e1.0_c304,0.41684654367822066,0.09658107863354706,0.04025948881310854,370,47,1480,5497,6977
1993,morphem,HQ,std_ctrl__tvn_efaar_e1.0_c304,0.3732217745321403,0.0713545388166659,0.026631067598078532,370,72,1480,5625,7105
1994,morphem,HQ,std_ctrl__tvn_efaar_e1.0_c304,0.3713206136458758,0.04205627705874637,0.015616362605114672,370,66,1480,5561,7041
1995,morphem,HQ,std_ctrl__tvn_efaar_e1.0_c304,0.3780670085044817,0.06726785861704782,0.02543175807584969,370,93,1480,5497,6977
1996,morphem,HQ,std_ctrl__tvn_efaar_e1.0_c304,0.35432482334862997,0.023611527101388,0.008366150169190692,370,88,1480,5721,7201
1997,morphem,HQ,std_ctrl__tvn_efaar_e1.0_c304,0.34717928721754177,0.001473758199784363,0.0005116583213321427,370,100,1480,5849,7329
1998,morphem,HQ,std_ctrl__tvn_efaar_e1.0_c304,0.37682823847378627,-0.023199002134241746,-0.008742039108595926,370,73,1480,5817,7297
1999,morphem,HQ,std_ctrl__tvn_efaar_e1.0_c304,0.35479263183842197,0.039540130960633336,0.014028547126758974,370,92,1480,5721,7201
