sample_id,family,codec,config,pa,pc,product,pa_units,pc_targets,treatment_wells,control_wells,total_wells
0,openphenom,D20,std_all__tvn_efaar_e0.2_c150,0.23952510246627065,-0.022342986741348853,-0.005351706188624111,370,77,1480,5753,7233
1,openphenom,D20,std_all__tvn_efaar_e0.2_c150,0.21966857735577414,-0.018504978456154873,-0.004064962291462791,370,65,1480,5753,7233
2,openphenom,D20,std_all__tvn_efaar_e0.2_c150,0.20589769886952553,-0.004306515588908251,-0.0008867016499019484,370,88,1480,5625,7105
3,openphenom,D20,std_all__tvn_efaar_e0.2_c150,0.22827778690629197,0.023501362738666896,0.005364839075264872,370,55,1480,5433,6913
4,openphenom,D20,std_all__tvn_efaar_e0.2_c150,0.2538971380148896,0.016526411069969004,0.004196008472322719,370,56,1480,5657,7137
5,openphenom,D20,std_all__tvn_efaar_e0.2_c150,0.19779644324583823,0.0023133080575766206,0.00045756410592059433,370,82,1480,5785,7265
6,openphenom,D20,std_all__tvn_efaar_e0.2_c150,0.2123019707277322,0.017089414642097206,0.0036281164071005987,370,63,1480,5721,7201
7,openphenom,D20,std_all__tvn_efaar_e0.2_c150,0.20966511405938168,0.007446838980475639,0.0015613423442232745,370,49,1480,5561,7041
8,openphenom,D20,std_all__tvn_efaar_e0.2_c150,0.22054324187035307,-0.013110435474102958,-0.002891417941790746,370,81,1480,5529,7009
9,openphenom,D20,std_all__tvn_efaar_e0.2_c150,0.20889384951579867,0.025247997376244193,0.005274151364488435,370,77,1480,5753,7233
10,openphenom,D20,std_all__tvn_efaar_e0.2_c150,0.20969385891779282,0.002729155792343745,0.0005722872096844063,370,85,1480,5753,7233
11,openphenom,D20,std_all__tvn_efaar_e0.2_c150,0.23529635551294445,0.03988525419982818,0.009384854951926931,370,44,1480,5433,6913
12,openphenom,D20,std_all__tvn_efaar_e0.2_c150,0.21910650539609325,-0.019343045756998783,-0.0042381871595327325,370,92,1480,5785,7265
13,openphenom,D20,std_all__tvn_efaar_e0.2_c150,0.22394445253932824,0.017230156394256544,0.0038585979408787877,370,80,1480,5849,7329
14,openphenom,D20,std_all__tvn_efaar_e0.2_c150,0.20106016292294518,-0.00038035701655644817,-7.647464371772482e-05,370,93,1480,5753,7233
15,openphenom,D20,std_all__tvn_efaar_e0.2_c150,0.21902884695487337,0.03712084398653765,0.008130535656363087,370,67,1480,5625,7105
16,openphenom,D20,std_all__tvn_efaar_e0.2_c150,0.21986079775106157,0.039965364930691916,0.008786817016074224,370,58,1480,5785,7265
17,openphenom,D20,std_all__tvn_efaar_e0.2_c150,0.18229008820367418,0.007232110693856298,0.0013183420962817997,370,76,1480,5689,7169
18,openphenom,D20,std_all__tvn_efaar_e0.2_c150,0.22351297513593596,-0.029363913852453644,-0.006563215746797237,370,54,1480,5785,7265
19,openphenom,D20,std_all__tvn_efaar_e0.2_c150,0.2237632925160856,0.019995179290339653,0.004474187152455848,370,98,1480,5593,7073
20,openphenom,D20,std_all__tvn_efaar_e0.2_c150,0.19945633117474254,-0.029857627703636473,-0.005955292879348684,370,59,1480,5689,7169
21,openphenom,D20,std_all__tvn_efaar_e0.2_c150,0.2358806690213426,0.04759071026175311,0.011225728575743199,370,58,1480,5913,7393
22,openphenom,D20,std_all__tvn_efaar_e0.2_c150,0.21535909975972628,0.03269160457935198,0.007040434531910188,370,87,1480,5785,7265
23,openphenom,D20,std_all__tvn_efaar_e0.2_c150,0.23159534836161996,0.056353432588905274,0.013051192851800585,370,71,1480,5817,7297
24,openphenom,D20,std_all__tvn_efaar_e0.2_c150,0.2092178196396622,0.043874812863270676,0.009179392684351697,370,77,1480,5465,6945
25,openphenom,D20,std_all__tvn_efaar_e0.2_c150,0.20615797400096458,-0.010549842588815852,-0.0021749341741393673,370,109,1480,5785,7265
26,openphenom,D20,std_all__tvn_efaar_e0.2_c150,0.1963399254713974,-0.028180334442511088,-0.00553292476420168,370,74,1480,5066,6546
27,openphenom,D20,std_all__tvn_efaar_e0.2_c150,0.2218592309443709,-0.03036060253108024,-0.006735779928553183,370,48,1480,5785,7265
28,openphenom,D20,std_all__tvn_efaar_e0.2_c150,0.210280034046257,0.09358846623265056,0.019679785865738732,370,61,1480,5721,7201
29,openphenom,D20,std_all__tvn_efaar_e0.2_c150,0.19617224807059275,-0.013097473969761991,-0.0025693609126942805,370,101,1480,5753,7233
30,openphenom,D20,std_all__tvn_efaar_e0.2_c150,0.2253161872948914,0.01678317399636399,0.0037815207755674996,370,68,1480,5561,7041
31,openphenom,D20,std_all__tvn_efaar_e0.2_c150,0.22849523680978218,-0.020986775966488,-0.0047953783443365205,370,72,1480,5913,7393
32,openphenom,D20,std_all__tvn_efaar_e0.2_c150,0.2288064082244783,0.030029043069112703,0.0068708374870618425,370,81,1480,5817,7297
33,openphenom,D20,std_all__tvn_efaar_e0.2_c150,0.2208461775231264,0.00702427224475159,0.0015512836751351794,370,59,1480,5913,7393
34,openphenom,D20,std_all__tvn_efaar_e0.2_c150,0.22410903627564172,-0.004151750837922357,-0.0009304448791433675,370,80,1480,5785,7265
35,openphenom,D20,std_all__tvn_efaar_e0.2_c150,0.20393646465642123,0.006756503283693451,0.0013778973931159435,370,54,1480,5625,7105
36,openphenom,D20,std_all__tvn_efaar_e0.2_c150,0.21696985774122476,0.07158310187080358,0.015531375429583853,370,57,1480,5657,7137
37,openphenom,D20,std_all__tvn_efaar_e0.2_c150,0.22895235397512975,-0.017144668472374815,-0.003925312204873406,370,64,1480,5593,7073
38,openphenom,D20,std_all__tvn_efaar_e0.2_c150,0.22306933852957905,-0.01283906439093467,-0.00286400160102447,370,86,1480,5561,7041
39,openphenom,D20,std_all__tvn_efaar_e0.2_c150,0.22448450455035876,0.0019112947799014564,0.0004290560617158654,370,65,1480,5753,7233
40,openphenom,D20,std_all__tvn_efaar_e0.2_c150,0.22892084124445355,0.026372402393358533,0.0060371925415248755,370,84,1480,5753,7233
41,openphenom,D20,std_all__tvn_efaar_e0.2_c150,0.20367783497661082,-0.009715132563679339,-0.0019787571670809782,370,103,1480,5945,7425
42,openphenom,D20,std_all__tvn_efaar_e0.2_c150,0.21509951792936421,-0.0006178056999459219,-0.00013288970823238124,370,69,1480,5977,7457
43,openphenom,D20,std_all__tvn_efaar_e0.2_c150,0.22289681045105553,-0.0032805456275097344,-0.0007312231569110763,370,61,1480,5375,6855
44,openphenom,D20,std_all__tvn_efaar_e0.2_c150,0.19379887011348765,0.0402778286190743,0.007805797677001296,370,72,1480,5785,7265
45,openphenom,D20,std_all__tvn_efaar_e0.2_c150,0.22030439780423758,0.016245541949136733,0.003578964336108048,370,84,1480,5753,7233
46,openphenom,D20,std_all__tvn_efaar_e0.2_c150,0.20671113673741773,-0.03293678992652644,-0.0068084012861938095,370,71,1480,5753,7233
47,openphenom,D20,std_all__tvn_efaar_e0.2_c150,0.21167256320763264,0.013557611320797969,0.002869774339246124,370,69,1480,5689,7169
48,openphenom,D20,std_all__tvn_efaar_e0.2_c150,0.21360081468050215,0.010206140773229835,0.002180039983905783,370,71,1480,5753,7233
49,openphenom,D20,std_all__tvn_efaar_e0.2_c150,0.21907810827605828,-0.014316877703402724,-0.0031365144836811463,370,64,1480,5529,7009
50,openphenom,D20,std_all__tvn_efaar_e0.2_c150,0.20834617418818452,-0.030721406754391015,-0.006400687562956419,370,65,1480,5881,7361
51,openphenom,D20,std_all__tvn_efaar_e0.2_c150,0.20013410641082086,0.0042357982177703805,0.0008477276912500227,370,69,1480,5625,7105
52,openphenom,D20,std_all__tvn_efaar_e0.2_c150,0.22940699324056857,0.002561996592158119,0.0005877399348995773,370,60,1480,5689,7169
53,openphenom,D20,std_all__tvn_efaar_e0.2_c150,0.1860318108911704,0.01930780798367577,0.003591866483542201,370,64,1480,5913,7393
54,openphenom,D20,std_all__tvn_efaar_e0.2_c150,0.16997736082144496,0.022286382953188643,0.003788180556639046,370,64,1480,5753,7233
55,openphenom,D20,std_all__tvn_efaar_e0.2_c150,0.2159628447421843,0.19453426390391948,0.042012173032517273,370,69,1480,5657,7137
56,openphenom,D20,std_all__tvn_efaar_e0.2_c150,0.20641768773205027,0.0354309098567402,0.0073135664868710214,370,70,1480,5913,7393
57,openphenom,D20,std_all__tvn_efaar_e0.2_c150,0.2078798771985179,-0.005306001122639986,-0.0011030108617895984,370,75,1480,5529,7009
58,openphenom,D20,std_all__tvn_efaar_e0.2_c150,0.21061261436784612,0.01202226485093146,0.002532040630877339,370,68,1480,5849,7329
59,openphenom,D20,std_all__tvn_efaar_e0.2_c150,0.2215657696343247,-0.004103921208853583,-0.0009092884611582722,370,86,1480,5561,7041
60,openphenom,D20,std_all__tvn_efaar_e0.2_c150,0.226859302844458,0.00341176378259665,0.000773990353189847,370,52,1480,5689,7169
61,openphenom,D20,std_all__tvn_efaar_e0.2_c150,0.20192204582835277,0.062251124966203004,0.012569874508292158,370,73,1480,5657,7137
62,openphenom,D20,std_all__tvn_efaar_e0.2_c150,0.205060196408449,0.012345617712294104,0.002531594792866656,370,48,1480,5849,7329
63,openphenom,D20,std_all__tvn_efaar_e0.2_c150,0.22616492784920436,-0.05519251542450514,-0.012482611268799303,370,53,1480,5721,7201
64,openphenom,D20,std_all__tvn_efaar_e0.2_c150,0.20188999392642717,-0.011868328996456729,-0.0023960968690114885,370,82,1480,5753,7233
65,openphenom,D20,std_all__tvn_efaar_e0.2_c150,0.22538415224553335,-0.0034009024893838164,-0.0007665095244394955,370,56,1480,5497,6977
66,openphenom,D20,std_all__tvn_efaar_e0.2_c150,0.22686262426832238,0.025748368631164184,0.005841342478294058,370,81,1480,5785,7265
67,openphenom,D20,std_all__tvn_efaar_e0.2_c150,0.23683585615199754,-0.020358961466657638,-0.004821732069321389,370,114,1480,6009,7489
68,openphenom,D20,std_all__tvn_efaar_e0.2_c150,0.2027408575534064,-0.011949136642666381,-0.0024225782099570135,370,81,1480,5785,7265
69,openphenom,D20,std_all__tvn_efaar_e0.2_c150,0.23661838624387857,0.004168381258857741,0.0009863156467201457,370,56,1480,5913,7393
70,openphenom,D20,std_all__tvn_efaar_e0.2_c150,0.2388706257592781,0.05212441756815951,0.01245099224184417,370,60,1480,5785,7265
71,openphenom,D20,std_all__tvn_efaar_e0.2_c150,0.20791739428584752,-0.008474275271438382,-0.0017619492328984617,370,73,1480,5663,7143
72,openphenom,D20,std_all__tvn_efaar_e0.2_c150,0.21214130143014615,-0.0010824301528642622,-0.0002296281413358566,370,75,1480,5881,7361
73,openphenom,D20,std_all__tvn_efaar_e0.2_c150,0.20389313841107695,0.039800441377056524,0.00811503690251414,370,45,1480,5625,7105
74,openphenom,D20,std_all__tvn_efaar_e0.2_c150,0.22972903166749353,-0.005452589848570707,-0.0012526181859921536,370,130,1480,5657,7137
75,openphenom,D20,std_all__tvn_efaar_e0.2_c150,0.20678397036277057,-0.021121010377488057,-0.00436748638393026,370,74,1480,5785,7265
76,openphenom,D20,std_all__tvn_efaar_e0.2_c150,0.2382267312372544,0.0268364450216902,0.006393158575545545,370,77,1480,5625,7105
77,openphenom,D20,std_all__tvn_efaar_e0.2_c150,0.20218466224119264,-0.005734886934311681,-0.0011595061778052358,370,98,1480,5849,7329
78,openphenom,D20,std_all__tvn_efaar_e0.2_c150,0.2239111697303874,0.039620496468204126,0.00887147170949427,370,98,1480,5849,7329
79,openphenom,D20,std_all__tvn_efaar_e0.2_c150,0.21404575741774765,0.04874188316116926,0.010432993299199833,370,102,1480,5753,7233
80,openphenom,D20,std_all__tvn_efaar_e0.2_c150,0.23507116647773493,0.052257838170314465,0.012284310976300523,370,68,1480,5817,7297
81,openphenom,D20,std_all__tvn_efaar_e0.2_c150,0.2033011191745243,0.06339057596817456,0.01288737503944759,370,69,1480,5625,7105
82,openphenom,D20,std_all__tvn_efaar_e0.2_c150,0.19175429182534035,-0.019666355459422805,-0.003771108063907036,370,67,1480,5689,7169
83,openphenom,D20,std_all__tvn_efaar_e0.2_c150,0.2087436622897939,0.0012166608987651138,0.00025397025177302204,370,97,1480,5753,7233
84,openphenom,D20,std_all__tvn_efaar_e0.2_c150,0.20653129183566854,0.02439119898331269,0.005037545835444415,370,77,1480,5817,7297
85,openphenom,D20,std_all__tvn_efaar_e0.2_c150,0.19121990154538854,0.010162388227618582,0.0019432508763512406,370,90,1480,5785,7265
86,openphenom,D20,std_all__tvn_efaar_e0.2_c150,0.22542489817654204,0.10454902524007903,0.02356795336920154,370,117,1480,5945,7425
87,openphenom,D20,std_all__tvn_efaar_e0.2_c150,0.1856105448297291,-0.017411520470663785,-0.0032317618008738864,370,55,1480,5657,7137
88,openphenom,D20,std_all__tvn_efaar_e0.2_c150,0.23000977231991396,0.01654854398949981,0.0038063268352509323,370,80,1480,5753,7233
89,openphenom,D20,std_all__tvn_efaar_e0.2_c150,0.23137414351367147,-0.023666226026409203,-0.00547575277706139,370,73,1480,5721,7201
90,openphenom,D20,std_all__tvn_efaar_e0.2_c150,0.19555190162830965,0.02471336685014887,0.00483274588318464,370,64,1480,5721,7201
91,openphenom,D20,std_all__tvn_efaar_e0.2_c150,0.256611410189119,0.009602347641853127,0.0024640719695020923,370,83,1480,5849,7329
92,openphenom,D20,std_all__tvn_efaar_e0.2_c150,0.1699595547524664,0.009588725469935241,0.0016296955115138278,370,58,1480,5625,7105
93,openphenom,D20,std_all__tvn_efaar_e0.2_c150,0.21388751198705147,0.029943588279097294,0.006404559596980756,370,81,1480,5785,7265
94,openphenom,D20,std_all__tvn_efaar_e0.2_c150,0.22365025465311061,-0.02725704838145389,-0.006096045811604319,370,61,1480,5561,7041
95,openphenom,D20,std_all__tvn_efaar_e0.2_c150,0.2161866650665191,0.032057128611546186,0.006930323726138662,370,66,1480,5753,7233
96,openphenom,D20,std_all__tvn_efaar_e0.2_c150,0.2063495706971099,0.05690219570805999,0.011741743656081109,370,47,1480,5689,7169
97,openphenom,D20,std_all__tvn_efaar_e0.2_c150,0.21583378284912255,0.023084326191443766,0.004982377446422386,370,85,1480,5689,7169
98,openphenom,D20,std_all__tvn_efaar_e0.2_c150,0.2128361389784489,-0.0025160453055172037,-0.0005355053683211335,370,73,1480,5625,7105
99,openphenom,D20,std_all__tvn_efaar_e0.2_c150,0.23335732363635786,-0.009286835915756502,-0.002167151174350942,370,62,1480,5785,7265
100,openphenom,D20,std_all__tvn_efaar_e0.2_c150,0.1936997303535269,0.016290606716044653,0.0031554861281932033,370,52,1480,5689,7169
101,openphenom,D20,std_all__tvn_efaar_e0.2_c150,0.21008832279237152,-0.023280718407273224,-0.004891007083585522,370,72,1480,5433,6913
102,openphenom,D20,std_all__tvn_efaar_e0.2_c150,0.23889327841161448,-0.004313901867514039,-0.001030562159876415,370,72,1480,5753,7233
103,openphenom,D20,std_all__tvn_efaar_e0.2_c150,0.20481496676884275,0.06001368715411834,0.012291701340146472,370,79,1480,5497,6977
104,openphenom,D20,std_all__tvn_efaar_e0.2_c150,0.24750655771113744,0.0026768756646924916,0.0006625442811887516,370,78,1480,5625,7105
105,openphenom,D20,std_all__tvn_efaar_e0.2_c150,0.20038173346869467,-0.007159899848116855,-0.0014347131430278992,370,45,1480,5689,7169
106,openphenom,D20,std_all__tvn_efaar_e0.2_c150,0.21678557209463856,-0.020265530186556125,-0.004393274555293737,370,53,1480,5625,7105
107,openphenom,D20,std_all__tvn_efaar_e0.2_c150,0.2303090469195719,0.02235211615804977,0.005147894568996006,370,58,1480,5753,7233
108,openphenom,D20,std_all__tvn_efaar_e0.2_c150,0.23346845585886503,0.09522459748656514,0.022231939734970323,370,61,1480,5657,7137
109,openphenom,D20,std_all__tvn_efaar_e0.2_c150,0.20233433200115908,-0.003355204854310812,-0.0006788731329240244,370,76,1480,5913,7393
110,openphenom,D20,std_all__tvn_efaar_e0.2_c150,0.2224351202071114,-0.011230231108932348,-0.0024979978066690086,370,87,1480,5689,7169
111,openphenom,D20,std_all__tvn_efaar_e0.2_c150,0.20384564201961064,0.059193705747686655,0.012066378951657103,370,78,1480,5599,7079
112,openphenom,D20,std_all__tvn_efaar_e0.2_c150,0.2389774344204979,-0.019577861222753654,-0.00467866704645422,370,52,1480,5759,7239
113,openphenom,D20,std_all__tvn_efaar_e0.2_c150,0.20031790108442712,0.005037900683911494,0.0010091816908729505,370,67,1480,5593,7073
114,openphenom,D20,std_all__tvn_efaar_e0.2_c150,0.235656759613129,0.030777719313592345,0.007252977601723589,370,60,1480,5625,7105
115,openphenom,D20,std_all__tvn_efaar_e0.2_c150,0.226903310589003,-0.0018499184058655307,-0.0004197526106104198,370,59,1480,5913,7393
116,openphenom,D20,std_all__tvn_efaar_e0.2_c150,0.17738054273322532,0.0850218930255906,0.015081229529085485,370,72,1480,5625,7105
117,openphenom,D20,std_all__tvn_efaar_e0.2_c150,0.22268127005234897,0.03175187509348434,0.007070547872360639,370,60,1480,5945,7425
118,openphenom,D20,std_all__tvn_efaar_e0.2_c150,0.22991689807144322,0.011097987293361948,0.0025516148133260708,370,53,1480,5721,7201
119,openphenom,D20,std_all__tvn_efaar_e0.2_c150,0.21294466042180688,-0.023167374001171005,-0.0049333685895443565,370,84,1480,5794,7274
120,openphenom,D20,std_all__tvn_efaar_e0.2_c150,0.22419112794614715,0.05670309169160227,0.012712330084374118,370,52,1480,5529,7009
121,openphenom,D20,std_all__tvn_efaar_e0.2_c150,0.21163288145970474,0.06855152476211651,0.014507756713863017,370,61,1480,5721,7201
122,openphenom,D20,std_all__tvn_efaar_e0.2_c150,0.23240654274071432,0.0244907895418635,0.005691819726414939,370,93,1480,5625,7105
123,openphenom,D20,std_all__tvn_efaar_e0.2_c150,0.22261225999373704,0.034463865208071424,0.007672078922088305,370,75,1480,5721,7201
124,openphenom,D20,std_all__tvn_efaar_e0.2_c150,0.1980774615737956,-0.012181654116403927,-0.0024129111251472678,370,75,1480,5561,7041
125,openphenom,D20,std_all__tvn_efaar_e0.2_c150,0.21143978999769675,-0.0015693295221198846,-0.0003318187045942142,370,61,1480,5593,7073
126,openphenom,D20,std_all__tvn_efaar_e0.2_c150,0.22199755191286139,0.000703779596509625,0.0001562373475113581,370,60,1480,5689,7169
127,openphenom,D20,std_all__tvn_efaar_e0.2_c150,0.2089691693033153,-0.001538445072767308,-0.0003214875888749628,370,82,1480,5881,7361
128,openphenom,D20,std_all__tvn_efaar_e0.2_c150,0.2360822127802021,-0.001265154619628857,-0.0002986805021110755,370,76,1480,5657,7137
129,openphenom,D20,std_all__tvn_efaar_e0.2_c150,0.24245948931131092,0.06902116935898028,0.016734837474447862,370,77,1480,5689,7169
130,openphenom,D20,std_all__tvn_efaar_e0.2_c150,0.19014816579626878,-0.0025332940680237916,-0.00048170122045729214,370,98,1480,5785,7265
131,openphenom,D20,std_all__tvn_efaar_e0.2_c150,0.2168370696655367,0.0077784859404696795,0.0016866640977660217,370,86,1480,5753,7233
132,openphenom,D20,std_all__tvn_efaar_e0.2_c150,0.2395105803014711,0.043799411071060425,0.01049042236249236,370,100,1480,5849,7329
133,openphenom,D20,std_all__tvn_efaar_e0.2_c150,0.21477117740785434,-0.02047811694091041,-0.004398109286495057,370,120,1480,5753,7233
134,openphenom,D20,std_all__tvn_efaar_e0.2_c150,0.19465693131828915,-0.0051313252830525995,-0.0009988480331949705,370,63,1480,5337,6817
135,openphenom,D20,std_all__tvn_efaar_e0.2_c150,0.2001903738518012,0.07862065571045135,0.015739098459149004,370,77,1480,5625,7105
136,openphenom,D20,std_all__tvn_efaar_e0.2_c150,0.2121683738681598,0.09183783679367756,0.019485084492084023,370,68,1480,5529,7009
137,openphenom,D20,std_all__tvn_efaar_e0.2_c150,0.20384267138536213,-0.06446203996058891,-0.013140114428516408,370,79,1480,5529,7009
138,openphenom,D20,std_all__tvn_efaar_e0.2_c150,0.20460502598257227,0.013420041143766713,0.0027458078669075773,370,87,1480,5497,6977
139,openphenom,D20,std_all__tvn_efaar_e0.2_c150,0.2458310626893132,-0.024693838760738974,-0.006070512624431015,370,78,1480,5561,7041
140,openphenom,D20,std_all__tvn_efaar_e0.2_c150,0.2409258721006156,0.04277765340427775,0.010306243452843485,370,43,1480,5625,7105
141,openphenom,D20,std_all__tvn_efaar_e0.2_c150,0.22074168831700125,-0.01804782733235371,-0.003983907875797479,370,77,1480,5593,7073
142,openphenom,D20,std_all__tvn_efaar_e0.2_c150,0.21128430049654862,0.015977971052691435,0.0033758944372220124,370,68,1480,5913,7393
143,openphenom,D20,std_all__tvn_efaar_e0.2_c150,0.2069179172223945,0.03102908001719284,0.006420472610484564,370,79,1480,5849,7329
144,openphenom,D20,std_all__tvn_efaar_e0.2_c150,0.200962393753327,0.023520791324212892,0.004726794527486308,370,80,1480,5625,7105
145,openphenom,D20,std_all__tvn_efaar_e0.2_c150,0.22383661728412485,0.013821991724849983,0.0030938678718195863,370,95,1480,5753,7233
146,openphenom,D20,std_all__tvn_efaar_e0.2_c150,0.22814463886739955,-0.03790309481857808,-0.008647387879341299,370,69,1480,5529,7009
147,openphenom,D20,std_all__tvn_efaar_e0.2_c150,0.20880757266973465,-0.019107388364183804,-0.003989767384383152,370,82,1480,5721,7201
148,openphenom,D20,std_all__tvn_efaar_e0.2_c150,0.22763366508686347,0.09134797225155383,0.020793873721874304,370,75,1480,5657,7137
149,openphenom,D20,std_all__tvn_efaar_e0.2_c150,0.20855372161454308,0.004475565166719498,0.0009333957718477644,370,46,1480,5497,6977
150,openphenom,D20,std_all__tvn_efaar_e0.2_c150,0.1998766995818203,0.04986176609652883,0.009966205242694886,370,84,1480,5849,7329
151,openphenom,D20,std_all__tvn_efaar_e0.2_c150,0.2353301306723642,0.026409151750537013,0.006214869132400171,370,98,1480,5785,7265
152,openphenom,D20,std_all__tvn_efaar_e0.2_c150,0.20547139582544846,0.0054349262208395486,0.0011167218768042316,370,69,1480,5657,7137
153,openphenom,D20,std_all__tvn_efaar_e0.2_c150,0.2384891469658898,0.010391743466751204,0.002478318034873853,370,85,1480,5753,7233
154,openphenom,D20,std_all__tvn_efaar_e0.2_c150,0.2021844834165049,0.023048345384714074,0.0046600178052136005,370,76,1480,5721,7201
155,openphenom,D20,std_all__tvn_efaar_e0.2_c150,0.21240423379509632,-0.010117978161017746,-0.002149101398846492,370,83,1480,5497,6977
156,openphenom,D20,std_all__tvn_efaar_e0.2_c150,0.21178648182278786,0.034000627443878696,0.007200873266106397,370,63,1480,5785,7265
157,openphenom,D20,std_all__tvn_efaar_e0.2_c150,0.22333568478388124,-0.020324040905968007,-0.004539083593309979,370,95,1480,5593,7073
158,openphenom,D20,std_all__tvn_efaar_e0.2_c150,0.1980940067393364,0.003672518235954173,0.0007275038521834417,370,78,1480,5625,7105
159,openphenom,D20,std_all__tvn_efaar_e0.2_c150,0.1986519607248943,0.07741511253524073,0.015378663894863915,370,56,1480,5849,7329
160,openphenom,D20,std_all__tvn_efaar_e0.2_c150,0.21329842321622922,0.005755552541693281,0.0012276502818813371,370,76,1480,5817,7297
161,openphenom,D20,std_all__tvn_efaar_e0.2_c150,0.23884820150482272,0.03976529656058124,0.009497869565800742,370,95,1480,5657,7137
162,openphenom,D20,std_all__tvn_efaar_e0.2_c150,0.2245902120703853,0.02837575096030182,0.006372915925830625,370,108,1480,5849,7329
163,openphenom,D20,std_all__tvn_efaar_e0.2_c150,0.2192126598847499,0.000989106491423613,0.00021682466489424275,370,75,1480,5785,7265
164,openphenom,D20,std_all__tvn_efaar_e0.2_c150,0.21626616150562625,-0.00636010207011723,-0.0013754748614882408,370,49,1480,5785,7265
165,openphenom,D20,std_all__tvn_efaar_e0.2_c150,0.22998769218234844,0.020129431814863093,0.004629521568042304,370,83,1480,5849,7329
166,openphenom,D20,std_all__tvn_efaar_e0.2_c150,0.20917643873666897,-0.03194456182740596,-0.0066820496800601165,370,84,1480,5631,7111
167,openphenom,D20,std_all__tvn_efaar_e0.2_c150,0.19807186744400113,0.016184607023044032,0.0032057153369016273,370,49,1480,5785,7265
168,openphenom,D20,std_all__tvn_efaar_e0.2_c150,0.20797800322600454,-0.0036117175788304566,-0.000751157810261418,370,49,1480,5721,7201
169,openphenom,D20,std_all__tvn_efaar_e0.2_c150,0.21002859268508692,-0.02398069102973945,-0.005036630788592064,370,53,1480,5689,7169
170,openphenom,D20,std_all__tvn_efaar_e0.2_c150,0.2010625988674299,-0.03825549083614683,-0.00769174840846483,370,57,1480,5497,6977
171,openphenom,D20,std_all__tvn_efaar_e0.2_c150,0.2140543774805523,0.03033909181596863,0.006494215411992485,370,78,1480,5561,7041
172,openphenom,D20,std_all__tvn_efaar_e0.2_c150,0.22370380682148927,-0.03763482026268851,-0.00841905256180594,370,58,1480,5689,7169
173,openphenom,D20,std_all__tvn_efaar_e0.2_c150,0.19899810926329212,0.02766532263834353,0.0055053468971893145,370,61,1480,5753,7233
174,openphenom,D20,std_all__tvn_efaar_e0.2_c150,0.21840847741063854,0.059226006905643946,0.012935461991373657,370,81,1480,5497,6977
175,openphenom,D20,std_all__tvn_efaar_e0.2_c150,0.21243470050378857,-0.010590327204865085,-0.0022497529880026387,370,81,1480,5433,6913
176,openphenom,D20,std_all__tvn_efaar_e0.2_c150,0.23087328157932363,0.0063406179842240805,0.0014638792812586895,370,67,1480,5497,6977
177,openphenom,D20,std_all__tvn_efaar_e0.2_c150,0.19670909260087416,-0.022376755296353766,-0.004401711229697554,370,74,1480,5657,7137
178,openphenom,D20,std_all__tvn_efaar_e0.2_c150,0.22574140139337626,0.0010894814115116787,0.00024594106062668,370,66,1480,5657,7137
179,openphenom,D20,std_all__tvn_efaar_e0.2_c150,0.2020133931120505,-0.00866478036140015,-0.0017504016813771033,370,99,1480,5561,7041
180,openphenom,D20,std_all__tvn_efaar_e0.2_c150,0.20850864106165123,-0.01866857429960812,-0.0038925590577697567,370,79,1480,5753,7233
181,openphenom,D20,std_all__tvn_efaar_e0.2_c150,0.19667417386706235,0.0018246669736467133,0.00035886486962448015,370,73,1480,5593,7073
182,openphenom,D20,std_all__tvn_efaar_e0.2_c150,0.1855287839250897,0.06269737818718112,0.011632168330359157,370,82,1480,5657,7137
183,openphenom,D20,std_all__tvn_efaar_e0.2_c150,0.21197107430129625,0.02537605247580404,0.005378989104822251,370,126,1480,5593,7073
184,openphenom,D20,std_all__tvn_efaar_e0.2_c150,0.2338916150837499,-0.010137312252433701,-0.002371032335330005,370,69,1480,5721,7201
185,openphenom,D20,std_all__tvn_efaar_e0.2_c150,0.20095803012794428,0.010015907947794469,0.002012777131131597,370,80,1480,5817,7297
186,openphenom,D20,std_all__tvn_efaar_e0.2_c150,0.23557487594388068,-0.019217683247732913,-0.004527203347013475,370,62,1480,5721,7201
187,openphenom,D20,std_all__tvn_efaar_e0.2_c150,0.21218175506383397,0.04172075335125828,0.008852382668655314,370,77,1480,5721,7201
188,openphenom,D20,std_all__tvn_efaar_e0.2_c150,0.21112586929326047,0.005471229329381587,0.00115511804826847,370,50,1480,5657,7137
189,openphenom,D20,std_all__tvn_efaar_e0.2_c150,0.1988630539674939,0.016188806424136653,0.0032193554855923993,370,49,1480,5753,7233
190,openphenom,D20,std_all__tvn_efaar_e0.2_c150,0.22489163817904242,-0.0005717744491283084,-0.00012858729253338483,370,78,1480,5721,7201
191,openphenom,D20,std_all__tvn_efaar_e0.2_c150,0.22957296841930616,-0.03056215098845961,-0.0070162437236997045,370,90,1480,5465,6945
192,openphenom,D20,std_all__tvn_efaar_e0.2_c150,0.20629482674948615,0.04708005545015774,0.009712371882446492,370,98,1480,5497,6977
193,openphenom,D20,std_all__tvn_efaar_e0.2_c150,0.208800260005179,0.02066237578265138,0.004314309435742323,370,85,1480,5721,7201
194,openphenom,D20,std_all__tvn_efaar_e0.2_c150,0.23713759241085383,0.028102095637717303,0.006664063301227839,370,71,1480,5689,7169
195,openphenom,D20,std_all__tvn_efaar_e0.2_c150,0.219494109948897,0.024970273464388956,0.005480827949246615,370,88,1480,5881,7361
196,openphenom,D20,std_all__tvn_efaar_e0.2_c150,0.17178690664926555,-0.001349544550003578,-0.00023183408363048976,370,54,1480,5625,7105
197,openphenom,D20,std_all__tvn_efaar_e0.2_c150,0.17753320209562137,-0.02581217385272398,-0.00458251787712296,370,79,1480,5433,6913
198,openphenom,D20,std_all__tvn_efaar_e0.2_c150,0.2071220548442496,-0.03881854815523899,-0.008040177459983554,370,82,1480,5753,7233
199,openphenom,D20,std_all__tvn_efaar_e0.2_c150,0.22697451232618082,-0.025894246812481203,-0.005877334042316684,370,85,1480,5721,7201
200,openphenom,D20,std_all__tvn_efaar_e0.2_c150,0.21707337237473895,0.007344420015996832,0.0015942780210089665,370,51,1480,5561,7041
201,openphenom,D20,std_all__tvn_efaar_e0.2_c150,0.23544402448281374,0.0060286905482314175,0.0014194191650371056,370,83,1480,5689,7169
202,openphenom,D20,std_all__tvn_efaar_e0.2_c150,0.20167710434804056,0.013243536541421701,0.0026709181010013926,370,34,1480,5657,7137
203,openphenom,D20,std_all__tvn_efaar_e0.2_c150,0.22832387755301312,0.037906893474190045,0.00865504890401608,370,71,1480,5465,6945
204,openphenom,D20,std_all__tvn_efaar_e0.2_c150,0.20611666836584983,-0.03296935518891849,-0.0067955336497102226,370,72,1480,5561,7041
205,openphenom,D20,std_all__tvn_efaar_e0.2_c150,0.21565395843192955,-0.00131930152182192,-0.00028451259554616577,370,72,1480,5721,7201
206,openphenom,D20,std_all__tvn_efaar_e0.2_c150,0.18379144855064142,-0.017976588261764338,-0.0033039431966281245,370,70,1480,5337,6817
207,openphenom,D20,std_all__tvn_efaar_e0.2_c150,0.23773979857510677,0.017375502682278277,0.0041308485078260645,370,53,1480,5657,7137
208,openphenom,D20,std_all__tvn_efaar_e0.2_c150,0.207343930422715,0.01760599611841261,0.0036504964341987343,370,60,1480,5881,7361
209,openphenom,D20,std_all__tvn_efaar_e0.2_c150,0.1955796923520749,-0.0006596386859677244,-0.00012901193126509447,370,54,1480,5881,7361
210,openphenom,D20,std_all__tvn_efaar_e0.2_c150,0.20079916020188407,-0.02849261061370664,-0.0057212922831915815,370,74,1480,5657,7137
211,openphenom,D20,std_all__tvn_efaar_e0.2_c150,0.2303029278991303,0.012975033092429679,0.0029881881107746617,370,65,1480,5817,7297
212,openphenom,D20,std_all__tvn_efaar_e0.2_c150,0.2287752065124428,-0.009653632033860883,-0.002208511662141657,370,67,1480,5913,7393
213,openphenom,D20,std_all__tvn_efaar_e0.2_c150,0.24748540062787608,0.04339833647009394,0.010740454687884564,370,67,1480,5753,7233
214,openphenom,D20,std_all__tvn_efaar_e0.2_c150,0.23367476493875894,0.01670912764552659,0.0039045014749001447,370,96,1480,5657,7137
215,openphenom,D20,std_all__tvn_efaar_e0.2_c150,0.17596184481443217,0.026115241522155476,0.004595286076012937,370,67,1480,5401,6881
216,openphenom,D20,std_all__tvn_efaar_e0.2_c150,0.2264532493270312,-0.011706020043740089,-0.002650866275592299,370,60,1480,5657,7137
217,openphenom,D20,std_all__tvn_efaar_e0.2_c150,0.2735086938416151,0.0019665701812824213,0.0005378740416304232,370,58,1480,5689,7169
218,openphenom,D20,std_all__tvn_efaar_e0.2_c150,0.19293089968280788,0.028596217656740475,0.005517094000040336,370,96,1480,5785,7265
219,openphenom,D20,std_all__tvn_efaar_e0.2_c150,0.1849242302407321,-0.016533398582888152,-0.0030574260062038025,370,77,1480,5561,7041
220,openphenom,D20,std_all__tvn_efaar_e0.2_c150,0.22127960061957114,-0.020311899916037927,-0.004494609101245573,370,91,1480,5849,7329
221,openphenom,D20,std_all__tvn_efaar_e0.2_c150,0.1622809189581901,0.007582334107528906,0.0012304681468178192,370,74,1480,5945,7425
222,openphenom,D20,std_all__tvn_efaar_e0.2_c150,0.21192530507152998,-0.02507983416084009,-0.005315051505679415,370,60,1480,5465,6945
223,openphenom,D20,std_all__tvn_efaar_e0.2_c150,0.21819277489006209,-0.04061230062472033,-0.00886131056797713,370,61,1480,5625,7105
224,openphenom,D20,std_all__tvn_efaar_e0.2_c150,0.2100886924540839,0.005118754289549525,0.0010753923956851928,370,57,1480,5625,7105
225,openphenom,D20,std_all__tvn_efaar_e0.2_c150,0.2048144602434354,-0.00729584655556178,-0.001494294874296313,370,86,1480,5786,7266
226,openphenom,D20,std_all__tvn_efaar_e0.2_c150,0.20303827762583646,0.11561220265940805,0.02347370250049536,370,80,1480,5561,7041
227,openphenom,D20,std_all__tvn_efaar_e0.2_c150,0.2071828008705871,0.06835363287980574,0.014161697109718008,370,45,1480,5721,7201
228,openphenom,D20,std_all__tvn_efaar_e0.2_c150,0.22603391204388226,0.0076895110472236525,0.001738090263708612,370,48,1480,5689,7169
229,openphenom,D20,std_all__tvn_efaar_e0.2_c150,0.22896724093718349,0.0048659860296275306,0.0011141513956426955,370,63,1480,5721,7201
230,openphenom,D20,std_all__tvn_efaar_e0.2_c150,0.2224750799936482,-0.03727141272852163,-0.008291960528254127,370,87,1480,5785,7265
231,openphenom,D20,std_all__tvn_efaar_e0.2_c150,0.2552306167427826,0.011822364672974792,0.0030174294268414414,370,45,1480,5657,7137
232,openphenom,D20,std_all__tvn_efaar_e0.2_c150,0.21273276268950553,-0.03721152642429931,-0.00791611082013473,370,78,1480,5689,7169
233,openphenom,D20,std_all__tvn_efaar_e0.2_c150,0.20989377064646103,0.004170139392369439,0.0008752862811857633,370,75,1480,5689,7169
234,openphenom,D20,std_all__tvn_efaar_e0.2_c150,0.22840039378448013,0.03801888475989368,0.008683528250406487,370,76,1480,5721,7201
235,openphenom,D20,std_all__tvn_efaar_e0.2_c150,0.21363770836135365,0.004606706425858754,0.0009841662039139863,370,75,1480,5721,7201
236,openphenom,D20,std_all__tvn_efaar_e0.2_c150,0.22388046511626836,0.001370999442442262,0.0003069399928481182,370,71,1480,5689,7169
237,openphenom,D20,std_all__tvn_efaar_e0.2_c150,0.18979566062730235,0.012068612636033598,0.002290570308111006,370,77,1480,5753,7233
238,openphenom,D20,std_all__tvn_efaar_e0.2_c150,0.19124790184828924,-0.04932441239873772,-0.009433190381158333,370,58,1480,5785,7265
239,openphenom,D20,std_all__tvn_efaar_e0.2_c150,0.22894369989888516,0.04353447682753909,0.00996694419805908,370,58,1480,5657,7137
240,openphenom,D20,std_all__tvn_efaar_e0.2_c150,0.19822096880082749,-0.0012816023344443784,-0.0002540404563509668,370,61,1480,5817,7297
241,openphenom,D20,std_all__tvn_efaar_e0.2_c150,0.23002785562878098,-0.024266871293215087,-0.00558205636639789,370,86,1480,5785,7265
242,openphenom,D20,std_all__tvn_efaar_e0.2_c150,0.20281849419536377,0.024821142968149214,0.005034186841007865,370,72,1480,5753,7233
243,openphenom,D20,std_all__tvn_efaar_e0.2_c150,0.22761192522064064,0.05092118092840509,0.011590268025622852,370,75,1480,5849,7329
244,openphenom,D20,std_all__tvn_efaar_e0.2_c150,0.19385000520933432,-0.010810618759042068,-0.0020956385027564323,370,76,1480,5721,7201
245,openphenom,D20,std_all__tvn_efaar_e0.2_c150,0.22560989134524895,0.019652233713392923,0.004433738312770015,370,83,1480,5529,7009
246,openphenom,D20,std_all__tvn_efaar_e0.2_c150,0.20559618528099616,0.05321881904661705,0.010941586181144087,370,57,1480,5913,7393
247,openphenom,D20,std_all__tvn_efaar_e0.2_c150,0.20187893512784708,0.001412954957704394,0.00028524584224497526,370,65,1480,5817,7297
248,openphenom,D20,std_all__tvn_efaar_e0.2_c150,0.25627795352294996,0.0013461558877255653,0.0003449900760291779,370,72,1480,5721,7201
249,openphenom,D20,std_all__tvn_efaar_e0.2_c150,0.21289417858251516,0.03898096933784075,0.008298821447529817,370,70,1480,5657,7137
250,openphenom,D20,std_all__tvn_efaar_e0.2_c150,0.23813049675197567,0.012884952447992105,0.003068300127065945,370,81,1480,5817,7297
251,openphenom,D20,std_all__tvn_efaar_e0.2_c150,0.21693515089491622,0.012824930254306099,0.0027821781799346698,370,89,1480,5401,6881
252,openphenom,D20,std_all__tvn_efaar_e0.2_c150,0.20560768009019548,0.015081158062765455,0.0031008019223587517,370,56,1480,5753,7233
253,openphenom,D20,std_all__tvn_efaar_e0.2_c150,0.19985740888181547,-0.01594234676500113,-0.003186196115948519,370,51,1480,5849,7329
254,openphenom,D20,std_all__tvn_efaar_e0.2_c150,0.2061645010011583,0.03570782608247661,0.007361686146129935,370,58,1480,5625,7105
255,openphenom,D20,std_all__tvn_efaar_e0.2_c150,0.21120944294069874,-0.013930534258479454,-0.002942260380599765,370,61,1480,5881,7361
256,openphenom,D20,std_all__tvn_efaar_e0.2_c150,0.19687670820694217,0.0233176611798135,0.004590704376166485,370,58,1480,5721,7201
257,openphenom,D20,std_all__tvn_efaar_e0.2_c150,0.2106925710360232,0.015719641666196684,0.0033120117184159753,370,69,1480,5817,7297
258,openphenom,D20,std_all__tvn_efaar_e0.2_c150,0.24654271727181087,-0.008684129457948353,-0.002141008873702765,370,65,1480,5689,7169
259,openphenom,D20,std_all__tvn_efaar_e0.2_c150,0.2413626805208181,0.038242020829215934,0.009230196655872517,370,77,1480,5529,7009
260,openphenom,D20,std_all__tvn_efaar_e0.2_c150,0.21291556293421152,-0.048480848877246706,-0.010322327230227418,370,92,1480,5721,7201
261,openphenom,D20,std_all__tvn_efaar_e0.2_c150,0.22109160827876498,0.02010673278996661,0.004445429889765097,370,90,1480,5660,7140
262,openphenom,D20,std_all__tvn_efaar_e0.2_c150,0.19190985922801407,0.017996418143341665,0.0034536900724971772,370,83,1480,5721,7201
263,openphenom,D20,std_all__tvn_efaar_e0.2_c150,0.2378522850116151,-0.025597155778921906,-0.0060883419918148435,370,54,1480,5881,7361
264,openphenom,D20,std_all__tvn_efaar_e0.2_c150,0.2159274835434154,-0.03400269104321761,-0.007342115510666209,370,94,1480,5593,7073
265,openphenom,D20,std_all__tvn_efaar_e0.2_c150,0.21492433744403916,0.01375451651866509,0.0029561803496371865,370,81,1480,5529,7009
266,openphenom,D20,std_all__tvn_efaar_e0.2_c150,0.20778710442547768,-0.0008072842402974589,-0.0001677432547397305,370,47,1480,5625,7105
267,openphenom,D20,std_all__tvn_efaar_e0.2_c150,0.21394465619646363,0.042274960121616315,0.009044501808938413,370,64,1480,5721,7201
268,openphenom,D20,std_all__tvn_efaar_e0.2_c150,0.21006574973797787,0.04606799105292862,0.009677307079455908,370,75,1480,5692,7172
269,openphenom,D20,std_all__tvn_efaar_e0.2_c150,0.20284635891117753,0.08715864341156333,0.017679813463673314,370,80,1480,5593,7073
270,openphenom,D20,std_all__tvn_efaar_e0.2_c150,0.2526833011080576,0.010223385475192122,0.0025832787903717134,370,71,1480,5465,6945
271,openphenom,D20,std_all__tvn_efaar_e0.2_c150,0.21004658333881424,0.015528162284371786,0.0032616374333629306,370,79,1480,5822,7302
272,openphenom,D20,std_all__tvn_efaar_e0.2_c150,0.19153611676178992,-0.006903717961996888,-0.0013223113296595022,370,81,1480,5753,7233
273,openphenom,D20,std_all__tvn_efaar_e0.2_c150,0.24613161986217102,-0.015483281865460644,-0.0038109252463284053,370,78,1480,5721,7201
274,openphenom,D20,std_all__tvn_efaar_e0.2_c150,0.2020176910667712,0.004598787812896964,0.0009290364956674513,370,69,1480,5721,7201
275,openphenom,D20,std_all__tvn_efaar_e0.2_c150,0.19744850444666745,0.07888784981930821,0.015576287965835711,370,55,1480,5693,7173
276,openphenom,D20,std_all__tvn_efaar_e0.2_c150,0.2222109934130942,0.08273918110403666,0.0183855556273139,370,47,1480,5817,7297
277,openphenom,D20,std_all__tvn_efaar_e0.2_c150,0.21494390519772053,0.028683476021170717,0.0061653383506356085,370,59,1480,5497,6977
278,openphenom,D20,std_all__tvn_efaar_e0.2_c150,0.20184308423468827,-0.0009699022641477365,-0.00019576806440178645,370,55,1480,5657,7137
279,openphenom,D20,std_all__tvn_efaar_e0.2_c150,0.19298140235170214,0.06535119352317562,0.012611564971459904,370,69,1480,5849,7329
280,openphenom,D20,std_all__tvn_efaar_e0.2_c150,0.22301364499304627,0.06383199292723887,0.01423540540987389,370,60,1480,5785,7265
281,openphenom,D20,std_all__tvn_efaar_e0.2_c150,0.1867303617071378,0.0034978362476566537,0.0006531522277172646,370,75,1480,5753,7233
282,openphenom,D20,std_all__tvn_efaar_e0.2_c150,0.2131584244387026,0.04610295189453261,0.00982723258781187,370,73,1480,5977,7457
283,openphenom,D20,std_all__tvn_efaar_e0.2_c150,0.19441495146907484,0.08245095618919933,0.016029698646102004,370,64,1480,5689,7169
284,openphenom,D20,std_all__tvn_efaar_e0.2_c150,0.21475503859659492,-0.04045845534448713,-0.008688657139063945,370,61,1480,5561,7041
285,openphenom,D20,std_all__tvn_efaar_e0.2_c150,0.2530351819929091,0.009426174768961472,0.002385153848161134,370,61,1480,5593,7073
286,openphenom,D20,std_all__tvn_efaar_e0.2_c150,0.22226345035065131,0.003587462814903749,0.0007973618632451672,370,86,1480,5593,7073
287,openphenom,D20,std_all__tvn_efaar_e0.2_c150,0.22115752338242087,0.010362266118602727,0.00229169311141975,370,58,1480,5881,7361
288,openphenom,D20,std_all__tvn_efaar_e0.2_c150,0.21130320331194163,0.03791452100062054,0.008011459739469002,370,75,1480,5785,7265
289,openphenom,D20,std_all__tvn_efaar_e0.2_c150,0.2121771768764103,-0.011076593836936835,-0.002350200409727903,370,97,1480,5785,7265
290,openphenom,D20,std_all__tvn_efaar_e0.2_c150,0.23991739723384975,-0.013642337899473108,-0.003273034201026293,370,57,1480,5625,7105
291,openphenom,D20,std_all__tvn_efaar_e0.2_c150,0.19931770488649855,0.05472111095051234,0.010906886243495563,370,76,1480,5849,7329
292,openphenom,D20,std_all__tvn_efaar_e0.2_c150,0.23124656973019656,-0.017377301885168627,-0.004018441452111323,370,74,1480,5657,7137
293,openphenom,D20,std_all__tvn_efaar_e0.2_c150,0.22844738947642024,0.010974157185840749,0.0025070175608092175,370,61,1480,5817,7297
294,openphenom,D20,std_all__tvn_efaar_e0.2_c150,0.24505735645198148,-0.004528677575284921,-0.0011097857548226923,370,72,1480,5721,7201
295,openphenom,D20,std_all__tvn_efaar_e0.2_c150,0.20946454876828802,-0.007406579580763298,-0.001551415849801,370,65,1480,5724,7204
296,openphenom,D20,std_all__tvn_efaar_e0.2_c150,0.201944923242567,-0.045279728330464085,-0.009144011262139855,370,82,1480,5689,7169
297,openphenom,D20,std_all__tvn_efaar_e0.2_c150,0.19940395347081827,0.016611884915409894,0.0033124755267349825,370,59,1480,5369,6849
298,openphenom,D20,std_all__tvn_efaar_e0.2_c150,0.2238707040171349,0.013299493600284883,0.002977366995367157,370,62,1480,5689,7169
299,openphenom,D20,std_all__tvn_efaar_e0.2_c150,0.2143288931963194,-0.004286632024384441,-0.0009187490973262153,370,96,1480,5625,7105
300,openphenom,D20,std_all__tvn_efaar_e0.2_c150,0.22488873672950205,-0.00818531072707765,-0.0018407841891509345,370,49,1480,5625,7105
301,openphenom,D20,std_all__tvn_efaar_e0.2_c150,0.19029964439559338,-0.0017700300651580076,-0.00033683609196907783,370,97,1480,5657,7137
302,openphenom,D20,std_all__tvn_efaar_e0.2_c150,0.20595242705765107,0.022076373699751,0.004546682744095414,370,118,1480,5689,7169
303,openphenom,D20,std_all__tvn_efaar_e0.2_c150,0.19191215382303684,-0.03570577902849638,-0.00685237295728816,370,102,1480,5689,7169
304,openphenom,D20,std_all__tvn_efaar_e0.2_c150,0.21531297022223894,0.008032569757883731,0.0017295164530872769,370,57,1480,5785,7265
305,openphenom,D20,std_all__tvn_efaar_e0.2_c150,0.20129967297650075,0.08756305556438335,0.01762641444993353,370,70,1480,5849,7329
306,openphenom,D20,std_all__tvn_efaar_e0.2_c150,0.1970188954060168,0.0013420085488429372,0.00026440104191846706,370,74,1480,5657,7137
307,openphenom,D20,std_all__tvn_efaar_e0.2_c150,0.21498003511179842,0.009364029772467728,0.002013079449273038,370,72,1480,5753,7233
308,openphenom,D20,std_all__tvn_efaar_e0.2_c150,0.1946212981169673,0.021507206023708994,0.004185760355203303,370,75,1480,5753,7233
309,openphenom,D20,std_all__tvn_efaar_e0.2_c150,0.20614168611113085,0.008635789405938718,0.0017801961890408482,370,73,1480,5849,7329
310,openphenom,D20,std_all__tvn_efaar_e0.2_c150,0.2145692007602525,0.00894078101731993,0.0019184162370587746,370,73,1480,5753,7233
311,openphenom,D20,std_all__tvn_efaar_e0.2_c150,0.22956170534905834,0.037515418400844505,0.008612103424981308,370,67,1480,5724,7204
312,openphenom,D20,std_all__tvn_efaar_e0.2_c150,0.21543407796295055,0.012000517743956702,0.0025853204752473396,370,93,1480,5689,7169
313,openphenom,D20,std_all__tvn_efaar_e0.2_c150,0.17847240566023972,0.05401744727854738,0.00964062376342752,370,100,1480,5721,7201
314,openphenom,D20,std_all__tvn_efaar_e0.2_c150,0.22834078849672046,-0.012898654176809014,-0.002945288865279087,370,60,1480,5625,7105
315,openphenom,D20,std_all__tvn_efaar_e0.2_c150,0.23366337535956877,0.01923901730321859,0.004495453721671204,370,52,1480,5593,7073
316,openphenom,D20,std_all__tvn_efaar_e0.2_c150,0.21449045589162505,0.016316475346286843,0.003499728235569526,370,61,1480,5561,7041
317,openphenom,D20,std_all__tvn_efaar_e0.2_c150,0.2074116651718223,0.04796468664002313,0.009948435525451856,370,92,1480,5817,7297
318,openphenom,D20,std_all__tvn_efaar_e0.2_c150,0.21260667723694537,-0.008441795495079691,-0.0017947820901227074,370,80,1480,5657,7137
319,openphenom,D20,std_all__tvn_efaar_e0.2_c150,0.20133424041714557,0.007388105218813318,0.0014874785523517284,370,86,1480,5881,7361
320,openphenom,D20,std_all__tvn_efaar_e0.2_c150,0.20726897570022584,0.0740882071621107,0.015356186809956821,370,82,1480,5529,7009
321,openphenom,D20,std_all__tvn_efaar_e0.2_c150,0.22692239421254445,0.007037313199699776,0.001596923960099415,370,73,1480,5529,7009
322,openphenom,D20,std_all__tvn_efaar_e0.2_c150,0.20574725980243683,-0.0257397346825788,-0.005295879878982334,370,72,1480,5657,7137
323,openphenom,D20,std_all__tvn_efaar_e0.2_c150,0.23954605271071813,-0.009687111080907642,-0.0023205092216016837,370,92,1480,5625,7105
324,openphenom,D20,std_all__tvn_efaar_e0.2_c150,0.19122809171712907,-0.04584420328082753,-0.008766699509684795,370,61,1480,5721,7201
325,openphenom,D20,std_all__tvn_efaar_e0.2_c150,0.20032553879935905,-0.02101112648517899,-0.004209065233924964,370,100,1480,5689,7169
326,openphenom,D20,std_all__tvn_efaar_e0.2_c150,0.20999795836838514,0.046656520658298554,0.009797774082815082,370,46,1480,5663,7143
327,openphenom,D20,std_all__tvn_efaar_e0.2_c150,0.20289515317415335,0.0046049145919691125,0.000934314851491467,370,79,1480,5497,6977
328,openphenom,D20,std_all__tvn_efaar_e0.2_c150,0.19422973650790767,-0.018034448072565573,-0.003502826097199955,370,67,1480,5727,7207
329,openphenom,D20,std_all__tvn_efaar_e0.2_c150,0.22717629996722533,-0.051186838151153255,-0.011628436498200206,370,113,1480,5561,7041
330,openphenom,D20,std_all__tvn_efaar_e0.2_c150,0.24807866808238221,-0.015947929366653187,-0.003956341075951232,370,45,1480,5593,7073
331,openphenom,D20,std_all__tvn_efaar_e0.2_c150,0.22170273508603225,0.002103746217558893,0.0004664062903597016,370,95,1480,5817,7297
332,openphenom,D20,std_all__tvn_efaar_e0.2_c150,0.22011865401611005,0.012774022591337517,0.0028118006591765963,370,100,1480,5689,7169
333,openphenom,D20,std_all__tvn_efaar_e0.2_c150,0.20505881570789963,0.03267583226609125,0.006700467466754646,370,92,1480,5433,6913
334,openphenom,D20,std_all__tvn_efaar_e0.2_c150,0.22342556774492492,0.06934818124234235,0.015494156766148293,370,53,1480,5497,6977
335,openphenom,D20,std_all__tvn_efaar_e0.2_c150,0.22560961642274463,-0.03105727787927292,-0.0070068205494773555,370,71,1480,5593,7073
336,openphenom,D20,std_all__tvn_efaar_e0.2_c150,0.2362595619909866,-0.03829936655864482,-0.009048591567677665,370,53,1480,5593,7073
337,openphenom,D20,std_all__tvn_efaar_e0.2_c150,0.2073278540547859,-0.03249752206273622,-0.00673764151136516,370,95,1480,5593,7073
338,openphenom,D20,std_all__tvn_efaar_e0.2_c150,0.2271697494773651,-0.004345569639674235,-0.0009871819663812397,370,87,1480,5561,7041
339,openphenom,D20,std_all__tvn_efaar_e0.2_c150,0.2047201590812023,0.006875473892305509,0.001407548108991437,370,86,1480,5817,7297
340,openphenom,D20,std_all__tvn_efaar_e0.2_c150,0.2572464275493187,0.0005252429998087895,0.00013511688529609857,370,93,1480,5625,7105
341,openphenom,D20,std_all__tvn_efaar_e0.2_c150,0.23776919368872376,0.0174163163051919,0.0041410634849132506,370,52,1480,5561,7041
342,openphenom,D20,std_all__tvn_efaar_e0.2_c150,0.21063403328171515,0.14087122030743301,0.029672273306671673,370,78,1480,5785,7265
343,openphenom,D20,std_all__tvn_efaar_e0.2_c150,0.2230073995523908,-0.020698319838735036,-0.004615878482339961,370,71,1480,5785,7265
344,openphenom,D20,std_all__tvn_efaar_e0.2_c150,0.22790813571625745,0.03361670814718103,0.0076615212827415525,370,48,1480,5561,7041
345,openphenom,D20,std_all__tvn_efaar_e0.2_c150,0.2359771847449151,-0.026641571076945095,-0.0062868029399190594,370,77,1480,5785,7265
346,openphenom,D20,std_all__tvn_efaar_e0.2_c150,0.22059618906071998,0.046171643182373955,0.010185288528703068,370,62,1480,5689,7169
347,openphenom,D20,std_all__tvn_efaar_e0.2_c150,0.2385348770534278,-0.0004275537021236046,-0.00010198646976979191,370,59,1480,5817,7297
348,openphenom,D20,std_all__tvn_efaar_e0.2_c150,0.2080773304555545,-0.0268228343983156,-0.005581223776852929,370,125,1480,5791,7271
349,openphenom,D20,std_all__tvn_efaar_e0.2_c150,0.18105942972062927,-0.010407544027461621,-0.0018843839864045424,370,84,1480,5689,7169
350,openphenom,D20,std_all__tvn_efaar_e0.2_c150,0.21169226231603192,-0.022810441665601693,-0.004828794000619098,370,84,1480,5497,6977
351,openphenom,D20,std_all__tvn_efaar_e0.2_c150,0.23067613935918793,-0.015684645098835943,-0.003618073378618484,370,91,1480,5689,7169
352,openphenom,D20,std_all__tvn_efaar_e0.2_c150,0.2248161115731015,0.012055351044826367,0.0027102371455465903,370,69,1480,5433,6913
353,openphenom,D20,std_all__tvn_efaar_e0.2_c150,0.23267876171964452,0.033643609004488886,0.007828153282944356,370,90,1480,5593,7073
354,openphenom,D20,std_all__tvn_efaar_e0.2_c150,0.21084921694228795,-0.003359408037099619,-0.0007083285540120832,370,67,1480,5625,7105
355,openphenom,D20,std_all__tvn_efaar_e0.2_c150,0.23169530673687797,0.0330780932208193,0.007664038955068772,370,67,1480,5561,7041
356,openphenom,D20,std_all__tvn_efaar_e0.2_c150,0.23291340026521662,0.044358684855206436,0.010331732120919299,370,63,1480,5881,7361
357,openphenom,D20,std_all__tvn_efaar_e0.2_c150,0.18886358007738907,0.04116925958658865,0.007775373754658504,370,87,1480,5497,6977
358,openphenom,D20,std_all__tvn_efaar_e0.2_c150,0.19689248862967573,-0.022542513625880584,-0.004438451607768003,370,70,1480,5561,7041
359,openphenom,D20,std_all__tvn_efaar_e0.2_c150,0.21981588016946335,0.023937397588281232,0.005261820119834428,370,83,1480,5529,7009
360,openphenom,D20,std_all__tvn_efaar_e0.2_c150,0.234593831776859,-0.03683895901099205,-0.008642192553059274,370,63,1480,5657,7137
361,openphenom,D20,std_all__tvn_efaar_e0.2_c150,0.20689260937920656,-0.018796933506720202,-0.003888946621532782,370,55,1480,5721,7201
362,openphenom,D20,std_all__tvn_efaar_e0.2_c150,0.22678434407858655,-0.02871932628207548,-0.006513093573259399,370,60,1480,5561,7041
363,openphenom,D20,std_all__tvn_efaar_e0.2_c150,0.20590244237223354,0.02820179861539815,0.005806819214200353,370,75,1480,5689,7169
364,openphenom,D20,std_all__tvn_efaar_e0.2_c150,0.20103044754029914,-0.01737981624381382,-0.0034938722376620527,370,67,1480,5785,7265
365,openphenom,D20,std_all__tvn_efaar_e0.2_c150,0.2537608622542747,0.05143527158793152,0.0130522588684363,370,62,1480,5753,7233
366,openphenom,D20,std_all__tvn_efaar_e0.2_c150,0.19534277112623777,0.04931702693335583,0.009633724704869031,370,83,1480,5660,7140
367,openphenom,D20,std_all__tvn_efaar_e0.2_c150,0.21562726432122128,0.0019299257806099997,0.0004161446164159317,370,79,1480,5689,7169
368,openphenom,D20,std_all__tvn_efaar_e0.2_c150,0.2292031291600268,0.027571450446973435,0.006319462717926931,370,76,1480,5785,7265
369,openphenom,D20,std_all__tvn_efaar_e0.2_c150,0.22872521584196,0.023456399583734848,0.005365070057665014,370,63,1480,5721,7201
370,openphenom,D20,std_all__tvn_efaar_e0.2_c150,0.2139956724397676,0.0062427479674505085,0.001335921049166564,370,56,1480,5817,7297
371,openphenom,D20,std_all__tvn_efaar_e0.2_c150,0.23146539015560805,-0.00754354092016436,-0.0017460686422406382,370,63,1480,5529,7009
372,openphenom,D20,std_all__tvn_efaar_e0.2_c150,0.23805178913750658,0.06453814731639732,0.01536342143628835,370,77,1480,5881,7361
373,openphenom,D20,std_all__tvn_efaar_e0.2_c150,0.22994048783100834,0.07131165111637396,0.016397435845733697,370,74,1480,5721,7201
374,openphenom,D20,std_all__tvn_efaar_e0.2_c150,0.20474640483717155,-0.048066501684882,-0.009841443413079439,370,69,1480,5563,7043
375,openphenom,D20,std_all__tvn_efaar_e0.2_c150,0.21362639537636857,-0.027786958358494655,-0.005936027752598469,370,93,1480,5273,6753
376,openphenom,D20,std_all__tvn_efaar_e0.2_c150,0.23547084149855202,0.04430462781111978,0.010432447992964526,370,86,1480,5593,7073
377,openphenom,D20,std_all__tvn_efaar_e0.2_c150,0.2198714525648087,-0.007259005096078361,-0.001596047994650098,370,79,1480,5817,7297
378,openphenom,D20,std_all__tvn_efaar_e0.2_c150,0.22835129081975983,0.04092042047303441,0.009344230835904735,370,97,1480,5465,6945
379,openphenom,D20,std_all__tvn_efaar_e0.2_c150,0.20067366764721203,-0.019086437945058224,-0.0038301455047557507,370,60,1480,5625,7105
380,openphenom,D20,std_all__tvn_efaar_e0.2_c150,0.21916079103960096,0.03359238996691478,0.0073621347580597974,370,58,1480,5689,7169
381,openphenom,D20,std_all__tvn_efaar_e0.2_c150,0.19088174495803978,-0.0029628790317395523,-0.000565559519678033,370,87,1480,5369,6849
382,openphenom,D20,std_all__tvn_efaar_e0.2_c150,0.20612434487207457,0.024007427685590547,0.004948515303756057,370,65,1480,5753,7233
383,openphenom,D20,std_all__tvn_efaar_e0.2_c150,0.21769628729568172,0.060073536527702816,0.013077785866802421,370,84,1480,6009,7489
384,openphenom,D20,std_all__tvn_efaar_e0.2_c150,0.18627114883388596,0.015027283702786968,0.0027991493991708603,370,65,1480,5561,7041
385,openphenom,D20,std_all__tvn_efaar_e0.2_c150,0.24716889781756934,-0.01874269543642539,-0.00463261137315165,370,97,1480,5561,7041
386,openphenom,D20,std_all__tvn_efaar_e0.2_c150,0.20105436771247337,0.02092079234404554,0.00420621667677603,370,59,1480,5753,7233
387,openphenom,D20,std_all__tvn_efaar_e0.2_c150,0.21681062707112472,-0.02112635668372112,-0.004580418640325823,370,49,1480,5721,7201
388,openphenom,D20,std_all__tvn_efaar_e0.2_c150,0.22401851152041444,0.0070389199761986465,0.0015768483757793317,370,49,1480,5657,7137
389,openphenom,D20,std_all__tvn_efaar_e0.2_c150,0.20436692263669923,0.0319850053342861,0.00653667711068646,370,59,1480,5721,7201
390,openphenom,D20,std_all__tvn_efaar_e0.2_c150,0.22645167510916206,-0.012622225237665756,-0.0028583240486745516,370,73,1480,5753,7233
391,openphenom,D20,std_all__tvn_efaar_e0.2_c150,0.2011151512708168,-0.030855416860453823,-0.006205491829414282,370,83,1480,5657,7137
392,openphenom,D20,std_all__tvn_efaar_e0.2_c150,0.20933222058410397,-0.03825134307313339,-0.008007238585823397,370,57,1480,5945,7425
393,openphenom,D20,std_all__tvn_efaar_e0.2_c150,0.20326811099037972,-0.00021227566134205075,-4.3148872690232234e-05,370,39,1480,5791,7271
394,openphenom,D20,std_all__tvn_efaar_e0.2_c150,0.20570741041284163,0.00933455985825459,0.0019201881357852138,370,90,1480,5625,7105
395,openphenom,D20,std_all__tvn_efaar_e0.2_c150,0.22663190387908855,0.026904263150406102,0.00609736438024054,370,47,1480,5689,7169
396,openphenom,D20,std_all__tvn_efaar_e0.2_c150,0.21112278322008093,0.024800373903252758,0.005235923963353385,370,81,1480,5657,7137
397,openphenom,D20,std_all__tvn_efaar_e0.2_c150,0.20259344746347138,0.030800290520167462,0.0062399370393572025,370,73,1480,5625,7105
398,openphenom,D20,std_all__tvn_efaar_e0.2_c150,0.21348473522502193,-0.009076802610825708,-0.001937758802061914,370,87,1480,5913,7393
399,openphenom,D20,std_all__tvn_efaar_e0.2_c150,0.23444308743828055,-0.009316079454678975,-0.0021840904301752718,370,59,1480,5625,7105
400,openphenom,D20,std_all__tvn_efaar_e0.2_c150,0.19539625965547466,-0.014306352415531673,-0.002795407751307954,370,49,1480,5497,6977
401,openphenom,D20,std_all__tvn_efaar_e0.2_c150,0.24907919474124654,0.060217486867172584,0.014998923138216937,370,82,1480,5497,6977
402,openphenom,D20,std_all__tvn_efaar_e0.2_c150,0.19096197784880098,0.03626343293075412,0.006924936876044147,370,64,1480,5657,7137
403,openphenom,D20,std_all__tvn_efaar_e0.2_c150,0.1999577990700479,-0.006470925245085847,-0.0012939119699541762,370,81,1480,5785,7265
404,openphenom,D20,std_all__tvn_efaar_e0.2_c150,0.2353396888677914,0.04116793417623881,0.009688448820365759,370,49,1480,5817,7297
405,openphenom,D20,std_all__tvn_efaar_e0.2_c150,0.20444884389406429,0.0298324201006961,0.006099203800149363,370,73,1480,5817,7297
406,openphenom,D20,std_all__tvn_efaar_e0.2_c150,0.23767688240882595,-0.009740846967124572,-0.002315174139167636,370,85,1480,5529,7009
407,openphenom,D20,std_all__tvn_efaar_e0.2_c150,0.17635041855199804,0.027860159756131198,0.0049131508339192685,370,82,1480,5785,7265
408,openphenom,D20,std_all__tvn_efaar_e0.2_c150,0.23678199905202385,-0.01850228977898279,-0.004381009160907373,370,78,1480,5433,6913
409,openphenom,D20,std_all__tvn_efaar_e0.2_c150,0.2078302334951684,-0.0340159834354741,-0.007069549779962363,370,50,1480,5689,7169
410,openphenom,D20,std_all__tvn_efaar_e0.2_c150,0.22675793427007065,-0.0076318156546790585,-0.0017305747525850103,370,82,1480,5561,7041
411,openphenom,D20,std_all__tvn_efaar_e0.2_c150,0.20518809902224935,0.08646249138743693,0.017741074244515792,370,94,1480,5657,7137
412,openphenom,D20,std_all__tvn_efaar_e0.2_c150,0.18503106285194065,-0.003089210197245118,-0.0005715998461693174,370,64,1480,5753,7233
413,openphenom,D20,std_all__tvn_efaar_e0.2_c150,0.23891186691747765,-0.00759682069862832,-0.0018149706157466288,370,74,1480,5721,7201
414,openphenom,D20,std_all__tvn_efaar_e0.2_c150,0.23199144555345352,-0.0029843320495049645,-0.0006923395061761573,370,80,1480,5945,7425
415,openphenom,D20,std_all__tvn_efaar_e0.2_c150,0.21038880820975459,0.03760065055233111,0.007910756057616392,370,82,1480,5785,7265
416,openphenom,D20,std_all__tvn_efaar_e0.2_c150,0.2613182608240345,0.07082007593047035,0.018506579073576578,370,64,1480,5701,7181
417,openphenom,D20,std_all__tvn_efaar_e0.2_c150,0.2181732759392148,0.07527793446965811,0.016423633569182847,370,71,1480,5625,7105
418,openphenom,D20,std_all__tvn_efaar_e0.2_c150,0.19421048773202146,-0.0028450320203423705,-0.0005525350562839102,370,74,1480,5817,7297
419,openphenom,D20,std_all__tvn_efaar_e0.2_c150,0.22055869774723255,0.07587335843738012,0.01673452913065756,370,60,1480,5625,7105
420,openphenom,D20,std_all__tvn_efaar_e0.2_c150,0.20445688349200355,0.07699959837348191,0.015743097913578058,370,70,1480,5497,6977
421,openphenom,D20,std_all__tvn_efaar_e0.2_c150,0.24566126487675666,-0.010669537637728401,-0.002621092111734521,370,63,1480,5657,7137
422,openphenom,D20,std_all__tvn_efaar_e0.2_c150,0.215451920939649,-0.02057745320792373,-0.00443345182169291,370,64,1480,5721,7201
423,openphenom,D20,std_all__tvn_efaar_e0.2_c150,0.2007823968989696,-0.03103429652080201,-0.00623114044151998,370,74,1480,5689,7169
424,openphenom,D20,std_all__tvn_efaar_e0.2_c150,0.21416323335404255,0.04508156734600477,0.009654814227488404,370,56,1480,5689,7169
425,openphenom,D20,std_all__tvn_efaar_e0.2_c150,0.2267637768370423,-0.0023762500905945517,-0.0005388474452525844,370,66,1480,5721,7201
426,openphenom,D20,std_all__tvn_efaar_e0.2_c150,0.2688282868444951,0.06762416439090056,0.018179288262496308,370,46,1480,5625,7105
427,openphenom,D20,std_all__tvn_efaar_e0.2_c150,0.22214001834506375,0.04278157343967127,0.009503499508719267,370,47,1480,5849,7329
428,openphenom,D20,std_all__tvn_efaar_e0.2_c150,0.2166354547664232,-0.009029610133371923,-0.00195613369760653,370,88,1480,5689,7169
429,openphenom,D20,std_all__tvn_efaar_e0.2_c150,0.23194603807772315,0.047357092150129676,0.010984289899104223,370,59,1480,5625,7105
430,openphenom,D20,std_all__tvn_efaar_e0.2_c150,0.21641894925519387,0.02046093335966589,0.004428133698479436,370,56,1480,5625,7105
431,openphenom,D20,std_all__tvn_efaar_e0.2_c150,0.21368725770522803,0.009304947482828294,0.0019883487106967424,370,78,1480,5817,7297
432,openphenom,D20,std_all__tvn_efaar_e0.2_c150,0.17753648216090956,-0.025466797331626507,-0.004521285610161808,370,74,1480,5727,7207
433,openphenom,D20,std_all__tvn_efaar_e0.2_c150,0.2305685792603156,-0.012512069500266355,-0.0028848900882827403,370,51,1480,5657,7137
434,openphenom,D20,std_all__tvn_efaar_e0.2_c150,0.20456324698094752,-0.012891711992486529,-0.002637170464326265,370,81,1480,5945,7425
435,openphenom,D20,std_all__tvn_efaar_e0.2_c150,0.2115476540564389,0.006150104918897031,0.0013010402677936324,370,89,1480,5881,7361
436,openphenom,D20,std_all__tvn_efaar_e0.2_c150,0.21757263761316398,0.011751945288925236,0.00255690173359706,370,69,1480,5689,7169
437,openphenom,D20,std_all__tvn_efaar_e0.2_c150,0.21246614984580606,-0.030807182506732936,-0.006545483454802615,370,41,1480,5721,7201
438,openphenom,D20,std_all__tvn_efaar_e0.2_c150,0.2185243525847101,-0.024293389906066838,-0.005308697301311187,370,77,1480,5753,7233
439,openphenom,D20,std_all__tvn_efaar_e0.2_c150,0.20094541581876185,0.05590187744249349,0.011233226007731318,370,45,1480,5689,7169
440,openphenom,D20,std_all__tvn_efaar_e0.2_c150,0.24276901595301492,0.010624712387847516,0.002579350971181549,370,65,1480,5721,7201
441,openphenom,D20,std_all__tvn_efaar_e0.2_c150,0.2177654048441598,0.03301951809264491,0.007190508725203878,370,74,1480,5657,7137
442,openphenom,D20,std_all__tvn_efaar_e0.2_c150,0.20059984208362006,0.06774840406397732,0.013590319156651135,370,63,1480,5721,7201
443,openphenom,D20,std_all__tvn_efaar_e0.2_c150,0.26519185276871654,-0.04736225084887923,-0.012560083053911002,370,57,1480,5657,7137
444,openphenom,D20,std_all__tvn_efaar_e0.2_c150,0.2097848533758849,0.01380329353562318,0.0028957219104750087,370,75,1480,5785,7265
445,openphenom,D20,std_all__tvn_efaar_e0.2_c150,0.20791275138547882,-0.03793499566545104,-0.007887169322600139,370,101,1480,5785,7265
446,openphenom,D20,std_all__tvn_efaar_e0.2_c150,0.19966962667625326,0.03609141302249872,0.007206358964420785,370,84,1480,5785,7265
447,openphenom,D20,std_all__tvn_efaar_e0.2_c150,0.24099868355541806,0.03715642681262189,0.008954649947465115,370,73,1480,5561,7041
448,openphenom,D20,std_all__tvn_efaar_e0.2_c150,0.22810244531257504,-0.033108755869075,-0.007552188174993079,370,66,1480,5529,7009
449,openphenom,D20,std_all__tvn_efaar_e0.2_c150,0.20167558879059092,0.017766565402618166,0.0035830825383595605,370,94,1480,5913,7393
450,openphenom,D20,std_all__tvn_efaar_e0.2_c150,0.2228727375147931,0.03602964263585049,0.008030025085931706,370,76,1480,5625,7105
451,openphenom,D20,std_all__tvn_efaar_e0.2_c150,0.19701158351912543,-0.02114959075732596,-0.0041667143658822466,370,69,1480,5657,7137
452,openphenom,D20,std_all__tvn_efaar_e0.2_c150,0.2005985336051257,-0.020872614075214364,-0.004187015775993708,370,67,1480,5817,7297
453,openphenom,D20,std_all__tvn_efaar_e0.2_c150,0.2193111372262656,0.014791761293478065,0.003243997990852132,370,77,1480,5753,7233
454,openphenom,D20,std_all__tvn_efaar_e0.2_c150,0.21331527593716648,-0.002097030100728345,-0.00044732855458541094,370,66,1480,5689,7169
455,openphenom,D20,std_all__tvn_efaar_e0.2_c150,0.2217966665091292,-0.013757618847908847,-0.0030513939995693486,370,66,1480,5817,7297
456,openphenom,D20,std_all__tvn_efaar_e0.2_c150,0.2149800552399356,0.008337224626654226,0.001792337010785877,370,87,1480,5881,7361
457,openphenom,D20,std_all__tvn_efaar_e0.2_c150,0.20137935965318485,0.03257732307868749,0.006560400460801008,370,74,1480,5625,7105
458,openphenom,D20,std_all__tvn_efaar_e0.2_c150,0.20500326283732875,0.04742745332074121,0.00972278267881705,370,124,1480,5465,6945
459,openphenom,D20,std_all__tvn_efaar_e0.2_c150,0.20185753848676893,6.490423271268614e-05,1.3101408652755251e-05,370,84,1480,5689,7169
460,openphenom,D20,std_all__tvn_efaar_e0.2_c150,0.20597841519301166,0.02892784992989551,0.005958512683501151,370,75,1480,5657,7137
461,openphenom,D20,std_all__tvn_efaar_e0.2_c150,0.20859291929361076,-0.023528009832595762,-0.0049077762561499285,370,64,1480,5529,7009
462,openphenom,D20,std_all__tvn_efaar_e0.2_c150,0.21880652921566232,0.04320906612741292,0.00945442578998926,370,86,1480,5785,7265
463,openphenom,D20,std_all__tvn_efaar_e0.2_c150,0.21828206742811967,0.028020568450717185,0.006116387611933691,370,56,1480,5689,7169
464,openphenom,D20,std_all__tvn_efaar_e0.2_c150,0.23467849771111968,0.027220701910064884,0.006388113430896233,370,51,1480,5561,7041
465,openphenom,D20,std_all__tvn_efaar_e0.2_c150,0.23015060068149698,-0.002323373877358046,-0.000534725893481653,370,70,1480,5721,7201
466,openphenom,D20,std_all__tvn_efaar_e0.2_c150,0.19118398525140468,0.0491312408760239,0.009393106431024964,370,88,1480,5657,7137
467,openphenom,D20,std_all__tvn_efaar_e0.2_c150,0.20142779194726818,0.01407557253885547,0.002835211496895261,370,95,1480,5785,7265
468,openphenom,D20,std_all__tvn_efaar_e0.2_c150,0.20780139219595922,-0.015004441486075937,-0.003117943829929387,370,73,1480,5657,7137
469,openphenom,D20,std_all__tvn_efaar_e0.2_c150,0.21575416861143343,-0.00807106327986806,-0.0017413655477582024,370,68,1480,5817,7297
470,openphenom,D20,std_all__tvn_efaar_e0.2_c150,0.19132040859779653,0.015520527886247922,0.0029693937368504477,370,79,1480,5561,7041
471,openphenom,D20,std_all__tvn_efaar_e0.2_c150,0.17286840724016767,0.04389410245309096,0.00758790357830257,370,72,1480,5881,7361
472,openphenom,D20,std_all__tvn_efaar_e0.2_c150,0.22713598948278088,0.013556319317360706,0.0030791280018932607,370,100,1480,5753,7233
473,openphenom,D20,std_all__tvn_efaar_e0.2_c150,0.1893404414148812,0.002336788612857175,0.00044244858745164545,370,82,1480,5721,7201
474,openphenom,D20,std_all__tvn_efaar_e0.2_c150,0.24167058128689398,0.02889084809888266,0.006982068053928328,370,65,1480,5881,7361
475,openphenom,D20,std_all__tvn_efaar_e0.2_c150,0.1999517231005421,-0.0034805905506946114,-0.0006959500780188523,370,90,1480,5337,6817
476,openphenom,D20,std_all__tvn_efaar_e0.2_c150,0.19563775555271898,-0.02558967045445729,-0.005006305693043751,370,95,1480,5657,7137
477,openphenom,D20,std_all__tvn_efaar_e0.2_c150,0.20350668115316672,0.01807919973747202,0.0036792379364781343,370,80,1480,5660,7140
478,openphenom,D20,std_all__tvn_efaar_e0.2_c150,0.22056339645465,-0.01670407444155241,-0.0036843073934601104,370,50,1480,5817,7297
479,openphenom,D20,std_all__tvn_efaar_e0.2_c150,0.20934377419474892,0.027732912339333827,0.0058057125385282665,370,53,1480,5753,7233
480,openphenom,D20,std_all__tvn_efaar_e0.2_c150,0.21811908521843645,0.05348429766568079,0.01166594608038885,370,63,1480,5721,7201
481,openphenom,D20,std_all__tvn_efaar_e0.2_c150,0.2017166620532585,0.017592695118587506,0.0035487397358421264,370,83,1480,5689,7169
482,openphenom,D20,std_all__tvn_efaar_e0.2_c150,0.22521595249513143,-0.007347704577798789,-0.001654820285141792,370,68,1480,5785,7265
483,openphenom,D20,std_all__tvn_efaar_e0.2_c150,0.2437536546891435,-0.013414992639057518,-0.003269953483398228,370,61,1480,5753,7233
484,openphenom,D20,std_all__tvn_efaar_e0.2_c150,0.23767624619611424,0.07747113106737732,0.01841304762066141,370,49,1480,5561,7041
485,openphenom,D20,std_all__tvn_efaar_e0.2_c150,0.20472367652569273,-0.056969979289942546,-0.011663103611829612,370,75,1480,5433,6913
486,openphenom,D20,std_all__tvn_efaar_e0.2_c150,0.21917378750797734,-0.014575864369142497,-0.003194647399987536,370,84,1480,5657,7137
487,openphenom,D20,std_all__tvn_efaar_e0.2_c150,0.19800233709208973,-0.06736948253132524,-0.013339314989887111,370,40,1480,5529,7009
488,openphenom,D20,std_all__tvn_efaar_e0.2_c150,0.17717225540772374,0.0672360660420401,0.01191236546541091,370,77,1480,5625,7105
489,openphenom,D20,std_all__tvn_efaar_e0.2_c150,0.23730398682041715,0.09651842401497408,0.022904206820376843,370,57,1480,5849,7329
490,openphenom,D20,std_all__tvn_efaar_e0.2_c150,0.25424478808865275,0.06211942477783734,0.01579353998883026,370,68,1480,5913,7393
491,openphenom,D20,std_all__tvn_efaar_e0.2_c150,0.22353840559479138,-0.00914088257096836,-0.002043338315643485,370,75,1480,5913,7393
492,openphenom,D20,std_all__tvn_efaar_e0.2_c150,0.2094451516485928,0.016052569518898094,0.0033621328572351894,370,85,1480,5561,7041
493,openphenom,D20,std_all__tvn_efaar_e0.2_c150,0.2082166027604055,-0.02654011998097564,-0.005526093619292305,370,112,1480,5529,7009
494,openphenom,D20,std_all__tvn_efaar_e0.2_c150,0.21220649561084953,-0.006915581390029859,-0.001467531291889844,370,68,1480,5689,7169
495,openphenom,D20,std_all__tvn_efaar_e0.2_c150,0.22238564315884646,0.018732017156663082,0.004165731683047066,370,65,1480,5369,6849
496,openphenom,D20,std_all__tvn_efaar_e0.2_c150,0.20523427721253934,-0.0043041378170892985,-0.000883356613913479,370,81,1480,5657,7137
497,openphenom,D20,std_all__tvn_efaar_e0.2_c150,0.21021223044928544,0.04756402892238593,0.009998540608929069,370,98,1480,5753,7233
498,openphenom,D20,std_all__tvn_efaar_e0.2_c150,0.23356945606369714,0.0003902123604824477,9.114168878721661e-05,370,84,1480,5945,7425
499,openphenom,D20,std_all__tvn_efaar_e0.2_c150,0.21547463271433084,0.009865510040693071,0.0021257671525578828,370,65,1480,5817,7297
500,openphenom,D20,std_all__tvn_efaar_e0.2_c150,0.2165350815610469,-0.03865687956470954,-0.008370570569439947,370,72,1480,5753,7233
501,openphenom,D20,std_all__tvn_efaar_e0.2_c150,0.21246814183176257,-0.022115589251220157,-0.004698858153721249,370,83,1480,5593,7073
502,openphenom,D20,std_all__tvn_efaar_e0.2_c150,0.22469210987892946,0.01929014204184308,0.004334342715245962,370,84,1480,5817,7297
503,openphenom,D20,std_all__tvn_efaar_e0.2_c150,0.21128186016225833,0.05735607419292423,0.012118298047085531,370,83,1480,5785,7265
504,openphenom,D20,std_all__tvn_efaar_e0.2_c150,0.22808333679510018,0.010925517801975579,0.0024919285564888585,370,71,1480,5721,7201
505,openphenom,D20,std_all__tvn_efaar_e0.2_c150,0.1849619351278004,-0.021850895236954847,-0.004041583867302005,370,62,1480,5625,7105
506,openphenom,D20,std_all__tvn_efaar_e0.2_c150,0.23184550102147042,0.0013507554536325598,0.00031316657490492437,370,88,1480,5657,7137
507,openphenom,D20,std_all__tvn_efaar_e0.2_c150,0.20803891175564426,-0.04282261499422338,-0.008908770221929166,370,83,1480,5657,7137
508,openphenom,D20,std_all__tvn_efaar_e0.2_c150,0.21059242678763967,-0.03006060578173459,-0.00633053592228204,370,81,1480,5881,7361
509,openphenom,D20,std_all__tvn_efaar_e0.2_c150,0.22111840531234864,0.015001477995618236,0.0033171028917193925,370,61,1480,5593,7073
510,openphenom,D20,std_all__tvn_efaar_e0.2_c150,0.20821790705362794,0.0017143710437567353,0.00035696275064437104,370,79,1480,5433,6913
511,openphenom,D20,std_all__tvn_efaar_e0.2_c150,0.21119786193030574,-0.02406330119260823,-0.005082117762863834,370,73,1480,5593,7073
512,openphenom,D20,std_all__tvn_efaar_e0.2_c150,0.21240405102806006,0.024243820686373527,0.005149485726183621,370,71,1480,5753,7233
513,openphenom,D20,std_all__tvn_efaar_e0.2_c150,0.241373791059537,-0.029749409977308818,-0.007180727868007444,370,73,1480,5497,6977
514,openphenom,D20,std_all__tvn_efaar_e0.2_c150,0.2428199946421058,0.060634798626707884,0.014723341477662372,370,61,1480,5945,7425
515,openphenom,D20,std_all__tvn_efaar_e0.2_c150,0.2545101502036858,0.009367336756872168,0.0023840822850000423,370,61,1480,5497,6977
516,openphenom,D20,std_all__tvn_efaar_e0.2_c150,0.2066216273353334,-0.013170969107395339,-0.0027214070705534285,370,47,1480,5657,7137
517,openphenom,D20,std_all__tvn_efaar_e0.2_c150,0.2224936229640306,0.020635109437205427,0.004591180258943094,370,82,1480,5753,7233
518,openphenom,D20,std_all__tvn_efaar_e0.2_c150,0.21488244559206557,0.004433134417703639,0.0009526027653145155,370,72,1480,5785,7265
519,openphenom,D20,std_all__tvn_efaar_e0.2_c150,0.2199763207638292,0.005547112825581667,0.0012202334702333037,370,86,1480,5881,7361
520,openphenom,D20,std_all__tvn_efaar_e0.2_c150,0.1951617762094747,0.03433160738295253,0.006700217476983331,370,75,1480,5753,7233
521,openphenom,D20,std_all__tvn_efaar_e0.2_c150,0.2105708080317553,-0.011063077530589409,-0.002329561174934168,370,66,1480,5849,7329
522,openphenom,D20,std_all__tvn_efaar_e0.2_c150,0.19758391905043635,-0.0047881943802087455,-0.000946070210816919,370,87,1480,5529,7009
523,openphenom,D20,std_all__tvn_efaar_e0.2_c150,0.20252089321585268,0.06440750172888512,0.013043864779935391,370,63,1480,5433,6913
524,openphenom,D20,std_all__tvn_efaar_e0.2_c150,0.20719722532714377,-0.04477362393065798,-0.009276970646273338,370,84,1480,5817,7297
525,openphenom,D20,std_all__tvn_efaar_e0.2_c150,0.21858127506231334,0.05644113522823184,0.012336975304151367,370,69,1480,5657,7137
526,openphenom,D20,std_all__tvn_efaar_e0.2_c150,0.22782591603003577,-0.026516085049087777,-0.006041051365838759,370,55,1480,5913,7393
527,openphenom,D20,std_all__tvn_efaar_e0.2_c150,0.21702562108938192,0.057104692948302664,0.012393181454223834,370,51,1480,5721,7201
528,openphenom,D20,std_all__tvn_efaar_e0.2_c150,0.2017637684372283,-0.02360404830715003,-0.004762441736824969,370,88,1480,5913,7393
529,openphenom,D20,std_all__tvn_efaar_e0.2_c150,0.19859669545977698,-0.026678170248809092,-0.0052981964523268225,370,56,1480,5401,6881
530,openphenom,D20,std_all__tvn_efaar_e0.2_c150,0.21219751627216996,-0.008544566247447722,-0.001813135735331422,370,80,1480,5657,7137
531,openphenom,D20,std_all__tvn_efaar_e0.2_c150,0.21255292177299476,0.009779927088268216,0.0020787520773382666,370,64,1480,5689,7169
532,openphenom,D20,std_all__tvn_efaar_e0.2_c150,0.24613644823728853,-0.016346129190634596,-0.004023378181410664,370,61,1480,5657,7137
533,openphenom,D20,std_all__tvn_efaar_e0.2_c150,0.22615450191113867,0.03704932716220248,0.008378872130510723,370,61,1480,5689,7169
534,openphenom,D20,std_all__tvn_efaar_e0.2_c150,0.2106836211612059,0.039283324495368345,0.008276353055934904,370,74,1480,5689,7169
535,openphenom,D20,std_all__tvn_efaar_e0.2_c150,0.18918546796924937,0.06521026754542521,0.012336834981981222,370,89,1480,5433,6913
536,openphenom,D20,std_all__tvn_efaar_e0.2_c150,0.20794474026170784,-0.01666165987045683,-0.0034647045340910664,370,90,1480,5593,7073
537,openphenom,D20,std_all__tvn_efaar_e0.2_c150,0.21251769483447747,0.005832499457663374,0.0012395093398659602,370,96,1480,5785,7265
538,openphenom,D20,std_all__tvn_efaar_e0.2_c150,0.2084460983530036,-0.025983329649595658,-0.005416123687678131,370,92,1480,5561,7041
539,openphenom,D20,std_all__tvn_efaar_e0.2_c150,0.23090628882970474,0.012971206241917672,0.002995133094965911,370,68,1480,5721,7201
540,openphenom,D20,std_all__tvn_efaar_e0.2_c150,0.22943723967458218,0.07543035380008398,0.017306532163568398,370,53,1480,5785,7265
541,openphenom,D20,std_all__tvn_efaar_e0.2_c150,0.20925560371469198,-0.004794281159374262,-0.0010032301983828346,370,63,1480,5849,7329
542,openphenom,D20,std_all__tvn_efaar_e0.2_c150,0.2173419274900488,-0.029496792370100895,-0.006410889708491493,370,72,1480,5593,7073
543,openphenom,D20,std_all__tvn_efaar_e0.2_c150,0.20235468609953802,0.014558661141157121,0.002946013305248391,370,64,1480,5433,6913
544,openphenom,D20,std_all__tvn_efaar_e0.2_c150,0.2269181565692041,0.007194996120967345,0.0016326752562924843,370,50,1480,5817,7297
545,openphenom,D20,std_all__tvn_efaar_e0.2_c150,0.23067710989676413,0.043248737857744746,0.009976493855707327,370,53,1480,5753,7233
546,openphenom,D20,std_all__tvn_efaar_e0.2_c150,0.2140248813064201,0.0348619233565425,0.007461319008497524,370,85,1480,5785,7265
547,openphenom,D20,std_all__tvn_efaar_e0.2_c150,0.22014424354548148,0.03695682942089391,0.008135833256702084,370,79,1480,5785,7265
548,openphenom,D20,std_all__tvn_efaar_e0.2_c150,0.19964786086225042,0.0008059800189257356,0.00016091218667623923,370,84,1480,5786,7266
549,openphenom,D20,std_all__tvn_efaar_e0.2_c150,0.19844269359930514,0.007780763916450242,0.0015440357498406646,370,82,1480,5881,7361
550,openphenom,D20,std_all__tvn_efaar_e0.2_c150,0.22328532028155398,-0.03190208868046324,-0.007123268088667773,370,77,1480,5561,7041
551,openphenom,D20,std_all__tvn_efaar_e0.2_c150,0.19485240369111315,-0.0002820512641644333,-5.495836678655695e-05,370,56,1480,5529,7009
552,openphenom,D20,std_all__tvn_efaar_e0.2_c150,0.20957344255912475,0.07250124169589633,0.015194334812020151,370,78,1480,5785,7265
553,openphenom,D20,std_all__tvn_efaar_e0.2_c150,0.21539237516254875,-0.023340687723106695,-0.005027406166607293,370,89,1480,5753,7233
554,openphenom,D20,std_all__tvn_efaar_e0.2_c150,0.23864082679352974,0.06768118407022136,0.016151493724882702,370,47,1480,5657,7137
555,openphenom,D20,std_all__tvn_efaar_e0.2_c150,0.22599699153205907,-0.01055574134787503,-0.002385565788010319,370,53,1480,5593,7073
556,openphenom,D20,std_all__tvn_efaar_e0.2_c150,0.21724079309290453,0.08882576521654485,0.019296579682726335,370,71,1480,5561,7041
557,openphenom,D20,std_all__tvn_efaar_e0.2_c150,0.22641250864941012,0.0922330674571704,0.02088272018340822,370,60,1480,5465,6945
558,openphenom,D20,std_all__tvn_efaar_e0.2_c150,0.24395052511954565,0.0353820910021556,0.008631479679803409,370,90,1480,5785,7265
559,openphenom,D20,std_all__tvn_efaar_e0.2_c150,0.24253493185319477,0.008203788020295083,0.001989705168440324,370,79,1480,5753,7233
560,openphenom,D20,std_all__tvn_efaar_e0.2_c150,0.23360607114795967,-0.008069500537092754,-0.0018850843165965888,370,56,1480,5785,7265
561,openphenom,D20,std_all__tvn_efaar_e0.2_c150,0.20292339986026797,0.0505618426204271,0.010260181007736869,370,78,1480,5465,6945
562,openphenom,D20,std_all__tvn_efaar_e0.2_c150,0.2306070657744456,0.05502186849845169,0.012688431647855346,370,67,1480,5785,7265
563,openphenom,D20,std_all__tvn_efaar_e0.2_c150,0.20552217588691726,0.02784838212399624,0.005723460089054037,370,87,1480,5913,7393
564,openphenom,D20,std_all__tvn_efaar_e0.2_c150,0.209845922483851,0.014381225025634995,0.0030178414319522195,370,75,1480,5657,7137
565,openphenom,D20,std_all__tvn_efaar_e0.2_c150,0.17177684969840995,0.06886641661853837,0.011829656096750747,370,78,1480,5625,7105
566,openphenom,D20,std_all__tvn_efaar_e0.2_c150,0.22494930782142716,0.017951808397721945,0.004038246873210435,370,75,1480,5721,7201
567,openphenom,D20,std_all__tvn_efaar_e0.2_c150,0.1947056212259935,0.06704834120559827,0.013054688926608389,370,66,1480,5657,7137
568,openphenom,D20,std_all__tvn_efaar_e0.2_c150,0.2001966762191287,0.03678367281304851,0.007363969036304239,370,74,1480,5849,7329
569,openphenom,D20,std_all__tvn_efaar_e0.2_c150,0.18870335196477545,0.0003093353550579059,5.8372618380640804e-05,370,104,1480,5881,7361
570,openphenom,D20,std_all__tvn_efaar_e0.2_c150,0.2064221001920808,0.007481080297221203,0.0015442603066579967,370,68,1480,5433,6913
571,openphenom,D20,std_all__tvn_efaar_e0.2_c150,0.2197768018693271,0.011089675694784812,0.0024372534579678137,370,88,1480,5657,7137
572,openphenom,D20,std_all__tvn_efaar_e0.2_c150,0.22671924654509004,0.108230067926939,0.024537839453919526,370,55,1480,5817,7297
573,openphenom,D20,std_all__tvn_efaar_e0.2_c150,0.19562427320489884,0.016904899862942947,0.003307008749289808,370,52,1480,5753,7233
574,openphenom,D20,std_all__tvn_efaar_e0.2_c150,0.22667883445558293,-0.024187418834325833,-0.005482775909853994,370,72,1480,5657,7137
575,openphenom,D20,std_all__tvn_efaar_e0.2_c150,0.20265517012537804,0.015137995402049425,0.003067793033559517,370,74,1480,5881,7361
576,openphenom,D20,std_all__tvn_efaar_e0.2_c150,0.20733722915576477,-0.014999925853162527,-0.0031100430639366392,370,119,1480,5721,7201
577,openphenom,D20,std_all__tvn_efaar_e0.2_c150,0.23880281139208662,-0.0306228286096736,-0.007312817564768079,370,52,1480,5657,7137
578,openphenom,D20,std_all__tvn_efaar_e0.2_c150,0.20623971962787271,-0.006206973518168075,-0.0012801244781246144,370,57,1480,5785,7265
579,openphenom,D20,std_all__tvn_efaar_e0.2_c150,0.21674546530359365,-0.0332047911468499,-0.007196987907432628,370,79,1480,5497,6977
580,openphenom,D20,std_all__tvn_efaar_e0.2_c150,0.22681120852888695,-0.040110467307471524,-0.009097503564666027,370,53,1480,5657,7137
581,openphenom,D20,std_all__tvn_efaar_e0.2_c150,0.2181280563185301,0.026599955275931703,0.005802196542498812,370,76,1480,5753,7233
582,openphenom,D20,std_all__tvn_efaar_e0.2_c150,0.2263888125434629,0.04774455745685041,0.010808833668069503,370,63,1480,5913,7393
583,openphenom,D20,std_all__tvn_efaar_e0.2_c150,0.2043193500754479,-0.02527167671172408,-0.0051634925610562965,370,49,1480,5721,7201
584,openphenom,D20,std_all__tvn_efaar_e0.2_c150,0.2387152890897127,0.02965237006536172,0.0070784740923479665,370,86,1480,5945,7425
585,openphenom,D20,std_all__tvn_efaar_e0.2_c150,0.2297665036519535,0.044603819304922375,0.01024846361121552,370,59,1480,5785,7265
586,openphenom,D20,std_all__tvn_efaar_e0.2_c150,0.20257157291831254,0.0008356982630431367,0.00016928871162974992,370,57,1480,5721,7201
587,openphenom,D20,std_all__tvn_efaar_e0.2_c150,0.21223815489449624,-0.025105059753020104,-0.0053282515604970646,370,76,1480,5785,7265
588,openphenom,D20,std_all__tvn_efaar_e0.2_c150,0.2004126710946936,0.03188610810156314,0.006390380095448419,370,96,1480,5817,7297
589,openphenom,D20,std_all__tvn_efaar_e0.2_c150,0.21892305250884259,-0.011068768757031907,-0.0024232086438039325,370,67,1480,5849,7329
590,openphenom,D20,std_all__tvn_efaar_e0.2_c150,0.2418229755309737,0.028191271451387834,0.006817297146375998,370,80,1480,5849,7329
591,openphenom,D20,std_all__tvn_efaar_e0.2_c150,0.19897025963642415,0.017054389318436405,0.0033933162706299503,370,85,1480,5785,7265
592,openphenom,D20,std_all__tvn_efaar_e0.2_c150,0.2019725090948388,0.044993252990409065,0.009087400198811778,370,56,1480,5817,7297
593,openphenom,D20,std_all__tvn_efaar_e0.2_c150,0.21733385986396733,0.03298241388148452,0.007168195316493927,370,50,1480,5689,7169
594,openphenom,D20,std_all__tvn_efaar_e0.2_c150,0.210145958629367,-0.02220284766434619,-0.004665838706725832,370,75,1480,5657,7137
595,openphenom,D20,std_all__tvn_efaar_e0.2_c150,0.24017986292848825,-0.004152202792135805,-0.0009972754974664638,370,51,1480,5721,7201
596,openphenom,D20,std_all__tvn_efaar_e0.2_c150,0.21539313678232302,0.013976363992155653,0.0030104128810819167,370,66,1480,5785,7265
597,openphenom,D20,std_all__tvn_efaar_e0.2_c150,0.21132446212329817,0.07236111051327151,0.015291672757861639,370,89,1480,5625,7105
598,openphenom,D20,std_all__tvn_efaar_e0.2_c150,0.21226177659951065,0.0915550286883583,0.019433633046010097,370,48,1480,5913,7393
599,openphenom,D20,std_all__tvn_efaar_e0.2_c150,0.2226490714833056,0.03485514182151074,0.0077604649629782994,370,63,1480,5721,7201
600,openphenom,D20,std_all__tvn_efaar_e0.2_c150,0.2339662737365996,-0.026342670460358562,-0.006163296447881287,370,77,1480,5849,7329
601,openphenom,D20,std_all__tvn_efaar_e0.2_c150,0.22530154646511788,0.036179906823007285,0.008151388958187412,370,45,1480,5785,7265
602,openphenom,D20,std_all__tvn_efaar_e0.2_c150,0.24252973796256388,0.12426311864138906,0.030137501602507076,370,95,1480,5721,7201
603,openphenom,D20,std_all__tvn_efaar_e0.2_c150,0.24218907246852245,0.014274204196424332,0.0034570562745582997,370,60,1480,5625,7105
604,openphenom,D20,std_all__tvn_efaar_e0.2_c150,0.2095598815095158,-0.022935909049361537,-0.004806446382697235,370,66,1480,5369,6849
605,openphenom,D20,std_all__tvn_efaar_e0.2_c150,0.22656186639563708,0.10354623154361246,0.02345962747675563,370,44,1480,5689,7169
606,openphenom,D20,std_all__tvn_efaar_e0.2_c150,0.22560681512512362,-0.014896908645998389,-0.003360844114833614,370,92,1480,5561,7041
607,openphenom,D20,std_all__tvn_efaar_e0.2_c150,0.22695975397930143,0.0074221749500862225,0.001684535000662903,370,96,1480,5721,7201
608,openphenom,D20,std_all__tvn_efaar_e0.2_c150,0.21919102487101605,0.018740945096510538,0.004107846962755587,370,103,1480,5689,7169
609,openphenom,D20,std_all__tvn_efaar_e0.2_c150,0.23456514192612146,0.010673348414481088,0.0025035954856696997,370,57,1480,5663,7143
610,openphenom,D20,std_all__tvn_efaar_e0.2_c150,0.18977415924740412,-0.005196447675504354,-0.0009861514886919662,370,49,1480,5753,7233
611,openphenom,D20,std_all__tvn_efaar_e0.2_c150,0.21777862857551814,0.019050070280110246,0.004148698179869646,370,66,1480,5561,7041
612,openphenom,D20,std_all__tvn_efaar_e0.2_c150,0.2209855737086085,-0.01707966277239819,-0.0037743590765079767,370,61,1480,5529,7009
613,openphenom,D20,std_all__tvn_efaar_e0.2_c150,0.23544764725446235,-0.01587809487462968,-0.0037384600811146956,370,69,1480,5721,7201
614,openphenom,D20,std_all__tvn_efaar_e0.2_c150,0.22069069332677285,0.008556985261624902,0.0018884470101749764,370,84,1480,5593,7073
615,openphenom,D20,std_all__tvn_efaar_e0.2_c150,0.21577861388152292,-0.0012155973103941228,-0.0002622999026749512,370,56,1480,5689,7169
616,openphenom,D20,std_all__tvn_efaar_e0.2_c150,0.21143895088617798,0.05051269249538535,0.010680350707660394,370,68,1480,5625,7105
617,openphenom,D20,std_all__tvn_efaar_e0.2_c150,0.21140464551726335,0.06887614772064622,0.01456073759347788,370,82,1480,5849,7329
618,openphenom,D20,std_all__tvn_efaar_e0.2_c150,0.2160058843924679,-0.003949089237297291,-0.0008530265132471778,370,63,1480,5823,7303
619,openphenom,D20,std_all__tvn_efaar_e0.2_c150,0.23191334780131814,-0.0020146413421235528,-0.00046722221827081385,370,58,1480,5593,7073
620,openphenom,D20,std_all__tvn_efaar_e0.2_c150,0.20514043270135496,0.0011659855283642703,0.0002391907758121644,370,71,1480,5657,7137
621,openphenom,D20,std_all__tvn_efaar_e0.2_c150,0.2235497470239756,0.04836049942381959,0.010810977412147987,370,67,1480,5561,7041
622,openphenom,D20,std_all__tvn_efaar_e0.2_c150,0.2223937092351896,0.028311808465633415,0.006296368099828457,370,68,1480,5657,7137
623,openphenom,D20,std_all__tvn_efaar_e0.2_c150,0.20251221828087926,-0.0002008304554199271,-4.0670621025448665e-05,370,96,1480,5753,7233
624,openphenom,D20,std_all__tvn_efaar_e0.2_c150,0.21684812767216682,-0.01968055773434981,-0.004267692096237738,370,86,1480,5593,7073
625,openphenom,D20,std_all__tvn_efaar_e0.2_c150,0.25958057121010203,-0.03041739540733769,-0.007895764874560252,370,43,1480,5433,6913
626,openphenom,D20,std_all__tvn_efaar_e0.2_c150,0.22140002158875619,-0.016529600136748267,-0.0036596538271295737,370,80,1480,5881,7361
627,openphenom,D20,std_all__tvn_efaar_e0.2_c150,0.22315883157969668,0.007757172716234333,0.0017310815997167556,370,83,1480,5657,7137
628,openphenom,D20,std_all__tvn_efaar_e0.2_c150,0.22785952318786543,0.033004859595561195,0.007520471570327019,370,69,1480,5753,7233
629,openphenom,D20,std_all__tvn_efaar_e0.2_c150,0.20081034218383215,-0.021087636394934193,-0.004234615480314968,370,61,1480,5529,7009
630,openphenom,D20,std_all__tvn_efaar_e0.2_c150,0.2113690222434752,-0.004860175287202895,-0.001027290498387977,370,72,1480,5593,7073
631,openphenom,D20,std_all__tvn_efaar_e0.2_c150,0.16579266292606856,0.0904185678326228,0.014990735138931897,370,75,1480,5561,7041
632,openphenom,D20,std_all__tvn_efaar_e0.2_c150,0.22632381276164393,-0.036808276161183436,-0.008330589401982561,370,74,1480,5657,7137
633,openphenom,D20,std_all__tvn_efaar_e0.2_c150,0.22842578078786713,-0.007539880258769885,-0.0017223030351565367,370,75,1480,5625,7105
634,openphenom,D20,std_all__tvn_efaar_e0.2_c150,0.20447277628492755,-0.020651729069431187,-0.004222716377910738,370,68,1480,5529,7009
635,openphenom,D20,std_all__tvn_efaar_e0.2_c150,0.20390321073005865,0.018308428651093396,0.00373314738538014,370,80,1480,5657,7137
636,openphenom,D20,std_all__tvn_efaar_e0.2_c150,0.253267192507382,0.01672263813816096,0.0042352956125689,370,86,1480,5753,7233
637,openphenom,D20,std_all__tvn_efaar_e0.2_c150,0.22627980257383343,0.06894960495756483,0.015601902997341576,370,74,1480,5561,7041
638,openphenom,D20,std_all__tvn_efaar_e0.2_c150,0.22905691427996766,0.06824206187698209,0.015631316117644137,370,94,1480,5721,7201
639,openphenom,D20,std_all__tvn_efaar_e0.2_c150,0.22917321365933171,-0.003109563329256183,-0.0007126286212428501,370,69,1480,5753,7233
640,openphenom,D20,std_all__tvn_efaar_e0.2_c150,0.21232721519856773,-0.004781576797326726,-0.00101525888563447,370,99,1480,5689,7169
641,openphenom,D20,std_all__tvn_efaar_e0.2_c150,0.18998497890005656,-0.010824091660812253,-0.002056414825791694,370,74,1480,5849,7329
642,openphenom,D20,std_all__tvn_efaar_e0.2_c150,0.2156307066235924,0.010338151796877134,0.002229222977142578,370,63,1480,5497,6977
643,openphenom,D20,std_all__tvn_efaar_e0.2_c150,0.22441674785205445,-0.005729628013166364,-0.0012858244851168237,370,68,1480,5625,7105
644,openphenom,D20,std_all__tvn_efaar_e0.2_c150,0.19519315080495256,0.030402711528376324,0.005934401056237829,370,74,1480,5753,7233
645,openphenom,D20,std_all__tvn_efaar_e0.2_c150,0.18835796636580182,0.01601138926316755,0.003015872720301474,370,88,1480,5721,7201
646,openphenom,D20,std_all__tvn_efaar_e0.2_c150,0.1991720634897361,0.04775105721382146,0.009510676599093269,370,50,1480,5817,7297
647,openphenom,D20,std_all__tvn_efaar_e0.2_c150,0.2719402933359712,-0.00842307158080676,-0.0022905725564744727,370,81,1480,5625,7105
648,openphenom,D20,std_all__tvn_efaar_e0.2_c150,0.2231441204871097,0.04134780987195774,0.009226520667946242,370,74,1480,5593,7073
649,openphenom,D20,std_all__tvn_efaar_e0.2_c150,0.20406515651588678,0.03885607531651421,0.007929171091057556,370,83,1480,5785,7265
650,openphenom,D20,std_all__tvn_efaar_e0.2_c150,0.19699360729816276,0.038837477331567775,0.007650734757906161,370,74,1480,5721,7201
651,openphenom,D20,std_all__tvn_efaar_e0.2_c150,0.21658864229172167,-0.019110091769373467,-0.004139028830398805,370,104,1480,5881,7361
652,openphenom,D20,std_all__tvn_efaar_e0.2_c150,0.20676837838726678,0.019629731424012628,0.004058807734720664,370,82,1480,5497,6977
653,openphenom,D20,std_all__tvn_efaar_e0.2_c150,0.2199257446632827,-0.02405640189374303,-0.00529062210040064,370,55,1480,5401,6881
654,openphenom,D20,std_all__tvn_efaar_e0.2_c150,0.2296167281433485,0.010509652418454045,0.0024131920022492474,370,72,1480,5785,7265
655,openphenom,D20,std_all__tvn_efaar_e0.2_c150,0.23699570903927988,-0.025421309298945854,-0.006024741222010512,370,77,1480,5657,7137
656,openphenom,D20,std_all__tvn_efaar_e0.2_c150,0.22603408179072204,0.009253851743375766,0.0020916858818414135,370,56,1480,5625,7105
657,openphenom,D20,std_all__tvn_efaar_e0.2_c150,0.20866954223149647,0.013897929344413034,0.0029000745542643496,370,82,1480,5401,6881
658,openphenom,D20,std_all__tvn_efaar_e0.2_c150,0.209831894348199,-0.012762575402824078,-0.002677995373536305,370,67,1480,5657,7137
659,openphenom,D20,std_all__tvn_efaar_e0.2_c150,0.21722133322712056,0.017702033763640282,0.003845259374969445,370,61,1480,5561,7041
660,openphenom,D20,std_all__tvn_efaar_e0.2_c150,0.200231472211209,-0.02257145983915214,-0.0045195166335496115,370,82,1480,5785,7265
661,openphenom,D20,std_all__tvn_efaar_e0.2_c150,0.2021699960457795,-0.01434553466507458,-0.002900236686512721,370,73,1480,5689,7169
662,openphenom,D20,std_all__tvn_efaar_e0.2_c150,0.20801336294075992,0.0008996750320085238,0.00018714442896192887,370,71,1480,5628,7108
663,openphenom,D20,std_all__tvn_efaar_e0.2_c150,0.18822588958558428,0.1060001359069144,0.019951969877271797,370,90,1480,5721,7201
664,openphenom,D20,std_all__tvn_efaar_e0.2_c150,0.22820707717266298,0.0033017781930530523,0.0007534891509090736,370,61,1480,5593,7073
665,openphenom,D20,std_all__tvn_efaar_e0.2_c150,0.2216646098436425,-0.02063573633496783,-0.004574212443526921,370,66,1480,5785,7265
666,openphenom,D20,std_all__tvn_efaar_e0.2_c150,0.2463024623172854,0.09210670276717768,0.022686107687482186,370,64,1480,5657,7137
667,openphenom,D20,std_all__tvn_efaar_e0.2_c150,0.23410793460871998,0.017169379950624272,0.004019488078753015,370,75,1480,5753,7233
668,openphenom,D20,std_all__tvn_efaar_e0.2_c150,0.20593911525939546,-0.04758393318416833,-0.009799393100509814,370,76,1480,5625,7105
669,openphenom,D20,std_all__tvn_efaar_e0.2_c150,0.23420632100058816,0.02930119049809088,0.006862524027495256,370,62,1480,5753,7233
670,openphenom,D20,std_all__tvn_efaar_e0.2_c150,0.2088539273023379,-0.016670814499311407,-0.0034817650795099454,370,65,1480,5721,7201
671,openphenom,D20,std_all__tvn_efaar_e0.2_c150,0.21653413637727273,0.03286800431493336,0.007117044928778569,370,81,1480,5817,7297
672,openphenom,D20,std_all__tvn_efaar_e0.2_c150,0.21204947909181776,-0.0011278510169456454,-0.00023916022063650105,370,71,1480,5625,7105
673,openphenom,D20,std_all__tvn_efaar_e0.2_c150,0.25532203369457734,0.10355382443916994,0.026439573052660093,370,46,1480,5657,7137
674,openphenom,D20,std_all__tvn_efaar_e0.2_c150,0.21085501765378628,0.03223085155555352,0.006796036773742802,370,67,1480,5753,7233
675,openphenom,D20,std_all__tvn_efaar_e0.2_c150,0.23480390285826444,0.04669289865651523,0.010963674840315187,370,76,1480,5497,6977
676,openphenom,D20,std_all__tvn_efaar_e0.2_c150,0.24523321939598994,0.021716771377915965,0.00532567375989302,370,80,1480,5593,7073
677,openphenom,D20,std_all__tvn_efaar_e0.2_c150,0.19456511908447136,-0.05330318340416475,-0.01037094022661273,370,110,1480,5657,7137
678,openphenom,D20,std_all__tvn_efaar_e0.2_c150,0.20556133663004172,0.04496912934992853,0.009243914336260548,370,79,1480,5913,7393
679,openphenom,D20,std_all__tvn_efaar_e0.2_c150,0.2243014850473937,-0.04602159223673553,-0.010322711482945383,370,86,1480,5785,7265
680,openphenom,D20,std_all__tvn_efaar_e0.2_c150,0.2311337562295558,-0.010154990687991442,-0.002347161142191623,370,79,1480,5625,7105
681,openphenom,D20,std_all__tvn_efaar_e0.2_c150,0.23375264580585825,0.04294798126819859,0.01003920425346186,370,78,1480,5561,7041
682,openphenom,D20,std_all__tvn_efaar_e0.2_c150,0.2233577423003331,0.0021053480630729856,0.00047024579012436133,370,71,1480,5657,7137
683,openphenom,D20,std_all__tvn_efaar_e0.2_c150,0.2584242942870621,0.009114006895729337,0.0023552808001562715,370,75,1480,5433,6913
684,openphenom,D20,std_all__tvn_efaar_e0.2_c150,0.21312237605156478,0.05118132864258941,0.010907886369784663,370,86,1480,5721,7201
685,openphenom,D20,std_all__tvn_efaar_e0.2_c150,0.20255727092242654,-0.004753256071032904,-0.0009628065777438807,370,80,1480,5625,7105
686,openphenom,D20,std_all__tvn_efaar_e0.2_c150,0.20740171481525982,-0.05082116022089736,-0.01054039577871518,370,93,1480,5369,6849
687,openphenom,D20,std_all__tvn_efaar_e0.2_c150,0.1860359488166582,0.0321880982249637,0.005988143393884913,370,49,1480,5497,6977
688,openphenom,D20,std_all__tvn_efaar_e0.2_c150,0.2394933371227133,0.025086825870378728,0.006008127645513418,370,59,1480,5721,7201
689,openphenom,D20,std_all__tvn_efaar_e0.2_c150,0.19857154167753133,0.03581381796135352,0.0071116050459444306,370,73,1480,5881,7361
690,openphenom,D20,std_all__tvn_efaar_e0.2_c150,0.22093145090614805,0.009304877954217064,0.0020557401869298066,370,88,1480,5465,6945
691,openphenom,D20,std_all__tvn_efaar_e0.2_c150,0.22023010902135962,0.02575156702506817,0.005671270413401612,370,77,1480,5561,7041
692,openphenom,D20,std_all__tvn_efaar_e0.2_c150,0.2214956657037733,0.03278048979416622,0.007260736409054593,370,63,1480,5657,7137
693,openphenom,D20,std_all__tvn_efaar_e0.2_c150,0.21800603755447573,0.05750672584877873,0.012536813435023796,370,91,1480,5945,7425
694,openphenom,D20,std_all__tvn_efaar_e0.2_c150,0.22421455603579607,0.017591315091087613,0.0039442289032340086,370,73,1480,5337,6817
695,openphenom,D20,std_all__tvn_efaar_e0.2_c150,0.20245792283782282,0.02084563882550659,0.004220364736839536,370,77,1480,5721,7201
696,openphenom,D20,std_all__tvn_efaar_e0.2_c150,0.23335021785642573,-0.03196549154034622,-0.007459154414827524,370,92,1480,5849,7329
697,openphenom,D20,std_all__tvn_efaar_e0.2_c150,0.21511865778114672,0.07688700399230942,0.01653982909963927,370,59,1480,5849,7329
698,openphenom,D20,std_all__tvn_efaar_e0.2_c150,0.18583458238446623,0.02123273228700329,0.003945775937436429,370,76,1480,5657,7137
699,openphenom,D20,std_all__tvn_efaar_e0.2_c150,0.2013489746923238,0.01600340484254429,0.0032222691566324625,370,60,1480,5529,7009
700,openphenom,D20,std_all__tvn_efaar_e0.2_c150,0.23750056213336065,0.014874998130936299,0.00353282041783006,370,74,1480,5913,7393
701,openphenom,D20,std_all__tvn_efaar_e0.2_c150,0.1958094663981031,-0.020093220877378533,-0.0039344428582187155,370,108,1480,5785,7265
702,openphenom,D20,std_all__tvn_efaar_e0.2_c150,0.17569939522053696,0.0151873124529394,0.002668401613006782,370,97,1480,5689,7169
703,openphenom,D20,std_all__tvn_efaar_e0.2_c150,0.19170993163248218,-0.013421725308893764,-0.002573078041357979,370,71,1480,5401,6881
704,openphenom,D20,std_all__tvn_efaar_e0.2_c150,0.23139869372723346,0.041165859724693624,0.009525726166452635,370,63,1480,5689,7169
705,openphenom,D20,std_all__tvn_efaar_e0.2_c150,0.2116176768001408,-0.014023602617003337,-0.0029676422061786206,370,84,1480,5529,7009
706,openphenom,D20,std_all__tvn_efaar_e0.2_c150,0.2080112754469427,-0.02222333842968215,-0.00462270497144724,370,74,1480,5753,7233
707,openphenom,D20,std_all__tvn_efaar_e0.2_c150,0.18919055530752557,-0.008126866989521538,-0.0015375264786579783,370,71,1480,5593,7073
708,openphenom,D20,std_all__tvn_efaar_e0.2_c150,0.24020389909748738,0.05442251556497867,0.013072500437401574,370,97,1480,5593,7073
709,openphenom,D20,std_all__tvn_efaar_e0.2_c150,0.21280295404394375,-0.01236350570493228,-0.0026309905363487403,370,67,1480,5785,7265
710,openphenom,D20,std_all__tvn_efaar_e0.2_c150,0.22635902743858272,-0.007202371627638502,-0.0016303218368834934,370,68,1480,5689,7169
711,openphenom,D20,std_all__tvn_efaar_e0.2_c150,0.18833489990793073,-0.017348114719154522,-0.003267255449223267,370,72,1480,5881,7361
712,openphenom,D20,std_all__tvn_efaar_e0.2_c150,0.2105438442390257,-0.05555233323391306,-0.011696201795515442,370,75,1480,5753,7233
713,openphenom,D20,std_all__tvn_efaar_e0.2_c150,0.22482271040432014,0.02664214476236301,0.005989759196458714,370,55,1480,5529,7009
714,openphenom,D20,std_all__tvn_efaar_e0.2_c150,0.1860293093043127,0.014398827907171181,0.002678604010362717,370,69,1480,5881,7361
715,openphenom,D20,std_all__tvn_efaar_e0.2_c150,0.16764875171458568,-0.017203792081074823,-0.0028841942671494684,370,65,1480,5561,7041
716,openphenom,D20,std_all__tvn_efaar_e0.2_c150,0.21989075772939848,-0.029544308702327444,-0.006496520427146043,370,72,1480,5721,7201
717,openphenom,D20,std_all__tvn_efaar_e0.2_c150,0.21746173824364218,-0.006879383359748196,-0.00149600266345523,370,73,1480,5529,7009
718,openphenom,D20,std_all__tvn_efaar_e0.2_c150,0.21941465511056457,-0.017845989655625984,-0.003915671665395878,370,74,1480,5657,7137
719,openphenom,D20,std_all__tvn_efaar_e0.2_c150,0.1983849615642442,-0.014775376810011042,-0.002931212560551266,370,76,1480,5529,7009
720,openphenom,D20,std_all__tvn_efaar_e0.2_c150,0.20808908124394856,0.07596320578818958,0.015807113700809363,370,60,1480,5625,7105
721,openphenom,D20,std_all__tvn_efaar_e0.2_c150,0.20576262306856502,-0.01967173560322123,-0.00404770791803008,370,72,1480,5689,7169
722,openphenom,D20,std_all__tvn_efaar_e0.2_c150,0.1926940630684852,0.021477950198393384,0.0041386734901109985,370,86,1480,5593,7073
723,openphenom,D20,std_all__tvn_efaar_e0.2_c150,0.2043176086204833,0.010707935474404403,0.002187819769392748,370,80,1480,5721,7201
724,openphenom,D20,std_all__tvn_efaar_e0.2_c150,0.23261414087520976,-0.028917300997249824,-0.006726573127905114,370,53,1480,5913,7393
725,openphenom,D20,std_all__tvn_efaar_e0.2_c150,0.2078541675794581,0.016742747965712946,0.00348004994140593,370,60,1480,5721,7201
726,openphenom,D20,std_all__tvn_efaar_e0.2_c150,0.22384673684489895,0.04994588446770811,0.011180223256928783,370,75,1480,5785,7265
727,openphenom,D20,std_all__tvn_efaar_e0.2_c150,0.23243857473242235,0.10594282261940698,0.024625198692784792,370,51,1480,5913,7393
728,openphenom,D20,std_all__tvn_efaar_e0.2_c150,0.21274693290097674,-0.035426653143570686,-0.0075369117992414095,370,97,1480,5561,7041
729,openphenom,D20,std_all__tvn_efaar_e0.2_c150,0.2403217466233809,-0.013969514966807707,-0.003357178236304689,370,75,1480,5535,7015
730,openphenom,D20,std_all__tvn_efaar_e0.2_c150,0.22411629693009744,0.013805058945006587,0.003093938689656594,370,53,1480,5849,7329
731,openphenom,D20,std_all__tvn_efaar_e0.2_c150,0.21932537980672298,0.03094891790883649,0.006787883174962654,370,93,1480,5593,7073
732,openphenom,D20,std_all__tvn_efaar_e0.2_c150,0.2014240480985884,-0.015793207359323637,-0.0031811317587753848,370,59,1480,5753,7233
733,openphenom,D20,std_all__tvn_efaar_e0.2_c150,0.2114800422956635,-0.005337181689671398,-0.001128707409471348,370,80,1480,5945,7425
734,openphenom,D20,std_all__tvn_efaar_e0.2_c150,0.20349420459554293,0.06042211043485581,0.012295549302925039,370,64,1480,5625,7105
735,openphenom,D20,std_all__tvn_efaar_e0.2_c150,0.21281120910257384,0.028082308987267917,0.005976230129972561,370,100,1480,5945,7425
736,openphenom,D20,std_all__tvn_efaar_e0.2_c150,0.2206737752093655,0.03834486167972386,0.008461705386745597,370,57,1480,5657,7137
737,openphenom,D20,std_all__tvn_efaar_e0.2_c150,0.2130973669135572,0.03163010429319755,0.006740291940081599,370,79,1480,5753,7233
738,openphenom,D20,std_all__tvn_efaar_e0.2_c150,0.20109638593126616,0.022745585751591548,0.0045740550905347625,370,93,1480,5785,7265
739,openphenom,D20,std_all__tvn_efaar_e0.2_c150,0.20162231518313947,0.056012226279204554,0.011293314740975108,370,110,1480,5721,7201
740,openphenom,D20,std_all__tvn_efaar_e0.2_c150,0.23832260991349513,-0.00124307062810117,-0.00029625183639587853,370,67,1480,5497,6977
741,openphenom,D20,std_all__tvn_efaar_e0.2_c150,0.19061194699131292,0.02642336830592016,0.005036609678859992,370,101,1480,5945,7425
742,openphenom,D20,std_all__tvn_efaar_e0.2_c150,0.21903367606796495,0.007084020689234228,0.0015516390929044917,370,47,1480,5593,7073
743,openphenom,D20,std_all__tvn_efaar_e0.2_c150,0.22296998984027672,-0.007307678894906278,-0.0016293930889532573,370,64,1480,5625,7105
744,openphenom,D20,std_all__tvn_efaar_e0.2_c150,0.232829179200725,0.059650133110111886,0.01388829153124134,370,74,1480,5593,7073
745,openphenom,D20,std_all__tvn_efaar_e0.2_c150,0.20808051076244993,0.007659880945105414,0.0015938719394370923,370,76,1480,5593,7073
746,openphenom,D20,std_all__tvn_efaar_e0.2_c150,0.20101439226239146,-0.008965321823283625,-0.0018021587177441132,370,56,1480,5657,7137
747,openphenom,D20,std_all__tvn_efaar_e0.2_c150,0.19285590968249214,0.04695399652121374,0.009055355712327247,370,77,1480,5913,7393
748,openphenom,D20,std_all__tvn_efaar_e0.2_c150,0.19926378940660944,0.0441851508276502,0.008804500589420164,370,78,1480,5721,7201
749,openphenom,D20,std_all__tvn_efaar_e0.2_c150,0.21668644702068726,0.06705146636519818,0.01452914401420191,370,85,1480,5724,7204
750,openphenom,D20,std_all__tvn_efaar_e0.2_c150,0.22551607651588565,0.08378634067528865,0.018895166814714457,370,84,1480,5753,7233
751,openphenom,D20,std_all__tvn_efaar_e0.2_c150,0.22762065687473426,-0.014609893999299402,-0.003325513668990768,370,78,1480,5753,7233
752,openphenom,D20,std_all__tvn_efaar_e0.2_c150,0.25380533600849253,-0.04095370105261138,-0.010394267856449386,370,47,1480,5625,7105
753,openphenom,D20,std_all__tvn_efaar_e0.2_c150,0.22027813821929812,0.04866297270556662,0.010719389027798735,370,71,1480,5401,6881
754,openphenom,D20,std_all__tvn_efaar_e0.2_c150,0.20801130851022198,-0.004652282489858524,-0.0009677273682746651,370,72,1480,5785,7265
755,openphenom,D20,std_all__tvn_efaar_e0.2_c150,0.24025581861930287,-0.006159488303505789,-0.0014798529046348044,370,79,1480,5657,7137
756,openphenom,D20,std_all__tvn_efaar_e0.2_c150,0.21337442509170873,0.02269291532366053,0.004842087760840893,370,69,1480,5593,7073
757,openphenom,D20,std_all__tvn_efaar_e0.2_c150,0.24126777616408535,-0.005817659753800556,-0.0014036138312787604,370,52,1480,5657,7137
758,openphenom,D20,std_all__tvn_efaar_e0.2_c150,0.21779720736764546,0.029615678224788083,0.006450212011657633,370,95,1480,5593,7073
759,openphenom,D20,std_all__tvn_efaar_e0.2_c150,0.22959775440064192,-0.055390036886315615,-0.01271742808526679,370,81,1480,5753,7233
760,openphenom,D20,std_all__tvn_efaar_e0.2_c150,0.19824305938280895,0.010775675377541908,0.002136202853759913,370,62,1480,5593,7073
761,openphenom,D20,std_all__tvn_efaar_e0.2_c150,0.2144730566083783,-0.03261968479663187,-0.006996043503935483,370,81,1480,5913,7393
762,openphenom,D20,std_all__tvn_efaar_e0.2_c150,0.2375635240223268,0.042666231066968124,0.010135940209019829,370,88,1480,5721,7201
763,openphenom,D20,std_all__tvn_efaar_e0.2_c150,0.21373339963047477,-0.027069671523830274,-0.005785692921668499,370,63,1480,5689,7169
764,openphenom,D20,std_all__tvn_efaar_e0.2_c150,0.20121590500387485,0.006276321569860256,0.0012628957247747719,370,81,1480,5849,7329
765,openphenom,D20,std_all__tvn_efaar_e0.2_c150,0.22903483217498344,-0.008596851572201596,-0.001968978457072435,370,79,1480,5945,7425
766,openphenom,D20,std_all__tvn_efaar_e0.2_c150,0.19779074638373026,0.0014765309733128756,0.00029204416327024936,370,79,1480,5881,7361
767,openphenom,D20,std_all__tvn_efaar_e0.2_c150,0.18518645803087258,0.008025654563808932,0.0014862425420510837,370,88,1480,5753,7233
768,openphenom,D20,std_all__tvn_efaar_e0.2_c150,0.230627555215047,0.08359911669457507,0.01928025990140727,370,80,1480,5689,7169
769,openphenom,D20,std_all__tvn_efaar_e0.2_c150,0.2210831365697853,-0.019179709981373014,-0.004240310441180764,370,90,1480,5785,7265
770,openphenom,D20,std_all__tvn_efaar_e0.2_c150,0.20214760190723835,0.001730715780126108,0.00034986004453550795,370,66,1480,5657,7137
771,openphenom,D20,std_all__tvn_efaar_e0.2_c150,0.19535817351748727,-0.022848019577878312,-0.004463547373226098,370,79,1480,5689,7169
772,openphenom,D20,std_all__tvn_efaar_e0.2_c150,0.18092573246775523,-0.029065922667095734,-0.005258773348395425,370,106,1480,5983,7463
773,openphenom,D20,std_all__tvn_efaar_e0.2_c150,0.22458890308520693,0.05256021035370517,0.01180443998926638,370,63,1480,5593,7073
774,openphenom,D20,std_all__tvn_efaar_e0.2_c150,0.22551115447194267,0.019173636437251205,0.004323868888389825,370,91,1480,5593,7073
775,openphenom,D20,std_all__tvn_efaar_e0.2_c150,0.19424796396862304,0.0016520867710436524,0.0003209144915747262,370,77,1480,5689,7169
776,openphenom,D20,std_all__tvn_efaar_e0.2_c150,0.21207353942470267,-0.08126624091031336,-0.017234419345590724,370,81,1480,5913,7393
777,openphenom,D20,std_all__tvn_efaar_e0.2_c150,0.2145005600712307,0.07138180118120799,0.01531143633226235,370,45,1480,5529,7009
778,openphenom,D20,std_all__tvn_efaar_e0.2_c150,0.2304895497873941,0.08059361707047674,0.018575986514311825,370,77,1480,5721,7201
779,openphenom,D20,std_all__tvn_efaar_e0.2_c150,0.21362042544938808,0.03683362492243346,0.00786841462677342,370,83,1480,5721,7201
780,openphenom,D20,std_all__tvn_efaar_e0.2_c150,0.20726947783878918,0.027089217349566493,0.0056147679351061155,370,75,1480,5657,7137
781,openphenom,D20,std_all__tvn_efaar_e0.2_c150,0.22197734775822903,0.038827526528286894,0.008618831358761403,370,55,1480,5689,7169
782,openphenom,D20,std_all__tvn_efaar_e0.2_c150,0.22428168925333095,0.0852304312332147,0.019115625092775253,370,88,1480,5369,6849
783,openphenom,D20,std_all__tvn_efaar_e0.2_c150,0.1947730735778886,-0.011878289857351766,-0.002313571024365463,370,67,1480,5273,6753
784,openphenom,D20,std_all__tvn_efaar_e0.2_c150,0.20029872551128547,-0.0041124377445023565,-0.0008237160389683274,370,62,1480,5785,7265
785,openphenom,D20,std_all__tvn_efaar_e0.2_c150,0.20147055511656073,0.009152968510381746,0.0018440536467510104,370,73,1480,5401,6881
786,openphenom,D20,std_all__tvn_efaar_e0.2_c150,0.21083289642479014,0.030709425095141966,0.0064745570403489175,370,83,1480,5657,7137
787,openphenom,D20,std_all__tvn_efaar_e0.2_c150,0.1936238142568441,0.01139112264698423,0.002205592615576605,370,64,1480,5625,7105
788,openphenom,D20,std_all__tvn_efaar_e0.2_c150,0.19825323319534344,-0.02630895220620329,-0.005215834836861566,370,90,1480,5756,7236
789,openphenom,D20,std_all__tvn_efaar_e0.2_c150,0.2103164489174173,0.005606775406978288,0.0011791970934731807,370,63,1480,5593,7073
790,openphenom,D20,std_all__tvn_efaar_e0.2_c150,0.19589780427279835,-0.013897855456510766,-0.0027225593680311887,370,89,1480,6009,7489
791,openphenom,D20,std_all__tvn_efaar_e0.2_c150,0.20257336804051948,0.10370119550703095,0.021007100443687646,370,85,1480,5465,6945
792,openphenom,D20,std_all__tvn_efaar_e0.2_c150,0.16957659439209352,-0.010119608193579781,-0.0017160486940495847,370,65,1480,5852,7332
793,openphenom,D20,std_all__tvn_efaar_e0.2_c150,0.19949998055782128,0.020832363530583625,0.004156056119324898,370,70,1480,5625,7105
794,openphenom,D20,std_all__tvn_efaar_e0.2_c150,0.23316360177338666,-0.020407980175695072,-0.0047583981626849355,370,70,1480,5785,7265
795,openphenom,D20,std_all__tvn_efaar_e0.2_c150,0.23290386277221764,0.04783895448064023,0.011141877289525398,370,71,1480,5785,7265
796,openphenom,D20,std_all__tvn_efaar_e0.2_c150,0.20275418445875798,-0.03731193865815478,-0.007565151693209376,370,88,1480,5689,7169
797,openphenom,D20,std_all__tvn_efaar_e0.2_c150,0.2352666825106225,0.015414547743936882,0.0036265295101176307,370,56,1480,5817,7297
798,openphenom,D20,std_all__tvn_efaar_e0.2_c150,0.21646170555847669,-0.018771919983477492,-0.004063401816230789,370,67,1480,5753,7233
799,openphenom,D20,std_all__tvn_efaar_e0.2_c150,0.19773102010940066,0.024920995630225942,0.004927653888106492,370,87,1480,5721,7201
800,openphenom,D20,std_all__tvn_efaar_e0.2_c150,0.20989224570461504,-0.011510224137186111,-0.002415906792717458,370,49,1480,5625,7105
801,openphenom,D20,std_all__tvn_efaar_e0.2_c150,0.23970063882254788,0.007231378212217978,0.0017333659770361034,370,67,1480,5695,7175
802,openphenom,D20,std_all__tvn_efaar_e0.2_c150,0.18757373611089237,0.028331735293316798,0.005314289439472261,370,94,1480,5785,7265
803,openphenom,D20,std_all__tvn_efaar_e0.2_c150,0.20383731492144033,-0.006165762573082234,-0.0012568124873401938,370,50,1480,5721,7201
804,openphenom,D20,std_all__tvn_efaar_e0.2_c150,0.22577943187380628,0.02707342362566655,0.006112622205081878,370,85,1480,5689,7169
805,openphenom,D20,std_all__tvn_efaar_e0.2_c150,0.1775790951023036,0.002747788684085664,0.0004879498280522818,370,52,1480,5753,7233
806,openphenom,D20,std_all__tvn_efaar_e0.2_c150,0.21681976794504199,0.012639357232583049,0.0027404625021431447,370,74,1480,5817,7297
807,openphenom,D20,std_all__tvn_efaar_e0.2_c150,0.1859520201965484,-0.02493754421049563,-0.004637186724682402,370,104,1480,5625,7105
808,openphenom,D20,std_all__tvn_efaar_e0.2_c150,0.2304793248094669,-0.004207135176679067,-0.0009696576749031486,370,76,1480,5691,7171
809,openphenom,D20,std_all__tvn_efaar_e0.2_c150,0.19986735230050062,0.02381641340732499,0.00476012348901619,370,90,1480,5689,7169
810,openphenom,D20,std_all__tvn_efaar_e0.2_c150,0.2089192365196242,0.006438506812388607,0.001345127927570627,370,85,1480,5657,7137
811,openphenom,D20,std_all__tvn_efaar_e0.2_c150,0.21229252382078345,0.015362374782688346,0.003261317314497669,370,97,1480,5593,7073
812,openphenom,D20,std_all__tvn_efaar_e0.2_c150,0.20459681201485058,-0.019130507266179816,-0.003914040798887325,370,102,1480,5561,7041
813,openphenom,D20,std_all__tvn_efaar_e0.2_c150,0.20825690026687133,-0.006941127055517926,-0.001445537604940679,370,75,1480,5465,6945
814,openphenom,D20,std_all__tvn_efaar_e0.2_c150,0.22188567437663334,0.005780943334118726,0.0012827085102240367,370,104,1480,5785,7265
815,openphenom,D20,std_all__tvn_efaar_e0.2_c150,0.2414587754798999,0.043795404071606446,0.010574784638777516,370,89,1480,5817,7297
816,openphenom,D20,std_all__tvn_efaar_e0.2_c150,0.20501448078088944,0.013779142864343714,0.002824923819939124,370,79,1480,5465,6945
817,openphenom,D20,std_all__tvn_efaar_e0.2_c150,0.22904216597234575,-0.013704446362819374,-0.003138896078391985,370,53,1480,5913,7393
818,openphenom,D20,std_all__tvn_efaar_e0.2_c150,0.18902967673469437,0.0065173537185279,0.0012319732665789873,370,83,1480,5657,7137
819,openphenom,D20,std_all__tvn_efaar_e0.2_c150,0.1854971836551995,0.024640108787283278,0.004570670784998781,370,61,1480,5689,7169
820,openphenom,D20,std_all__tvn_efaar_e0.2_c150,0.19259143851661983,-0.005941646524236319,-0.001144310251259947,370,59,1480,5689,7169
821,openphenom,D20,std_all__tvn_efaar_e0.2_c150,0.22599496222819224,-0.024059616926191994,-0.005437352218459534,370,75,1480,5465,6945
822,openphenom,D20,std_all__tvn_efaar_e0.2_c150,0.1896508688419747,-0.0176764985040781,-0.003352363299382278,370,86,1480,5849,7329
823,openphenom,D20,std_all__tvn_efaar_e0.2_c150,0.21971070783679422,0.06362235797486966,0.013978513304904523,370,85,1480,5691,7171
824,openphenom,D20,std_all__tvn_efaar_e0.2_c150,0.23541683220800758,0.020833360827543102,0.004904523810266593,370,69,1480,5977,7457
825,openphenom,D20,std_all__tvn_efaar_e0.2_c150,0.2321445930993248,0.04032099198434835,0.009360300277567686,370,51,1480,5497,6977
826,openphenom,D20,std_all__tvn_efaar_e0.2_c150,0.21278486714640046,-0.00295638655112811,-0.0006290743195151999,370,77,1480,5849,7329
827,openphenom,D20,std_all__tvn_efaar_e0.2_c150,0.2265488033790885,-0.010345664385818671,-0.0023437978867688726,370,67,1480,5721,7201
828,openphenom,D20,std_all__tvn_efaar_e0.2_c150,0.20403155121682065,-0.017906995887001915,-0.003653592148458228,370,70,1480,5849,7329
829,openphenom,D20,std_all__tvn_efaar_e0.2_c150,0.1800076125305425,-0.029053917025804173,-0.0052299262384754895,370,55,1480,5561,7041
830,openphenom,D20,std_all__tvn_efaar_e0.2_c150,0.21365121105103635,-0.0392263485203043,-0.008380756866473042,370,70,1480,5401,6881
831,openphenom,D20,std_all__tvn_efaar_e0.2_c150,0.20231570841859967,0.09760124541216232,0.01974626510809922,370,69,1480,5753,7233
832,openphenom,D20,std_all__tvn_efaar_e0.2_c150,0.209225587456096,0.025533618807580396,0.00534228639489603,370,72,1480,5753,7233
833,openphenom,D20,std_all__tvn_efaar_e0.2_c150,0.22921037801758207,-0.02194316238337232,-0.005029600544793956,370,68,1480,5881,7361
834,openphenom,D20,std_all__tvn_efaar_e0.2_c150,0.21303620411141114,-0.001587253420462165,-0.0003381424436581133,370,76,1480,5785,7265
835,openphenom,D20,std_all__tvn_efaar_e0.2_c150,0.21490183269408872,0.023667391975008077,0.005086165910518603,370,69,1480,5881,7361
836,openphenom,D20,std_all__tvn_efaar_e0.2_c150,0.22303578027457532,0.02694432433069609,0.006009548401068027,370,99,1480,5785,7265
837,openphenom,D20,std_all__tvn_efaar_e0.2_c150,0.20195037915200004,-0.015364025440832025,-0.003102770763077002,370,73,1480,5401,6881
838,openphenom,D20,std_all__tvn_efaar_e0.2_c150,0.20742484361804667,0.036609518712763134,0.007593723693926846,370,69,1480,5817,7297
839,openphenom,D20,std_all__tvn_efaar_e0.2_c150,0.22459764172792096,0.027830537057253912,0.006250672991080742,370,64,1480,5817,7297
840,openphenom,D20,std_all__tvn_efaar_e0.2_c150,0.215715215853292,-0.022646268595249045,-0.004885144718295775,370,60,1480,5849,7329
841,openphenom,D20,std_all__tvn_efaar_e0.2_c150,0.20525631775628145,-0.02264225915507256,-0.0046474667398536465,370,82,1480,5881,7361
842,openphenom,D20,std_all__tvn_efaar_e0.2_c150,0.21709876238098125,0.005305825827440149,0.0011518882205463021,370,68,1480,5753,7233
843,openphenom,D20,std_all__tvn_efaar_e0.2_c150,0.2022671871295046,0.05075764520644548,0.01026660612122511,370,78,1480,5625,7105
844,openphenom,D20,std_all__tvn_efaar_e0.2_c150,0.24399303293229718,-0.05039822554446951,-0.01229681590500109,370,96,1480,5881,7361
845,openphenom,D20,std_all__tvn_efaar_e0.2_c150,0.20200451943031275,-0.044249870348665496,-0.00893867379463582,370,71,1480,5785,7265
846,openphenom,D20,std_all__tvn_efaar_e0.2_c150,0.19746114576120075,0.01401618084609367,0.002767651129065852,370,76,1480,5785,7265
847,openphenom,D20,std_all__tvn_efaar_e0.2_c150,0.19177020671715483,0.053182413359808084,0.010198802403727574,370,57,1480,5625,7105
848,openphenom,D20,std_all__tvn_efaar_e0.2_c150,0.20589938464296023,-0.05611293489435857,-0.01155361876525892,370,41,1480,5660,7140
849,openphenom,D20,std_all__tvn_efaar_e0.2_c150,0.21995103921057219,-0.007783105384011701,-0.0017119021174987733,370,70,1480,5663,7143
850,openphenom,D20,std_all__tvn_efaar_e0.2_c150,0.2215297877937807,0.02707836799233492,0.005998665115143859,370,75,1480,5881,7361
851,openphenom,D20,std_all__tvn_efaar_e0.2_c150,0.2029919035044406,0.09754951131846056,0.019801760988462282,370,91,1480,5561,7041
852,openphenom,D20,std_all__tvn_efaar_e0.2_c150,0.1847873424668529,0.05420514310691741,0.010016424342762719,370,82,1480,5657,7137
853,openphenom,D20,std_all__tvn_efaar_e0.2_c150,0.19027949062563057,0.04239180669605101,0.008066291384824781,370,80,1480,5689,7169
854,openphenom,D20,std_all__tvn_efaar_e0.2_c150,0.25049383730630753,0.00715669167503239,0.001792707160096969,370,103,1480,5785,7265
855,openphenom,D20,std_all__tvn_efaar_e0.2_c150,0.21920925668499688,-0.024583219079009917,-0.005388869181234198,370,56,1480,5689,7169
856,openphenom,D20,std_all__tvn_efaar_e0.2_c150,0.20132565851917025,0.006921437294992462,0.0013934629213135019,370,72,1480,5753,7233
857,openphenom,D20,std_all__tvn_efaar_e0.2_c150,0.21513832372043537,0.00964722773187721,0.0020754884027853605,370,83,1480,5625,7105
858,openphenom,D20,std_all__tvn_efaar_e0.2_c150,0.2405102119795949,0.0596700794981699,0.014351263468944123,370,65,1480,5785,7265
859,openphenom,D20,std_all__tvn_efaar_e0.2_c150,0.2307564713093142,-0.03360038033277155,-0.007753505200241244,370,53,1480,5689,7169
860,openphenom,D20,std_all__tvn_efaar_e0.2_c150,0.22091379242108936,0.009823167466374787,0.0021700731785843177,370,60,1480,5561,7041
861,openphenom,D20,std_all__tvn_efaar_e0.2_c150,0.2236230044283757,0.02817611775227672,0.006300828104891813,370,85,1480,5817,7297
862,openphenom,D20,std_all__tvn_efaar_e0.2_c150,0.2267793483323047,0.017213965035711477,0.003903771773013727,370,58,1480,5625,7105
863,openphenom,D20,std_all__tvn_efaar_e0.2_c150,0.222830364797174,0.008246555155364032,0.001837582893589783,370,86,1480,5470,6950
864,openphenom,D20,std_all__tvn_efaar_e0.2_c150,0.212741891611014,0.04874965719615489,0.010371094287298472,370,53,1480,5785,7265
865,openphenom,D20,std_all__tvn_efaar_e0.2_c150,0.19664693447022227,0.14917195535955782,0.029334207730385888,370,61,1480,5881,7361
866,openphenom,D20,std_all__tvn_efaar_e0.2_c150,0.21694049045975533,0.021194625932022478,0.004597972544804005,370,80,1480,5817,7297
867,openphenom,D20,std_all__tvn_efaar_e0.2_c150,0.21551040813458128,0.006081876584188652,0.0013107077048826496,370,67,1480,6009,7489
868,openphenom,D20,std_all__tvn_efaar_e0.2_c150,0.20327859810028676,0.040671558131435186,0.008267657319512463,370,83,1480,5689,7169
869,openphenom,D20,std_all__tvn_efaar_e0.2_c150,0.2427808723000211,-0.030751317461946183,-0.007465831677786165,370,64,1480,5625,7105
870,openphenom,D20,std_all__tvn_efaar_e0.2_c150,0.20589879029029826,0.05613048975172028,0.01155719993828119,370,46,1480,6009,7489
871,openphenom,D20,std_all__tvn_efaar_e0.2_c150,0.21974149478213653,-0.007957588073958391,-0.0017486122982321196,370,80,1480,5817,7297
872,openphenom,D20,std_all__tvn_efaar_e0.2_c150,0.22268066386862206,-0.026098107536515012,-0.005811543911945852,370,70,1480,5657,7137
873,openphenom,D20,std_all__tvn_efaar_e0.2_c150,0.22827411914447523,0.01894094647370573,0.00432372787204783,370,84,1480,5657,7137
874,openphenom,D20,std_all__tvn_efaar_e0.2_c150,0.2039860774465012,0.07466978994864265,0.015231597555377797,370,100,1480,5721,7201
875,openphenom,D20,std_all__tvn_efaar_e0.2_c150,0.207754993712202,-0.004693956114900861,-0.0009751928231365805,370,71,1480,5561,7041
876,openphenom,D20,std_all__tvn_efaar_e0.2_c150,0.19830679954936417,-0.014625209423853402,-0.0029002784735835687,370,71,1480,5817,7297
877,openphenom,D20,std_all__tvn_efaar_e0.2_c150,0.24988350980112273,0.041843862265443864,0.010456091166523872,370,53,1480,5657,7137
878,openphenom,D20,std_all__tvn_efaar_e0.2_c150,0.20733860465410225,-0.024770612711970806,-0.005135904276127195,370,79,1480,5753,7233
879,openphenom,D20,std_all__tvn_efaar_e0.2_c150,0.21017326614194104,0.03366640445582116,0.007075778183735531,370,90,1480,5785,7265
880,openphenom,D20,std_all__tvn_efaar_e0.2_c150,0.1955878584927387,0.035252149190883375,0.00689489236751141,370,53,1480,5753,7233
881,openphenom,D20,std_all__tvn_efaar_e0.2_c150,0.20585632976337193,0.040610637290663845,0.008359956742007586,370,58,1480,5785,7265
882,openphenom,D20,std_all__tvn_efaar_e0.2_c150,0.1991385993990387,0.0005227275185093879,0.00010409522590329459,370,64,1480,5785,7265
883,openphenom,D20,std_all__tvn_efaar_e0.2_c150,0.17710618659896088,-0.04869792607332208,-0.008624703982124183,370,84,1480,5785,7265
884,openphenom,D20,std_all__tvn_efaar_e0.2_c150,0.24663004467535202,0.027784091049791886,0.006852391616874221,370,81,1480,5561,7041
885,openphenom,D20,std_all__tvn_efaar_e0.2_c150,0.20470974137423548,0.023597506180907498,0.004830639387370497,370,62,1480,5401,6881
886,openphenom,D20,std_all__tvn_efaar_e0.2_c150,0.2200799378629431,0.019903676257622203,0.0043803998340216305,370,67,1480,5561,7041
887,openphenom,D20,std_all__tvn_efaar_e0.2_c150,0.21796416591388362,-0.015302886943907879,-0.0033354809888033405,370,83,1480,5817,7297
888,openphenom,D20,std_all__tvn_efaar_e0.2_c150,0.22017106114494855,-0.018203571752325093,-0.0040078997093376265,370,46,1480,5593,7073
889,openphenom,D20,std_all__tvn_efaar_e0.2_c150,0.21318201312992546,0.006084700756695519,0.0012971487566055316,370,74,1480,5721,7201
890,openphenom,D20,std_all__tvn_efaar_e0.2_c150,0.22593469995314622,-0.003348555333755429,-0.0007565548446085402,370,50,1480,5753,7233
891,openphenom,D20,std_all__tvn_efaar_e0.2_c150,0.2306676295115505,0.09714341736753423,0.02240784180682031,370,82,1480,5401,6881
892,openphenom,D20,std_all__tvn_efaar_e0.2_c150,0.21990690762179277,0.06484746086827432,0.014260404586667424,370,81,1480,5407,6887
893,openphenom,D20,std_all__tvn_efaar_e0.2_c150,0.17557738505392737,0.018813658738424624,0.0033032530045895656,370,58,1480,5817,7297
894,openphenom,D20,std_all__tvn_efaar_e0.2_c150,0.20641668928543594,0.01698342881031629,0.003505663147740379,370,63,1480,5753,7233
895,openphenom,D20,std_all__tvn_efaar_e0.2_c150,0.21933523551710982,0.005329126272086745,0.0011688651659885637,370,84,1480,5817,7297
896,openphenom,D20,std_all__tvn_efaar_e0.2_c150,0.19085639079581593,0.08665144070598163,0.016537981230401302,370,84,1480,5529,7009
897,openphenom,D20,std_all__tvn_efaar_e0.2_c150,0.19477471056736115,0.009718752554961317,0.0018929672159683922,370,79,1480,5689,7169
898,openphenom,D20,std_all__tvn_efaar_e0.2_c150,0.20943055420613432,-0.02816374459637504,-0.005898348639338845,370,79,1480,5977,7457
899,openphenom,D20,std_all__tvn_efaar_e0.2_c150,0.2397670668933107,0.016970810157517145,0.00406904137427109,370,88,1480,5689,7169
900,openphenom,D20,std_all__tvn_efaar_e0.2_c150,0.18334032959960228,0.03746934766951253,0.006869642551610516,370,65,1480,5849,7329
901,openphenom,D20,std_all__tvn_efaar_e0.2_c150,0.23679414450313588,-0.005471911050029861,-0.001295716495889077,370,59,1480,5561,7041
902,openphenom,D20,std_all__tvn_efaar_e0.2_c150,0.22232384937816255,-0.007065735776000581,-0.0015708815764094476,370,52,1480,5849,7329
903,openphenom,D20,std_all__tvn_efaar_e0.2_c150,0.22111341647140334,0.033729991009886336,0.007458153549745688,370,75,1480,5786,7266
904,openphenom,D20,std_all__tvn_efaar_e0.2_c150,0.22960999318813705,-0.01823144222474177,-0.004186121325032872,370,72,1480,5913,7393
905,openphenom,D20,std_all__tvn_efaar_e0.2_c150,0.2037142061198915,0.04403967702979962,0.00897150784390205,370,65,1480,5753,7233
906,openphenom,D20,std_all__tvn_efaar_e0.2_c150,0.23541347671776192,-0.01718291017553114,-0.004045088624550794,370,90,1480,5913,7393
907,openphenom,D20,std_all__tvn_efaar_e0.2_c150,0.23298101115705672,-0.04987220839802057,-0.011619277541206287,370,52,1480,5593,7073
908,openphenom,D20,std_all__tvn_efaar_e0.2_c150,0.21444727626770252,-0.008173316710733522,-0.0017527455066901013,370,70,1480,5593,7073
909,openphenom,D20,std_all__tvn_efaar_e0.2_c150,0.21757339471893192,0.027584897572673673,0.006001739807860636,370,53,1480,5593,7073
910,openphenom,D20,std_all__tvn_efaar_e0.2_c150,0.24385689321665946,0.05497586455978991,0.013406243533450221,370,55,1480,5465,6945
911,openphenom,D20,std_all__tvn_efaar_e0.2_c150,0.21569564831753144,-0.009636359622219167,-0.0020785208361354455,370,80,1480,5753,7233
912,openphenom,D20,std_all__tvn_efaar_e0.2_c150,0.21056656638434457,-0.018149826030649595,-0.003821746547747083,370,54,1480,5497,6977
913,openphenom,D20,std_all__tvn_efaar_e0.2_c150,0.18410199340035713,-0.012917915858648356,-0.0023782140601552484,370,82,1480,5401,6881
914,openphenom,D20,std_all__tvn_efaar_e0.2_c150,0.21631297579481285,-0.0051791920364347216,-0.0011203264416139913,370,69,1480,5561,7041
915,openphenom,D20,std_all__tvn_efaar_e0.2_c150,0.2067445102745021,0.06582479477110144,0.013608914958870974,370,101,1480,5849,7329
916,openphenom,D20,std_all__tvn_efaar_e0.2_c150,0.2394367231217213,-0.02758478941084744,-0.006604811584536068,370,74,1480,5657,7137
917,openphenom,D20,std_all__tvn_efaar_e0.2_c150,0.22553177778766903,0.047845635322644145,0.010790711193696427,370,80,1480,5561,7041
918,openphenom,D20,std_all__tvn_efaar_e0.2_c150,0.2329315272673107,-0.08099732007424791,-0.01886682946945377,370,107,1480,5209,6689
919,openphenom,D20,std_all__tvn_efaar_e0.2_c150,0.21643600652616782,0.041179885238772106,0.00891280991028572,370,70,1480,5599,7079
920,openphenom,D20,std_all__tvn_efaar_e0.2_c150,0.208405538474698,-0.005478334655500817,-0.001141715283824247,370,74,1480,5855,7335
921,openphenom,D20,std_all__tvn_efaar_e0.2_c150,0.22278719242029812,0.002017530579279016,0.00044947997337966964,370,46,1480,5785,7265
922,openphenom,D20,std_all__tvn_efaar_e0.2_c150,0.22125828574629589,0.01916281766485573,0.004239932186594816,370,115,1480,5721,7201
923,openphenom,D20,std_all__tvn_efaar_e0.2_c150,0.20900254802081517,0.059414861299105094,0.012417857401816284,370,81,1480,5721,7201
924,openphenom,D20,std_all__tvn_efaar_e0.2_c150,0.22239746368480806,0.02112619060307326,0.004698411207445319,370,74,1480,5785,7265
925,openphenom,D20,std_all__tvn_efaar_e0.2_c150,0.21180721493536422,-0.01251962903064666,-0.0026517477570052028,370,92,1480,5497,6977
926,openphenom,D20,std_all__tvn_efaar_e0.2_c150,0.19712388841458878,0.015253802105444145,0.003006888784131791,370,91,1480,5078,6558
927,openphenom,D20,std_all__tvn_efaar_e0.2_c150,0.21341195981249902,0.08766113468654958,0.018707934552843985,370,53,1480,5785,7265
928,openphenom,D20,std_all__tvn_efaar_e0.2_c150,0.18630274715251363,0.006315946693179142,0.0011766782198081084,370,72,1480,5721,7201
929,openphenom,D20,std_all__tvn_efaar_e0.2_c150,0.19599528577417713,-0.01349070096947912,-0.0026441137918070284,370,73,1480,5561,7041
930,openphenom,D20,std_all__tvn_efaar_e0.2_c150,0.20863204437966018,0.007221406076955748,0.0015066167131309793,370,77,1480,5657,7137
931,openphenom,D20,std_all__tvn_efaar_e0.2_c150,0.22260442551790793,0.030301497307584073,0.006745247400487186,370,101,1480,5977,7457
932,openphenom,D20,std_all__tvn_efaar_e0.2_c150,0.251515248798818,-0.017272286139979862,-0.004344243345821411,370,66,1480,5689,7169
933,openphenom,D20,std_all__tvn_efaar_e0.2_c150,0.22973083916039336,0.0021093127438127452,0.0004845741866878138,370,67,1480,5593,7073
934,openphenom,D20,std_all__tvn_efaar_e0.2_c150,0.22123233557045113,-0.01662409973218603,-0.0036777884105076266,370,53,1480,5561,7041
935,openphenom,D20,std_all__tvn_efaar_e0.2_c150,0.2246519827755531,-0.0021611017420723366,-0.00048549579133625234,370,91,1480,5657,7137
936,openphenom,D20,std_all__tvn_efaar_e0.2_c150,0.22555028281262096,0.013823870791333707,0.003117977966550448,370,88,1480,5753,7233
937,openphenom,D20,std_all__tvn_efaar_e0.2_c150,0.2089983212642922,-0.014213396097210963,-0.0029705759237815335,370,52,1480,5721,7201
938,openphenom,D20,std_all__tvn_efaar_e0.2_c150,0.17860967247560988,-0.01095633841057095,-0.0019569080150440214,370,75,1480,5566,7046
939,openphenom,D20,std_all__tvn_efaar_e0.2_c150,0.18080473432462954,0.01576099251608032,0.0028496620645623765,370,67,1480,5753,7233
940,openphenom,D20,std_all__tvn_efaar_e0.2_c150,0.2379212655238495,0.018162132454818684,0.004321157538262241,370,58,1480,5785,7265
941,openphenom,D20,std_all__tvn_efaar_e0.2_c150,0.21278648503051242,0.036080520464460454,0.007677447127704012,370,67,1480,5721,7201
942,openphenom,D20,std_all__tvn_efaar_e0.2_c150,0.23059302580328503,-0.0014235625812518144,-0.0003282636030311907,370,84,1480,5881,7361
943,openphenom,D20,std_all__tvn_efaar_e0.2_c150,0.20910560583112742,0.016821839528461044,0.0035175409457928533,370,99,1480,5753,7233
944,openphenom,D20,std_all__tvn_efaar_e0.2_c150,0.21184460139524633,0.009343985939556916,0.001979472976808221,370,56,1480,5593,7073
945,openphenom,D20,std_all__tvn_efaar_e0.2_c150,0.20558659929303272,-0.03405847504288339,-0.0070019660611730225,370,83,1480,5625,7105
946,openphenom,D20,std_all__tvn_efaar_e0.2_c150,0.19362478092853844,-0.016732381561023656,-0.003239803714165921,370,81,1480,5625,7105
947,openphenom,D20,std_all__tvn_efaar_e0.2_c150,0.17395196625864123,0.04707682815915221,0.008189106823504697,370,89,1480,5721,7201
948,openphenom,D20,std_all__tvn_efaar_e0.2_c150,0.21802048284423378,0.0077605444798327615,0.0016919576546272918,370,67,1480,5561,7041
949,openphenom,D20,std_all__tvn_efaar_e0.2_c150,0.2195187197562708,0.04108683125037556,0.00901932859492438,370,60,1480,5849,7329
950,openphenom,D20,std_all__tvn_efaar_e0.2_c150,0.22130763839047424,0.02898386526230571,0.006414350772628579,370,65,1480,5721,7201
951,openphenom,D20,std_all__tvn_efaar_e0.2_c150,0.22742894744764586,0.0671304561009105,0.01526740897271047,370,70,1480,5689,7169
952,openphenom,D20,std_all__tvn_efaar_e0.2_c150,0.23081769786763703,0.05013215355604829,0.011571388272953939,370,66,1480,5881,7361
953,openphenom,D20,std_all__tvn_efaar_e0.2_c150,0.22408065659828735,-0.027434220149835577,-0.006147478064437121,370,64,1480,5785,7265
954,openphenom,D20,std_all__tvn_efaar_e0.2_c150,0.2075421978638791,0.1113533370944784,0.02311051632006546,370,84,1480,5561,7041
955,openphenom,D20,std_all__tvn_efaar_e0.2_c150,0.1879940357098132,-0.009726980665364579,-0.0018286143505532113,370,58,1480,5785,7265
956,openphenom,D20,std_all__tvn_efaar_e0.2_c150,0.2117711855165576,-0.009321447644653976,-0.001974014018438896,370,56,1480,5753,7233
957,openphenom,D20,std_all__tvn_efaar_e0.2_c150,0.2150372707927601,0.10913527514889766,0.02346815171523589,370,61,1480,5721,7201
958,openphenom,D20,std_all__tvn_efaar_e0.2_c150,0.1923649054454667,0.015462553405834693,0.0029744526238588698,370,79,1480,5721,7201
959,openphenom,D20,std_all__tvn_efaar_e0.2_c150,0.24104870545660204,-0.010366426390019876,-0.002498813661525447,370,62,1480,5881,7361
960,openphenom,D20,std_all__tvn_efaar_e0.2_c150,0.2287258533308529,0.025353249484998404,0.005798943623166267,370,69,1480,5689,7169
961,openphenom,D20,std_all__tvn_efaar_e0.2_c150,0.22964094895373077,0.052102662200809724,0.011964904790809623,370,64,1480,5657,7137
962,openphenom,D20,std_all__tvn_efaar_e0.2_c150,0.21264240590491967,-0.0057610330263537035,-0.001225039923221552,370,82,1480,5785,7265
963,openphenom,D20,std_all__tvn_efaar_e0.2_c150,0.20182028264529334,0.007957321455989352,0.0016059488653472282,370,82,1480,5689,7169
964,openphenom,D20,std_all__tvn_efaar_e0.2_c150,0.21237698291763044,-0.039907962542208276,-0.008475532679104003,370,103,1480,5785,7265
965,openphenom,D20,std_all__tvn_efaar_e0.2_c150,0.19718300365249897,0.04940019193135684,0.009740878226034887,370,53,1480,5625,7105
966,openphenom,D20,std_all__tvn_efaar_e0.2_c150,0.20658842422796103,-0.016774581295201735,-0.003465434316859556,370,67,1480,5561,7041
967,openphenom,D20,std_all__tvn_efaar_e0.2_c150,0.24438681679277366,0.08840489868719845,0.021604991779052084,370,61,1480,5849,7329
968,openphenom,D20,std_all__tvn_efaar_e0.2_c150,0.24615238251815683,-0.006708228462399767,-0.0016512464184958145,370,109,1480,5817,7297
969,openphenom,D20,std_all__tvn_efaar_e0.2_c150,0.2178346434143708,0.02571492701268393,0.005601601956234575,370,88,1480,5657,7137
970,openphenom,D20,std_all__tvn_efaar_e0.2_c150,0.18246837114059708,0.024147004829432422,0.004406064639150665,370,61,1480,5593,7073
971,openphenom,D20,std_all__tvn_efaar_e0.2_c150,0.19811621554927125,-0.015338618330947837,-0.0030388290154820647,370,66,1480,5753,7233
972,openphenom,D20,std_all__tvn_efaar_e0.2_c150,0.2135688404890588,-0.04596495746832393,-0.009816682669638845,370,46,1480,5817,7297
973,openphenom,D20,std_all__tvn_efaar_e0.2_c150,0.22811600355059403,0.07390273400342379,0.016858396332323628,370,58,1480,5657,7137
974,openphenom,D20,std_all__tvn_efaar_e0.2_c150,0.21487193456212175,-0.0015205802042652526,-0.0003267300101473411,370,83,1480,5753,7233
975,openphenom,D20,std_all__tvn_efaar_e0.2_c150,0.2230107084510647,0.04989537462681662,0.011127202843957651,370,71,1480,5529,7009
976,openphenom,D20,std_all__tvn_efaar_e0.2_c150,0.21913854046977652,0.08884196105455487,0.019468697677967883,370,90,1480,5785,7265
977,openphenom,D20,std_all__tvn_efaar_e0.2_c150,0.19877448116691265,-0.0029606777144319976,-0.0005885071765886611,370,84,1480,5753,7233
978,openphenom,D20,std_all__tvn_efaar_e0.2_c150,0.22291269084245693,0.0031743089468614393,0.0007075937489101691,370,66,1480,5593,7073
979,openphenom,D20,std_all__tvn_efaar_e0.2_c150,0.21377744645529126,0.01020550354770817,0.002181706488219468,370,96,1480,5753,7233
980,openphenom,D20,std_all__tvn_efaar_e0.2_c150,0.2294510865590927,-0.016008422011421553,-0.003673149824617171,370,73,1480,5529,7009
981,openphenom,D20,std_all__tvn_efaar_e0.2_c150,0.2048513068567361,-0.022562521424963403,-0.004621961999886861,370,50,1480,5817,7297
982,openphenom,D20,std_all__tvn_efaar_e0.2_c150,0.21564497955870657,-0.0176190512134915,-0.0037994599387771786,370,63,1480,5465,6945
983,openphenom,D20,std_all__tvn_efaar_e0.2_c150,0.2312577066578005,-0.008978137889469558,-0.002076263578376235,370,73,1480,5753,7233
984,openphenom,D20,std_all__tvn_efaar_e0.2_c150,0.2420284051629117,0.0752509354754261,0.018212863900134553,370,90,1480,5753,7233
985,openphenom,D20,std_all__tvn_efaar_e0.2_c150,0.1906589026944359,0.12868661089710773,0.024535248025108397,370,89,1480,5689,7169
986,openphenom,D20,std_all__tvn_efaar_e0.2_c150,0.24336335824695743,0.04252596786643973,0.010349262352678973,370,92,1480,5721,7201
987,openphenom,D20,std_all__tvn_efaar_e0.2_c150,0.19606967224552527,0.04987658855171755,0.009779286370060179,370,63,1480,5721,7201
988,openphenom,D20,std_all__tvn_efaar_e0.2_c150,0.215426534217018,-0.02026031682589241,-0.004364609835940737,370,56,1480,5785,7265
989,openphenom,D20,std_all__tvn_efaar_e0.2_c150,0.2650414125443556,0.04754437558477065,0.012601228463526985,370,107,1480,5689,7169
990,openphenom,D20,std_all__tvn_efaar_e0.2_c150,0.20913932415102332,0.02298114852160124,0.004806261870021972,370,81,1480,5785,7265
991,openphenom,D20,std_all__tvn_efaar_e0.2_c150,0.2609557376683714,0.0533998843446625,0.013935006210567119,370,60,1480,5593,7073
992,openphenom,D20,std_all__tvn_efaar_e0.2_c150,0.23836435015459073,0.06472156538325873,0.015427313873568322,370,72,1480,5721,7201
993,openphenom,D20,std_all__tvn_efaar_e0.2_c150,0.2194293554538403,-0.00263955460711493,-0.0005791957661244437,370,91,1480,5593,7073
994,openphenom,D20,std_all__tvn_efaar_e0.2_c150,0.20900360520895317,-0.02100492235023729,-0.004390104498333711,370,66,1480,5401,6881
995,openphenom,D20,std_all__tvn_efaar_e0.2_c150,0.22283360303121286,-0.003782702423891039,-0.0008429132103105423,370,63,1480,5689,7169
996,openphenom,D20,std_all__tvn_efaar_e0.2_c150,0.21887781882749252,-0.018567117016067943,-0.004063930074391773,370,50,1480,5721,7201
997,openphenom,D20,std_all__tvn_efaar_e0.2_c150,0.22591353844971476,-0.018396005079245357,-0.004155906600791244,370,88,1480,5849,7329
998,openphenom,D20,std_all__tvn_efaar_e0.2_c150,0.22282599304375555,-0.023606870321408985,-0.005260224322023118,370,69,1480,5913,7393
999,openphenom,D20,std_all__tvn_efaar_e0.2_c150,0.2221074042723566,-0.039240872841996385,-0.00871568840831743,370,61,1480,5753,7233
1000,openphenom,D20,std_all__tvn_efaar_e0.2_c150,0.22549588403820717,0.020171259940087217,0.004548536092354441,370,74,1480,5433,6913
1001,openphenom,D20,std_all__tvn_efaar_e0.2_c150,0.22133773751939304,-0.030954545661596784,-0.006851409102678576,370,50,1480,5817,7297
1002,openphenom,D20,std_all__tvn_efaar_e0.2_c150,0.22975789525097606,-0.00822128308388393,-0.0018889046976156255,370,64,1480,5561,7041
1003,openphenom,D20,std_all__tvn_efaar_e0.2_c150,0.21517818190315843,-0.04564121045033335,-0.009820992684562165,370,107,1480,5753,7233
1004,openphenom,D20,std_all__tvn_efaar_e0.2_c150,0.23201681973320853,0.02075104281320443,0.004814590959667345,370,68,1480,5721,7201
1005,openphenom,D20,std_all__tvn_efaar_e0.2_c150,0.18390504385185386,-0.02846604757790925,-0.005235049728104358,370,71,1480,5657,7137
1006,openphenom,D20,std_all__tvn_efaar_e0.2_c150,0.18000944632625396,0.027518591734441277,0.0049536064617950026,370,65,1480,5625,7105
1007,openphenom,D20,std_all__tvn_efaar_e0.2_c150,0.21619959792087023,0.005552252655569787,0.0012003947916892721,370,59,1480,5625,7105
1008,openphenom,D20,std_all__tvn_efaar_e0.2_c150,0.2241363017122496,0.0022300433784723035,0.0004998336755086726,370,71,1480,5945,7425
1009,openphenom,D20,std_all__tvn_efaar_e0.2_c150,0.22942565178727764,0.022576419096594073,0.005179609666258837,370,65,1480,5849,7329
1010,openphenom,D20,std_all__tvn_efaar_e0.2_c150,0.2141449474953675,0.012618065777594919,0.0027020950334361573,370,102,1480,5753,7233
1011,openphenom,D20,std_all__tvn_efaar_e0.2_c150,0.20688918382868066,0.011655000079847022,0.0024112934540427584,370,70,1480,5881,7361
1012,openphenom,D20,std_all__tvn_efaar_e0.2_c150,0.23811675848372504,0.03555394504412919,0.008465990145216543,370,56,1480,5849,7329
1013,openphenom,D20,std_all__tvn_efaar_e0.2_c150,0.20184813709872745,0.012477997048892143,0.002518660459042298,370,91,1480,5791,7271
1014,openphenom,D20,std_all__tvn_efaar_e0.2_c150,0.18813387331326106,-0.04873754420395069,-0.00916918296686552,370,83,1480,5881,7361
1015,openphenom,D20,std_all__tvn_efaar_e0.2_c150,0.2124825727373586,-0.02093857642861213,-0.004449082589009319,370,56,1480,5945,7425
1016,openphenom,D20,std_all__tvn_efaar_e0.2_c150,0.22086387134887353,0.00029124305680082495,6.432506902851007e-05,370,77,1480,5625,7105
1017,openphenom,D20,std_all__tvn_efaar_e0.2_c150,0.22746340361381298,-0.02429142364048174,-0.005525409899889016,370,68,1480,5817,7297
1018,openphenom,D20,std_all__tvn_efaar_e0.2_c150,0.20478118051488645,0.0352355440595371,0.007215576308596301,370,77,1480,5657,7137
1019,openphenom,D20,std_all__tvn_efaar_e0.2_c150,0.20654194691899638,0.02701707605803274,0.005580159489084686,370,64,1480,5561,7041
1020,openphenom,D20,std_all__tvn_efaar_e0.2_c150,0.1993479655924889,-0.008512286446062813,-0.0016969069855631393,370,71,1480,5753,7233
1021,openphenom,D20,std_all__tvn_efaar_e0.2_c150,0.22754797379611258,-0.056967438381423485,-0.012962825176047809,370,70,1480,5529,7009
1022,openphenom,D20,std_all__tvn_efaar_e0.2_c150,0.23595246902592776,-0.017662574272745105,-0.004167528009008038,370,53,1480,5561,7041
1023,openphenom,D20,std_all__tvn_efaar_e0.2_c150,0.2479218005636052,-0.01895852112566438,-0.00470023069349786,370,80,1480,5593,7073
1024,openphenom,D20,std_all__tvn_efaar_e0.2_c150,0.20150460133643955,0.0023857944886062914,0.0004807485672972854,370,85,1480,5529,7009
1025,openphenom,D20,std_all__tvn_efaar_e0.2_c150,0.20533799785840717,-0.0034800401611395906,-0.0007145844791552522,370,80,1480,5593,7073
1026,openphenom,D20,std_all__tvn_efaar_e0.2_c150,0.21401626556690675,0.002449119176413023,0.0005241513400642135,370,62,1480,5529,7009
1027,openphenom,D20,std_all__tvn_efaar_e0.2_c150,0.2208824090816518,0.041764386533461054,0.009225018311328173,370,98,1480,5561,7041
1028,openphenom,D20,std_all__tvn_efaar_e0.2_c150,0.2263550186739981,0.044695819313238634,0.010117123015297776,370,83,1480,5817,7297
1029,openphenom,D20,std_all__tvn_efaar_e0.2_c150,0.2260398661150647,-0.012223761502273486,-0.002763057413396381,370,63,1480,5849,7329
1030,openphenom,D20,std_all__tvn_efaar_e0.2_c150,0.20225091612996107,-0.015475392151290311,-0.0031299122400688744,370,51,1480,5593,7073
1031,openphenom,D20,std_all__tvn_efaar_e0.2_c150,0.20184269507580907,0.06376347084398473,0.012870190802537653,370,58,1480,5625,7105
1032,openphenom,D20,std_all__tvn_efaar_e0.2_c150,0.20551835200211516,0.01853574267402696,0.0038094352875013,370,85,1480,5465,6945
1033,openphenom,D20,std_all__tvn_efaar_e0.2_c150,0.21153567804252466,0.03489529896328353,0.007381600726694789,370,71,1480,5401,6881
1034,openphenom,D20,std_all__tvn_efaar_e0.2_c150,0.19387135690626434,-0.018553537343249358,-0.0035969994601467996,370,80,1480,5593,7073
1035,openphenom,D20,std_all__tvn_efaar_e0.2_c150,0.23001966657575718,0.06863009044350436,0.015786270520878932,370,96,1480,5753,7233
1036,openphenom,D20,std_all__tvn_efaar_e0.2_c150,0.23489304492762747,0.024266840861917865,0.005700112140830059,370,65,1480,5465,6945
1037,openphenom,D20,std_all__tvn_efaar_e0.2_c150,0.18294169441722066,-0.008816634145537872,-0.0016129299896414228,370,42,1480,5753,7233
1038,openphenom,D20,std_all__tvn_efaar_e0.2_c150,0.22915139152569045,0.0010630273973812289,0.0002435942073398417,370,91,1480,5625,7105
1039,openphenom,D20,std_all__tvn_efaar_e0.2_c150,0.2199292182657748,0.0009574777130440825,0.00021057732493668692,370,61,1480,5753,7233
1040,openphenom,D20,std_all__tvn_efaar_e0.2_c150,0.2299149007156097,0.043679068240090574,0.010042468637770764,370,59,1480,5625,7105
1041,openphenom,D20,std_all__tvn_efaar_e0.2_c150,0.193130860407302,0.04602215919263564,0.008888299202675544,370,71,1480,5753,7233
1042,openphenom,D20,std_all__tvn_efaar_e0.2_c150,0.19610335586847197,-0.0067389058949378754,-0.0013215220608791458,370,84,1480,5561,7041
1043,openphenom,D20,std_all__tvn_efaar_e0.2_c150,0.20281660272236002,0.11277420383023082,0.022872480895566375,370,63,1480,5657,7137
1044,openphenom,D20,std_all__tvn_efaar_e0.2_c150,0.23848592055199114,0.039630541514013275,0.009451326174943356,370,93,1480,5753,7233
1045,openphenom,D20,std_all__tvn_efaar_e0.2_c150,0.2233293757535474,-0.012633041487038095,-0.002821329269168884,370,81,1480,5305,6785
1046,openphenom,D20,std_all__tvn_efaar_e0.2_c150,0.21169685298826788,-0.0005405070056734841,-0.00011442363211918844,370,81,1480,5497,6977
1047,openphenom,D20,std_all__tvn_efaar_e0.2_c150,0.21173894407153024,0.026838149863145148,0.005682681512855837,370,68,1480,5657,7137
1048,openphenom,D20,std_all__tvn_efaar_e0.2_c150,0.24807245601652092,0.051268041364910436,0.01271818893654992,370,65,1480,5849,7329
1049,openphenom,D20,std_all__tvn_efaar_e0.2_c150,0.22630297295594887,-0.007232528072707565,-0.0016367426048410811,370,60,1480,5593,7073
1050,openphenom,D20,std_all__tvn_efaar_e0.2_c150,0.2587521541245214,0.02026527643686789,0.005243683931968473,370,52,1480,5817,7297
1051,openphenom,D20,std_all__tvn_efaar_e0.2_c150,0.22337535667245761,0.06585428021266237,0.014710223330911426,370,65,1480,5529,7009
1052,openphenom,D20,std_all__tvn_efaar_e0.2_c150,0.20187353967774235,-0.022999489906575316,-0.004642988438222867,370,85,1480,5689,7169
1053,openphenom,D20,std_all__tvn_efaar_e0.2_c150,0.21119816038775108,-0.0006435908742284015,-0.00013592520867938287,370,69,1480,5593,7073
1054,openphenom,D20,std_all__tvn_efaar_e0.2_c150,0.2160786694499179,0.07491958168526752,0.016188523526297044,370,127,1480,5657,7137
1055,openphenom,D20,std_all__tvn_efaar_e0.2_c150,0.23445990767994546,-0.03038569971110112,-0.007124228349055314,370,59,1480,5465,6945
1056,openphenom,D20,std_all__tvn_efaar_e0.2_c150,0.19724527019704977,-0.022145170070882236,-0.004368030054190787,370,66,1480,5689,7169
1057,openphenom,D20,std_all__tvn_efaar_e0.2_c150,0.22091395637346803,-0.019063587954157326,-0.004211412637626482,370,53,1480,5753,7233
1058,openphenom,D20,std_all__tvn_efaar_e0.2_c150,0.17250462400206287,0.01579723620850344,0.002725096292419659,370,72,1480,5753,7233
1059,openphenom,D20,std_all__tvn_efaar_e0.2_c150,0.21510403907239461,0.019660069517806474,0.004228960361724238,370,70,1480,5689,7169
1060,openphenom,D20,std_all__tvn_efaar_e0.2_c150,0.1867736588680292,0.049775183843521004,0.00929669320728323,370,87,1480,5849,7329
1061,openphenom,D20,std_all__tvn_efaar_e0.2_c150,0.20707147772720208,0.02725571665526137,0.005643881524318885,370,70,1480,5945,7425
1062,openphenom,D20,std_all__tvn_efaar_e0.2_c150,0.20766940367856201,0.015899951646389708,0.003301933476923721,370,61,1480,5433,6913
1063,openphenom,D20,std_all__tvn_efaar_e0.2_c150,0.2089790408134648,-0.029470323391383446,-0.0061586799147939275,370,75,1480,5561,7041
1064,openphenom,D20,std_all__tvn_efaar_e0.2_c150,0.22438125991669022,0.03991074701536582,0.008955223699524067,370,63,1480,5657,7137
1065,openphenom,D20,std_all__tvn_efaar_e0.2_c150,0.22126987063237955,-0.017185114768006143,-0.0038025481215193144,370,87,1480,5657,7137
1066,openphenom,D20,std_all__tvn_efaar_e0.2_c150,0.21998813670819195,0.04522295013450608,0.00994851253653747,370,48,1480,5785,7265
1067,openphenom,D20,std_all__tvn_efaar_e0.2_c150,0.2207000692864923,0.005734307166080389,0.0012655619888639713,370,75,1480,5535,7015
1068,openphenom,D20,std_all__tvn_efaar_e0.2_c150,0.2271227309280048,0.055375674013927526,0.01257707430902217,370,53,1480,5401,6881
1069,openphenom,D20,std_all__tvn_efaar_e0.2_c150,0.20645782465981063,0.02838028367271511,0.0058593316302971024,370,57,1480,5689,7169
1070,openphenom,D20,std_all__tvn_efaar_e0.2_c150,0.25368436720855675,0.0021540974883384346,0.0005464608582346773,370,102,1480,5689,7169
1071,openphenom,D20,std_all__tvn_efaar_e0.2_c150,0.210214013462839,0.04389958053041263,0.009228307012633146,370,94,1480,5593,7073
1072,openphenom,D20,std_all__tvn_efaar_e0.2_c150,0.1945389583700937,-0.02578505986165672,-0.00501619868699721,370,67,1480,5561,7041
1073,openphenom,D20,std_all__tvn_efaar_e0.2_c150,0.22365595798852989,0.030877388466805027,0.006905911897727262,370,84,1480,5849,7329
1074,openphenom,D20,std_all__tvn_efaar_e0.2_c150,0.18350344977145075,0.027135101279123587,0.004979384694616884,370,74,1480,5785,7265
1075,openphenom,D20,std_all__tvn_efaar_e0.2_c150,0.23101593892092157,-0.012243822490992427,-0.002828518148737712,370,64,1480,5561,7041
1076,openphenom,D20,std_all__tvn_efaar_e0.2_c150,0.20925563952200188,0.007413479518805154,0.0015513123977908352,370,74,1480,5913,7393
1077,openphenom,D20,std_all__tvn_efaar_e0.2_c150,0.21993529338339168,-0.004698959337674868,-0.00103346700052815,370,60,1480,5689,7169
1078,openphenom,D20,std_all__tvn_efaar_e0.2_c150,0.20971565299425923,-0.022169668067658386,-0.004649326415474955,370,55,1480,5689,7169
1079,openphenom,D20,std_all__tvn_efaar_e0.2_c150,0.1956755645302238,-0.007872466328984386,-0.0015404492931691985,370,91,1480,5657,7137
1080,openphenom,D20,std_all__tvn_efaar_e0.2_c150,0.18183495053137244,-0.02342348916811555,-0.0042592089941564295,370,88,1480,5785,7265
1081,openphenom,D20,std_all__tvn_efaar_e0.2_c150,0.22829366379353677,0.11254285887093898,0.025692821585445603,370,92,1480,5657,7137
1082,openphenom,D20,std_all__tvn_efaar_e0.2_c150,0.19057957408084622,0.04309415259792396,0.008212865247487341,370,54,1480,5721,7201
1083,openphenom,D20,std_all__tvn_efaar_e0.2_c150,0.19707241222502433,-0.03793071790215622,-0.007475098074404841,370,70,1480,5817,7297
1084,openphenom,D20,std_all__tvn_efaar_e0.2_c150,0.21310758630110244,0.015597625898902652,0.0033239724073427074,370,59,1480,5721,7201
1085,openphenom,D20,std_all__tvn_efaar_e0.2_c150,0.24369714584463056,0.015248508443774272,0.0037160179861355394,370,80,1480,5817,7297
1086,openphenom,D20,std_all__tvn_efaar_e0.2_c150,0.2244786608337735,-0.0037926588246748184,-0.0008513709739623966,370,81,1480,5561,7041
1087,openphenom,D20,std_all__tvn_efaar_e0.2_c150,0.18450568655302751,0.0018196923469932125,0.00033574358579727267,370,96,1480,5849,7329
1088,openphenom,D20,std_all__tvn_efaar_e0.2_c150,0.2114605414838969,0.034471831342419365,0.007289432121609567,370,86,1480,5497,6977
1089,openphenom,D20,std_all__tvn_efaar_e0.2_c150,0.2220606026327153,0.12061280329183342,0.026783351784205676,370,44,1480,5753,7233
1090,openphenom,D20,std_all__tvn_efaar_e0.2_c150,0.18863541780208587,0.019828828886335612,0.0037404194214999873,370,73,1480,5785,7265
1091,openphenom,D20,std_all__tvn_efaar_e0.2_c150,0.22853676739246534,0.0058211871175136804,0.0013303552862232398,370,73,1480,5753,7233
1092,openphenom,D20,std_all__tvn_efaar_e0.2_c150,0.2338599190417657,-0.015706542370474027,-0.0036731307271851187,370,57,1480,5657,7137
1093,openphenom,D20,std_all__tvn_efaar_e0.2_c150,0.23238194481564747,-0.016529831647504243,-0.003841234425722274,370,80,1480,5689,7169
1094,openphenom,D20,std_all__tvn_efaar_e0.2_c150,0.19664087107241102,-0.04896050324897392,-0.009627636007021842,370,79,1480,5625,7105
1095,openphenom,D20,std_all__tvn_efaar_e0.2_c150,0.18696153570934548,-0.026154819818785206,-0.004889945279521307,370,49,1480,5753,7233
1096,openphenom,D20,std_all__tvn_efaar_e0.2_c150,0.21708994632753914,-0.015476720129638112,-0.0033598403422694825,370,84,1480,5593,7073
1097,openphenom,D20,std_all__tvn_efaar_e0.2_c150,0.21837875344485047,0.01785987037533164,0.003900216229251537,370,87,1480,5657,7137
1098,openphenom,D20,std_all__tvn_efaar_e0.2_c150,0.17774592958781024,-0.031722565006775,-0.005638556806038962,370,86,1480,5753,7233
1099,openphenom,D20,std_all__tvn_efaar_e0.2_c150,0.20190473239772566,-0.009514912170236416,-0.0019211057955194465,370,82,1480,5721,7201
1100,openphenom,D20,std_all__tvn_efaar_e0.2_c150,0.1945397891233,0.0032755792663683152,0.0006372304997359458,370,76,1480,5817,7297
1101,openphenom,D20,std_all__tvn_efaar_e0.2_c150,0.22296692170466978,-0.010374657262921253,-0.002313205393654547,370,77,1480,5593,7073
1102,openphenom,D20,std_all__tvn_efaar_e0.2_c150,0.227572408575597,0.030524892454750503,0.0069466232974386396,370,56,1480,5753,7233
1103,openphenom,D20,std_all__tvn_efaar_e0.2_c150,0.21780769133701233,0.03040542027774189,0.0066225343948265415,370,57,1480,5977,7457
1104,openphenom,D20,std_all__tvn_efaar_e0.2_c150,0.21359423705296632,-0.010404520618218801,-0.0022223456433503024,370,89,1480,5689,7169
1105,openphenom,D20,std_all__tvn_efaar_e0.2_c150,0.1979466415197979,0.03310870867569882,0.006553757687411977,370,65,1480,5721,7201
1106,openphenom,D20,std_all__tvn_efaar_e0.2_c150,0.239877361765834,0.016250988878263616,0.003898244338203786,370,79,1480,5593,7073
1107,openphenom,D20,std_all__tvn_efaar_e0.2_c150,0.23152099366602225,-0.011011882976224222,-0.002549482088789386,370,77,1480,5497,6977
1108,openphenom,D20,std_all__tvn_efaar_e0.2_c150,0.22376657573417427,0.02745659864850159,0.006143869060882759,370,77,1480,5753,7233
1109,openphenom,D20,std_all__tvn_efaar_e0.2_c150,0.20634018625410966,-0.00169759948729828,-0.00035028299439400815,370,67,1480,5689,7169
1110,openphenom,D20,std_all__tvn_efaar_e0.2_c150,0.19421192833446868,0.031602100797237645,0.006137504935251773,370,74,1480,5817,7297
1111,openphenom,D20,std_all__tvn_efaar_e0.2_c150,0.1991912137582027,-0.005338620856140874,-0.001063406368129556,370,76,1480,5785,7265
1112,openphenom,D20,std_all__tvn_efaar_e0.2_c150,0.22775734518478588,-0.022647779713027852,-0.005158198181769076,370,90,1480,5817,7297
1113,openphenom,D20,std_all__tvn_efaar_e0.2_c150,0.198660598892614,0.047811951508470805,0.00949835092089743,370,64,1480,5689,7169
1114,openphenom,D20,std_all__tvn_efaar_e0.2_c150,0.20585295391935185,0.003523115715572527,0.0007252437770502957,370,70,1480,5657,7137
1115,openphenom,D20,std_all__tvn_efaar_e0.2_c150,0.24742228353667062,0.038705217855347286,0.009576533386554342,370,86,1480,5529,7009
1116,openphenom,D20,std_all__tvn_efaar_e0.2_c150,0.19915516073623332,0.022848708787555756,0.004550438271201053,370,89,1480,5657,7137
1117,openphenom,D20,std_all__tvn_efaar_e0.2_c150,0.22944613860004634,-0.021753494090720266,-0.004991255220174691,370,75,1480,5753,7233
1118,openphenom,D20,std_all__tvn_efaar_e0.2_c150,0.20403342882227357,0.05447351045883884,0.011114417118902868,370,82,1480,5657,7137
1119,openphenom,D20,std_all__tvn_efaar_e0.2_c150,0.21860275044977703,0.1007567379857445,0.022025700050031276,370,60,1480,5785,7265
1120,openphenom,D20,std_all__tvn_efaar_e0.2_c150,0.23160996046208296,0.05470061477771103,0.012669207225917281,370,65,1480,5657,7137
1121,openphenom,D20,std_all__tvn_efaar_e0.2_c150,0.2190630129710749,0.0524966254375138,0.011500068939155745,370,83,1480,5753,7233
1122,openphenom,D20,std_all__tvn_efaar_e0.2_c150,0.21307863467038393,-0.018685391382216105,-0.003981457684004366,370,66,1480,5625,7105
1123,openphenom,D20,std_all__tvn_efaar_e0.2_c150,0.20537816051496063,0.05387141967650627,0.011064013077490314,370,102,1480,5273,6753
1124,openphenom,D20,std_all__tvn_efaar_e0.2_c150,0.22757218376216176,0.033682986602202335,0.007665310816694823,370,81,1480,5913,7393
1125,openphenom,D20,std_all__tvn_efaar_e0.2_c150,0.21789074780030504,0.07800584260100926,0.0169967513771268,370,64,1480,5657,7137
1126,openphenom,D20,std_all__tvn_efaar_e0.2_c150,0.19431182822042664,0.0818262895630036,0.015899815921481243,370,104,1480,5817,7297
1127,openphenom,D20,std_all__tvn_efaar_e0.2_c150,0.21479007951753862,0.011052422551382515,0.0023739507186728874,370,93,1480,5593,7073
1128,openphenom,D20,std_all__tvn_efaar_e0.2_c150,0.2046051627286322,-0.0034451753315724596,-0.0007049006593450525,370,81,1480,5593,7073
1129,openphenom,D20,std_all__tvn_efaar_e0.2_c150,0.19370410089694745,0.0345380581207614,0.006690163495008601,370,64,1480,5721,7201
1130,openphenom,D20,std_all__tvn_efaar_e0.2_c150,0.20472161473744002,-0.004271603390313063,-0.0008744895435828135,370,85,1480,5625,7105
1131,openphenom,D20,std_all__tvn_efaar_e0.2_c150,0.22472821866140633,0.02689838663374669,0.006044826513067676,370,57,1480,5689,7169
1132,openphenom,D20,std_all__tvn_efaar_e0.2_c150,0.2153048880775345,0.017040381853871744,0.003668877507846306,370,84,1480,5817,7297
1133,openphenom,D20,std_all__tvn_efaar_e0.2_c150,0.2195204264937609,-0.013504299845533982,-0.002964469661591249,370,54,1480,5881,7361
1134,openphenom,D20,std_all__tvn_efaar_e0.2_c150,0.2165589538736036,0.01853909825591536,0.004014807724060979,370,54,1480,5721,7201
1135,openphenom,D20,std_all__tvn_efaar_e0.2_c150,0.1930206015018125,0.0884054951329287,0.017064081846623454,370,59,1480,5657,7137
1136,openphenom,D20,std_all__tvn_efaar_e0.2_c150,0.19257534451636849,0.00385252260442497,0.0007419008678042358,370,71,1480,5593,7073
1137,openphenom,D20,std_all__tvn_efaar_e0.2_c150,0.1928744265346122,0.11553097562869794,0.022282970671369372,370,91,1480,5689,7169
1138,openphenom,D20,std_all__tvn_efaar_e0.2_c150,0.1966111084541035,0.018788730392037878,0.00369407310882387,370,70,1480,5593,7073
1139,openphenom,D20,std_all__tvn_efaar_e0.2_c150,0.21021199224053938,-0.008022151570893327,-0.001686352463773059,370,74,1480,5785,7265
1140,openphenom,D20,std_all__tvn_efaar_e0.2_c150,0.19728419967170965,0.04662766759712497,0.00919890208445731,370,54,1480,5785,7265
1141,openphenom,D20,std_all__tvn_efaar_e0.2_c150,0.17872526667872993,-0.008448296965484185,-0.0015099241281372657,370,85,1480,5817,7297
1142,openphenom,D20,std_all__tvn_efaar_e0.2_c150,0.2555168487091261,-0.005775554565551861,-0.0014757515021374173,370,69,1480,5561,7041
1143,openphenom,D20,std_all__tvn_efaar_e0.2_c150,0.2056832545845792,0.028248462735645134,0.005810235752478697,370,60,1480,5689,7169
1144,openphenom,D20,std_all__tvn_efaar_e0.2_c150,0.22394105387781776,-0.02195770567975193,-0.004917231750662592,370,61,1480,5631,7111
1145,openphenom,D20,std_all__tvn_efaar_e0.2_c150,0.22122317221337195,-0.04743352589030782,-0.010493395066719004,370,91,1480,5785,7265
1146,openphenom,D20,std_all__tvn_efaar_e0.2_c150,0.20874612381707508,-0.07034931548315239,-0.014685146920292606,370,77,1480,5625,7105
1147,openphenom,D20,std_all__tvn_efaar_e0.2_c150,0.18945561907600747,-0.002656584419688783,-0.0005033048458598144,370,46,1480,5849,7329
1148,openphenom,D20,std_all__tvn_efaar_e0.2_c150,0.19775168485351755,-0.009191275399519699,-0.001817590196207708,370,75,1480,5529,7009
1149,openphenom,D20,std_all__tvn_efaar_e0.2_c150,0.23989955976635746,-0.012547524337024238,-0.003010145564609771,370,69,1480,5625,7105
1150,openphenom,D20,std_all__tvn_efaar_e0.2_c150,0.22560933902370958,-0.006549347246385855,-0.0014775939032938652,370,53,1480,5785,7265
1151,openphenom,D20,std_all__tvn_efaar_e0.2_c150,0.2276124199817848,0.022726037523000068,0.005172728397206892,370,87,1480,5657,7137
1152,openphenom,D20,std_all__tvn_efaar_e0.2_c150,0.24023371201503324,-8.669892825547421e-05,-2.082800536253762e-05,370,80,1480,5849,7329
1153,openphenom,D20,std_all__tvn_efaar_e0.2_c150,0.23675046370594416,0.05679882365425105,0.013447147838096085,370,75,1480,5497,6977
1154,openphenom,D20,std_all__tvn_efaar_e0.2_c150,0.21625916266410344,-0.005610589976793459,-0.001213341490432965,370,71,1480,5401,6881
1155,openphenom,D20,std_all__tvn_efaar_e0.2_c150,0.21375136268788847,0.06942603019974126,0.014839908561205192,370,70,1480,5881,7361
1156,openphenom,D20,std_all__tvn_efaar_e0.2_c150,0.20275311912451918,0.058932202959122174,0.01194868796684124,370,93,1480,5753,7233
1157,openphenom,D20,std_all__tvn_efaar_e0.2_c150,0.22400810840006424,0.001949140214823889,0.00043662321252919425,370,55,1480,5785,7265
1158,openphenom,D20,std_all__tvn_efaar_e0.2_c150,0.22728733495299053,-0.02771479704202235,-0.006299222358444285,370,67,1480,5657,7137
1159,openphenom,D20,std_all__tvn_efaar_e0.2_c150,0.18679875847380908,-0.013349787270252534,-0.0024937236879726344,370,78,1480,5791,7271
1160,openphenom,D20,std_all__tvn_efaar_e0.2_c150,0.2215999223041514,0.1442453481316118,0.03196475793870045,370,34,1480,5689,7169
1161,openphenom,D20,std_all__tvn_efaar_e0.2_c150,0.20349243724588092,0.010760023394093403,0.0021895833852867623,370,65,1480,5817,7297
1162,openphenom,D20,std_all__tvn_efaar_e0.2_c150,0.22382789833157163,-0.011908555740222154,-0.002665467003498298,370,71,1480,5753,7233
1163,openphenom,D20,std_all__tvn_efaar_e0.2_c150,0.25939076473885214,-0.02938014409098194,-0.007620938043897474,370,68,1480,5593,7073
1164,openphenom,D20,std_all__tvn_efaar_e0.2_c150,0.22091008317234978,-0.014765422463556199,-0.0032618307044990818,370,83,1480,5753,7233
1165,openphenom,D20,std_all__tvn_efaar_e0.2_c150,0.22290748579338085,0.07845111554377465,0.017487340923548828,370,81,1480,5721,7201
1166,openphenom,D20,std_all__tvn_efaar_e0.2_c150,0.21686304159541098,0.03532025292047022,0.0076596574782523685,370,87,1480,5625,7105
1167,openphenom,D20,std_all__tvn_efaar_e0.2_c150,0.23773736890112326,0.05169127794354335,0.01228894841343466,370,64,1480,5721,7201
1168,openphenom,D20,std_all__tvn_efaar_e0.2_c150,0.21987152814829203,0.019119929171408593,0.004203928045004714,370,63,1480,5913,7393
1169,openphenom,D20,std_all__tvn_efaar_e0.2_c150,0.21730748967800087,0.00804634936709344,0.0017485319820352465,370,62,1480,5529,7009
1170,openphenom,D20,std_all__tvn_efaar_e0.2_c150,0.24621199240243855,0.02963062173489944,0.007295414413472591,370,97,1480,5468,6948
1171,openphenom,D20,std_all__tvn_efaar_e0.2_c150,0.2210407547309276,0.04925497253770446,0.010887356303985306,370,102,1480,5817,7297
1172,openphenom,D20,std_all__tvn_efaar_e0.2_c150,0.203132797147403,-0.023139347746648806,-0.004700360431943229,370,81,1480,5881,7361
1173,openphenom,D20,std_all__tvn_efaar_e0.2_c150,0.22130572980233104,0.0014308030924412537,0.0003166449225761438,370,89,1480,5657,7137
1174,openphenom,D20,std_all__tvn_efaar_e0.2_c150,0.2120551151928771,-0.00622774065820627,-0.0013206242626672947,370,87,1480,5913,7393
1175,openphenom,D20,std_all__tvn_efaar_e0.2_c150,0.21170478306471124,-0.01984444702340247,-0.004201164352128574,370,77,1480,5785,7265
1176,openphenom,D20,std_all__tvn_efaar_e0.2_c150,0.1797644092797192,-0.008267122777799282,-0.0014861344425939993,370,78,1480,5497,6977
1177,openphenom,D20,std_all__tvn_efaar_e0.2_c150,0.2196087716156268,0.11776173061677594,0.025861509004080515,370,62,1480,5753,7233
1178,openphenom,D20,std_all__tvn_efaar_e0.2_c150,0.2074313722514358,-0.008713692930746666,-0.001807493282002416,370,63,1480,5593,7073
1179,openphenom,D20,std_all__tvn_efaar_e0.2_c150,0.2058197976395992,0.04232844376231426,0.008712031729558676,370,85,1480,5721,7201
1180,openphenom,D20,std_all__tvn_efaar_e0.2_c150,0.233940695605794,0.02979007900103657,0.006969111803654052,370,87,1480,5721,7201
1181,openphenom,D20,std_all__tvn_efaar_e0.2_c150,0.20744355342452914,0.013764562465177859,0.0028553697491103917,370,70,1480,5401,6881
1182,openphenom,D20,std_all__tvn_efaar_e0.2_c150,0.25234100210967253,0.023230829880686373,0.005862090891931723,370,76,1480,5753,7233
1183,openphenom,D20,std_all__tvn_efaar_e0.2_c150,0.18403562574295365,-0.00011544585322143162,-2.124614983703535e-05,370,74,1480,5849,7329
1184,openphenom,D20,std_all__tvn_efaar_e0.2_c150,0.23042166413599932,0.06015622434614057,0.013861297321976227,370,79,1480,5753,7233
1185,openphenom,D20,std_all__tvn_efaar_e0.2_c150,0.22167506594771197,-0.0174237845949594,-0.0038624185991463526,370,59,1480,5881,7361
1186,openphenom,D20,std_all__tvn_efaar_e0.2_c150,0.18850668889157324,-0.01648857998047951,-0.003108207616644074,370,65,1480,5561,7041
1187,openphenom,D20,std_all__tvn_efaar_e0.2_c150,0.18456386105306152,-0.008705367899889896,-0.0016066963114910607,370,75,1480,5785,7265
1188,openphenom,D20,std_all__tvn_efaar_e0.2_c150,0.23457451181528083,0.034226611249579146,0.008028690624961428,370,62,1480,5849,7329
1189,openphenom,D20,std_all__tvn_efaar_e0.2_c150,0.22524926262263129,-0.02171932681174531,-0.004892262349005577,370,67,1480,5625,7105
1190,openphenom,D20,std_all__tvn_efaar_e0.2_c150,0.20951930818971204,0.006641109465142396,0.0013914406607487835,370,63,1480,5657,7137
1191,openphenom,D20,std_all__tvn_efaar_e0.2_c150,0.20331560707677632,0.02731396136568207,0.005553354636735264,370,52,1480,5721,7201
1192,openphenom,D20,std_all__tvn_efaar_e0.2_c150,0.20990941660135606,-0.020037022619951158,-0.004205959728582122,370,72,1480,5401,6881
1193,openphenom,D20,std_all__tvn_efaar_e0.2_c150,0.24394060610549534,-0.019047185304304413,-0.004646381927735702,370,67,1480,5689,7169
1194,openphenom,D20,std_all__tvn_efaar_e0.2_c150,0.20396278938272458,0.10695745072350335,0.021815339994831057,370,70,1480,5721,7201
1195,openphenom,D20,std_all__tvn_efaar_e0.2_c150,0.2413373565513944,-0.03496112408776685,-0.008437425269406933,370,43,1480,5593,7073
1196,openphenom,D20,std_all__tvn_efaar_e0.2_c150,0.1914868880985642,-0.03217874603405194,-0.006161807940974621,370,75,1480,5721,7201
1197,openphenom,D20,std_all__tvn_efaar_e0.2_c150,0.21392470282783052,-0.010628032265918432,-0.002273598644131195,370,51,1480,5657,7137
1198,openphenom,D20,std_all__tvn_efaar_e0.2_c150,0.1965593812078703,-0.02099719003263049,-0.004127194679917912,370,72,1480,5593,7073
1199,openphenom,D20,std_all__tvn_efaar_e0.2_c150,0.24670355194165122,-0.0025603063887841056,-0.0006316366801719411,370,89,1480,5689,7169
1200,openphenom,D20,std_all__tvn_efaar_e0.2_c150,0.23515353097361624,-0.006212426689118685,-0.001460874071860991,370,61,1480,5689,7169
1201,openphenom,D20,std_all__tvn_efaar_e0.2_c150,0.240981927407164,0.11468526360930134,0.027637075869768123,370,61,1480,5625,7105
1202,openphenom,D20,std_all__tvn_efaar_e0.2_c150,0.24045662299990975,0.009239206730285202,0.0022216284495624175,370,96,1480,5817,7297
1203,openphenom,D20,std_all__tvn_efaar_e0.2_c150,0.2083841520485418,-0.007325742695058977,-0.0015265686796356642,370,41,1480,5625,7105
1204,openphenom,D20,std_all__tvn_efaar_e0.2_c150,0.23327460215496665,0.03198947286623573,0.00746233155601824,370,73,1480,5657,7137
1205,openphenom,D20,std_all__tvn_efaar_e0.2_c150,0.23986582650001145,-0.012633308535166986,-0.003030298993217478,370,84,1480,5849,7329
1206,openphenom,D20,std_all__tvn_efaar_e0.2_c150,0.23281216486122605,-0.003484434404268704,-0.0008112187169747334,370,46,1480,5625,7105
1207,openphenom,D20,std_all__tvn_efaar_e0.2_c150,0.22948439606628673,-0.045794646020043336,-0.010509156684979027,370,67,1480,5465,6945
1208,openphenom,D20,std_all__tvn_efaar_e0.2_c150,0.20373323606443797,0.003966246246992722,0.0008080561829282594,370,86,1480,5625,7105
1209,openphenom,D20,std_all__tvn_efaar_e0.2_c150,0.23634980729214114,-0.02721662048469813,-0.006432643006701744,370,60,1480,5753,7233
1210,openphenom,D20,std_all__tvn_efaar_e0.2_c150,0.22523542588977274,0.00052752100008567,0.00011881641712009471,370,67,1480,5753,7233
1211,openphenom,D20,std_all__tvn_efaar_e0.2_c150,0.21815967730137192,0.027478822382945238,0.005994771023685049,370,61,1480,5625,7105
1212,openphenom,D20,std_all__tvn_efaar_e0.2_c150,0.2170010051649725,0.036177039039210414,0.007850453835401111,370,63,1480,5791,7271
1213,openphenom,D20,std_all__tvn_efaar_e0.2_c150,0.22248657918425407,-0.04637594847468074,-0.010318026132556944,370,63,1480,5721,7201
1214,openphenom,D20,std_all__tvn_efaar_e0.2_c150,0.19900205935159979,0.15497904097450532,0.030841148310262523,370,64,1480,5817,7297
1215,openphenom,D20,std_all__tvn_efaar_e0.2_c150,0.21814784170595655,-0.009258981145647728,-0.0020198267533191967,370,88,1480,5616,7096
1216,openphenom,D20,std_all__tvn_efaar_e0.2_c150,0.20467661493541975,0.07123350821832611,0.01457983333210139,370,98,1480,5657,7137
1217,openphenom,D20,std_all__tvn_efaar_e0.2_c150,0.20804936724355733,0.02753430241778503,0.005728494195512926,370,88,1480,5721,7201
1218,openphenom,D20,std_all__tvn_efaar_e0.2_c150,0.2131661909406561,0.04970126034615758,0.010594628352940285,370,61,1480,5753,7233
1219,openphenom,D20,std_all__tvn_efaar_e0.2_c150,0.2223554722255636,0.07999323181581248,0.01778693283525396,370,68,1480,5849,7329
1220,openphenom,D20,std_all__tvn_efaar_e0.2_c150,0.21572084505216796,-0.0022058529703395976,-0.0004758484668224928,370,62,1480,5817,7297
1221,openphenom,D20,std_all__tvn_efaar_e0.2_c150,0.2332645686409146,-0.02235035724196074,-0.005213546441016314,370,63,1480,5849,7329
1222,openphenom,D20,std_all__tvn_efaar_e0.2_c150,0.20443869570714648,0.004421731646754961,0.0009039730506295973,370,69,1480,5785,7265
1223,openphenom,D20,std_all__tvn_efaar_e0.2_c150,0.21758718729704637,0.03256884924704579,0.0070865643011662205,370,77,1480,5561,7041
1224,openphenom,D20,std_all__tvn_efaar_e0.2_c150,0.231462524731501,0.03938156341470047,0.009115356095840282,370,70,1480,5305,6785
1225,openphenom,D20,std_all__tvn_efaar_e0.2_c150,0.22168683349992496,-0.05859413068409004,-0.012989547293036714,370,111,1480,5817,7297
1226,openphenom,D20,std_all__tvn_efaar_e0.2_c150,0.20299850304574868,0.01404780394691502,0.002851683172303909,370,43,1480,5593,7073
1227,openphenom,D20,std_all__tvn_efaar_e0.2_c150,0.17418840203424563,0.01467579237433885,0.002556352822272452,370,65,1480,5661,7141
1228,openphenom,D20,std_all__tvn_efaar_e0.2_c150,0.22476140539165307,-0.059688925486948416,-0.013415766778764186,370,55,1480,5689,7169
1229,openphenom,D20,std_all__tvn_efaar_e0.2_c150,0.25829572054892763,0.03370355118088451,0.008705483037324225,370,61,1480,5631,7111
1230,openphenom,D20,std_all__tvn_efaar_e0.2_c150,0.23414827162680274,0.060738264354909886,0.01422175962031399,370,98,1480,5817,7297
1231,openphenom,D20,std_all__tvn_efaar_e0.2_c150,0.1878491468204661,-0.007755757457951563,-0.0014569124214226681,370,61,1480,5561,7041
1232,openphenom,D20,std_all__tvn_efaar_e0.2_c150,0.20952412943244236,0.035628137358722015,0.007464954463385707,370,59,1480,5689,7169
1233,openphenom,D20,std_all__tvn_efaar_e0.2_c150,0.2346799689762924,-0.026127436821088736,-0.0061315860626031445,370,40,1480,5593,7073
1234,openphenom,D20,std_all__tvn_efaar_e0.2_c150,0.18774893212880991,0.06758675079229787,0.012689340287309923,370,71,1480,5433,6913
1235,openphenom,D20,std_all__tvn_efaar_e0.2_c150,0.18528600965320535,0.0432959431731729,0.008022132544729145,370,73,1480,5753,7233
1236,openphenom,D20,std_all__tvn_efaar_e0.2_c150,0.21559594102988028,-0.017746677875276694,-0.003826111716674435,370,56,1480,5561,7041
1237,openphenom,D20,std_all__tvn_efaar_e0.2_c150,0.1905313338046161,0.052204207662278276,0.00994653731610704,370,72,1480,5625,7105
1238,openphenom,D20,std_all__tvn_efaar_e0.2_c150,0.1909339459471478,-0.04937199942021911,-0.009426790668602728,370,75,1480,5721,7201
1239,openphenom,D20,std_all__tvn_efaar_e0.2_c150,0.21044480123130804,0.059230121443706964,0.012464671134127149,370,93,1480,5753,7233
1240,openphenom,D20,std_all__tvn_efaar_e0.2_c150,0.19612137442631278,-0.025517392980474046,-0.005004506183106916,370,104,1480,5785,7265
1241,openphenom,D20,std_all__tvn_efaar_e0.2_c150,0.18696911917420458,-0.014904660145136518,-0.002786711178927047,370,50,1480,5401,6881
1242,openphenom,D20,std_all__tvn_efaar_e0.2_c150,0.2109137650721392,0.02743084065091007,0.005785541880777332,370,69,1480,5657,7137
1243,openphenom,D20,std_all__tvn_efaar_e0.2_c150,0.23442662774600764,0.09475661308021528,0.022213473261028106,370,66,1480,5785,7265
1244,openphenom,D20,std_all__tvn_efaar_e0.2_c150,0.21938909603901385,-0.0100759768694623,-0.0022105594571013468,370,68,1480,5721,7201
1245,openphenom,D20,std_all__tvn_efaar_e0.2_c150,0.22026462085390375,-0.020859652022939247,-0.004594643343977079,370,75,1480,5593,7073
1246,openphenom,D20,std_all__tvn_efaar_e0.2_c150,0.2393041812405092,-0.00018732956846884347,-4.4828749004574494e-05,370,61,1480,5561,7041
1247,openphenom,D20,std_all__tvn_efaar_e0.2_c150,0.21145565640008945,-0.0029782856823666833,-0.0006297753539118353,370,48,1480,5785,7265
1248,openphenom,D20,std_all__tvn_efaar_e0.2_c150,0.22567862812543235,-0.016636122995437676,-0.003754417414936333,370,71,1480,5785,7265
1249,openphenom,D20,std_all__tvn_efaar_e0.2_c150,0.2156891565653269,0.03882431875642637,0.008373984566797004,370,61,1480,5657,7137
1250,openphenom,D20,std_all__tvn_efaar_e0.2_c150,0.23201300864569718,0.05571876415893344,0.012927478110534187,370,67,1480,5561,7041
1251,openphenom,D20,std_all__tvn_efaar_e0.2_c150,0.22268282327183545,-0.034493054155757395,-0.007681010682672373,370,56,1480,5561,7041
1252,openphenom,D20,std_all__tvn_efaar_e0.2_c150,0.20254116968495545,0.03352916295748237,0.006791035883965959,370,62,1480,5753,7233
1253,openphenom,D20,std_all__tvn_efaar_e0.2_c150,0.19600165995604754,0.0446983087113802,0.00876094270465838,370,81,1480,5849,7329
1254,openphenom,D20,std_all__tvn_efaar_e0.2_c150,0.21211152225928606,0.0018564213265788907,0.0003937683535352517,370,77,1480,5689,7169
1255,openphenom,D20,std_all__tvn_efaar_e0.2_c150,0.22282985101844016,-0.015008920757961598,-0.003344435576444157,370,101,1480,5657,7137
1256,openphenom,D20,std_all__tvn_efaar_e0.2_c150,0.2045037158758175,0.025355364905724223,0.0051852663406079,370,100,1480,5625,7105
1257,openphenom,D20,std_all__tvn_efaar_e0.2_c150,0.23416762832851448,0.051575987223562235,0.012077426606843333,370,78,1480,5625,7105
1258,openphenom,D20,std_all__tvn_efaar_e0.2_c150,0.2177357682215874,0.14825805267481107,0.03228108099418656,370,70,1480,5849,7329
1259,openphenom,D20,std_all__tvn_efaar_e0.2_c150,0.21033102416661473,0.022360185509926633,0.004703040718858367,370,66,1480,5657,7137
1260,openphenom,D20,std_all__tvn_efaar_e0.2_c150,0.18446816874554725,-0.0006731100917920835,-0.00012416738599703285,370,63,1480,5785,7265
1261,openphenom,D20,std_all__tvn_efaar_e0.2_c150,0.18566721398479474,-0.0009580649964507169,-0.00017788125870735687,370,64,1480,5369,6849
1262,openphenom,D20,std_all__tvn_efaar_e0.2_c150,0.2088870156583099,0.028545436883528886,0.005962771121262995,370,79,1480,5689,7169
1263,openphenom,D20,std_all__tvn_efaar_e0.2_c150,0.20648583923387792,0.009581723779887152,0.0019784902759972037,370,83,1480,5817,7297
1264,openphenom,D20,std_all__tvn_efaar_e0.2_c150,0.23108261728245919,0.028110555808071445,0.006495860809393784,370,71,1480,5753,7233
1265,openphenom,D20,std_all__tvn_efaar_e0.2_c150,0.2157221732899093,0.021946772243548945,0.004734405405077037,370,56,1480,5849,7329
1266,openphenom,D20,std_all__tvn_efaar_e0.2_c150,0.19481795871696142,0.01614366522124433,0.0031450759046128237,370,80,1480,5628,7108
1267,openphenom,D20,std_all__tvn_efaar_e0.2_c150,0.23869461053424007,0.03698540568142342,0.008828217004578233,370,52,1480,5599,7079
1268,openphenom,D20,std_all__tvn_efaar_e0.2_c150,0.16957871163679603,0.035380437573862736,0.005999769020921732,370,79,1480,5753,7233
1269,openphenom,D20,std_all__tvn_efaar_e0.2_c150,0.20151712696981267,0.06767209814952031,0.01363708679511051,370,84,1480,5561,7041
1270,openphenom,D20,std_all__tvn_efaar_e0.2_c150,0.22854164121156573,0.05473572990536055,0.012509393545484079,370,68,1480,5631,7111
1271,openphenom,D20,std_all__tvn_efaar_e0.2_c150,0.2503394606832167,0.0488744246726601,0.01223519711375623,370,60,1480,5689,7169
1272,openphenom,D20,std_all__tvn_efaar_e0.2_c150,0.21200683744180204,0.011923334709198116,0.0025278284834571608,370,59,1480,5657,7137
1273,openphenom,D20,std_all__tvn_efaar_e0.2_c150,0.219379724215094,-0.013606001283935219,-0.0029848808093399233,370,61,1480,5753,7233
1274,openphenom,D20,std_all__tvn_efaar_e0.2_c150,0.21359918151451263,0.01729135436484192,0.003693419139607629,370,85,1480,5785,7265
1275,openphenom,D20,std_all__tvn_efaar_e0.2_c150,0.25192105418059735,-0.03730671358227632,-0.00939834661366066,370,57,1480,5785,7265
1276,openphenom,D20,std_all__tvn_efaar_e0.2_c150,0.2480188518311713,-0.002797046987349747,-0.000693720382320321,370,72,1480,5689,7169
1277,openphenom,D20,std_all__tvn_efaar_e0.2_c150,0.20720877164121557,0.07883498622204314,0.016335300657421715,370,62,1480,5721,7201
1278,openphenom,D20,std_all__tvn_efaar_e0.2_c150,0.19075699852560754,0.015489634092052403,0.0029547561076598405,370,70,1480,5465,6945
1279,openphenom,D20,std_all__tvn_efaar_e0.2_c150,0.2055108013031608,0.00946050481574216,0.0019442359254155828,370,57,1480,5593,7073
1280,openphenom,D20,std_all__tvn_efaar_e0.2_c150,0.2136649090351991,0.034747279521574,0.007424274318197745,370,54,1480,5881,7361
1281,openphenom,D20,std_all__tvn_efaar_e0.2_c150,0.21470291817584444,0.06004913554043611,0.012892724634468446,370,88,1480,5881,7361
1282,openphenom,D20,std_all__tvn_efaar_e0.2_c150,0.2319401117986162,0.02964048737828168,0.006874817956284126,370,59,1480,5593,7073
1283,openphenom,D20,std_all__tvn_efaar_e0.2_c150,0.21572286472686655,0.04118829507524179,0.008885257006846649,370,78,1480,5657,7137
1284,openphenom,D20,std_all__tvn_efaar_e0.2_c150,0.1973105339758038,0.02325649940637004,0.004588752316278837,370,75,1480,5669,7149
1285,openphenom,D20,std_all__tvn_efaar_e0.2_c150,0.20342492529896583,0.06112993190358355,0.012435351831017351,370,75,1480,5657,7137
1286,openphenom,D20,std_all__tvn_efaar_e0.2_c150,0.19918375491433143,-0.023619244964857698,-0.004704569900341773,370,83,1480,5625,7105
1287,openphenom,D20,std_all__tvn_efaar_e0.2_c150,0.2143951877779961,-0.032495119624925545,-0.006966797273854359,370,94,1480,5502,6982
1288,openphenom,D20,std_all__tvn_efaar_e0.2_c150,0.2054141166077183,0.01176867795166068,0.0024174525850811104,370,56,1480,5561,7041
1289,openphenom,D20,std_all__tvn_efaar_e0.2_c150,0.20218710597043557,0.05033520451649183,0.010177129329619481,370,57,1480,5913,7393
1290,openphenom,D20,std_all__tvn_efaar_e0.2_c150,0.2126512593598003,0.024547838316739633,0.005220128732615443,370,49,1480,5433,6913
1291,openphenom,D20,std_all__tvn_efaar_e0.2_c150,0.21016489209743366,0.05794761543894342,0.012178554346029125,370,62,1480,5561,7041
1292,openphenom,D20,std_all__tvn_efaar_e0.2_c150,0.18207975630119702,-0.03821291372587754,-0.006957798018766449,370,94,1480,5593,7073
1293,openphenom,D20,std_all__tvn_efaar_e0.2_c150,0.2146797723800801,0.005694855702688761,0.0012225703259906243,370,61,1480,5561,7041
1294,openphenom,D20,std_all__tvn_efaar_e0.2_c150,0.20059256970805356,-0.009089176061041154,-0.0018232211826131692,370,49,1480,5881,7361
1295,openphenom,D20,std_all__tvn_efaar_e0.2_c150,0.22347280734478892,0.05548083513068475,0.012398457980487509,370,68,1480,5785,7265
1296,openphenom,D20,std_all__tvn_efaar_e0.2_c150,0.21146211882138521,0.013104358688990531,0.0027710754541693675,370,89,1480,5721,7201
1297,openphenom,D20,std_all__tvn_efaar_e0.2_c150,0.20657353106526727,5.255449028538492e-05,1.085636663158725e-05,370,89,1480,5593,7073
1298,openphenom,D20,std_all__tvn_efaar_e0.2_c150,0.25462555185525393,0.015418591952427226,0.00392596748471776,370,72,1480,5849,7329
1299,openphenom,D20,std_all__tvn_efaar_e0.2_c150,0.20685720535881616,-0.008273831697260871,-0.0017115017025045745,370,52,1480,5753,7233
1300,openphenom,D20,std_all__tvn_efaar_e0.2_c150,0.210676987329582,-0.03526218674794386,-0.007428931270709923,370,70,1480,5753,7233
1301,openphenom,D20,std_all__tvn_efaar_e0.2_c150,0.23274601795102137,0.005797913857195344,0.0013494413626852632,370,59,1480,5689,7169
1302,openphenom,D20,std_all__tvn_efaar_e0.2_c150,0.22709570056467646,-0.00040583452540380655,-9.216327585991043e-05,370,89,1480,5785,7265
1303,openphenom,D20,std_all__tvn_efaar_e0.2_c150,0.21250799482974717,0.012037507188344442,0.002558066515343745,370,54,1480,5689,7169
1304,openphenom,D20,std_all__tvn_efaar_e0.2_c150,0.21964387262907645,0.008719563785959296,0.001915198757584351,370,78,1480,5465,6945
1305,openphenom,D20,std_all__tvn_efaar_e0.2_c150,0.21224171365722092,-0.008100825431181444,-0.0017193330715519451,370,92,1480,5785,7265
1306,openphenom,D20,std_all__tvn_efaar_e0.2_c150,0.22943818253665565,-0.02189725708400048,-0.0050240668678909785,370,75,1480,5817,7297
1307,openphenom,D20,std_all__tvn_efaar_e0.2_c150,0.19622708815213882,0.09211633472571773,0.01807572013447534,370,91,1480,5593,7073
1308,openphenom,D20,std_all__tvn_efaar_e0.2_c150,0.21307699148484868,-0.03307969782906539,-0.007048522492645134,370,57,1480,5817,7297
1309,openphenom,D20,std_all__tvn_efaar_e0.2_c150,0.18202550950847493,-0.05754885552847465,-0.010475359749200212,370,97,1480,5721,7201
1310,openphenom,D20,std_all__tvn_efaar_e0.2_c150,0.2021725380931453,0.011068496854808634,0.0022377461020126575,370,63,1480,5945,7425
1311,openphenom,D20,std_all__tvn_efaar_e0.2_c150,0.21142245031721552,0.018574547927016655,0.003927076436264417,370,68,1480,5561,7041
1312,openphenom,D20,std_all__tvn_efaar_e0.2_c150,0.19590149149644107,0.02523460862987058,0.00494349746792061,370,67,1480,6009,7489
1313,openphenom,D20,std_all__tvn_efaar_e0.2_c150,0.20874324152256507,0.03081939463902652,0.00643334033871356,370,81,1480,5497,6977
1314,openphenom,D20,std_all__tvn_efaar_e0.2_c150,0.2187859261648059,0.0026932016946858667,0.0005892346271204722,370,51,1480,5785,7265
1315,openphenom,D20,std_all__tvn_efaar_e0.2_c150,0.22511520081396644,0.0066064116486817745,0.0014872036849527248,370,56,1480,5369,6849
1316,openphenom,D20,std_all__tvn_efaar_e0.2_c150,0.20906561836533982,0.02774744482246598,0.005801036709866997,370,71,1480,5849,7329
1317,openphenom,D20,std_all__tvn_efaar_e0.2_c150,0.2150723610721571,0.0397613081925143,0.008551558432281753,370,78,1480,5689,7169
1318,openphenom,D20,std_all__tvn_efaar_e0.2_c150,0.23124544062508398,0.07827570729632312,0.01810090042397834,370,55,1480,5913,7393
1319,openphenom,D20,std_all__tvn_efaar_e0.2_c150,0.21675695363464695,-0.01662016723025375,-0.00360253681772819,370,71,1480,5689,7169
1320,openphenom,D20,std_all__tvn_efaar_e0.2_c150,0.24116985152126688,0.039350490600846416,0.009490151975495138,370,62,1480,5689,7169
1321,openphenom,D20,std_all__tvn_efaar_e0.2_c150,0.20462824503750643,-0.0032784594873666822,-0.0006708654113264072,370,75,1480,5721,7201
1322,openphenom,D20,std_all__tvn_efaar_e0.2_c150,0.19774563875931897,0.008235126894027467,0.001628460427923508,370,65,1480,5689,7169
1323,openphenom,D20,std_all__tvn_efaar_e0.2_c150,0.22181885161672052,0.03081433949184798,0.006835201399409478,370,85,1480,5657,7137
1324,openphenom,D20,std_all__tvn_efaar_e0.2_c150,0.23665785758285132,0.05740109286923933,0.013584419661348462,370,85,1480,5593,7073
1325,openphenom,D20,std_all__tvn_efaar_e0.2_c150,0.2408585682090097,0.03081976791665582,0.007423205172939694,370,60,1480,5465,6945
1326,openphenom,D20,std_all__tvn_efaar_e0.2_c150,0.22068609900344838,0.01226387969841674,0.0027064677692911774,370,93,1480,5593,7073
1327,openphenom,D20,std_all__tvn_efaar_e0.2_c150,0.19752098535082394,-0.012057991313301797,-0.0023817063255550464,370,72,1480,5881,7361
1328,openphenom,D20,std_all__tvn_efaar_e0.2_c150,0.2275897970367037,-0.0060318855434729635,-0.001372795606587639,370,64,1480,5817,7297
1329,openphenom,D20,std_all__tvn_efaar_e0.2_c150,0.22712423070306417,-0.04433590362830744,-0.010069758004104519,370,63,1480,5823,7303
1330,openphenom,D20,std_all__tvn_efaar_e0.2_c150,0.21394749665059093,-0.024075408471755627,-0.005150873373372546,370,114,1480,5849,7329
1331,openphenom,D20,std_all__tvn_efaar_e0.2_c150,0.23549058144115692,0.033671138982613216,0.007929236096801592,370,78,1480,5721,7201
1332,openphenom,D20,std_all__tvn_efaar_e0.2_c150,0.20203907817660793,-0.025154748836509786,-0.0050822422666925385,370,74,1480,5977,7457
1333,openphenom,D20,std_all__tvn_efaar_e0.2_c150,0.26138434263147386,-0.0234786652636972,-0.006136955485815912,370,78,1480,5561,7041
1334,openphenom,D20,std_all__tvn_efaar_e0.2_c150,0.16935336076687738,-0.0010488804628977903,-0.0001776314314344588,370,93,1480,5791,7271
1335,openphenom,D20,std_all__tvn_efaar_e0.2_c150,0.2266712787452136,-0.00020208877074111934,-4.580772008393783e-05,370,62,1480,5657,7137
1336,openphenom,D20,std_all__tvn_efaar_e0.2_c150,0.22437961945026896,0.0027799408290732604,0.0006237620653217233,370,69,1480,5849,7329
1337,openphenom,D20,std_all__tvn_efaar_e0.2_c150,0.18968310705458744,0.051745235780541424,0.009815197098125308,370,64,1480,5657,7137
1338,openphenom,D20,std_all__tvn_efaar_e0.2_c150,0.20471444318820223,0.033159785436309666,0.006788287011834391,370,54,1480,5721,7201
1339,openphenom,D20,std_all__tvn_efaar_e0.2_c150,0.2090578277581221,-0.017477885214517763,-0.0036538887167528833,370,71,1480,5785,7265
1340,openphenom,D20,std_all__tvn_efaar_e0.2_c150,0.23392308161870312,-0.001021702389588143,-0.00023899977146965118,370,87,1480,5689,7169
1341,openphenom,D20,std_all__tvn_efaar_e0.2_c150,0.23032191145598532,0.009051328603721777,0.0020847193052254344,370,63,1480,5529,7009
1342,openphenom,D20,std_all__tvn_efaar_e0.2_c150,0.19464320869970125,0.008830115496273848,0.0017187220133836967,370,71,1480,5849,7329
1343,openphenom,D20,std_all__tvn_efaar_e0.2_c150,0.20743317302361944,-0.004098477483859254,-0.0008501601890427852,370,103,1480,5561,7041
1344,openphenom,D20,std_all__tvn_efaar_e0.2_c150,0.2195421607634824,0.053046964225307955,0.011646045147967259,370,53,1480,5785,7265
1345,openphenom,D20,std_all__tvn_efaar_e0.2_c150,0.2014204035522102,-0.021448182140078962,-0.004320101502116012,370,50,1480,5721,7201
1346,openphenom,D20,std_all__tvn_efaar_e0.2_c150,0.25569748809286535,-0.03151918457720251,-0.008059376323126064,370,86,1480,5529,7009
1347,openphenom,D20,std_all__tvn_efaar_e0.2_c150,0.22608025052114128,-0.012185307201006343,-0.002754857304680581,370,65,1480,5529,7009
1348,openphenom,D20,std_all__tvn_efaar_e0.2_c150,0.22278563317395925,0.012299969123183862,0.002740256409128665,370,72,1480,5657,7137
1349,openphenom,D20,std_all__tvn_efaar_e0.2_c150,0.2153939308135404,-0.01591427599229995,-0.0034278384620330424,370,83,1480,5913,7393
1350,openphenom,D20,std_all__tvn_efaar_e0.2_c150,0.22562652176643247,0.04307525543077012,0.009718920057045293,370,53,1480,5593,7073
1351,openphenom,D20,std_all__tvn_efaar_e0.2_c150,0.17782536398426926,0.0815575717110365,0.014503004875188208,370,66,1480,5689,7169
1352,openphenom,D20,std_all__tvn_efaar_e0.2_c150,0.18840685572888557,-0.026847625490466362,-0.005058276702445447,370,61,1480,5529,7009
1353,openphenom,D20,std_all__tvn_efaar_e0.2_c150,0.18809045860992418,0.0007180216361958255,0.00013505301884392097,370,95,1480,5689,7169
1354,openphenom,D20,std_all__tvn_efaar_e0.2_c150,0.18530768575385184,0.0005895340470183258,0.00010924518992606843,370,58,1480,5785,7265
1355,openphenom,D20,std_all__tvn_efaar_e0.2_c150,0.23209707085657916,0.033104696393987186,0.007683503064640784,370,92,1480,5849,7329
1356,openphenom,D20,std_all__tvn_efaar_e0.2_c150,0.2253419859767899,0.052412460791271896,0.011810728004635842,370,82,1480,5625,7105
1357,openphenom,D20,std_all__tvn_efaar_e0.2_c150,0.22442585165936618,0.03489910083987598,0.007832260428135267,370,88,1480,5721,7201
1358,openphenom,D20,std_all__tvn_efaar_e0.2_c150,0.2113574738916107,0.02035806194853055,0.004302828546770339,370,119,1480,5593,7073
1359,openphenom,D20,std_all__tvn_efaar_e0.2_c150,0.21897690575690315,0.013536084101726556,0.002964089812661291,370,92,1480,5433,6913
1360,openphenom,D20,std_all__tvn_efaar_e0.2_c150,0.18542147772000359,-0.008104052903640937,-0.0015026654649141883,370,74,1480,5593,7073
1361,openphenom,D20,std_all__tvn_efaar_e0.2_c150,0.22280196946000155,0.07284465108212854,0.016229931725724872,370,62,1480,5593,7073
1362,openphenom,D20,std_all__tvn_efaar_e0.2_c150,0.2076362986016394,-0.01663353215124583,-0.003453725048556049,370,71,1480,5689,7169
1363,openphenom,D20,std_all__tvn_efaar_e0.2_c150,0.21828754039817858,0.07658528039310715,0.01671761248771621,370,77,1480,5593,7073
1364,openphenom,D20,std_all__tvn_efaar_e0.2_c150,0.2222305017514202,-0.012328419004417855,-0.0027397507411535244,370,61,1480,5721,7201
1365,openphenom,D20,std_all__tvn_efaar_e0.2_c150,0.20435829470182204,-0.0001417208973768511,-2.8961840911545213e-05,370,76,1480,5502,6982
1366,openphenom,D20,std_all__tvn_efaar_e0.2_c150,0.19244922667826156,-0.0033016642811119538,-0.0006354027376512339,370,67,1480,5913,7393
1367,openphenom,D20,std_all__tvn_efaar_e0.2_c150,0.22801171409711882,0.04686738875367654,0.010686313644981817,370,81,1480,5529,7009
1368,openphenom,D20,std_all__tvn_efaar_e0.2_c150,0.23007983299810572,-0.005172096939221949,-0.0011899952000261997,370,77,1480,5598,7078
1369,openphenom,D20,std_all__tvn_efaar_e0.2_c150,0.22743952965600353,-0.039674609669135615,-0.009023574562433734,370,61,1480,5561,7041
1370,openphenom,D20,std_all__tvn_efaar_e0.2_c150,0.21480106740528018,0.02275927097702456,0.004888715699230889,370,100,1480,5753,7233
1371,openphenom,D20,std_all__tvn_efaar_e0.2_c150,0.20375144818348012,-0.0030399012628229308,-0.0006193842846349621,370,62,1480,5721,7201
1372,openphenom,D20,std_all__tvn_efaar_e0.2_c150,0.2361983610740221,0.008510555796998134,0.002010179331079977,370,61,1480,5561,7041
1373,openphenom,D20,std_all__tvn_efaar_e0.2_c150,0.18671398947933093,-0.06130312758374234,-0.011446151518720948,370,43,1480,5753,7233
1374,openphenom,D20,std_all__tvn_efaar_e0.2_c150,0.19763674242206142,0.008362346651385976,0.001652706951183958,370,57,1480,5817,7297
1375,openphenom,D20,std_all__tvn_efaar_e0.2_c150,0.21442671541926836,0.012158201032033208,0.0026070431127060397,370,66,1480,5849,7329
1376,openphenom,D20,std_all__tvn_efaar_e0.2_c150,0.20940148959589175,0.05246512208565961,0.010986274716567442,370,84,1480,5849,7329
1377,openphenom,D20,std_all__tvn_efaar_e0.2_c150,0.2524803182730118,0.008447326203086827,0.0021327836083113146,370,63,1480,5689,7169
1378,openphenom,D20,std_all__tvn_efaar_e0.2_c150,0.17751120423729574,-0.029460408031708272,-0.005229552507030635,370,61,1480,5689,7169
1379,openphenom,D20,std_all__tvn_efaar_e0.2_c150,0.2083788641807709,0.00033786578273122827,7.040408805108046e-05,370,75,1480,5401,6881
1380,openphenom,D20,std_all__tvn_efaar_e0.2_c150,0.23659537294966937,0.14848504501608922,0.03513087460303008,370,76,1480,5849,7329
1381,openphenom,D20,std_all__tvn_efaar_e0.2_c150,0.22687949426412501,0.014920211496160903,0.0033850900385627696,370,76,1480,5785,7265
1382,openphenom,D20,std_all__tvn_efaar_e0.2_c150,0.21687680484329128,0.07802359997391309,0.016921509064713375,370,79,1480,5817,7297
1383,openphenom,D20,std_all__tvn_efaar_e0.2_c150,0.18736940586146864,-0.01883396147979439,-0.003528908172486862,370,89,1480,5817,7297
1384,openphenom,D20,std_all__tvn_efaar_e0.2_c150,0.2096838030723727,0.047166659738134775,0.009890084592112661,370,75,1480,5689,7169
1385,openphenom,D20,std_all__tvn_efaar_e0.2_c150,0.20921684066748325,0.03964937913435996,0.008295317836918023,370,60,1480,5721,7201
1386,openphenom,D20,std_all__tvn_efaar_e0.2_c150,0.20811810500684935,0.02670756735129862,0.005558328306495068,370,70,1480,5785,7265
1387,openphenom,D20,std_all__tvn_efaar_e0.2_c150,0.21891902944419706,0.016749928433674826,0.0036668780759598527,370,79,1480,5657,7137
1388,openphenom,D20,std_all__tvn_efaar_e0.2_c150,0.19536865663670208,-0.03163427143915547,-0.006180345114748596,370,68,1480,5785,7265
1389,openphenom,D20,std_all__tvn_efaar_e0.2_c150,0.22251359930662046,0.010745539060522738,0.0023910285728467955,370,62,1480,5625,7105
1390,openphenom,D20,std_all__tvn_efaar_e0.2_c150,0.21039776707547553,0.06217539125768618,0.013081563487661214,370,82,1480,5689,7169
1391,openphenom,D20,std_all__tvn_efaar_e0.2_c150,0.24627220710685066,0.024850506571570428,0.006119989101103946,370,82,1480,5753,7233
1392,openphenom,D20,std_all__tvn_efaar_e0.2_c150,0.22843396646274278,-0.045956247681524634,-0.010497967941634899,370,65,1480,5561,7041
1393,openphenom,D20,std_all__tvn_efaar_e0.2_c150,0.19856826256241836,-0.028059171200607982,-0.005571660874246174,370,53,1480,5561,7041
1394,openphenom,D20,std_all__tvn_efaar_e0.2_c150,0.21156967448110817,0.08518817480003998,0.018023234412084203,370,62,1480,5753,7233
1395,openphenom,D20,std_all__tvn_efaar_e0.2_c150,0.22167107134296357,0.008983216914218807,0.0019913193174811144,370,75,1480,5721,7201
1396,openphenom,D20,std_all__tvn_efaar_e0.2_c150,0.19109208397422744,0.001278970403607345,0.0002444011197666863,370,111,1480,5849,7329
1397,openphenom,D20,std_all__tvn_efaar_e0.2_c150,0.19189785084857935,-0.059383203468209446,-0.011395509122053296,370,87,1480,5593,7073
1398,openphenom,D20,std_all__tvn_efaar_e0.2_c150,0.21025842738242734,-0.011666856462280885,-0.0024530548922556887,370,80,1480,5849,7329
1399,openphenom,D20,std_all__tvn_efaar_e0.2_c150,0.2094363854431072,-0.012380875077222415,-0.0025930057247961135,370,52,1480,5689,7169
1400,openphenom,D20,std_all__tvn_efaar_e0.2_c150,0.21176730364419288,0.0013344758053612257,0.00028259834307975954,370,57,1480,5497,6977
1401,openphenom,D20,std_all__tvn_efaar_e0.2_c150,0.1816678506710332,0.030995278584656616,0.0056308456414244715,370,71,1480,5721,7201
1402,openphenom,D20,std_all__tvn_efaar_e0.2_c150,0.20918476252646248,0.06279062250975503,0.013134841458591857,370,68,1480,5689,7169
1403,openphenom,D20,std_all__tvn_efaar_e0.2_c150,0.19057106632391535,0.04270559108042921,0.008138450030190484,370,68,1480,5785,7265
1404,openphenom,D20,std_all__tvn_efaar_e0.2_c150,0.2115396671988642,0.045355951748879575,0.009594582938445728,370,59,1480,5817,7297
1405,openphenom,D20,std_all__tvn_efaar_e0.2_c150,0.19883849491119324,0.027671159009569454,0.0055020916099110945,370,58,1480,5817,7297
1406,openphenom,D20,std_all__tvn_efaar_e0.2_c150,0.19708220525315012,-0.0009975910717804212,-0.00019660744836733898,370,58,1480,5657,7137
1407,openphenom,D20,std_all__tvn_efaar_e0.2_c150,0.2262289263497994,0.08589174911065064,0.019431198183608833,370,80,1480,5753,7233
1408,openphenom,D20,std_all__tvn_efaar_e0.2_c150,0.21518913022238118,-0.041554006121586065,-0.008941970434559608,370,66,1480,5849,7329
1409,openphenom,D20,std_all__tvn_efaar_e0.2_c150,0.2014036855826644,0.009536995108442536,0.0019207859642241688,370,65,1480,5849,7329
1410,openphenom,D20,std_all__tvn_efaar_e0.2_c150,0.23765658183082247,-0.00803848662641393,-0.0019103992547263144,370,69,1480,6041,7521
1411,openphenom,D20,std_all__tvn_efaar_e0.2_c150,0.20671181157046944,0.022605611737846358,0.004672846953988888,370,58,1480,5817,7297
1412,openphenom,D20,std_all__tvn_efaar_e0.2_c150,0.20975388950614884,-0.004384645271055354,-0.0009196963997086027,370,65,1480,5689,7169
1413,openphenom,D20,std_all__tvn_efaar_e0.2_c150,0.19471649964123577,0.06637479650371371,0.012924268039602468,370,75,1480,5721,7201
1414,openphenom,D20,std_all__tvn_efaar_e0.2_c150,0.20044639238345965,0.0031609185922279364,0.0006335947284298938,370,94,1480,5631,7111
1415,openphenom,D20,std_all__tvn_efaar_e0.2_c150,0.20099416415193477,0.037252663817430885,0.007487568026417544,370,58,1480,5785,7265
1416,openphenom,D20,std_all__tvn_efaar_e0.2_c150,0.22214254155631766,0.03921548139364859,0.008711426705139583,370,70,1480,5849,7329
1417,openphenom,D20,std_all__tvn_efaar_e0.2_c150,0.23320657225499808,0.021239817089736716,0.004953264938820629,370,57,1480,5753,7233
1418,openphenom,D20,std_all__tvn_efaar_e0.2_c150,0.2000631902275364,0.006278364164730938,0.0012560695642063135,370,92,1480,5817,7297
1419,openphenom,D20,std_all__tvn_efaar_e0.2_c150,0.21090319242556024,0.006604442848401369,0.0013928980809200092,370,61,1480,5849,7329
1420,openphenom,D20,std_all__tvn_efaar_e0.2_c150,0.22993451854963537,0.021960665601007155,0.005049515071997119,370,63,1480,5785,7265
1421,openphenom,D20,std_all__tvn_efaar_e0.2_c150,0.21879325633514687,-0.0035998790474094594,-0.0007876292591953823,370,103,1480,5657,7137
1422,openphenom,D20,std_all__tvn_efaar_e0.2_c150,0.1913552228904693,0.06829818046253726,0.013069213545422313,370,73,1480,5817,7297
1423,openphenom,D20,std_all__tvn_efaar_e0.2_c150,0.1958007447148061,0.016797546036341083,0.0032889720232968235,370,71,1480,5823,7303
1424,openphenom,D20,std_all__tvn_efaar_e0.2_c150,0.22373838468453638,0.062034128039480295,0.013879415602867026,370,44,1480,5721,7201
1425,openphenom,D20,std_all__tvn_efaar_e0.2_c150,0.23807970519619132,0.0056922595848083735,0.001355211483851372,370,86,1480,5497,6977
1426,openphenom,D20,std_all__tvn_efaar_e0.2_c150,0.2084038221059458,-0.006575698437167716,-0.0013704006873218465,370,63,1480,5497,6977
1427,openphenom,D20,std_all__tvn_efaar_e0.2_c150,0.2004922302839054,0.005941600863097422,0.0011912448084991792,370,73,1480,5721,7201
1428,openphenom,D20,std_all__tvn_efaar_e0.2_c150,0.20226066182369193,0.07035796509394283,0.014230648584469093,370,94,1480,5657,7137
1429,openphenom,D20,std_all__tvn_efaar_e0.2_c150,0.22459017120948946,0.04806392990429668,0.010794686246206891,370,69,1480,5817,7297
1430,openphenom,D20,std_all__tvn_efaar_e0.2_c150,0.20076979189203062,0.061278298145821405,0.012302831166234368,370,77,1480,5567,7047
1431,openphenom,D20,std_all__tvn_efaar_e0.2_c150,0.17908282636067338,0.04735473079106608,0.00848041903161292,370,64,1480,5529,7009
1432,openphenom,D20,std_all__tvn_efaar_e0.2_c150,0.21504071674483904,-0.008823143202826532,-0.0018973350382781723,370,59,1480,5752,7232
1433,openphenom,D20,std_all__tvn_efaar_e0.2_c150,0.20813770813833876,-0.0009627842447252158,-0.0002003917061288079,370,65,1480,5721,7201
1434,openphenom,D20,std_all__tvn_efaar_e0.2_c150,0.21771674361530677,0.027971292627891945,0.006089818745655471,370,63,1480,5625,7105
1435,openphenom,D20,std_all__tvn_efaar_e0.2_c150,0.2230290174084578,0.003148974661656481,0.0007023127246333758,370,88,1480,5785,7265
1436,openphenom,D20,std_all__tvn_efaar_e0.2_c150,0.18043716852873667,0.03890451638565221,0.007019820779606925,370,92,1480,5721,7201
1437,openphenom,D20,std_all__tvn_efaar_e0.2_c150,0.21448350808737143,-0.010024434334204838,-0.0021500758425917472,370,52,1480,5753,7233
1438,openphenom,D20,std_all__tvn_efaar_e0.2_c150,0.19626630654409896,-0.02752126348098121,-0.005401496734839174,370,64,1480,5689,7169
1439,openphenom,D20,std_all__tvn_efaar_e0.2_c150,0.19304734956478065,0.03181819254593127,0.006142417738933891,370,58,1480,5721,7201
1440,openphenom,D20,std_all__tvn_efaar_e0.2_c150,0.20858875598184906,0.05300964142418456,0.011057215159714551,370,81,1480,5657,7137
1441,openphenom,D20,std_all__tvn_efaar_e0.2_c150,0.26158038964567215,0.052940396144877756,0.013848169451573362,370,76,1480,5593,7073
1442,openphenom,D20,std_all__tvn_efaar_e0.2_c150,0.22609798314109317,-0.009326915798097257,-0.002108796850876589,370,57,1480,5785,7265
1443,openphenom,D20,std_all__tvn_efaar_e0.2_c150,0.21380087387275754,0.04273163790299858,0.009136061525675344,370,62,1480,5657,7137
1444,openphenom,D20,std_all__tvn_efaar_e0.2_c150,0.2011753139623125,0.06084091212973821,0.01223968959945355,370,82,1480,5721,7201
1445,openphenom,D20,std_all__tvn_efaar_e0.2_c150,0.22758443845664791,0.015336723824122961,0.0034903996792777178,370,85,1480,5817,7297
1446,openphenom,D20,std_all__tvn_efaar_e0.2_c150,0.21692654983969237,0.028538662302533952,0.006190793550328781,370,87,1480,5657,7137
1447,openphenom,D20,std_all__tvn_efaar_e0.2_c150,0.23722877562921382,-9.39640150019713e-05,-2.229096823212273e-05,370,55,1480,5721,7201
1448,openphenom,D20,std_all__tvn_efaar_e0.2_c150,0.22108478112403318,-0.028481979655527175,-0.006296932238121391,370,68,1480,5657,7137
1449,openphenom,D20,std_all__tvn_efaar_e0.2_c150,0.2223675212197135,0.04344636598621203,0.009661060710358443,370,74,1480,5625,7105
1450,openphenom,D20,std_all__tvn_efaar_e0.2_c150,0.226109420021474,-0.02672717918614076,-0.006043266984588298,370,83,1480,5881,7361
1451,openphenom,D20,std_all__tvn_efaar_e0.2_c150,0.21532851807577932,0.07290842369800418,0.01569926283013227,370,70,1480,5689,7169
1452,openphenom,D20,std_all__tvn_efaar_e0.2_c150,0.20726550708343766,0.03723494010427261,0.0077175187419334925,370,63,1480,5913,7393
1453,openphenom,D20,std_all__tvn_efaar_e0.2_c150,0.20130757831984822,0.0029566826587130645,0.0005952026258858173,370,56,1480,5657,7137
1454,openphenom,D20,std_all__tvn_efaar_e0.2_c150,0.2187804672851466,0.03875149414312801,0.008478069996631168,370,79,1480,5785,7265
1455,openphenom,D20,std_all__tvn_efaar_e0.2_c150,0.25951372494294067,0.012785406153975313,0.0033179883759265304,370,81,1480,5657,7137
1456,openphenom,D20,std_all__tvn_efaar_e0.2_c150,0.18994234966651785,0.0058229656263567055,0.0011060277730975596,370,79,1480,5753,7233
1457,openphenom,D20,std_all__tvn_efaar_e0.2_c150,0.21971337865771526,-0.01752687249951571,-0.003850888374171591,370,76,1480,5887,7367
1458,openphenom,D20,std_all__tvn_efaar_e0.2_c150,0.19998360717135702,-0.013137622427808979,-0.0026273091227685605,370,85,1480,5721,7201
1459,openphenom,D20,std_all__tvn_efaar_e0.2_c150,0.2234935637042784,0.06966972985095943,0.015570736206705267,370,85,1480,5817,7297
1460,openphenom,D20,std_all__tvn_efaar_e0.2_c150,0.2177946377627341,-0.01991822696406475,-0.004338083026514405,370,40,1480,5657,7137
1461,openphenom,D20,std_all__tvn_efaar_e0.2_c150,0.22176765895108697,-0.027592802386101418,-0.0061191911890656776,370,81,1480,5785,7265
1462,openphenom,D20,std_all__tvn_efaar_e0.2_c150,0.22398470831475747,-0.014838541216510338,-0.0033236063261965743,370,75,1480,5817,7297
1463,openphenom,D20,std_all__tvn_efaar_e0.2_c150,0.2143701727429088,0.02858957533028857,0.006128752202200364,370,79,1480,5849,7329
1464,openphenom,D20,std_all__tvn_efaar_e0.2_c150,0.22191289136005984,0.033273833111650074,0.007383892512438365,370,94,1480,5721,7201
1465,openphenom,D20,std_all__tvn_efaar_e0.2_c150,0.2275436302867679,-0.014613759479481944,-0.0033252678840989896,370,78,1480,5561,7041
1466,openphenom,D20,std_all__tvn_efaar_e0.2_c150,0.21177849166628002,-0.013399271668299614,-0.002837677543339212,370,57,1480,5625,7105
1467,openphenom,D20,std_all__tvn_efaar_e0.2_c150,0.1985555678432813,-0.014056535781985614,-0.0027910034441015557,370,75,1480,5657,7137
1468,openphenom,D20,std_all__tvn_efaar_e0.2_c150,0.22665126568215857,-0.014700419717757193,-0.003331868735088628,370,90,1480,5785,7265
1469,openphenom,D20,std_all__tvn_efaar_e0.2_c150,0.23979649541899883,0.021957595144070377,0.005265354363377303,370,70,1480,5881,7361
1470,openphenom,D20,std_all__tvn_efaar_e0.2_c150,0.18823466540198072,0.03762357997003139,0.007082061986883523,370,102,1480,5689,7169
1471,openphenom,D20,std_all__tvn_efaar_e0.2_c150,0.20789365068802643,-0.02608766619330176,-0.005423460162856112,370,67,1480,5881,7361
1472,openphenom,D20,std_all__tvn_efaar_e0.2_c150,0.25066139714481916,-0.027579228148983417,-0.006913047859999908,370,67,1480,5657,7137
1473,openphenom,D20,std_all__tvn_efaar_e0.2_c150,0.23701689304365176,0.04642358351832229,0.011003173529465228,370,82,1480,5497,6977
1474,openphenom,D20,std_all__tvn_efaar_e0.2_c150,0.18499511433229293,0.00015688989081032176,2.9023863288036427e-05,370,84,1480,5593,7073
1475,openphenom,D20,std_all__tvn_efaar_e0.2_c150,0.19880460881070197,0.001293569325252855,0.00025716754367641757,370,84,1480,5593,7073
1476,openphenom,D20,std_all__tvn_efaar_e0.2_c150,0.22238567015664837,0.028672050133753537,0.0063762530837598,370,79,1480,5657,7137
1477,openphenom,D20,std_all__tvn_efaar_e0.2_c150,0.20540174585715132,-0.02104388987033231,-0.004322451718991878,370,58,1480,5689,7169
1478,openphenom,D20,std_all__tvn_efaar_e0.2_c150,0.21819353616918957,0.023662518668928666,0.005163008623043011,370,48,1480,5657,7137
1479,openphenom,D20,std_all__tvn_efaar_e0.2_c150,0.2297027153161091,0.07645274735162232,0.017561403660044116,370,84,1480,5497,6977
1480,openphenom,D20,std_all__tvn_efaar_e0.2_c150,0.20881970647033124,0.02446837120509204,0.005109478092854424,370,51,1480,5689,7169
1481,openphenom,D20,std_all__tvn_efaar_e0.2_c150,0.2503580113099893,-0.004283925425420184,-0.0010725150501084972,370,50,1480,6041,7521
1482,openphenom,D20,std_all__tvn_efaar_e0.2_c150,0.20224014954838165,0.0016308368338892193,0.00032982068517476494,370,70,1480,5689,7169
1483,openphenom,D20,std_all__tvn_efaar_e0.2_c150,0.21864986671001432,0.02715684354243547,0.005937840220818229,370,73,1480,5753,7233
1484,openphenom,D20,std_all__tvn_efaar_e0.2_c150,0.22072925174505842,0.04422648872728469,0.009762079764084811,370,67,1480,5753,7233
1485,openphenom,D20,std_all__tvn_efaar_e0.2_c150,0.23802343649076993,0.009899438818178187,0.002356298446832898,370,62,1480,5593,7073
1486,openphenom,D20,std_all__tvn_efaar_e0.2_c150,0.20043337573227274,-0.01985071272335665,-0.0039787453618339505,370,92,1480,5529,7009
1487,openphenom,D20,std_all__tvn_efaar_e0.2_c150,0.20473193998231437,0.03662154185426076,0.007497599308966328,370,86,1480,5753,7233
1488,openphenom,D20,std_all__tvn_efaar_e0.2_c150,0.1968306530053319,0.05817727978872058,0.01145107197088777,370,76,1480,5849,7329
1489,openphenom,D20,std_all__tvn_efaar_e0.2_c150,0.24197455535677945,0.007502765150959074,0.001815478261349662,370,61,1480,5785,7265
1490,openphenom,D20,std_all__tvn_efaar_e0.2_c150,0.24097944115147127,0.05379393799840438,0.012963233116192383,370,70,1480,5497,6977
1491,openphenom,D20,std_all__tvn_efaar_e0.2_c150,0.2358802600027912,0.0036926436106185546,0.0008710217349703503,370,102,1480,5625,7105
1492,openphenom,D20,std_all__tvn_efaar_e0.2_c150,0.23594305293050352,0.03356092014218145,0.00791846595750312,370,66,1480,5689,7169
1493,openphenom,D20,std_all__tvn_efaar_e0.2_c150,0.20379920766453366,0.05902653622026405,0.01202956131287171,370,62,1480,5477,6957
1494,openphenom,D20,std_all__tvn_efaar_e0.2_c150,0.2264786931699374,0.042654565767453106,0.009660350312743928,370,52,1480,5497,6977
1495,openphenom,D20,std_all__tvn_efaar_e0.2_c150,0.20580205802374293,0.014393545929187504,0.0029622213744860556,370,65,1480,5657,7137
1496,openphenom,D20,std_all__tvn_efaar_e0.2_c150,0.18599834218757044,-0.03738066443470288,-0.006952741614724611,370,97,1480,5785,7265
1497,openphenom,D20,std_all__tvn_efaar_e0.2_c150,0.22027053256947415,0.014908770260769432,0.003283962765295621,370,65,1480,5497,6977
1498,openphenom,D20,std_all__tvn_efaar_e0.2_c150,0.19022609324213144,0.009561538555109137,0.0018188541247224255,370,58,1480,5433,6913
1499,openphenom,D20,std_all__tvn_efaar_e0.2_c150,0.1932285468953671,0.029666481062321857,0.005732411027171379,370,70,1480,5657,7137
1500,openphenom,D20,std_all__tvn_efaar_e0.2_c150,0.2181495546531594,0.04232283270297457,0.009232707105814074,370,71,1480,5721,7201
1501,openphenom,D20,std_all__tvn_efaar_e0.2_c150,0.2128007919305672,-0.001988211199306086,-0.0004230929177375579,370,44,1480,5913,7393
1502,openphenom,D20,std_all__tvn_efaar_e0.2_c150,0.21407518886154747,0.06602981131265197,0.014135344327248315,370,72,1480,5945,7425
1503,openphenom,D20,std_all__tvn_efaar_e0.2_c150,0.2169630402216678,0.10201965991607106,0.022134495577771397,370,50,1480,5657,7137
1504,openphenom,D20,std_all__tvn_efaar_e0.2_c150,0.22340809738648024,-0.009423257046363471,-0.0021052319279118064,370,67,1480,5657,7137
1505,openphenom,D20,std_all__tvn_efaar_e0.2_c150,0.2086542328006754,-0.03676253334974058,-0.007670658191899364,370,83,1480,5529,7009
1506,openphenom,D20,std_all__tvn_efaar_e0.2_c150,0.19492034146284282,-0.026212930873289762,-0.005109433436563535,370,57,1480,5369,6849
1507,openphenom,D20,std_all__tvn_efaar_e0.2_c150,0.2190101288179145,0.055603732517490484,0.012177780621412454,370,74,1480,5497,6977
1508,openphenom,D20,std_all__tvn_efaar_e0.2_c150,0.19481048128306996,-0.0009914707437440706,-0.00019314889276686573,370,74,1480,5945,7425
1509,openphenom,D20,std_all__tvn_efaar_e0.2_c150,0.23747160805952355,0.001166656263636388,0.0002770477389784485,370,57,1480,5721,7201
1510,openphenom,D20,std_all__tvn_efaar_e0.2_c150,0.22122887885434703,0.016381092857726275,0.0036239708073237354,370,50,1480,5721,7201
1511,openphenom,D20,std_all__tvn_efaar_e0.2_c150,0.2415586938198399,-0.00684245662849793,-0.0016528548856988656,370,72,1480,5945,7425
1512,openphenom,D20,std_all__tvn_efaar_e0.2_c150,0.21903588763235682,0.024966150510906587,0.005468482937919443,370,58,1480,5311,6791
1513,openphenom,D20,std_all__tvn_efaar_e0.2_c150,0.21431896517223836,0.06268542420116333,0.01343467524617611,370,97,1480,5724,7204
1514,openphenom,D20,std_all__tvn_efaar_e0.2_c150,0.22164131823443217,0.01989258157875156,0.004409018004200477,370,59,1480,5753,7233
1515,openphenom,D20,std_all__tvn_efaar_e0.2_c150,0.23163320572481755,-0.017337037222117945,-0.004015833509529666,370,61,1480,5689,7169
1516,openphenom,D20,std_all__tvn_efaar_e0.2_c150,0.2116105271908218,0.0168693368626325,0.003569729266861227,370,99,1480,5593,7073
1517,openphenom,D20,std_all__tvn_efaar_e0.2_c150,0.22764170877275183,0.008225610988489816,0.001872492141119746,370,70,1480,5721,7201
1518,openphenom,D20,std_all__tvn_efaar_e0.2_c150,0.208196726181016,0.03167148884196578,0.006593900290175853,370,96,1480,5849,7329
1519,openphenom,D20,std_all__tvn_efaar_e0.2_c150,0.17818286352741097,0.04577614669704311,0.008156524899729976,370,96,1480,5913,7393
1520,openphenom,D20,std_all__tvn_efaar_e0.2_c150,0.21454243234015594,-0.0043774032276575935,-0.0009391387357953095,370,69,1480,5657,7137
1521,openphenom,D20,std_all__tvn_efaar_e0.2_c150,0.2182146594833451,-0.01891030322459231,-0.004126505378881214,370,57,1480,5849,7329
1522,openphenom,D20,std_all__tvn_efaar_e0.2_c150,0.21431783611145064,-0.006585726236512085,-0.0014114385962316776,370,47,1480,5785,7265
1523,openphenom,D20,std_all__tvn_efaar_e0.2_c150,0.2116737024824134,0.018306779816854624,0.0038750638643639365,370,77,1480,5497,6977
1524,openphenom,D20,std_all__tvn_efaar_e0.2_c150,0.19662238718518077,0.09571212392366929,0.018819146288435708,370,90,1480,5822,7302
1525,openphenom,D20,std_all__tvn_efaar_e0.2_c150,0.20022403426811555,-0.005460189376582305,-0.001093261144847216,370,51,1480,5625,7105
1526,openphenom,D20,std_all__tvn_efaar_e0.2_c150,0.19327162542899642,0.03608645613307771,0.006974488032812106,370,50,1480,5721,7201
1527,openphenom,D20,std_all__tvn_efaar_e0.2_c150,0.18754884413144768,0.006741048266242877,0.001264275810568151,370,59,1480,5753,7233
1528,openphenom,D20,std_all__tvn_efaar_e0.2_c150,0.2337175636243419,-0.0009402021956332846,-0.00021974176647766814,370,69,1480,5369,6849
1529,openphenom,D20,std_all__tvn_efaar_e0.2_c150,0.21008131639382507,-0.013793798897458437,-0.002897819430449761,370,96,1480,5817,7297
1530,openphenom,D20,std_all__tvn_efaar_e0.2_c150,0.24347903468027432,-0.09374537215160324,-0.022825032717215428,370,80,1480,5849,7329
1531,openphenom,D20,std_all__tvn_efaar_e0.2_c150,0.2090756602239922,0.08126071835498841,0.016989638340345083,370,47,1480,5625,7105
1532,openphenom,D20,std_all__tvn_efaar_e0.2_c150,0.20547232345568003,0.15862170016841867,0.032592369284095216,370,63,1480,5593,7073
1533,openphenom,D20,std_all__tvn_efaar_e0.2_c150,0.19706670202724946,0.046602849206484394,0.0091838697981951,370,65,1480,5849,7329
1534,openphenom,D20,std_all__tvn_efaar_e0.2_c150,0.21793693884484977,-0.007153110287545664,-0.0015589269592873052,370,84,1480,5689,7169
1535,openphenom,D20,std_all__tvn_efaar_e0.2_c150,0.23044638626752917,0.024136870116181,0.005562254494082628,370,86,1480,5913,7393
1536,openphenom,D20,std_all__tvn_efaar_e0.2_c150,0.22115909256536598,-0.025176546725141153,-0.005568022227661754,370,77,1480,5689,7169
1537,openphenom,D20,std_all__tvn_efaar_e0.2_c150,0.22099585605467595,0.007696498028409563,0.001700894170411497,370,66,1480,5657,7137
1538,openphenom,D20,std_all__tvn_efaar_e0.2_c150,0.20959932214051005,0.032955251577060446,0.006907398391521844,370,59,1480,5785,7265
1539,openphenom,D20,std_all__tvn_efaar_e0.2_c150,0.17898962665528959,-0.05425666066723356,-0.00971137943639087,370,66,1480,5689,7169
1540,openphenom,D20,std_all__tvn_efaar_e0.2_c150,0.22784981509906435,0.009567102807213351,0.0021798626056573015,370,92,1480,5753,7233
1541,openphenom,D20,std_all__tvn_efaar_e0.2_c150,0.22174305115161505,0.007616227737971833,0.0016888455768834375,370,75,1480,5849,7329
1542,openphenom,D20,std_all__tvn_efaar_e0.2_c150,0.20924720786716544,0.05226832535965589,0.010937001141400551,370,85,1480,5625,7105
1543,openphenom,D20,std_all__tvn_efaar_e0.2_c150,0.2016214864051665,0.05455581165841782,0.010999623838610513,370,64,1480,5817,7297
1544,openphenom,D20,std_all__tvn_efaar_e0.2_c150,0.21475336570821071,0.014049214713907717,0.0030171161453689988,370,60,1480,5497,6977
1545,openphenom,D20,std_all__tvn_efaar_e0.2_c150,0.21715535227868427,0.05056506610409276,0.01098047474282922,370,103,1480,5465,6945
1546,openphenom,D20,std_all__tvn_efaar_e0.2_c150,0.19885302261343293,0.006281032786732614,0.001249002354775854,370,57,1480,5529,7009
1547,openphenom,D20,std_all__tvn_efaar_e0.2_c150,0.21617649072689507,-0.005938744832236097,-0.0012838170171552827,370,79,1480,5529,7009
1548,openphenom,D20,std_all__tvn_efaar_e0.2_c150,0.23095729186766667,0.01658549342587284,0.0038305406459285805,370,63,1480,5849,7329
1549,openphenom,D20,std_all__tvn_efaar_e0.2_c150,0.24038667320343857,-0.002407523106445489,-0.0005787364702188391,370,68,1480,5689,7169
1550,openphenom,D20,std_all__tvn_efaar_e0.2_c150,0.2023744957538162,0.06330357201128486,0.012811028465199166,370,66,1480,5593,7073
1551,openphenom,D20,std_all__tvn_efaar_e0.2_c150,0.22212346008049505,0.010281075998844962,0.002283668174213975,370,64,1480,5625,7105
1552,openphenom,D20,std_all__tvn_efaar_e0.2_c150,0.2027459779996696,0.02479557460880544,0.005027203024126034,370,79,1480,5657,7137
1553,openphenom,D20,std_all__tvn_efaar_e0.2_c150,0.21638461342966483,0.003597065649522072,0.0007783496600529598,370,64,1480,5817,7297
1554,openphenom,D20,std_all__tvn_efaar_e0.2_c150,0.1925401458935782,-0.006727145142611005,-0.001295245507205599,370,80,1480,5625,7105
1555,openphenom,D20,std_all__tvn_efaar_e0.2_c150,0.18370215329335218,0.0672852453975431,0.012360444464400282,370,91,1480,5881,7361
1556,openphenom,D20,std_all__tvn_efaar_e0.2_c150,0.21821662045891851,0.019460554593832075,0.0042466164557223175,370,59,1480,5881,7361
1557,openphenom,D20,std_all__tvn_efaar_e0.2_c150,0.23482545108949543,-0.022771454877954223,-0.005347317163679691,370,114,1480,5785,7265
1558,openphenom,D20,std_all__tvn_efaar_e0.2_c150,0.23208830372154524,0.09013776655991868,0.02091992134214015,370,69,1480,5689,7169
1559,openphenom,D20,std_all__tvn_efaar_e0.2_c150,0.20549734855258192,0.06720461586839156,0.013810370371449238,370,52,1480,5593,7073
1560,openphenom,D20,std_all__tvn_efaar_e0.2_c150,0.2284360423504303,0.025570886854056323,0.005841312192331272,370,73,1480,5593,7073
1561,openphenom,D20,std_all__tvn_efaar_e0.2_c150,0.23705871472082357,-0.029212986141423914,-0.006925192947843184,370,90,1480,5721,7201
1562,openphenom,D20,std_all__tvn_efaar_e0.2_c150,0.24389102693203626,-0.005996617997016791,-0.0014625213214115556,370,106,1480,5849,7329
1563,openphenom,D20,std_all__tvn_efaar_e0.2_c150,0.2294881624434716,0.02074144102052502,0.004759915186229931,370,78,1480,5689,7169
1564,openphenom,D20,std_all__tvn_efaar_e0.2_c150,0.21647514437922008,0.0293073792947016,0.0063443191641970945,370,78,1480,5305,6785
1565,openphenom,D20,std_all__tvn_efaar_e0.2_c150,0.24553852997992473,0.0513149086875447,0.012599787245193795,370,84,1480,5785,7265
1566,openphenom,D20,std_all__tvn_efaar_e0.2_c150,0.19004460810323773,-0.007882060918463094,-0.0014979431782951647,370,76,1480,5625,7105
1567,openphenom,D20,std_all__tvn_efaar_e0.2_c150,0.19889857965133245,0.007171149663620705,0.0014263314825612888,370,70,1480,5689,7169
1568,openphenom,D20,std_all__tvn_efaar_e0.2_c150,0.20971244621770527,0.004624995987149798,0.0009699192222122547,370,94,1480,5753,7233
1569,openphenom,D20,std_all__tvn_efaar_e0.2_c150,0.22279784060409719,0.0067024124313720245,0.0014932830165477438,370,58,1480,5689,7169
1570,openphenom,D20,std_all__tvn_efaar_e0.2_c150,0.20337554081576673,-0.017462540986634197,-0.0035514537171742223,370,75,1480,5497,6977
1571,openphenom,D20,std_all__tvn_efaar_e0.2_c150,0.2236085979943044,0.025750885950773367,0.005758119504563663,370,55,1480,5497,6977
1572,openphenom,D20,std_all__tvn_efaar_e0.2_c150,0.18312278032856882,-0.01947141333275824,-0.0035656593464214537,370,96,1480,5753,7233
1573,openphenom,D20,std_all__tvn_efaar_e0.2_c150,0.20385015306972834,-0.027546120741868137,-0.005615280929707038,370,42,1480,5785,7265
1574,openphenom,D20,std_all__tvn_efaar_e0.2_c150,0.21726804438952377,-0.05338606280150956,-0.011599085462540282,370,81,1480,5689,7169
1575,openphenom,D20,std_all__tvn_efaar_e0.2_c150,0.21332427616472588,-0.023989216850438862,-0.005117482320378516,370,76,1480,5625,7105
1576,openphenom,D20,std_all__tvn_efaar_e0.2_c150,0.24545382880714536,0.02486763045683627,0.006103855108991644,370,60,1480,5593,7073
1577,openphenom,D20,std_all__tvn_efaar_e0.2_c150,0.21163851552102958,-0.0042101875959946276,-0.0008910378528813552,370,70,1480,5529,7009
1578,openphenom,D20,std_all__tvn_efaar_e0.2_c150,0.23891519573133974,0.0495161410008564,0.011830158519080224,370,67,1480,5689,7169
1579,openphenom,D20,std_all__tvn_efaar_e0.2_c150,0.19982421615808854,0.014525139041689361,0.002902474523592826,370,50,1480,5529,7009
1580,openphenom,D20,std_all__tvn_efaar_e0.2_c150,0.21945533582928992,0.051395490236181375,0.011279014569892174,370,53,1480,5625,7105
1581,openphenom,D20,std_all__tvn_efaar_e0.2_c150,0.19520944483694339,0.00471766782866683,0.00092093331775916,370,53,1480,5657,7137
1582,openphenom,D20,std_all__tvn_efaar_e0.2_c150,0.17915812620194274,0.07743988650403187,0.013873984959353464,370,58,1480,5721,7201
1583,openphenom,D20,std_all__tvn_efaar_e0.2_c150,0.19673416822342246,0.049893026727077176,0.009815663113300514,370,101,1480,5849,7329
1584,openphenom,D20,std_all__tvn_efaar_e0.2_c150,0.19120183603706153,-0.022796042599993186,-0.004358645199497767,370,82,1480,5628,7108
1585,openphenom,D20,std_all__tvn_efaar_e0.2_c150,0.2073592410560875,-0.05658696512625717,-0.011733830142247976,370,120,1480,5913,7393
1586,openphenom,D20,std_all__tvn_efaar_e0.2_c150,0.2106158344624488,0.019447855005078882,0.0040960262103994,370,69,1480,5849,7329
1587,openphenom,D20,std_all__tvn_efaar_e0.2_c150,0.22382329206005183,0.011650358676093021,0.0026076216325635272,370,57,1480,5785,7265
1588,openphenom,D20,std_all__tvn_efaar_e0.2_c150,0.1948503083566681,0.04346357989693181,0.008468891945201845,370,68,1480,5689,7169
1589,openphenom,D20,std_all__tvn_efaar_e0.2_c150,0.21975844562104407,-0.0281167463013929,-0.006178892463115344,370,80,1480,5625,7105
1590,openphenom,D20,std_all__tvn_efaar_e0.2_c150,0.21695909639133565,-0.008531392066762348,-0.0018509631137649685,370,100,1480,5689,7169
1591,openphenom,D20,std_all__tvn_efaar_e0.2_c150,0.2236127457174225,0.022448484875880727,0.005019767340291722,370,86,1480,5785,7265
1592,openphenom,D20,std_all__tvn_efaar_e0.2_c150,0.2193961115488533,0.022869441589460256,0.005017466558021207,370,74,1480,5753,7233
1593,openphenom,D20,std_all__tvn_efaar_e0.2_c150,0.21487642399827456,0.03459575259767737,0.007433811603717932,370,67,1480,5689,7169
1594,openphenom,D20,std_all__tvn_efaar_e0.2_c150,0.20592275833593499,0.025159500859138213,0.005180913815269067,370,97,1480,5721,7201
1595,openphenom,D20,std_all__tvn_efaar_e0.2_c150,0.21931926556065778,0.06763310816960585,0.01483324361134248,370,64,1480,5689,7169
1596,openphenom,D20,std_all__tvn_efaar_e0.2_c150,0.20139963719980566,0.04133981769702173,0.008325824286086282,370,89,1480,5817,7297
1597,openphenom,D20,std_all__tvn_efaar_e0.2_c150,0.25661910500537366,0.1035009291600091,0.026560315808266115,370,93,1480,5631,7111
1598,openphenom,D20,std_all__tvn_efaar_e0.2_c150,0.23076108377361335,-0.030136567261915048,-0.006954346922575912,370,84,1480,5753,7233
1599,openphenom,D20,std_all__tvn_efaar_e0.2_c150,0.22370533648101956,0.020456719337037868,0.004576277282589835,370,63,1480,5657,7137
1600,openphenom,D20,std_all__tvn_efaar_e0.2_c150,0.20615386852729228,0.013053217158770126,0.0026909712140072923,370,63,1480,5625,7105
1601,openphenom,D20,std_all__tvn_efaar_e0.2_c150,0.20961801644396094,0.0355927095962415,0.007460873185430077,370,68,1480,5753,7233
1602,openphenom,D20,std_all__tvn_efaar_e0.2_c150,0.20237554868739716,-0.01467491690737052,-0.0029698443610710703,370,84,1480,5881,7361
1603,openphenom,D20,std_all__tvn_efaar_e0.2_c150,0.20834509304627255,-0.012737010495504176,-0.0026536936368171675,370,76,1480,5817,7297
1604,openphenom,D20,std_all__tvn_efaar_e0.2_c150,0.1909185242927757,0.04280723607585254,0.008172694340654237,370,64,1480,5625,7105
1605,openphenom,D20,std_all__tvn_efaar_e0.2_c150,0.18810398582018253,0.005602036956689949,0.0010537654802653448,370,74,1480,5503,6983
1606,openphenom,D20,std_all__tvn_efaar_e0.2_c150,0.19125696880715795,0.04617246340690049,0.008830805393563209,370,84,1480,5881,7361
1607,openphenom,D20,std_all__tvn_efaar_e0.2_c150,0.2058245779066058,0.05805238300165621,0.011948607227788507,370,73,1480,5753,7233
1608,openphenom,D20,std_all__tvn_efaar_e0.2_c150,0.22032150958585414,0.008619705163996051,0.0018991064539165925,370,72,1480,5785,7265
1609,openphenom,D20,std_all__tvn_efaar_e0.2_c150,0.20795239896185744,0.06651227324963313,0.013831386782667788,370,108,1480,5593,7073
1610,openphenom,D20,std_all__tvn_efaar_e0.2_c150,0.20915588760357365,0.01620463125930516,0.0033892940343285866,370,65,1480,5625,7105
1611,openphenom,D20,std_all__tvn_efaar_e0.2_c150,0.2247359452394787,0.04985525905907217,0.011204268769799668,370,48,1480,5657,7137
1612,openphenom,D20,std_all__tvn_efaar_e0.2_c150,0.22686526543426938,-0.0038419458964590847,-0.0008716040755842923,370,95,1480,5657,7137
1613,openphenom,D20,std_all__tvn_efaar_e0.2_c150,0.19378431981082841,-0.019768235805920475,-0.003830774129510363,370,49,1480,5529,7009
1614,openphenom,D20,std_all__tvn_efaar_e0.2_c150,0.21079722698360384,0.005100035574041712,0.0010750733565257251,370,88,1480,5753,7233
1615,openphenom,D20,std_all__tvn_efaar_e0.2_c150,0.2532349383010276,0.005935884050071527,0.0015031732311819172,370,49,1480,5977,7457
1616,openphenom,D20,std_all__tvn_efaar_e0.2_c150,0.21997106203954744,-0.0018628786791190788,-0.00040977940149665307,370,72,1480,5657,7137
1617,openphenom,D20,std_all__tvn_efaar_e0.2_c150,0.2174603813620052,0.04687220812399231,0.010192848253922646,370,73,1480,5689,7169
1618,openphenom,D20,std_all__tvn_efaar_e0.2_c150,0.22213089949333856,-0.07872518165982478,-0.017487295414873358,370,46,1480,5753,7233
1619,openphenom,D20,std_all__tvn_efaar_e0.2_c150,0.21051300947787596,0.011832494439531311,0.0024908940140959696,370,48,1480,5785,7265
1620,openphenom,D20,std_all__tvn_efaar_e0.2_c150,0.1890595818760394,0.010925805309795162,0.0020656281835288847,370,52,1480,5561,7041
1621,openphenom,D20,std_all__tvn_efaar_e0.2_c150,0.22110567114761073,0.01837111440585274,0.004061957580435611,370,71,1480,5625,7105
1622,openphenom,D20,std_all__tvn_efaar_e0.2_c150,0.17280287063935332,0.012352732379927608,0.0021345876154911817,370,65,1480,5305,6785
1623,openphenom,D20,std_all__tvn_efaar_e0.2_c150,0.21019134095537134,0.021061479536984146,0.004426940626382811,370,68,1480,5753,7233
1624,openphenom,D20,std_all__tvn_efaar_e0.2_c150,0.19944088007417696,0.005379782948108044,0.0010729486457787185,370,72,1480,5689,7169
1625,openphenom,D20,std_all__tvn_efaar_e0.2_c150,0.22165109463965954,-0.007671857896054289,-0.0017004757005803484,370,70,1480,5913,7393
1626,openphenom,D20,std_all__tvn_efaar_e0.2_c150,0.22617846712538095,0.051856245733900845,0.011728766170970769,370,54,1480,5593,7073
1627,openphenom,D20,std_all__tvn_efaar_e0.2_c150,0.2049123419716221,-0.029483432937308464,-0.006041519292547138,370,61,1480,5529,7009
1628,openphenom,D20,std_all__tvn_efaar_e0.2_c150,0.20603076334702428,-0.052735388133645665,-0.010865112272576622,370,94,1480,5849,7329
1629,openphenom,D20,std_all__tvn_efaar_e0.2_c150,0.21135779602508156,0.019117549053671194,0.0040406430333853275,370,70,1480,5817,7297
1630,openphenom,D20,std_all__tvn_efaar_e0.2_c150,0.20222883393648755,-0.004104646158030761,-0.0008300778062604444,370,69,1480,5657,7137
1631,openphenom,D20,std_all__tvn_efaar_e0.2_c150,0.20846309244704092,0.16400229942140976,0.03418842650581263,370,50,1480,5881,7361
1632,openphenom,D20,std_all__tvn_efaar_e0.2_c150,0.2416433812591351,-0.030546118998912256,-0.007381267479241064,370,73,1480,5721,7201
1633,openphenom,D20,std_all__tvn_efaar_e0.2_c150,0.2334300323733735,0.021600127175852732,0.005042118385928288,370,72,1480,5721,7201
1634,openphenom,D20,std_all__tvn_efaar_e0.2_c150,0.224434157548723,0.04008775163880989,0.008997060767078739,370,53,1480,5663,7143
1635,openphenom,D20,std_all__tvn_efaar_e0.2_c150,0.23786356765211242,0.04603901108321214,0.010951003427427984,370,77,1480,5753,7233
1636,openphenom,D20,std_all__tvn_efaar_e0.2_c150,0.2181607578324642,0.050645501354172846,0.01104886095623144,370,56,1480,5753,7233
1637,openphenom,D20,std_all__tvn_efaar_e0.2_c150,0.21836690851292734,-0.014480860216329898,-0.0031621406780478,370,61,1480,5881,7361
1638,openphenom,D20,std_all__tvn_efaar_e0.2_c150,0.23124331008572108,0.002983591721989627,0.0006899356257372378,370,58,1480,5881,7361
1639,openphenom,D20,std_all__tvn_efaar_e0.2_c150,0.18438894928253605,-0.025613392914600356,-0.004722826607083913,370,69,1480,5977,7457
1640,openphenom,D20,std_all__tvn_efaar_e0.2_c150,0.2288903511894448,0.09179562928299995,0.021011133824241943,370,72,1480,5625,7105
1641,openphenom,D20,std_all__tvn_efaar_e0.2_c150,0.23225810043722925,-0.058435062573765344,-0.013572016632313368,370,78,1480,5657,7137
1642,openphenom,D20,std_all__tvn_efaar_e0.2_c150,0.20686763488017457,-0.008894545746908261,-0.0018399936419964276,370,113,1480,5593,7073
1643,openphenom,D20,std_all__tvn_efaar_e0.2_c150,0.21636591596690177,0.040811290395665875,0.008830172228249469,370,104,1480,5689,7169
1644,openphenom,D20,std_all__tvn_efaar_e0.2_c150,0.20324967394515928,0.027552065039416054,0.005599948235777135,370,61,1480,5561,7041
1645,openphenom,D20,std_all__tvn_efaar_e0.2_c150,0.1963056784797276,-0.015848322999994648,-0.0031111157992798214,370,61,1480,5785,7265
1646,openphenom,D20,std_all__tvn_efaar_e0.2_c150,0.2392018022335385,0.008333017393532111,0.0019932727785763045,370,71,1480,5753,7233
1647,openphenom,D20,std_all__tvn_efaar_e0.2_c150,0.19333530740854796,0.05537439345254073,0.010705825380708847,370,70,1480,5881,7361
1648,openphenom,D20,std_all__tvn_efaar_e0.2_c150,0.22969663985281583,-0.0017482295728150632,-0.00040156245856694364,370,87,1480,5817,7297
1649,openphenom,D20,std_all__tvn_efaar_e0.2_c150,0.23734982444586933,-0.09850251126197458,-0.023379553755506932,370,101,1480,5913,7393
1650,openphenom,D20,std_all__tvn_efaar_e0.2_c150,0.20464990716034984,-0.01564864428665475,-0.003202493600449233,370,48,1480,5625,7105
1651,openphenom,D20,std_all__tvn_efaar_e0.2_c150,0.20116519595197904,-0.024367510099715908,-0.004901894944071179,370,79,1480,5689,7169
1652,openphenom,D20,std_all__tvn_efaar_e0.2_c150,0.20138484609562782,0.031450304109090915,0.006333614652669965,370,77,1480,5535,7015
1653,openphenom,D20,std_all__tvn_efaar_e0.2_c150,0.2247395160914926,0.0005372800336001358,0.0001207480547569154,370,61,1480,5753,7233
1654,openphenom,D20,std_all__tvn_efaar_e0.2_c150,0.19240265627350234,-0.00487088840166055,-0.0009371718668912839,370,87,1480,5753,7233
1655,openphenom,D20,std_all__tvn_efaar_e0.2_c150,0.1957920053381891,-0.015524887854690772,-0.003039648925720403,370,86,1480,5785,7265
1656,openphenom,D20,std_all__tvn_efaar_e0.2_c150,0.21916264436440366,0.005945345602919729,0.0013029976639961677,370,68,1480,5785,7265
1657,openphenom,D20,std_all__tvn_efaar_e0.2_c150,0.21811460372714897,0.057913245010250775,0.012631724485964136,370,64,1480,5753,7233
1658,openphenom,D20,std_all__tvn_efaar_e0.2_c150,0.2084912963062364,0.005749755700082096,0.001198774019354288,370,61,1480,5657,7137
1659,openphenom,D20,std_all__tvn_efaar_e0.2_c150,0.21750294353024005,0.009558409200273352,0.002078982136525982,370,50,1480,5785,7265
1660,openphenom,D20,std_all__tvn_efaar_e0.2_c150,0.23093767260711334,-0.024116576468836755,-0.005569426040964636,370,72,1480,5625,7105
1661,openphenom,D20,std_all__tvn_efaar_e0.2_c150,0.24382154415252566,0.07902332910514731,0.01926759012649024,370,87,1480,5913,7393
1662,openphenom,D20,std_all__tvn_efaar_e0.2_c150,0.23176759231780175,0.03550861640261914,0.008229746530171441,370,70,1480,5657,7137
1663,openphenom,D20,std_all__tvn_efaar_e0.2_c150,0.20007396834672975,0.14594100273900687,0.02919899556249406,370,76,1480,5689,7169
1664,openphenom,D20,std_all__tvn_efaar_e0.2_c150,0.22162692173551046,-0.008020934441893533,-0.0017776550097991983,370,77,1480,5625,7105
1665,openphenom,D20,std_all__tvn_efaar_e0.2_c150,0.20780620954808704,0.07300035342295454,0.015169926740494903,370,88,1480,5753,7233
1666,openphenom,D20,std_all__tvn_efaar_e0.2_c150,0.22782738872729447,-0.01019719886328971,-0.00232320118935623,370,100,1480,5561,7041
1667,openphenom,D20,std_all__tvn_efaar_e0.2_c150,0.1897026289534436,-0.023711015020212844,-0.004498041884488965,370,120,1480,5657,7137
1668,openphenom,D20,std_all__tvn_efaar_e0.2_c150,0.2310567729296815,0.017392199087606662,0.004018585395332946,370,95,1480,5561,7041
1669,openphenom,D20,std_all__tvn_efaar_e0.2_c150,0.1861564744131066,0.007316742063866586,0.0013620589067994807,370,88,1480,5593,7073
1670,openphenom,D20,std_all__tvn_efaar_e0.2_c150,0.2288176121807728,0.07427445011892796,0.01699530232225301,370,79,1480,5753,7233
1671,openphenom,D20,std_all__tvn_efaar_e0.2_c150,0.2342782029603483,-0.012241756454420159,-0.0028679767032197996,370,54,1480,5785,7265
1672,openphenom,D20,std_all__tvn_efaar_e0.2_c150,0.22094333775076722,-0.0023124377761699925,-0.0005109177206079596,370,58,1480,5529,7009
1673,openphenom,D20,std_all__tvn_efaar_e0.2_c150,0.20977344663081934,0.00626578018433423,0.001314394305098882,370,107,1480,5657,7137
1674,openphenom,D20,std_all__tvn_efaar_e0.2_c150,0.22635019089148953,0.01669106070871138,0.003778024777598261,370,55,1480,5785,7265
1675,openphenom,D20,std_all__tvn_efaar_e0.2_c150,0.23103767762725017,0.02580105678062195,0.005961016238923711,370,57,1480,5497,6977
1676,openphenom,D20,std_all__tvn_efaar_e0.2_c150,0.21368850358380573,0.03167407871344764,0.006768386482672301,370,41,1480,5817,7297
1677,openphenom,D20,std_all__tvn_efaar_e0.2_c150,0.20528105631505228,-0.03126171652779645,-0.006417438191047783,370,70,1480,5593,7073
1678,openphenom,D20,std_all__tvn_efaar_e0.2_c150,0.24672179706212652,0.07136708484328498,0.017607815423620523,370,55,1480,5625,7105
1679,openphenom,D20,std_all__tvn_efaar_e0.2_c150,0.2227159555700303,-0.002943386366999444,-0.000655539107338081,370,77,1480,5721,7201
1680,openphenom,D20,std_all__tvn_efaar_e0.2_c150,0.20738162466114976,-0.010907091409296833,-0.002261930336787647,370,89,1480,5913,7393
1681,openphenom,D20,std_all__tvn_efaar_e0.2_c150,0.23261685429127682,0.010661797309123257,0.002480113751139452,370,60,1480,5593,7073
1682,openphenom,D20,std_all__tvn_efaar_e0.2_c150,0.22021944191572865,0.017136407865171593,0.0037737701765083913,370,73,1480,5849,7329
1683,openphenom,D20,std_all__tvn_efaar_e0.2_c150,0.2281440970557725,0.040105684122432046,0.00914987509091629,370,84,1480,5689,7169
1684,openphenom,D20,std_all__tvn_efaar_e0.2_c150,0.2203751929993448,0.01988309980884577,0.004381741957799622,370,84,1480,5721,7201
1685,openphenom,D20,std_all__tvn_efaar_e0.2_c150,0.24168094596340828,-0.026171085660267823,-0.006325052739262917,370,69,1480,5657,7137
1686,openphenom,D20,std_all__tvn_efaar_e0.2_c150,0.19194640839292157,0.04265385037139097,0.00818725338291758,370,95,1480,5689,7169
1687,openphenom,D20,std_all__tvn_efaar_e0.2_c150,0.22191788466958973,-0.008168626960407755,-0.0018127644157086694,370,52,1480,5721,7201
1688,openphenom,D20,std_all__tvn_efaar_e0.2_c150,0.18802866004784158,-0.030412547999743127,-0.005718430649032364,370,72,1480,5529,7009
1689,openphenom,D20,std_all__tvn_efaar_e0.2_c150,0.23627752944867791,-0.020673792411411374,-0.004884752595303105,370,52,1480,5529,7009
1690,openphenom,D20,std_all__tvn_efaar_e0.2_c150,0.24424467358893667,0.010449980153614681,0.002552351991630484,370,61,1480,5849,7329
1691,openphenom,D20,std_all__tvn_efaar_e0.2_c150,0.19257348401497515,-0.006390135457842458,-0.0012305706484443506,370,86,1480,5529,7009
1692,openphenom,D20,std_all__tvn_efaar_e0.2_c150,0.19189030135128923,0.07237146542269235,0.013887382309194844,370,80,1480,5497,6977
1693,openphenom,D20,std_all__tvn_efaar_e0.2_c150,0.2267153343942452,0.007959896458605278,0.0018046305873562639,370,79,1480,5817,7297
1694,openphenom,D20,std_all__tvn_efaar_e0.2_c150,0.2048556312160803,0.08860208104803714,0.018150635240153954,370,50,1480,5753,7233
1695,openphenom,D20,std_all__tvn_efaar_e0.2_c150,0.18719139027562703,-0.034764970375790696,-0.006507703137535249,370,86,1480,5721,7201
1696,openphenom,D20,std_all__tvn_efaar_e0.2_c150,0.2110918070799916,-0.004392429887122612,-0.0009272059623448756,370,76,1480,5689,7169
1697,openphenom,D20,std_all__tvn_efaar_e0.2_c150,0.21410772816150014,0.006121856113199427,0.0013107367045287206,370,74,1480,5913,7393
1698,openphenom,D20,std_all__tvn_efaar_e0.2_c150,0.23180004402554494,0.03600696485559762,0.008346416038753779,370,65,1480,5625,7105
1699,openphenom,D20,std_all__tvn_efaar_e0.2_c150,0.17572492967840736,-0.03531890733570701,-0.0062064125078852995,370,57,1480,5561,7041
1700,openphenom,D20,std_all__tvn_efaar_e0.2_c150,0.22221127373861316,0.07012976672024183,0.01558362478989674,370,85,1480,5753,7233
1701,openphenom,D20,std_all__tvn_efaar_e0.2_c150,0.23578110326392343,0.03192476017133539,0.007527255174633618,370,95,1480,5689,7169
1702,openphenom,D20,std_all__tvn_efaar_e0.2_c150,0.23216979090061543,-0.04163244568972451,-0.009665796210464568,370,59,1480,5689,7169
1703,openphenom,D20,std_all__tvn_efaar_e0.2_c150,0.1814185681303882,-0.01284950442980596,-0.0023311386948404777,370,81,1480,5529,7009
1704,openphenom,D20,std_all__tvn_efaar_e0.2_c150,0.2307599061546408,0.10316544365609064,0.02380644809648136,370,85,1480,5689,7169
1705,openphenom,D20,std_all__tvn_efaar_e0.2_c150,0.22154232669356336,0.020039091188927577,0.0044395068868195,370,91,1480,5817,7297
1706,openphenom,D20,std_all__tvn_efaar_e0.2_c150,0.1939921059343579,0.09361539854880045,0.01816064831236603,370,40,1480,5625,7105
1707,openphenom,D20,std_all__tvn_efaar_e0.2_c150,0.1987088583650161,0.026282079364082608,0.005222481985895603,370,95,1480,5817,7297
1708,openphenom,D20,std_all__tvn_efaar_e0.2_c150,0.21444844846352143,0.021180449823796788,0.004542114602472687,370,99,1480,5497,6977
1709,openphenom,D20,std_all__tvn_efaar_e0.2_c150,0.21437583296668195,-0.012773269008901102,-0.0027382801834906776,370,89,1480,5817,7297
1710,openphenom,D20,std_all__tvn_efaar_e0.2_c150,0.21213520888399695,-0.0051754633641839754,-0.0010978980018326412,370,75,1480,5657,7137
1711,openphenom,D20,std_all__tvn_efaar_e0.2_c150,0.19761259296414996,0.0034161733491835477,0.0006750788735471854,370,79,1480,5689,7169
1712,openphenom,D20,std_all__tvn_efaar_e0.2_c150,0.21866939473074196,0.029974640460028814,0.006554536486666109,370,91,1480,5625,7105
1713,openphenom,D20,std_all__tvn_efaar_e0.2_c150,0.24959451851482695,0.03982746889200639,0.009940717921764583,370,71,1480,5753,7233
1714,openphenom,D20,std_all__tvn_efaar_e0.2_c150,0.21714671932000484,0.019600409826371734,0.004256164691124208,370,87,1480,5817,7297
1715,openphenom,D20,std_all__tvn_efaar_e0.2_c150,0.22533975219535385,0.04396158840744154,0.009906293437847017,370,71,1480,5529,7009
1716,openphenom,D20,std_all__tvn_efaar_e0.2_c150,0.237637281510704,0.021008101378839406,0.004992308101368669,370,80,1480,5721,7201
1717,openphenom,D20,std_all__tvn_efaar_e0.2_c150,0.23544930374894615,0.032746410494086206,0.007710119551109781,370,63,1480,5721,7201
1718,openphenom,D20,std_all__tvn_efaar_e0.2_c150,0.21328977557788784,0.0035628153452619293,0.0007599120854163718,370,80,1480,5657,7137
1719,openphenom,D20,std_all__tvn_efaar_e0.2_c150,0.21588050372804568,-0.03412485911245959,-0.007366891774846366,370,72,1480,5689,7169
1720,openphenom,D20,std_all__tvn_efaar_e0.2_c150,0.22009964897604034,0.018905805214750722,0.0041611610913760266,370,61,1480,5497,6977
1721,openphenom,D20,std_all__tvn_efaar_e0.2_c150,0.19928074567700985,-0.049251182119147294,-0.009814812298177886,370,61,1480,5721,7201
1722,openphenom,D20,std_all__tvn_efaar_e0.2_c150,0.19219265972566438,-0.010613622908192828,-0.0020398604160508206,370,68,1480,5497,6977
1723,openphenom,D20,std_all__tvn_efaar_e0.2_c150,0.21920989704491753,0.08040820675373725,0.017626274724053186,370,70,1480,5817,7297
1724,openphenom,D20,std_all__tvn_efaar_e0.2_c150,0.22067136427679118,0.01659359413029221,0.0036617310549869365,370,65,1480,5401,6881
1725,openphenom,D20,std_all__tvn_efaar_e0.2_c150,0.19629319851911559,-0.013095920454603078,-0.0025706401135859483,370,78,1480,5721,7201
1726,openphenom,D20,std_all__tvn_efaar_e0.2_c150,0.20868419515067096,0.1023181066605992,0.02135217173780765,370,61,1480,5593,7073
1727,openphenom,D20,std_all__tvn_efaar_e0.2_c150,0.2395374680101481,0.00611044684331894,0.001463680965259221,370,97,1480,5529,7009
1728,openphenom,D20,std_all__tvn_efaar_e0.2_c150,0.2115288388854791,-0.003638797154968541,-0.0007697105371302803,370,68,1480,5785,7265
1729,openphenom,D20,std_all__tvn_efaar_e0.2_c150,0.23466814712632472,0.05402305358002385,0.01267748988573036,370,51,1480,5593,7073
1730,openphenom,D20,std_all__tvn_efaar_e0.2_c150,0.22939421240578606,-0.0250193043858753,-0.005739283624538493,370,54,1480,5593,7073
1731,openphenom,D20,std_all__tvn_efaar_e0.2_c150,0.2053684294212612,-0.022133244802850272,-0.004545469723157653,370,70,1480,5593,7073
1732,openphenom,D20,std_all__tvn_efaar_e0.2_c150,0.1963323303751298,0.0027041507673571646,0.0005309122218409276,370,52,1480,5433,6913
1733,openphenom,D20,std_all__tvn_efaar_e0.2_c150,0.20383727727415973,-0.014737995833492872,-0.0030041529431770976,370,80,1480,5753,7233
1734,openphenom,D20,std_all__tvn_efaar_e0.2_c150,0.22214889508811536,0.012808238054359706,0.002845335931801561,370,57,1480,5721,7201
1735,openphenom,D20,std_all__tvn_efaar_e0.2_c150,0.219022645635698,-0.0004771221828909628,-0.00010450056278825805,370,65,1480,5753,7233
1736,openphenom,D20,std_all__tvn_efaar_e0.2_c150,0.23207093979688379,0.012102422150392953,0.002808620482260316,370,65,1480,5625,7105
1737,openphenom,D20,std_all__tvn_efaar_e0.2_c150,0.22531338390385997,0.03658001939803316,0.00824196795383969,370,85,1480,5721,7201
1738,openphenom,D20,std_all__tvn_efaar_e0.2_c150,0.22961097919472692,0.029799814973125352,0.006842364695800997,370,86,1480,5593,7073
1739,openphenom,D20,std_all__tvn_efaar_e0.2_c150,0.218918609060626,0.04218992681748437,0.009236160095253281,370,92,1480,5657,7137
1740,openphenom,D20,std_all__tvn_efaar_e0.2_c150,0.1836485667492421,0.022722768270141216,0.00417300382538659,370,77,1480,5529,7009
1741,openphenom,D20,std_all__tvn_efaar_e0.2_c150,0.20620335652115893,0.07485663942667022,0.01543569030767352,370,81,1480,5657,7137
1742,openphenom,D20,std_all__tvn_efaar_e0.2_c150,0.22427501648919446,-0.009091723385685948,-0.0020390464122399107,370,77,1480,5529,7009
1743,openphenom,D20,std_all__tvn_efaar_e0.2_c150,0.23266988791049528,0.036630697467052484,0.008522860273742364,370,44,1480,5625,7105
1744,openphenom,D20,std_all__tvn_efaar_e0.2_c150,0.20439856830307698,0.014182830738992536,0.002898950297534946,370,92,1480,5657,7137
1745,openphenom,D20,std_all__tvn_efaar_e0.2_c150,0.20229919179694766,0.036981720985756236,0.007481372266678705,370,70,1480,5785,7265
1746,openphenom,D20,std_all__tvn_efaar_e0.2_c150,0.2050919713414048,-0.011734015013887274,-0.0024065522709477826,370,82,1480,5721,7201
1747,openphenom,D20,std_all__tvn_efaar_e0.2_c150,0.21081270463930243,0.007324189156591971,0.0015440321253910047,370,57,1480,5785,7265
1748,openphenom,D20,std_all__tvn_efaar_e0.2_c150,0.23007381566834803,0.0022573048924301145,0.0005193467497282264,370,73,1480,5817,7297
1749,openphenom,D20,std_all__tvn_efaar_e0.2_c150,0.20070428522573422,0.021886562346660674,0.004392726851834999,370,68,1480,5881,7361
1750,openphenom,D20,std_all__tvn_efaar_e0.2_c150,0.204592184563542,0.007527085131603836,0.0015399827904705847,370,59,1480,5497,6977
1751,openphenom,D20,std_all__tvn_efaar_e0.2_c150,0.20703341871027628,0.09496270096958484,0.019660452631694816,370,60,1480,5625,7105
1752,openphenom,D20,std_all__tvn_efaar_e0.2_c150,0.19361245766209081,0.05096111252060376,0.009866706240308441,370,62,1480,5625,7105
1753,openphenom,D20,std_all__tvn_efaar_e0.2_c150,0.21737459330237574,0.004534368845699768,0.00098565658371695,370,86,1480,5529,7009
1754,openphenom,D20,std_all__tvn_efaar_e0.2_c150,0.21389821165218623,0.00803617391287085,0.0017189232284890268,370,66,1480,5465,6945
1755,openphenom,D20,std_all__tvn_efaar_e0.2_c150,0.24519296392532008,-0.04564808021741102,-0.011192588086007777,370,56,1480,5689,7169
1756,openphenom,D20,std_all__tvn_efaar_e0.2_c150,0.25086698000813806,-0.022701239107738316,-0.00569499129740095,370,66,1480,5753,7233
1757,openphenom,D20,std_all__tvn_efaar_e0.2_c150,0.2535515488238022,-0.013266542607776509,-0.0033637524257386976,370,64,1480,5657,7137
1758,openphenom,D20,std_all__tvn_efaar_e0.2_c150,0.19656087949664186,0.016320079722098712,0.003207889223631033,370,66,1480,5721,7201
1759,openphenom,D20,std_all__tvn_efaar_e0.2_c150,0.20858208399139327,-0.02756789319181441,-0.005750168613200792,370,99,1480,5625,7105
1760,openphenom,D20,std_all__tvn_efaar_e0.2_c150,0.23276753724089413,0.016087101773157312,0.0037445550610814486,370,100,1480,5977,7457
1761,openphenom,D20,std_all__tvn_efaar_e0.2_c150,0.18903965560743996,0.04198731175960729,0.007937266954918377,370,58,1480,5689,7169
1762,openphenom,D20,std_all__tvn_efaar_e0.2_c150,0.2044460840573524,-0.025722536191774156,-0.005258871796431749,370,58,1480,5657,7137
1763,openphenom,D20,std_all__tvn_efaar_e0.2_c150,0.2018052671237789,-0.017697543533152137,-0.0035714575001424727,370,61,1480,5465,6945
1764,openphenom,D20,std_all__tvn_efaar_e0.2_c150,0.20675587670589296,0.0029905178926913673,0.0006183071487080631,370,67,1480,5433,6913
1765,openphenom,D20,std_all__tvn_efaar_e0.2_c150,0.21900009490777425,0.007899222770771224,0.0017299305364965494,370,58,1480,5817,7297
1766,openphenom,D20,std_all__tvn_efaar_e0.2_c150,0.19904447939968078,0.002647805496063887,0.0005270310665156499,370,67,1480,5913,7393
1767,openphenom,D20,std_all__tvn_efaar_e0.2_c150,0.211137917632921,0.06689663954182108,0.014124417169500227,370,75,1480,5945,7425
1768,openphenom,D20,std_all__tvn_efaar_e0.2_c150,0.2126570299975835,0.007948385698978063,0.0016902800960199417,370,82,1480,5753,7233
1769,openphenom,D20,std_all__tvn_efaar_e0.2_c150,0.20508043394304534,-0.011155703999271583,-0.002287816617110783,370,55,1480,5817,7297
1770,openphenom,D20,std_all__tvn_efaar_e0.2_c150,0.20047015621272413,0.006166225218829494,0.0012361441328615876,370,64,1480,5849,7329
1771,openphenom,D20,std_all__tvn_efaar_e0.2_c150,0.22184955238651294,0.004760761414153019,0.0010561727887488295,370,66,1480,5913,7393
1772,openphenom,D20,std_all__tvn_efaar_e0.2_c150,0.20617210671279573,-0.015811813116486172,-0.0032599548211749703,370,51,1480,5753,7233
1773,openphenom,D20,std_all__tvn_efaar_e0.2_c150,0.20940969661574668,0.0033446540693226655,0.000700402993941482,370,63,1480,5881,7361
1774,openphenom,D20,std_all__tvn_efaar_e0.2_c150,0.19630042441142423,0.009405099085321701,0.0018462249420801477,370,57,1480,5849,7329
1775,openphenom,D20,std_all__tvn_efaar_e0.2_c150,0.23221574233669973,0.017987492270781176,0.0041769788704350995,370,52,1480,5913,7393
1776,openphenom,D20,std_all__tvn_efaar_e0.2_c150,0.2076889798363022,0.06924836616303207,0.014382122523730837,370,77,1480,5561,7041
1777,openphenom,D20,std_all__tvn_efaar_e0.2_c150,0.2215697443934543,0.030336055656915793,0.006721552097808436,370,81,1480,5593,7073
1778,openphenom,D20,std_all__tvn_efaar_e0.2_c150,0.20044087685916998,-0.00824641108931971,-0.0016529178696844257,370,86,1480,5913,7393
1779,openphenom,D20,std_all__tvn_efaar_e0.2_c150,0.19442134939888686,-0.011436519927190431,-0.002223503636671623,370,50,1480,5881,7361
1780,openphenom,D20,std_all__tvn_efaar_e0.2_c150,0.18506453022814948,0.006910576550873433,0.0012789026029930573,370,56,1480,5689,7169
1781,openphenom,D20,std_all__tvn_efaar_e0.2_c150,0.22028264856488158,0.013062306639539015,0.002877399502924292,370,65,1480,5689,7169
1782,openphenom,D20,std_all__tvn_efaar_e0.2_c150,0.2335563645297335,-0.026353419628460294,-0.006155008881349706,370,84,1480,5721,7201
1783,openphenom,D20,std_all__tvn_efaar_e0.2_c150,0.21792197013675388,0.007054729852442954,0.0015373806282269395,370,61,1480,5657,7137
1784,openphenom,D20,std_all__tvn_efaar_e0.2_c150,0.23110560610815864,0.09738926239358724,0.02250720451389648,370,42,1480,5762,7242
1785,openphenom,D20,std_all__tvn_efaar_e0.2_c150,0.21386398214453825,0.08736857857543773,0.0186849921284511,370,66,1480,5433,6913
1786,openphenom,D20,std_all__tvn_efaar_e0.2_c150,0.22577527904535255,0.016921648358885672,0.003820489880134745,370,98,1480,5817,7297
1787,openphenom,D20,std_all__tvn_efaar_e0.2_c150,0.21696440953769014,0.00914907489338367,0.0019850236320590933,370,86,1480,5657,7137
1788,openphenom,D20,std_all__tvn_efaar_e0.2_c150,0.2227501856252406,0.0524592977193915,0.011685318304764217,370,93,1480,5625,7105
1789,openphenom,D20,std_all__tvn_efaar_e0.2_c150,0.21115316804050388,0.02252793453143313,0.004756844745721169,370,84,1480,5689,7169
1790,openphenom,D20,std_all__tvn_efaar_e0.2_c150,0.2179005241323608,0.020582900143884097,0.004485024729516389,370,94,1480,5471,6951
1791,openphenom,D20,std_all__tvn_efaar_e0.2_c150,0.20849658402785787,-0.02137725775357403,-0.004457085217503224,370,103,1480,5689,7169
1792,openphenom,D20,std_all__tvn_efaar_e0.2_c150,0.24207807057754452,0.03163118046804382,0.00765721513779416,370,67,1480,5721,7201
1793,openphenom,D20,std_all__tvn_efaar_e0.2_c150,0.20885170304621606,-0.028433712949707906,-0.0059384293734737435,370,58,1480,5593,7073
1794,openphenom,D20,std_all__tvn_efaar_e0.2_c150,0.21845103015956335,-0.006597031749331757,-0.0014411283816368687,370,62,1480,5945,7425
1795,openphenom,D20,std_all__tvn_efaar_e0.2_c150,0.20609067683008617,-0.027766135024582788,-0.005722341560171828,370,70,1480,5593,7073
1796,openphenom,D20,std_all__tvn_efaar_e0.2_c150,0.22400720830379625,-0.008364210222956867,-0.0018736433817106409,370,104,1480,5753,7233
1797,openphenom,D20,std_all__tvn_efaar_e0.2_c150,0.24103547301182535,0.008516094928844095,0.0020526809693875436,370,71,1480,5785,7265
1798,openphenom,D20,std_all__tvn_efaar_e0.2_c150,0.23583403523281085,-0.011972585221288457,-0.0028235430849051727,370,55,1480,5497,6977
1799,openphenom,D20,std_all__tvn_efaar_e0.2_c150,0.19604205256408436,0.00815518752578602,0.001598759701600108,370,93,1480,5753,7233
1800,openphenom,D20,std_all__tvn_efaar_e0.2_c150,0.21267803432849977,-0.0007600777864383095,-0.0001616518495564569,370,88,1480,5721,7201
1801,openphenom,D20,std_all__tvn_efaar_e0.2_c150,0.22678292475267592,0.06897746079166983,0.015642910300347913,370,73,1480,5753,7233
1802,openphenom,D20,std_all__tvn_efaar_e0.2_c150,0.2120111829763947,-0.015409500696116765,-0.003266986471659293,370,85,1480,5849,7329
1803,openphenom,D20,std_all__tvn_efaar_e0.2_c150,0.22026491519034766,0.016407537757324106,0.0036140049125994215,370,70,1480,5753,7233
1804,openphenom,D20,std_all__tvn_efaar_e0.2_c150,0.2074839624155085,-0.017813766065835884,-0.003696070768882553,370,49,1480,5657,7137
1805,openphenom,D20,std_all__tvn_efaar_e0.2_c150,0.21510510169549754,-0.00411902573879896,-0.0008860234504307221,370,50,1480,5657,7137
1806,openphenom,D20,std_all__tvn_efaar_e0.2_c150,0.21531456708506128,0.02051243111233468,0.004416625224814483,370,50,1480,5625,7105
1807,openphenom,D20,std_all__tvn_efaar_e0.2_c150,0.2146275743556466,-0.010496870267879413,-0.002252917803920865,370,92,1480,5785,7265
1808,openphenom,D20,std_all__tvn_efaar_e0.2_c150,0.21542395097430753,-0.04172701467694681,-0.008988998364070801,370,97,1480,5433,6913
1809,openphenom,D20,std_all__tvn_efaar_e0.2_c150,0.22523950221240632,0.024193659304752115,0.005449367778498919,370,64,1480,5689,7169
1810,openphenom,D20,std_all__tvn_efaar_e0.2_c150,0.2359297374075191,0.002806792249606078,0.0006622057584070218,370,55,1480,5945,7425
1811,openphenom,D20,std_all__tvn_efaar_e0.2_c150,0.21674269680369285,0.03813827191605751,0.008266191906518847,370,98,1480,5657,7137
1812,openphenom,D20,std_all__tvn_efaar_e0.2_c150,0.24005816971601163,0.01273841787953521,0.0030579612812389407,370,80,1480,5657,7137
1813,openphenom,D20,std_all__tvn_efaar_e0.2_c150,0.24602867458536995,0.03471579072350011,0.008541079978885813,370,39,1480,5593,7073
1814,openphenom,D20,std_all__tvn_efaar_e0.2_c150,0.2226455930348477,0.010646996618271965,0.00237050687611518,370,85,1480,5721,7201
1815,openphenom,D20,std_all__tvn_efaar_e0.2_c150,0.20844633560577008,-0.023836801655349297,-0.004968693957619116,370,73,1480,5625,7105
1816,openphenom,D20,std_all__tvn_efaar_e0.2_c150,0.1991400704282565,0.007792722439312074,0.0015518432953924612,370,91,1480,5849,7329
1817,openphenom,D20,std_all__tvn_efaar_e0.2_c150,0.212906428765146,0.035434886817809604,0.007544315206076992,370,58,1480,5497,6977
1818,openphenom,D20,std_all__tvn_efaar_e0.2_c150,0.2286623922607689,-0.0033331944514991495,-0.0007621762171501169,370,89,1480,5657,7137
1819,openphenom,D20,std_all__tvn_efaar_e0.2_c150,0.22528682560366026,-0.012948029886817565,-0.0029170205510224497,370,81,1480,5785,7265
1820,openphenom,D20,std_all__tvn_efaar_e0.2_c150,0.20163059067744407,0.007226145754113847,0.0014570120367232795,370,76,1480,5753,7233
1821,openphenom,D20,std_all__tvn_efaar_e0.2_c150,0.20730332153031988,0.00267128265360484,0.0005537657668386103,370,90,1480,5753,7233
1822,openphenom,D20,std_all__tvn_efaar_e0.2_c150,0.22278853794048892,0.042411781910767415,0.009448858883350748,370,58,1480,5817,7297
1823,openphenom,D20,std_all__tvn_efaar_e0.2_c150,0.22267479323430434,-0.005148939920982504,-0.0011465391322806344,370,64,1480,5817,7297
1824,openphenom,D20,std_all__tvn_efaar_e0.2_c150,0.23262893296358383,0.10835731465724027,0.025207046487513107,370,77,1480,5497,6977
1825,openphenom,D20,std_all__tvn_efaar_e0.2_c150,0.20363784604235094,0.04827877504054457,0.00983138575881971,370,83,1480,5753,7233
1826,openphenom,D20,std_all__tvn_efaar_e0.2_c150,0.23760722866695383,0.01827117149511261,0.004341362423452351,370,78,1480,5529,7009
1827,openphenom,D20,std_all__tvn_efaar_e0.2_c150,0.21240862669277558,-0.02482546796624433,-0.00527314355771545,370,69,1480,5849,7329
1828,openphenom,D20,std_all__tvn_efaar_e0.2_c150,0.21508362600163042,-0.037350407460517904,-0.00803346106924654,370,55,1480,5625,7105
1829,openphenom,D20,std_all__tvn_efaar_e0.2_c150,0.22000314043755198,0.02146254047624245,0.004721826306541411,370,78,1480,5689,7169
1830,openphenom,D20,std_all__tvn_efaar_e0.2_c150,0.23513847746630298,-0.03350862427592607,-0.007879166894231654,370,57,1480,5753,7233
1831,openphenom,D20,std_all__tvn_efaar_e0.2_c150,0.2282476425282771,0.02108595800832812,0.004812820205851139,370,68,1480,5881,7361
1832,openphenom,D20,std_all__tvn_efaar_e0.2_c150,0.23103920007413023,0.059648380019179215,0.013781114005348899,370,66,1480,5753,7233
1833,openphenom,D20,std_all__tvn_efaar_e0.2_c150,0.2052799471230665,0.033002502856130475,0.006774752041235315,370,64,1480,5689,7169
1834,openphenom,D20,std_all__tvn_efaar_e0.2_c150,0.21833617606576,-0.01594795835508605,-0.0034820162433054757,370,66,1480,5721,7201
1835,openphenom,D20,std_all__tvn_efaar_e0.2_c150,0.23167413704529222,-0.014097176069667023,-0.003265951100715652,370,53,1480,5657,7137
1836,openphenom,D20,std_all__tvn_efaar_e0.2_c150,0.2060356069714677,0.01788362829582272,0.003684664210781948,370,76,1480,5721,7201
1837,openphenom,D20,std_all__tvn_efaar_e0.2_c150,0.16831050873704864,0.06565184159481499,0.011049894858347443,370,83,1480,5881,7361
1838,openphenom,D20,std_all__tvn_efaar_e0.2_c150,0.211499449444819,0.12438007404416992,0.02630631718224776,370,44,1480,5593,7073
1839,openphenom,D20,std_all__tvn_efaar_e0.2_c150,0.24198132476477474,0.05632613976283751,0.013629873918697277,370,52,1480,5945,7425
1840,openphenom,D20,std_all__tvn_efaar_e0.2_c150,0.2282510731714977,-0.004916867473510706,-0.001122280277470849,370,83,1480,5657,7137
1841,openphenom,D20,std_all__tvn_efaar_e0.2_c150,0.2155407384364813,0.023767810374312973,0.005122931399097679,370,69,1480,5593,7073
1842,openphenom,D20,std_all__tvn_efaar_e0.2_c150,0.19968206930998733,0.002263198426803433,0.0004519201451232174,370,71,1480,5497,6977
1843,openphenom,D20,std_all__tvn_efaar_e0.2_c150,0.2077826691560634,0.002427492630155756,0.0005043908980504356,370,60,1480,5625,7105
1844,openphenom,D20,std_all__tvn_efaar_e0.2_c150,0.21259554678118514,-0.00012456336811944048,-2.6481617354258493e-05,370,77,1480,5817,7297
1845,openphenom,D20,std_all__tvn_efaar_e0.2_c150,0.2503117632114434,0.05093070155637021,0.01274855370817083,370,51,1480,5625,7105
1846,openphenom,D20,std_all__tvn_efaar_e0.2_c150,0.20852412421583397,0.05511956036446956,0.011493758052162809,370,45,1480,5433,6913
1847,openphenom,D20,std_all__tvn_efaar_e0.2_c150,0.202568132012669,0.009260188715999882,0.0018758191302848917,370,67,1480,5817,7297
1848,openphenom,D20,std_all__tvn_efaar_e0.2_c150,0.23814102437873988,0.043417862803086314,0.010339574324262562,370,71,1480,5529,7009
1849,openphenom,D20,std_all__tvn_efaar_e0.2_c150,0.19374162730848915,-0.006070618714276822,-0.0011761315484733598,370,68,1480,5689,7169
1850,openphenom,D20,std_all__tvn_efaar_e0.2_c150,0.1832085177228497,0.07151361967277395,0.01310190425724454,370,67,1480,5433,6913
1851,openphenom,D20,std_all__tvn_efaar_e0.2_c150,0.18767967002976932,-0.014774918255323538,-0.0027729517828759364,370,63,1480,5657,7137
1852,openphenom,D20,std_all__tvn_efaar_e0.2_c150,0.2311574707847992,-0.0034275642368811476,-0.0007923070799498765,370,71,1480,6041,7521
1853,openphenom,D20,std_all__tvn_efaar_e0.2_c150,0.2514165104396642,0.04551050293108873,0.011442091835288437,370,83,1480,5849,7329
1854,openphenom,D20,std_all__tvn_efaar_e0.2_c150,0.20582848148984864,0.040852716182989926,0.008408652536680583,370,86,1480,5849,7329
1855,openphenom,D20,std_all__tvn_efaar_e0.2_c150,0.22033092196951048,-0.024739925385991315,-0.005450970569752364,370,56,1480,5817,7297
1856,openphenom,D20,std_all__tvn_efaar_e0.2_c150,0.23631302949587515,0.09477784090854467,0.02239723871417628,370,59,1480,5913,7393
1857,openphenom,D20,std_all__tvn_efaar_e0.2_c150,0.21528323318840975,0.06223646674009955,0.013398467782031558,370,64,1480,5817,7297
1858,openphenom,D20,std_all__tvn_efaar_e0.2_c150,0.2101097655122208,0.006462333479240138,0.0013577993719849192,370,66,1480,5625,7105
1859,openphenom,D20,std_all__tvn_efaar_e0.2_c150,0.2064674848290002,0.01163082101030369,0.002401386360493694,370,88,1480,5561,7041
1860,openphenom,D20,std_all__tvn_efaar_e0.2_c150,0.22285601029413304,-0.007051950145345775,-0.001571569474184891,370,66,1480,5625,7105
1861,openphenom,D20,std_all__tvn_efaar_e0.2_c150,0.21013241972583183,-0.04920548071999216,-0.010339666727464718,370,90,1480,5945,7425
1862,openphenom,D20,std_all__tvn_efaar_e0.2_c150,0.2032160285140165,-0.010879004609659635,-0.0022107881109607094,370,73,1480,5817,7297
1863,openphenom,D20,std_all__tvn_efaar_e0.2_c150,0.1885176894953148,0.07557132209128134,0.0142465310327546,370,75,1480,5561,7041
1864,openphenom,D20,std_all__tvn_efaar_e0.2_c150,0.2286932695348855,-0.0015494612391836562,-0.0003543513568064856,370,98,1480,5625,7105
1865,openphenom,D20,std_all__tvn_efaar_e0.2_c150,0.20614086859457922,0.05350812068937879,0.011030210475772118,370,69,1480,5657,7137
1866,openphenom,D20,std_all__tvn_efaar_e0.2_c150,0.22377345395450093,0.019659510044961408,0.00439927646581422,370,42,1480,5945,7425
1867,openphenom,D20,std_all__tvn_efaar_e0.2_c150,0.21544986691563492,0.0592807191247036,0.012772023046080523,370,71,1480,5753,7233
1868,openphenom,D20,std_all__tvn_efaar_e0.2_c150,0.16351594184236784,-0.02769588977739609,-0.004528719502113329,370,62,1480,5913,7393
1869,openphenom,D20,std_all__tvn_efaar_e0.2_c150,0.19576104015155799,0.023340768437999447,0.004569213107359427,370,72,1480,5689,7169
1870,openphenom,D20,std_all__tvn_efaar_e0.2_c150,0.20882876838179204,-0.01392056266362538,-0.0029070139562264465,370,77,1480,5785,7265
1871,openphenom,D20,std_all__tvn_efaar_e0.2_c150,0.21424831952948004,-0.032287984320011995,-0.006917646381556771,370,74,1480,5593,7073
1872,openphenom,D20,std_all__tvn_efaar_e0.2_c150,0.24112349166320535,0.05826578847043721,0.014049250360501553,370,82,1480,5881,7361
1873,openphenom,D20,std_all__tvn_efaar_e0.2_c150,0.23581515217962498,0.012005778933032113,0.0028311445861279034,370,63,1480,5529,7009
1874,openphenom,D20,std_all__tvn_efaar_e0.2_c150,0.18151688566410923,0.006589080280740456,0.001196029331950802,370,94,1480,5529,7009
1875,openphenom,D20,std_all__tvn_efaar_e0.2_c150,0.19941118536918065,0.02005588272001742,0.003999367346823941,370,62,1480,5593,7073
1876,openphenom,D20,std_all__tvn_efaar_e0.2_c150,0.20774782373705744,0.04628017621533459,0.009614605890903289,370,61,1480,5721,7201
1877,openphenom,D20,std_all__tvn_efaar_e0.2_c150,0.24025656957350122,0.08771321131788005,0.021073675257509465,370,70,1480,5657,7137
1878,openphenom,D20,std_all__tvn_efaar_e0.2_c150,0.2307971569165859,0.06051006286130438,0.013965550473232943,370,74,1480,5817,7297
1879,openphenom,D20,std_all__tvn_efaar_e0.2_c150,0.18707818005814494,-0.0021497184582470793,-0.00040216541680626486,370,76,1480,5593,7073
1880,openphenom,D20,std_all__tvn_efaar_e0.2_c150,0.23608235322192367,-0.012354513957658384,-0.0029166827280370927,370,74,1480,5625,7105
1881,openphenom,D20,std_all__tvn_efaar_e0.2_c150,0.20118627859596128,-0.002993016594358344,-0.0006021538703949131,370,76,1480,5785,7265
1882,openphenom,D20,std_all__tvn_efaar_e0.2_c150,0.19912682846767896,-0.006184336767083762,-0.0012314673666054487,370,95,1480,5817,7297
1883,openphenom,D20,std_all__tvn_efaar_e0.2_c150,0.2198726116849454,-0.013011364984759686,-0.002860842800785162,370,79,1480,5753,7233
1884,openphenom,D20,std_all__tvn_efaar_e0.2_c150,0.20755842494011145,-0.0061873074516129185,-0.0012842277892769923,370,72,1480,5625,7105
1885,openphenom,D20,std_all__tvn_efaar_e0.2_c150,0.2296670269178811,0.09065144687844316,0.020819648290376275,370,110,1480,5881,7361
1886,openphenom,D20,std_all__tvn_efaar_e0.2_c150,0.19558587599694643,0.02910888435599404,0.005693286646060905,370,84,1480,5273,6753
1887,openphenom,D20,std_all__tvn_efaar_e0.2_c150,0.19558168980269808,-0.034793210216801755,-0.006804914847862586,370,70,1480,5785,7265
1888,openphenom,D20,std_all__tvn_efaar_e0.2_c150,0.18741146508817866,0.050851841011527524,0.009530218026401503,370,56,1480,5657,7137
1889,openphenom,D20,std_all__tvn_efaar_e0.2_c150,0.19951245176790566,0.00023633001569418934,4.715078085749534e-05,370,75,1480,5817,7297
1890,openphenom,D20,std_all__tvn_efaar_e0.2_c150,0.1935503024711944,-0.036859070123702854,-0.007134084171249652,370,70,1480,5561,7041
1891,openphenom,D20,std_all__tvn_efaar_e0.2_c150,0.19346575252428955,-0.005607565331347831,-0.0010848718466583253,370,60,1480,5433,6913
1892,openphenom,D20,std_all__tvn_efaar_e0.2_c150,0.23268713684542636,0.007071917889890936,0.0016455443258046709,370,109,1480,5689,7169
1893,openphenom,D20,std_all__tvn_efaar_e0.2_c150,0.19853934111875976,0.026472169516212837,0.005255767093733014,370,95,1480,5401,6881
1894,openphenom,D20,std_all__tvn_efaar_e0.2_c150,0.22901891564372848,0.01385230886364101,0.0031724407551130727,370,50,1480,5753,7233
1895,openphenom,D20,std_all__tvn_efaar_e0.2_c150,0.2063398499817955,0.05866999490404016,0.012105957946932352,370,85,1480,5753,7233
1896,openphenom,D20,std_all__tvn_efaar_e0.2_c150,0.23236833535871104,0.029549507651922886,0.006866369903746815,370,66,1480,5817,7297
1897,openphenom,D20,std_all__tvn_efaar_e0.2_c150,0.20467482523604427,-0.009747279533640596,-0.00199502273507476,370,79,1480,5435,6915
1898,openphenom,D20,std_all__tvn_efaar_e0.2_c150,0.2264811192387796,0.019699783873077747,0.0044616291003367085,370,106,1480,5625,7105
1899,openphenom,D20,std_all__tvn_efaar_e0.2_c150,0.2072141255590823,-0.038575139487433255,-0.007993313797208109,370,49,1480,5657,7137
1900,openphenom,D20,std_all__tvn_efaar_e0.2_c150,0.2205298251177563,0.00872578287294755,0.0019242953709866365,370,74,1480,5529,7009
1901,openphenom,D20,std_all__tvn_efaar_e0.2_c150,0.17223710136863082,-0.011020119899382208,-0.001898073508204359,370,106,1480,5721,7201
1902,openphenom,D20,std_all__tvn_efaar_e0.2_c150,0.22167628079015098,0.03177149833921183,0.0070429875869669365,370,70,1480,5785,7265
1903,openphenom,D20,std_all__tvn_efaar_e0.2_c150,0.21282128821792035,0.0016757866739264989,0.0003566430787234615,370,72,1480,5689,7169
1904,openphenom,D20,std_all__tvn_efaar_e0.2_c150,0.19568852519504698,-0.011494280606937902,-0.0022492988201497075,370,84,1480,5753,7233
1905,openphenom,D20,std_all__tvn_efaar_e0.2_c150,0.21286532444406003,-0.02120926758181767,-0.004514717625024503,370,80,1480,5593,7073
1906,openphenom,D20,std_all__tvn_efaar_e0.2_c150,0.20867316692042912,0.00431707267585156,0.0009008572270955963,370,66,1480,5404,6884
1907,openphenom,D20,std_all__tvn_efaar_e0.2_c150,0.22576874750376869,0.058410779455187065,0.013187328518316447,370,99,1480,5817,7297
1908,openphenom,D20,std_all__tvn_efaar_e0.2_c150,0.22970276430191716,0.040263991803039655,0.009248750218987942,370,74,1480,5625,7105
1909,openphenom,D20,std_all__tvn_efaar_e0.2_c150,0.21204608956754267,-0.011646227006598115,-0.0024695368949650383,370,42,1480,5721,7201
1910,openphenom,D20,std_all__tvn_efaar_e0.2_c150,0.22170573863088636,0.06286214420548891,0.013936898112999212,370,54,1480,5657,7137
1911,openphenom,D20,std_all__tvn_efaar_e0.2_c150,0.18930905631261355,0.0015528012294550348,0.0002939593353891987,370,76,1480,5497,6977
1912,openphenom,D20,std_all__tvn_efaar_e0.2_c150,0.2221846924989407,0.01597300983900303,0.003548958279361443,370,75,1480,5657,7137
1913,openphenom,D20,std_all__tvn_efaar_e0.2_c150,0.20996440566827915,-0.027083553624579405,-0.005686582240169782,370,58,1480,5657,7137
1914,openphenom,D20,std_all__tvn_efaar_e0.2_c150,0.21745187807659433,-0.01965678998548532,-0.004274405899300974,370,80,1480,5913,7393
1915,openphenom,D20,std_all__tvn_efaar_e0.2_c150,0.20353757793228397,0.023442517409295267,0.004771433214123359,370,75,1480,5721,7201
1916,openphenom,D20,std_all__tvn_efaar_e0.2_c150,0.25002312008180033,-0.004041063828531209,-0.0010103593868590784,370,79,1480,5817,7297
1917,openphenom,D20,std_all__tvn_efaar_e0.2_c150,0.20809972351684664,0.028399364336530324,0.005909899866486155,370,63,1480,5854,7334
1918,openphenom,D20,std_all__tvn_efaar_e0.2_c150,0.2177801102601247,0.0026751986895548097,0.0005826050655789876,370,66,1480,5817,7297
1919,openphenom,D20,std_all__tvn_efaar_e0.2_c150,0.22502400666951608,0.054554809713564155,0.012276141864839241,370,81,1480,5849,7329
1920,openphenom,D20,std_all__tvn_efaar_e0.2_c150,0.2573732402562976,0.020493617864747914,0.005274508834424517,370,55,1480,5817,7297
1921,openphenom,D20,std_all__tvn_efaar_e0.2_c150,0.25011083520963096,-0.06423406827455574,-0.016065636465061595,370,97,1480,5817,7297
1922,openphenom,D20,std_all__tvn_efaar_e0.2_c150,0.23721214686808334,0.05240821681039474,0.01243186562312171,370,69,1480,5817,7297
1923,openphenom,D20,std_all__tvn_efaar_e0.2_c150,0.23486924477911147,0.008713964388274438,0.0020466422349060894,370,50,1480,5753,7233
1924,openphenom,D20,std_all__tvn_efaar_e0.2_c150,0.21408982117465966,0.07164711873433745,0.015338918837513912,370,83,1480,5721,7201
1925,openphenom,D20,std_all__tvn_efaar_e0.2_c150,0.18902337012754397,-0.032406205250335,-0.006125530129463232,370,78,1480,5849,7329
1926,openphenom,D20,std_all__tvn_efaar_e0.2_c150,0.211854079142224,-0.029316060311403255,-0.006210726961350238,370,62,1480,5657,7137
1927,openphenom,D20,std_all__tvn_efaar_e0.2_c150,0.2438929120634386,0.06850090639016511,0.016706885538482378,370,67,1480,5593,7073
1928,openphenom,D20,std_all__tvn_efaar_e0.2_c150,0.20422371431771622,0.06660466182213019,0.013602251428190817,370,81,1480,5369,6849
1929,openphenom,D20,std_all__tvn_efaar_e0.2_c150,0.20051521220876029,0.04649117439618524,0.009322187699885567,370,88,1480,5881,7361
1930,openphenom,D20,std_all__tvn_efaar_e0.2_c150,0.20184761822221262,0.017685554615502207,0.00356978707607798,370,68,1480,5721,7201
1931,openphenom,D20,std_all__tvn_efaar_e0.2_c150,0.20543246654687086,-0.005981700521306168,-0.0012288354922366292,370,77,1480,5689,7169
1932,openphenom,D20,std_all__tvn_efaar_e0.2_c150,0.2051066416401299,0.0024891692811244005,0.0005105451517252022,370,51,1480,5945,7425
1933,openphenom,D20,std_all__tvn_efaar_e0.2_c150,0.1986134990555132,0.07732517618242009,0.015357823806674484,370,83,1480,5753,7233
1934,openphenom,D20,std_all__tvn_efaar_e0.2_c150,0.24593211194421843,-0.034165153633793875,-0.008402308388057616,370,60,1480,5689,7169
1935,openphenom,D20,std_all__tvn_efaar_e0.2_c150,0.2137833697811194,-0.010855663205416262,-0.0023207602612627964,370,77,1480,5689,7169
1936,openphenom,D20,std_all__tvn_efaar_e0.2_c150,0.21301454409962178,0.0032716324686951296,0.0006969052987806131,370,49,1480,5593,7073
1937,openphenom,D20,std_all__tvn_efaar_e0.2_c150,0.22885237386230592,-0.016481400859984247,-0.0037718077113836454,370,94,1480,5689,7169
1938,openphenom,D20,std_all__tvn_efaar_e0.2_c150,0.22596688752441563,0.011151213314373642,0.002519804964769835,370,68,1480,5785,7265
1939,openphenom,D20,std_all__tvn_efaar_e0.2_c150,0.19681004363235657,0.007566150391238313,0.0014890943886285842,370,90,1480,5657,7137
1940,openphenom,D20,std_all__tvn_efaar_e0.2_c150,0.21048144451007716,-0.005650509789698472,-0.0011893274627540668,370,91,1480,5849,7329
1941,openphenom,D20,std_all__tvn_efaar_e0.2_c150,0.21513749784631475,0.02611533852691114,0.005618388586089126,370,57,1480,5689,7169
1942,openphenom,D20,std_all__tvn_efaar_e0.2_c150,0.20059143747969885,-0.022068029003700675,-0.004426657660196005,370,69,1480,5625,7105
1943,openphenom,D20,std_all__tvn_efaar_e0.2_c150,0.21016714237689693,0.013527653901353933,0.0028430683635112374,370,111,1480,5497,6977
1944,openphenom,D20,std_all__tvn_efaar_e0.2_c150,0.20343149751668024,0.01356811533871222,0.002760182021833266,370,84,1480,5689,7169
1945,openphenom,D20,std_all__tvn_efaar_e0.2_c150,0.20741283725879753,0.03919724687314853,0.008130012186693266,370,76,1480,5625,7105
1946,openphenom,D20,std_all__tvn_efaar_e0.2_c150,0.21044809457808664,0.03418800306018511,0.007194800101445751,370,80,1480,5305,6785
1947,openphenom,D20,std_all__tvn_efaar_e0.2_c150,0.1959701539777373,-0.002056154583100434,-0.0004029449302522223,370,90,1480,5721,7201
1948,openphenom,D20,std_all__tvn_efaar_e0.2_c150,0.22576909393856062,0.029212555234398453,0.006595292126900295,370,64,1480,5529,7009
1949,openphenom,D20,std_all__tvn_efaar_e0.2_c150,0.2556891470344497,0.035147558949703846,0.008986849368192816,370,70,1480,5689,7169
1950,openphenom,D20,std_all__tvn_efaar_e0.2_c150,0.22631221594240533,0.049502361963355244,0.011202989230309964,370,96,1480,5689,7169
1951,openphenom,D20,std_all__tvn_efaar_e0.2_c150,0.2276250590615492,-0.016367046916093513,-0.0037255500209389327,370,48,1480,5689,7169
1952,openphenom,D20,std_all__tvn_efaar_e0.2_c150,0.2400973317822582,0.0014143394648103512,0.0003395791317353124,370,65,1480,5593,7073
1953,openphenom,D20,std_all__tvn_efaar_e0.2_c150,0.23904394396442982,-0.014059972177938484,-0.0033609512014445694,370,67,1480,5785,7265
1954,openphenom,D20,std_all__tvn_efaar_e0.2_c150,0.21987355965580163,0.017261277994289923,0.0037952986368128814,370,79,1480,5817,7297
1955,openphenom,D20,std_all__tvn_efaar_e0.2_c150,0.22348992312925428,-0.01606224175434589,-0.0035897491749622614,370,54,1480,5593,7073
1956,openphenom,D20,std_all__tvn_efaar_e0.2_c150,0.20953487750930389,0.004648444991873613,0.0009740113519809745,370,62,1480,5593,7073
1957,openphenom,D20,std_all__tvn_efaar_e0.2_c150,0.22225151675261284,0.04172137606843916,0.009272639112216766,370,64,1480,5721,7201
1958,openphenom,D20,std_all__tvn_efaar_e0.2_c150,0.22640152175821143,0.013624052445618515,0.003084506206201714,370,68,1480,5657,7137
1959,openphenom,D20,std_all__tvn_efaar_e0.2_c150,0.22611465830472244,-0.02863407920167884,-0.006474585034557971,370,86,1480,5945,7425
1960,openphenom,D20,std_all__tvn_efaar_e0.2_c150,0.22057384409418768,0.013372417676104966,0.0029496055716515365,370,74,1480,5657,7137
1961,openphenom,D20,std_all__tvn_efaar_e0.2_c150,0.24540968496294568,0.007115914748694651,0.001746314396700333,370,65,1480,5817,7297
1962,openphenom,D20,std_all__tvn_efaar_e0.2_c150,0.19576109901345876,-0.07774841329082502,-0.015220114832364509,370,82,1480,5564,7044
1963,openphenom,D20,std_all__tvn_efaar_e0.2_c150,0.22704539562077394,0.025681587491797532,0.00583088619224469,370,72,1480,5689,7169
1964,openphenom,D20,std_all__tvn_efaar_e0.2_c150,0.22654602118015366,0.005032297520532491,0.0011400469806713885,370,57,1480,5593,7073
1965,openphenom,D20,std_all__tvn_efaar_e0.2_c150,0.2228852725595254,0.010795059311355205,0.002406059736907647,370,57,1480,5727,7207
1966,openphenom,D20,std_all__tvn_efaar_e0.2_c150,0.24128483668532313,-0.00577435646167836,-0.0013932646558189035,370,78,1480,5785,7265
1967,openphenom,D20,std_all__tvn_efaar_e0.2_c150,0.20555145804721278,0.00803587365404733,0.0016517855462726124,370,62,1480,5785,7265
1968,openphenom,D20,std_all__tvn_efaar_e0.2_c150,0.20722247089252305,0.02786198332350161,0.005773629028262275,370,90,1480,5817,7297
1969,openphenom,D20,std_all__tvn_efaar_e0.2_c150,0.23139578824041793,0.10184543404368337,0.02356660448922561,370,45,1480,5689,7169
1970,openphenom,D20,std_all__tvn_efaar_e0.2_c150,0.22255853369831208,0.0024956805998351986,0.0005554350148786457,370,79,1480,5701,7181
1971,openphenom,D20,std_all__tvn_efaar_e0.2_c150,0.1845747480078848,-0.014359072822575873,-0.0026503222478538088,370,112,1480,5689,7169
1972,openphenom,D20,std_all__tvn_efaar_e0.2_c150,0.22562524637705286,0.036726857447396566,0.00828650626022375,370,55,1480,5689,7169
1973,openphenom,D20,std_all__tvn_efaar_e0.2_c150,0.2226244377576776,0.09733727317700454,0.02166965571389611,370,58,1480,5721,7201
1974,openphenom,D20,std_all__tvn_efaar_e0.2_c150,0.1851378197943072,-0.033668052932795796,-0.006233229916697144,370,67,1480,5849,7329
1975,openphenom,D20,std_all__tvn_efaar_e0.2_c150,0.21094557428264446,0.050125573026318274,0.010573767788283341,370,82,1480,5721,7201
1976,openphenom,D20,std_all__tvn_efaar_e0.2_c150,0.2150655787692704,0.005196475103142,0.0011175829256173384,370,65,1480,5497,6977
1977,openphenom,D20,std_all__tvn_efaar_e0.2_c150,0.1862916150539739,-0.001957440530482376,-0.0003646547577956692,370,53,1480,5753,7233
1978,openphenom,D20,std_all__tvn_efaar_e0.2_c150,0.1625218672146732,0.044336340912144286,0.007205624910507997,370,67,1480,5663,7143
1979,openphenom,D20,std_all__tvn_efaar_e0.2_c150,0.20280310158825615,0.008637371499070037,0.001751685729581409,370,65,1480,5561,7041
1980,openphenom,D20,std_all__tvn_efaar_e0.2_c150,0.20933073200786145,-0.03493990576892547,-0.0073139960508948705,370,49,1480,5657,7137
1981,openphenom,D20,std_all__tvn_efaar_e0.2_c150,0.21533582696891626,0.007188470193551524,0.001547935173769823,370,41,1480,5657,7137
1982,openphenom,D20,std_all__tvn_efaar_e0.2_c150,0.20155353549658728,0.0373299188326982,0.007523977120530958,370,74,1480,5753,7233
1983,openphenom,D20,std_all__tvn_efaar_e0.2_c150,0.20879045195016258,-0.0025823448351238246,-0.0005391689452166713,370,68,1480,5625,7105
1984,openphenom,D20,std_all__tvn_efaar_e0.2_c150,0.2327067635267165,0.02238073491428364,0.005208148387252331,370,60,1480,5721,7201
1985,openphenom,D20,std_all__tvn_efaar_e0.2_c150,0.2113139409840287,0.03189965794566938,0.006740842436541882,370,76,1480,5721,7201
1986,openphenom,D20,std_all__tvn_efaar_e0.2_c150,0.208189286727369,0.06969511508275575,0.014509776297460817,370,56,1480,5881,7361
1987,openphenom,D20,std_all__tvn_efaar_e0.2_c150,0.19610588998080425,0.01693729896919983,0.0033215040882258913,370,87,1480,5817,7297
1988,openphenom,D20,std_all__tvn_efaar_e0.2_c150,0.2204125233304866,0.08436385903013706,0.01859485104672997,370,63,1480,5785,7265
1989,openphenom,D20,std_all__tvn_efaar_e0.2_c150,0.2085995906192166,0.018260413166258392,0.003809114711019253,370,52,1480,5721,7201
1990,openphenom,D20,std_all__tvn_efaar_e0.2_c150,0.21633035329560207,-0.0040065588529925875,-0.0008667402921675087,370,74,1480,5785,7265
1991,openphenom,D20,std_all__tvn_efaar_e0.2_c150,0.21651871858630414,0.007855659182459906,0.0017008972598369523,370,65,1480,5433,6913
1992,openphenom,D20,std_all__tvn_efaar_e0.2_c150,0.26217404608773115,0.02895001688316921,0.0075899430605686,370,47,1480,5497,6977
1993,openphenom,D20,std_all__tvn_efaar_e0.2_c150,0.2244051893217479,0.01709134503867166,0.003835386519166431,370,72,1480,5625,7105
1994,openphenom,D20,std_all__tvn_efaar_e0.2_c150,0.23791420888240364,0.023661088118380594,0.00562930906098136,370,66,1480,5561,7041
1995,openphenom,D20,std_all__tvn_efaar_e0.2_c150,0.2411273757200465,0.034655102007178036,0.008356293802301356,370,93,1480,5497,6977
1996,openphenom,D20,std_all__tvn_efaar_e0.2_c150,0.2188561067352719,0.005900298677539153,0.0012913163971414925,370,88,1480,5721,7201
1997,openphenom,D20,std_all__tvn_efaar_e0.2_c150,0.2089766334716858,-0.05005298871831024,-0.010459905077548742,370,100,1480,5849,7329
1998,openphenom,D20,std_all__tvn_efaar_e0.2_c150,0.21925341166766982,-0.017471942593622194,-0.0038307830221133415,370,73,1480,5817,7297
1999,openphenom,D20,std_all__tvn_efaar_e0.2_c150,0.21789912922540094,0.09351438847742434,0.020376703819276632,370,92,1480,5721,7201
