sample_id,family,codec,config,pa,pc,product,pa_units,pc_targets,treatment_wells,control_wells,total_wells
0,openphenom,HQ,std_all__tvn_efaar_e0.2_c150,0.3164122997263354,-9.049818370502806e-05,-2.8634738427164302e-05,370,77,1480,5753,7233
1,openphenom,HQ,std_all__tvn_efaar_e0.2_c150,0.3034008378869842,-0.012267920475031882,-0.003722097351255562,370,65,1480,5753,7233
2,openphenom,HQ,std_all__tvn_efaar_e0.2_c150,0.2677093513064,0.036012845138297715,0.009640975410671522,370,88,1480,5625,7105
3,openphenom,HQ,std_all__tvn_efaar_e0.2_c150,0.3027057974390584,0.17031019503437608,0.05155388339988238,370,55,1480,5433,6913
4,openphenom,HQ,std_all__tvn_efaar_e0.2_c150,0.31740608420787053,0.05935865133835115,0.01884079708516631,370,56,1480,5657,7137
5,openphenom,HQ,std_all__tvn_efaar_e0.2_c150,0.27252939611867083,-0.015331625209951821,-0.00417831855998596,370,82,1480,5785,7265
6,openphenom,HQ,std_all__tvn_efaar_e0.2_c150,0.275014625059035,-0.02560654025285115,-0.007042173066696947,370,63,1480,5721,7201
7,openphenom,HQ,std_all__tvn_efaar_e0.2_c150,0.28520077302618985,-0.01036984278351589,-0.002957487178018788,370,49,1480,5561,7041
8,openphenom,HQ,std_all__tvn_efaar_e0.2_c150,0.2966280007377627,0.0134392006387195,0.0039864432169770285,370,81,1480,5529,7009
9,openphenom,HQ,std_all__tvn_efaar_e0.2_c150,0.27869893354495734,-0.034796099039624995,-0.0096976356938682,370,77,1480,5753,7233
10,openphenom,HQ,std_all__tvn_efaar_e0.2_c150,0.2851399799629911,0.03500516723146095,0.009981372682979928,370,85,1480,5753,7233
11,openphenom,HQ,std_all__tvn_efaar_e0.2_c150,0.29815050456456355,0.05138149389222537,0.015319418329248035,370,44,1480,5433,6913
12,openphenom,HQ,std_all__tvn_efaar_e0.2_c150,0.30282975505075294,0.0040156306785752525,0.0012160524547672326,370,92,1480,5785,7265
13,openphenom,HQ,std_all__tvn_efaar_e0.2_c150,0.30278749226705115,0.03769945535143428,0.011414923545694447,370,80,1480,5849,7329
14,openphenom,HQ,std_all__tvn_efaar_e0.2_c150,0.2867477527710652,-0.01882689966564047,-0.005398571170768723,370,93,1480,5753,7233
15,openphenom,HQ,std_all__tvn_efaar_e0.2_c150,0.2950889238941821,-0.01593336546561505,-0.00470175966926107,370,67,1480,5625,7105
16,openphenom,HQ,std_all__tvn_efaar_e0.2_c150,0.3003292693575405,0.030221891083957474,0.009076518467848117,370,58,1480,5785,7265
17,openphenom,HQ,std_all__tvn_efaar_e0.2_c150,0.2506727807687692,0.0015300263149748527,0.00038353595102413906,370,76,1480,5689,7169
18,openphenom,HQ,std_all__tvn_efaar_e0.2_c150,0.29131706695805254,-0.012501830724865578,-0.0036419966583739038,370,54,1480,5785,7265
19,openphenom,HQ,std_all__tvn_efaar_e0.2_c150,0.2903309421017789,0.04691235296456888,0.013620107632414464,370,98,1480,5593,7073
20,openphenom,HQ,std_all__tvn_efaar_e0.2_c150,0.2726893566817893,0.021509116361702746,0.00586530710346647,370,59,1480,5689,7169
21,openphenom,HQ,std_all__tvn_efaar_e0.2_c150,0.2962541298923691,0.05839359363658534,0.017299343274095172,370,58,1480,5913,7393
22,openphenom,HQ,std_all__tvn_efaar_e0.2_c150,0.2762690646726437,0.0138423460031793,0.0038242119831734538,370,87,1480,5785,7265
23,openphenom,HQ,std_all__tvn_efaar_e0.2_c150,0.31287838917254474,0.07120362176923038,0.022278074482407942,370,71,1480,5817,7297
24,openphenom,HQ,std_all__tvn_efaar_e0.2_c150,0.3128619044026319,0.050515480924556475,0.015804369563871563,370,77,1480,5465,6945
25,openphenom,HQ,std_all__tvn_efaar_e0.2_c150,0.2776182518208167,-0.001715583399433803,-0.00047627726420362626,370,109,1480,5785,7265
26,openphenom,HQ,std_all__tvn_efaar_e0.2_c150,0.27032508253881093,0.03271444391145978,0.008843534750576665,370,74,1480,5066,6546
27,openphenom,HQ,std_all__tvn_efaar_e0.2_c150,0.2969279623325585,-0.0015670915890711988,-0.0004653133123314022,370,48,1480,5785,7265
28,openphenom,HQ,std_all__tvn_efaar_e0.2_c150,0.2962829274626907,0.0807692483494242,0.0239305493499285,370,61,1480,5721,7201
29,openphenom,HQ,std_all__tvn_efaar_e0.2_c150,0.27634267770850346,-0.020727467175558328,-0.0057278837814089,370,101,1480,5753,7233
30,openphenom,HQ,std_all__tvn_efaar_e0.2_c150,0.3036543020680481,0.03177859209285605,0.009649706202661396,370,68,1480,5561,7041
31,openphenom,HQ,std_all__tvn_efaar_e0.2_c150,0.3014227036914028,0.03228022791869029,0.009729993575026331,370,72,1480,5913,7393
32,openphenom,HQ,std_all__tvn_efaar_e0.2_c150,0.2988454037222996,0.02079683011486281,0.006215037091820255,370,81,1480,5817,7297
33,openphenom,HQ,std_all__tvn_efaar_e0.2_c150,0.2852562309043289,0.03390528047516105,0.009671692516098574,370,59,1480,5913,7393
34,openphenom,HQ,std_all__tvn_efaar_e0.2_c150,0.28994150711972144,-0.008743866957228766,-0.0025352099636332414,370,80,1480,5785,7265
35,openphenom,HQ,std_all__tvn_efaar_e0.2_c150,0.28139939680503134,0.001676674551672319,0.0004718152074789369,370,54,1480,5625,7105
36,openphenom,HQ,std_all__tvn_efaar_e0.2_c150,0.29060901834551106,0.00837068187213003,0.0024325956417422727,370,57,1480,5657,7137
37,openphenom,HQ,std_all__tvn_efaar_e0.2_c150,0.29498955728362075,-0.002273325521223206,-0.0006706072890671899,370,64,1480,5593,7073
38,openphenom,HQ,std_all__tvn_efaar_e0.2_c150,0.28700044623440213,0.01163038100892391,0.003337924539437278,370,86,1480,5561,7041
39,openphenom,HQ,std_all__tvn_efaar_e0.2_c150,0.30700432229999847,0.02450714826116152,0.007523800443423478,370,65,1480,5753,7233
40,openphenom,HQ,std_all__tvn_efaar_e0.2_c150,0.30992731705572873,0.03191722282600992,0.00989201923833512,370,84,1480,5753,7233
41,openphenom,HQ,std_all__tvn_efaar_e0.2_c150,0.26605362333870575,-0.09618377469943014,-0.02559004176517712,370,103,1480,5945,7425
42,openphenom,HQ,std_all__tvn_efaar_e0.2_c150,0.29160723975698755,-0.006146752245749685,-0.00179243745585313,370,69,1480,5977,7457
43,openphenom,HQ,std_all__tvn_efaar_e0.2_c150,0.2911702741336507,0.006104597788354671,0.0017774774115109076,370,61,1480,5375,6855
44,openphenom,HQ,std_all__tvn_efaar_e0.2_c150,0.2559517027597909,0.03479365480697397,0.008905495193081371,370,72,1480,5785,7265
45,openphenom,HQ,std_all__tvn_efaar_e0.2_c150,0.2916742773801953,0.07095678449906409,0.020696268843986763,370,84,1480,5753,7233
46,openphenom,HQ,std_all__tvn_efaar_e0.2_c150,0.2682220531370578,0.03061006431049396,0.008210294296018068,370,71,1480,5753,7233
47,openphenom,HQ,std_all__tvn_efaar_e0.2_c150,0.2917476907744151,0.022033263876356866,0.006428153856150453,370,69,1480,5689,7169
48,openphenom,HQ,std_all__tvn_efaar_e0.2_c150,0.2961818050603998,-0.00808887571111897,-0.002395777809028442,370,71,1480,5753,7233
49,openphenom,HQ,std_all__tvn_efaar_e0.2_c150,0.28780641051854183,-0.03099646807397089,-0.008920982215122141,370,64,1480,5529,7009
50,openphenom,HQ,std_all__tvn_efaar_e0.2_c150,0.28617885154471934,-0.03567447272598549,-0.010209279634185942,370,65,1480,5881,7361
51,openphenom,HQ,std_all__tvn_efaar_e0.2_c150,0.26976917153653246,0.0419857502326703,0.011326461056607243,370,69,1480,5625,7105
52,openphenom,HQ,std_all__tvn_efaar_e0.2_c150,0.3146597952279444,0.060228326790059114,0.018951432974681718,370,60,1480,5689,7169
53,openphenom,HQ,std_all__tvn_efaar_e0.2_c150,0.26910591664067407,0.006979610031606445,0.0018782543553498964,370,64,1480,5913,7393
54,openphenom,HQ,std_all__tvn_efaar_e0.2_c150,0.25063955157589296,-0.02479858998893021,-0.006215507474539896,370,64,1480,5753,7233
55,openphenom,HQ,std_all__tvn_efaar_e0.2_c150,0.28427966783943126,0.0931200069970949,0.026472124658339653,370,69,1480,5657,7137
56,openphenom,HQ,std_all__tvn_efaar_e0.2_c150,0.2969879394871773,0.032440104360995904,0.009634319750921168,370,70,1480,5913,7393
57,openphenom,HQ,std_all__tvn_efaar_e0.2_c150,0.2844127352052545,-0.005470508437290554,-0.001555882267613229,370,75,1480,5529,7009
58,openphenom,HQ,std_all__tvn_efaar_e0.2_c150,0.2822001114162008,-0.009256312202775662,-0.002612132334926431,370,68,1480,5849,7329
59,openphenom,HQ,std_all__tvn_efaar_e0.2_c150,0.29777811963633477,-0.017586937564416462,-0.005237005198093555,370,86,1480,5561,7041
60,openphenom,HQ,std_all__tvn_efaar_e0.2_c150,0.2921043030649814,0.051871226230132066,0.01515180838707871,370,52,1480,5689,7169
61,openphenom,HQ,std_all__tvn_efaar_e0.2_c150,0.2755392020186648,0.038095268184960826,0.010496739796371134,370,73,1480,5657,7137
62,openphenom,HQ,std_all__tvn_efaar_e0.2_c150,0.2746644463634875,0.04461244637166978,0.012253452883595457,370,48,1480,5849,7329
63,openphenom,HQ,std_all__tvn_efaar_e0.2_c150,0.29288024121365175,-0.05119694319993077,-0.01499457307379735,370,53,1480,5721,7201
64,openphenom,HQ,std_all__tvn_efaar_e0.2_c150,0.27787888341287387,0.03929269872811109,0.01091861124884596,370,82,1480,5753,7233
65,openphenom,HQ,std_all__tvn_efaar_e0.2_c150,0.3036598568680455,0.008534814524926163,0.002591680557034394,370,56,1480,5497,6977
66,openphenom,HQ,std_all__tvn_efaar_e0.2_c150,0.3002793923194768,0.06880326963997417,0.020660203997084552,370,81,1480,5785,7265
67,openphenom,HQ,std_all__tvn_efaar_e0.2_c150,0.3054397294933825,-0.008222629048783008,-0.0025115175923847107,370,114,1480,6009,7489
68,openphenom,HQ,std_all__tvn_efaar_e0.2_c150,0.28143707598004813,-0.037258979184080415,-0.010486058155569071,370,81,1480,5785,7265
69,openphenom,HQ,std_all__tvn_efaar_e0.2_c150,0.29318243786004916,0.10699440044011418,0.03136887915840699,370,56,1480,5913,7393
70,openphenom,HQ,std_all__tvn_efaar_e0.2_c150,0.3092922890205619,0.10968376384580387,0.03392434238825943,370,60,1480,5785,7265
71,openphenom,HQ,std_all__tvn_efaar_e0.2_c150,0.2874245354730489,0.08819094461738455,0.025348241289581137,370,73,1480,5663,7143
72,openphenom,HQ,std_all__tvn_efaar_e0.2_c150,0.2708724841906737,-0.045696389065400196,-0.01237789442468849,370,75,1480,5881,7361
73,openphenom,HQ,std_all__tvn_efaar_e0.2_c150,0.2780279991566319,0.03989034319143492,0.011090632303186024,370,45,1480,5625,7105
74,openphenom,HQ,std_all__tvn_efaar_e0.2_c150,0.28149391099656734,0.031000475862249483,0.00872644519321929,370,130,1480,5657,7137
75,openphenom,HQ,std_all__tvn_efaar_e0.2_c150,0.2717535360449984,0.0011097113704417365,0.000301567988906883,370,74,1480,5785,7265
76,openphenom,HQ,std_all__tvn_efaar_e0.2_c150,0.29773831799257255,0.043157284298277955,0.01284957723609654,370,77,1480,5625,7105
77,openphenom,HQ,std_all__tvn_efaar_e0.2_c150,0.2886824715105759,-0.028503086530428674,-0.008228341465283956,370,98,1480,5849,7329
78,openphenom,HQ,std_all__tvn_efaar_e0.2_c150,0.28898312508528107,-0.009960753763959593,-0.002878489750914019,370,98,1480,5849,7329
79,openphenom,HQ,std_all__tvn_efaar_e0.2_c150,0.28657279064738567,-0.005501322500302748,-0.0015765293411630118,370,102,1480,5753,7233
80,openphenom,HQ,std_all__tvn_efaar_e0.2_c150,0.2969976066822846,0.04128396676943937,0.01226123932487446,370,68,1480,5817,7297
81,openphenom,HQ,std_all__tvn_efaar_e0.2_c150,0.24893474492308373,0.01083199798392325,0.0026964606551352914,370,69,1480,5625,7105
82,openphenom,HQ,std_all__tvn_efaar_e0.2_c150,0.2754784328861737,-0.02374463258664144,-0.006541134174425956,370,67,1480,5689,7169
83,openphenom,HQ,std_all__tvn_efaar_e0.2_c150,0.28310754124879084,-0.058489628942375096,-0.016558855038429927,370,97,1480,5753,7233
84,openphenom,HQ,std_all__tvn_efaar_e0.2_c150,0.28204498448024995,0.0027597397850209556,0.0007783707648357637,370,77,1480,5817,7297
85,openphenom,HQ,std_all__tvn_efaar_e0.2_c150,0.2668463000285416,-0.016342453786151647,-0.004360923326221998,370,90,1480,5785,7265
86,openphenom,HQ,std_all__tvn_efaar_e0.2_c150,0.29033135225145357,0.02640508434893207,0.0076662238453391405,370,117,1480,5945,7425
87,openphenom,HQ,std_all__tvn_efaar_e0.2_c150,0.2534795121773809,0.030604367344439082,0.007757580104965784,370,55,1480,5657,7137
88,openphenom,HQ,std_all__tvn_efaar_e0.2_c150,0.3227243530541301,0.0791979576128392,0.025559109633811947,370,80,1480,5753,7233
89,openphenom,HQ,std_all__tvn_efaar_e0.2_c150,0.30453499224754177,0.019539913316477593,0.005950587350351142,370,73,1480,5721,7201
90,openphenom,HQ,std_all__tvn_efaar_e0.2_c150,0.27855472485995947,0.06105680157863282,0.017007660564565204,370,64,1480,5721,7201
91,openphenom,HQ,std_all__tvn_efaar_e0.2_c150,0.34862745243976484,0.016017878957171564,0.005584272334327239,370,83,1480,5849,7329
92,openphenom,HQ,std_all__tvn_efaar_e0.2_c150,0.24936786252065488,0.0131291266562654,0.0032739822510358552,370,58,1480,5625,7105
93,openphenom,HQ,std_all__tvn_efaar_e0.2_c150,0.28555612372475886,0.03740954438190053,0.010682524484004845,370,81,1480,5785,7265
94,openphenom,HQ,std_all__tvn_efaar_e0.2_c150,0.29027686913169937,0.0174898407679508,0.005076896219732715,370,61,1480,5561,7041
95,openphenom,HQ,std_all__tvn_efaar_e0.2_c150,0.28391939725681437,0.0482690977828685,0.01370453314864226,370,66,1480,5753,7233
96,openphenom,HQ,std_all__tvn_efaar_e0.2_c150,0.2998084637929231,0.030934534974976554,0.009274435408996171,370,47,1480,5689,7169
97,openphenom,HQ,std_all__tvn_efaar_e0.2_c150,0.28813964798848485,0.070000992012806,0.02017006119741466,370,85,1480,5689,7169
98,openphenom,HQ,std_all__tvn_efaar_e0.2_c150,0.3073309996605094,0.0038481255855815502,0.001182648283035961,370,73,1480,5625,7105
99,openphenom,HQ,std_all__tvn_efaar_e0.2_c150,0.293108985145914,0.04209999433132193,0.012339886613102502,370,62,1480,5785,7265
100,openphenom,HQ,std_all__tvn_efaar_e0.2_c150,0.26946697196280633,0.0340032793857532,0.009162760732884228,370,52,1480,5689,7169
101,openphenom,HQ,std_all__tvn_efaar_e0.2_c150,0.29134603136993215,-0.020321942124519998,-0.005920717187708349,370,72,1480,5433,6913
102,openphenom,HQ,std_all__tvn_efaar_e0.2_c150,0.29313910887223404,0.0023110284460138536,0.0006774528192428848,370,72,1480,5753,7233
103,openphenom,HQ,std_all__tvn_efaar_e0.2_c150,0.27356361666639956,0.09761267229459082,0.026703275665380322,370,79,1480,5497,6977
104,openphenom,HQ,std_all__tvn_efaar_e0.2_c150,0.32811844874789114,-0.01123998386210897,-0.0036880460687865255,370,78,1480,5625,7105
105,openphenom,HQ,std_all__tvn_efaar_e0.2_c150,0.2940075390815198,0.14590609928232,0.0428974931869788,370,45,1480,5689,7169
106,openphenom,HQ,std_all__tvn_efaar_e0.2_c150,0.28330222834209223,-0.019755041079298735,-0.005596647158754902,370,53,1480,5625,7105
107,openphenom,HQ,std_all__tvn_efaar_e0.2_c150,0.2863446257526312,0.04377619872712067,0.01253507924139018,370,58,1480,5753,7233
108,openphenom,HQ,std_all__tvn_efaar_e0.2_c150,0.3046301488383304,0.09003322070512199,0.02742683342379556,370,61,1480,5657,7137
109,openphenom,HQ,std_all__tvn_efaar_e0.2_c150,0.29579534813285546,0.08199564340356763,0.02425392988593576,370,76,1480,5913,7393
110,openphenom,HQ,std_all__tvn_efaar_e0.2_c150,0.29357353762383526,0.010795893996976358,0.003169388792504276,370,87,1480,5689,7169
111,openphenom,HQ,std_all__tvn_efaar_e0.2_c150,0.2759750074567802,0.031018671372902044,0.008560378063436057,370,78,1480,5599,7079
112,openphenom,HQ,std_all__tvn_efaar_e0.2_c150,0.31043065578751305,-0.02189575788323098,-0.006797114478656002,370,52,1480,5759,7239
113,openphenom,HQ,std_all__tvn_efaar_e0.2_c150,0.28280587681472014,0.029518941483875277,0.008348130128989764,370,67,1480,5593,7073
114,openphenom,HQ,std_all__tvn_efaar_e0.2_c150,0.3020550599327368,0.00971258200107689,0.0029337345384369004,370,60,1480,5625,7105
115,openphenom,HQ,std_all__tvn_efaar_e0.2_c150,0.3014330144045494,0.014046967586841989,0.004234219782944779,370,59,1480,5913,7393
116,openphenom,HQ,std_all__tvn_efaar_e0.2_c150,0.2564587698573597,0.07340611634590039,0.01882564229807584,370,72,1480,5625,7105
117,openphenom,HQ,std_all__tvn_efaar_e0.2_c150,0.30349112343504886,-0.0028876888702717538,-0.0008763879393696617,370,60,1480,5945,7425
118,openphenom,HQ,std_all__tvn_efaar_e0.2_c150,0.31236699222547176,0.021995638102416785,0.006870711316131914,370,53,1480,5721,7201
119,openphenom,HQ,std_all__tvn_efaar_e0.2_c150,0.2806231572791062,0.017207889714980995,0.004828932341928625,370,84,1480,5794,7274
120,openphenom,HQ,std_all__tvn_efaar_e0.2_c150,0.31999669414345194,0.08071388231153971,0.02582817551117635,370,52,1480,5529,7009
121,openphenom,HQ,std_all__tvn_efaar_e0.2_c150,0.2815176963428924,0.07637295411015287,0.021500338103991674,370,61,1480,5721,7201
122,openphenom,HQ,std_all__tvn_efaar_e0.2_c150,0.28926075702744,0.013749167713042838,0.0039770946611720065,370,93,1480,5625,7105
123,openphenom,HQ,std_all__tvn_efaar_e0.2_c150,0.3042758495588113,0.06041306172225546,0.018382235679988184,370,75,1480,5721,7201
124,openphenom,HQ,std_all__tvn_efaar_e0.2_c150,0.2802912142596667,-0.013697582380293121,-0.0038393119977941747,370,75,1480,5561,7041
125,openphenom,HQ,std_all__tvn_efaar_e0.2_c150,0.29141493084902304,-0.0025251785463919364,-0.0007358747314782426,370,61,1480,5593,7073
126,openphenom,HQ,std_all__tvn_efaar_e0.2_c150,0.2986101268126151,0.01033922965985949,0.0030873986798753937,370,60,1480,5689,7169
127,openphenom,HQ,std_all__tvn_efaar_e0.2_c150,0.26446290368910275,0.010909970318795441,0.0028852824296705685,370,82,1480,5881,7361
128,openphenom,HQ,std_all__tvn_efaar_e0.2_c150,0.30956210863487077,0.049969596165390345,0.015468693556591188,370,76,1480,5657,7137
129,openphenom,HQ,std_all__tvn_efaar_e0.2_c150,0.3309858468030728,0.07504022993767075,0.024837254050217247,370,77,1480,5689,7169
130,openphenom,HQ,std_all__tvn_efaar_e0.2_c150,0.2608183686666285,0.04909484680167247,0.012804837852750257,370,98,1480,5785,7265
131,openphenom,HQ,std_all__tvn_efaar_e0.2_c150,0.29155112907222447,0.021857204070868042,0.0063724925252235986,370,86,1480,5753,7233
132,openphenom,HQ,std_all__tvn_efaar_e0.2_c150,0.32884016566207835,0.04041704887003241,0.013290749045993774,370,100,1480,5849,7329
133,openphenom,HQ,std_all__tvn_efaar_e0.2_c150,0.28247583543263083,-0.01272306361651501,-0.003593958024337587,370,120,1480,5753,7233
134,openphenom,HQ,std_all__tvn_efaar_e0.2_c150,0.27132554190757846,-0.009630700186046613,-0.002613054946928514,370,63,1480,5337,6817
135,openphenom,HQ,std_all__tvn_efaar_e0.2_c150,0.2713845908930859,0.04627834160383954,0.012559228803368471,370,77,1480,5625,7105
136,openphenom,HQ,std_all__tvn_efaar_e0.2_c150,0.2926865283030331,-0.008596766597405815,-0.0025161577700261867,370,68,1480,5529,7009
137,openphenom,HQ,std_all__tvn_efaar_e0.2_c150,0.2790314790525023,0.009299400395908925,0.0025948254467718927,370,79,1480,5529,7009
138,openphenom,HQ,std_all__tvn_efaar_e0.2_c150,0.27761385615297585,0.06213530087606325,0.017249620479429295,370,87,1480,5497,6977
139,openphenom,HQ,std_all__tvn_efaar_e0.2_c150,0.302287083061506,-0.01896743172737499,-0.005733609610036447,370,78,1480,5561,7041
140,openphenom,HQ,std_all__tvn_efaar_e0.2_c150,0.32861852703692573,0.15580309178155427,0.051199782529053314,370,43,1480,5625,7105
141,openphenom,HQ,std_all__tvn_efaar_e0.2_c150,0.30893365588349564,-0.016741261886907364,-0.00517193923882532,370,77,1480,5593,7073
142,openphenom,HQ,std_all__tvn_efaar_e0.2_c150,0.30041488019365853,0.035135254162237645,0.010555153169722364,370,68,1480,5913,7393
143,openphenom,HQ,std_all__tvn_efaar_e0.2_c150,0.2784731760686038,-0.05994494492027154,-0.01669305920120553,370,79,1480,5849,7329
144,openphenom,HQ,std_all__tvn_efaar_e0.2_c150,0.27894628657302806,-0.0053107570567867525,-0.0014814159598821686,370,80,1480,5625,7105
145,openphenom,HQ,std_all__tvn_efaar_e0.2_c150,0.29353268272042304,0.01079844358516973,0.003169696114760014,370,95,1480,5753,7233
146,openphenom,HQ,std_all__tvn_efaar_e0.2_c150,0.3048729096404484,-0.0005398381122416902,-0.00016458201601393104,370,69,1480,5529,7009
147,openphenom,HQ,std_all__tvn_efaar_e0.2_c150,0.28652118248756514,-0.013566159693277907,-0.0038869921171331297,370,82,1480,5721,7201
148,openphenom,HQ,std_all__tvn_efaar_e0.2_c150,0.2919453335225557,0.02535890637768813,0.007403414380201426,370,75,1480,5657,7137
149,openphenom,HQ,std_all__tvn_efaar_e0.2_c150,0.29194743243171356,0.0521265659038327,0.015218217077106463,370,46,1480,5497,6977
150,openphenom,HQ,std_all__tvn_efaar_e0.2_c150,0.27752879541926423,0.04067163354483823,0.011287549465432693,370,84,1480,5849,7329
151,openphenom,HQ,std_all__tvn_efaar_e0.2_c150,0.30155412048896785,0.05857566630019935,0.01766373353321189,370,98,1480,5785,7265
152,openphenom,HQ,std_all__tvn_efaar_e0.2_c150,0.26917505272558445,0.024235834774353447,0.006523682103235142,370,69,1480,5657,7137
153,openphenom,HQ,std_all__tvn_efaar_e0.2_c150,0.3048227202101429,-0.022380203907193707,-0.006821994633848454,370,85,1480,5753,7233
154,openphenom,HQ,std_all__tvn_efaar_e0.2_c150,0.2859879731840646,0.003100793165165447,0.0008867895525686666,370,76,1480,5721,7201
155,openphenom,HQ,std_all__tvn_efaar_e0.2_c150,0.28961627049235794,0.004139022656566249,0.0011987283052780889,370,83,1480,5497,6977
156,openphenom,HQ,std_all__tvn_efaar_e0.2_c150,0.2934888043594833,0.08312469019488251,0.024396165938048536,370,63,1480,5785,7265
157,openphenom,HQ,std_all__tvn_efaar_e0.2_c150,0.29634008097448694,0.022803603322993242,0.006757621655245897,370,95,1480,5593,7073
158,openphenom,HQ,std_all__tvn_efaar_e0.2_c150,0.26507959752802784,0.028026552449770776,0.0074292672434834,370,78,1480,5625,7105
159,openphenom,HQ,std_all__tvn_efaar_e0.2_c150,0.2657590615664,0.035721473633918595,0.009493305310719105,370,56,1480,5849,7329
160,openphenom,HQ,std_all__tvn_efaar_e0.2_c150,0.26413754349271606,-0.004199807177594845,-0.0011093267510329794,370,76,1480,5817,7297
161,openphenom,HQ,std_all__tvn_efaar_e0.2_c150,0.30906271461423024,0.028318936273866422,0.00875232731978855,370,95,1480,5657,7137
162,openphenom,HQ,std_all__tvn_efaar_e0.2_c150,0.3044811060674413,0.012906308530062496,0.003929727096481081,370,108,1480,5849,7329
163,openphenom,HQ,std_all__tvn_efaar_e0.2_c150,0.3006984326790488,0.029411349976801435,0.00884394684099917,370,75,1480,5785,7265
164,openphenom,HQ,std_all__tvn_efaar_e0.2_c150,0.2921425159872628,0.009722955405254235,0.0028404886549229288,370,49,1480,5785,7265
165,openphenom,HQ,std_all__tvn_efaar_e0.2_c150,0.2929552818933072,-0.033786787972078625,-0.009898017994629695,370,83,1480,5849,7329
166,openphenom,HQ,std_all__tvn_efaar_e0.2_c150,0.30282606396090056,-0.026420346867419127,-0.008000769650342243,370,84,1480,5631,7111
167,openphenom,HQ,std_all__tvn_efaar_e0.2_c150,0.2781437517542573,0.026137617956097495,0.0072700151202284005,370,49,1480,5785,7265
168,openphenom,HQ,std_all__tvn_efaar_e0.2_c150,0.28309299663194765,-0.00934258573604278,-0.0026448205923072406,370,49,1480,5721,7201
169,openphenom,HQ,std_all__tvn_efaar_e0.2_c150,0.28099348607849217,0.001786700996487651,0.0005020513415829809,370,53,1480,5689,7169
170,openphenom,HQ,std_all__tvn_efaar_e0.2_c150,0.28100120181358956,-0.06353304054802394,-0.017852860748866245,370,57,1480,5497,6977
171,openphenom,HQ,std_all__tvn_efaar_e0.2_c150,0.2786560848498342,0.009046137992273716,0.002520761395938333,370,78,1480,5561,7041
172,openphenom,HQ,std_all__tvn_efaar_e0.2_c150,0.2832816190466825,-0.031226703445383794,-0.008845951109498939,370,58,1480,5689,7169
173,openphenom,HQ,std_all__tvn_efaar_e0.2_c150,0.2964120518826823,0.02605837545829247,0.007724016538321804,370,61,1480,5753,7233
174,openphenom,HQ,std_all__tvn_efaar_e0.2_c150,0.29941527510536814,0.05919373133636732,0.017723507352591674,370,81,1480,5497,6977
175,openphenom,HQ,std_all__tvn_efaar_e0.2_c150,0.29267627117527034,0.1365492068484916,0.039964712692357206,370,81,1480,5433,6913
176,openphenom,HQ,std_all__tvn_efaar_e0.2_c150,0.29214286118276295,-0.03838884379579442,-0.01121502666400154,370,67,1480,5497,6977
177,openphenom,HQ,std_all__tvn_efaar_e0.2_c150,0.2739574388367505,0.0010284581670779874,0.0002817537654034243,370,74,1480,5657,7137
178,openphenom,HQ,std_all__tvn_efaar_e0.2_c150,0.2975453306739373,0.03778005730532773,0.011241279643794039,370,66,1480,5657,7137
179,openphenom,HQ,std_all__tvn_efaar_e0.2_c150,0.280979030465988,-0.007976311344226123,-0.0022411762281955173,370,99,1480,5561,7041
180,openphenom,HQ,std_all__tvn_efaar_e0.2_c150,0.26978508333222606,-0.04843764835919297,-0.013067754999001938,370,79,1480,5753,7233
181,openphenom,HQ,std_all__tvn_efaar_e0.2_c150,0.2854659147441257,-0.014498737915018763,-0.004138895481546169,370,73,1480,5593,7073
182,openphenom,HQ,std_all__tvn_efaar_e0.2_c150,0.2601006788558114,0.050869296461380324,0.013231138542522546,370,82,1480,5657,7137
183,openphenom,HQ,std_all__tvn_efaar_e0.2_c150,0.2936503981068129,0.04605671295277665,0.01352457209407407,370,126,1480,5593,7073
184,openphenom,HQ,std_all__tvn_efaar_e0.2_c150,0.3019206774325002,0.030884900722600847,0.009324790148603162,370,69,1480,5721,7201
185,openphenom,HQ,std_all__tvn_efaar_e0.2_c150,0.26700464911884436,0.03469292920312963,0.009263173388786535,370,80,1480,5817,7297
186,openphenom,HQ,std_all__tvn_efaar_e0.2_c150,0.30206483784077853,0.018765426236546714,0.005668375433155575,370,62,1480,5721,7201
187,openphenom,HQ,std_all__tvn_efaar_e0.2_c150,0.282270590771509,0.03928896781211047,0.011090120155127224,370,77,1480,5721,7201
188,openphenom,HQ,std_all__tvn_efaar_e0.2_c150,0.30369509466043504,0.048007687492816406,0.014579699197559462,370,50,1480,5657,7137
189,openphenom,HQ,std_all__tvn_efaar_e0.2_c150,0.2612132499725125,0.05874903745219295,0.015346027005644174,370,49,1480,5753,7233
190,openphenom,HQ,std_all__tvn_efaar_e0.2_c150,0.31201545179238854,0.015654747841976666,0.004884523220610269,370,78,1480,5721,7201
191,openphenom,HQ,std_all__tvn_efaar_e0.2_c150,0.2986012459354561,0.08430553493751998,0.025173737771598592,370,90,1480,5465,6945
192,openphenom,HQ,std_all__tvn_efaar_e0.2_c150,0.27127053533503387,0.059950086939714806,0.01626269217751826,370,98,1480,5497,6977
193,openphenom,HQ,std_all__tvn_efaar_e0.2_c150,0.29301261531288253,0.03954307316650395,0.011586619286025989,370,85,1480,5721,7201
194,openphenom,HQ,std_all__tvn_efaar_e0.2_c150,0.30089049130629403,0.05880070900627978,0.01769257422205795,370,71,1480,5689,7169
195,openphenom,HQ,std_all__tvn_efaar_e0.2_c150,0.2873610925272015,0.04024432078404141,0.011564651988517301,370,88,1480,5881,7361
196,openphenom,HQ,std_all__tvn_efaar_e0.2_c150,0.25555901314510193,0.005682553941849332,0.0014522278775228243,370,54,1480,5625,7105
197,openphenom,HQ,std_all__tvn_efaar_e0.2_c150,0.24939714119114226,0.012684544153185167,0.003163489049117199,370,79,1480,5433,6913
198,openphenom,HQ,std_all__tvn_efaar_e0.2_c150,0.2842574143475401,-0.01194896950936492,-0.003396583176849667,370,82,1480,5753,7233
199,openphenom,HQ,std_all__tvn_efaar_e0.2_c150,0.2894033080078058,-0.03630409781147718,-0.010506526000880437,370,85,1480,5721,7201
200,openphenom,HQ,std_all__tvn_efaar_e0.2_c150,0.2851072801864894,0.03205202186654709,0.009138264778849126,370,51,1480,5561,7041
201,openphenom,HQ,std_all__tvn_efaar_e0.2_c150,0.29861779915672165,0.004036402536404329,0.0012053416419316697,370,83,1480,5689,7169
202,openphenom,HQ,std_all__tvn_efaar_e0.2_c150,0.28994964332974055,0.04004190070642944,0.011610134828074102,370,34,1480,5657,7137
203,openphenom,HQ,std_all__tvn_efaar_e0.2_c150,0.2959684808374624,0.013140685559687894,0.0038892287422636054,370,71,1480,5465,6945
204,openphenom,HQ,std_all__tvn_efaar_e0.2_c150,0.2757915335084978,0.012657024148893262,0.0034907000996773616,370,72,1480,5561,7041
205,openphenom,HQ,std_all__tvn_efaar_e0.2_c150,0.2880866315178001,0.016894755412860694,0.004867153177208158,370,72,1480,5721,7201
206,openphenom,HQ,std_all__tvn_efaar_e0.2_c150,0.255093166621321,-0.047902256692820507,-0.01221953834807895,370,70,1480,5337,6817
207,openphenom,HQ,std_all__tvn_efaar_e0.2_c150,0.31612859312424546,0.022894212306287343,0.007237515127074405,370,53,1480,5657,7137
208,openphenom,HQ,std_all__tvn_efaar_e0.2_c150,0.2725450175212668,-0.014243965014213785,-0.0038821216943712078,370,60,1480,5881,7361
209,openphenom,HQ,std_all__tvn_efaar_e0.2_c150,0.24738624588678174,0.04707204216618854,0.011644975797717675,370,54,1480,5881,7361
210,openphenom,HQ,std_all__tvn_efaar_e0.2_c150,0.25833211752006463,-0.03836017970763146,-0.009909666452322649,370,74,1480,5657,7137
211,openphenom,HQ,std_all__tvn_efaar_e0.2_c150,0.29681043640654353,0.04275070758290468,0.012688856174370468,370,65,1480,5817,7297
212,openphenom,HQ,std_all__tvn_efaar_e0.2_c150,0.305159238980253,0.015296905828684322,0.004667992141433904,370,67,1480,5913,7393
213,openphenom,HQ,std_all__tvn_efaar_e0.2_c150,0.3389993443341988,-0.010040647934183593,-0.003403773066378766,370,67,1480,5753,7233
214,openphenom,HQ,std_all__tvn_efaar_e0.2_c150,0.29550539257581776,0.04869542285395275,0.014389760047102755,370,96,1480,5657,7137
215,openphenom,HQ,std_all__tvn_efaar_e0.2_c150,0.2525501906171578,0.01133210806519356,0.0028619260519588646,370,67,1480,5401,6881
216,openphenom,HQ,std_all__tvn_efaar_e0.2_c150,0.3073552560504961,-0.022272448086356502,-0.006845553984453484,370,60,1480,5657,7137
217,openphenom,HQ,std_all__tvn_efaar_e0.2_c150,0.33019246399097363,0.005529259098840395,0.0018257196858906205,370,58,1480,5689,7169
218,openphenom,HQ,std_all__tvn_efaar_e0.2_c150,0.24971435320093152,-0.02050871645332467,-0.0051213208641232725,370,96,1480,5785,7265
219,openphenom,HQ,std_all__tvn_efaar_e0.2_c150,0.26214100746190455,0.014355765766787513,0.0037632349009927993,370,77,1480,5561,7041
220,openphenom,HQ,std_all__tvn_efaar_e0.2_c150,0.2951357049870145,-0.019557323032434105,-0.0057720643208362165,370,91,1480,5849,7329
221,openphenom,HQ,std_all__tvn_efaar_e0.2_c150,0.23198368636389138,-0.008787872068814935,-0.0020386429578179654,370,74,1480,5945,7425
222,openphenom,HQ,std_all__tvn_efaar_e0.2_c150,0.2844583667398559,-0.03458774713567922,-0.009838774059426441,370,60,1480,5465,6945
223,openphenom,HQ,std_all__tvn_efaar_e0.2_c150,0.2998131449731686,0.05998157024265878,0.01798326321488055,370,61,1480,5625,7105
224,openphenom,HQ,std_all__tvn_efaar_e0.2_c150,0.28745787673614454,0.00795625361681894,0.002287087771465043,370,57,1480,5625,7105
225,openphenom,HQ,std_all__tvn_efaar_e0.2_c150,0.2740754807749968,0.006631079694989431,0.0018174163554615476,370,86,1480,5786,7266
226,openphenom,HQ,std_all__tvn_efaar_e0.2_c150,0.281050217846071,0.14627172491425974,0.04110970015187327,370,80,1480,5561,7041
227,openphenom,HQ,std_all__tvn_efaar_e0.2_c150,0.284883112512207,0.13593745730715706,0.038726285944658156,370,45,1480,5721,7201
228,openphenom,HQ,std_all__tvn_efaar_e0.2_c150,0.3126292781842114,0.0036137989416873406,0.0011297793546425803,370,48,1480,5689,7169
229,openphenom,HQ,std_all__tvn_efaar_e0.2_c150,0.3060532042418562,0.043057879559644234,0.013178002007089042,370,63,1480,5721,7201
230,openphenom,HQ,std_all__tvn_efaar_e0.2_c150,0.2903969411684272,0.095122768847096,0.027623361108668035,370,87,1480,5785,7265
231,openphenom,HQ,std_all__tvn_efaar_e0.2_c150,0.31169386661784776,0.008419547953924422,0.002624321456933092,370,45,1480,5657,7137
232,openphenom,HQ,std_all__tvn_efaar_e0.2_c150,0.29214565405372933,-0.012654473911401455,-0.003696949557552233,370,78,1480,5689,7169
233,openphenom,HQ,std_all__tvn_efaar_e0.2_c150,0.28677951925680534,0.025738853622902312,0.007381376068197208,370,75,1480,5689,7169
234,openphenom,HQ,std_all__tvn_efaar_e0.2_c150,0.29830550468195904,0.022920263031803036,0.006837240631145253,370,76,1480,5721,7201
235,openphenom,HQ,std_all__tvn_efaar_e0.2_c150,0.29558673333086677,0.027846062522635506,0.008230926657192904,370,75,1480,5721,7201
236,openphenom,HQ,std_all__tvn_efaar_e0.2_c150,0.2972719887703739,0.03442530408749398,0.010233678610114217,370,71,1480,5689,7169
237,openphenom,HQ,std_all__tvn_efaar_e0.2_c150,0.2609604700511048,-0.027700284027012804,-0.007228679140238371,370,77,1480,5753,7233
238,openphenom,HQ,std_all__tvn_efaar_e0.2_c150,0.26167247708429625,0.025946363321923835,0.006789449161776939,370,58,1480,5785,7265
239,openphenom,HQ,std_all__tvn_efaar_e0.2_c150,0.30846391763127134,-0.01033039111798743,-0.0031865529149176916,370,58,1480,5657,7137
240,openphenom,HQ,std_all__tvn_efaar_e0.2_c150,0.2787325125444438,0.003197517880256368,0.0008912521926696416,370,61,1480,5817,7297
241,openphenom,HQ,std_all__tvn_efaar_e0.2_c150,0.2966228980833084,-0.02121212738459236,-0.006292002699330094,370,86,1480,5785,7265
242,openphenom,HQ,std_all__tvn_efaar_e0.2_c150,0.2687287270055302,0.04275425747327702,0.011489297184860409,370,72,1480,5753,7233
243,openphenom,HQ,std_all__tvn_efaar_e0.2_c150,0.28607664783591974,0.12455666741857525,0.03563275388071953,370,75,1480,5849,7329
244,openphenom,HQ,std_all__tvn_efaar_e0.2_c150,0.2701458286137449,0.057264136404858605,0.015469667578941044,370,76,1480,5721,7201
245,openphenom,HQ,std_all__tvn_efaar_e0.2_c150,0.31083985951928944,0.05202833600179111,0.016172480653819137,370,83,1480,5529,7009
246,openphenom,HQ,std_all__tvn_efaar_e0.2_c150,0.2684736800801853,0.01182018666265988,0.003173409012559022,370,57,1480,5913,7393
247,openphenom,HQ,std_all__tvn_efaar_e0.2_c150,0.2829294652751619,-0.0033010476726560737,-0.0009339636528724006,370,65,1480,5817,7297
248,openphenom,HQ,std_all__tvn_efaar_e0.2_c150,0.32176563478008813,0.01967665343666705,0.006331270883396975,370,72,1480,5721,7201
249,openphenom,HQ,std_all__tvn_efaar_e0.2_c150,0.3013107123916228,0.041280718737205103,0.012438322770745483,370,70,1480,5657,7137
250,openphenom,HQ,std_all__tvn_efaar_e0.2_c150,0.31180931402039036,0.06327630616892428,0.019730141620276476,370,81,1480,5817,7297
251,openphenom,HQ,std_all__tvn_efaar_e0.2_c150,0.3044060949348435,0.03717241311634519,0.011315509116051396,370,89,1480,5401,6881
252,openphenom,HQ,std_all__tvn_efaar_e0.2_c150,0.2973965926504385,0.007727768047112263,0.0022982118860041204,370,56,1480,5753,7233
253,openphenom,HQ,std_all__tvn_efaar_e0.2_c150,0.28625274683645086,0.015490522195494488,0.004434204528391307,370,51,1480,5849,7329
254,openphenom,HQ,std_all__tvn_efaar_e0.2_c150,0.2820916564157699,0.028467727700496465,0.008030508461426144,370,58,1480,5625,7105
255,openphenom,HQ,std_all__tvn_efaar_e0.2_c150,0.28416723503650804,-0.0017677833902547538,-0.0005023461181521576,370,61,1480,5881,7361
256,openphenom,HQ,std_all__tvn_efaar_e0.2_c150,0.2925829570472521,0.027338763729239376,0.00799885633391702,370,58,1480,5721,7201
257,openphenom,HQ,std_all__tvn_efaar_e0.2_c150,0.29658531227772766,-0.009503626794929327,-0.0028186361207450943,370,69,1480,5817,7297
258,openphenom,HQ,std_all__tvn_efaar_e0.2_c150,0.30654063813008464,-0.015924004075578944,-0.004881354370914038,370,65,1480,5689,7169
259,openphenom,HQ,std_all__tvn_efaar_e0.2_c150,0.30942986888927637,0.08815660499837152,0.027278286726369828,370,77,1480,5529,7009
260,openphenom,HQ,std_all__tvn_efaar_e0.2_c150,0.2864185278138822,-0.06898308957630915,-0.019758034960499632,370,92,1480,5721,7201
261,openphenom,HQ,std_all__tvn_efaar_e0.2_c150,0.29340680105089023,-0.006336534298218241,-0.0018591822581894618,370,90,1480,5660,7140
262,openphenom,HQ,std_all__tvn_efaar_e0.2_c150,0.2733756705192976,0.048827632547430694,0.013348286787523747,370,83,1480,5721,7201
263,openphenom,HQ,std_all__tvn_efaar_e0.2_c150,0.3177921687403754,0.016638509943994635,0.005287588159710357,370,54,1480,5881,7361
264,openphenom,HQ,std_all__tvn_efaar_e0.2_c150,0.29639033078502763,-0.04045853500335325,-0.01199151857272149,370,94,1480,5593,7073
265,openphenom,HQ,std_all__tvn_efaar_e0.2_c150,0.2976092951373869,0.0008630073692541682,0.00025683901486210354,370,81,1480,5529,7009
266,openphenom,HQ,std_all__tvn_efaar_e0.2_c150,0.2654720328348887,-0.033277837332167444,-0.00883433512491924,370,47,1480,5625,7105
267,openphenom,HQ,std_all__tvn_efaar_e0.2_c150,0.3001724445097691,0.010902209560128228,0.003272542894221465,370,64,1480,5721,7201
268,openphenom,HQ,std_all__tvn_efaar_e0.2_c150,0.29640509977387813,0.005982422662187374,0.001773220586075158,370,75,1480,5692,7172
269,openphenom,HQ,std_all__tvn_efaar_e0.2_c150,0.26904001342585354,0.13283566768666097,0.035738109817851485,370,80,1480,5593,7073
270,openphenom,HQ,std_all__tvn_efaar_e0.2_c150,0.3318158357657215,-0.006861817239895754,-0.002276859622327646,370,71,1480,5465,6945
271,openphenom,HQ,std_all__tvn_efaar_e0.2_c150,0.2826346712707801,-0.010263958274758426,-0.0029009504729233513,370,79,1480,5822,7302
272,openphenom,HQ,std_all__tvn_efaar_e0.2_c150,0.259077996862922,0.0132626075086359,0.0034360497865165373,370,81,1480,5753,7233
273,openphenom,HQ,std_all__tvn_efaar_e0.2_c150,0.3185238653563135,0.06534484960367036,0.020813894076888054,370,78,1480,5721,7201
274,openphenom,HQ,std_all__tvn_efaar_e0.2_c150,0.2804566174638876,-0.03554747593670918,-0.009969524860588396,370,69,1480,5721,7201
275,openphenom,HQ,std_all__tvn_efaar_e0.2_c150,0.2554761167436091,0.11143071546376511,0.02846788647264474,370,55,1480,5693,7173
276,openphenom,HQ,std_all__tvn_efaar_e0.2_c150,0.3063600237766814,0.006604894775950273,0.0020234757206026043,370,47,1480,5817,7297
277,openphenom,HQ,std_all__tvn_efaar_e0.2_c150,0.2998729363387676,-0.007631655394123923,-0.0022885269121615355,370,59,1480,5497,6977
278,openphenom,HQ,std_all__tvn_efaar_e0.2_c150,0.2740038043651342,-0.04571593554011529,-0.012526340258102836,370,55,1480,5657,7137
279,openphenom,HQ,std_all__tvn_efaar_e0.2_c150,0.26985160967048866,-0.0542677300732968,-0.014644234313442727,370,69,1480,5849,7329
280,openphenom,HQ,std_all__tvn_efaar_e0.2_c150,0.30851338030532455,0.03952092542447693,0.012192734295500022,370,60,1480,5785,7265
281,openphenom,HQ,std_all__tvn_efaar_e0.2_c150,0.2605505884498371,0.00884416014485333,0.002304351130086131,370,75,1480,5753,7233
282,openphenom,HQ,std_all__tvn_efaar_e0.2_c150,0.2764903966681276,-0.015360134208070923,-0.004246929600065205,370,73,1480,5977,7457
283,openphenom,HQ,std_all__tvn_efaar_e0.2_c150,0.26592996101104804,0.015918086245080256,0.0042330960545246925,370,64,1480,5689,7169
284,openphenom,HQ,std_all__tvn_efaar_e0.2_c150,0.2734469011476547,0.051761712053410826,0.014154079759102395,370,61,1480,5561,7041
285,openphenom,HQ,std_all__tvn_efaar_e0.2_c150,0.32854430341271845,-0.013287373394599261,-0.004365490836113302,370,61,1480,5593,7073
286,openphenom,HQ,std_all__tvn_efaar_e0.2_c150,0.283582310709244,0.03824753552563349,0.010846324503293044,370,86,1480,5593,7073
287,openphenom,HQ,std_all__tvn_efaar_e0.2_c150,0.29824650574272876,0.031036218416523483,0.009256443694196256,370,58,1480,5881,7361
288,openphenom,HQ,std_all__tvn_efaar_e0.2_c150,0.27792855475166556,0.10555234114085936,0.02933600962393381,370,75,1480,5785,7265
289,openphenom,HQ,std_all__tvn_efaar_e0.2_c150,0.29375209443736194,0.012852740301865328,0.0037755193829324316,370,97,1480,5785,7265
290,openphenom,HQ,std_all__tvn_efaar_e0.2_c150,0.30775620883564125,0.032767540078282385,0.010084413907362118,370,57,1480,5625,7105
291,openphenom,HQ,std_all__tvn_efaar_e0.2_c150,0.2667534890502014,-0.0018394964175477483,-0.000490692087476208,370,76,1480,5849,7329
292,openphenom,HQ,std_all__tvn_efaar_e0.2_c150,0.29585384469543113,0.01262784030383352,0.0037359951040890683,370,74,1480,5657,7137
293,openphenom,HQ,std_all__tvn_efaar_e0.2_c150,0.30321050040369507,-0.020245579930344256,-0.006138672421642688,370,61,1480,5817,7297
294,openphenom,HQ,std_all__tvn_efaar_e0.2_c150,0.3075226122133999,0.028995177000741817,0.008916672572858017,370,72,1480,5721,7201
295,openphenom,HQ,std_all__tvn_efaar_e0.2_c150,0.2745196832339316,0.004545318240465743,0.0012477793235700673,370,65,1480,5724,7204
296,openphenom,HQ,std_all__tvn_efaar_e0.2_c150,0.29877953890466635,-0.014552785008567663,-0.004348074394638587,370,82,1480,5689,7169
297,openphenom,HQ,std_all__tvn_efaar_e0.2_c150,0.28692084617341085,-0.006994375998797443,-0.002006832280029958,370,59,1480,5369,6849
298,openphenom,HQ,std_all__tvn_efaar_e0.2_c150,0.30100594517076684,-0.01723468267270142,-0.005187741947614729,370,62,1480,5689,7169
299,openphenom,HQ,std_all__tvn_efaar_e0.2_c150,0.2860317295102344,-0.041823861910954475,-0.011962951557187526,370,96,1480,5625,7105
300,openphenom,HQ,std_all__tvn_efaar_e0.2_c150,0.3032864211061161,0.034801175323948635,0.010554723914286862,370,49,1480,5625,7105
301,openphenom,HQ,std_all__tvn_efaar_e0.2_c150,0.2678127436883865,0.03301879885320244,0.008842855114171095,370,97,1480,5657,7137
302,openphenom,HQ,std_all__tvn_efaar_e0.2_c150,0.2714360737382634,0.05539251353773201,0.01503552638917558,370,118,1480,5689,7169
303,openphenom,HQ,std_all__tvn_efaar_e0.2_c150,0.26943418621687704,-0.05708011607711788,-0.015379334624403137,370,102,1480,5689,7169
304,openphenom,HQ,std_all__tvn_efaar_e0.2_c150,0.3005201982635447,0.020235140297300065,0.006081068374035259,370,57,1480,5785,7265
305,openphenom,HQ,std_all__tvn_efaar_e0.2_c150,0.26985968255205933,0.15384132833352487,0.04151557202747215,370,70,1480,5849,7329
306,openphenom,HQ,std_all__tvn_efaar_e0.2_c150,0.26829836130888723,0.014624689948329262,0.0039237803477872955,370,74,1480,5657,7137
307,openphenom,HQ,std_all__tvn_efaar_e0.2_c150,0.31869316892765065,-0.02557959724710616,-0.008152042906573271,370,72,1480,5753,7233
308,openphenom,HQ,std_all__tvn_efaar_e0.2_c150,0.2636146901222967,0.00669179194838344,0.0017640546608359807,370,75,1480,5753,7233
309,openphenom,HQ,std_all__tvn_efaar_e0.2_c150,0.27358678422013527,0.011762071253846294,0.003217947250107902,370,73,1480,5849,7329
310,openphenom,HQ,std_all__tvn_efaar_e0.2_c150,0.2949850321284067,0.007767669068661973,0.0022913461097820833,370,73,1480,5753,7233
311,openphenom,HQ,std_all__tvn_efaar_e0.2_c150,0.3128807637653246,0.06587624109882734,0.020611408628989764,370,67,1480,5724,7204
312,openphenom,HQ,std_all__tvn_efaar_e0.2_c150,0.28833365797224164,0.005647049306842068,0.001628234383391385,370,93,1480,5689,7169
313,openphenom,HQ,std_all__tvn_efaar_e0.2_c150,0.2532930003559618,-0.0028002895776919625,-0.0007092937489991263,370,100,1480,5721,7201
314,openphenom,HQ,std_all__tvn_efaar_e0.2_c150,0.32203790766370616,-0.03967260721461011,-0.012776083418957094,370,60,1480,5625,7105
315,openphenom,HQ,std_all__tvn_efaar_e0.2_c150,0.3019653984592998,0.019891592895529712,0.006006572774688807,370,52,1480,5593,7073
316,openphenom,HQ,std_all__tvn_efaar_e0.2_c150,0.31045298312427033,0.03684321862568787,0.011438087130244478,370,61,1480,5561,7041
317,openphenom,HQ,std_all__tvn_efaar_e0.2_c150,0.27643984959726214,0.05467445974655133,0.015114199429148214,370,92,1480,5817,7297
318,openphenom,HQ,std_all__tvn_efaar_e0.2_c150,0.2706248628347274,0.03052184902556095,0.00825997120600469,370,80,1480,5657,7137
319,openphenom,HQ,std_all__tvn_efaar_e0.2_c150,0.2883013539806673,0.005869857807012306,0.0016922879534356384,370,86,1480,5881,7361
320,openphenom,HQ,std_all__tvn_efaar_e0.2_c150,0.2727045931481402,0.06089676916974197,0.016606828660470693,370,82,1480,5529,7009
321,openphenom,HQ,std_all__tvn_efaar_e0.2_c150,0.29897527078272795,0.0025394604214092533,0.000759235867132852,370,73,1480,5529,7009
322,openphenom,HQ,std_all__tvn_efaar_e0.2_c150,0.26910945898249244,-0.04409423435421485,-0.01186617555130999,370,72,1480,5657,7137
323,openphenom,HQ,std_all__tvn_efaar_e0.2_c150,0.3125380269735852,0.08270239462191332,0.02584764324112363,370,92,1480,5625,7105
324,openphenom,HQ,std_all__tvn_efaar_e0.2_c150,0.2649677075084457,-0.029066514860416188,-0.007701687807824648,370,61,1480,5721,7201
325,openphenom,HQ,std_all__tvn_efaar_e0.2_c150,0.27290064314716944,0.0064624340148050265,0.0017636023989364362,370,100,1480,5689,7169
326,openphenom,HQ,std_all__tvn_efaar_e0.2_c150,0.29445518920435526,-0.028209410479117562,-0.008306407299971884,370,46,1480,5663,7143
327,openphenom,HQ,std_all__tvn_efaar_e0.2_c150,0.27793061012721565,0.1250307166848857,0.03474986337287332,370,79,1480,5497,6977
328,openphenom,HQ,std_all__tvn_efaar_e0.2_c150,0.26995936291934053,0.020216442798813884,0.005457618018463086,370,67,1480,5727,7207
329,openphenom,HQ,std_all__tvn_efaar_e0.2_c150,0.30691516467101704,-0.04502219018189724,-0.013817992913526837,370,113,1480,5561,7041
330,openphenom,HQ,std_all__tvn_efaar_e0.2_c150,0.3447371471883288,0.03044805654716109,0.010496576151497232,370,45,1480,5593,7073
331,openphenom,HQ,std_all__tvn_efaar_e0.2_c150,0.30368908574689085,-0.029272247204533204,-0.008889661991301671,370,95,1480,5817,7297
332,openphenom,HQ,std_all__tvn_efaar_e0.2_c150,0.3008899956834232,0.014682627283373108,0.004417855659915446,370,100,1480,5689,7169
333,openphenom,HQ,std_all__tvn_efaar_e0.2_c150,0.2657034948425259,0.01633060523265829,0.004339098883210948,370,92,1480,5433,6913
334,openphenom,HQ,std_all__tvn_efaar_e0.2_c150,0.30199396729382616,-0.04992123777556834,-0.015075912648062304,370,53,1480,5497,6977
335,openphenom,HQ,std_all__tvn_efaar_e0.2_c150,0.2930658710080942,-0.013633740424713381,-0.003995584012666892,370,71,1480,5593,7073
336,openphenom,HQ,std_all__tvn_efaar_e0.2_c150,0.3091647050255899,0.0073746008559019225,0.0022799662982963807,370,53,1480,5593,7073
337,openphenom,HQ,std_all__tvn_efaar_e0.2_c150,0.27522894097231254,-0.01407512834788964,-0.003873882669239041,370,95,1480,5593,7073
338,openphenom,HQ,std_all__tvn_efaar_e0.2_c150,0.31444543120601187,0.028251068807597843,0.008883419513235815,370,87,1480,5561,7041
339,openphenom,HQ,std_all__tvn_efaar_e0.2_c150,0.28202413926385883,-0.010022826060774906,-0.0028266788927814156,370,86,1480,5817,7297
340,openphenom,HQ,std_all__tvn_efaar_e0.2_c150,0.3321670977085758,0.004250834892213402,0.0014119874889848723,370,93,1480,5625,7105
341,openphenom,HQ,std_all__tvn_efaar_e0.2_c150,0.2910849186952884,0.01003780154360301,0.002921852646199123,370,52,1480,5561,7041
342,openphenom,HQ,std_all__tvn_efaar_e0.2_c150,0.27360419976005734,0.10916753857653944,0.029868697032009263,370,78,1480,5785,7265
343,openphenom,HQ,std_all__tvn_efaar_e0.2_c150,0.2871704077523852,-0.029473497473625536,-0.00846391628738994,370,71,1480,5785,7265
344,openphenom,HQ,std_all__tvn_efaar_e0.2_c150,0.29068622567691627,0.015636588443616168,0.004545340877138071,370,48,1480,5561,7041
345,openphenom,HQ,std_all__tvn_efaar_e0.2_c150,0.32191834204769687,-0.010410363639444736,-0.003351287002923677,370,77,1480,5785,7265
346,openphenom,HQ,std_all__tvn_efaar_e0.2_c150,0.26765151566835366,0.020833809595525034,0.005576200715388165,370,62,1480,5689,7169
347,openphenom,HQ,std_all__tvn_efaar_e0.2_c150,0.3050571395093995,0.0035196504743913418,0.0010736945057907236,370,59,1480,5817,7297
348,openphenom,HQ,std_all__tvn_efaar_e0.2_c150,0.2828950828662285,0.021831175114833175,0.006175932093177876,370,125,1480,5791,7271
349,openphenom,HQ,std_all__tvn_efaar_e0.2_c150,0.23248685329513744,0.0007792253481201362,0.00018115964919225848,370,84,1480,5689,7169
350,openphenom,HQ,std_all__tvn_efaar_e0.2_c150,0.2913145084655327,-0.028022788909274583,-0.008163444976938706,370,84,1480,5497,6977
351,openphenom,HQ,std_all__tvn_efaar_e0.2_c150,0.30671776780567783,-0.001019062416125364,-0.00031256454952863244,370,91,1480,5689,7169
352,openphenom,HQ,std_all__tvn_efaar_e0.2_c150,0.2993156318742531,-0.014236888456410659,-0.004261323264253816,370,69,1480,5433,6913
353,openphenom,HQ,std_all__tvn_efaar_e0.2_c150,0.287381672033057,0.04575113816385677,0.013148038582944563,370,90,1480,5593,7073
354,openphenom,HQ,std_all__tvn_efaar_e0.2_c150,0.2838310238640122,-0.03428115789538558,-0.009730056144691154,370,67,1480,5625,7105
355,openphenom,HQ,std_all__tvn_efaar_e0.2_c150,0.298413465481173,0.03347688324153884,0.00998995274161621,370,67,1480,5561,7041
356,openphenom,HQ,std_all__tvn_efaar_e0.2_c150,0.31572698999826765,-0.015555385377915901,-0.004911255003632453,370,63,1480,5881,7361
357,openphenom,HQ,std_all__tvn_efaar_e0.2_c150,0.2688181315582471,0.04087859415711678,0.010988907302044009,370,87,1480,5497,6977
358,openphenom,HQ,std_all__tvn_efaar_e0.2_c150,0.27877415561552993,-0.03334604980589086,-0.00929601687775063,370,70,1480,5561,7041
359,openphenom,HQ,std_all__tvn_efaar_e0.2_c150,0.3044838085193238,-0.0015439834025976799,-0.0004701179467135659,370,83,1480,5529,7009
360,openphenom,HQ,std_all__tvn_efaar_e0.2_c150,0.31072977989058226,0.052791950093642626,0.016404031032592175,370,63,1480,5657,7137
361,openphenom,HQ,std_all__tvn_efaar_e0.2_c150,0.27250934739580557,0.0014377195779865974,0.00039179202393530065,370,55,1480,5721,7201
362,openphenom,HQ,std_all__tvn_efaar_e0.2_c150,0.2983006331009147,0.00936748440156282,0.002794326527549132,370,60,1480,5561,7041
363,openphenom,HQ,std_all__tvn_efaar_e0.2_c150,0.26016706997110023,0.007747011702373771,0.002015517335638409,370,75,1480,5689,7169
364,openphenom,HQ,std_all__tvn_efaar_e0.2_c150,0.271438855986098,0.04576175511627077,0.012421518456676507,370,67,1480,5785,7265
365,openphenom,HQ,std_all__tvn_efaar_e0.2_c150,0.3186805511725479,0.1070194128043413,0.03410500545864992,370,62,1480,5753,7233
366,openphenom,HQ,std_all__tvn_efaar_e0.2_c150,0.23948695711919604,-0.021807211435909163,-0.005222542710040819,370,83,1480,5660,7140
367,openphenom,HQ,std_all__tvn_efaar_e0.2_c150,0.28849685802394637,-0.01693456988360318,-0.004885570203406465,370,79,1480,5689,7169
368,openphenom,HQ,std_all__tvn_efaar_e0.2_c150,0.3032951175775275,0.021001846659266143,0.006369757551867327,370,76,1480,5785,7265
369,openphenom,HQ,std_all__tvn_efaar_e0.2_c150,0.2950599618866153,-0.029770737718865466,-0.008784152736664866,370,63,1480,5721,7201
370,openphenom,HQ,std_all__tvn_efaar_e0.2_c150,0.2958315647205867,0.01869408295635041,0.005530299811993593,370,56,1480,5817,7297
371,openphenom,HQ,std_all__tvn_efaar_e0.2_c150,0.30825024933640066,0.050377861079541675,0.015528988238803276,370,63,1480,5529,7009
372,openphenom,HQ,std_all__tvn_efaar_e0.2_c150,0.3179226895649298,-0.025014179050465938,-0.007952575080982852,370,77,1480,5881,7361
373,openphenom,HQ,std_all__tvn_efaar_e0.2_c150,0.3010861698258055,0.056656744203978225,0.017058562107176208,370,74,1480,5721,7201
374,openphenom,HQ,std_all__tvn_efaar_e0.2_c150,0.28930268892077166,-0.03829462884746759,-0.011078739096795326,370,69,1480,5563,7043
375,openphenom,HQ,std_all__tvn_efaar_e0.2_c150,0.27421737484880937,-0.00494726084863067,-0.0013566248826037952,370,93,1480,5273,6753
376,openphenom,HQ,std_all__tvn_efaar_e0.2_c150,0.3061637827473012,0.05947800393641114,0.018210010675430505,370,86,1480,5593,7073
377,openphenom,HQ,std_all__tvn_efaar_e0.2_c150,0.28155754322253007,-0.003489794087847201,-0.0009825778497267682,370,79,1480,5817,7297
378,openphenom,HQ,std_all__tvn_efaar_e0.2_c150,0.2915220816238273,0.01897648020609589,0.005532063011574429,370,97,1480,5465,6945
379,openphenom,HQ,std_all__tvn_efaar_e0.2_c150,0.27472534298680595,-0.017756897271320262,-0.004878269693244937,370,60,1480,5625,7105
380,openphenom,HQ,std_all__tvn_efaar_e0.2_c150,0.2891101581459999,1.5522131026189872e-05,4.487605755744686e-06,370,58,1480,5689,7169
381,openphenom,HQ,std_all__tvn_efaar_e0.2_c150,0.2429617698270445,-0.030316630124728794,-0.007365782110296001,370,87,1480,5369,6849
382,openphenom,HQ,std_all__tvn_efaar_e0.2_c150,0.27710185945495325,-0.005044509765919577,-0.0013978430361749857,370,65,1480,5753,7233
383,openphenom,HQ,std_all__tvn_efaar_e0.2_c150,0.2931311994749395,0.021714660768973396,0.006365244557400583,370,84,1480,6009,7489
384,openphenom,HQ,std_all__tvn_efaar_e0.2_c150,0.2693718887157791,0.021607831375800145,0.0058205423487513565,370,65,1480,5561,7041
385,openphenom,HQ,std_all__tvn_efaar_e0.2_c150,0.3189430408664845,-0.021340554089557165,-0.006806421215099054,370,97,1480,5561,7041
386,openphenom,HQ,std_all__tvn_efaar_e0.2_c150,0.27518163261304457,0.02980320813508441,0.008201295471718899,370,59,1480,5753,7233
387,openphenom,HQ,std_all__tvn_efaar_e0.2_c150,0.30273983432006113,-0.02912421526706567,-0.008817060104653256,370,49,1480,5721,7201
388,openphenom,HQ,std_all__tvn_efaar_e0.2_c150,0.30727682464884004,-0.04858819974585296,-0.014930027733309275,370,49,1480,5657,7137
389,openphenom,HQ,std_all__tvn_efaar_e0.2_c150,0.2865127138428329,0.04117879551789828,0.011798248456612119,370,59,1480,5721,7201
390,openphenom,HQ,std_all__tvn_efaar_e0.2_c150,0.2943486395704661,0.04585729728925446,0.013498033071470471,370,73,1480,5753,7233
391,openphenom,HQ,std_all__tvn_efaar_e0.2_c150,0.291761944050012,0.02662497761470808,0.00776815522915528,370,83,1480,5657,7137
392,openphenom,HQ,std_all__tvn_efaar_e0.2_c150,0.27174350375226175,-0.03399351573123153,-0.009237517069662483,370,57,1480,5945,7425
393,openphenom,HQ,std_all__tvn_efaar_e0.2_c150,0.28840798696658176,0.021934963204528014,0.0063262185820039665,370,39,1480,5791,7271
394,openphenom,HQ,std_all__tvn_efaar_e0.2_c150,0.2715298491380976,0.01101418684698543,0.0029906804929407723,370,90,1480,5625,7105
395,openphenom,HQ,std_all__tvn_efaar_e0.2_c150,0.2982303903469631,0.06261399860907753,0.018673397246369395,370,47,1480,5689,7169
396,openphenom,HQ,std_all__tvn_efaar_e0.2_c150,0.2888543716154406,0.053084596236679625,0.015333717688405475,370,81,1480,5657,7137
397,openphenom,HQ,std_all__tvn_efaar_e0.2_c150,0.27283670580027125,0.036798587820317544,0.010040005478997423,370,73,1480,5625,7105
398,openphenom,HQ,std_all__tvn_efaar_e0.2_c150,0.282614940390625,0.05446206615792336,0.015391793580771786,370,87,1480,5913,7393
399,openphenom,HQ,std_all__tvn_efaar_e0.2_c150,0.2995461205100812,0.002525718640692395,0.0007565692203194027,370,59,1480,5625,7105
400,openphenom,HQ,std_all__tvn_efaar_e0.2_c150,0.26408507315847324,0.011661683495241038,0.0030796765389916893,370,49,1480,5497,6977
401,openphenom,HQ,std_all__tvn_efaar_e0.2_c150,0.29624515916790045,0.0547030451900112,0.01620551232928372,370,82,1480,5497,6977
402,openphenom,HQ,std_all__tvn_efaar_e0.2_c150,0.26366729395567723,0.012256079100141544,0.0032315272108410526,370,64,1480,5657,7137
403,openphenom,HQ,std_all__tvn_efaar_e0.2_c150,0.2864279305422053,0.004430269745293655,0.0012689529948882044,370,81,1480,5785,7265
404,openphenom,HQ,std_all__tvn_efaar_e0.2_c150,0.30544581196609766,0.025188678264196792,0.007693776284760385,370,49,1480,5817,7297
405,openphenom,HQ,std_all__tvn_efaar_e0.2_c150,0.2850933522467675,0.03122446218972506,0.00890188659777116,370,73,1480,5817,7297
406,openphenom,HQ,std_all__tvn_efaar_e0.2_c150,0.3108741493590444,0.021009512690100183,0.0065313143859829425,370,85,1480,5529,7009
407,openphenom,HQ,std_all__tvn_efaar_e0.2_c150,0.2533809716972413,0.01858553815571752,0.004709221717411859,370,82,1480,5785,7265
408,openphenom,HQ,std_all__tvn_efaar_e0.2_c150,0.3039595027814452,-0.002654140546154252,-0.0008067512407211199,370,78,1480,5433,6913
409,openphenom,HQ,std_all__tvn_efaar_e0.2_c150,0.26953667056803193,0.027298597627591067,0.007357973115717271,370,50,1480,5689,7169
410,openphenom,HQ,std_all__tvn_efaar_e0.2_c150,0.2975640838081015,0.02101366135638285,0.00625291088896577,370,82,1480,5561,7041
411,openphenom,HQ,std_all__tvn_efaar_e0.2_c150,0.2770318558537887,0.02132461806270505,0.005907598517284404,370,94,1480,5657,7137
412,openphenom,HQ,std_all__tvn_efaar_e0.2_c150,0.2722443468760332,-0.02998257982830566,-0.008162587863015602,370,64,1480,5753,7233
413,openphenom,HQ,std_all__tvn_efaar_e0.2_c150,0.3150403189771632,0.03877940553596664,0.0122170762897957,370,74,1480,5721,7201
414,openphenom,HQ,std_all__tvn_efaar_e0.2_c150,0.3024099275594863,0.0215635888933495,0.006521043355160366,370,80,1480,5945,7425
415,openphenom,HQ,std_all__tvn_efaar_e0.2_c150,0.3035259419638174,0.028662030312571994,0.008699669749218902,370,82,1480,5785,7265
416,openphenom,HQ,std_all__tvn_efaar_e0.2_c150,0.3337590634869102,0.03624802194250931,0.012098105856784879,370,64,1480,5701,7181
417,openphenom,HQ,std_all__tvn_efaar_e0.2_c150,0.2686432881275259,0.07481291671171583,0.020097987939846074,370,71,1480,5625,7105
418,openphenom,HQ,std_all__tvn_efaar_e0.2_c150,0.268356687092195,0.013301726970454043,0.0035696073823959468,370,74,1480,5817,7297
419,openphenom,HQ,std_all__tvn_efaar_e0.2_c150,0.2948552132279014,0.06662717148815911,0.019645368855913108,370,60,1480,5625,7105
420,openphenom,HQ,std_all__tvn_efaar_e0.2_c150,0.26911765290182743,0.011001858497232233,0.0029607943363331645,370,70,1480,5497,6977
421,openphenom,HQ,std_all__tvn_efaar_e0.2_c150,0.307109947559374,0.011183761201900252,0.003434644316232148,370,63,1480,5657,7137
422,openphenom,HQ,std_all__tvn_efaar_e0.2_c150,0.2867547172921467,0.004532234882866642,0.0012996397325380296,370,64,1480,5721,7201
423,openphenom,HQ,std_all__tvn_efaar_e0.2_c150,0.2537558617820318,-0.0007753051752793963,-0.0001967382328970924,370,74,1480,5689,7169
424,openphenom,HQ,std_all__tvn_efaar_e0.2_c150,0.2918923372707095,0.03493797372214406,0.010198126809259259,370,56,1480,5689,7169
425,openphenom,HQ,std_all__tvn_efaar_e0.2_c150,0.30998378468468574,-0.0030039466986352664,-0.000931174766634027,370,66,1480,5721,7201
426,openphenom,HQ,std_all__tvn_efaar_e0.2_c150,0.3400569416853381,0.023480881605231933,0.007984836786750684,370,46,1480,5625,7105
427,openphenom,HQ,std_all__tvn_efaar_e0.2_c150,0.2937891537565787,-0.01959655444951034,-0.00575725514826636,370,47,1480,5849,7329
428,openphenom,HQ,std_all__tvn_efaar_e0.2_c150,0.27926024763747404,-0.005507402482035035,-0.001537998580972343,370,88,1480,5689,7169
429,openphenom,HQ,std_all__tvn_efaar_e0.2_c150,0.30256003237922185,0.0510798229379055,0.015454712882017607,370,59,1480,5625,7105
430,openphenom,HQ,std_all__tvn_efaar_e0.2_c150,0.2933553667329144,0.03339708774385584,0.00979721492291015,370,56,1480,5625,7105
431,openphenom,HQ,std_all__tvn_efaar_e0.2_c150,0.2796467144885831,0.02969875181550128,0.008305158369616775,370,78,1480,5817,7297
432,openphenom,HQ,std_all__tvn_efaar_e0.2_c150,0.2513220717459735,-0.0302997838543015,-0.007615004451718251,370,74,1480,5727,7207
433,openphenom,HQ,std_all__tvn_efaar_e0.2_c150,0.3045039008029931,0.07494258044179959,0.022820308080770076,370,51,1480,5657,7137
434,openphenom,HQ,std_all__tvn_efaar_e0.2_c150,0.27758572048272034,-0.007698104651011099,-0.0021368839259022963,370,81,1480,5945,7425
435,openphenom,HQ,std_all__tvn_efaar_e0.2_c150,0.28643081978787516,-0.013975149416593727,-0.004002913504052986,370,89,1480,5881,7361
436,openphenom,HQ,std_all__tvn_efaar_e0.2_c150,0.27993780298524196,0.02727426086867842,0.007635096665624193,370,69,1480,5689,7169
437,openphenom,HQ,std_all__tvn_efaar_e0.2_c150,0.2795549543462265,-0.02641088557711914,-0.007383293911754954,370,41,1480,5721,7201
438,openphenom,HQ,std_all__tvn_efaar_e0.2_c150,0.28671401276830527,0.013610729558736826,0.0039023868884896203,370,77,1480,5753,7233
439,openphenom,HQ,std_all__tvn_efaar_e0.2_c150,0.2739918837719913,0.05916966473459321,0.016212007902788355,370,45,1480,5689,7169
440,openphenom,HQ,std_all__tvn_efaar_e0.2_c150,0.30691046999837,-0.020095565224168103,-0.006167539367832333,370,65,1480,5721,7201
441,openphenom,HQ,std_all__tvn_efaar_e0.2_c150,0.2859306434574182,0.014564111926561369,0.004164325894547551,370,74,1480,5657,7137
442,openphenom,HQ,std_all__tvn_efaar_e0.2_c150,0.27602295180185693,0.0460596757915992,0.012713527671033741,370,63,1480,5721,7201
443,openphenom,HQ,std_all__tvn_efaar_e0.2_c150,0.32307472875539545,-0.022274326633688578,-0.007196272035388018,370,57,1480,5657,7137
444,openphenom,HQ,std_all__tvn_efaar_e0.2_c150,0.27942254664080257,-0.009551268731272072,-0.00266883983254271,370,75,1480,5785,7265
445,openphenom,HQ,std_all__tvn_efaar_e0.2_c150,0.28319006234370825,-0.03085081022687964,-0.008736642871503957,370,101,1480,5785,7265
446,openphenom,HQ,std_all__tvn_efaar_e0.2_c150,0.25698156223778323,0.016987302115383206,0.004365423435816376,370,84,1480,5785,7265
447,openphenom,HQ,std_all__tvn_efaar_e0.2_c150,0.32253536240718783,0.026669053739113196,0.008601712912801643,370,73,1480,5561,7041
448,openphenom,HQ,std_all__tvn_efaar_e0.2_c150,0.3059345266169496,-0.013630565613643352,-0.00417006063853125,370,66,1480,5529,7009
449,openphenom,HQ,std_all__tvn_efaar_e0.2_c150,0.28006030699365847,0.005789941989466909,0.0016215329310455763,370,94,1480,5913,7393
450,openphenom,HQ,std_all__tvn_efaar_e0.2_c150,0.2955773815994184,0.011286856523501398,0.0033361394977048575,370,76,1480,5625,7105
451,openphenom,HQ,std_all__tvn_efaar_e0.2_c150,0.27702329937963327,0.00451961045105016,0.0012520373990605879,370,69,1480,5657,7137
452,openphenom,HQ,std_all__tvn_efaar_e0.2_c150,0.26893728192577765,0.008986832498942473,0.002416894305387833,370,67,1480,5817,7297
453,openphenom,HQ,std_all__tvn_efaar_e0.2_c150,0.3047167020631441,0.01944038560076683,0.0059238101871015025,370,77,1480,5753,7233
454,openphenom,HQ,std_all__tvn_efaar_e0.2_c150,0.29138345629477463,0.016962817298102544,0.00494268433281791,370,66,1480,5689,7169
455,openphenom,HQ,std_all__tvn_efaar_e0.2_c150,0.3011616243603142,-0.02113969224419373,-0.006366464054738519,370,66,1480,5817,7297
456,openphenom,HQ,std_all__tvn_efaar_e0.2_c150,0.28565558884145953,-0.00845832317984415,-0.002416167288549747,370,87,1480,5881,7361
457,openphenom,HQ,std_all__tvn_efaar_e0.2_c150,0.28902817492250327,-0.023762009109835135,-0.006867890125507545,370,74,1480,5625,7105
458,openphenom,HQ,std_all__tvn_efaar_e0.2_c150,0.2611532219031258,-0.014773054186918993,-0.0038580306982633574,370,124,1480,5465,6945
459,openphenom,HQ,std_all__tvn_efaar_e0.2_c150,0.2944856219469437,-0.01710335610312185,-0.005036692459407894,370,84,1480,5689,7169
460,openphenom,HQ,std_all__tvn_efaar_e0.2_c150,0.26871791418746066,0.05140295348863625,0.013812894444541387,370,75,1480,5657,7137
461,openphenom,HQ,std_all__tvn_efaar_e0.2_c150,0.2794823822835731,0.012893101780798367,0.003603394800722106,370,64,1480,5529,7009
462,openphenom,HQ,std_all__tvn_efaar_e0.2_c150,0.2973987163481675,0.09301681289127903,0.027663080752664063,370,86,1480,5785,7265
463,openphenom,HQ,std_all__tvn_efaar_e0.2_c150,0.29386908396902606,0.14916235258792596,0.043834203917678685,370,56,1480,5689,7169
464,openphenom,HQ,std_all__tvn_efaar_e0.2_c150,0.3185596063457859,0.009114609623896573,0.0029035464537840038,370,51,1480,5561,7041
465,openphenom,HQ,std_all__tvn_efaar_e0.2_c150,0.2963271238903976,0.05124058547853436,0.015183975321314162,370,70,1480,5721,7201
466,openphenom,HQ,std_all__tvn_efaar_e0.2_c150,0.26883703290712213,0.0653209135712043,0.017560680591265133,370,88,1480,5657,7137
467,openphenom,HQ,std_all__tvn_efaar_e0.2_c150,0.2795750927856045,0.0004013497371037754,0.00011220738999026597,370,95,1480,5785,7265
468,openphenom,HQ,std_all__tvn_efaar_e0.2_c150,0.27369470365903337,0.036433717032810696,0.0099717153864922,370,73,1480,5657,7137
469,openphenom,HQ,std_all__tvn_efaar_e0.2_c150,0.2849276429633157,0.02980114661581535,0.00849117046284846,370,68,1480,5817,7297
470,openphenom,HQ,std_all__tvn_efaar_e0.2_c150,0.2694114778346213,0.008439718960869669,0.002273757157756772,370,79,1480,5561,7041
471,openphenom,HQ,std_all__tvn_efaar_e0.2_c150,0.2644949988334163,0.10344458536091444,0.0273605754843583,370,72,1480,5881,7361
472,openphenom,HQ,std_all__tvn_efaar_e0.2_c150,0.29684049186416533,0.17375113220016306,0.051576371544252014,370,100,1480,5753,7233
473,openphenom,HQ,std_all__tvn_efaar_e0.2_c150,0.2576304303723497,0.005118247688781507,0.0013186163548130636,370,82,1480,5721,7201
474,openphenom,HQ,std_all__tvn_efaar_e0.2_c150,0.2893560874232083,0.027420359311477065,0.007934247886107542,370,65,1480,5881,7361
475,openphenom,HQ,std_all__tvn_efaar_e0.2_c150,0.2721514751678086,0.02668648502682484,0.007262766267094016,370,90,1480,5337,6817
476,openphenom,HQ,std_all__tvn_efaar_e0.2_c150,0.27512811112432983,-0.0016066964644590716,-0.0004420473634167633,370,95,1480,5657,7137
477,openphenom,HQ,std_all__tvn_efaar_e0.2_c150,0.27258060058478223,-0.012397871845838213,-0.003379419353711743,370,80,1480,5660,7140
478,openphenom,HQ,std_all__tvn_efaar_e0.2_c150,0.29393704165325363,0.0007901020548069088,0.00023224026059409962,370,50,1480,5817,7297
479,openphenom,HQ,std_all__tvn_efaar_e0.2_c150,0.28745867621419324,-0.005813290502446314,-0.0016710807922817599,370,53,1480,5753,7233
480,openphenom,HQ,std_all__tvn_efaar_e0.2_c150,0.29899525150932105,0.05431767537914257,0.016240727011388387,370,63,1480,5721,7201
481,openphenom,HQ,std_all__tvn_efaar_e0.2_c150,0.27046013687132814,0.010790588627845743,0.0029184240772093563,370,83,1480,5689,7169
482,openphenom,HQ,std_all__tvn_efaar_e0.2_c150,0.29866819355173785,-0.027920519039574248,-0.008338970984576543,370,68,1480,5785,7265
483,openphenom,HQ,std_all__tvn_efaar_e0.2_c150,0.3101565143434831,-0.030290197735247264,-0.009394702148339158,370,61,1480,5753,7233
484,openphenom,HQ,std_all__tvn_efaar_e0.2_c150,0.3132826321478362,0.09348059356528009,0.029285846406873026,370,49,1480,5561,7041
485,openphenom,HQ,std_all__tvn_efaar_e0.2_c150,0.27316893105088724,-0.01794891079416952,-0.00490308477517102,370,75,1480,5433,6913
486,openphenom,HQ,std_all__tvn_efaar_e0.2_c150,0.2840971512407032,0.020618995943299318,0.005857798008934953,370,84,1480,5657,7137
487,openphenom,HQ,std_all__tvn_efaar_e0.2_c150,0.2577810742794724,-0.059155571989305725,-0.015249186897019896,370,40,1480,5529,7009
488,openphenom,HQ,std_all__tvn_efaar_e0.2_c150,0.2645130372580591,0.05319747797069286,0.014071426472496658,370,77,1480,5625,7105
489,openphenom,HQ,std_all__tvn_efaar_e0.2_c150,0.3139043241738208,0.08555577590830978,0.02685632801566484,370,57,1480,5849,7329
490,openphenom,HQ,std_all__tvn_efaar_e0.2_c150,0.327338344812258,0.008049589838587792,0.002634939414180899,370,68,1480,5913,7393
491,openphenom,HQ,std_all__tvn_efaar_e0.2_c150,0.29879512635885663,0.0037835772025042263,0.0011305144283107395,370,75,1480,5913,7393
492,openphenom,HQ,std_all__tvn_efaar_e0.2_c150,0.2775512411163464,-0.010405458011879004,-0.0028880477855810476,370,85,1480,5561,7041
493,openphenom,HQ,std_all__tvn_efaar_e0.2_c150,0.28349367401775327,-0.04531307889937973,-0.012845971218241492,370,112,1480,5529,7009
494,openphenom,HQ,std_all__tvn_efaar_e0.2_c150,0.2964430192845951,0.04510180099466952,0.013370114062032786,370,68,1480,5689,7169
495,openphenom,HQ,std_all__tvn_efaar_e0.2_c150,0.29933498894777083,0.053689905484238507,0.016071267264731393,370,65,1480,5369,6849
496,openphenom,HQ,std_all__tvn_efaar_e0.2_c150,0.28877664461280206,0.013660657355200355,0.003944878794239953,370,81,1480,5657,7137
497,openphenom,HQ,std_all__tvn_efaar_e0.2_c150,0.27662610019823963,0.031734476394191774,0.008778584446758364,370,98,1480,5753,7233
498,openphenom,HQ,std_all__tvn_efaar_e0.2_c150,0.3081325264042739,0.029186164837345003,0.0089932067073827,370,84,1480,5945,7425
499,openphenom,HQ,std_all__tvn_efaar_e0.2_c150,0.30289539759147166,0.04429775447635028,0.013417585954523512,370,65,1480,5817,7297
500,openphenom,HQ,std_all__tvn_efaar_e0.2_c150,0.287303031988751,-0.023847563788010603,-0.00685147738184059,370,72,1480,5753,7233
501,openphenom,HQ,std_all__tvn_efaar_e0.2_c150,0.2860505362042605,-0.014281852699984856,-0.004085331622820934,370,83,1480,5593,7073
502,openphenom,HQ,std_all__tvn_efaar_e0.2_c150,0.2993511694261808,0.02441569070506346,0.007308865564908679,370,84,1480,5817,7297
503,openphenom,HQ,std_all__tvn_efaar_e0.2_c150,0.2838009254140981,0.02071870369118176,0.005879987280937874,370,83,1480,5785,7265
504,openphenom,HQ,std_all__tvn_efaar_e0.2_c150,0.3033363266797834,0.05723713732619078,0.01736210298619303,370,71,1480,5721,7201
505,openphenom,HQ,std_all__tvn_efaar_e0.2_c150,0.2809110832417037,-0.00514376811534011,-0.001444941473224327,370,62,1480,5625,7105
506,openphenom,HQ,std_all__tvn_efaar_e0.2_c150,0.30703192933917084,0.02024293842737247,0.00621522844085021,370,88,1480,5657,7137
507,openphenom,HQ,std_all__tvn_efaar_e0.2_c150,0.30923073105789134,-0.007860496348654161,-0.0024307070323722115,370,83,1480,5657,7137
508,openphenom,HQ,std_all__tvn_efaar_e0.2_c150,0.290930670372026,0.018957553797622404,0.005515333834956034,370,81,1480,5881,7361
509,openphenom,HQ,std_all__tvn_efaar_e0.2_c150,0.30923952485374,0.013200039055918754,0.004081973805703127,370,61,1480,5593,7073
510,openphenom,HQ,std_all__tvn_efaar_e0.2_c150,0.28625240023381215,0.018824364813641414,0.005388519610781773,370,79,1480,5433,6913
511,openphenom,HQ,std_all__tvn_efaar_e0.2_c150,0.2927817685101436,-0.031021961954673126,-0.00908266488374359,370,73,1480,5593,7073
512,openphenom,HQ,std_all__tvn_efaar_e0.2_c150,0.2852843427242595,-0.026874655515707915,-0.007666918434739628,370,71,1480,5753,7233
513,openphenom,HQ,std_all__tvn_efaar_e0.2_c150,0.2970288082166771,-0.03316376616620513,-0.009850593940324469,370,73,1480,5497,6977
514,openphenom,HQ,std_all__tvn_efaar_e0.2_c150,0.3158322198888836,0.07506182325080747,0.023706942266209542,370,61,1480,5945,7425
515,openphenom,HQ,std_all__tvn_efaar_e0.2_c150,0.33580341968873473,-0.003070855134502287,-0.0010312036555345774,370,61,1480,5497,6977
516,openphenom,HQ,std_all__tvn_efaar_e0.2_c150,0.29451380686954814,0.03070980366996555,0.009044461187057975,370,47,1480,5657,7137
517,openphenom,HQ,std_all__tvn_efaar_e0.2_c150,0.2933409185238164,0.028876717822603405,0.008470722930035542,370,82,1480,5753,7233
518,openphenom,HQ,std_all__tvn_efaar_e0.2_c150,0.3041974047103539,-0.01720362107144521,-0.0052332968815539905,370,72,1480,5785,7265
519,openphenom,HQ,std_all__tvn_efaar_e0.2_c150,0.29996421997526235,0.009911191857298942,0.002973002934499849,370,86,1480,5881,7361
520,openphenom,HQ,std_all__tvn_efaar_e0.2_c150,0.2682700588977472,-0.030768613339911967,-0.008254297712900193,370,75,1480,5753,7233
521,openphenom,HQ,std_all__tvn_efaar_e0.2_c150,0.3007101682532167,-0.02617828953205657,-0.007872077849766153,370,66,1480,5849,7329
522,openphenom,HQ,std_all__tvn_efaar_e0.2_c150,0.26428003575398634,0.0001015571980141976,2.6839539922266813e-05,370,87,1480,5529,7009
523,openphenom,HQ,std_all__tvn_efaar_e0.2_c150,0.29194241939228527,-0.011243415859052775,-0.0032824300281254566,370,63,1480,5433,6913
524,openphenom,HQ,std_all__tvn_efaar_e0.2_c150,0.29381101730841674,-0.026921597991787366,-0.007909862093535275,370,84,1480,5817,7297
525,openphenom,HQ,std_all__tvn_efaar_e0.2_c150,0.31272995102075474,0.030201346272209353,0.009444865540468885,370,69,1480,5657,7137
526,openphenom,HQ,std_all__tvn_efaar_e0.2_c150,0.295794302652601,0.0009584293919703735,0.000283497953639633,370,55,1480,5913,7393
527,openphenom,HQ,std_all__tvn_efaar_e0.2_c150,0.3029466369992494,0.02747163998241428,0.008322440945526526,370,51,1480,5721,7201
528,openphenom,HQ,std_all__tvn_efaar_e0.2_c150,0.2702520368602471,-0.028505048542592136,-0.007703547429435744,370,88,1480,5913,7393
529,openphenom,HQ,std_all__tvn_efaar_e0.2_c150,0.2793481225877384,0.04666808866166545,0.013036642952394364,370,56,1480,5401,6881
530,openphenom,HQ,std_all__tvn_efaar_e0.2_c150,0.2931707322327933,-0.010642595894378881,-0.003120097631212776,370,80,1480,5657,7137
531,openphenom,HQ,std_all__tvn_efaar_e0.2_c150,0.2952867139824911,0.017127304923715288,0.005057465590300028,370,64,1480,5689,7169
532,openphenom,HQ,std_all__tvn_efaar_e0.2_c150,0.30398893689275264,0.07524303137304729,0.02287304911568068,370,61,1480,5657,7137
533,openphenom,HQ,std_all__tvn_efaar_e0.2_c150,0.27780753875631303,0.09783113537104682,0.027178226931166196,370,61,1480,5689,7169
534,openphenom,HQ,std_all__tvn_efaar_e0.2_c150,0.29661065394419384,0.04928648350541328,0.014618896103150356,370,74,1480,5689,7169
535,openphenom,HQ,std_all__tvn_efaar_e0.2_c150,0.26352987812972223,-0.0015963980326925164,-0.00042069857900198715,370,89,1480,5433,6913
536,openphenom,HQ,std_all__tvn_efaar_e0.2_c150,0.2792273283052611,-0.00497839631914838,-0.0013901043034405482,370,90,1480,5593,7073
537,openphenom,HQ,std_all__tvn_efaar_e0.2_c150,0.2794116755674948,-0.021239402596993046,-0.005934537067678427,370,96,1480,5785,7265
538,openphenom,HQ,std_all__tvn_efaar_e0.2_c150,0.27811945966184853,-0.01981308104679738,-0.0055104033949717,370,92,1480,5561,7041
539,openphenom,HQ,std_all__tvn_efaar_e0.2_c150,0.31088071039627946,-0.007038392310886883,-0.0021881004016562253,370,68,1480,5721,7201
540,openphenom,HQ,std_all__tvn_efaar_e0.2_c150,0.3048070801608949,0.020579213604894436,0.0062726900109152375,370,53,1480,5785,7265
541,openphenom,HQ,std_all__tvn_efaar_e0.2_c150,0.26776079204816866,0.003773785299636405,0.0010104717408503793,370,63,1480,5849,7329
542,openphenom,HQ,std_all__tvn_efaar_e0.2_c150,0.29473577779463395,0.003072735283620882,0.0009056450237750158,370,72,1480,5593,7073
543,openphenom,HQ,std_all__tvn_efaar_e0.2_c150,0.279636843821246,-0.011938739573260986,-0.0033385114534705113,370,64,1480,5433,6913
544,openphenom,HQ,std_all__tvn_efaar_e0.2_c150,0.28666992120206014,0.00804438588256793,0.0023060834670747135,370,50,1480,5817,7297
545,openphenom,HQ,std_all__tvn_efaar_e0.2_c150,0.2963878262376248,0.01871567565359836,0.0055470984235384555,370,53,1480,5753,7233
546,openphenom,HQ,std_all__tvn_efaar_e0.2_c150,0.28827315512173945,0.06530470355766502,0.01882559293885798,370,85,1480,5785,7265
547,openphenom,HQ,std_all__tvn_efaar_e0.2_c150,0.3024511798648617,0.017263890861876317,0.005221484160232696,370,79,1480,5785,7265
548,openphenom,HQ,std_all__tvn_efaar_e0.2_c150,0.2649218015130055,-0.03826009528578433,-0.010135933369169233,370,84,1480,5786,7266
549,openphenom,HQ,std_all__tvn_efaar_e0.2_c150,0.2598549499369199,0.026522010355793567,0.006891875673231208,370,82,1480,5881,7361
550,openphenom,HQ,std_all__tvn_efaar_e0.2_c150,0.29073075446428664,0.03146572749772668,0.009148054695181727,370,77,1480,5561,7041
551,openphenom,HQ,std_all__tvn_efaar_e0.2_c150,0.284452866675902,-0.008071282224955675,-0.0022958993666388943,370,56,1480,5529,7009
552,openphenom,HQ,std_all__tvn_efaar_e0.2_c150,0.27414544485139175,0.043287520599889766,0.011867076591370564,370,78,1480,5785,7265
553,openphenom,HQ,std_all__tvn_efaar_e0.2_c150,0.2919521858830849,0.011088031612997165,0.00323717506655527,370,89,1480,5753,7233
554,openphenom,HQ,std_all__tvn_efaar_e0.2_c150,0.3143228412557338,-0.028105562181963997,-0.008834220160124624,370,47,1480,5657,7137
555,openphenom,HQ,std_all__tvn_efaar_e0.2_c150,0.2935352310221996,-0.004199208316895186,-0.0012326155834101703,370,53,1480,5593,7073
556,openphenom,HQ,std_all__tvn_efaar_e0.2_c150,0.30692607977563974,-0.010672519185970057,-0.0032756744750800913,370,71,1480,5561,7041
557,openphenom,HQ,std_all__tvn_efaar_e0.2_c150,0.2833584942271025,0.06257337388679968,0.017730697003273052,370,60,1480,5465,6945
558,openphenom,HQ,std_all__tvn_efaar_e0.2_c150,0.309620076767338,-0.01475299247139258,-0.004567822661540531,370,90,1480,5785,7265
559,openphenom,HQ,std_all__tvn_efaar_e0.2_c150,0.3098782115089865,0.014613127943093218,0.004528289951557721,370,79,1480,5753,7233
560,openphenom,HQ,std_all__tvn_efaar_e0.2_c150,0.31062746967960314,0.01830673080219223,0.005686573467190623,370,56,1480,5785,7265
561,openphenom,HQ,std_all__tvn_efaar_e0.2_c150,0.27856353059796235,0.022769505001246502,0.006342753703115186,370,78,1480,5465,6945
562,openphenom,HQ,std_all__tvn_efaar_e0.2_c150,0.30362437811850307,0.026256468793757766,0.007972104009092583,370,67,1480,5785,7265
563,openphenom,HQ,std_all__tvn_efaar_e0.2_c150,0.29559941382518573,0.033281649715012455,0.009838036146892841,370,87,1480,5913,7393
564,openphenom,HQ,std_all__tvn_efaar_e0.2_c150,0.266510780077783,0.019087410758758933,0.005087000730981912,370,75,1480,5657,7137
565,openphenom,HQ,std_all__tvn_efaar_e0.2_c150,0.22450551028438903,-0.08605022891993575,-0.019318750553758667,370,78,1480,5625,7105
566,openphenom,HQ,std_all__tvn_efaar_e0.2_c150,0.29599128220155035,0.00811450850200371,0.00240182377594346,370,75,1480,5721,7201
567,openphenom,HQ,std_all__tvn_efaar_e0.2_c150,0.2665053723867759,-0.012908689289980308,-0.003440235046251388,370,66,1480,5657,7137
568,openphenom,HQ,std_all__tvn_efaar_e0.2_c150,0.2725987856057666,-0.010169192657598903,-0.0027721095690525395,370,74,1480,5849,7329
569,openphenom,HQ,std_all__tvn_efaar_e0.2_c150,0.26701495961345406,-0.03757024590806794,-0.0100318176938103,370,104,1480,5881,7361
570,openphenom,HQ,std_all__tvn_efaar_e0.2_c150,0.27820323930577157,0.020917714658449663,0.005819375976854517,370,68,1480,5433,6913
571,openphenom,HQ,std_all__tvn_efaar_e0.2_c150,0.28114662037097476,0.0738061181003888,0.020750340666625337,370,88,1480,5657,7137
572,openphenom,HQ,std_all__tvn_efaar_e0.2_c150,0.2980008117997858,0.0194244094714131,0.005788489791212552,370,55,1480,5817,7297
573,openphenom,HQ,std_all__tvn_efaar_e0.2_c150,0.29618369010767615,0.05671473461787243,0.01679797938259902,370,52,1480,5753,7233
574,openphenom,HQ,std_all__tvn_efaar_e0.2_c150,0.2795064997941335,0.012119440813522479,0.0033874624812498338,370,72,1480,5657,7137
575,openphenom,HQ,std_all__tvn_efaar_e0.2_c150,0.2711176305597195,-0.02448877549478242,-0.0066393387874543325,370,74,1480,5881,7361
576,openphenom,HQ,std_all__tvn_efaar_e0.2_c150,0.28639267482971564,0.0034670326527755538,0.0009929327551503556,370,119,1480,5721,7201
577,openphenom,HQ,std_all__tvn_efaar_e0.2_c150,0.3246901478639033,0.010858903082470147,0.0035257788474870274,370,52,1480,5657,7137
578,openphenom,HQ,std_all__tvn_efaar_e0.2_c150,0.2908149856908763,0.05126838536320815,0.014909614755795712,370,57,1480,5785,7265
579,openphenom,HQ,std_all__tvn_efaar_e0.2_c150,0.2818824415995098,0.012438559719770934,0.0035062115837903455,370,79,1480,5497,6977
580,openphenom,HQ,std_all__tvn_efaar_e0.2_c150,0.3004478257736037,-0.0017112842197547203,-0.0005141516231059835,370,53,1480,5657,7137
581,openphenom,HQ,std_all__tvn_efaar_e0.2_c150,0.2867766482510844,0.04610784236708056,0.01322265249212071,370,76,1480,5753,7233
582,openphenom,HQ,std_all__tvn_efaar_e0.2_c150,0.3113814748435687,0.007048104668971078,0.0021946492266760567,370,63,1480,5913,7393
583,openphenom,HQ,std_all__tvn_efaar_e0.2_c150,0.2749953717993208,0.032659311618718774,0.008981159541299447,370,49,1480,5721,7201
584,openphenom,HQ,std_all__tvn_efaar_e0.2_c150,0.31619973476224816,-0.014574957219967698,-0.0046085976071249,370,86,1480,5945,7425
585,openphenom,HQ,std_all__tvn_efaar_e0.2_c150,0.3039457676942012,0.0372391890452025,0.01131869390265356,370,59,1480,5785,7265
586,openphenom,HQ,std_all__tvn_efaar_e0.2_c150,0.2869312444194087,-0.022757526231910713,-0.006529845321629478,370,57,1480,5721,7201
587,openphenom,HQ,std_all__tvn_efaar_e0.2_c150,0.29954664757378435,0.003889259259693034,0.0011650145727863466,370,76,1480,5785,7265
588,openphenom,HQ,std_all__tvn_efaar_e0.2_c150,0.2843827581731455,0.11445905736977269,0.03255018243271426,370,96,1480,5817,7297
589,openphenom,HQ,std_all__tvn_efaar_e0.2_c150,0.2962466981655422,0.01616483336865774,0.004788778511861035,370,67,1480,5849,7329
590,openphenom,HQ,std_all__tvn_efaar_e0.2_c150,0.3203715478612499,0.02657757084465482,0.00851469750989409,370,80,1480,5849,7329
591,openphenom,HQ,std_all__tvn_efaar_e0.2_c150,0.2915267971484397,0.036323336967095096,0.010589226087760754,370,85,1480,5785,7265
592,openphenom,HQ,std_all__tvn_efaar_e0.2_c150,0.28343362531198724,-0.010024952072530886,-0.002841408509496349,370,56,1480,5817,7297
593,openphenom,HQ,std_all__tvn_efaar_e0.2_c150,0.2897820716827765,0.01890119752152017,0.0054772281750714745,370,50,1480,5689,7169
594,openphenom,HQ,std_all__tvn_efaar_e0.2_c150,0.27209515518200456,0.0014270004064792785,0.00038827989704576287,370,75,1480,5657,7137
595,openphenom,HQ,std_all__tvn_efaar_e0.2_c150,0.319879730395976,-0.004923841482362581,-0.0015750370858906653,370,51,1480,5721,7201
596,openphenom,HQ,std_all__tvn_efaar_e0.2_c150,0.26508212938658454,0.040736759717917785,0.010798587010335288,370,66,1480,5785,7265
597,openphenom,HQ,std_all__tvn_efaar_e0.2_c150,0.29700446307856654,0.049751249461991096,0.014776343133946488,370,89,1480,5625,7105
598,openphenom,HQ,std_all__tvn_efaar_e0.2_c150,0.27536027745537467,0.12829566380613389,0.035327529581978497,370,48,1480,5913,7393
599,openphenom,HQ,std_all__tvn_efaar_e0.2_c150,0.29226111894108625,0.04514591270147923,0.013194394961750918,370,63,1480,5721,7201
600,openphenom,HQ,std_all__tvn_efaar_e0.2_c150,0.2994164436580489,0.005597525114817466,0.0016759910631652577,370,77,1480,5849,7329
601,openphenom,HQ,std_all__tvn_efaar_e0.2_c150,0.2857680659325161,0.06316030725137205,0.01804919884692806,370,45,1480,5785,7265
602,openphenom,HQ,std_all__tvn_efaar_e0.2_c150,0.3181387676935367,0.07044031131931472,0.02240979383907587,370,95,1480,5721,7201
603,openphenom,HQ,std_all__tvn_efaar_e0.2_c150,0.32158877160933946,0.04503430240679202,0.014482525991283766,370,60,1480,5625,7105
604,openphenom,HQ,std_all__tvn_efaar_e0.2_c150,0.2791560740847893,-0.013876216768269622,-0.0038736301961796705,370,66,1480,5369,6849
605,openphenom,HQ,std_all__tvn_efaar_e0.2_c150,0.2894861830754462,0.11408998098406377,0.03302747312222686,370,44,1480,5689,7169
606,openphenom,HQ,std_all__tvn_efaar_e0.2_c150,0.2986749356817866,0.087485173111334,0.02612962845213765,370,92,1480,5561,7041
607,openphenom,HQ,std_all__tvn_efaar_e0.2_c150,0.2891324782275257,0.01657137394609699,0.004791322416670074,370,96,1480,5721,7201
608,openphenom,HQ,std_all__tvn_efaar_e0.2_c150,0.2852203420979828,0.06621127897541315,0.018884803640112316,370,103,1480,5689,7169
609,openphenom,HQ,std_all__tvn_efaar_e0.2_c150,0.2885919406653708,0.002925204725460326,0.0008441905085641088,370,57,1480,5663,7143
610,openphenom,HQ,std_all__tvn_efaar_e0.2_c150,0.25130601034844785,-0.020211286519417473,-0.005079217779204172,370,49,1480,5753,7233
611,openphenom,HQ,std_all__tvn_efaar_e0.2_c150,0.28941774007903054,0.004044212494922178,0.0011704668406797545,370,66,1480,5561,7041
612,openphenom,HQ,std_all__tvn_efaar_e0.2_c150,0.30934887744731115,0.023018218288559038,0.007120659988402906,370,61,1480,5529,7009
613,openphenom,HQ,std_all__tvn_efaar_e0.2_c150,0.31865407446341026,-0.0048394962176893435,-0.0015421251881169724,370,69,1480,5721,7201
614,openphenom,HQ,std_all__tvn_efaar_e0.2_c150,0.29767121920644796,0.004047732201835248,0.0012048933795414983,370,84,1480,5593,7073
615,openphenom,HQ,std_all__tvn_efaar_e0.2_c150,0.2952376562541684,0.013242784923499219,0.003909768783091946,370,56,1480,5689,7169
616,openphenom,HQ,std_all__tvn_efaar_e0.2_c150,0.2846907512735567,-0.0010746752059894898,-0.00030595009176821215,370,68,1480,5625,7105
617,openphenom,HQ,std_all__tvn_efaar_e0.2_c150,0.2777274454978505,0.07932253481034876,0.022030044963292486,370,82,1480,5849,7329
618,openphenom,HQ,std_all__tvn_efaar_e0.2_c150,0.29851996273604897,0.007642086798932511,0.002281315466442985,370,63,1480,5823,7303
619,openphenom,HQ,std_all__tvn_efaar_e0.2_c150,0.3113120645926595,0.007697581329646044,0.002396349936102019,370,58,1480,5593,7073
620,openphenom,HQ,std_all__tvn_efaar_e0.2_c150,0.2859882888721518,-0.013920482321072942,-0.003981094919278691,370,71,1480,5657,7137
621,openphenom,HQ,std_all__tvn_efaar_e0.2_c150,0.2907065890670351,0.040177627683933285,0.011679901100801528,370,67,1480,5561,7041
622,openphenom,HQ,std_all__tvn_efaar_e0.2_c150,0.29819321328209564,0.030900715632519202,0.009214383687177185,370,68,1480,5657,7137
623,openphenom,HQ,std_all__tvn_efaar_e0.2_c150,0.28404602852669414,-0.022979413651738622,-0.006527211185648453,370,96,1480,5753,7233
624,openphenom,HQ,std_all__tvn_efaar_e0.2_c150,0.2765548228016701,-0.02395721142106625,-0.006625482359375124,370,86,1480,5593,7073
625,openphenom,HQ,std_all__tvn_efaar_e0.2_c150,0.3372302059601948,0.009829168812806493,0.0033146926231602575,370,43,1480,5433,6913
626,openphenom,HQ,std_all__tvn_efaar_e0.2_c150,0.29768925717447525,0.03889051010639584,0.0115772870647094,370,80,1480,5881,7361
627,openphenom,HQ,std_all__tvn_efaar_e0.2_c150,0.30861387255040695,-0.002612852689002606,-0.0008063625867568383,370,83,1480,5657,7137
628,openphenom,HQ,std_all__tvn_efaar_e0.2_c150,0.2979705008619323,-0.015951696309205916,-0.0047531349388515234,370,69,1480,5753,7233
629,openphenom,HQ,std_all__tvn_efaar_e0.2_c150,0.28165157602458885,0.0025969210705658915,0.0007314269123363459,370,61,1480,5529,7009
630,openphenom,HQ,std_all__tvn_efaar_e0.2_c150,0.2872765612331457,0.0016013000547415437,0.00046001597322859866,370,72,1480,5593,7073
631,openphenom,HQ,std_all__tvn_efaar_e0.2_c150,0.2381370605365789,0.010840502377123635,0.0025815253708280183,370,75,1480,5561,7041
632,openphenom,HQ,std_all__tvn_efaar_e0.2_c150,0.3100745780852445,-0.04090802908442615,-0.01268453985865235,370,74,1480,5657,7137
633,openphenom,HQ,std_all__tvn_efaar_e0.2_c150,0.2837898597206166,-0.007635993669263841,-0.002167017572227902,370,75,1480,5625,7105
634,openphenom,HQ,std_all__tvn_efaar_e0.2_c150,0.2891669934874425,-0.013478984437109313,-0.0038976774049429277,370,68,1480,5529,7009
635,openphenom,HQ,std_all__tvn_efaar_e0.2_c150,0.28552564840860445,0.04847356700729012,0.013840446650434449,370,80,1480,5657,7137
636,openphenom,HQ,std_all__tvn_efaar_e0.2_c150,0.32059380132087517,0.009481887073303483,0.003039834220525631,370,86,1480,5753,7233
637,openphenom,HQ,std_all__tvn_efaar_e0.2_c150,0.28899405292183217,0.07445394783397334,0.021516748140570623,370,74,1480,5561,7041
638,openphenom,HQ,std_all__tvn_efaar_e0.2_c150,0.30930428189868636,-0.018917450517152726,-0.005851248447561856,370,94,1480,5721,7201
639,openphenom,HQ,std_all__tvn_efaar_e0.2_c150,0.29225837661945014,-0.03693658294539139,-0.010795025769489756,370,69,1480,5753,7233
640,openphenom,HQ,std_all__tvn_efaar_e0.2_c150,0.27122801555943504,-0.004973323612140605,-0.0013489046940557776,370,99,1480,5689,7169
641,openphenom,HQ,std_all__tvn_efaar_e0.2_c150,0.2785557795855303,-0.011885206626919375,-0.0033106929974966374,370,74,1480,5849,7329
642,openphenom,HQ,std_all__tvn_efaar_e0.2_c150,0.2884505381985617,0.05217043373666812,0.015048589689394319,370,63,1480,5497,6977
643,openphenom,HQ,std_all__tvn_efaar_e0.2_c150,0.29658534247526375,0.0008052989659586824,0.00023883986961383157,370,68,1480,5625,7105
644,openphenom,HQ,std_all__tvn_efaar_e0.2_c150,0.25733665075474643,0.004605442524424273,0.0011851491544788268,370,74,1480,5753,7233
645,openphenom,HQ,std_all__tvn_efaar_e0.2_c150,0.24896029430689834,-0.03150618234470736,-0.00784378842902515,370,88,1480,5721,7201
646,openphenom,HQ,std_all__tvn_efaar_e0.2_c150,0.2788247122681953,0.05927800937334923,0.016528173907355483,370,50,1480,5817,7297
647,openphenom,HQ,std_all__tvn_efaar_e0.2_c150,0.3175956942758874,0.024973914960695023,0.007931607860728907,370,81,1480,5625,7105
648,openphenom,HQ,std_all__tvn_efaar_e0.2_c150,0.2830195915159918,0.05415847210492299,0.015327908652265543,370,74,1480,5593,7073
649,openphenom,HQ,std_all__tvn_efaar_e0.2_c150,0.2831707247468212,0.01216567292623325,0.0034449624195542505,370,83,1480,5785,7265
650,openphenom,HQ,std_all__tvn_efaar_e0.2_c150,0.2728404959486726,0.017288123833683312,0.004716900280804222,370,74,1480,5721,7201
651,openphenom,HQ,std_all__tvn_efaar_e0.2_c150,0.29025073330533313,-0.02791204534261381,-0.008101491628745367,370,104,1480,5881,7361
652,openphenom,HQ,std_all__tvn_efaar_e0.2_c150,0.26683489970906504,0.037094293768877615,0.009898052157597054,370,82,1480,5497,6977
653,openphenom,HQ,std_all__tvn_efaar_e0.2_c150,0.2808978662196184,0.035175849866553276,0.009880821169976463,370,55,1480,5401,6881
654,openphenom,HQ,std_all__tvn_efaar_e0.2_c150,0.30516925120888644,-0.0017990674032187207,-0.0005490200523145728,370,72,1480,5785,7265
655,openphenom,HQ,std_all__tvn_efaar_e0.2_c150,0.3047401214292205,0.019072815357857684,0.005812252068150653,370,77,1480,5657,7137
656,openphenom,HQ,std_all__tvn_efaar_e0.2_c150,0.3202079741327224,0.032730535344651326,0.010480578414990269,370,56,1480,5625,7105
657,openphenom,HQ,std_all__tvn_efaar_e0.2_c150,0.27616076833103753,0.004842988745413747,0.0013374434929520277,370,82,1480,5401,6881
658,openphenom,HQ,std_all__tvn_efaar_e0.2_c150,0.30024044043864195,0.01987549785195499,0.0059674282290082484,370,67,1480,5657,7137
659,openphenom,HQ,std_all__tvn_efaar_e0.2_c150,0.2836659212348311,0.028977955797952957,0.00822005852692854,370,61,1480,5561,7041
660,openphenom,HQ,std_all__tvn_efaar_e0.2_c150,0.2705280949106273,0.002505475266464032,0.0006778014506822109,370,82,1480,5785,7265
661,openphenom,HQ,std_all__tvn_efaar_e0.2_c150,0.2675608921706671,0.029321628002251666,0.00784532094817887,370,73,1480,5689,7169
662,openphenom,HQ,std_all__tvn_efaar_e0.2_c150,0.29553587439340345,0.05586534828469488,0.016510214553609324,370,71,1480,5628,7108
663,openphenom,HQ,std_all__tvn_efaar_e0.2_c150,0.2497858786261625,0.007034822713011756,0.0017571993723489257,370,90,1480,5721,7201
664,openphenom,HQ,std_all__tvn_efaar_e0.2_c150,0.31487440119476223,0.005701116282850533,0.0017951355757042703,370,61,1480,5593,7073
665,openphenom,HQ,std_all__tvn_efaar_e0.2_c150,0.2985069405572978,0.013348875221858713,0.003984731902358165,370,66,1480,5785,7265
666,openphenom,HQ,std_all__tvn_efaar_e0.2_c150,0.32055765823449595,0.16518772999279896,0.05295219189556384,370,64,1480,5657,7137
667,openphenom,HQ,std_all__tvn_efaar_e0.2_c150,0.2881579071390917,0.02156917350825956,0.006215327896860015,370,75,1480,5753,7233
668,openphenom,HQ,std_all__tvn_efaar_e0.2_c150,0.285132390506411,-0.00617184863096103,-0.0017597939539896383,370,76,1480,5625,7105
669,openphenom,HQ,std_all__tvn_efaar_e0.2_c150,0.3213662629924705,0.060893218354237284,0.01956902602408575,370,62,1480,5753,7233
670,openphenom,HQ,std_all__tvn_efaar_e0.2_c150,0.2798948346395704,0.020826876244624166,0.005829335082547877,370,65,1480,5721,7201
671,openphenom,HQ,std_all__tvn_efaar_e0.2_c150,0.28623921304877886,-0.006158729614959863,-0.00176286991836632,370,81,1480,5817,7297
672,openphenom,HQ,std_all__tvn_efaar_e0.2_c150,0.29861241536182975,0.06190831650563788,0.018486591922733157,370,71,1480,5625,7105
673,openphenom,HQ,std_all__tvn_efaar_e0.2_c150,0.33462216583543947,0.15051189529056402,0.05036461638612542,370,46,1480,5657,7137
674,openphenom,HQ,std_all__tvn_efaar_e0.2_c150,0.28172558859251623,0.007103404995849771,0.002001210953466797,370,67,1480,5753,7233
675,openphenom,HQ,std_all__tvn_efaar_e0.2_c150,0.3208026548445789,0.07499286568849488,0.02405791040727209,370,76,1480,5497,6977
676,openphenom,HQ,std_all__tvn_efaar_e0.2_c150,0.30891593258659106,0.006262724015335933,0.00193465522972994,370,80,1480,5593,7073
677,openphenom,HQ,std_all__tvn_efaar_e0.2_c150,0.26421033715778275,-0.056633148038637414,-0.014963063137595014,370,110,1480,5657,7137
678,openphenom,HQ,std_all__tvn_efaar_e0.2_c150,0.2603776238481741,0.012462744960944731,0.0032450199195565945,370,79,1480,5913,7393
679,openphenom,HQ,std_all__tvn_efaar_e0.2_c150,0.28712687052523544,-0.09068026685527077,-0.02603674124054713,370,86,1480,5785,7265
680,openphenom,HQ,std_all__tvn_efaar_e0.2_c150,0.30704451281760126,0.03299638033182047,0.010131357523728098,370,79,1480,5625,7105
681,openphenom,HQ,std_all__tvn_efaar_e0.2_c150,0.31363027946037514,0.013976970155416137,0.004383601055852486,370,78,1480,5561,7041
682,openphenom,HQ,std_all__tvn_efaar_e0.2_c150,0.28932268664074057,0.03401082780623123,0.009840104075774424,370,71,1480,5657,7137
683,openphenom,HQ,std_all__tvn_efaar_e0.2_c150,0.33899867279016954,0.002192939298665971,0.0007434035117571693,370,75,1480,5433,6913
684,openphenom,HQ,std_all__tvn_efaar_e0.2_c150,0.27365518507736775,0.02434747474379392,0.006662812707179462,370,86,1480,5721,7201
685,openphenom,HQ,std_all__tvn_efaar_e0.2_c150,0.28704390981244193,-0.03408427282135451,-0.00978368293375555,370,80,1480,5625,7105
686,openphenom,HQ,std_all__tvn_efaar_e0.2_c150,0.28159435350638246,-0.01644924823747205,-0.004632015423096943,370,93,1480,5369,6849
687,openphenom,HQ,std_all__tvn_efaar_e0.2_c150,0.2621370999870943,0.011223837684552951,0.002942184261354574,370,49,1480,5497,6977
688,openphenom,HQ,std_all__tvn_efaar_e0.2_c150,0.3119555354172503,-0.016199136131983125,-0.005053410185349721,370,59,1480,5721,7201
689,openphenom,HQ,std_all__tvn_efaar_e0.2_c150,0.27685618953837154,0.026162192845335046,0.007243165021127507,370,73,1480,5881,7361
690,openphenom,HQ,std_all__tvn_efaar_e0.2_c150,0.2879673453443612,0.009400595468482896,0.002707064521715251,370,88,1480,5465,6945
691,openphenom,HQ,std_all__tvn_efaar_e0.2_c150,0.28602904680472213,0.015526910787230928,0.00444114749229362,370,77,1480,5561,7041
692,openphenom,HQ,std_all__tvn_efaar_e0.2_c150,0.29713163254403896,0.023336215834848857,0.006933927908408694,370,63,1480,5657,7137
693,openphenom,HQ,std_all__tvn_efaar_e0.2_c150,0.2897692494806884,0.023867833370710297,0.006916164162560852,370,91,1480,5945,7425
694,openphenom,HQ,std_all__tvn_efaar_e0.2_c150,0.31735202199722606,-0.005100933979864364,-0.0016187917125843137,370,73,1480,5337,6817
695,openphenom,HQ,std_all__tvn_efaar_e0.2_c150,0.2742450196292317,0.04631183060219771,0.012700788892565363,370,77,1480,5721,7201
696,openphenom,HQ,std_all__tvn_efaar_e0.2_c150,0.31258639716116005,-0.027066505762861653,-0.0084606215201547,370,92,1480,5849,7329
697,openphenom,HQ,std_all__tvn_efaar_e0.2_c150,0.2841865104485412,0.1766212095200218,0.05019336520469566,370,59,1480,5849,7329
698,openphenom,HQ,std_all__tvn_efaar_e0.2_c150,0.27309248551852094,0.02593700494040613,0.0070832011460816675,370,76,1480,5657,7137
699,openphenom,HQ,std_all__tvn_efaar_e0.2_c150,0.2675914156011511,0.07144645767194756,0.019118458748124168,370,60,1480,5529,7009
700,openphenom,HQ,std_all__tvn_efaar_e0.2_c150,0.31901497311008914,0.06795316423052387,0.021678076859746046,370,74,1480,5913,7393
701,openphenom,HQ,std_all__tvn_efaar_e0.2_c150,0.2762818790121205,-0.014572102368862251,-0.004026007823626235,370,108,1480,5785,7265
702,openphenom,HQ,std_all__tvn_efaar_e0.2_c150,0.26529668846483556,-0.04715038953716896,-0.012508842204037956,370,97,1480,5689,7169
703,openphenom,HQ,std_all__tvn_efaar_e0.2_c150,0.2650907333173231,0.014889823985060316,0.003947154359165505,370,71,1480,5401,6881
704,openphenom,HQ,std_all__tvn_efaar_e0.2_c150,0.2959323097065821,0.04797620810701012,0.014197710076071153,370,63,1480,5689,7169
705,openphenom,HQ,std_all__tvn_efaar_e0.2_c150,0.2811578283320089,0.006284651175558916,0.0017669788763443517,370,84,1480,5529,7009
706,openphenom,HQ,std_all__tvn_efaar_e0.2_c150,0.2746251407148511,0.010692229322189583,0.0029363549821617716,370,74,1480,5753,7233
707,openphenom,HQ,std_all__tvn_efaar_e0.2_c150,0.2674377950926907,-0.007796381066117769,-0.0020850469620249377,370,71,1480,5593,7073
708,openphenom,HQ,std_all__tvn_efaar_e0.2_c150,0.3077188285748967,0.05155008025664702,0.01586293030951733,370,97,1480,5593,7073
709,openphenom,HQ,std_all__tvn_efaar_e0.2_c150,0.27035892523526,0.033093666891807684,0.008947168212962833,370,67,1480,5785,7265
710,openphenom,HQ,std_all__tvn_efaar_e0.2_c150,0.30182275875719045,0.019345446007787693,0.005838895883458758,370,68,1480,5689,7169
711,openphenom,HQ,std_all__tvn_efaar_e0.2_c150,0.26204801380472736,0.009612238003801565,0.0025188678771145175,370,72,1480,5881,7361
712,openphenom,HQ,std_all__tvn_efaar_e0.2_c150,0.2894308950034444,-0.006971288974795285,-0.0020177064073026436,370,75,1480,5753,7233
713,openphenom,HQ,std_all__tvn_efaar_e0.2_c150,0.29753945369929025,0.0667900454889079,0.019872673647320403,370,55,1480,5529,7009
714,openphenom,HQ,std_all__tvn_efaar_e0.2_c150,0.27624092295334846,0.05119278591784725,0.014141542430499303,370,69,1480,5881,7361
715,openphenom,HQ,std_all__tvn_efaar_e0.2_c150,0.24543648922955869,0.022552352206957855,0.005535170149544226,370,65,1480,5561,7041
716,openphenom,HQ,std_all__tvn_efaar_e0.2_c150,0.28357258443242583,-0.03574637880035255,-0.01013669302051645,370,72,1480,5721,7201
717,openphenom,HQ,std_all__tvn_efaar_e0.2_c150,0.29561149964935074,0.027980609216114734,0.008271389851478121,370,73,1480,5529,7009
718,openphenom,HQ,std_all__tvn_efaar_e0.2_c150,0.31240525586008544,-0.006449593323267536,-0.0020148868523488933,370,74,1480,5657,7137
719,openphenom,HQ,std_all__tvn_efaar_e0.2_c150,0.2799299689777952,0.0013912244924900459,0.0003894454290238874,370,76,1480,5529,7009
720,openphenom,HQ,std_all__tvn_efaar_e0.2_c150,0.29242807169368684,-0.006419410257542855,-0.0018772157630239305,370,60,1480,5625,7105
721,openphenom,HQ,std_all__tvn_efaar_e0.2_c150,0.28735323852450423,0.035095285560105584,0.01008474396263861,370,72,1480,5689,7169
722,openphenom,HQ,std_all__tvn_efaar_e0.2_c150,0.26694171762916347,0.06013720313831237,0.016053128299155024,370,86,1480,5593,7073
723,openphenom,HQ,std_all__tvn_efaar_e0.2_c150,0.274741545015042,-0.00978821750420452,-0.002689230000048428,370,80,1480,5721,7201
724,openphenom,HQ,std_all__tvn_efaar_e0.2_c150,0.29051155091505415,0.03625585148849798,0.010532743645669421,370,53,1480,5913,7393
725,openphenom,HQ,std_all__tvn_efaar_e0.2_c150,0.29501538062056853,-0.019534992732461696,-0.005763123316387227,370,60,1480,5721,7201
726,openphenom,HQ,std_all__tvn_efaar_e0.2_c150,0.29810900282843533,0.013263630529212214,0.003954007670948246,370,75,1480,5785,7265
727,openphenom,HQ,std_all__tvn_efaar_e0.2_c150,0.29788905322439474,0.15353168067648676,0.04573540699666874,370,51,1480,5913,7393
728,openphenom,HQ,std_all__tvn_efaar_e0.2_c150,0.2830773643201128,-0.01216028063566071,-0.0034423001917357403,370,97,1480,5561,7041
729,openphenom,HQ,std_all__tvn_efaar_e0.2_c150,0.30683428289932385,0.04043344510899158,0.012406367135166603,370,75,1480,5535,7015
730,openphenom,HQ,std_all__tvn_efaar_e0.2_c150,0.2752878572913293,0.0007042175546482988,0.00019386254168606977,370,53,1480,5849,7329
731,openphenom,HQ,std_all__tvn_efaar_e0.2_c150,0.3039015114771293,0.0956622087387924,0.029071889826959657,370,93,1480,5593,7073
732,openphenom,HQ,std_all__tvn_efaar_e0.2_c150,0.2766409639947597,-0.007007403244997512,-0.0019385347887961187,370,59,1480,5753,7233
733,openphenom,HQ,std_all__tvn_efaar_e0.2_c150,0.2796338711624094,0.00023393229158914647,6.541539228696658e-05,370,80,1480,5945,7425
734,openphenom,HQ,std_all__tvn_efaar_e0.2_c150,0.2906196437477411,-0.019011031699468158,-0.005524979259776449,370,64,1480,5625,7105
735,openphenom,HQ,std_all__tvn_efaar_e0.2_c150,0.29546330766900036,0.09879043233031268,0.029188947902364735,370,100,1480,5945,7425
736,openphenom,HQ,std_all__tvn_efaar_e0.2_c150,0.30165103175729324,0.03787965086209403,0.011426435765156706,370,57,1480,5657,7137
737,openphenom,HQ,std_all__tvn_efaar_e0.2_c150,0.2987736473323112,-0.018349720724263028,-0.0054824129883173645,370,79,1480,5753,7233
738,openphenom,HQ,std_all__tvn_efaar_e0.2_c150,0.2719849026039132,0.028480538083085708,0.0077462763766351075,370,93,1480,5785,7265
739,openphenom,HQ,std_all__tvn_efaar_e0.2_c150,0.2714653708769925,0.06022098229734085,0.016347911293924437,370,110,1480,5721,7201
740,openphenom,HQ,std_all__tvn_efaar_e0.2_c150,0.31843753010121095,0.03129334313012345,0.009964974894966208,370,67,1480,5497,6977
741,openphenom,HQ,std_all__tvn_efaar_e0.2_c150,0.27069338892955125,0.039563631865264015,0.0107096135879695,370,101,1480,5945,7425
742,openphenom,HQ,std_all__tvn_efaar_e0.2_c150,0.29131229972891964,-0.04563742821232654,-0.013294744166246323,370,47,1480,5593,7073
743,openphenom,HQ,std_all__tvn_efaar_e0.2_c150,0.29736508013633667,0.0017021783587978477,0.00050616840407026,370,64,1480,5625,7105
744,openphenom,HQ,std_all__tvn_efaar_e0.2_c150,0.301215062651309,0.04193947773721246,0.01263280241417763,370,74,1480,5593,7073
745,openphenom,HQ,std_all__tvn_efaar_e0.2_c150,0.2824255400971745,0.014418422673910174,0.004072130811028429,370,76,1480,5593,7073
746,openphenom,HQ,std_all__tvn_efaar_e0.2_c150,0.28084211333051856,-0.017177531600507966,-0.004824174276488422,370,56,1480,5657,7137
747,openphenom,HQ,std_all__tvn_efaar_e0.2_c150,0.2766386837305749,0.06851803687553111,0.01895473953304992,370,77,1480,5913,7393
748,openphenom,HQ,std_all__tvn_efaar_e0.2_c150,0.2789366276516228,-0.0189839913067073,-0.005295330514460659,370,78,1480,5721,7201
749,openphenom,HQ,std_all__tvn_efaar_e0.2_c150,0.28528457906339005,0.04316810124601934,0.01231519359293643,370,85,1480,5724,7204
750,openphenom,HQ,std_all__tvn_efaar_e0.2_c150,0.2863570069946778,-0.005303359781711001,-0.00151865423410671,370,84,1480,5753,7233
751,openphenom,HQ,std_all__tvn_efaar_e0.2_c150,0.30512260657800694,0.023549934101825574,0.007185617277889314,370,78,1480,5753,7233
752,openphenom,HQ,std_all__tvn_efaar_e0.2_c150,0.3356507323777461,0.07904565749781298,0.026531732830421404,370,47,1480,5625,7105
753,openphenom,HQ,std_all__tvn_efaar_e0.2_c150,0.2977712806275161,0.11840643273373355,0.035258035109659684,370,71,1480,5401,6881
754,openphenom,HQ,std_all__tvn_efaar_e0.2_c150,0.2785813588618429,-0.021281314885235,-0.00592857761909553,370,72,1480,5785,7265
755,openphenom,HQ,std_all__tvn_efaar_e0.2_c150,0.31378470552316123,0.015274984416139855,0.004793056486889322,370,79,1480,5657,7137
756,openphenom,HQ,std_all__tvn_efaar_e0.2_c150,0.28869938822447677,0.0032895847093536838,0.0009497010931030017,370,69,1480,5593,7073
757,openphenom,HQ,std_all__tvn_efaar_e0.2_c150,0.29815982586939815,-0.008148099276252188,-0.0024294358613739216,370,52,1480,5657,7137
758,openphenom,HQ,std_all__tvn_efaar_e0.2_c150,0.28054516069278834,0.05866796325104191,0.016459013177782155,370,95,1480,5593,7073
759,openphenom,HQ,std_all__tvn_efaar_e0.2_c150,0.3035349344102131,-0.0049262661430922415,-0.0014952938706307571,370,81,1480,5753,7233
760,openphenom,HQ,std_all__tvn_efaar_e0.2_c150,0.2698594966580831,0.02426032036012202,0.006546877841146374,370,62,1480,5593,7073
761,openphenom,HQ,std_all__tvn_efaar_e0.2_c150,0.27792938812912044,0.12143399504179643,0.033750075940041126,370,81,1480,5913,7393
762,openphenom,HQ,std_all__tvn_efaar_e0.2_c150,0.32109462514257897,0.05713645909968004,0.01834620991658606,370,88,1480,5721,7201
763,openphenom,HQ,std_all__tvn_efaar_e0.2_c150,0.288336567161003,-0.004480075359553826,-0.0012917695497963464,370,63,1480,5689,7169
764,openphenom,HQ,std_all__tvn_efaar_e0.2_c150,0.2765061867610437,-0.007933190653152008,-0.0021935762963514157,370,81,1480,5849,7329
765,openphenom,HQ,std_all__tvn_efaar_e0.2_c150,0.29909392090633435,-0.013856267704297442,-0.004144325436806134,370,79,1480,5945,7425
766,openphenom,HQ,std_all__tvn_efaar_e0.2_c150,0.2836642053234873,0.011527107945636914,0.0032698279150771515,370,79,1480,5881,7361
767,openphenom,HQ,std_all__tvn_efaar_e0.2_c150,0.2590656768334623,0.02768520115392686,0.007172285375212614,370,88,1480,5753,7233
768,openphenom,HQ,std_all__tvn_efaar_e0.2_c150,0.2910645884504106,0.011452040018871595,0.0033332833150104936,370,80,1480,5689,7169
769,openphenom,HQ,std_all__tvn_efaar_e0.2_c150,0.3031603601421018,0.007084198223617988,0.0021476480847900667,370,90,1480,5785,7265
770,openphenom,HQ,std_all__tvn_efaar_e0.2_c150,0.27249527177654703,-0.019186446680684307,-0.0052282160026792986,370,66,1480,5657,7137
771,openphenom,HQ,std_all__tvn_efaar_e0.2_c150,0.27923658445713706,-0.00641699280873726,-0.0017918591543978032,370,79,1480,5689,7169
772,openphenom,HQ,std_all__tvn_efaar_e0.2_c150,0.2702525881220537,-0.017543074146454455,-0.004741061191696405,370,106,1480,5983,7463
773,openphenom,HQ,std_all__tvn_efaar_e0.2_c150,0.2879739446828703,0.05618027410093035,0.016178455146209806,370,63,1480,5593,7073
774,openphenom,HQ,std_all__tvn_efaar_e0.2_c150,0.3075566074472824,-0.05970299238277645,-0.01836204979169767,370,91,1480,5593,7073
775,openphenom,HQ,std_all__tvn_efaar_e0.2_c150,0.2536476063879903,-0.0057760376741376575,-0.0014650781304518714,370,77,1480,5689,7169
776,openphenom,HQ,std_all__tvn_efaar_e0.2_c150,0.2930332138975072,-0.02218969285008051,-0.006502317011257628,370,81,1480,5913,7393
777,openphenom,HQ,std_all__tvn_efaar_e0.2_c150,0.2794010104512143,0.08482812904741316,0.023701064970533238,370,45,1480,5529,7009
778,openphenom,HQ,std_all__tvn_efaar_e0.2_c150,0.3008378700468451,0.032092578135841036,0.009654662850698367,370,77,1480,5721,7201
779,openphenom,HQ,std_all__tvn_efaar_e0.2_c150,0.2824913995203371,0.045825229017045326,0.012945233078365094,370,83,1480,5721,7201
780,openphenom,HQ,std_all__tvn_efaar_e0.2_c150,0.28200734557917223,0.04218729427916398,0.01189712687683443,370,75,1480,5657,7137
781,openphenom,HQ,std_all__tvn_efaar_e0.2_c150,0.2955275248475914,-0.00790656228252046,-0.0023366067814065946,370,55,1480,5689,7169
782,openphenom,HQ,std_all__tvn_efaar_e0.2_c150,0.3144150663171663,0.06294609610122301,0.019791200980072757,370,88,1480,5369,6849
783,openphenom,HQ,std_all__tvn_efaar_e0.2_c150,0.2752607245335686,0.05671787355146847,0.015612202967780538,370,67,1480,5273,6753
784,openphenom,HQ,std_all__tvn_efaar_e0.2_c150,0.2793350544656136,0.04509658801537636,0.012597057869488492,370,62,1480,5785,7265
785,openphenom,HQ,std_all__tvn_efaar_e0.2_c150,0.276935602027411,0.05894924658911137,0.016325145093217863,370,73,1480,5401,6881
786,openphenom,HQ,std_all__tvn_efaar_e0.2_c150,0.2891992298162511,0.03728084846428517,0.01078159266276764,370,83,1480,5657,7137
787,openphenom,HQ,std_all__tvn_efaar_e0.2_c150,0.27363156486998563,0.018116005274740322,0.004957110872520108,370,64,1480,5625,7105
788,openphenom,HQ,std_all__tvn_efaar_e0.2_c150,0.28193287577644005,-0.04845967751044741,-0.013662376239719316,370,90,1480,5756,7236
789,openphenom,HQ,std_all__tvn_efaar_e0.2_c150,0.2754206476458889,0.025341285957299464,0.006979513390539089,370,63,1480,5593,7073
790,openphenom,HQ,std_all__tvn_efaar_e0.2_c150,0.28322734303760033,-0.016878587918872402,-0.004780477610488771,370,89,1480,6009,7489
791,openphenom,HQ,std_all__tvn_efaar_e0.2_c150,0.2742157877818576,0.10653189307466436,0.02921272698336171,370,85,1480,5465,6945
792,openphenom,HQ,std_all__tvn_efaar_e0.2_c150,0.24008024630012878,0.009414163817260379,0.0022601547679576323,370,65,1480,5852,7332
793,openphenom,HQ,std_all__tvn_efaar_e0.2_c150,0.26892682015398933,0.01841640442275243,0.004952665080080677,370,70,1480,5625,7105
794,openphenom,HQ,std_all__tvn_efaar_e0.2_c150,0.3214156625962018,0.0008596991534836387,0.00027632077305033754,370,70,1480,5785,7265
795,openphenom,HQ,std_all__tvn_efaar_e0.2_c150,0.3013937628954753,0.012893162636850817,0.0038859188027438162,370,71,1480,5785,7265
796,openphenom,HQ,std_all__tvn_efaar_e0.2_c150,0.2842761387111365,-0.044932275109718,-0.01277317367169714,370,88,1480,5689,7169
797,openphenom,HQ,std_all__tvn_efaar_e0.2_c150,0.30259222732451546,-0.019413483211442404,-0.005874369125077444,370,56,1480,5817,7297
798,openphenom,HQ,std_all__tvn_efaar_e0.2_c150,0.3007604232549521,0.006825513154212087,0.0020528442251930706,370,67,1480,5753,7233
799,openphenom,HQ,std_all__tvn_efaar_e0.2_c150,0.2640465827566243,0.0402755474279126,0.010634620666992672,370,87,1480,5721,7201
800,openphenom,HQ,std_all__tvn_efaar_e0.2_c150,0.2833795388379289,-0.004277370822584507,-0.0012121193711428103,370,49,1480,5625,7105
801,openphenom,HQ,std_all__tvn_efaar_e0.2_c150,0.30425086058144746,0.03402439758201403,0.01035195224509309,370,67,1480,5695,7175
802,openphenom,HQ,std_all__tvn_efaar_e0.2_c150,0.25494094308976567,0.039090604036440935,0.009965795458998852,370,94,1480,5785,7265
803,openphenom,HQ,std_all__tvn_efaar_e0.2_c150,0.282973324572429,-0.003568746146245335,-0.0010098599615580865,370,50,1480,5721,7201
804,openphenom,HQ,std_all__tvn_efaar_e0.2_c150,0.29882539454504553,0.010694678407034157,0.003195841494514361,370,85,1480,5689,7169
805,openphenom,HQ,std_all__tvn_efaar_e0.2_c150,0.26196469174772086,0.012807091480409625,0.0033550057718503695,370,52,1480,5753,7233
806,openphenom,HQ,std_all__tvn_efaar_e0.2_c150,0.2855479051503825,0.009414539977386211,0.002688302168497162,370,74,1480,5817,7297
807,openphenom,HQ,std_all__tvn_efaar_e0.2_c150,0.27259959450848886,0.007736000406860349,0.002108830574027636,370,104,1480,5625,7105
808,openphenom,HQ,std_all__tvn_efaar_e0.2_c150,0.2935964392918892,0.06345113759239553,0.018629028066147062,370,76,1480,5691,7171
809,openphenom,HQ,std_all__tvn_efaar_e0.2_c150,0.2683326611476491,0.007228286652601009,0.0019395853930304612,370,90,1480,5689,7169
810,openphenom,HQ,std_all__tvn_efaar_e0.2_c150,0.28451042217027145,0.006383427401564979,0.001816151624912531,370,85,1480,5657,7137
811,openphenom,HQ,std_all__tvn_efaar_e0.2_c150,0.2888713858738181,0.0066434612378939726,0.001919105854789423,370,97,1480,5593,7073
812,openphenom,HQ,std_all__tvn_efaar_e0.2_c150,0.2717375044929139,-0.0024450525440622294,-0.0006644124766775206,370,102,1480,5561,7041
813,openphenom,HQ,std_all__tvn_efaar_e0.2_c150,0.28202388245546184,0.03891305827741797,0.010974411773613062,370,75,1480,5465,6945
814,openphenom,HQ,std_all__tvn_efaar_e0.2_c150,0.2974569222630372,0.045806753898375636,0.013625536033471199,370,104,1480,5785,7265
815,openphenom,HQ,std_all__tvn_efaar_e0.2_c150,0.30722505686371454,-0.010474262389183489,-0.0032179558581223637,370,89,1480,5817,7297
816,openphenom,HQ,std_all__tvn_efaar_e0.2_c150,0.27621784045735204,-0.015617957647442539,-0.0043139585337309645,370,79,1480,5465,6945
817,openphenom,HQ,std_all__tvn_efaar_e0.2_c150,0.30124727207283486,0.022751842236704903,0.006853930408438858,370,53,1480,5913,7393
818,openphenom,HQ,std_all__tvn_efaar_e0.2_c150,0.23939389392590643,-0.022484989041629957,-0.005382769081557131,370,83,1480,5657,7137
819,openphenom,HQ,std_all__tvn_efaar_e0.2_c150,0.27014864971660374,-0.0036299619653918963,-0.00098062932347325,370,61,1480,5689,7169
820,openphenom,HQ,std_all__tvn_efaar_e0.2_c150,0.2669906456998019,0.03349982379507132,0.00894413958587568,370,59,1480,5689,7169
821,openphenom,HQ,std_all__tvn_efaar_e0.2_c150,0.31163865006427094,-0.02157545813635208,-0.0067237466481309535,370,75,1480,5465,6945
822,openphenom,HQ,std_all__tvn_efaar_e0.2_c150,0.26792334778168386,0.006386609531539786,0.001711121806664551,370,86,1480,5849,7329
823,openphenom,HQ,std_all__tvn_efaar_e0.2_c150,0.29351283916457555,0.04157483647525632,0.012202748291655437,370,85,1480,5691,7171
824,openphenom,HQ,std_all__tvn_efaar_e0.2_c150,0.29866804635094474,-0.01235114638654991,-0.003688892761465392,370,69,1480,5977,7457
825,openphenom,HQ,std_all__tvn_efaar_e0.2_c150,0.3113907897166741,-0.0013124914353481623,-0.00040869774454943536,370,51,1480,5497,6977
826,openphenom,HQ,std_all__tvn_efaar_e0.2_c150,0.2894996618414137,0.013795720988076998,0.003993856560906784,370,77,1480,5849,7329
827,openphenom,HQ,std_all__tvn_efaar_e0.2_c150,0.2929228282453827,0.02000875089269939,0.00586101990114683,370,67,1480,5721,7201
828,openphenom,HQ,std_all__tvn_efaar_e0.2_c150,0.29032401900519966,0.03335380397887018,0.009683410420257211,370,70,1480,5849,7329
829,openphenom,HQ,std_all__tvn_efaar_e0.2_c150,0.2581509980487897,-0.01821726900488017,-0.004702806175333098,370,55,1480,5561,7041
830,openphenom,HQ,std_all__tvn_efaar_e0.2_c150,0.2846108051284382,-0.02490194929131765,-0.007087363837069458,370,70,1480,5401,6881
831,openphenom,HQ,std_all__tvn_efaar_e0.2_c150,0.2796532984565853,0.08843849749804696,0.0247321175358733,370,69,1480,5753,7233
832,openphenom,HQ,std_all__tvn_efaar_e0.2_c150,0.2957074161893697,0.06294399808193855,0.018613007037438692,370,72,1480,5753,7233
833,openphenom,HQ,std_all__tvn_efaar_e0.2_c150,0.2956829228360161,0.0073080014211878135,0.002160851220306572,370,68,1480,5881,7361
834,openphenom,HQ,std_all__tvn_efaar_e0.2_c150,0.29197127849929055,-0.01990328601582271,-0.005811187864376808,370,76,1480,5785,7265
835,openphenom,HQ,std_all__tvn_efaar_e0.2_c150,0.30333061008606604,0.036235552491409764,0.010991352244024994,370,69,1480,5881,7361
836,openphenom,HQ,std_all__tvn_efaar_e0.2_c150,0.2780599916648593,0.03294716016919901,0.009161287082028262,370,99,1480,5785,7265
837,openphenom,HQ,std_all__tvn_efaar_e0.2_c150,0.2702480930314474,0.008819845806564279,0.0023835465100554044,370,73,1480,5401,6881
838,openphenom,HQ,std_all__tvn_efaar_e0.2_c150,0.2866640620552462,0.009338232611289998,0.00267693569276916,370,69,1480,5817,7297
839,openphenom,HQ,std_all__tvn_efaar_e0.2_c150,0.2893282613994074,0.01092827949921976,0.00316186010759604,370,64,1480,5817,7297
840,openphenom,HQ,std_all__tvn_efaar_e0.2_c150,0.30718525265004865,-0.022996593491762602,-0.0070642143818575595,370,60,1480,5849,7329
841,openphenom,HQ,std_all__tvn_efaar_e0.2_c150,0.2747664837815442,-0.016406462631031474,-0.004507946048421821,370,82,1480,5881,7361
842,openphenom,HQ,std_all__tvn_efaar_e0.2_c150,0.3068270599545564,-0.004357276373889661,-0.0013369302992100151,370,68,1480,5753,7233
843,openphenom,HQ,std_all__tvn_efaar_e0.2_c150,0.27388114187893486,-0.023507059621060162,-0.006438140331232159,370,78,1480,5625,7105
844,openphenom,HQ,std_all__tvn_efaar_e0.2_c150,0.31438646043469165,0.00904643328816123,0.0028440761410235783,370,96,1480,5881,7361
845,openphenom,HQ,std_all__tvn_efaar_e0.2_c150,0.2781133544317395,-0.018649167156263583,-0.00518658243518669,370,71,1480,5785,7265
846,openphenom,HQ,std_all__tvn_efaar_e0.2_c150,0.2658777769071572,0.06060812985008157,0.016114354827040003,370,76,1480,5785,7265
847,openphenom,HQ,std_all__tvn_efaar_e0.2_c150,0.26203496536255655,0.0871236767086218,0.02282944960860229,370,57,1480,5625,7105
848,openphenom,HQ,std_all__tvn_efaar_e0.2_c150,0.2864253677428261,-0.019265015941848717,-0.005517989275715426,370,41,1480,5660,7140
849,openphenom,HQ,std_all__tvn_efaar_e0.2_c150,0.2872825751421573,-0.013599158179185574,-0.003906801181481963,370,70,1480,5663,7143
850,openphenom,HQ,std_all__tvn_efaar_e0.2_c150,0.30472465377317737,0.04384589032887252,0.013360923749842385,370,75,1480,5881,7361
851,openphenom,HQ,std_all__tvn_efaar_e0.2_c150,0.2660498367549305,0.0848828232752641,0.02258306127568163,370,91,1480,5561,7041
852,openphenom,HQ,std_all__tvn_efaar_e0.2_c150,0.2657124594743639,-0.014362771436077573,-0.0038163673231483134,370,82,1480,5657,7137
853,openphenom,HQ,std_all__tvn_efaar_e0.2_c150,0.2753070480857443,0.0522624675568236,0.014388225668746087,370,80,1480,5689,7169
854,openphenom,HQ,std_all__tvn_efaar_e0.2_c150,0.2930297036170756,-0.011723083029725424,-0.0034352115456788095,370,103,1480,5785,7265
855,openphenom,HQ,std_all__tvn_efaar_e0.2_c150,0.2883160656144841,0.008583692485502677,0.002474816445864744,370,56,1480,5689,7169
856,openphenom,HQ,std_all__tvn_efaar_e0.2_c150,0.27138562955172835,0.03306982929205586,0.008974676441592767,370,72,1480,5753,7233
857,openphenom,HQ,std_all__tvn_efaar_e0.2_c150,0.2840517865393656,-0.00021457549811804778,-6.095055358800575e-05,370,83,1480,5625,7105
858,openphenom,HQ,std_all__tvn_efaar_e0.2_c150,0.31352946573188445,0.11669987458581783,0.03658884932986939,370,65,1480,5785,7265
859,openphenom,HQ,std_all__tvn_efaar_e0.2_c150,0.2814515496263273,-0.02557762674336161,-0.007198862682682917,370,53,1480,5689,7169
860,openphenom,HQ,std_all__tvn_efaar_e0.2_c150,0.2919345041241152,0.03517805884130507,0.010269689163885343,370,60,1480,5561,7041
861,openphenom,HQ,std_all__tvn_efaar_e0.2_c150,0.3010502820736065,0.027306616526393688,0.008220664607746625,370,85,1480,5817,7297
862,openphenom,HQ,std_all__tvn_efaar_e0.2_c150,0.29954248892040725,0.02494233836165184,0.007471290112344145,370,58,1480,5625,7105
863,openphenom,HQ,std_all__tvn_efaar_e0.2_c150,0.29825006898489137,0.04114993767856448,0.012272971751355837,370,86,1480,5470,6950
864,openphenom,HQ,std_all__tvn_efaar_e0.2_c150,0.26029665710190025,0.05516769756849254,0.014359967257087238,370,53,1480,5785,7265
865,openphenom,HQ,std_all__tvn_efaar_e0.2_c150,0.27927734666626675,0.1565977860823527,0.043734214190891095,370,61,1480,5881,7361
866,openphenom,HQ,std_all__tvn_efaar_e0.2_c150,0.2766128021540278,-0.004515627560354797,-0.0012490803929536966,370,80,1480,5817,7297
867,openphenom,HQ,std_all__tvn_efaar_e0.2_c150,0.2937167138869366,0.0031640796703950296,0.0009293430832648896,370,67,1480,6009,7489
868,openphenom,HQ,std_all__tvn_efaar_e0.2_c150,0.2747665374656396,0.07980207778009035,0.02192694059419908,370,83,1480,5689,7169
869,openphenom,HQ,std_all__tvn_efaar_e0.2_c150,0.31988236943754156,0.0021599074112669866,0.0006909163004817902,370,64,1480,5625,7105
870,openphenom,HQ,std_all__tvn_efaar_e0.2_c150,0.26637464382879966,0.07801668345775678,0.020781666268764168,370,46,1480,6009,7489
871,openphenom,HQ,std_all__tvn_efaar_e0.2_c150,0.2870257092209958,0.023976708122162235,0.006881931653548425,370,80,1480,5817,7297
872,openphenom,HQ,std_all__tvn_efaar_e0.2_c150,0.2884974966462179,-0.031189177101339005,-0.008997999516191846,370,70,1480,5657,7137
873,openphenom,HQ,std_all__tvn_efaar_e0.2_c150,0.2927382974449909,-0.010336336600829827,-0.003025841578345268,370,84,1480,5657,7137
874,openphenom,HQ,std_all__tvn_efaar_e0.2_c150,0.28193549972828547,0.01054456589433592,0.002972887454837433,370,100,1480,5721,7201
875,openphenom,HQ,std_all__tvn_efaar_e0.2_c150,0.2731133330214777,0.013197087444897691,0.0036043005382519057,370,71,1480,5561,7041
876,openphenom,HQ,std_all__tvn_efaar_e0.2_c150,0.28189451106530866,0.008906958240984392,0.0025108226384214167,370,71,1480,5817,7297
877,openphenom,HQ,std_all__tvn_efaar_e0.2_c150,0.3388697453000216,0.052878958672493204,0.01791907925707814,370,53,1480,5657,7137
878,openphenom,HQ,std_all__tvn_efaar_e0.2_c150,0.2886932530617739,0.03939290229843829,0.01137246511208078,370,79,1480,5753,7233
879,openphenom,HQ,std_all__tvn_efaar_e0.2_c150,0.28985017564571985,-0.007300339308157432,-0.0021160046307427847,370,90,1480,5785,7265
880,openphenom,HQ,std_all__tvn_efaar_e0.2_c150,0.2671021762674369,0.042165334913567123,0.011262452718459116,370,53,1480,5753,7233
881,openphenom,HQ,std_all__tvn_efaar_e0.2_c150,0.2735442547325083,0.05525805452388175,0.015115523342703543,370,58,1480,5785,7265
882,openphenom,HQ,std_all__tvn_efaar_e0.2_c150,0.2664982811491329,-0.012696636915127249,-0.003383631914256041,370,64,1480,5785,7265
883,openphenom,HQ,std_all__tvn_efaar_e0.2_c150,0.24203007559489398,-0.0013283382089850147,-0.00032149779713622916,370,84,1480,5785,7265
884,openphenom,HQ,std_all__tvn_efaar_e0.2_c150,0.3300102382573426,0.06392064187035283,0.021094466253197407,370,81,1480,5561,7041
885,openphenom,HQ,std_all__tvn_efaar_e0.2_c150,0.2870367575486337,0.018645061170766117,0.005351817902752639,370,62,1480,5401,6881
886,openphenom,HQ,std_all__tvn_efaar_e0.2_c150,0.3082930737706511,-0.01765751464201027,-0.005443689464135625,370,67,1480,5561,7041
887,openphenom,HQ,std_all__tvn_efaar_e0.2_c150,0.29478943077933284,0.011560857995543935,0.0034080187478270955,370,83,1480,5817,7297
888,openphenom,HQ,std_all__tvn_efaar_e0.2_c150,0.2805587578824275,0.04021914731289688,0.011283834013196721,370,46,1480,5593,7073
889,openphenom,HQ,std_all__tvn_efaar_e0.2_c150,0.28849043485632886,-0.053737943797839804,-0.015502882774523765,370,74,1480,5721,7201
890,openphenom,HQ,std_all__tvn_efaar_e0.2_c150,0.315729818690818,0.028792544630776497,0.009090664895922348,370,50,1480,5753,7233
891,openphenom,HQ,std_all__tvn_efaar_e0.2_c150,0.29729975319122687,0.13075160278746362,0.03887241923807026,370,82,1480,5401,6881
892,openphenom,HQ,std_all__tvn_efaar_e0.2_c150,0.2880782288846456,0.011706297945768553,0.0033723295790129702,370,81,1480,5407,6887
893,openphenom,HQ,std_all__tvn_efaar_e0.2_c150,0.2516396108806552,0.027773163310539983,0.00698882800838917,370,58,1480,5817,7297
894,openphenom,HQ,std_all__tvn_efaar_e0.2_c150,0.2678513953773875,0.012819117526829217,0.0034336185170679304,370,63,1480,5753,7233
895,openphenom,HQ,std_all__tvn_efaar_e0.2_c150,0.2722374890499478,0.005082252453941462,0.0013835796467789594,370,84,1480,5817,7297
896,openphenom,HQ,std_all__tvn_efaar_e0.2_c150,0.265602135145279,0.08136799373358859,0.02161151286812881,370,84,1480,5529,7009
897,openphenom,HQ,std_all__tvn_efaar_e0.2_c150,0.2741535100952372,0.010158354377116595,0.0027849485092778315,370,79,1480,5689,7169
898,openphenom,HQ,std_all__tvn_efaar_e0.2_c150,0.26579545087329687,-0.07870423092434521,-0.02091922654417241,370,79,1480,5977,7457
899,openphenom,HQ,std_all__tvn_efaar_e0.2_c150,0.31224023753256563,0.027525512203922395,0.008594572468758263,370,88,1480,5689,7169
900,openphenom,HQ,std_all__tvn_efaar_e0.2_c150,0.27432084478683716,0.034835179580186094,0.009556015890737828,370,65,1480,5849,7329
901,openphenom,HQ,std_all__tvn_efaar_e0.2_c150,0.32134984258900495,0.06500366581655807,0.020888917777859218,370,59,1480,5561,7041
902,openphenom,HQ,std_all__tvn_efaar_e0.2_c150,0.293019466556827,-0.007510964209755256,-0.0022008587260699047,370,52,1480,5849,7329
903,openphenom,HQ,std_all__tvn_efaar_e0.2_c150,0.3003443665707498,0.06780396792733058,0.02036453979811754,370,75,1480,5786,7266
904,openphenom,HQ,std_all__tvn_efaar_e0.2_c150,0.3171214653414363,0.033828746556321426,0.010727821678604718,370,72,1480,5913,7393
905,openphenom,HQ,std_all__tvn_efaar_e0.2_c150,0.287728981725221,0.022648093655267192,0.006516512925447467,370,65,1480,5753,7233
906,openphenom,HQ,std_all__tvn_efaar_e0.2_c150,0.3003878014027644,-0.01513207575269725,-0.004545490966012808,370,90,1480,5913,7393
907,openphenom,HQ,std_all__tvn_efaar_e0.2_c150,0.3065003276637328,0.06313359202865111,0.019350466643369996,370,52,1480,5593,7073
908,openphenom,HQ,std_all__tvn_efaar_e0.2_c150,0.2920500269704338,0.004792185618883362,0.001399557939242211,370,70,1480,5593,7073
909,openphenom,HQ,std_all__tvn_efaar_e0.2_c150,0.2920918790607826,0.04541150797951136,0.013264332696719195,370,53,1480,5593,7073
910,openphenom,HQ,std_all__tvn_efaar_e0.2_c150,0.3122119543209821,0.002843965231789459,0.0008879199430379118,370,55,1480,5465,6945
911,openphenom,HQ,std_all__tvn_efaar_e0.2_c150,0.28231610895384374,0.010366783599700816,0.002926710008234056,370,80,1480,5753,7233
912,openphenom,HQ,std_all__tvn_efaar_e0.2_c150,0.2941822857662882,0.016075117364048253,0.004729014770117065,370,54,1480,5497,6977
913,openphenom,HQ,std_all__tvn_efaar_e0.2_c150,0.2550699549033207,0.018346843836934978,0.004679728630105272,370,82,1480,5401,6881
914,openphenom,HQ,std_all__tvn_efaar_e0.2_c150,0.29753450638792595,-0.02576820949943246,-0.007666931493914302,370,69,1480,5561,7041
915,openphenom,HQ,std_all__tvn_efaar_e0.2_c150,0.2803408219777468,-0.014442265817730874,-0.004048756670563788,370,101,1480,5849,7329
916,openphenom,HQ,std_all__tvn_efaar_e0.2_c150,0.31473726695391036,0.032929332023763934,0.010364087963777338,370,74,1480,5657,7137
917,openphenom,HQ,std_all__tvn_efaar_e0.2_c150,0.31526877056588726,0.0388316598031976,0.012242409645186893,370,80,1480,5561,7041
918,openphenom,HQ,std_all__tvn_efaar_e0.2_c150,0.29690088791960706,-0.0980834024336472,-0.029121049272726,370,107,1480,5209,6689
919,openphenom,HQ,std_all__tvn_efaar_e0.2_c150,0.29335762124015047,0.04520638024999076,0.013261636175015008,370,70,1480,5599,7079
920,openphenom,HQ,std_all__tvn_efaar_e0.2_c150,0.2890286713043558,-0.02370534015685399,-0.006851522968353297,370,74,1480,5855,7335
921,openphenom,HQ,std_all__tvn_efaar_e0.2_c150,0.3010684087126818,0.012134198963541131,0.0036532239729564014,370,46,1480,5785,7265
922,openphenom,HQ,std_all__tvn_efaar_e0.2_c150,0.2872607735071683,0.00351210805391259,0.001008890876207686,370,115,1480,5721,7201
923,openphenom,HQ,std_all__tvn_efaar_e0.2_c150,0.2956509154465464,0.030923613420396977,0.009142594616655475,370,81,1480,5721,7201
924,openphenom,HQ,std_all__tvn_efaar_e0.2_c150,0.27897049174876376,0.01552216534878455,0.004330226100356048,370,74,1480,5785,7265
925,openphenom,HQ,std_all__tvn_efaar_e0.2_c150,0.2759248241410211,0.05341603064547664,0.014738808862164535,370,92,1480,5497,6977
926,openphenom,HQ,std_all__tvn_efaar_e0.2_c150,0.28089622625310845,0.04291508983194612,0.01205468678310681,370,91,1480,5078,6558
927,openphenom,HQ,std_all__tvn_efaar_e0.2_c150,0.29848823608432945,0.0525085993780223,0.015673199207604595,370,53,1480,5785,7265
928,openphenom,HQ,std_all__tvn_efaar_e0.2_c150,0.2617697480852742,0.03311063515126478,0.008667362622490005,370,72,1480,5721,7201
929,openphenom,HQ,std_all__tvn_efaar_e0.2_c150,0.288301369133098,-0.001016820135586557,-0.00029315063725170675,370,73,1480,5561,7041
930,openphenom,HQ,std_all__tvn_efaar_e0.2_c150,0.2729318296391948,-0.024567700629041574,-0.006705307482712314,370,77,1480,5657,7137
931,openphenom,HQ,std_all__tvn_efaar_e0.2_c150,0.2982665923973812,0.04923590307821777,0.014685425034747745,370,101,1480,5977,7457
932,openphenom,HQ,std_all__tvn_efaar_e0.2_c150,0.31909280875603985,-0.00874888879947911,-0.0027917075005200465,370,66,1480,5689,7169
933,openphenom,HQ,std_all__tvn_efaar_e0.2_c150,0.31423771331629097,0.024401302309685118,0.0076678094397349805,370,67,1480,5593,7073
934,openphenom,HQ,std_all__tvn_efaar_e0.2_c150,0.2946366375109615,0.0038574474610696134,0.0011365453493047465,370,53,1480,5561,7041
935,openphenom,HQ,std_all__tvn_efaar_e0.2_c150,0.3137127500954133,-0.02981418194951526,-0.009353089011227462,370,91,1480,5657,7137
936,openphenom,HQ,std_all__tvn_efaar_e0.2_c150,0.2868239706586705,0.03889124794843687,0.011154942160441534,370,88,1480,5753,7233
937,openphenom,HQ,std_all__tvn_efaar_e0.2_c150,0.2767136916921729,-0.015247776748752828,-0.004219268594245473,370,52,1480,5721,7201
938,openphenom,HQ,std_all__tvn_efaar_e0.2_c150,0.24439284160682884,-0.00019289346179068438,-4.714178125440362e-05,370,75,1480,5566,7046
939,openphenom,HQ,std_all__tvn_efaar_e0.2_c150,0.2523357718137901,0.049354101537992634,0.012453805303765535,370,67,1480,5753,7233
940,openphenom,HQ,std_all__tvn_efaar_e0.2_c150,0.3208928229826065,-0.008091274956461145,-0.0025964320623072835,370,58,1480,5785,7265
941,openphenom,HQ,std_all__tvn_efaar_e0.2_c150,0.286707815708535,0.03552205136104889,0.01018444975521272,370,67,1480,5721,7201
942,openphenom,HQ,std_all__tvn_efaar_e0.2_c150,0.2912072821737045,0.013057693348806824,0.0038024953915636933,370,84,1480,5881,7361
943,openphenom,HQ,std_all__tvn_efaar_e0.2_c150,0.30235486754808716,-0.05851488743592107,-0.017692261040279145,370,99,1480,5753,7233
944,openphenom,HQ,std_all__tvn_efaar_e0.2_c150,0.2839294725147503,0.03555791566553738,0.010095940238640005,370,56,1480,5593,7073
945,openphenom,HQ,std_all__tvn_efaar_e0.2_c150,0.27616682130308146,-0.02072356022700984,-0.005723159753976272,370,83,1480,5625,7105
946,openphenom,HQ,std_all__tvn_efaar_e0.2_c150,0.2772129101003467,-0.024428122463457675,-0.006771790916382752,370,81,1480,5625,7105
947,openphenom,HQ,std_all__tvn_efaar_e0.2_c150,0.2445732038749031,0.046443653413263494,0.011358873114937433,370,89,1480,5721,7201
948,openphenom,HQ,std_all__tvn_efaar_e0.2_c150,0.2959787364977718,0.043322938370263235,0.01282266856020135,370,67,1480,5561,7041
949,openphenom,HQ,std_all__tvn_efaar_e0.2_c150,0.30852401901206117,0.01853468385008072,0.005718395152544848,370,60,1480,5849,7329
950,openphenom,HQ,std_all__tvn_efaar_e0.2_c150,0.28935254185238596,0.036795383917599817,0.01064683786499191,370,65,1480,5721,7201
951,openphenom,HQ,std_all__tvn_efaar_e0.2_c150,0.29941857249324116,0.03815229155256725,0.011423504674015629,370,70,1480,5689,7169
952,openphenom,HQ,std_all__tvn_efaar_e0.2_c150,0.316551745373667,0.019124810240918735,0.006053992061703006,370,66,1480,5881,7361
953,openphenom,HQ,std_all__tvn_efaar_e0.2_c150,0.29473391462178417,0.041362369604354146,0.012190893111524395,370,64,1480,5785,7265
954,openphenom,HQ,std_all__tvn_efaar_e0.2_c150,0.29192866328872563,0.13699710959274747,0.03999338307782982,370,84,1480,5561,7041
955,openphenom,HQ,std_all__tvn_efaar_e0.2_c150,0.2567707393896228,0.005267106652557998,0.0013524388696213182,370,58,1480,5785,7265
956,openphenom,HQ,std_all__tvn_efaar_e0.2_c150,0.2868184855506483,0.07301727793032184,0.020942705075005688,370,56,1480,5753,7233
957,openphenom,HQ,std_all__tvn_efaar_e0.2_c150,0.3000496882903768,0.00449176469703971,0.001347752597220484,370,61,1480,5721,7201
958,openphenom,HQ,std_all__tvn_efaar_e0.2_c150,0.2770248771602651,0.017211973040186724,0.004768144717143522,370,79,1480,5721,7201
959,openphenom,HQ,std_all__tvn_efaar_e0.2_c150,0.3178137848502058,0.04651768115343443,0.014783960309828082,370,62,1480,5881,7361
960,openphenom,HQ,std_all__tvn_efaar_e0.2_c150,0.3078264261375217,0.07146788910550188,0.021999704886939364,370,69,1480,5689,7169
961,openphenom,HQ,std_all__tvn_efaar_e0.2_c150,0.30497005467273497,0.08435553935753282,0.02572591344981483,370,64,1480,5657,7137
962,openphenom,HQ,std_all__tvn_efaar_e0.2_c150,0.30405697790331826,0.025785502870175427,0.007840262076422879,370,82,1480,5785,7265
963,openphenom,HQ,std_all__tvn_efaar_e0.2_c150,0.27334625389026845,-0.00206744159971187,-0.0005651274164181436,370,82,1480,5689,7169
964,openphenom,HQ,std_all__tvn_efaar_e0.2_c150,0.28272062032425843,-0.0043129849586673995,-0.0012193697829636432,370,103,1480,5785,7265
965,openphenom,HQ,std_all__tvn_efaar_e0.2_c150,0.2630459336901498,0.07227179881466946,0.019010802798671386,370,53,1480,5625,7105
966,openphenom,HQ,std_all__tvn_efaar_e0.2_c150,0.28251950141126353,-0.02803587520875948,-0.007920681485607131,370,67,1480,5561,7041
967,openphenom,HQ,std_all__tvn_efaar_e0.2_c150,0.31799675749754264,0.02586786594711797,0.008225897494564614,370,61,1480,5849,7329
968,openphenom,HQ,std_all__tvn_efaar_e0.2_c150,0.32753833713844605,-0.032154329090417905,-0.010531775482077843,370,109,1480,5817,7297
969,openphenom,HQ,std_all__tvn_efaar_e0.2_c150,0.28932176880150773,0.014717709679448533,0.004258153797165121,370,88,1480,5657,7137
970,openphenom,HQ,std_all__tvn_efaar_e0.2_c150,0.25827432855648297,-0.009886790836117407,-0.0025535042647766124,370,61,1480,5593,7073
971,openphenom,HQ,std_all__tvn_efaar_e0.2_c150,0.2820801045814376,-0.01536037716012188,-0.004332856795737506,370,66,1480,5753,7233
972,openphenom,HQ,std_all__tvn_efaar_e0.2_c150,0.2875647797536728,-0.005647459118179249,-0.0016240103374870868,370,46,1480,5817,7297
973,openphenom,HQ,std_all__tvn_efaar_e0.2_c150,0.3129482771455164,-0.013247100513138977,-0.004145657282760329,370,58,1480,5657,7137
974,openphenom,HQ,std_all__tvn_efaar_e0.2_c150,0.2816179067238371,0.053200007105615614,0.014982074638776727,370,83,1480,5753,7233
975,openphenom,HQ,std_all__tvn_efaar_e0.2_c150,0.30248054735593655,0.0686717113470709,0.020771856836130885,370,71,1480,5529,7009
976,openphenom,HQ,std_all__tvn_efaar_e0.2_c150,0.29844429325058086,0.11519126367439167,0.03437817527594513,370,90,1480,5785,7265
977,openphenom,HQ,std_all__tvn_efaar_e0.2_c150,0.2835584283768594,0.003548189249167175,0.001006118967077513,370,84,1480,5753,7233
978,openphenom,HQ,std_all__tvn_efaar_e0.2_c150,0.32303528413410026,0.05095888435822875,0.01646151768781718,370,66,1480,5593,7073
979,openphenom,HQ,std_all__tvn_efaar_e0.2_c150,0.26989033516769473,0.008667404384758147,0.002339248674436323,370,96,1480,5753,7233
980,openphenom,HQ,std_all__tvn_efaar_e0.2_c150,0.2814870369738089,0.007854621839541682,0.0022109742281623563,370,73,1480,5529,7009
981,openphenom,HQ,std_all__tvn_efaar_e0.2_c150,0.2851569779716217,-0.029091345523187748,-0.008295600174520485,370,50,1480,5817,7297
982,openphenom,HQ,std_all__tvn_efaar_e0.2_c150,0.27051649934917166,-0.059716098252758205,-0.016154189854127334,370,63,1480,5465,6945
983,openphenom,HQ,std_all__tvn_efaar_e0.2_c150,0.3209500839811068,0.05576841493542036,0.017898877457016377,370,73,1480,5753,7233
984,openphenom,HQ,std_all__tvn_efaar_e0.2_c150,0.3149698376443321,0.048581602989041794,0.015301739605959893,370,90,1480,5753,7233
985,openphenom,HQ,std_all__tvn_efaar_e0.2_c150,0.27172669653928233,-0.030624713861224066,-0.008321552329971185,370,89,1480,5689,7169
986,openphenom,HQ,std_all__tvn_efaar_e0.2_c150,0.3291592059246071,0.012263235028513625,0.004036556704052371,370,92,1480,5721,7201
987,openphenom,HQ,std_all__tvn_efaar_e0.2_c150,0.27596105313440805,0.0953050057531728,0.026300469756626383,370,63,1480,5721,7201
988,openphenom,HQ,std_all__tvn_efaar_e0.2_c150,0.2829679574325644,0.04709561692356431,0.013326550524887506,370,56,1480,5785,7265
989,openphenom,HQ,std_all__tvn_efaar_e0.2_c150,0.3470288596020149,0.041301896767433836,0.01433295013460271,370,107,1480,5689,7169
990,openphenom,HQ,std_all__tvn_efaar_e0.2_c150,0.28812665170600354,0.014839840069814708,0.0042757534311682974,370,81,1480,5785,7265
991,openphenom,HQ,std_all__tvn_efaar_e0.2_c150,0.32414742978573013,0.0310007313250842,0.010048807380504015,370,60,1480,5593,7073
992,openphenom,HQ,std_all__tvn_efaar_e0.2_c150,0.30792130343250557,0.10111787870252328,0.031136349010410964,370,72,1480,5721,7201
993,openphenom,HQ,std_all__tvn_efaar_e0.2_c150,0.28572034361051746,0.04341394717869068,0.012404247905384356,370,91,1480,5593,7073
994,openphenom,HQ,std_all__tvn_efaar_e0.2_c150,0.26728243301750004,-0.008843540134565295,-0.0023637229236545217,370,66,1480,5401,6881
995,openphenom,HQ,std_all__tvn_efaar_e0.2_c150,0.2930410437772573,0.032788191316003384,0.009608285806810037,370,63,1480,5689,7169
996,openphenom,HQ,std_all__tvn_efaar_e0.2_c150,0.2800947695786111,0.011783871574602702,0.0033006007934322894,370,50,1480,5721,7201
997,openphenom,HQ,std_all__tvn_efaar_e0.2_c150,0.2942536289407217,-0.01923878158039766,-0.005661081296429925,370,88,1480,5849,7329
998,openphenom,HQ,std_all__tvn_efaar_e0.2_c150,0.302974227408969,-0.0027347892985995926,-0.0008285706748695278,370,69,1480,5913,7393
999,openphenom,HQ,std_all__tvn_efaar_e0.2_c150,0.3023908234403967,-0.029683065405833993,-0.008975886590305295,370,61,1480,5753,7233
1000,openphenom,HQ,std_all__tvn_efaar_e0.2_c150,0.31680128272333963,0.05581124505625632,0.01768107402420865,370,74,1480,5433,6913
1001,openphenom,HQ,std_all__tvn_efaar_e0.2_c150,0.29185134728172635,0.01825375259066429,0.0053273822865326755,370,50,1480,5817,7297
1002,openphenom,HQ,std_all__tvn_efaar_e0.2_c150,0.3149304886554681,-0.023630711430366814,-0.007442031498041775,370,64,1480,5561,7041
1003,openphenom,HQ,std_all__tvn_efaar_e0.2_c150,0.2808839423854195,-0.0076808580326359005,-0.002157429685109489,370,107,1480,5753,7233
1004,openphenom,HQ,std_all__tvn_efaar_e0.2_c150,0.29547304093011456,0.07595764858517129,0.022443437409361576,370,68,1480,5721,7201
1005,openphenom,HQ,std_all__tvn_efaar_e0.2_c150,0.27822650880595384,0.00041533230348718517,0.00011555645679357442,370,71,1480,5657,7137
1006,openphenom,HQ,std_all__tvn_efaar_e0.2_c150,0.24593928646327762,0.06760457690329558,0.01662662140524829,370,65,1480,5625,7105
1007,openphenom,HQ,std_all__tvn_efaar_e0.2_c150,0.28555009758495126,-0.022935157350087394,-0.006549136419443668,370,59,1480,5625,7105
1008,openphenom,HQ,std_all__tvn_efaar_e0.2_c150,0.2864370912200225,0.04314647047020181,0.012358749497895201,370,71,1480,5945,7425
1009,openphenom,HQ,std_all__tvn_efaar_e0.2_c150,0.3152102983162714,0.006636177000382687,0.002091791331970206,370,65,1480,5849,7329
1010,openphenom,HQ,std_all__tvn_efaar_e0.2_c150,0.28524438361492777,-0.005955508240173218,-0.0016987752770818328,370,102,1480,5753,7233
1011,openphenom,HQ,std_all__tvn_efaar_e0.2_c150,0.2767436704096927,-0.008032846971882078,-0.002223039554838032,370,70,1480,5881,7361
1012,openphenom,HQ,std_all__tvn_efaar_e0.2_c150,0.30687958957733846,0.03137670295191367,0.009628869724173332,370,56,1480,5849,7329
1013,openphenom,HQ,std_all__tvn_efaar_e0.2_c150,0.27914676642629616,0.0002575044370898677,7.188153095406018e-05,370,91,1480,5791,7271
1014,openphenom,HQ,std_all__tvn_efaar_e0.2_c150,0.27352554587123995,-0.08294682783142834,-0.022688076360879196,370,83,1480,5881,7361
1015,openphenom,HQ,std_all__tvn_efaar_e0.2_c150,0.28849081333999566,0.026309372626460877,0.007590012307472716,370,56,1480,5945,7425
1016,openphenom,HQ,std_all__tvn_efaar_e0.2_c150,0.296098818688026,0.03914508882160029,0.011590814557513698,370,77,1480,5625,7105
1017,openphenom,HQ,std_all__tvn_efaar_e0.2_c150,0.2940838702187971,-0.01578857556777625,-0.004643165408213581,370,68,1480,5817,7297
1018,openphenom,HQ,std_all__tvn_efaar_e0.2_c150,0.29684107008697563,0.0564029403742092,0.01674270917673214,370,77,1480,5657,7137
1019,openphenom,HQ,std_all__tvn_efaar_e0.2_c150,0.2937540728392194,0.040604286344524815,0.011927674488434063,370,64,1480,5561,7041
1020,openphenom,HQ,std_all__tvn_efaar_e0.2_c150,0.266564515176446,-0.011429971278117474,-0.0030468247522320874,370,71,1480,5753,7233
1021,openphenom,HQ,std_all__tvn_efaar_e0.2_c150,0.30226477096495047,-0.05718589577779343,-0.01728528168970026,370,70,1480,5529,7009
1022,openphenom,HQ,std_all__tvn_efaar_e0.2_c150,0.29934965988671475,0.021826742449863434,0.006533827928801538,370,53,1480,5561,7041
1023,openphenom,HQ,std_all__tvn_efaar_e0.2_c150,0.3101356274668952,-0.027696515242516893,-0.008589676133384403,370,80,1480,5593,7073
1024,openphenom,HQ,std_all__tvn_efaar_e0.2_c150,0.25228657845229274,0.015214106572489193,0.0038383148913818375,370,85,1480,5529,7009
1025,openphenom,HQ,std_all__tvn_efaar_e0.2_c150,0.2872512889218207,0.0033656267870529723,0.0009667806326107726,370,80,1480,5593,7073
1026,openphenom,HQ,std_all__tvn_efaar_e0.2_c150,0.28274247930871993,0.06583746327491488,0.01861504759774623,370,62,1480,5529,7009
1027,openphenom,HQ,std_all__tvn_efaar_e0.2_c150,0.2843761825854146,0.04510574986858274,0.012827000960280126,370,98,1480,5561,7041
1028,openphenom,HQ,std_all__tvn_efaar_e0.2_c150,0.2899893353541943,0.05651003796092288,0.016387308349128316,370,83,1480,5817,7297
1029,openphenom,HQ,std_all__tvn_efaar_e0.2_c150,0.2877899422241787,-0.002202451584897308,-0.000633843414369147,370,63,1480,5849,7329
1030,openphenom,HQ,std_all__tvn_efaar_e0.2_c150,0.25270134782535314,-0.008587005316882857,-0.0021699478173597716,370,51,1480,5593,7073
1031,openphenom,HQ,std_all__tvn_efaar_e0.2_c150,0.28693534126727493,-0.027414246041952535,-0.007866116043632692,370,58,1480,5625,7105
1032,openphenom,HQ,std_all__tvn_efaar_e0.2_c150,0.27743580038264615,0.019398821159092215,0.00538192747475256,370,85,1480,5465,6945
1033,openphenom,HQ,std_all__tvn_efaar_e0.2_c150,0.2915284597701502,-0.01541050736592395,-0.004492601476664363,370,71,1480,5401,6881
1034,openphenom,HQ,std_all__tvn_efaar_e0.2_c150,0.2661718342221367,-0.0690536255706364,-0.018380130177824933,370,80,1480,5593,7073
1035,openphenom,HQ,std_all__tvn_efaar_e0.2_c150,0.31944876581524234,0.14141260204403297,0.04517408119368835,370,96,1480,5753,7233
1036,openphenom,HQ,std_all__tvn_efaar_e0.2_c150,0.28880915349908715,0.0032279271120362724,0.0009322548967839488,370,65,1480,5465,6945
1037,openphenom,HQ,std_all__tvn_efaar_e0.2_c150,0.2513145281066123,0.027374863417266755,0.006879700881693359,370,42,1480,5753,7233
1038,openphenom,HQ,std_all__tvn_efaar_e0.2_c150,0.2974224814669772,-0.01708464437706349,-0.005081357325607062,370,91,1480,5625,7105
1039,openphenom,HQ,std_all__tvn_efaar_e0.2_c150,0.2787720485750118,-0.00920711610988094,-0.0025666866194195034,370,61,1480,5753,7233
1040,openphenom,HQ,std_all__tvn_efaar_e0.2_c150,0.2906992450363472,0.008996459208027987,0.00261526389977403,370,59,1480,5625,7105
1041,openphenom,HQ,std_all__tvn_efaar_e0.2_c150,0.25552541032651904,0.03551752308233155,0.00907562965939438,370,71,1480,5753,7233
1042,openphenom,HQ,std_all__tvn_efaar_e0.2_c150,0.2869631611235401,0.031219147668968012,0.008958745302669659,370,84,1480,5561,7041
1043,openphenom,HQ,std_all__tvn_efaar_e0.2_c150,0.27954644028553716,0.050818063077023974,0.014206008635387943,370,63,1480,5657,7137
1044,openphenom,HQ,std_all__tvn_efaar_e0.2_c150,0.29535241732925355,0.0658503530161875,0.01944906094531568,370,93,1480,5753,7233
1045,openphenom,HQ,std_all__tvn_efaar_e0.2_c150,0.27943036192016396,0.029818529406715637,0.008332202464045603,370,81,1480,5305,6785
1046,openphenom,HQ,std_all__tvn_efaar_e0.2_c150,0.287538988507875,0.033549904912997267,0.009646905723218621,370,81,1480,5497,6977
1047,openphenom,HQ,std_all__tvn_efaar_e0.2_c150,0.2651745468118342,0.06896730882493023,0.01828837486248269,370,68,1480,5657,7137
1048,openphenom,HQ,std_all__tvn_efaar_e0.2_c150,0.33496091103465064,0.037204286859612884,0.012461981820890413,370,65,1480,5849,7329
1049,openphenom,HQ,std_all__tvn_efaar_e0.2_c150,0.2864135880555357,0.009974076191594095,0.0028567109495737575,370,60,1480,5593,7073
1050,openphenom,HQ,std_all__tvn_efaar_e0.2_c150,0.33329330215568825,0.026544749276367588,0.00884718714121537,370,52,1480,5817,7297
1051,openphenom,HQ,std_all__tvn_efaar_e0.2_c150,0.2882037887728105,0.035860678190121176,0.010335183322355416,370,65,1480,5529,7009
1052,openphenom,HQ,std_all__tvn_efaar_e0.2_c150,0.25986757693977536,-0.006271138757472299,-0.00162966563355744,370,85,1480,5689,7169
1053,openphenom,HQ,std_all__tvn_efaar_e0.2_c150,0.28239698135226526,-0.02388773237960987,-0.006745823515352591,370,69,1480,5593,7073
1054,openphenom,HQ,std_all__tvn_efaar_e0.2_c150,0.2946102665305661,0.108900739112935,0.032083275775437424,370,127,1480,5657,7137
1055,openphenom,HQ,std_all__tvn_efaar_e0.2_c150,0.3037272196635509,-0.033007990770617814,-0.010025425263439896,370,59,1480,5465,6945
1056,openphenom,HQ,std_all__tvn_efaar_e0.2_c150,0.2791242962370423,0.012418563353598575,0.0034663227563483264,370,66,1480,5689,7169
1057,openphenom,HQ,std_all__tvn_efaar_e0.2_c150,0.30009254642911826,0.027178593493495183,0.008156093329824834,370,53,1480,5753,7233
1058,openphenom,HQ,std_all__tvn_efaar_e0.2_c150,0.2499548151332993,0.03677925122723651,0.009193150941245074,370,72,1480,5753,7233
1059,openphenom,HQ,std_all__tvn_efaar_e0.2_c150,0.3067063990469586,0.023562982366554096,0.00722691747245279,370,70,1480,5689,7169
1060,openphenom,HQ,std_all__tvn_efaar_e0.2_c150,0.2558972386484982,-0.023741502165596822,-0.006075384845543567,370,87,1480,5849,7329
1061,openphenom,HQ,std_all__tvn_efaar_e0.2_c150,0.2695879405474124,0.012054819374993786,0.00324983392897562,370,70,1480,5945,7425
1062,openphenom,HQ,std_all__tvn_efaar_e0.2_c150,0.28269045480759,0.02307895319826445,0.00652419977610046,370,61,1480,5433,6913
1063,openphenom,HQ,std_all__tvn_efaar_e0.2_c150,0.28451367055652316,0.06391075229739572,0.0181834827241608,370,75,1480,5561,7041
1064,openphenom,HQ,std_all__tvn_efaar_e0.2_c150,0.30361592271454324,0.04117621946519468,0.01250175586682162,370,63,1480,5657,7137
1065,openphenom,HQ,std_all__tvn_efaar_e0.2_c150,0.29973798167923754,-0.03520080981574534,-0.010551019687646202,370,87,1480,5657,7137
1066,openphenom,HQ,std_all__tvn_efaar_e0.2_c150,0.28140602875936765,0.018818882356135654,0.005295746949529867,370,48,1480,5785,7265
1067,openphenom,HQ,std_all__tvn_efaar_e0.2_c150,0.29576381305662075,0.01689396479866454,0.004996623446497351,370,75,1480,5535,7015
1068,openphenom,HQ,std_all__tvn_efaar_e0.2_c150,0.28576468004058464,-0.0018928157349743316,-0.0005408998828807239,370,53,1480,5401,6881
1069,openphenom,HQ,std_all__tvn_efaar_e0.2_c150,0.2738571868084923,0.014116287689721022,0.00386584683488635,370,57,1480,5689,7169
1070,openphenom,HQ,std_all__tvn_efaar_e0.2_c150,0.3400012941125361,-0.02589109789444154,-0.008803006790104482,370,102,1480,5689,7169
1071,openphenom,HQ,std_all__tvn_efaar_e0.2_c150,0.2759689801174809,0.04945330933012142,0.013647579339267909,370,94,1480,5593,7073
1072,openphenom,HQ,std_all__tvn_efaar_e0.2_c150,0.2609365408667136,0.13633830388910756,0.03557564540445853,370,67,1480,5561,7041
1073,openphenom,HQ,std_all__tvn_efaar_e0.2_c150,0.28866078846028337,0.022963025462546627,0.006628525035452273,370,84,1480,5849,7329
1074,openphenom,HQ,std_all__tvn_efaar_e0.2_c150,0.27351813850884493,0.03482209425966734,0.009524474400883746,370,74,1480,5785,7265
1075,openphenom,HQ,std_all__tvn_efaar_e0.2_c150,0.31105394332293396,0.040194116255925325,0.012502538359786014,370,64,1480,5561,7041
1076,openphenom,HQ,std_all__tvn_efaar_e0.2_c150,0.28893265133078844,0.04798416345476799,0.01386419156887604,370,74,1480,5913,7393
1077,openphenom,HQ,std_all__tvn_efaar_e0.2_c150,0.29413862589856626,-0.0018878709357191908,-0.0005552957629062833,370,60,1480,5689,7169
1078,openphenom,HQ,std_all__tvn_efaar_e0.2_c150,0.28784024457459007,0.08011925630681599,0.02306154633048818,370,55,1480,5689,7169
1079,openphenom,HQ,std_all__tvn_efaar_e0.2_c150,0.28442056227865814,0.009738859951375613,0.0027699320233233573,370,91,1480,5657,7137
1080,openphenom,HQ,std_all__tvn_efaar_e0.2_c150,0.26178702476056886,-0.023985985249214237,-0.006279219714342687,370,88,1480,5785,7265
1081,openphenom,HQ,std_all__tvn_efaar_e0.2_c150,0.3081585804736681,0.07048006260639338,0.02171903604448144,370,92,1480,5657,7137
1082,openphenom,HQ,std_all__tvn_efaar_e0.2_c150,0.2745145689108475,-0.011745095991382879,-0.0032241999628909944,370,54,1480,5721,7201
1083,openphenom,HQ,std_all__tvn_efaar_e0.2_c150,0.26777925794722746,-0.015300012585546061,-0.004097026016740765,370,70,1480,5817,7297
1084,openphenom,HQ,std_all__tvn_efaar_e0.2_c150,0.2810362346377317,0.005593250467878855,0.0015719060508784044,370,59,1480,5721,7201
1085,openphenom,HQ,std_all__tvn_efaar_e0.2_c150,0.3261441562961276,-0.06201283228538026,-0.020225122865248607,370,80,1480,5817,7297
1086,openphenom,HQ,std_all__tvn_efaar_e0.2_c150,0.2986688681693905,0.000600844909936833,0.0001794536691961733,370,81,1480,5561,7041
1087,openphenom,HQ,std_all__tvn_efaar_e0.2_c150,0.2641456698715001,-0.016954213320206784,-0.0044783820346103315,370,96,1480,5849,7329
1088,openphenom,HQ,std_all__tvn_efaar_e0.2_c150,0.2816130897601623,0.007487831589173918,0.0021086713894310134,370,86,1480,5497,6977
1089,openphenom,HQ,std_all__tvn_efaar_e0.2_c150,0.2984790491925216,0.11157311388537366,0.03330223694795526,370,44,1480,5753,7233
1090,openphenom,HQ,std_all__tvn_efaar_e0.2_c150,0.2549992483042426,-0.0002708371146043846,-6.906326063700807e-05,370,73,1480,5785,7265
1091,openphenom,HQ,std_all__tvn_efaar_e0.2_c150,0.30165185138475054,0.04316961444613647,0.013022194121242938,370,73,1480,5753,7233
1092,openphenom,HQ,std_all__tvn_efaar_e0.2_c150,0.3219089960161199,0.027104973087162906,0.00872533467353256,370,57,1480,5657,7137
1093,openphenom,HQ,std_all__tvn_efaar_e0.2_c150,0.2890778913983569,0.01519938094768315,0.004393804994916604,370,80,1480,5689,7169
1094,openphenom,HQ,std_all__tvn_efaar_e0.2_c150,0.2679053202743225,0.07807789989137368,0.020917484776744957,370,79,1480,5625,7105
1095,openphenom,HQ,std_all__tvn_efaar_e0.2_c150,0.24239235976883539,0.05270872687494681,0.01277619268762939,370,49,1480,5753,7233
1096,openphenom,HQ,std_all__tvn_efaar_e0.2_c150,0.2770995320653643,-0.019864989064392963,-0.005504579174226869,370,84,1480,5593,7073
1097,openphenom,HQ,std_all__tvn_efaar_e0.2_c150,0.2958177773260037,0.03168610146894516,0.009373312108669579,370,87,1480,5657,7137
1098,openphenom,HQ,std_all__tvn_efaar_e0.2_c150,0.254418093229166,0.0908104304010393,0.023103816547952304,370,86,1480,5753,7233
1099,openphenom,HQ,std_all__tvn_efaar_e0.2_c150,0.28169316618735124,0.021498433698508377,0.006055961856601673,370,82,1480,5721,7201
1100,openphenom,HQ,std_all__tvn_efaar_e0.2_c150,0.26331558999851007,0.01255509237591255,0.0033059515564492084,370,76,1480,5817,7297
1101,openphenom,HQ,std_all__tvn_efaar_e0.2_c150,0.29634874881397516,0.03330896327568333,0.009871069591039401,370,77,1480,5593,7073
1102,openphenom,HQ,std_all__tvn_efaar_e0.2_c150,0.30404052973034423,0.04060774409549877,0.012346400025949705,370,56,1480,5753,7233
1103,openphenom,HQ,std_all__tvn_efaar_e0.2_c150,0.30619597666909537,0.0750933977018263,0.022993296250711504,370,57,1480,5977,7457
1104,openphenom,HQ,std_all__tvn_efaar_e0.2_c150,0.2905451843933459,-0.02734266533436152,-0.007944279741377616,370,89,1480,5689,7169
1105,openphenom,HQ,std_all__tvn_efaar_e0.2_c150,0.2803801710192125,0.05692721426689273,0.015961262071798734,370,65,1480,5721,7201
1106,openphenom,HQ,std_all__tvn_efaar_e0.2_c150,0.32483243782037485,0.039172966824016095,0.012724650310101815,370,79,1480,5593,7073
1107,openphenom,HQ,std_all__tvn_efaar_e0.2_c150,0.30542795610041457,-0.014538106847553255,-0.004440344260017632,370,77,1480,5497,6977
1108,openphenom,HQ,std_all__tvn_efaar_e0.2_c150,0.28940671190653494,0.03941489270029064,0.011406934496539999,370,77,1480,5753,7233
1109,openphenom,HQ,std_all__tvn_efaar_e0.2_c150,0.28115928041833993,-0.00990824513307661,-0.0027857950718243383,370,67,1480,5689,7169
1110,openphenom,HQ,std_all__tvn_efaar_e0.2_c150,0.25615165029222414,-0.0027569228700756025,-0.0007061903428982406,370,74,1480,5817,7297
1111,openphenom,HQ,std_all__tvn_efaar_e0.2_c150,0.2749113093229205,0.024032162621484252,0.006606713292133586,370,76,1480,5785,7265
1112,openphenom,HQ,std_all__tvn_efaar_e0.2_c150,0.3178502643442371,0.008379930931231537,0.002663563261678393,370,90,1480,5817,7297
1113,openphenom,HQ,std_all__tvn_efaar_e0.2_c150,0.261318330025112,0.022635784022040133,0.005915145279448641,370,64,1480,5689,7169
1114,openphenom,HQ,std_all__tvn_efaar_e0.2_c150,0.2797512752488256,0.00327680643718789,0.0009166907795468729,370,70,1480,5657,7137
1115,openphenom,HQ,std_all__tvn_efaar_e0.2_c150,0.32116714582810596,0.0424747593869079,0.013641497242028762,370,86,1480,5529,7009
1116,openphenom,HQ,std_all__tvn_efaar_e0.2_c150,0.28084019464181337,0.0346086822743532,0.00971950906622603,370,89,1480,5657,7137
1117,openphenom,HQ,std_all__tvn_efaar_e0.2_c150,0.2865152831844372,-0.059783613763722855,-0.01712891902730207,370,75,1480,5753,7233
1118,openphenom,HQ,std_all__tvn_efaar_e0.2_c150,0.2960926143257332,0.035725706234272236,0.010578117757538811,370,82,1480,5657,7137
1119,openphenom,HQ,std_all__tvn_efaar_e0.2_c150,0.2889640877858171,-0.024545839390605183,-0.007092866088443404,370,60,1480,5785,7265
1120,openphenom,HQ,std_all__tvn_efaar_e0.2_c150,0.3068377543665325,0.013647028038570387,0.004187423437132042,370,65,1480,5657,7137
1121,openphenom,HQ,std_all__tvn_efaar_e0.2_c150,0.3122130977648693,0.02141070513575555,0.006684702575764437,370,83,1480,5753,7233
1122,openphenom,HQ,std_all__tvn_efaar_e0.2_c150,0.2671057923779206,-0.013207469735151064,-0.00352779166891493,370,66,1480,5625,7105
1123,openphenom,HQ,std_all__tvn_efaar_e0.2_c150,0.296109318190232,-0.04213416179544059,-0.012476317921764835,370,102,1480,5273,6753
1124,openphenom,HQ,std_all__tvn_efaar_e0.2_c150,0.29887386609046285,0.04488468756965443,0.01341486010220516,370,81,1480,5913,7393
1125,openphenom,HQ,std_all__tvn_efaar_e0.2_c150,0.3049078975700143,0.07675377189820021,0.02340283122004867,370,64,1480,5657,7137
1126,openphenom,HQ,std_all__tvn_efaar_e0.2_c150,0.260565032419978,0.04887719568087286,0.012735688077184247,370,104,1480,5817,7297
1127,openphenom,HQ,std_all__tvn_efaar_e0.2_c150,0.28159260472646697,0.005745803239154349,0.0016179757003592441,370,93,1480,5593,7073
1128,openphenom,HQ,std_all__tvn_efaar_e0.2_c150,0.28359193953344497,-0.004717393369736443,-0.0013378147352657715,370,81,1480,5593,7073
1129,openphenom,HQ,std_all__tvn_efaar_e0.2_c150,0.27884183042613875,-0.023874085369195126,-0.006657093664096267,370,64,1480,5721,7201
1130,openphenom,HQ,std_all__tvn_efaar_e0.2_c150,0.2825550842838152,0.03537999304483506,0.009996796916744165,370,85,1480,5625,7105
1131,openphenom,HQ,std_all__tvn_efaar_e0.2_c150,0.2899377946388933,0.05452803419012018,0.01580973797907762,370,57,1480,5689,7169
1132,openphenom,HQ,std_all__tvn_efaar_e0.2_c150,0.28677730140959545,0.027069137792699833,0.007762814287674951,370,84,1480,5817,7297
1133,openphenom,HQ,std_all__tvn_efaar_e0.2_c150,0.28803884015959114,-0.007482115592462496,-0.0021551398971928894,370,54,1480,5881,7361
1134,openphenom,HQ,std_all__tvn_efaar_e0.2_c150,0.28974845873926663,0.019891118749778093,0.00576342100034793,370,54,1480,5721,7201
1135,openphenom,HQ,std_all__tvn_efaar_e0.2_c150,0.27201021848300394,0.08454376076397511,0.022996766836783686,370,59,1480,5657,7137
1136,openphenom,HQ,std_all__tvn_efaar_e0.2_c150,0.26968397934847577,0.00633293105688069,0.0017078900483591328,370,71,1480,5593,7073
1137,openphenom,HQ,std_all__tvn_efaar_e0.2_c150,0.2610249656277806,0.05057330383207626,0.013200894894451011,370,91,1480,5689,7169
1138,openphenom,HQ,std_all__tvn_efaar_e0.2_c150,0.26585942693736225,-0.02364658654922369,-0.006286667949001349,370,70,1480,5593,7073
1139,openphenom,HQ,std_all__tvn_efaar_e0.2_c150,0.28218571035151496,0.039622892944149536,0.011181014191626867,370,74,1480,5785,7265
1140,openphenom,HQ,std_all__tvn_efaar_e0.2_c150,0.2714672261590167,0.0869887342736089,0.023614590400340394,370,54,1480,5785,7265
1141,openphenom,HQ,std_all__tvn_efaar_e0.2_c150,0.2329466219395761,0.025592891930607847,0.005961777720899735,370,85,1480,5817,7297
1142,openphenom,HQ,std_all__tvn_efaar_e0.2_c150,0.337852491116602,0.0295906741632455,0.009997282979872164,370,69,1480,5561,7041
1143,openphenom,HQ,std_all__tvn_efaar_e0.2_c150,0.2780884522822107,0.02356711415177365,0.006553742299224919,370,60,1480,5689,7169
1144,openphenom,HQ,std_all__tvn_efaar_e0.2_c150,0.2903338060688178,-0.006181546028514096,-0.0017947117858480824,370,61,1480,5631,7111
1145,openphenom,HQ,std_all__tvn_efaar_e0.2_c150,0.28158245747278626,-0.039902217720482885,-0.01123576452434773,370,91,1480,5785,7265
1146,openphenom,HQ,std_all__tvn_efaar_e0.2_c150,0.2825358952031172,-0.03942536768386784,-0.011139081552273649,370,77,1480,5625,7105
1147,openphenom,HQ,std_all__tvn_efaar_e0.2_c150,0.26204831244050875,0.006289802604837297,0.0016482321581815298,370,46,1480,5849,7329
1148,openphenom,HQ,std_all__tvn_efaar_e0.2_c150,0.26155121999053893,-0.017248092763549248,-0.004511259704816292,370,75,1480,5529,7009
1149,openphenom,HQ,std_all__tvn_efaar_e0.2_c150,0.314592579994408,-0.030170924317779214,-0.009491548921946187,370,69,1480,5625,7105
1150,openphenom,HQ,std_all__tvn_efaar_e0.2_c150,0.31113068387418186,0.005379382393577443,0.001673690922934483,370,53,1480,5785,7265
1151,openphenom,HQ,std_all__tvn_efaar_e0.2_c150,0.29530972673325934,0.003624862687235798,0.0010704572096131917,370,87,1480,5657,7137
1152,openphenom,HQ,std_all__tvn_efaar_e0.2_c150,0.30551528671415695,-0.020583239856708596,-0.00628849442632859,370,80,1480,5849,7329
1153,openphenom,HQ,std_all__tvn_efaar_e0.2_c150,0.2944606158664536,0.06021926006492546,0.017732200405740084,370,75,1480,5497,6977
1154,openphenom,HQ,std_all__tvn_efaar_e0.2_c150,0.29355380856795293,0.02624684598888917,0.007704861602934915,370,71,1480,5401,6881
1155,openphenom,HQ,std_all__tvn_efaar_e0.2_c150,0.28333601082190735,-0.0031376355492775438,-0.0008890051399453033,370,70,1480,5881,7361
1156,openphenom,HQ,std_all__tvn_efaar_e0.2_c150,0.2616131756211199,-0.012995454064097486,-0.003399782006346932,370,93,1480,5753,7233
1157,openphenom,HQ,std_all__tvn_efaar_e0.2_c150,0.30032850279585244,0.03556332828367405,0.010680681137873219,370,55,1480,5785,7265
1158,openphenom,HQ,std_all__tvn_efaar_e0.2_c150,0.312654521680321,0.012524992357937371,0.003915995494720584,370,67,1480,5657,7137
1159,openphenom,HQ,std_all__tvn_efaar_e0.2_c150,0.24619932903551073,0.007003064775538408,0.0017241498489297756,370,78,1480,5791,7271
1160,openphenom,HQ,std_all__tvn_efaar_e0.2_c150,0.2977936118677805,-0.05906107766862112,-0.017588011639742197,370,34,1480,5689,7169
1161,openphenom,HQ,std_all__tvn_efaar_e0.2_c150,0.2920125889306357,0.056270628825648525,0.016431732004132484,370,65,1480,5817,7297
1162,openphenom,HQ,std_all__tvn_efaar_e0.2_c150,0.29936773363780467,0.003819843496914751,0.0011435378905224754,370,71,1480,5753,7233
1163,openphenom,HQ,std_all__tvn_efaar_e0.2_c150,0.31975254863157393,0.019336082796778186,0.006182761754820957,370,68,1480,5593,7073
1164,openphenom,HQ,std_all__tvn_efaar_e0.2_c150,0.28819273153924013,0.02668056282070686,0.007689144278303804,370,83,1480,5753,7233
1165,openphenom,HQ,std_all__tvn_efaar_e0.2_c150,0.29563497462417376,0.02915972893130689,0.008620635722654698,370,81,1480,5721,7201
1166,openphenom,HQ,std_all__tvn_efaar_e0.2_c150,0.29829340021224177,0.05234080529899769,0.015612916782484942,370,87,1480,5625,7105
1167,openphenom,HQ,std_all__tvn_efaar_e0.2_c150,0.2927965085416329,0.031262453848990804,0.00915353733542844,370,64,1480,5721,7201
1168,openphenom,HQ,std_all__tvn_efaar_e0.2_c150,0.29098808651819147,0.09356135213108123,0.02722523882867804,370,63,1480,5913,7393
1169,openphenom,HQ,std_all__tvn_efaar_e0.2_c150,0.2832774996444752,-0.004456620090154838,-0.001262460196004398,370,62,1480,5529,7009
1170,openphenom,HQ,std_all__tvn_efaar_e0.2_c150,0.3171701316353927,0.0005803459417054381,0.00018406839872477977,370,97,1480,5468,6948
1171,openphenom,HQ,std_all__tvn_efaar_e0.2_c150,0.27394631677773773,0.01797976838743029,0.004925491326253333,370,102,1480,5817,7297
1172,openphenom,HQ,std_all__tvn_efaar_e0.2_c150,0.2750624815975916,-0.005417276445984939,-0.0014900895027327987,370,81,1480,5881,7361
1173,openphenom,HQ,std_all__tvn_efaar_e0.2_c150,0.3018508881850061,-0.004348904632987658,-0.0013127207260992125,370,89,1480,5657,7137
1174,openphenom,HQ,std_all__tvn_efaar_e0.2_c150,0.29838511928955325,0.025393515712271383,0.0075770472149872415,370,87,1480,5913,7393
1175,openphenom,HQ,std_all__tvn_efaar_e0.2_c150,0.29956949257842835,0.0008134085899653916,0.00024367239855486726,370,77,1480,5785,7265
1176,openphenom,HQ,std_all__tvn_efaar_e0.2_c150,0.25588770831387103,0.018433830952163322,0.004716990757794376,370,78,1480,5497,6977
1177,openphenom,HQ,std_all__tvn_efaar_e0.2_c150,0.30030876006519386,0.05088923900571259,0.015282484266466848,370,62,1480,5753,7233
1178,openphenom,HQ,std_all__tvn_efaar_e0.2_c150,0.2863084483431254,0.03743832444650649,0.010718908580845772,370,63,1480,5593,7073
1179,openphenom,HQ,std_all__tvn_efaar_e0.2_c150,0.30835640770382594,0.033130521996461146,0.010216008748181347,370,85,1480,5721,7201
1180,openphenom,HQ,std_all__tvn_efaar_e0.2_c150,0.3186791613725388,0.03811228806152375,0.012145591997435012,370,87,1480,5721,7201
1181,openphenom,HQ,std_all__tvn_efaar_e0.2_c150,0.26528744058846004,-0.008316493347387719,-0.0022062612347994426,370,70,1480,5401,6881
1182,openphenom,HQ,std_all__tvn_efaar_e0.2_c150,0.3190709494159865,0.04130356972790511,0.013178769207352083,370,76,1480,5753,7233
1183,openphenom,HQ,std_all__tvn_efaar_e0.2_c150,0.25318050232842426,0.002912611116823177,0.0007374163456446447,370,74,1480,5849,7329
1184,openphenom,HQ,std_all__tvn_efaar_e0.2_c150,0.31281493703843716,0.049945355284342595,0.015623653168634004,370,79,1480,5753,7233
1185,openphenom,HQ,std_all__tvn_efaar_e0.2_c150,0.286884945937617,0.02320000370132056,0.006655731807605863,370,59,1480,5881,7361
1186,openphenom,HQ,std_all__tvn_efaar_e0.2_c150,0.27285819831671687,-0.009859959388499824,-0.0026903707542220595,370,65,1480,5561,7041
1187,openphenom,HQ,std_all__tvn_efaar_e0.2_c150,0.2366480778832822,0.02185927071855076,0.005172954399475351,370,75,1480,5785,7265
1188,openphenom,HQ,std_all__tvn_efaar_e0.2_c150,0.30923608427668403,0.0075684785845394585,0.0023404466814149223,370,62,1480,5849,7329
1189,openphenom,HQ,std_all__tvn_efaar_e0.2_c150,0.3000048138409062,0.08769623258432875,0.02630929193101036,370,67,1480,5625,7105
1190,openphenom,HQ,std_all__tvn_efaar_e0.2_c150,0.2986263678459021,0.017934217746571123,0.005355630305816053,370,63,1480,5657,7137
1191,openphenom,HQ,std_all__tvn_efaar_e0.2_c150,0.2776985919532095,-0.002301418417766598,-0.0006391006541089676,370,52,1480,5721,7201
1192,openphenom,HQ,std_all__tvn_efaar_e0.2_c150,0.2916322477187977,-0.043334379641354746,-0.01263770253830799,370,72,1480,5401,6881
1193,openphenom,HQ,std_all__tvn_efaar_e0.2_c150,0.3202750589866765,-0.0019218238278667667,-0.0006155122398320292,370,67,1480,5689,7169
1194,openphenom,HQ,std_all__tvn_efaar_e0.2_c150,0.2842621182497043,0.039029331009891664,0.011094560306740676,370,70,1480,5721,7201
1195,openphenom,HQ,std_all__tvn_efaar_e0.2_c150,0.34001986640191784,-0.007060029677992835,-0.002400550347904699,370,43,1480,5593,7073
1196,openphenom,HQ,std_all__tvn_efaar_e0.2_c150,0.27159398343837143,-0.012500278403642682,-0.0033950004057339625,370,75,1480,5721,7201
1197,openphenom,HQ,std_all__tvn_efaar_e0.2_c150,0.2944004806276193,-0.0226833378113624,-0.006677985553903741,370,51,1480,5657,7137
1198,openphenom,HQ,std_all__tvn_efaar_e0.2_c150,0.2728242584373274,-0.025856019524895132,-0.007054149353020572,370,72,1480,5593,7073
1199,openphenom,HQ,std_all__tvn_efaar_e0.2_c150,0.312236307942526,0.0012548086219249122,0.00039179681128428354,370,89,1480,5689,7169
1200,openphenom,HQ,std_all__tvn_efaar_e0.2_c150,0.3017795206724837,0.04952430123145093,0.014945419887266956,370,61,1480,5689,7169
1201,openphenom,HQ,std_all__tvn_efaar_e0.2_c150,0.3082902922747183,0.07390443835241575,0.022784020900065156,370,61,1480,5625,7105
1202,openphenom,HQ,std_all__tvn_efaar_e0.2_c150,0.30839310796124403,0.024803850394356744,0.007649336512521404,370,96,1480,5817,7297
1203,openphenom,HQ,std_all__tvn_efaar_e0.2_c150,0.26955313228941813,0.034946464408880024,0.009419928943854279,370,41,1480,5625,7105
1204,openphenom,HQ,std_all__tvn_efaar_e0.2_c150,0.3008556150901673,-0.019298998586950288,-0.005806212090501198,370,73,1480,5657,7137
1205,openphenom,HQ,std_all__tvn_efaar_e0.2_c150,0.32051845748347396,0.033328797367610304,0.010682494722045723,370,84,1480,5849,7329
1206,openphenom,HQ,std_all__tvn_efaar_e0.2_c150,0.3279367217053525,-0.011910317202192735,-0.0039058303777579515,370,46,1480,5625,7105
1207,openphenom,HQ,std_all__tvn_efaar_e0.2_c150,0.3039701501680249,-0.007235832624088053,-0.002199477129334739,370,67,1480,5465,6945
1208,openphenom,HQ,std_all__tvn_efaar_e0.2_c150,0.28290895892419415,0.05242666905639198,0.01483197436260712,370,86,1480,5625,7105
1209,openphenom,HQ,std_all__tvn_efaar_e0.2_c150,0.30667305477399837,0.032569227934875156,0.009988104622418807,370,60,1480,5753,7233
1210,openphenom,HQ,std_all__tvn_efaar_e0.2_c150,0.29833997263131,0.0523756879931373,0.015625761322418615,370,67,1480,5753,7233
1211,openphenom,HQ,std_all__tvn_efaar_e0.2_c150,0.2817864547445914,0.0724021228285201,0.020401937507831126,370,61,1480,5625,7105
1212,openphenom,HQ,std_all__tvn_efaar_e0.2_c150,0.29054003496774966,0.09233770358569388,0.0268277996286292,370,63,1480,5791,7271
1213,openphenom,HQ,std_all__tvn_efaar_e0.2_c150,0.2929217582525881,-0.004060924883003117,-0.0011895332568609587,370,63,1480,5721,7201
1214,openphenom,HQ,std_all__tvn_efaar_e0.2_c150,0.2689014976418079,0.17619720457170351,0.04737969218963107,370,64,1480,5817,7297
1215,openphenom,HQ,std_all__tvn_efaar_e0.2_c150,0.2854360416917519,0.08711836252778062,0.024866720558596744,370,88,1480,5616,7096
1216,openphenom,HQ,std_all__tvn_efaar_e0.2_c150,0.27401644663491104,-0.0021007620516196,-0.0005756433526102684,370,98,1480,5657,7137
1217,openphenom,HQ,std_all__tvn_efaar_e0.2_c150,0.2851402136326362,0.005229735842668296,0.0014912079954206927,370,88,1480,5721,7201
1218,openphenom,HQ,std_all__tvn_efaar_e0.2_c150,0.29504165099355867,-0.022133230770025297,-0.006530224948209698,370,61,1480,5753,7233
1219,openphenom,HQ,std_all__tvn_efaar_e0.2_c150,0.3039034114882327,0.06134109868851819,0.018641769155877033,370,68,1480,5849,7329
1220,openphenom,HQ,std_all__tvn_efaar_e0.2_c150,0.2901595539957087,-0.03901860835883284,-0.011321621998932168,370,62,1480,5817,7297
1221,openphenom,HQ,std_all__tvn_efaar_e0.2_c150,0.2940767704656391,-0.004514284088465305,-0.0013275460857002984,370,63,1480,5849,7329
1222,openphenom,HQ,std_all__tvn_efaar_e0.2_c150,0.2664201524398102,0.018758096108617985,0.004997534824738614,370,69,1480,5785,7265
1223,openphenom,HQ,std_all__tvn_efaar_e0.2_c150,0.3043171126121144,0.02445416124413306,0.007441819741165644,370,77,1480,5561,7041
1224,openphenom,HQ,std_all__tvn_efaar_e0.2_c150,0.30058565399887904,0.045861169067316535,0.013785209497252503,370,70,1480,5305,6785
1225,openphenom,HQ,std_all__tvn_efaar_e0.2_c150,0.31198332312132054,-0.025489873999214003,-0.007952415596218529,370,111,1480,5817,7297
1226,openphenom,HQ,std_all__tvn_efaar_e0.2_c150,0.27059911072577997,0.06919037680454412,0.018722854434091274,370,43,1480,5593,7073
1227,openphenom,HQ,std_all__tvn_efaar_e0.2_c150,0.24044238060714104,0.021600196063269652,0.0051936025630335515,370,65,1480,5661,7141
1228,openphenom,HQ,std_all__tvn_efaar_e0.2_c150,0.28869680507367934,-0.0057707501207061845,-0.001665997122726425,370,55,1480,5689,7169
1229,openphenom,HQ,std_all__tvn_efaar_e0.2_c150,0.322880248652895,-0.010189903704363268,-0.0032901186418138675,370,61,1480,5631,7111
1230,openphenom,HQ,std_all__tvn_efaar_e0.2_c150,0.30633238299136795,0.08695172713023429,0.02663612977701985,370,98,1480,5817,7297
1231,openphenom,HQ,std_all__tvn_efaar_e0.2_c150,0.26312388309796336,0.03618802502683171,0.009521933666706239,370,61,1480,5561,7041
1232,openphenom,HQ,std_all__tvn_efaar_e0.2_c150,0.29515609902962886,0.06268425972540795,0.018501641571111484,370,59,1480,5689,7169
1233,openphenom,HQ,std_all__tvn_efaar_e0.2_c150,0.3155495398736535,-0.040885559735941726,-0.012901419562153184,370,40,1480,5593,7073
1234,openphenom,HQ,std_all__tvn_efaar_e0.2_c150,0.27113219145504686,0.10091284252311926,0.027360720139251365,370,71,1480,5433,6913
1235,openphenom,HQ,std_all__tvn_efaar_e0.2_c150,0.2686527053603959,0.07689770449821545,0.02065877634944987,370,73,1480,5753,7233
1236,openphenom,HQ,std_all__tvn_efaar_e0.2_c150,0.2886542181714148,0.002660892421193591,0.0007680778214778789,370,56,1480,5561,7041
1237,openphenom,HQ,std_all__tvn_efaar_e0.2_c150,0.26786789487430557,0.031211225507230447,0.008360485273069049,370,72,1480,5625,7105
1238,openphenom,HQ,std_all__tvn_efaar_e0.2_c150,0.2786738553627894,0.0750858100572531,0.020924452171692826,370,75,1480,5721,7201
1239,openphenom,HQ,std_all__tvn_efaar_e0.2_c150,0.29098903053897235,0.08699232032494696,0.025313810955692056,370,93,1480,5753,7233
1240,openphenom,HQ,std_all__tvn_efaar_e0.2_c150,0.2872096935521152,0.018670610736743563,0.00536238038813095,370,104,1480,5785,7265
1241,openphenom,HQ,std_all__tvn_efaar_e0.2_c150,0.2578703023726631,0.011137187371869656,0.0028719498751650337,370,50,1480,5401,6881
1242,openphenom,HQ,std_all__tvn_efaar_e0.2_c150,0.2778191555651383,0.027038234664022703,0.007511739522330838,370,69,1480,5657,7137
1243,openphenom,HQ,std_all__tvn_efaar_e0.2_c150,0.31582502507683163,0.13567095107174432,0.04284828152443124,370,66,1480,5785,7265
1244,openphenom,HQ,std_all__tvn_efaar_e0.2_c150,0.3018892234377288,-0.013778757931810381,-0.004159658531970682,370,68,1480,5721,7201
1245,openphenom,HQ,std_all__tvn_efaar_e0.2_c150,0.2814397858292657,0.026996466670027496,0.007597879797759448,370,75,1480,5593,7073
1246,openphenom,HQ,std_all__tvn_efaar_e0.2_c150,0.31964967621418233,0.07918376789071771,0.025311065767686883,370,61,1480,5561,7041
1247,openphenom,HQ,std_all__tvn_efaar_e0.2_c150,0.28244537069171344,0.018670692239784695,0.0052734505907368855,370,48,1480,5785,7265
1248,openphenom,HQ,std_all__tvn_efaar_e0.2_c150,0.29056048450573607,0.01782882211811408,0.00518035119280581,370,71,1480,5785,7265
1249,openphenom,HQ,std_all__tvn_efaar_e0.2_c150,0.29258183605469296,0.006227837790955681,0.0018221522155286163,370,61,1480,5657,7137
1250,openphenom,HQ,std_all__tvn_efaar_e0.2_c150,0.307269973594272,0.08055717722131621,0.02475280171762292,370,67,1480,5561,7041
1251,openphenom,HQ,std_all__tvn_efaar_e0.2_c150,0.29336132656877084,-0.020089877775307692,-0.0058935931947687314,370,56,1480,5561,7041
1252,openphenom,HQ,std_all__tvn_efaar_e0.2_c150,0.2794580734218219,0.03790772944701804,0.010593621039059328,370,62,1480,5753,7233
1253,openphenom,HQ,std_all__tvn_efaar_e0.2_c150,0.24523066658050766,0.03548055243063784,0.00870091952320997,370,81,1480,5849,7329
1254,openphenom,HQ,std_all__tvn_efaar_e0.2_c150,0.2904534441243232,-0.005946434786010493,-0.0017271624638574307,370,77,1480,5689,7169
1255,openphenom,HQ,std_all__tvn_efaar_e0.2_c150,0.28004938192566425,-0.04490105605195224,-0.012574512995158832,370,101,1480,5657,7137
1256,openphenom,HQ,std_all__tvn_efaar_e0.2_c150,0.2660712570036648,-0.02054840611750598,-0.0054673402451066114,370,100,1480,5625,7105
1257,openphenom,HQ,std_all__tvn_efaar_e0.2_c150,0.29643698284009906,0.003068735690080171,0.0009096867491010952,370,78,1480,5625,7105
1258,openphenom,HQ,std_all__tvn_efaar_e0.2_c150,0.2750118608968205,0.03795853239019976,0.01043904662954107,370,70,1480,5849,7329
1259,openphenom,HQ,std_all__tvn_efaar_e0.2_c150,0.29438654671507347,-0.016598595695254303,-0.004886403267045598,370,66,1480,5657,7137
1260,openphenom,HQ,std_all__tvn_efaar_e0.2_c150,0.2574337162346397,-0.015909318976755828,-0.004095595106948528,370,63,1480,5785,7265
1261,openphenom,HQ,std_all__tvn_efaar_e0.2_c150,0.2473517815198423,0.03788133602068092,0.009370015951067198,370,64,1480,5369,6849
1262,openphenom,HQ,std_all__tvn_efaar_e0.2_c150,0.278305431810325,-0.010906604883638095,-0.0030353673817255,370,79,1480,5689,7169
1263,openphenom,HQ,std_all__tvn_efaar_e0.2_c150,0.2757971886686034,0.061022929141620705,0.016829952301582383,370,83,1480,5817,7297
1264,openphenom,HQ,std_all__tvn_efaar_e0.2_c150,0.2992727107214116,0.025955003571919703,0.00776762427575233,370,71,1480,5753,7233
1265,openphenom,HQ,std_all__tvn_efaar_e0.2_c150,0.27591290445378286,0.01569925007167414,0.00433162568502187,370,56,1480,5849,7329
1266,openphenom,HQ,std_all__tvn_efaar_e0.2_c150,0.2690248759777844,-0.019649186745491883,-0.005286120027270279,370,80,1480,5628,7108
1267,openphenom,HQ,std_all__tvn_efaar_e0.2_c150,0.3130363344984641,-0.007440143916313694,-0.002329035379703886,370,52,1480,5599,7079
1268,openphenom,HQ,std_all__tvn_efaar_e0.2_c150,0.257542085511568,-0.009507124363542134,-0.0024484846358044797,370,79,1480,5753,7233
1269,openphenom,HQ,std_all__tvn_efaar_e0.2_c150,0.28453694001808083,0.0301449777294732,0.008577359720057498,370,84,1480,5561,7041
1270,openphenom,HQ,std_all__tvn_efaar_e0.2_c150,0.30473344533486457,0.006715319892261702,0.00204638256729466,370,68,1480,5631,7111
1271,openphenom,HQ,std_all__tvn_efaar_e0.2_c150,0.33103456206715615,0.024936520212735847,0.008254850048101798,370,60,1480,5689,7169
1272,openphenom,HQ,std_all__tvn_efaar_e0.2_c150,0.30842988615417855,0.048356091092871215,0.014914463670635356,370,59,1480,5657,7137
1273,openphenom,HQ,std_all__tvn_efaar_e0.2_c150,0.2927607680627299,-0.030927650343213414,-0.00905440266885471,370,61,1480,5753,7233
1274,openphenom,HQ,std_all__tvn_efaar_e0.2_c150,0.284318326616644,-0.04711978561235835,-0.013397018595840745,370,85,1480,5785,7265
1275,openphenom,HQ,std_all__tvn_efaar_e0.2_c150,0.3370140378589015,-0.012649312186833378,-0.004262995776222528,370,57,1480,5785,7265
1276,openphenom,HQ,std_all__tvn_efaar_e0.2_c150,0.326160387600622,0.02913539928849655,0.00950281312483492,370,72,1480,5689,7169
1277,openphenom,HQ,std_all__tvn_efaar_e0.2_c150,0.30623944580177903,0.05292833971081363,0.016208745420247857,370,62,1480,5721,7201
1278,openphenom,HQ,std_all__tvn_efaar_e0.2_c150,0.2534614735993828,0.019795032008236128,0.005017277982754479,370,70,1480,5465,6945
1279,openphenom,HQ,std_all__tvn_efaar_e0.2_c150,0.2885811354034405,0.015421265228330962,0.004450286228949346,370,57,1480,5593,7073
1280,openphenom,HQ,std_all__tvn_efaar_e0.2_c150,0.2908457358739622,0.008865944797749771,0.002578622238919459,370,54,1480,5881,7361
1281,openphenom,HQ,std_all__tvn_efaar_e0.2_c150,0.29529106000681,0.06646809308103081,0.019627433662528903,370,88,1480,5881,7361
1282,openphenom,HQ,std_all__tvn_efaar_e0.2_c150,0.3052267960503896,0.028731648850380844,0.008769669123846606,370,59,1480,5593,7073
1283,openphenom,HQ,std_all__tvn_efaar_e0.2_c150,0.2779591478691888,-0.005517685826996591,-0.0015336912506818726,370,78,1480,5657,7137
1284,openphenom,HQ,std_all__tvn_efaar_e0.2_c150,0.27333789291376004,0.1702982952110764,0.046548977179801096,370,75,1480,5669,7149
1285,openphenom,HQ,std_all__tvn_efaar_e0.2_c150,0.2824120981123171,0.04345045923170209,0.012270935355568686,370,75,1480,5657,7137
1286,openphenom,HQ,std_all__tvn_efaar_e0.2_c150,0.2679850117359755,0.055782170506523024,0.01494878561784876,370,83,1480,5625,7105
1287,openphenom,HQ,std_all__tvn_efaar_e0.2_c150,0.2877301665474474,-0.059293465636510216,-0.017060518742768434,370,94,1480,5502,6982
1288,openphenom,HQ,std_all__tvn_efaar_e0.2_c150,0.2598355581426032,0.023788780271537965,0.006181170999386814,370,56,1480,5561,7041
1289,openphenom,HQ,std_all__tvn_efaar_e0.2_c150,0.2704966954068985,0.14504539651788792,0.03923430044207195,370,57,1480,5913,7393
1290,openphenom,HQ,std_all__tvn_efaar_e0.2_c150,0.28136202475290084,0.05528358436508254,0.015554701232557434,370,49,1480,5433,6913
1291,openphenom,HQ,std_all__tvn_efaar_e0.2_c150,0.295519211901536,0.004488065525818697,0.001326309587152394,370,62,1480,5561,7041
1292,openphenom,HQ,std_all__tvn_efaar_e0.2_c150,0.26366100621584604,-0.07093305087232533,-0.018702279566957095,370,94,1480,5593,7073
1293,openphenom,HQ,std_all__tvn_efaar_e0.2_c150,0.2810200118246607,0.01696111203584961,0.004766411904873852,370,61,1480,5561,7041
1294,openphenom,HQ,std_all__tvn_efaar_e0.2_c150,0.2685388317660717,-0.027017501618410402,-0.00725524832184588,370,49,1480,5881,7361
1295,openphenom,HQ,std_all__tvn_efaar_e0.2_c150,0.29627657080489206,0.007928526864669924,0.002349036750998868,370,68,1480,5785,7265
1296,openphenom,HQ,std_all__tvn_efaar_e0.2_c150,0.2796162945374404,0.008798595736072364,0.0024602307368534774,370,89,1480,5721,7201
1297,openphenom,HQ,std_all__tvn_efaar_e0.2_c150,0.2880416640960561,-0.04303514968494267,-0.012395916129873749,370,89,1480,5593,7073
1298,openphenom,HQ,std_all__tvn_efaar_e0.2_c150,0.3413671445095003,0.033173734616411266,0.011324423058720277,370,72,1480,5849,7329
1299,openphenom,HQ,std_all__tvn_efaar_e0.2_c150,0.28072223480222197,-0.03530227622073438,-0.009910133874289894,370,52,1480,5753,7233
1300,openphenom,HQ,std_all__tvn_efaar_e0.2_c150,0.2815308027594102,-0.04017768727329254,-0.011311256551066589,370,70,1480,5753,7233
1301,openphenom,HQ,std_all__tvn_efaar_e0.2_c150,0.3085709589070699,0.018934108379750902,0.005842515978790124,370,59,1480,5689,7169
1302,openphenom,HQ,std_all__tvn_efaar_e0.2_c150,0.2918934477372663,0.025581246638519434,0.007466998278734791,370,89,1480,5785,7265
1303,openphenom,HQ,std_all__tvn_efaar_e0.2_c150,0.28580472380817123,0.013564425940065194,0.003876777009416726,370,54,1480,5689,7169
1304,openphenom,HQ,std_all__tvn_efaar_e0.2_c150,0.28368243625446554,0.03394967427872953,0.009630926309435558,370,78,1480,5465,6945
1305,openphenom,HQ,std_all__tvn_efaar_e0.2_c150,0.2849850611408423,0.0060199335286985674,0.001715591124739968,370,92,1480,5785,7265
1306,openphenom,HQ,std_all__tvn_efaar_e0.2_c150,0.29730027897941474,0.07096211909413166,0.021097057803655797,370,75,1480,5817,7297
1307,openphenom,HQ,std_all__tvn_efaar_e0.2_c150,0.269103529879199,0.005039959087650783,0.001356270780933573,370,91,1480,5593,7073
1308,openphenom,HQ,std_all__tvn_efaar_e0.2_c150,0.297919354862219,0.05631768978490192,0.01677812980804856,370,57,1480,5817,7297
1309,openphenom,HQ,std_all__tvn_efaar_e0.2_c150,0.25451552945037276,-0.0030415914877522346,-0.000774132267877007,370,97,1480,5721,7201
1310,openphenom,HQ,std_all__tvn_efaar_e0.2_c150,0.26977648932086884,0.030485779567953036,0.008224346586052244,370,63,1480,5945,7425
1311,openphenom,HQ,std_all__tvn_efaar_e0.2_c150,0.2821244747661862,0.054035293548361604,0.015244678811168207,370,68,1480,5561,7041
1312,openphenom,HQ,std_all__tvn_efaar_e0.2_c150,0.26734847267630124,0.0517137504753349,0.013825592205944133,370,67,1480,6009,7489
1313,openphenom,HQ,std_all__tvn_efaar_e0.2_c150,0.2704487226269464,0.018540128477529713,0.005014154064087384,370,81,1480,5497,6977
1314,openphenom,HQ,std_all__tvn_efaar_e0.2_c150,0.2813046031040253,0.061892682996709136,0.017410696625432518,370,51,1480,5785,7265
1315,openphenom,HQ,std_all__tvn_efaar_e0.2_c150,0.28483119462412065,0.0009496729412012286,0.0002704964783445482,370,56,1480,5369,6849
1316,openphenom,HQ,std_all__tvn_efaar_e0.2_c150,0.29307688565373885,-0.005365161228607148,-0.0015724047439103703,370,71,1480,5849,7329
1317,openphenom,HQ,std_all__tvn_efaar_e0.2_c150,0.27778392470449254,0.027856823845558775,0.007738177857621011,370,78,1480,5689,7169
1318,openphenom,HQ,std_all__tvn_efaar_e0.2_c150,0.3074410875144177,0.12307300440423352,0.03783769831770427,370,55,1480,5913,7393
1319,openphenom,HQ,std_all__tvn_efaar_e0.2_c150,0.278297016511336,0.0008149790428733203,0.0002268062361509092,370,71,1480,5689,7169
1320,openphenom,HQ,std_all__tvn_efaar_e0.2_c150,0.30850361488969685,-0.016795659566967307,-0.005181521690866135,370,62,1480,5689,7169
1321,openphenom,HQ,std_all__tvn_efaar_e0.2_c150,0.2751744997670175,0.041226752828425035,0.011344551086580335,370,75,1480,5721,7201
1322,openphenom,HQ,std_all__tvn_efaar_e0.2_c150,0.2724654468528129,0.041117188749670915,0.011203013206010536,370,65,1480,5689,7169
1323,openphenom,HQ,std_all__tvn_efaar_e0.2_c150,0.29535945133851327,0.014835382728051266,0.004381770502954078,370,85,1480,5657,7137
1324,openphenom,HQ,std_all__tvn_efaar_e0.2_c150,0.3070874344790897,0.06282383114274659,0.019292409129773588,370,85,1480,5593,7073
1325,openphenom,HQ,std_all__tvn_efaar_e0.2_c150,0.304123112803057,0.023076541567738845,0.007018109654309874,370,60,1480,5465,6945
1326,openphenom,HQ,std_all__tvn_efaar_e0.2_c150,0.29582301520278415,-0.013978984047549528,-0.004135305210417721,370,93,1480,5593,7073
1327,openphenom,HQ,std_all__tvn_efaar_e0.2_c150,0.2694430526357567,0.0055088307749199044,0.00148431618044822,370,72,1480,5881,7361
1328,openphenom,HQ,std_all__tvn_efaar_e0.2_c150,0.312861892698393,-0.005361307287347992,-0.0016773487452573798,370,64,1480,5817,7297
1329,openphenom,HQ,std_all__tvn_efaar_e0.2_c150,0.28796900328931263,0.06319987539101607,0.018199605124359655,370,63,1480,5823,7303
1330,openphenom,HQ,std_all__tvn_efaar_e0.2_c150,0.2784292663992407,-0.03671157702500696,-0.010221577459431907,370,114,1480,5849,7329
1331,openphenom,HQ,std_all__tvn_efaar_e0.2_c150,0.3209955649179517,-0.0011562853589671459,-0.0003711624720080156,370,78,1480,5721,7201
1332,openphenom,HQ,std_all__tvn_efaar_e0.2_c150,0.2793971278637272,-0.012886244668376772,-0.003600379749293738,370,74,1480,5977,7457
1333,openphenom,HQ,std_all__tvn_efaar_e0.2_c150,0.33421670307869855,0.008872079500983362,0.0029651971602707643,370,78,1480,5561,7041
1334,openphenom,HQ,std_all__tvn_efaar_e0.2_c150,0.24562091884713488,0.055828885270167744,0.013712742098269875,370,93,1480,5791,7271
1335,openphenom,HQ,std_all__tvn_efaar_e0.2_c150,0.30169803542678547,0.00242534763971687,0.0007317226181295708,370,62,1480,5657,7137
1336,openphenom,HQ,std_all__tvn_efaar_e0.2_c150,0.29208741971727226,-0.019775505641319732,-0.005776176416377442,370,69,1480,5849,7329
1337,openphenom,HQ,std_all__tvn_efaar_e0.2_c150,0.2515978830281759,0.001938295824748592,0.0004876711261890979,370,64,1480,5657,7137
1338,openphenom,HQ,std_all__tvn_efaar_e0.2_c150,0.26565251094330966,0.007631056969995053,0.0020272094452306304,370,54,1480,5721,7201
1339,openphenom,HQ,std_all__tvn_efaar_e0.2_c150,0.28226925021162785,-0.03492080446431874,-0.009857069292930119,370,71,1480,5785,7265
1340,openphenom,HQ,std_all__tvn_efaar_e0.2_c150,0.30280562102865544,-0.0012279542000859967,-0.000371831434151786,370,87,1480,5689,7169
1341,openphenom,HQ,std_all__tvn_efaar_e0.2_c150,0.2992743651319724,0.03504396605000535,0.010487760691321747,370,63,1480,5529,7009
1342,openphenom,HQ,std_all__tvn_efaar_e0.2_c150,0.27304783485370404,0.04851088274403375,0.013245791500100329,370,71,1480,5849,7329
1343,openphenom,HQ,std_all__tvn_efaar_e0.2_c150,0.27479439690109025,0.031012664610654876,0.008522106467980692,370,103,1480,5561,7041
1344,openphenom,HQ,std_all__tvn_efaar_e0.2_c150,0.27595160159267823,0.12644668949509194,0.034893166482262705,370,53,1480,5785,7265
1345,openphenom,HQ,std_all__tvn_efaar_e0.2_c150,0.2734624301398407,-0.004014144796420089,-0.0010977177909622334,370,50,1480,5721,7201
1346,openphenom,HQ,std_all__tvn_efaar_e0.2_c150,0.3281352293866445,-0.011235973869121604,-0.0036869188629265613,370,86,1480,5529,7009
1347,openphenom,HQ,std_all__tvn_efaar_e0.2_c150,0.303921543232475,-0.008590274704606313,-0.0026107695450148438,370,65,1480,5529,7009
1348,openphenom,HQ,std_all__tvn_efaar_e0.2_c150,0.30894490072687664,0.03137533267305359,0.009693249037949271,370,72,1480,5657,7137
1349,openphenom,HQ,std_all__tvn_efaar_e0.2_c150,0.29583516222094575,0.039804621894157385,0.01177560677520146,370,83,1480,5913,7393
1350,openphenom,HQ,std_all__tvn_efaar_e0.2_c150,0.2860634211660864,-0.002851177055015112,-0.0008156174627078699,370,53,1480,5593,7073
1351,openphenom,HQ,std_all__tvn_efaar_e0.2_c150,0.24413606428689577,0.06996257663676302,0.017080388107469646,370,66,1480,5689,7169
1352,openphenom,HQ,std_all__tvn_efaar_e0.2_c150,0.2605669173398567,-0.015521594182878908,-0.004044413948433009,370,61,1480,5529,7009
1353,openphenom,HQ,std_all__tvn_efaar_e0.2_c150,0.26856412061430124,0.013394047555970434,0.0035971606033353303,370,95,1480,5689,7169
1354,openphenom,HQ,std_all__tvn_efaar_e0.2_c150,0.2678174788320663,0.04128134720812186,0.011055866332070357,370,58,1480,5785,7265
1355,openphenom,HQ,std_all__tvn_efaar_e0.2_c150,0.3083618980079248,0.07731626631877858,0.02384139062894475,370,92,1480,5849,7329
1356,openphenom,HQ,std_all__tvn_efaar_e0.2_c150,0.3109155650167807,0.10649213746434637,0.03311006308957193,370,82,1480,5625,7105
1357,openphenom,HQ,std_all__tvn_efaar_e0.2_c150,0.28826674073461145,0.019597221767381427,0.005649227246336426,370,88,1480,5721,7201
1358,openphenom,HQ,std_all__tvn_efaar_e0.2_c150,0.2830412180614288,0.02084509970896825,0.005900022412238308,370,119,1480,5593,7073
1359,openphenom,HQ,std_all__tvn_efaar_e0.2_c150,0.2828884942025528,0.07081957880324057,0.02003404400770775,370,92,1480,5433,6913
1360,openphenom,HQ,std_all__tvn_efaar_e0.2_c150,0.2686135032549772,-0.0181842220802739,-0.004884527596948881,370,74,1480,5593,7073
1361,openphenom,HQ,std_all__tvn_efaar_e0.2_c150,0.30570293616793953,-0.020083716878465673,-0.006139651218912561,370,62,1480,5593,7073
1362,openphenom,HQ,std_all__tvn_efaar_e0.2_c150,0.28818976830668985,0.03017127402523725,0.008695052470850773,370,71,1480,5689,7169
1363,openphenom,HQ,std_all__tvn_efaar_e0.2_c150,0.2753598512681924,0.07085171905760018,0.01950971882179654,370,77,1480,5593,7073
1364,openphenom,HQ,std_all__tvn_efaar_e0.2_c150,0.3020557772105866,-0.04397872805600827,-0.013284028883690607,370,61,1480,5721,7201
1365,openphenom,HQ,std_all__tvn_efaar_e0.2_c150,0.27554305648134514,-0.011507399731861734,-0.0031707840942697936,370,76,1480,5502,6982
1366,openphenom,HQ,std_all__tvn_efaar_e0.2_c150,0.2704497259986224,-0.008162643547308276,-0.002207584710793946,370,67,1480,5913,7393
1367,openphenom,HQ,std_all__tvn_efaar_e0.2_c150,0.2911711680961856,0.05180927510097103,0.01508536714936636,370,81,1480,5529,7009
1368,openphenom,HQ,std_all__tvn_efaar_e0.2_c150,0.2997813874779804,0.01252564205576611,0.003754954354530107,370,77,1480,5598,7078
1369,openphenom,HQ,std_all__tvn_efaar_e0.2_c150,0.2939052808138822,-0.009280097321061208,-0.00272746960912665,370,61,1480,5561,7041
1370,openphenom,HQ,std_all__tvn_efaar_e0.2_c150,0.29545729443633484,0.06745146022807018,0.01992902594476566,370,100,1480,5753,7233
1371,openphenom,HQ,std_all__tvn_efaar_e0.2_c150,0.2745006564524509,0.01475215279928142,0.004049475627489611,370,62,1480,5721,7201
1372,openphenom,HQ,std_all__tvn_efaar_e0.2_c150,0.31681753802335644,0.00282200351391657,0.0008940602055723083,370,61,1480,5561,7041
1373,openphenom,HQ,std_all__tvn_efaar_e0.2_c150,0.26448119640581774,0.02415395423288518,0.006388266713444839,370,43,1480,5753,7233
1374,openphenom,HQ,std_all__tvn_efaar_e0.2_c150,0.2685655158512555,0.03386635461333297,0.009095334996731316,370,57,1480,5817,7297
1375,openphenom,HQ,std_all__tvn_efaar_e0.2_c150,0.2904216535332962,0.022169470002873125,0.006438494136191222,370,66,1480,5849,7329
1376,openphenom,HQ,std_all__tvn_efaar_e0.2_c150,0.2874651547646031,0.005307561535287789,0.0015257389981641585,370,84,1480,5849,7329
1377,openphenom,HQ,std_all__tvn_efaar_e0.2_c150,0.30465054562509064,0.004411696184597271,0.0013440256497696892,370,63,1480,5689,7169
1378,openphenom,HQ,std_all__tvn_efaar_e0.2_c150,0.2692699818377201,-0.023498670673902752,-0.006327486625572361,370,61,1480,5689,7169
1379,openphenom,HQ,std_all__tvn_efaar_e0.2_c150,0.28353812680803286,0.039922061900130354,0.011319426649477297,370,75,1480,5401,6881
1380,openphenom,HQ,std_all__tvn_efaar_e0.2_c150,0.3162145777963537,0.15028415884915508,0.04752204183996573,370,76,1480,5849,7329
1381,openphenom,HQ,std_all__tvn_efaar_e0.2_c150,0.29033990678395083,-0.01247138965797002,-0.003620942110761344,370,76,1480,5785,7265
1382,openphenom,HQ,std_all__tvn_efaar_e0.2_c150,0.28725237267542975,0.07437349546434788,0.02136396303629924,370,79,1480,5817,7297
1383,openphenom,HQ,std_all__tvn_efaar_e0.2_c150,0.25186492835780094,0.033339549331606294,0.00839706320388639,370,89,1480,5817,7297
1384,openphenom,HQ,std_all__tvn_efaar_e0.2_c150,0.2985008236060431,0.03906401566409117,0.011660640849090582,370,75,1480,5689,7169
1385,openphenom,HQ,std_all__tvn_efaar_e0.2_c150,0.27868503450805654,0.05552223893464467,0.01547321707346601,370,60,1480,5721,7201
1386,openphenom,HQ,std_all__tvn_efaar_e0.2_c150,0.2924550448581614,0.04592765374918647,0.013431774037448432,370,70,1480,5785,7265
1387,openphenom,HQ,std_all__tvn_efaar_e0.2_c150,0.28667797586660804,0.0162541844823964,0.004659716706775829,370,79,1480,5657,7137
1388,openphenom,HQ,std_all__tvn_efaar_e0.2_c150,0.25448370440851836,0.04488636938047728,0.011422849557392948,370,68,1480,5785,7265
1389,openphenom,HQ,std_all__tvn_efaar_e0.2_c150,0.3037666240592552,0.010545512077771825,0.0032033746028408494,370,62,1480,5625,7105
1390,openphenom,HQ,std_all__tvn_efaar_e0.2_c150,0.2762824859695644,0.014683281490465099,0.004056733512376588,370,82,1480,5689,7169
1391,openphenom,HQ,std_all__tvn_efaar_e0.2_c150,0.31874562113558275,0.010452061510492333,0.0033315488383091956,370,82,1480,5753,7233
1392,openphenom,HQ,std_all__tvn_efaar_e0.2_c150,0.3075687017907283,0.08553707258230002,0.02630852636911732,370,65,1480,5561,7041
1393,openphenom,HQ,std_all__tvn_efaar_e0.2_c150,0.2563152042586616,0.03361449275239995,0.008615905575882694,370,53,1480,5561,7041
1394,openphenom,HQ,std_all__tvn_efaar_e0.2_c150,0.2684846249844668,-0.003582218909754795,-0.0009617707005977815,370,62,1480,5753,7233
1395,openphenom,HQ,std_all__tvn_efaar_e0.2_c150,0.28720774121926335,0.022681264296098142,0.006514234686479472,370,75,1480,5721,7201
1396,openphenom,HQ,std_all__tvn_efaar_e0.2_c150,0.26419111123467415,-0.007154554237167871,-0.0018901696343061262,370,111,1480,5849,7329
1397,openphenom,HQ,std_all__tvn_efaar_e0.2_c150,0.26496917250656227,-0.032843912671151276,-0.00870262436235275,370,87,1480,5593,7073
1398,openphenom,HQ,std_all__tvn_efaar_e0.2_c150,0.2884800538879017,-0.041757967353883194,-0.012046340672497465,370,80,1480,5849,7329
1399,openphenom,HQ,std_all__tvn_efaar_e0.2_c150,0.2903736453786533,-0.011279208126308603,-0.0032751847806207586,370,52,1480,5689,7169
1400,openphenom,HQ,std_all__tvn_efaar_e0.2_c150,0.28397777241803024,0.034290314249197665,0.009737687056001395,370,57,1480,5497,6977
1401,openphenom,HQ,std_all__tvn_efaar_e0.2_c150,0.27188660698322914,0.11296128109727648,0.03071265943801728,370,71,1480,5721,7201
1402,openphenom,HQ,std_all__tvn_efaar_e0.2_c150,0.2726441569616631,0.07013256603645983,0.019121234342568755,370,68,1480,5689,7169
1403,openphenom,HQ,std_all__tvn_efaar_e0.2_c150,0.270805194917093,0.012301086387636702,0.003331198096895956,370,68,1480,5785,7265
1404,openphenom,HQ,std_all__tvn_efaar_e0.2_c150,0.27520411972687997,0.05790059368511746,0.015934481916776495,370,59,1480,5817,7297
1405,openphenom,HQ,std_all__tvn_efaar_e0.2_c150,0.268805505861924,0.06547430150456228,0.017599852736889993,370,58,1480,5817,7297
1406,openphenom,HQ,std_all__tvn_efaar_e0.2_c150,0.274397734736101,-0.02050550730140565,-0.00562666475312029,370,58,1480,5657,7137
1407,openphenom,HQ,std_all__tvn_efaar_e0.2_c150,0.28661752089455905,0.051870845159251534,0.014867093046250213,370,80,1480,5753,7233
1408,openphenom,HQ,std_all__tvn_efaar_e0.2_c150,0.28739870544001483,-0.038702469761041906,-0.011123039706654764,370,66,1480,5849,7329
1409,openphenom,HQ,std_all__tvn_efaar_e0.2_c150,0.28580450625565823,0.021191397609909825,0.006056596930767613,370,65,1480,5849,7329
1410,openphenom,HQ,std_all__tvn_efaar_e0.2_c150,0.2973223448249556,0.014580514727068825,0.004335112827406901,370,69,1480,6041,7521
1411,openphenom,HQ,std_all__tvn_efaar_e0.2_c150,0.2913970786757169,-0.0005923145799002184,-0.00017259873823995814,370,58,1480,5817,7297
1412,openphenom,HQ,std_all__tvn_efaar_e0.2_c150,0.26445766241466157,-0.023729621348560073,-0.006275480191825246,370,65,1480,5689,7169
1413,openphenom,HQ,std_all__tvn_efaar_e0.2_c150,0.2887242170126797,-0.01554274022591052,-0.004487565501957495,370,75,1480,5721,7201
1414,openphenom,HQ,std_all__tvn_efaar_e0.2_c150,0.27655728215368774,0.03171952715060549,0.008772266219971563,370,94,1480,5631,7111
1415,openphenom,HQ,std_all__tvn_efaar_e0.2_c150,0.25756036254095366,0.03949467974628785,0.010172264033892759,370,58,1480,5785,7265
1416,openphenom,HQ,std_all__tvn_efaar_e0.2_c150,0.2850410192599299,0.04124213474647671,0.011755700124591092,370,70,1480,5849,7329
1417,openphenom,HQ,std_all__tvn_efaar_e0.2_c150,0.3053471463549132,0.04961933062106328,0.015151121009182637,370,57,1480,5753,7233
1418,openphenom,HQ,std_all__tvn_efaar_e0.2_c150,0.28300351440547367,0.04170776325313274,0.011803443578628036,370,92,1480,5817,7297
1419,openphenom,HQ,std_all__tvn_efaar_e0.2_c150,0.2801879938069036,0.03158485072730692,0.008849695959974646,370,61,1480,5849,7329
1420,openphenom,HQ,std_all__tvn_efaar_e0.2_c150,0.2964870181514514,-0.012043208244650964,-0.0035706549014335397,370,63,1480,5785,7265
1421,openphenom,HQ,std_all__tvn_efaar_e0.2_c150,0.30021109527280976,0.04230450756548733,0.012700282551211818,370,103,1480,5657,7137
1422,openphenom,HQ,std_all__tvn_efaar_e0.2_c150,0.28333170235744615,0.0750007981091046,0.021250103806419732,370,73,1480,5817,7297
1423,openphenom,HQ,std_all__tvn_efaar_e0.2_c150,0.2619181579902136,-0.010731511469960809,-0.0028107777166629846,370,71,1480,5823,7303
1424,openphenom,HQ,std_all__tvn_efaar_e0.2_c150,0.2871929380684302,0.046938885687529026,0.013480516490259649,370,44,1480,5721,7201
1425,openphenom,HQ,std_all__tvn_efaar_e0.2_c150,0.3231873093743007,0.006028935307528074,0.0019484753804317203,370,86,1480,5497,6977
1426,openphenom,HQ,std_all__tvn_efaar_e0.2_c150,0.2795880749111887,0.0007485457684577528,0.0002092844703860195,370,63,1480,5497,6977
1427,openphenom,HQ,std_all__tvn_efaar_e0.2_c150,0.26435578475890165,0.010004064098347434,0.0026446322154969897,370,73,1480,5721,7201
1428,openphenom,HQ,std_all__tvn_efaar_e0.2_c150,0.2678232776448421,0.026936849040248026,0.007214315199383545,370,94,1480,5657,7137
1429,openphenom,HQ,std_all__tvn_efaar_e0.2_c150,0.29479002519182906,0.04624822447587589,0.01363351525832082,370,69,1480,5817,7297
1430,openphenom,HQ,std_all__tvn_efaar_e0.2_c150,0.26950036716515324,0.07074784729237592,0.0190665708214395,370,77,1480,5567,7047
1431,openphenom,HQ,std_all__tvn_efaar_e0.2_c150,0.2584012882937747,0.026770625612465168,0.00691756414669132,370,64,1480,5529,7009
1432,openphenom,HQ,std_all__tvn_efaar_e0.2_c150,0.29051795446741524,-0.00445733988780075,-0.001294937266569892,370,59,1480,5752,7232
1433,openphenom,HQ,std_all__tvn_efaar_e0.2_c150,0.2740828573310737,-0.05184100406227122,-0.014208730520299093,370,65,1480,5721,7201
1434,openphenom,HQ,std_all__tvn_efaar_e0.2_c150,0.300654485671865,0.028824523684589463,0.008666222343126735,370,63,1480,5625,7105
1435,openphenom,HQ,std_all__tvn_efaar_e0.2_c150,0.30678726789913596,0.057192188653394815,0.01754583530214696,370,88,1480,5785,7265
1436,openphenom,HQ,std_all__tvn_efaar_e0.2_c150,0.25489682640776234,0.0646733721075187,0.01648503730329481,370,92,1480,5721,7201
1437,openphenom,HQ,std_all__tvn_efaar_e0.2_c150,0.26982549925549804,0.10454852756627615,0.02820985864699766,370,52,1480,5753,7233
1438,openphenom,HQ,std_all__tvn_efaar_e0.2_c150,0.26872301361234147,-0.01769870148527458,-0.004756048400148209,370,64,1480,5689,7169
1439,openphenom,HQ,std_all__tvn_efaar_e0.2_c150,0.2832899838913754,-0.022007127027244954,-0.006234398661043675,370,58,1480,5721,7201
1440,openphenom,HQ,std_all__tvn_efaar_e0.2_c150,0.2796493419572124,0.007835111124311109,0.002191083670075236,370,81,1480,5657,7137
1441,openphenom,HQ,std_all__tvn_efaar_e0.2_c150,0.3358046508964368,0.09478865201410136,0.031830470198539136,370,76,1480,5593,7073
1442,openphenom,HQ,std_all__tvn_efaar_e0.2_c150,0.2906303347405901,0.0227790165939873,0.006620273217771985,370,57,1480,5785,7265
1443,openphenom,HQ,std_all__tvn_efaar_e0.2_c150,0.28551006383982636,0.0380787380822108,0.010871862940792032,370,62,1480,5657,7137
1444,openphenom,HQ,std_all__tvn_efaar_e0.2_c150,0.28723200788657266,0.014008314861893637,0.0040236364048890265,370,82,1480,5721,7201
1445,openphenom,HQ,std_all__tvn_efaar_e0.2_c150,0.3089662675834877,-0.03217504133854077,-0.009941002431713367,370,85,1480,5817,7297
1446,openphenom,HQ,std_all__tvn_efaar_e0.2_c150,0.28990967183117106,-0.029519293104464512,-0.008557928576603457,370,87,1480,5657,7137
1447,openphenom,HQ,std_all__tvn_efaar_e0.2_c150,0.28871655058520107,-0.013378827761114103,-0.0038626890020623922,370,55,1480,5721,7201
1448,openphenom,HQ,std_all__tvn_efaar_e0.2_c150,0.3068064728243349,0.016243897626889627,0.00498373293582559,370,68,1480,5657,7137
1449,openphenom,HQ,std_all__tvn_efaar_e0.2_c150,0.3092001351963543,0.028897296358612146,0.008935047940891993,370,74,1480,5625,7105
1450,openphenom,HQ,std_all__tvn_efaar_e0.2_c150,0.2964382600102477,-0.013659640496701956,-0.0040492400612078434,370,83,1480,5881,7361
1451,openphenom,HQ,std_all__tvn_efaar_e0.2_c150,0.2987327228969462,0.016334985451698553,0.004879794682467911,370,70,1480,5689,7169
1452,openphenom,HQ,std_all__tvn_efaar_e0.2_c150,0.2783970949389124,0.005184790606385378,0.0014434306426842514,370,63,1480,5913,7393
1453,openphenom,HQ,std_all__tvn_efaar_e0.2_c150,0.2615793609579949,0.01183940650083846,0.0030969443866112546,370,56,1480,5657,7137
1454,openphenom,HQ,std_all__tvn_efaar_e0.2_c150,0.29020708079427177,0.05491765027406399,0.01593749097011685,370,79,1480,5785,7265
1455,openphenom,HQ,std_all__tvn_efaar_e0.2_c150,0.35258288940014865,0.052286068649738775,0.018435173159899426,370,81,1480,5657,7137
1456,openphenom,HQ,std_all__tvn_efaar_e0.2_c150,0.2718874213402629,-0.0077998496209171625,-0.0021206810002729944,370,79,1480,5753,7233
1457,openphenom,HQ,std_all__tvn_efaar_e0.2_c150,0.2967705835757805,-0.0067630243111535026,-0.0020070666715582158,370,76,1480,5887,7367
1458,openphenom,HQ,std_all__tvn_efaar_e0.2_c150,0.3033526637276737,0.00379618444386791,0.001151582663048888,370,85,1480,5721,7201
1459,openphenom,HQ,std_all__tvn_efaar_e0.2_c150,0.3003076777200252,0.03859462886693858,0.011590263367496573,370,85,1480,5817,7297
1460,openphenom,HQ,std_all__tvn_efaar_e0.2_c150,0.29738003122153145,0.008669222295456908,0.002578053596889372,370,40,1480,5657,7137
1461,openphenom,HQ,std_all__tvn_efaar_e0.2_c150,0.3066051047899043,0.06395589068918303,0.01960920256668863,370,81,1480,5785,7265
1462,openphenom,HQ,std_all__tvn_efaar_e0.2_c150,0.3080287560658407,0.01143139768499964,0.00352119920900437,370,75,1480,5817,7297
1463,openphenom,HQ,std_all__tvn_efaar_e0.2_c150,0.282069328908133,0.02364934830435235,0.0066707558053233605,370,79,1480,5849,7329
1464,openphenom,HQ,std_all__tvn_efaar_e0.2_c150,0.32671379378993826,0.06765506812065575,0.022103843974816146,370,94,1480,5721,7201
1465,openphenom,HQ,std_all__tvn_efaar_e0.2_c150,0.2950320390869007,0.0022996738664861714,0.0006784774700642722,370,78,1480,5561,7041
1466,openphenom,HQ,std_all__tvn_efaar_e0.2_c150,0.2786071753251761,0.0010802428290951948,0.0003009634032794892,370,57,1480,5625,7105
1467,openphenom,HQ,std_all__tvn_efaar_e0.2_c150,0.2623627807991177,0.029105541151877194,0.007636210713269655,370,75,1480,5657,7137
1468,openphenom,HQ,std_all__tvn_efaar_e0.2_c150,0.31051318798399913,0.001113394880067033,0.00034572379369467675,370,90,1480,5785,7265
1469,openphenom,HQ,std_all__tvn_efaar_e0.2_c150,0.31260029811593076,0.017915992604169234,0.005600544629106113,370,70,1480,5881,7361
1470,openphenom,HQ,std_all__tvn_efaar_e0.2_c150,0.28876756196144004,0.019082399531554637,0.005510377989101158,370,102,1480,5689,7169
1471,openphenom,HQ,std_all__tvn_efaar_e0.2_c150,0.27807553888027275,-0.02113688379427585,-0.005877650351342961,370,67,1480,5881,7361
1472,openphenom,HQ,std_all__tvn_efaar_e0.2_c150,0.31521910747896775,-0.0103083537754651,-0.0032493900766795564,370,67,1480,5657,7137
1473,openphenom,HQ,std_all__tvn_efaar_e0.2_c150,0.30085308833191693,0.02752631183533135,0.008281375926046834,370,82,1480,5497,6977
1474,openphenom,HQ,std_all__tvn_efaar_e0.2_c150,0.24990523509242366,0.02339990156553106,0.005847757901873612,370,84,1480,5593,7073
1475,openphenom,HQ,std_all__tvn_efaar_e0.2_c150,0.25483889393427867,-0.012678350233942875,-0.0032309367505294053,370,84,1480,5593,7073
1476,openphenom,HQ,std_all__tvn_efaar_e0.2_c150,0.29362758868753075,0.009555625855632273,0.0028057953783895274,370,79,1480,5657,7137
1477,openphenom,HQ,std_all__tvn_efaar_e0.2_c150,0.2807127465196616,-0.014273520283527073,-0.004006759081292984,370,58,1480,5689,7169
1478,openphenom,HQ,std_all__tvn_efaar_e0.2_c150,0.3069744753796653,0.0687068956644591,0.021091263251562735,370,48,1480,5657,7137
1479,openphenom,HQ,std_all__tvn_efaar_e0.2_c150,0.299876558540476,0.0662752333150732,0.019874388882991256,370,84,1480,5497,6977
1480,openphenom,HQ,std_all__tvn_efaar_e0.2_c150,0.2948948166634383,-0.002196317265679294,-0.0006476825773972395,370,51,1480,5689,7169
1481,openphenom,HQ,std_all__tvn_efaar_e0.2_c150,0.320432291091032,0.009961666648868451,0.003192039667382041,370,50,1480,6041,7521
1482,openphenom,HQ,std_all__tvn_efaar_e0.2_c150,0.2841406326512644,0.04112040921279346,0.011683979088602013,370,70,1480,5689,7169
1483,openphenom,HQ,std_all__tvn_efaar_e0.2_c150,0.3057564203512193,0.00021577204187310232,6.597368713499316e-05,370,73,1480,5753,7233
1484,openphenom,HQ,std_all__tvn_efaar_e0.2_c150,0.2998895918027737,0.07239802034575646,0.021711412768817807,370,67,1480,5753,7233
1485,openphenom,HQ,std_all__tvn_efaar_e0.2_c150,0.30070152509146825,0.007212416952106003,0.002168784777093834,370,62,1480,5593,7073
1486,openphenom,HQ,std_all__tvn_efaar_e0.2_c150,0.27928628643456105,-0.016050268743207936,-0.004482619953567254,370,92,1480,5529,7009
1487,openphenom,HQ,std_all__tvn_efaar_e0.2_c150,0.2827782033128007,0.08537448255263948,0.02414204278499544,370,86,1480,5753,7233
1488,openphenom,HQ,std_all__tvn_efaar_e0.2_c150,0.2754963289314122,-0.00757616030033469,-0.002087204350138112,370,76,1480,5849,7329
1489,openphenom,HQ,std_all__tvn_efaar_e0.2_c150,0.31780518521112516,0.06545271133298204,0.02080121104774867,370,61,1480,5785,7265
1490,openphenom,HQ,std_all__tvn_efaar_e0.2_c150,0.31397151574787013,0.025014688567338884,0.007853899685448307,370,70,1480,5497,6977
1491,openphenom,HQ,std_all__tvn_efaar_e0.2_c150,0.333653910738202,0.04818312932592929,0.016076489531200853,370,102,1480,5625,7105
1492,openphenom,HQ,std_all__tvn_efaar_e0.2_c150,0.3075232275329971,0.05566564961483996,0.017118480232276523,370,66,1480,5689,7169
1493,openphenom,HQ,std_all__tvn_efaar_e0.2_c150,0.2662396365505992,-0.004019045342002406,-0.0010700291711350993,370,62,1480,5477,6957
1494,openphenom,HQ,std_all__tvn_efaar_e0.2_c150,0.3061317956606864,0.028302791226535038,0.008664384300388692,370,52,1480,5497,6977
1495,openphenom,HQ,std_all__tvn_efaar_e0.2_c150,0.2885547064106313,-0.024302929716521763,-0.007012724749269145,370,65,1480,5657,7137
1496,openphenom,HQ,std_all__tvn_efaar_e0.2_c150,0.2634992707721849,-0.03606344610451971,-0.009502691750072935,370,97,1480,5785,7265
1497,openphenom,HQ,std_all__tvn_efaar_e0.2_c150,0.29620909141592294,0.026685895474995638,0.007904604852268748,370,65,1480,5497,6977
1498,openphenom,HQ,std_all__tvn_efaar_e0.2_c150,0.25922376572957945,-0.004458413605799803,-0.0011557267640754177,370,58,1480,5433,6913
1499,openphenom,HQ,std_all__tvn_efaar_e0.2_c150,0.2746755809174475,0.02900212322251912,0.007966175043984832,370,70,1480,5657,7137
1500,openphenom,HQ,std_all__tvn_efaar_e0.2_c150,0.2963092900785304,0.172683064229551,0.05116759617044352,370,71,1480,5721,7201
1501,openphenom,HQ,std_all__tvn_efaar_e0.2_c150,0.2951949663016527,0.02466679500704241,0.007281513720873659,370,44,1480,5913,7393
1502,openphenom,HQ,std_all__tvn_efaar_e0.2_c150,0.2758438945203754,0.06332397275752756,0.017467531261938556,370,72,1480,5945,7425
1503,openphenom,HQ,std_all__tvn_efaar_e0.2_c150,0.2997852421721505,0.09971012894547332,0.029891625152935076,370,50,1480,5657,7137
1504,openphenom,HQ,std_all__tvn_efaar_e0.2_c150,0.2924718095674742,0.04700193409783018,0.01374674071876356,370,67,1480,5657,7137
1505,openphenom,HQ,std_all__tvn_efaar_e0.2_c150,0.2798206572732368,0.0424931396976032,0.011890458279786797,370,83,1480,5529,7009
1506,openphenom,HQ,std_all__tvn_efaar_e0.2_c150,0.26796864185692393,0.061828518381965646,0.01656810409884119,370,57,1480,5369,6849
1507,openphenom,HQ,std_all__tvn_efaar_e0.2_c150,0.29305426569482124,0.03441800914369353,0.01008634439628275,370,74,1480,5497,6977
1508,openphenom,HQ,std_all__tvn_efaar_e0.2_c150,0.2685700032060138,-0.0019269784889587665,-0.0005175286189575756,370,74,1480,5945,7425
1509,openphenom,HQ,std_all__tvn_efaar_e0.2_c150,0.30020735857199,0.007135884736496419,0.002142245107817771,370,57,1480,5721,7201
1510,openphenom,HQ,std_all__tvn_efaar_e0.2_c150,0.3030172497058335,0.0576763683974579,0.017476934524818143,370,50,1480,5721,7201
1511,openphenom,HQ,std_all__tvn_efaar_e0.2_c150,0.3100980673436995,0.007487035266722258,0.002321715166344692,370,72,1480,5945,7425
1512,openphenom,HQ,std_all__tvn_efaar_e0.2_c150,0.3005028190484263,0.025315455910651326,0.007607365866646869,370,58,1480,5311,6791
1513,openphenom,HQ,std_all__tvn_efaar_e0.2_c150,0.28659104131169233,0.07283694051543202,0.020874414628275453,370,97,1480,5724,7204
1514,openphenom,HQ,std_all__tvn_efaar_e0.2_c150,0.29563984918619995,0.027142339233001033,0.008024357077405104,370,59,1480,5753,7233
1515,openphenom,HQ,std_all__tvn_efaar_e0.2_c150,0.3155384786350092,0.008763857887202168,0.0027653343847011983,370,61,1480,5689,7169
1516,openphenom,HQ,std_all__tvn_efaar_e0.2_c150,0.3128689832186055,-0.007855591219795576,-0.0024577708375184467,370,99,1480,5593,7073
1517,openphenom,HQ,std_all__tvn_efaar_e0.2_c150,0.29218706230236285,0.04210132914310191,0.012301463681347803,370,70,1480,5721,7201
1518,openphenom,HQ,std_all__tvn_efaar_e0.2_c150,0.2857396133766538,0.0008480282672400904,0.00024231526921365712,370,96,1480,5849,7329
1519,openphenom,HQ,std_all__tvn_efaar_e0.2_c150,0.2573290213367324,0.02118269656154682,0.00545092257545581,370,96,1480,5913,7393
1520,openphenom,HQ,std_all__tvn_efaar_e0.2_c150,0.28223493965113833,0.01795488251175332,0.005067495182147977,370,69,1480,5657,7137
1521,openphenom,HQ,std_all__tvn_efaar_e0.2_c150,0.28700743610752716,0.00909980000225481,0.002611710267738423,370,57,1480,5849,7329
1522,openphenom,HQ,std_all__tvn_efaar_e0.2_c150,0.29278141633521476,0.03021327150843619,0.008845884424360339,370,47,1480,5785,7265
1523,openphenom,HQ,std_all__tvn_efaar_e0.2_c150,0.2810614092887667,0.0693919572489253,0.019503401297688797,370,77,1480,5497,6977
1524,openphenom,HQ,std_all__tvn_efaar_e0.2_c150,0.26311248760677053,0.10006321607731553,0.026327881700036283,370,90,1480,5822,7302
1525,openphenom,HQ,std_all__tvn_efaar_e0.2_c150,0.25319344099418467,-0.03555857248989737,-0.009003197325558267,370,51,1480,5625,7105
1526,openphenom,HQ,std_all__tvn_efaar_e0.2_c150,0.2766698466692795,-0.0163818032157968,-0.004532350983880811,370,50,1480,5721,7201
1527,openphenom,HQ,std_all__tvn_efaar_e0.2_c150,0.26783913181569063,0.03435761444006473,0.009202313622885172,370,59,1480,5753,7233
1528,openphenom,HQ,std_all__tvn_efaar_e0.2_c150,0.3141768638654994,0.00629901047358772,0.0019790033560477243,370,69,1480,5369,6849
1529,openphenom,HQ,std_all__tvn_efaar_e0.2_c150,0.28265685841956545,-0.001296524102195408,-0.00036647142959180163,370,96,1480,5817,7297
1530,openphenom,HQ,std_all__tvn_efaar_e0.2_c150,0.3062843100740574,-0.09969252746010769,-0.030534256992658104,370,80,1480,5849,7329
1531,openphenom,HQ,std_all__tvn_efaar_e0.2_c150,0.2814471226020308,0.03367525805951578,0.009477804483731565,370,47,1480,5625,7105
1532,openphenom,HQ,std_all__tvn_efaar_e0.2_c150,0.2936019765480158,0.15441666441729018,0.04533703788486806,370,63,1480,5593,7073
1533,openphenom,HQ,std_all__tvn_efaar_e0.2_c150,0.26127008731860174,0.03907715639459626,0.01020969206337882,370,65,1480,5849,7329
1534,openphenom,HQ,std_all__tvn_efaar_e0.2_c150,0.30431443802316105,0.001093046757441905,0.00033262990972397175,370,84,1480,5689,7169
1535,openphenom,HQ,std_all__tvn_efaar_e0.2_c150,0.30426538551724,0.15262447279397393,0.04643834405402398,370,86,1480,5913,7393
1536,openphenom,HQ,std_all__tvn_efaar_e0.2_c150,0.2957551908979217,-0.00615419680858073,-0.0018201356519451741,370,77,1480,5689,7169
1537,openphenom,HQ,std_all__tvn_efaar_e0.2_c150,0.29497529597045186,0.016179155190717442,0.00477245109093375,370,66,1480,5657,7137
1538,openphenom,HQ,std_all__tvn_efaar_e0.2_c150,0.28704365484842426,0.04156113442400614,0.011929859924713383,370,59,1480,5785,7265
1539,openphenom,HQ,std_all__tvn_efaar_e0.2_c150,0.2603567280488022,-0.016982016469876793,-0.0044213822437679925,370,66,1480,5689,7169
1540,openphenom,HQ,std_all__tvn_efaar_e0.2_c150,0.29496706705179415,0.017395842357763192,0.005131200599164777,370,92,1480,5753,7233
1541,openphenom,HQ,std_all__tvn_efaar_e0.2_c150,0.2889174726453545,-0.005408826994959989,-0.0015627046253598076,370,75,1480,5849,7329
1542,openphenom,HQ,std_all__tvn_efaar_e0.2_c150,0.27194379902546095,0.006507210513227524,0.0017695955480255124,370,85,1480,5625,7105
1543,openphenom,HQ,std_all__tvn_efaar_e0.2_c150,0.275178493967374,-0.014080089245560718,-0.0038745377535196173,370,64,1480,5817,7297
1544,openphenom,HQ,std_all__tvn_efaar_e0.2_c150,0.28816963930370215,0.039302376189728795,0.011325751570372558,370,60,1480,5497,6977
1545,openphenom,HQ,std_all__tvn_efaar_e0.2_c150,0.29835644452228,0.044111683476673574,0.013161005043992535,370,103,1480,5465,6945
1546,openphenom,HQ,std_all__tvn_efaar_e0.2_c150,0.28403004604572873,0.08020116397123159,0.022779540295669948,370,57,1480,5529,7009
1547,openphenom,HQ,std_all__tvn_efaar_e0.2_c150,0.3026172773224313,0.00804325301807958,0.002434027329146671,370,79,1480,5529,7009
1548,openphenom,HQ,std_all__tvn_efaar_e0.2_c150,0.30446329671135386,0.030979351992580693,0.009432075637642567,370,63,1480,5849,7329
1549,openphenom,HQ,std_all__tvn_efaar_e0.2_c150,0.3153878913117804,0.012594593586913796,0.003972182313305615,370,68,1480,5689,7169
1550,openphenom,HQ,std_all__tvn_efaar_e0.2_c150,0.2888688925789818,-0.0026519855899384045,-0.0007660761405009247,370,66,1480,5593,7073
1551,openphenom,HQ,std_all__tvn_efaar_e0.2_c150,0.29882014995680134,0.021273822172482623,0.006357046731735583,370,64,1480,5625,7105
1552,openphenom,HQ,std_all__tvn_efaar_e0.2_c150,0.28792394000801297,0.028853834832013796,0.008307709809173855,370,79,1480,5657,7137
1553,openphenom,HQ,std_all__tvn_efaar_e0.2_c150,0.2895093610732045,0.030487791824154065,0.008826501131543712,370,64,1480,5817,7297
1554,openphenom,HQ,std_all__tvn_efaar_e0.2_c150,0.2762346385763998,0.021598451221558856,0.005966240366997311,370,80,1480,5625,7105
1555,openphenom,HQ,std_all__tvn_efaar_e0.2_c150,0.2621183477650636,-0.015894011902868713,-0.004166112139338202,370,91,1480,5881,7361
1556,openphenom,HQ,std_all__tvn_efaar_e0.2_c150,0.28975338274737233,0.06563348262589155,0.019017523612342966,370,59,1480,5881,7361
1557,openphenom,HQ,std_all__tvn_efaar_e0.2_c150,0.31828588044566886,0.031037907816445557,0.009878927816548881,370,114,1480,5785,7265
1558,openphenom,HQ,std_all__tvn_efaar_e0.2_c150,0.2943678952922549,-0.007934307208843182,-0.002335605313669333,370,69,1480,5689,7169
1559,openphenom,HQ,std_all__tvn_efaar_e0.2_c150,0.2950696559004012,0.053693400911444415,0.01584329333106219,370,52,1480,5593,7073
1560,openphenom,HQ,std_all__tvn_efaar_e0.2_c150,0.2855161024273221,0.04651922456519302,0.01328198768579525,370,73,1480,5593,7073
1561,openphenom,HQ,std_all__tvn_efaar_e0.2_c150,0.3194049570988744,-0.021923857493370717,-0.00700258876211191,370,90,1480,5721,7201
1562,openphenom,HQ,std_all__tvn_efaar_e0.2_c150,0.31962224768385505,0.009224048526195454,0.0029482111226875416,370,106,1480,5849,7329
1563,openphenom,HQ,std_all__tvn_efaar_e0.2_c150,0.3008871419089621,-0.006290687634461613,-0.0018927870229752044,370,78,1480,5689,7169
1564,openphenom,HQ,std_all__tvn_efaar_e0.2_c150,0.29013452148255525,0.06517327673014764,0.01890901745755154,370,78,1480,5305,6785
1565,openphenom,HQ,std_all__tvn_efaar_e0.2_c150,0.3323774621500678,0.09015878014203131,0.029966746534154296,370,84,1480,5785,7265
1566,openphenom,HQ,std_all__tvn_efaar_e0.2_c150,0.25200582544227546,-0.012529988053238584,-0.0031576299821382396,370,76,1480,5625,7105
1567,openphenom,HQ,std_all__tvn_efaar_e0.2_c150,0.2756248130153941,0.012073665073754028,0.0033278016783639484,370,70,1480,5689,7169
1568,openphenom,HQ,std_all__tvn_efaar_e0.2_c150,0.28041591498590596,0.05448186858599568,0.015277583029683864,370,94,1480,5753,7233
1569,openphenom,HQ,std_all__tvn_efaar_e0.2_c150,0.299065009473163,0.0030699502296425993,0.0009181146945102029,370,58,1480,5689,7169
1570,openphenom,HQ,std_all__tvn_efaar_e0.2_c150,0.2828992688172442,-0.020819276836875202,-0.005889758194455783,370,75,1480,5497,6977
1571,openphenom,HQ,std_all__tvn_efaar_e0.2_c150,0.30419066905891384,0.039692973892427444,0.012074232285275504,370,55,1480,5497,6977
1572,openphenom,HQ,std_all__tvn_efaar_e0.2_c150,0.2747183900409585,-0.012606651604391395,-0.0034632790325656703,370,96,1480,5753,7233
1573,openphenom,HQ,std_all__tvn_efaar_e0.2_c150,0.26340158828986504,0.1143790090211994,0.030127612643204724,370,42,1480,5785,7265
1574,openphenom,HQ,std_all__tvn_efaar_e0.2_c150,0.2841530527052382,0.05298902147986691,0.015056992213367622,370,81,1480,5689,7169
1575,openphenom,HQ,std_all__tvn_efaar_e0.2_c150,0.26929333603126376,-0.008533207918926342,-0.0022979360275360724,370,76,1480,5625,7105
1576,openphenom,HQ,std_all__tvn_efaar_e0.2_c150,0.315640976969581,0.14340421449240032,0.04526424636393658,370,60,1480,5593,7073
1577,openphenom,HQ,std_all__tvn_efaar_e0.2_c150,0.2888809136021815,0.04089882386504883,0.01181488960339001,370,70,1480,5529,7009
1578,openphenom,HQ,std_all__tvn_efaar_e0.2_c150,0.2976005914548553,0.03825014226108525,0.011383264960131327,370,67,1480,5689,7169
1579,openphenom,HQ,std_all__tvn_efaar_e0.2_c150,0.26720469526019547,0.1682152714506892,0.04494791034609247,370,50,1480,5529,7009
1580,openphenom,HQ,std_all__tvn_efaar_e0.2_c150,0.30245101869819807,-0.018254979132169457,-0.005521237034839,370,53,1480,5625,7105
1581,openphenom,HQ,std_all__tvn_efaar_e0.2_c150,0.2653261273016199,-0.01931476648477571,-0.0051247121911406615,370,53,1480,5657,7137
1582,openphenom,HQ,std_all__tvn_efaar_e0.2_c150,0.2533143953267061,-0.048294859683249335,-0.012233783178050421,370,58,1480,5721,7201
1583,openphenom,HQ,std_all__tvn_efaar_e0.2_c150,0.26182298641735896,0.13609050585428306,0.035631622665817465,370,101,1480,5849,7329
1584,openphenom,HQ,std_all__tvn_efaar_e0.2_c150,0.26335815013305985,-0.012963530139744606,-0.0034140513167973062,370,82,1480,5628,7108
1585,openphenom,HQ,std_all__tvn_efaar_e0.2_c150,0.28020548492379316,-0.03589044885185755,-0.01005670062466734,370,120,1480,5913,7393
1586,openphenom,HQ,std_all__tvn_efaar_e0.2_c150,0.2897255411044955,-0.025588215111167285,-0.00741355946898117,370,69,1480,5849,7329
1587,openphenom,HQ,std_all__tvn_efaar_e0.2_c150,0.3016778644004577,-0.000728234955725407,-0.00021969236622500265,370,57,1480,5785,7265
1588,openphenom,HQ,std_all__tvn_efaar_e0.2_c150,0.25548579838760926,0.05840523263663025,0.014921707490183532,370,68,1480,5689,7169
1589,openphenom,HQ,std_all__tvn_efaar_e0.2_c150,0.26916830950190673,-0.018162018693156624,-0.004888639868778998,370,80,1480,5625,7105
1590,openphenom,HQ,std_all__tvn_efaar_e0.2_c150,0.30687671669716815,0.02900150763828064,0.008899887443303407,370,100,1480,5689,7169
1591,openphenom,HQ,std_all__tvn_efaar_e0.2_c150,0.29767522063948143,0.003652194651105308,0.0010871678485861063,370,86,1480,5785,7265
1592,openphenom,HQ,std_all__tvn_efaar_e0.2_c150,0.28950845004375164,0.06486233727942245,0.018778194731980644,370,74,1480,5753,7233
1593,openphenom,HQ,std_all__tvn_efaar_e0.2_c150,0.2765139183536846,0.035894816928565915,0.009925416477505932,370,67,1480,5689,7169
1594,openphenom,HQ,std_all__tvn_efaar_e0.2_c150,0.2834494575785618,0.03781605123384981,0.010718939209997832,370,97,1480,5721,7201
1595,openphenom,HQ,std_all__tvn_efaar_e0.2_c150,0.2947767490933023,0.0955572671666905,0.02816806056763718,370,64,1480,5689,7169
1596,openphenom,HQ,std_all__tvn_efaar_e0.2_c150,0.3025634078969902,0.03419907732609835,0.010347389382717004,370,89,1480,5817,7297
1597,openphenom,HQ,std_all__tvn_efaar_e0.2_c150,0.3342879569556857,0.04278247388336137,0.014301665787978854,370,93,1480,5631,7111
1598,openphenom,HQ,std_all__tvn_efaar_e0.2_c150,0.3083171365592172,-0.00882744721493596,-0.0027216532484366923,370,84,1480,5753,7233
1599,openphenom,HQ,std_all__tvn_efaar_e0.2_c150,0.28437366489632515,-0.00958480604464179,-0.002725666422235236,370,63,1480,5657,7137
1600,openphenom,HQ,std_all__tvn_efaar_e0.2_c150,0.2674621785239412,-0.025978693360335623,-0.006948317921360813,370,63,1480,5625,7105
1601,openphenom,HQ,std_all__tvn_efaar_e0.2_c150,0.2920097504002015,-0.01899312316652111,-0.005546177155176114,370,68,1480,5753,7233
1602,openphenom,HQ,std_all__tvn_efaar_e0.2_c150,0.2764619134503305,0.008268157399511138,0.002285830615377358,370,84,1480,5881,7361
1603,openphenom,HQ,std_all__tvn_efaar_e0.2_c150,0.2695423283237028,0.040843133761560076,0.011008953370127335,370,76,1480,5817,7297
1604,openphenom,HQ,std_all__tvn_efaar_e0.2_c150,0.2527722535356398,0.06066970638795642,0.015335618405029347,370,64,1480,5625,7105
1605,openphenom,HQ,std_all__tvn_efaar_e0.2_c150,0.2668259469543591,0.04900772863757407,0.013076533601802963,370,74,1480,5503,6983
1606,openphenom,HQ,std_all__tvn_efaar_e0.2_c150,0.2725194676594767,0.014423185603291588,0.003930598862562852,370,84,1480,5881,7361
1607,openphenom,HQ,std_all__tvn_efaar_e0.2_c150,0.28816676767624655,0.032756176750353264,0.009439241575581117,370,73,1480,5753,7233
1608,openphenom,HQ,std_all__tvn_efaar_e0.2_c150,0.31531588501335134,0.049082658393862375,0.015476541870268713,370,72,1480,5785,7265
1609,openphenom,HQ,std_all__tvn_efaar_e0.2_c150,0.28835937479556106,-0.009914399062009967,-0.0028589099149948912,370,108,1480,5593,7073
1610,openphenom,HQ,std_all__tvn_efaar_e0.2_c150,0.28795285346129523,-0.0006125889180595195,-0.0001763967269540062,370,65,1480,5625,7105
1611,openphenom,HQ,std_all__tvn_efaar_e0.2_c150,0.29716664399461745,0.07491499353225937,0.02226223721285999,370,48,1480,5657,7137
1612,openphenom,HQ,std_all__tvn_efaar_e0.2_c150,0.2924988569038791,-0.010176321481024243,-0.0029765624006859812,370,95,1480,5657,7137
1613,openphenom,HQ,std_all__tvn_efaar_e0.2_c150,0.2638542262551004,-0.015000391408822325,-0.00395791666869847,370,49,1480,5529,7009
1614,openphenom,HQ,std_all__tvn_efaar_e0.2_c150,0.28561617843260356,0.0025739064392189402,0.0007351493208127842,370,88,1480,5753,7233
1615,openphenom,HQ,std_all__tvn_efaar_e0.2_c150,0.33553487637101875,0.05537397565887655,0.018579900076872945,370,49,1480,5977,7457
1616,openphenom,HQ,std_all__tvn_efaar_e0.2_c150,0.28998392288618724,-0.020585492954763678,-0.005969462001568341,370,72,1480,5657,7137
1617,openphenom,HQ,std_all__tvn_efaar_e0.2_c150,0.2941203483240283,0.03456704950952261,0.01016687264227472,370,73,1480,5689,7169
1618,openphenom,HQ,std_all__tvn_efaar_e0.2_c150,0.294030421778238,0.08132456007341478,0.023911894699315803,370,46,1480,5753,7233
1619,openphenom,HQ,std_all__tvn_efaar_e0.2_c150,0.27477108940102557,0.009740508685414899,0.0026764101828116033,370,48,1480,5785,7265
1620,openphenom,HQ,std_all__tvn_efaar_e0.2_c150,0.25734596488908057,0.013266538256834354,0.0034140900884429377,370,52,1480,5561,7041
1621,openphenom,HQ,std_all__tvn_efaar_e0.2_c150,0.28426287235693376,-0.0017999204080843497,-0.0005116505452159217,370,71,1480,5625,7105
1622,openphenom,HQ,std_all__tvn_efaar_e0.2_c150,0.24082922686413097,0.07950262223952714,0.019146555047616386,370,65,1480,5305,6785
1623,openphenom,HQ,std_all__tvn_efaar_e0.2_c150,0.2677106497284358,-0.009648961674431291,-0.0025831297990667767,370,68,1480,5753,7233
1624,openphenom,HQ,std_all__tvn_efaar_e0.2_c150,0.28019772274848886,0.04736232190001932,0.013270814740466296,370,72,1480,5689,7169
1625,openphenom,HQ,std_all__tvn_efaar_e0.2_c150,0.2942305764527962,-0.003036017616071337,-0.0008932892132975136,370,70,1480,5913,7393
1626,openphenom,HQ,std_all__tvn_efaar_e0.2_c150,0.30273942797257486,0.032233856826392716,0.009758459376972008,370,54,1480,5593,7073
1627,openphenom,HQ,std_all__tvn_efaar_e0.2_c150,0.27739638023836677,-0.02498252911258452,-0.006930063145030563,370,61,1480,5529,7009
1628,openphenom,HQ,std_all__tvn_efaar_e0.2_c150,0.2732234443494162,-0.0587054428745611,-0.01603970330424548,370,94,1480,5849,7329
1629,openphenom,HQ,std_all__tvn_efaar_e0.2_c150,0.28857951525332515,0.023964679341326726,0.0069157155475214425,370,70,1480,5817,7297
1630,openphenom,HQ,std_all__tvn_efaar_e0.2_c150,0.26535919637916117,0.03159474164169909,0.00838395525184849,370,69,1480,5657,7137
1631,openphenom,HQ,std_all__tvn_efaar_e0.2_c150,0.28893730662519124,0.10672250715334558,0.030836113773175376,370,50,1480,5881,7361
1632,openphenom,HQ,std_all__tvn_efaar_e0.2_c150,0.31551411560806225,0.004690044671749299,0.0014797752967692847,370,73,1480,5721,7201
1633,openphenom,HQ,std_all__tvn_efaar_e0.2_c150,0.28809640427697364,0.013965772913462534,0.00402348895931731,370,72,1480,5721,7201
1634,openphenom,HQ,std_all__tvn_efaar_e0.2_c150,0.29687493551331606,0.00703399937585139,0.002088218111106587,370,53,1480,5663,7143
1635,openphenom,HQ,std_all__tvn_efaar_e0.2_c150,0.3087900610166438,0.020990603979439536,0.006481689883587341,370,77,1480,5753,7233
1636,openphenom,HQ,std_all__tvn_efaar_e0.2_c150,0.29541691484878074,-0.0009573662127073916,-0.0002828221729384792,370,56,1480,5753,7233
1637,openphenom,HQ,std_all__tvn_efaar_e0.2_c150,0.30000086583574676,-0.0022150709317129637,-0.0006645231974014834,370,61,1480,5881,7361
1638,openphenom,HQ,std_all__tvn_efaar_e0.2_c150,0.30433627366734683,0.02140940202428425,0.006515657633516821,370,58,1480,5881,7361
1639,openphenom,HQ,std_all__tvn_efaar_e0.2_c150,0.2669044378288385,-0.006540972169923783,-0.0017458144998675853,370,69,1480,5977,7457
1640,openphenom,HQ,std_all__tvn_efaar_e0.2_c150,0.2791764058774948,0.021416440157979447,0.005978964789995149,370,72,1480,5625,7105
1641,openphenom,HQ,std_all__tvn_efaar_e0.2_c150,0.2934411700377126,-0.031404062816616354,-0.009215244936845727,370,78,1480,5657,7137
1642,openphenom,HQ,std_all__tvn_efaar_e0.2_c150,0.2954412808021182,-0.016774025371946416,-0.004955739540095076,370,113,1480,5593,7073
1643,openphenom,HQ,std_all__tvn_efaar_e0.2_c150,0.26794092769707756,0.051004969246237354,0.013666318776997748,370,104,1480,5689,7169
1644,openphenom,HQ,std_all__tvn_efaar_e0.2_c150,0.2781141190156849,0.010952507785694355,0.0030460470538308153,370,61,1480,5561,7041
1645,openphenom,HQ,std_all__tvn_efaar_e0.2_c150,0.27313131946044983,-0.001834973530334255,-0.0005011887415151948,370,61,1480,5785,7265
1646,openphenom,HQ,std_all__tvn_efaar_e0.2_c150,0.3014857542799844,-0.024284070698278697,-0.007321301371459021,370,71,1480,5753,7233
1647,openphenom,HQ,std_all__tvn_efaar_e0.2_c150,0.291789091281061,0.08003151122264567,0.023352321933505813,370,70,1480,5881,7361
1648,openphenom,HQ,std_all__tvn_efaar_e0.2_c150,0.3034839295605634,0.04978795001204012,0.015109842714418837,370,87,1480,5817,7297
1649,openphenom,HQ,std_all__tvn_efaar_e0.2_c150,0.2979394298621034,-0.07711925140249377,-0.022976865794251216,370,101,1480,5913,7393
1650,openphenom,HQ,std_all__tvn_efaar_e0.2_c150,0.27711096373374566,-0.0032565440857620733,-0.0009024240700469578,370,48,1480,5625,7105
1651,openphenom,HQ,std_all__tvn_efaar_e0.2_c150,0.2654403794352728,-0.019192129890788827,-0.005094366240382027,370,79,1480,5689,7169
1652,openphenom,HQ,std_all__tvn_efaar_e0.2_c150,0.2786364294901508,-0.0022475910443022135,-0.0006262607435384082,370,77,1480,5535,7015
1653,openphenom,HQ,std_all__tvn_efaar_e0.2_c150,0.29824534807878034,-0.00688037153677446,-0.0020520388038966315,370,61,1480,5753,7233
1654,openphenom,HQ,std_all__tvn_efaar_e0.2_c150,0.26880425394653384,0.07184500796014531,0.019312243764509646,370,87,1480,5753,7233
1655,openphenom,HQ,std_all__tvn_efaar_e0.2_c150,0.27153288866830755,0.01836997595251966,0.004988052635155008,370,86,1480,5785,7265
1656,openphenom,HQ,std_all__tvn_efaar_e0.2_c150,0.28909630564523553,0.07779566068383748,0.02249043809892771,370,68,1480,5785,7265
1657,openphenom,HQ,std_all__tvn_efaar_e0.2_c150,0.28778085290953737,0.034750763678883134,0.01000060441076676,370,64,1480,5753,7233
1658,openphenom,HQ,std_all__tvn_efaar_e0.2_c150,0.29037065489304265,-0.025676464375363875,-0.007455691776012288,370,61,1480,5657,7137
1659,openphenom,HQ,std_all__tvn_efaar_e0.2_c150,0.2988982578215731,-0.005614366736947316,-0.0016781244364449427,370,50,1480,5785,7265
1660,openphenom,HQ,std_all__tvn_efaar_e0.2_c150,0.3028817148559161,-0.03589504792684459,-0.010871953670917985,370,72,1480,5625,7105
1661,openphenom,HQ,std_all__tvn_efaar_e0.2_c150,0.3163035787376347,0.029819731772290324,0.00943208787657178,370,87,1480,5913,7393
1662,openphenom,HQ,std_all__tvn_efaar_e0.2_c150,0.294949739086533,0.03294676337412153,0.009717639260942887,370,70,1480,5657,7137
1663,openphenom,HQ,std_all__tvn_efaar_e0.2_c150,0.2575850557086764,0.13095914128782538,0.033733117704184926,370,76,1480,5689,7169
1664,openphenom,HQ,std_all__tvn_efaar_e0.2_c150,0.30950060920109573,-0.018612681144960022,-0.005760636153230875,370,77,1480,5625,7105
1665,openphenom,HQ,std_all__tvn_efaar_e0.2_c150,0.2613787315945523,0.11170609908559058,0.029197598490367047,370,88,1480,5753,7233
1666,openphenom,HQ,std_all__tvn_efaar_e0.2_c150,0.2926261952422293,-0.006159542070255305,-0.0018024433604532542,370,100,1480,5561,7041
1667,openphenom,HQ,std_all__tvn_efaar_e0.2_c150,0.2751777430094763,0.009640200373169521,0.0026527685808479,370,120,1480,5657,7137
1668,openphenom,HQ,std_all__tvn_efaar_e0.2_c150,0.3071081375185471,0.017920060173297926,0.0055033963040418184,370,95,1480,5561,7041
1669,openphenom,HQ,std_all__tvn_efaar_e0.2_c150,0.26063852685908145,0.036049871738925654,0.009395985463492415,370,88,1480,5593,7073
1670,openphenom,HQ,std_all__tvn_efaar_e0.2_c150,0.30043483569451146,0.09928278684346795,0.029828007752610495,370,79,1480,5753,7233
1671,openphenom,HQ,std_all__tvn_efaar_e0.2_c150,0.2916944801892812,-0.04848466611862476,-0.014142709480623102,370,54,1480,5785,7265
1672,openphenom,HQ,std_all__tvn_efaar_e0.2_c150,0.298401976881586,0.009783330821958085,0.002919365257758844,370,58,1480,5529,7009
1673,openphenom,HQ,std_all__tvn_efaar_e0.2_c150,0.2808377335706862,0.09642348455778713,0.027079352866196997,370,107,1480,5657,7137
1674,openphenom,HQ,std_all__tvn_efaar_e0.2_c150,0.30486971295634785,0.013769342386176057,0.004197855460871168,370,55,1480,5785,7265
1675,openphenom,HQ,std_all__tvn_efaar_e0.2_c150,0.30159812576737344,-0.05085607714747203,-0.015338097551558514,370,57,1480,5497,6977
1676,openphenom,HQ,std_all__tvn_efaar_e0.2_c150,0.273683652204215,0.020398067573347372,0.0055826176313820775,370,41,1480,5817,7297
1677,openphenom,HQ,std_all__tvn_efaar_e0.2_c150,0.27822651942785964,0.008505117214862155,0.002366349160017069,370,70,1480,5593,7073
1678,openphenom,HQ,std_all__tvn_efaar_e0.2_c150,0.31217786292978594,0.0833013906066782,0.026004850098672143,370,55,1480,5625,7105
1679,openphenom,HQ,std_all__tvn_efaar_e0.2_c150,0.30970352577799803,3.372622901481285e-05,1.0445132037083758e-05,370,77,1480,5721,7201
1680,openphenom,HQ,std_all__tvn_efaar_e0.2_c150,0.26984542572205955,0.006970514325997986,0.0018809614058006416,370,89,1480,5913,7393
1681,openphenom,HQ,std_all__tvn_efaar_e0.2_c150,0.2981840313778416,0.043695753594655475,0.013029375960947184,370,60,1480,5593,7073
1682,openphenom,HQ,std_all__tvn_efaar_e0.2_c150,0.2965939903584782,0.03552957487755992,0.010537858388675837,370,73,1480,5849,7329
1683,openphenom,HQ,std_all__tvn_efaar_e0.2_c150,0.30005808534584355,0.04905888111446279,0.014720513936415068,370,84,1480,5689,7169
1684,openphenom,HQ,std_all__tvn_efaar_e0.2_c150,0.28499523529051474,0.027627971077737713,0.007873840117899395,370,84,1480,5721,7201
1685,openphenom,HQ,std_all__tvn_efaar_e0.2_c150,0.32683348097941034,-0.03299812750381765,-0.010784892877875143,370,69,1480,5657,7137
1686,openphenom,HQ,std_all__tvn_efaar_e0.2_c150,0.25705174261169506,0.020920897926320656,0.005377753268962122,370,95,1480,5689,7169
1687,openphenom,HQ,std_all__tvn_efaar_e0.2_c150,0.30373774407469256,0.02016140241327297,0.006123778886389594,370,52,1480,5721,7201
1688,openphenom,HQ,std_all__tvn_efaar_e0.2_c150,0.26160511498063616,0.07685089182258537,0.020104586391611876,370,72,1480,5529,7009
1689,openphenom,HQ,std_all__tvn_efaar_e0.2_c150,0.29828674591744314,0.025996336927764593,0.007754362747956362,370,52,1480,5529,7009
1690,openphenom,HQ,std_all__tvn_efaar_e0.2_c150,0.30887575994040656,-0.010613242537764932,-0.0032781733542839924,370,61,1480,5849,7329
1691,openphenom,HQ,std_all__tvn_efaar_e0.2_c150,0.27114402778748,0.02118977571598525,0.005745481135545573,370,86,1480,5529,7009
1692,openphenom,HQ,std_all__tvn_efaar_e0.2_c150,0.2758740481938962,-0.02993931032884342,-0.008259478740551364,370,80,1480,5497,6977
1693,openphenom,HQ,std_all__tvn_efaar_e0.2_c150,0.29755912141450497,0.020172472733734754,0.0060025032634081705,370,79,1480,5817,7297
1694,openphenom,HQ,std_all__tvn_efaar_e0.2_c150,0.2700457252459122,0.02018499884385665,0.005450872651877168,370,50,1480,5753,7233
1695,openphenom,HQ,std_all__tvn_efaar_e0.2_c150,0.2584369044622547,-0.028447020963596675,-0.0073517600390047904,370,86,1480,5721,7201
1696,openphenom,HQ,std_all__tvn_efaar_e0.2_c150,0.27858853790541105,0.02458787911641674,0.00684990129323753,370,76,1480,5689,7169
1697,openphenom,HQ,std_all__tvn_efaar_e0.2_c150,0.29371930362632626,-0.006693900084340316,-0.001966127671316644,370,74,1480,5913,7393
1698,openphenom,HQ,std_all__tvn_efaar_e0.2_c150,0.29246988600977425,0.0021144609491868557,0.0006184161527807988,370,65,1480,5625,7105
1699,openphenom,HQ,std_all__tvn_efaar_e0.2_c150,0.22924133358745158,-0.025984060315268925,-0.005956620638689026,370,57,1480,5561,7041
1700,openphenom,HQ,std_all__tvn_efaar_e0.2_c150,0.2849775101771236,-0.009312116665098723,-0.0026537438216987334,370,85,1480,5753,7233
1701,openphenom,HQ,std_all__tvn_efaar_e0.2_c150,0.3010331082128159,0.04585244516817715,0.013803104088134082,370,95,1480,5689,7169
1702,openphenom,HQ,std_all__tvn_efaar_e0.2_c150,0.310194378862496,-0.040791072856960896,-0.012653161507999805,370,59,1480,5689,7169
1703,openphenom,HQ,std_all__tvn_efaar_e0.2_c150,0.26225243598006737,0.02950791236073779,0.007738521897289826,370,81,1480,5529,7009
1704,openphenom,HQ,std_all__tvn_efaar_e0.2_c150,0.2971826408338746,0.10252695840538344,0.030469232255576663,370,85,1480,5689,7169
1705,openphenom,HQ,std_all__tvn_efaar_e0.2_c150,0.305540541948904,0.016770683796941462,0.005124123816171198,370,91,1480,5817,7297
1706,openphenom,HQ,std_all__tvn_efaar_e0.2_c150,0.26501541552238084,0.006408148432048505,0.001698258119448428,370,40,1480,5625,7105
1707,openphenom,HQ,std_all__tvn_efaar_e0.2_c150,0.2827868450717794,-0.01820368772235162,-0.005147763419675701,370,95,1480,5817,7297
1708,openphenom,HQ,std_all__tvn_efaar_e0.2_c150,0.2995284762369088,0.05445442664882894,0.016310651438478253,370,99,1480,5497,6977
1709,openphenom,HQ,std_all__tvn_efaar_e0.2_c150,0.2783477968116333,0.013719775324050708,0.003818869234200127,370,89,1480,5817,7297
1710,openphenom,HQ,std_all__tvn_efaar_e0.2_c150,0.28105207427211465,-0.027833106045382163,-0.007822552187490391,370,75,1480,5657,7137
1711,openphenom,HQ,std_all__tvn_efaar_e0.2_c150,0.2699602374168521,0.02321010664207689,0.006265805899565533,370,79,1480,5689,7169
1712,openphenom,HQ,std_all__tvn_efaar_e0.2_c150,0.27677938963181287,-0.007495866494725401,-0.002074701353171653,370,91,1480,5625,7105
1713,openphenom,HQ,std_all__tvn_efaar_e0.2_c150,0.3361351273897266,0.02442907405204978,0.008211469918498818,370,71,1480,5753,7233
1714,openphenom,HQ,std_all__tvn_efaar_e0.2_c150,0.27401529029568805,0.02532644074649294,0.006939832013306805,370,87,1480,5817,7297
1715,openphenom,HQ,std_all__tvn_efaar_e0.2_c150,0.3079001472296146,0.03168679822097571,0.009756369837473512,370,71,1480,5529,7009
1716,openphenom,HQ,std_all__tvn_efaar_e0.2_c150,0.3256492325670896,0.0036787188818983825,0.0011979719807202701,370,80,1480,5721,7201
1717,openphenom,HQ,std_all__tvn_efaar_e0.2_c150,0.3039222801823632,0.0742703338502623,0.022572409213677074,370,63,1480,5721,7201
1718,openphenom,HQ,std_all__tvn_efaar_e0.2_c150,0.28013780740404276,0.0277348078054426,0.007769568247389221,370,80,1480,5657,7137
1719,openphenom,HQ,std_all__tvn_efaar_e0.2_c150,0.298234096737185,-0.043629494196640695,-0.013011802792835392,370,72,1480,5689,7169
1720,openphenom,HQ,std_all__tvn_efaar_e0.2_c150,0.3038164607141151,0.10845626669580376,0.03295079908978525,370,61,1480,5497,6977
1721,openphenom,HQ,std_all__tvn_efaar_e0.2_c150,0.27603391173985714,0.05614966403410954,0.015499211406214023,370,61,1480,5721,7201
1722,openphenom,HQ,std_all__tvn_efaar_e0.2_c150,0.26216172704224616,-0.007709416715634003,-0.002021114000658971,370,68,1480,5497,6977
1723,openphenom,HQ,std_all__tvn_efaar_e0.2_c150,0.2816412255387623,0.1659814526298223,0.046747219735367176,370,70,1480,5817,7297
1724,openphenom,HQ,std_all__tvn_efaar_e0.2_c150,0.28544277851593,-0.01420173286333367,-0.004053782088250957,370,65,1480,5401,6881
1725,openphenom,HQ,std_all__tvn_efaar_e0.2_c150,0.2704903617275564,0.038701348620334995,0.010468341787658679,370,78,1480,5721,7201
1726,openphenom,HQ,std_all__tvn_efaar_e0.2_c150,0.29172930401843805,0.04398008149155317,0.012830278564204996,370,61,1480,5593,7073
1727,openphenom,HQ,std_all__tvn_efaar_e0.2_c150,0.32900878222532653,-0.01019734758672148,-0.0033550169114356064,370,97,1480,5529,7009
1728,openphenom,HQ,std_all__tvn_efaar_e0.2_c150,0.2798884958534109,0.020034067120777245,0.005607304912260618,370,68,1480,5785,7265
1729,openphenom,HQ,std_all__tvn_efaar_e0.2_c150,0.31938317410697065,0.022833690622881583,0.007292696587712492,370,51,1480,5593,7073
1730,openphenom,HQ,std_all__tvn_efaar_e0.2_c150,0.3011210179832832,-0.019389283657214106,-0.005838520832826949,370,54,1480,5593,7073
1731,openphenom,HQ,std_all__tvn_efaar_e0.2_c150,0.27201564182143445,-0.007215191057189047,-0.001962644826285553,370,70,1480,5593,7073
1732,openphenom,HQ,std_all__tvn_efaar_e0.2_c150,0.26526818375263894,0.005980002306185218,0.001586304350598345,370,52,1480,5433,6913
1733,openphenom,HQ,std_all__tvn_efaar_e0.2_c150,0.2622359607853651,-0.02882342563965984,-0.007558538715741725,370,80,1480,5753,7233
1734,openphenom,HQ,std_all__tvn_efaar_e0.2_c150,0.2818669359897516,0.01651383936826565,0.0046547053041599736,370,57,1480,5721,7201
1735,openphenom,HQ,std_all__tvn_efaar_e0.2_c150,0.3007726553301751,-0.0006883138258825098,-0.00020702597711115428,370,65,1480,5753,7233
1736,openphenom,HQ,std_all__tvn_efaar_e0.2_c150,0.3156535887204655,0.0647957969790307,0.02045302585043374,370,65,1480,5625,7105
1737,openphenom,HQ,std_all__tvn_efaar_e0.2_c150,0.31213591530391904,0.02835252066606137,0.008849839989274346,370,85,1480,5721,7201
1738,openphenom,HQ,std_all__tvn_efaar_e0.2_c150,0.29246149208884237,0.016589723988432153,0.004851855430998929,370,86,1480,5593,7073
1739,openphenom,HQ,std_all__tvn_efaar_e0.2_c150,0.2946593560640227,0.033080594384991203,0.009747506639696634,370,92,1480,5657,7137
1740,openphenom,HQ,std_all__tvn_efaar_e0.2_c150,0.24439825953572694,0.03192377483397692,0.007802115007234399,370,77,1480,5529,7009
1741,openphenom,HQ,std_all__tvn_efaar_e0.2_c150,0.26941506634934287,0.03164373384830831,0.00852529865428293,370,81,1480,5657,7137
1742,openphenom,HQ,std_all__tvn_efaar_e0.2_c150,0.2953616522246587,0.0005525164743745521,0.000163192178752611,370,77,1480,5529,7009
1743,openphenom,HQ,std_all__tvn_efaar_e0.2_c150,0.29204904039486024,0.05786533831170849,0.016899516526058405,370,44,1480,5625,7105
1744,openphenom,HQ,std_all__tvn_efaar_e0.2_c150,0.29200359766673206,0.046005041164410565,0.01343363753081399,370,92,1480,5657,7137
1745,openphenom,HQ,std_all__tvn_efaar_e0.2_c150,0.2795698615854063,0.10066388645182751,0.028142588801986477,370,70,1480,5785,7265
1746,openphenom,HQ,std_all__tvn_efaar_e0.2_c150,0.28295430251689796,0.0014170840269130908,0.0004009700224430307,370,82,1480,5721,7201
1747,openphenom,HQ,std_all__tvn_efaar_e0.2_c150,0.28487028229403755,-0.003611651837845658,-0.001028852278594872,370,57,1480,5785,7265
1748,openphenom,HQ,std_all__tvn_efaar_e0.2_c150,0.3236665779936685,0.06013149995176052,0.01946255681901277,370,73,1480,5817,7297
1749,openphenom,HQ,std_all__tvn_efaar_e0.2_c150,0.27795523734657435,-0.018048126684117507,-0.005016571336144924,370,68,1480,5881,7361
1750,openphenom,HQ,std_all__tvn_efaar_e0.2_c150,0.2818506081414869,0.005192387608358181,0.001463477605122074,370,59,1480,5497,6977
1751,openphenom,HQ,std_all__tvn_efaar_e0.2_c150,0.2741914384104075,0.026388778074102188,0.007235577018031102,370,60,1480,5625,7105
1752,openphenom,HQ,std_all__tvn_efaar_e0.2_c150,0.2622940522939019,0.07968278409568876,0.020900320338518283,370,62,1480,5625,7105
1753,openphenom,HQ,std_all__tvn_efaar_e0.2_c150,0.2746638023850607,-0.006363760055243469,-0.0017478945342393353,370,86,1480,5529,7009
1754,openphenom,HQ,std_all__tvn_efaar_e0.2_c150,0.3083954460876768,0.03705624598065422,0.011427977509538537,370,66,1480,5465,6945
1755,openphenom,HQ,std_all__tvn_efaar_e0.2_c150,0.3157302322677394,-0.045386917593330675,-0.01433002203365904,370,56,1480,5689,7169
1756,openphenom,HQ,std_all__tvn_efaar_e0.2_c150,0.33188960534399425,0.019766162632706148,0.00656018391533405,370,66,1480,5753,7233
1757,openphenom,HQ,std_all__tvn_efaar_e0.2_c150,0.33219917751355543,0.004042267655285878,0.001342837990375617,370,64,1480,5657,7137
1758,openphenom,HQ,std_all__tvn_efaar_e0.2_c150,0.28604752658899346,-0.005412124623538647,-0.0015481248621546173,370,66,1480,5721,7201
1759,openphenom,HQ,std_all__tvn_efaar_e0.2_c150,0.28930295628073305,0.025096425777415676,0.007260470169486349,370,99,1480,5625,7105
1760,openphenom,HQ,std_all__tvn_efaar_e0.2_c150,0.3024228151268184,0.01923601173707574,0.005817408821338966,370,100,1480,5977,7457
1761,openphenom,HQ,std_all__tvn_efaar_e0.2_c150,0.26449772200355465,0.024094066628172216,0.006372825736953418,370,58,1480,5689,7169
1762,openphenom,HQ,std_all__tvn_efaar_e0.2_c150,0.2779972897268881,-0.03202629329277053,-0.00890322273538862,370,58,1480,5657,7137
1763,openphenom,HQ,std_all__tvn_efaar_e0.2_c150,0.29487828454237136,-0.009891660523894188,-0.002916835886561413,370,61,1480,5465,6945
1764,openphenom,HQ,std_all__tvn_efaar_e0.2_c150,0.2763304978894205,-0.020912032344369356,-0.00577863230959925,370,67,1480,5433,6913
1765,openphenom,HQ,std_all__tvn_efaar_e0.2_c150,0.2988660490916661,0.022163332086872333,0.006623867495510085,370,58,1480,5817,7297
1766,openphenom,HQ,std_all__tvn_efaar_e0.2_c150,0.27706731938193996,0.01752878410446366,0.004856653223848505,370,67,1480,5913,7393
1767,openphenom,HQ,std_all__tvn_efaar_e0.2_c150,0.3002368614848428,0.15346904082882187,0.04607706315353468,370,75,1480,5945,7425
1768,openphenom,HQ,std_all__tvn_efaar_e0.2_c150,0.26997898451716373,-0.02312295388264428,-0.006242711608273511,370,82,1480,5753,7233
1769,openphenom,HQ,std_all__tvn_efaar_e0.2_c150,0.28516736712595914,0.018763929469623037,0.005350860363789596,370,55,1480,5817,7297
1770,openphenom,HQ,std_all__tvn_efaar_e0.2_c150,0.2758810373488019,0.027633243130940358,0.007623487780275481,370,64,1480,5849,7329
1771,openphenom,HQ,std_all__tvn_efaar_e0.2_c150,0.3088925446161,0.020387680376351764,0.006297602470271024,370,66,1480,5913,7393
1772,openphenom,HQ,std_all__tvn_efaar_e0.2_c150,0.28046807037645616,0.027887334098057354,0.007821506782425696,370,51,1480,5753,7233
1773,openphenom,HQ,std_all__tvn_efaar_e0.2_c150,0.27911987437586555,0.011596076226190001,0.003236695339507114,370,63,1480,5881,7361
1774,openphenom,HQ,std_all__tvn_efaar_e0.2_c150,0.27450004848171583,-0.027228687522583315,-0.0074742760450426105,370,57,1480,5849,7329
1775,openphenom,HQ,std_all__tvn_efaar_e0.2_c150,0.29215930011636365,-0.024919533493506726,-0.007280473464689207,370,52,1480,5913,7393
1776,openphenom,HQ,std_all__tvn_efaar_e0.2_c150,0.28486354864799807,0.07112142179837398,0.0202599005983759,370,77,1480,5561,7041
1777,openphenom,HQ,std_all__tvn_efaar_e0.2_c150,0.29684177307338383,0.002544515120354229,0.000755318379937984,370,81,1480,5593,7073
1778,openphenom,HQ,std_all__tvn_efaar_e0.2_c150,0.27536050415009855,-0.06270303046752732,-0.017265938081277313,370,86,1480,5913,7393
1779,openphenom,HQ,std_all__tvn_efaar_e0.2_c150,0.26537156584486143,-0.009356988532161317,-0.0024830786983720604,370,50,1480,5881,7361
1780,openphenom,HQ,std_all__tvn_efaar_e0.2_c150,0.2570151925501929,-0.009682881250654318,-0.002488647589077572,370,56,1480,5689,7169
1781,openphenom,HQ,std_all__tvn_efaar_e0.2_c150,0.29420270831987944,-0.015245284934303245,-0.00448520411678027,370,65,1480,5689,7169
1782,openphenom,HQ,std_all__tvn_efaar_e0.2_c150,0.29582074305697664,-0.031595606409495026,-0.009346635765392592,370,84,1480,5721,7201
1783,openphenom,HQ,std_all__tvn_efaar_e0.2_c150,0.27741246123441,0.012680019599981704,0.0035175954457314835,370,61,1480,5657,7137
1784,openphenom,HQ,std_all__tvn_efaar_e0.2_c150,0.2964130697316883,0.042370188382283624,0.012559077603502606,370,42,1480,5762,7242
1785,openphenom,HQ,std_all__tvn_efaar_e0.2_c150,0.28606612028230144,0.1108513913445404,0.03171082744982776,370,66,1480,5433,6913
1786,openphenom,HQ,std_all__tvn_efaar_e0.2_c150,0.30435721547889727,-0.02417089162319369,-0.007356585270077435,370,98,1480,5817,7297
1787,openphenom,HQ,std_all__tvn_efaar_e0.2_c150,0.29493311449796633,0.012419885070708951,0.0036630353856109857,370,86,1480,5657,7137
1788,openphenom,HQ,std_all__tvn_efaar_e0.2_c150,0.29985742646368185,0.03962444580827783,0.011881684345119815,370,93,1480,5625,7105
1789,openphenom,HQ,std_all__tvn_efaar_e0.2_c150,0.2806705107853148,0.00811261164394142,0.0022769708539079306,370,84,1480,5689,7169
1790,openphenom,HQ,std_all__tvn_efaar_e0.2_c150,0.28298528898016084,0.03698251897212895,0.010465508818542192,370,94,1480,5471,6951
1791,openphenom,HQ,std_all__tvn_efaar_e0.2_c150,0.27711922195005595,-0.044604469829593645,-0.012360755974671735,370,103,1480,5689,7169
1792,openphenom,HQ,std_all__tvn_efaar_e0.2_c150,0.29577821891045664,0.05175838994640028,0.01530900439201916,370,67,1480,5721,7201
1793,openphenom,HQ,std_all__tvn_efaar_e0.2_c150,0.2839983405674009,0.01252376875490252,0.0035567295440421805,370,58,1480,5593,7073
1794,openphenom,HQ,std_all__tvn_efaar_e0.2_c150,0.28486579735948364,-0.017417573249285525,-0.004961670891724933,370,62,1480,5945,7425
1795,openphenom,HQ,std_all__tvn_efaar_e0.2_c150,0.2791222292826175,-0.017583884225625228,-0.004908052964503966,370,70,1480,5593,7073
1796,openphenom,HQ,std_all__tvn_efaar_e0.2_c150,0.2920675687472,0.007634900730975105,0.002229906894122119,370,104,1480,5753,7233
1797,openphenom,HQ,std_all__tvn_efaar_e0.2_c150,0.31539833225878794,0.023972587412785944,0.007560914089920699,370,71,1480,5785,7265
1798,openphenom,HQ,std_all__tvn_efaar_e0.2_c150,0.308869095822835,0.00026307606400032446,8.125606602041049e-05,370,55,1480,5497,6977
1799,openphenom,HQ,std_all__tvn_efaar_e0.2_c150,0.2704453373444494,0.04730827611250751,0.012794302692431451,370,93,1480,5753,7233
1800,openphenom,HQ,std_all__tvn_efaar_e0.2_c150,0.2775263455195496,-0.00967702752767601,-0.002685630085248005,370,88,1480,5721,7201
1801,openphenom,HQ,std_all__tvn_efaar_e0.2_c150,0.28630085816490375,0.03614792927408359,0.010349183172054379,370,73,1480,5753,7233
1802,openphenom,HQ,std_all__tvn_efaar_e0.2_c150,0.2745553929102843,-0.008422731896272071,-0.0023125064651589623,370,85,1480,5849,7329
1803,openphenom,HQ,std_all__tvn_efaar_e0.2_c150,0.2881572224001676,0.06360726999482147,0.018328894246165277,370,70,1480,5753,7233
1804,openphenom,HQ,std_all__tvn_efaar_e0.2_c150,0.29291208014377856,-0.053151586672439036,-0.015568741815166456,370,49,1480,5657,7137
1805,openphenom,HQ,std_all__tvn_efaar_e0.2_c150,0.27685394393291435,-0.04450039748802484,-0.012320110551142032,370,50,1480,5657,7137
1806,openphenom,HQ,std_all__tvn_efaar_e0.2_c150,0.29351532003109415,0.027673905500441735,0.008122715229472412,370,50,1480,5625,7105
1807,openphenom,HQ,std_all__tvn_efaar_e0.2_c150,0.2866574938496294,0.012091434716858515,0.0034661003729810655,370,92,1480,5785,7265
1808,openphenom,HQ,std_all__tvn_efaar_e0.2_c150,0.3040844529646155,-0.03277226848149643,-0.009965537333605353,370,97,1480,5433,6913
1809,openphenom,HQ,std_all__tvn_efaar_e0.2_c150,0.3073944238121594,0.11785223008620305,0.03622711836232643,370,64,1480,5689,7169
1810,openphenom,HQ,std_all__tvn_efaar_e0.2_c150,0.3177511407756367,0.013149162503954627,0.00417816138587581,370,55,1480,5945,7425
1811,openphenom,HQ,std_all__tvn_efaar_e0.2_c150,0.29349910936495094,-0.00490835782859263,-0.0014405986511364214,370,98,1480,5657,7137
1812,openphenom,HQ,std_all__tvn_efaar_e0.2_c150,0.29903921363312375,0.002335755589272602,0.0006984825146552525,370,80,1480,5657,7137
1813,openphenom,HQ,std_all__tvn_efaar_e0.2_c150,0.33479908203171416,0.005230013904281264,0.0017510038541664686,370,39,1480,5593,7073
1814,openphenom,HQ,std_all__tvn_efaar_e0.2_c150,0.3073570867175258,-0.01979189270743351,-0.006083178483182608,370,85,1480,5721,7201
1815,openphenom,HQ,std_all__tvn_efaar_e0.2_c150,0.27945315001373633,-0.007561060623191703,-0.0021129622085957456,370,73,1480,5625,7105
1816,openphenom,HQ,std_all__tvn_efaar_e0.2_c150,0.26792865521031933,-0.017793991813600415,-0.00476752029744139,370,91,1480,5849,7329
1817,openphenom,HQ,std_all__tvn_efaar_e0.2_c150,0.2774213283508126,0.048654784210723716,0.013497874866361118,370,58,1480,5497,6977
1818,openphenom,HQ,std_all__tvn_efaar_e0.2_c150,0.2904691195783722,0.004261447687061078,0.0012378189577899217,370,89,1480,5657,7137
1819,openphenom,HQ,std_all__tvn_efaar_e0.2_c150,0.2824831021674937,0.008525110322392643,0.002408199610189596,370,81,1480,5785,7265
1820,openphenom,HQ,std_all__tvn_efaar_e0.2_c150,0.26781513130446677,0.0883416444040543,0.023659229095724314,370,76,1480,5753,7233
1821,openphenom,HQ,std_all__tvn_efaar_e0.2_c150,0.27751433139305837,-0.02043673420991189,-0.005671486630121341,370,90,1480,5753,7233
1822,openphenom,HQ,std_all__tvn_efaar_e0.2_c150,0.2929080775033867,0.06344262978173242,0.018582858721126347,370,58,1480,5817,7297
1823,openphenom,HQ,std_all__tvn_efaar_e0.2_c150,0.2876394591758984,0.011450881245383102,0.0032937252885094333,370,64,1480,5817,7297
1824,openphenom,HQ,std_all__tvn_efaar_e0.2_c150,0.2941572624425005,0.0708276659163387,0.02083447231114219,370,77,1480,5497,6977
1825,openphenom,HQ,std_all__tvn_efaar_e0.2_c150,0.27711256531284373,0.046927302003240766,0.013004145041328598,370,83,1480,5753,7233
1826,openphenom,HQ,std_all__tvn_efaar_e0.2_c150,0.3075728237933341,0.04069356448725594,0.012516234539561449,370,78,1480,5529,7009
1827,openphenom,HQ,std_all__tvn_efaar_e0.2_c150,0.2932364575091894,0.0220740877738131,0.006472927301539862,370,69,1480,5849,7329
1828,openphenom,HQ,std_all__tvn_efaar_e0.2_c150,0.2888374708335469,0.025309023656110204,0.007310194382097279,370,55,1480,5625,7105
1829,openphenom,HQ,std_all__tvn_efaar_e0.2_c150,0.2806245988029612,0.04556346160029494,0.012786228131656896,370,78,1480,5689,7169
1830,openphenom,HQ,std_all__tvn_efaar_e0.2_c150,0.32355375124724023,0.04393033735559189,0.014213825444958523,370,57,1480,5753,7233
1831,openphenom,HQ,std_all__tvn_efaar_e0.2_c150,0.2945775766606944,0.046418477666080864,0.013673842663152667,370,68,1480,5881,7361
1832,openphenom,HQ,std_all__tvn_efaar_e0.2_c150,0.3055999352804906,0.04695311004620779,0.014348867391338853,370,66,1480,5753,7233
1833,openphenom,HQ,std_all__tvn_efaar_e0.2_c150,0.28433288729300926,-0.004653980001159302,-0.001323279571133547,370,64,1480,5689,7169
1834,openphenom,HQ,std_all__tvn_efaar_e0.2_c150,0.3087804835606867,-0.03771149132913941,-0.01164457252840631,370,66,1480,5721,7201
1835,openphenom,HQ,std_all__tvn_efaar_e0.2_c150,0.3163615186326349,0.03021665352454886,0.009559386397022437,370,53,1480,5657,7137
1836,openphenom,HQ,std_all__tvn_efaar_e0.2_c150,0.2703992210441158,0.04494638966275057,0.012153468753553054,370,76,1480,5721,7201
1837,openphenom,HQ,std_all__tvn_efaar_e0.2_c150,0.24467643593534308,0.03745099968672835,0.009163377125564344,370,83,1480,5881,7361
1838,openphenom,HQ,std_all__tvn_efaar_e0.2_c150,0.29841389235182136,0.09026702605163164,0.02693693459509066,370,44,1480,5593,7073
1839,openphenom,HQ,std_all__tvn_efaar_e0.2_c150,0.29945852007154394,0.07182849369698573,0.02150965442146757,370,52,1480,5945,7425
1840,openphenom,HQ,std_all__tvn_efaar_e0.2_c150,0.29931330036944576,0.009464089881898317,0.0028327279775440632,370,83,1480,5657,7137
1841,openphenom,HQ,std_all__tvn_efaar_e0.2_c150,0.2994143216659896,0.0345945468568284,0.010358102780479566,370,69,1480,5593,7073
1842,openphenom,HQ,std_all__tvn_efaar_e0.2_c150,0.29553724460993663,-0.004236397930086967,-0.0012520133713291412,370,71,1480,5497,6977
1843,openphenom,HQ,std_all__tvn_efaar_e0.2_c150,0.29480580093497016,0.01093963040545949,0.003225066503614037,370,60,1480,5625,7105
1844,openphenom,HQ,std_all__tvn_efaar_e0.2_c150,0.2712810820857689,-0.008180624991508076,-0.002219248799834195,370,77,1480,5817,7297
1845,openphenom,HQ,std_all__tvn_efaar_e0.2_c150,0.3167644639110773,0.04704551015600106,0.014902345803988819,370,51,1480,5625,7105
1846,openphenom,HQ,std_all__tvn_efaar_e0.2_c150,0.279359171298142,0.027326038376476007,0.007633779435713562,370,45,1480,5433,6913
1847,openphenom,HQ,std_all__tvn_efaar_e0.2_c150,0.27962367497943363,0.01866047051142322,0.005217909341249513,370,67,1480,5817,7297
1848,openphenom,HQ,std_all__tvn_efaar_e0.2_c150,0.3282156119905759,0.05019762030969703,0.016475642670417776,370,71,1480,5529,7009
1849,openphenom,HQ,std_all__tvn_efaar_e0.2_c150,0.263616671002682,-0.023920824518183396,-0.0063059281271228415,370,68,1480,5689,7169
1850,openphenom,HQ,std_all__tvn_efaar_e0.2_c150,0.2660381752297357,0.0030779738794200935,0.0008188585542857123,370,67,1480,5433,6913
1851,openphenom,HQ,std_all__tvn_efaar_e0.2_c150,0.26130737021370665,0.009910019733515034,0.0025895611953307513,370,63,1480,5657,7137
1852,openphenom,HQ,std_all__tvn_efaar_e0.2_c150,0.29961298190873903,-0.012940392055477598,-0.0038771094508097998,370,71,1480,6041,7521
1853,openphenom,HQ,std_all__tvn_efaar_e0.2_c150,0.31229315286584575,0.09072447252576656,0.02833263156716244,370,83,1480,5849,7329
1854,openphenom,HQ,std_all__tvn_efaar_e0.2_c150,0.29496090967331307,0.002864509157314867,0.0008449182268091287,370,86,1480,5849,7329
1855,openphenom,HQ,std_all__tvn_efaar_e0.2_c150,0.28569200715343906,0.0029543632809096243,0.0008440379755834901,370,56,1480,5817,7297
1856,openphenom,HQ,std_all__tvn_efaar_e0.2_c150,0.3152408887280009,0.0782765834871862,0.024675979745092138,370,59,1480,5913,7393
1857,openphenom,HQ,std_all__tvn_efaar_e0.2_c150,0.28400750104636074,0.06091126421983647,0.01729925593665036,370,64,1480,5817,7297
1858,openphenom,HQ,std_all__tvn_efaar_e0.2_c150,0.28344367397896736,-0.01691277176058206,-0.004793818164987107,370,66,1480,5625,7105
1859,openphenom,HQ,std_all__tvn_efaar_e0.2_c150,0.28358172212651733,0.0639920167857238,0.01814696632244456,370,88,1480,5561,7041
1860,openphenom,HQ,std_all__tvn_efaar_e0.2_c150,0.30340929606260614,-0.010312918549283427,-0.003129035357389078,370,66,1480,5625,7105
1861,openphenom,HQ,std_all__tvn_efaar_e0.2_c150,0.29377038077663814,0.02249467342184565,0.006608268776581718,370,90,1480,5945,7425
1862,openphenom,HQ,std_all__tvn_efaar_e0.2_c150,0.28888153938035577,-0.032619166137519535,-0.009423074927110217,370,73,1480,5817,7297
1863,openphenom,HQ,std_all__tvn_efaar_e0.2_c150,0.252243060859256,0.1574797037597844,0.03972316249957691,370,75,1480,5561,7041
1864,openphenom,HQ,std_all__tvn_efaar_e0.2_c150,0.30841756510040874,0.011461610598015912,0.0035349620327691073,370,98,1480,5625,7105
1865,openphenom,HQ,std_all__tvn_efaar_e0.2_c150,0.26236230866619686,0.04532536147763809,0.011891666478403033,370,69,1480,5657,7137
1866,openphenom,HQ,std_all__tvn_efaar_e0.2_c150,0.2988550073420599,0.017736631923706853,0.005300681263782825,370,42,1480,5945,7425
1867,openphenom,HQ,std_all__tvn_efaar_e0.2_c150,0.2938578161873585,0.002040040658720983,0.0005994818929051684,370,71,1480,5753,7233
1868,openphenom,HQ,std_all__tvn_efaar_e0.2_c150,0.23363440313522088,-0.008040559482356007,-0.0018785513155334863,370,62,1480,5913,7393
1869,openphenom,HQ,std_all__tvn_efaar_e0.2_c150,0.26800316824153386,0.050938755821068056,0.013651747946328115,370,72,1480,5689,7169
1870,openphenom,HQ,std_all__tvn_efaar_e0.2_c150,0.28297298741601695,0.05473861313987915,0.015489548887201242,370,77,1480,5785,7265
1871,openphenom,HQ,std_all__tvn_efaar_e0.2_c150,0.28097610426668396,-0.03813150572444426,-0.010714041928277107,370,74,1480,5593,7073
1872,openphenom,HQ,std_all__tvn_efaar_e0.2_c150,0.3176371129305617,0.07277652522071196,0.023116525360225154,370,82,1480,5881,7361
1873,openphenom,HQ,std_all__tvn_efaar_e0.2_c150,0.29883434137541504,-0.002979067921670376,-0.0008902478002849934,370,63,1480,5529,7009
1874,openphenom,HQ,std_all__tvn_efaar_e0.2_c150,0.25304273859844656,0.03979024684651555,0.010068633031550497,370,94,1480,5529,7009
1875,openphenom,HQ,std_all__tvn_efaar_e0.2_c150,0.2718019772869141,-0.019584622955381232,-0.005323139243691306,370,62,1480,5593,7073
1876,openphenom,HQ,std_all__tvn_efaar_e0.2_c150,0.28046391740134663,0.020934424145767322,0.0058713506044632425,370,61,1480,5721,7201
1877,openphenom,HQ,std_all__tvn_efaar_e0.2_c150,0.3109036033542945,0.07777650855961234,0.024180996767499605,370,70,1480,5657,7137
1878,openphenom,HQ,std_all__tvn_efaar_e0.2_c150,0.31306459160247846,0.11766713831791528,0.03683741460253049,370,74,1480,5817,7297
1879,openphenom,HQ,std_all__tvn_efaar_e0.2_c150,0.2510529593059299,0.006185209844867101,0.0015528152354820574,370,76,1480,5593,7073
1880,openphenom,HQ,std_all__tvn_efaar_e0.2_c150,0.31917653134593593,0.009519636114058675,0.0030384444345607524,370,74,1480,5625,7105
1881,openphenom,HQ,std_all__tvn_efaar_e0.2_c150,0.28342536309063454,-0.0010223592466675556,-0.00028976254069581955,370,76,1480,5785,7265
1882,openphenom,HQ,std_all__tvn_efaar_e0.2_c150,0.27788787148862615,-0.004981406953416655,-0.0013842725753035962,370,95,1480,5817,7297
1883,openphenom,HQ,std_all__tvn_efaar_e0.2_c150,0.2904595593738383,0.028509446794480697,0.00828084135391675,370,79,1480,5753,7233
1884,openphenom,HQ,std_all__tvn_efaar_e0.2_c150,0.2902084378989134,0.007506413137570249,0.002178424430878143,370,72,1480,5625,7105
1885,openphenom,HQ,std_all__tvn_efaar_e0.2_c150,0.2988008004494867,0.08402733503020816,0.025107434966663393,370,110,1480,5881,7361
1886,openphenom,HQ,std_all__tvn_efaar_e0.2_c150,0.2759852037776703,0.0706878174816579,0.019508791712274116,370,84,1480,5273,6753
1887,openphenom,HQ,std_all__tvn_efaar_e0.2_c150,0.2673179094382764,-0.02416895942396951,-0.006460795706514057,370,70,1480,5785,7265
1888,openphenom,HQ,std_all__tvn_efaar_e0.2_c150,0.26629011472350295,0.10215690440759552,0.027203373794496534,370,56,1480,5657,7137
1889,openphenom,HQ,std_all__tvn_efaar_e0.2_c150,0.28573528810089915,0.01135885932474449,0.003245626941653452,370,75,1480,5817,7297
1890,openphenom,HQ,std_all__tvn_efaar_e0.2_c150,0.2682637728470298,-0.012967327527621501,-0.003478664206302891,370,70,1480,5561,7041
1891,openphenom,HQ,std_all__tvn_efaar_e0.2_c150,0.2737957527252912,0.007887023458572544,0.0021594335246018993,370,60,1480,5433,6913
1892,openphenom,HQ,std_all__tvn_efaar_e0.2_c150,0.3114458936860886,0.024264804374469023,0.007557173683524617,370,109,1480,5689,7169
1893,openphenom,HQ,std_all__tvn_efaar_e0.2_c150,0.2855936335319837,-0.00968792573775522,-0.002766809912833537,370,95,1480,5401,6881
1894,openphenom,HQ,std_all__tvn_efaar_e0.2_c150,0.2972033994325602,0.01791738838719824,0.005325108737628794,370,50,1480,5753,7233
1895,openphenom,HQ,std_all__tvn_efaar_e0.2_c150,0.2889984013812838,-0.0423476002363827,-0.012238388770648275,370,85,1480,5753,7233
1896,openphenom,HQ,std_all__tvn_efaar_e0.2_c150,0.2944320490045707,0.02136178602520083,0.006289594429797085,370,66,1480,5817,7297
1897,openphenom,HQ,std_all__tvn_efaar_e0.2_c150,0.2977638474706325,0.012374648252385686,0.0036847228747261002,370,79,1480,5435,6915
1898,openphenom,HQ,std_all__tvn_efaar_e0.2_c150,0.2838166126223866,-0.006816584446061945,-0.001934659907135749,370,106,1480,5625,7105
1899,openphenom,HQ,std_all__tvn_efaar_e0.2_c150,0.2898259499228304,-0.037756404750881614,-0.01094278587259513,370,49,1480,5657,7137
1900,openphenom,HQ,std_all__tvn_efaar_e0.2_c150,0.2846984702597781,0.012550192862658925,0.0035730207094641815,370,74,1480,5529,7009
1901,openphenom,HQ,std_all__tvn_efaar_e0.2_c150,0.24008233401763668,-0.0018424374589617733,-0.0004423366854290662,370,106,1480,5721,7201
1902,openphenom,HQ,std_all__tvn_efaar_e0.2_c150,0.29172556623766116,0.04419366270389965,0.012892421276411332,370,70,1480,5785,7265
1903,openphenom,HQ,std_all__tvn_efaar_e0.2_c150,0.27847574636219596,0.004984728071767093,0.0013881258701979311,370,72,1480,5689,7169
1904,openphenom,HQ,std_all__tvn_efaar_e0.2_c150,0.27404063635023485,0.003224096469948051,0.0008835334482791097,370,84,1480,5753,7233
1905,openphenom,HQ,std_all__tvn_efaar_e0.2_c150,0.2689710784365994,0.008630493583555086,0.0023213531666089627,370,80,1480,5593,7073
1906,openphenom,HQ,std_all__tvn_efaar_e0.2_c150,0.2662305143291025,-0.02508743056500752,-0.006679039542517599,370,66,1480,5404,6884
1907,openphenom,HQ,std_all__tvn_efaar_e0.2_c150,0.29995248302823213,0.04957916288558269,0.014871393013991697,370,99,1480,5817,7297
1908,openphenom,HQ,std_all__tvn_efaar_e0.2_c150,0.31238015685668874,0.07327030259338115,0.02288818861705745,370,74,1480,5625,7105
1909,openphenom,HQ,std_all__tvn_efaar_e0.2_c150,0.29237909664850653,-0.02015268741656516,-0.005892224541895046,370,42,1480,5721,7201
1910,openphenom,HQ,std_all__tvn_efaar_e0.2_c150,0.2884626694697848,0.047593673360621876,0.013728998067477972,370,54,1480,5657,7137
1911,openphenom,HQ,std_all__tvn_efaar_e0.2_c150,0.25848897001620047,0.03620192903584638,0.009357799349075513,370,76,1480,5497,6977
1912,openphenom,HQ,std_all__tvn_efaar_e0.2_c150,0.2908426067946848,0.04469457572923247,0.012999086914672425,370,75,1480,5657,7137
1913,openphenom,HQ,std_all__tvn_efaar_e0.2_c150,0.28778447795526585,0.012638868048021872,0.0036372700431454644,370,58,1480,5657,7137
1914,openphenom,HQ,std_all__tvn_efaar_e0.2_c150,0.3007972686277441,0.0005647005783279435,0.00016986039155355285,370,80,1480,5913,7393
1915,openphenom,HQ,std_all__tvn_efaar_e0.2_c150,0.2826404730617651,0.03384020332244174,0.009564611075561249,370,75,1480,5721,7201
1916,openphenom,HQ,std_all__tvn_efaar_e0.2_c150,0.326882887957325,0.007153275448707403,0.0023382833370277057,370,79,1480,5817,7297
1917,openphenom,HQ,std_all__tvn_efaar_e0.2_c150,0.27974204664805397,0.0028418950364768663,0.0007949975338629846,370,63,1480,5854,7334
1918,openphenom,HQ,std_all__tvn_efaar_e0.2_c150,0.3034457444055686,0.031069628449951814,0.00942794653340006,370,66,1480,5817,7297
1919,openphenom,HQ,std_all__tvn_efaar_e0.2_c150,0.30064015881429645,0.11853733072041635,0.035637081933208754,370,81,1480,5849,7329
1920,openphenom,HQ,std_all__tvn_efaar_e0.2_c150,0.33405791385896977,0.005883162209020021,0.0019653168944391564,370,55,1480,5817,7297
1921,openphenom,HQ,std_all__tvn_efaar_e0.2_c150,0.31182872019409374,-0.0368382130230225,-0.011487212821206504,370,97,1480,5817,7297
1922,openphenom,HQ,std_all__tvn_efaar_e0.2_c150,0.3119508620820546,0.008429797877687566,0.0026296827151221103,370,69,1480,5817,7297
1923,openphenom,HQ,std_all__tvn_efaar_e0.2_c150,0.311071982409315,-0.009328565896527849,-0.0029018554864688466,370,50,1480,5753,7233
1924,openphenom,HQ,std_all__tvn_efaar_e0.2_c150,0.27500428652218173,-0.0032220811459086948,-0.0008860861266471944,370,83,1480,5721,7201
1925,openphenom,HQ,std_all__tvn_efaar_e0.2_c150,0.2656731099893746,-0.029503074319353992,-0.007838173508670426,370,78,1480,5849,7329
1926,openphenom,HQ,std_all__tvn_efaar_e0.2_c150,0.28785302001412066,0.024645023513863332,0.0070941444467845765,370,62,1480,5657,7137
1927,openphenom,HQ,std_all__tvn_efaar_e0.2_c150,0.3231572380297821,0.06624818414991986,0.02140858021437649,370,67,1480,5593,7073
1928,openphenom,HQ,std_all__tvn_efaar_e0.2_c150,0.2736693790577428,-0.0032919381325974347,-0.0009009026646444454,370,81,1480,5369,6849
1929,openphenom,HQ,std_all__tvn_efaar_e0.2_c150,0.2711986569594996,0.03774823070646901,0.010237269470191736,370,88,1480,5881,7361
1930,openphenom,HQ,std_all__tvn_efaar_e0.2_c150,0.2714324604127606,0.004099414002525591,0.0011127140289560438,370,68,1480,5721,7201
1931,openphenom,HQ,std_all__tvn_efaar_e0.2_c150,0.2920271921680507,0.018518046261457418,0.0054077730541714775,370,77,1480,5689,7169
1932,openphenom,HQ,std_all__tvn_efaar_e0.2_c150,0.27651911084033143,0.012545905816591915,0.0034691827210905388,370,51,1480,5945,7425
1933,openphenom,HQ,std_all__tvn_efaar_e0.2_c150,0.2680828559894836,0.09710020457232046,0.026030900158910786,370,83,1480,5753,7233
1934,openphenom,HQ,std_all__tvn_efaar_e0.2_c150,0.32012523432164963,-0.02230287457244571,-0.007139712948550544,370,60,1480,5689,7169
1935,openphenom,HQ,std_all__tvn_efaar_e0.2_c150,0.28923785504397376,-0.008699162648185627,-0.002516127145039865,370,77,1480,5689,7169
1936,openphenom,HQ,std_all__tvn_efaar_e0.2_c150,0.2935322125705707,0.007415364965450681,0.0021766484853270322,370,49,1480,5593,7073
1937,openphenom,HQ,std_all__tvn_efaar_e0.2_c150,0.2882235836971461,0.01728225293518428,0.004981152875339335,370,94,1480,5689,7169
1938,openphenom,HQ,std_all__tvn_efaar_e0.2_c150,0.2958749244703276,0.0232995561167128,0.006893754406224559,370,68,1480,5785,7265
1939,openphenom,HQ,std_all__tvn_efaar_e0.2_c150,0.27652065827123573,-0.024487227896784418,-0.006771224377256594,370,90,1480,5657,7137
1940,openphenom,HQ,std_all__tvn_efaar_e0.2_c150,0.2689898880510692,0.01732164310366062,0.004659346839314245,370,91,1480,5849,7329
1941,openphenom,HQ,std_all__tvn_efaar_e0.2_c150,0.2835671859717415,-0.027239279526836035,-0.007724165843322565,370,57,1480,5689,7169
1942,openphenom,HQ,std_all__tvn_efaar_e0.2_c150,0.24801760802223,-0.04062682529599195,-0.01007616803144895,370,69,1480,5625,7105
1943,openphenom,HQ,std_all__tvn_efaar_e0.2_c150,0.2698798251156688,0.00995855054066041,0.002687611878318981,370,111,1480,5497,6977
1944,openphenom,HQ,std_all__tvn_efaar_e0.2_c150,0.2860445449928856,0.010786960084884282,0.0030855510893371433,370,84,1480,5689,7169
1945,openphenom,HQ,std_all__tvn_efaar_e0.2_c150,0.2734407761247303,0.02331448320761789,0.006375130383238027,370,76,1480,5625,7105
1946,openphenom,HQ,std_all__tvn_efaar_e0.2_c150,0.3019832126102544,0.05025556981750369,0.0151763384250487,370,80,1480,5305,6785
1947,openphenom,HQ,std_all__tvn_efaar_e0.2_c150,0.27918951399490927,0.0298640756336596,0.008337736762068636,370,90,1480,5721,7201
1948,openphenom,HQ,std_all__tvn_efaar_e0.2_c150,0.3044917695799621,0.02993407506299367,0.009114679486670357,370,64,1480,5529,7009
1949,openphenom,HQ,std_all__tvn_efaar_e0.2_c150,0.33210031999824324,0.11240142162623742,0.037328548090330906,370,70,1480,5689,7169
1950,openphenom,HQ,std_all__tvn_efaar_e0.2_c150,0.3022974781124904,-0.004658029229580224,-0.0014081104890763683,370,96,1480,5689,7169
1951,openphenom,HQ,std_all__tvn_efaar_e0.2_c150,0.30945733888903093,0.01566276285278539,0.004846956912072934,370,48,1480,5689,7169
1952,openphenom,HQ,std_all__tvn_efaar_e0.2_c150,0.31855008944487895,0.008594743043531795,0.0027378561652728044,370,65,1480,5593,7073
1953,openphenom,HQ,std_all__tvn_efaar_e0.2_c150,0.3172061793778196,0.040291934636975654,0.012780850645935881,370,67,1480,5785,7265
1954,openphenom,HQ,std_all__tvn_efaar_e0.2_c150,0.2836301545982512,0.020257586623066894,0.005745662425687929,370,79,1480,5817,7297
1955,openphenom,HQ,std_all__tvn_efaar_e0.2_c150,0.2998083796877881,0.009988306788628103,0.002994578074123126,370,54,1480,5593,7073
1956,openphenom,HQ,std_all__tvn_efaar_e0.2_c150,0.27361470007295785,-0.008456702326851563,-0.002313878070767775,370,62,1480,5593,7073
1957,openphenom,HQ,std_all__tvn_efaar_e0.2_c150,0.3059748929886621,0.1827789225941312,0.05592576128132225,370,64,1480,5721,7201
1958,openphenom,HQ,std_all__tvn_efaar_e0.2_c150,0.30843569719166863,0.04165294192969383,0.012847254184169203,370,68,1480,5657,7137
1959,openphenom,HQ,std_all__tvn_efaar_e0.2_c150,0.28964279079901933,-0.010440976352629847,-0.0030241535294422747,370,86,1480,5945,7425
1960,openphenom,HQ,std_all__tvn_efaar_e0.2_c150,0.2824940437009889,0.08249449193315059,0.02330420260925432,370,74,1480,5657,7137
1961,openphenom,HQ,std_all__tvn_efaar_e0.2_c150,0.2938589894785829,0.016274554799951702,0.004782424227727628,370,65,1480,5817,7297
1962,openphenom,HQ,std_all__tvn_efaar_e0.2_c150,0.28227920214132074,-0.022856130055120435,-0.006451810155997657,370,82,1480,5564,7044
1963,openphenom,HQ,std_all__tvn_efaar_e0.2_c150,0.28306275270747183,0.025402426550940674,0.007190480784958636,370,72,1480,5689,7169
1964,openphenom,HQ,std_all__tvn_efaar_e0.2_c150,0.28250251306170276,0.0013535769874944978,0.00038238890058968464,370,57,1480,5593,7073
1965,openphenom,HQ,std_all__tvn_efaar_e0.2_c150,0.2873734508180641,0.02267811137755941,0.006517087124605649,370,57,1480,5727,7207
1966,openphenom,HQ,std_all__tvn_efaar_e0.2_c150,0.3050066631002207,0.005904360414547511,0.001800869267782172,370,78,1480,5785,7265
1967,openphenom,HQ,std_all__tvn_efaar_e0.2_c150,0.2733453218447935,-0.019487370997403212,-0.005326781697194075,370,62,1480,5785,7265
1968,openphenom,HQ,std_all__tvn_efaar_e0.2_c150,0.27820510372392204,0.034998340460160864,0.00973671693788419,370,90,1480,5817,7297
1969,openphenom,HQ,std_all__tvn_efaar_e0.2_c150,0.30042760079189634,0.0521471066616166,0.01566643014258859,370,45,1480,5689,7169
1970,openphenom,HQ,std_all__tvn_efaar_e0.2_c150,0.3081133492529915,0.00783598267447174,0.0024143708665199017,370,79,1480,5701,7181
1971,openphenom,HQ,std_all__tvn_efaar_e0.2_c150,0.28244426564389735,-0.0044616310569840275,-0.0012601621074638592,370,112,1480,5689,7169
1972,openphenom,HQ,std_all__tvn_efaar_e0.2_c150,0.3180092651627362,0.09118442703165901,0.02899749263462302,370,55,1480,5689,7169
1973,openphenom,HQ,std_all__tvn_efaar_e0.2_c150,0.30640332377116863,0.0633427954422195,0.01940844306045329,370,58,1480,5721,7201
1974,openphenom,HQ,std_all__tvn_efaar_e0.2_c150,0.2492161843191712,-0.005896848579744101,-0.0014695901025517488,370,67,1480,5849,7329
1975,openphenom,HQ,std_all__tvn_efaar_e0.2_c150,0.2810514227792629,0.04091774432518821,0.011499990259512257,370,82,1480,5721,7201
1976,openphenom,HQ,std_all__tvn_efaar_e0.2_c150,0.26474988005871136,0.0049456936126523,0.0013093717907568313,370,65,1480,5497,6977
1977,openphenom,HQ,std_all__tvn_efaar_e0.2_c150,0.2761696024043655,-0.022501479523014584,-0.006214224653380909,370,53,1480,5753,7233
1978,openphenom,HQ,std_all__tvn_efaar_e0.2_c150,0.23922598643342716,0.03431024165240187,0.008207901404065096,370,67,1480,5663,7143
1979,openphenom,HQ,std_all__tvn_efaar_e0.2_c150,0.285113343663691,0.07183487155615048,0.020481080421025834,370,65,1480,5561,7041
1980,openphenom,HQ,std_all__tvn_efaar_e0.2_c150,0.2802332713647744,0.024007624225345987,0.006727735074364913,370,49,1480,5657,7137
1981,openphenom,HQ,std_all__tvn_efaar_e0.2_c150,0.2809572724878757,-0.010311176020099826,-0.0028969998907496367,370,41,1480,5657,7137
1982,openphenom,HQ,std_all__tvn_efaar_e0.2_c150,0.29353166616783793,0.06546638394300852,0.019216456756774684,370,74,1480,5753,7233
1983,openphenom,HQ,std_all__tvn_efaar_e0.2_c150,0.303454199249426,0.031137132662197493,0.009448693658930288,370,68,1480,5625,7105
1984,openphenom,HQ,std_all__tvn_efaar_e0.2_c150,0.2985148984476847,-0.03606326324941274,-0.010765421366590562,370,60,1480,5721,7201
1985,openphenom,HQ,std_all__tvn_efaar_e0.2_c150,0.28372733397407096,0.01254583878015284,0.003559597389561276,370,76,1480,5721,7201
1986,openphenom,HQ,std_all__tvn_efaar_e0.2_c150,0.28213600594583427,0.13528705797963986,0.0381693501945381,370,56,1480,5881,7361
1987,openphenom,HQ,std_all__tvn_efaar_e0.2_c150,0.2573900205808444,0.0998161184191409,0.02569167277420268,370,87,1480,5817,7297
1988,openphenom,HQ,std_all__tvn_efaar_e0.2_c150,0.29115857760267394,0.04855581745785347,0.0141374427453637,370,63,1480,5785,7265
1989,openphenom,HQ,std_all__tvn_efaar_e0.2_c150,0.26100215110979463,0.05245699323253539,0.013691388074443676,370,52,1480,5721,7201
1990,openphenom,HQ,std_all__tvn_efaar_e0.2_c150,0.31353054133210173,0.05442585309011348,0.017064167181804722,370,74,1480,5785,7265
1991,openphenom,HQ,std_all__tvn_efaar_e0.2_c150,0.2633580810147374,0.05822578551926628,0.015334231139929651,370,65,1480,5433,6913
1992,openphenom,HQ,std_all__tvn_efaar_e0.2_c150,0.35350399547532785,0.01714409950486259,0.006060507673795515,370,47,1480,5497,6977
1993,openphenom,HQ,std_all__tvn_efaar_e0.2_c150,0.28944339598056684,0.00657378864330457,0.0019027397093765578,370,72,1480,5625,7105
1994,openphenom,HQ,std_all__tvn_efaar_e0.2_c150,0.2966968515551442,-0.004806451815984095,-0.0014260591209539863,370,66,1480,5561,7041
1995,openphenom,HQ,std_all__tvn_efaar_e0.2_c150,0.31882386675319424,0.045838775105984705,0.014614495526520105,370,93,1480,5497,6977
1996,openphenom,HQ,std_all__tvn_efaar_e0.2_c150,0.2824130725898127,0.045429428701511704,0.012829864545593745,370,88,1480,5721,7201
1997,openphenom,HQ,std_all__tvn_efaar_e0.2_c150,0.28959166745092785,-0.036071487929011395,-0.010446002336798425,370,100,1480,5849,7329
1998,openphenom,HQ,std_all__tvn_efaar_e0.2_c150,0.299371315262691,0.03553755018202303,0.010638923139206119,370,73,1480,5817,7297
1999,openphenom,HQ,std_all__tvn_efaar_e0.2_c150,0.2759094587126178,0.06461286423565721,0.01782730039713204,370,92,1480,5721,7201
