sample_id,family,codec,config,pa,pc,product,pa_units,pc_targets,treatment_wells,control_wells,total_wells
0,openphenom,Raw,std_all__tvn_efaar_e0.2_c150,0.3137900708674244,0.0011193434115176596,0.000351238848425111,370,77,1480,5753,7233
1,openphenom,Raw,std_all__tvn_efaar_e0.2_c150,0.2961082214771714,-0.020386204416098175,-0.006036522732320889,370,65,1480,5753,7233
2,openphenom,Raw,std_all__tvn_efaar_e0.2_c150,0.27259974501912654,-0.03032240793177513,-0.00826588067056784,370,88,1480,5625,7105
3,openphenom,Raw,std_all__tvn_efaar_e0.2_c150,0.29396036049968083,0.03317448602841124,0.009751983872303393,370,55,1480,5433,6913
4,openphenom,Raw,std_all__tvn_efaar_e0.2_c150,0.30741628066646665,0.017617039348565098,0.0054157647128906744,370,56,1480,5657,7137
5,openphenom,Raw,std_all__tvn_efaar_e0.2_c150,0.2810133662118348,-0.042486316183700294,-0.011939222728721974,370,82,1480,5785,7265
6,openphenom,Raw,std_all__tvn_efaar_e0.2_c150,0.2817414714907638,0.049901514372717636,0.014059326088986964,370,63,1480,5721,7201
7,openphenom,Raw,std_all__tvn_efaar_e0.2_c150,0.28545616002879426,0.007974815133611111,0.0022764601049801436,370,49,1480,5561,7041
8,openphenom,Raw,std_all__tvn_efaar_e0.2_c150,0.28838782770183846,0.0027039021446402054,0.0007797724658111311,370,81,1480,5529,7009
9,openphenom,Raw,std_all__tvn_efaar_e0.2_c150,0.26444343322299446,0.0009901499677644064,0.00026183865688125693,370,77,1480,5753,7233
10,openphenom,Raw,std_all__tvn_efaar_e0.2_c150,0.283232736933349,0.027256763536562006,0.007720007736405566,370,85,1480,5753,7233
11,openphenom,Raw,std_all__tvn_efaar_e0.2_c150,0.30828795647437884,0.03108232504841132,0.009582306471647125,370,44,1480,5433,6913
12,openphenom,Raw,std_all__tvn_efaar_e0.2_c150,0.2861515843339416,0.028563520188400394,0.008173496556065299,370,92,1480,5785,7265
13,openphenom,Raw,std_all__tvn_efaar_e0.2_c150,0.29755749479997495,0.047133022076784103,0.01402478397151979,370,80,1480,5849,7329
14,openphenom,Raw,std_all__tvn_efaar_e0.2_c150,0.27948916609472857,0.005858782581547232,0.001637466258046957,370,93,1480,5753,7233
15,openphenom,Raw,std_all__tvn_efaar_e0.2_c150,0.29300794843506084,-0.008213095644632674,-0.0024065023051347534,370,67,1480,5625,7105
16,openphenom,Raw,std_all__tvn_efaar_e0.2_c150,0.2941823825900545,0.024744139635704137,0.007279289953172447,370,58,1480,5785,7265
17,openphenom,Raw,std_all__tvn_efaar_e0.2_c150,0.2576622632482017,-0.000796947436875777,-0.00020534328027526605,370,76,1480,5689,7169
18,openphenom,Raw,std_all__tvn_efaar_e0.2_c150,0.2849241420588752,0.054033239933984324,0.015395374530851836,370,54,1480,5785,7265
19,openphenom,Raw,std_all__tvn_efaar_e0.2_c150,0.29399865356262195,0.054522445528477674,0.016029525574313835,370,98,1480,5593,7073
20,openphenom,Raw,std_all__tvn_efaar_e0.2_c150,0.26482188706614135,0.02366159880043037,0.006266109245331917,370,59,1480,5689,7169
21,openphenom,Raw,std_all__tvn_efaar_e0.2_c150,0.2970266353935341,0.04138162789112772,0.012291445699608893,370,58,1480,5913,7393
22,openphenom,Raw,std_all__tvn_efaar_e0.2_c150,0.2727535394496469,-0.0008255484136934333,-0.0002251712518219253,370,87,1480,5785,7265
23,openphenom,Raw,std_all__tvn_efaar_e0.2_c150,0.3009551379623404,0.10328289264377989,0.03108351720475837,370,71,1480,5817,7297
24,openphenom,Raw,std_all__tvn_efaar_e0.2_c150,0.3099178777296098,0.05625652855600363,0.017434903938511836,370,77,1480,5465,6945
25,openphenom,Raw,std_all__tvn_efaar_e0.2_c150,0.27947247365217304,0.003191289291772954,0.0008918775125114788,370,109,1480,5785,7265
26,openphenom,Raw,std_all__tvn_efaar_e0.2_c150,0.26480884545846817,0.019205494978500832,0.005085784951715213,370,74,1480,5066,6546
27,openphenom,Raw,std_all__tvn_efaar_e0.2_c150,0.2762071533689879,0.004191986728058234,0.0011578567211175425,370,48,1480,5785,7265
28,openphenom,Raw,std_all__tvn_efaar_e0.2_c150,0.2972403143131721,0.10537798884736273,0.03132258652668004,370,61,1480,5721,7201
29,openphenom,Raw,std_all__tvn_efaar_e0.2_c150,0.27098483274183455,-0.03135861479833693,-0.008497708986142952,370,101,1480,5753,7233
30,openphenom,Raw,std_all__tvn_efaar_e0.2_c150,0.3037481661454753,0.013138056160987389,0.003990660465616183,370,68,1480,5561,7041
31,openphenom,Raw,std_all__tvn_efaar_e0.2_c150,0.29896801896586045,-0.01629249814627226,-0.0048709358947959715,370,72,1480,5913,7393
32,openphenom,Raw,std_all__tvn_efaar_e0.2_c150,0.29022413483214676,0.005925352682459623,0.001719680355842184,370,81,1480,5817,7297
33,openphenom,Raw,std_all__tvn_efaar_e0.2_c150,0.28553703716846907,0.013663052119499903,0.003901307420880374,370,59,1480,5913,7393
34,openphenom,Raw,std_all__tvn_efaar_e0.2_c150,0.29638072080540795,-0.009143405355849678,-0.002709929069982755,370,80,1480,5785,7265
35,openphenom,Raw,std_all__tvn_efaar_e0.2_c150,0.27211532324251064,-0.014850870610208868,-0.004041149456529687,370,54,1480,5625,7105
36,openphenom,Raw,std_all__tvn_efaar_e0.2_c150,0.28859405196547794,-0.015199028658261659,-0.004386349266427153,370,57,1480,5657,7137
37,openphenom,Raw,std_all__tvn_efaar_e0.2_c150,0.29675964112963715,0.013597096417138474,0.004035069453155089,370,64,1480,5593,7073
38,openphenom,Raw,std_all__tvn_efaar_e0.2_c150,0.290359896538969,0.049832033168414856,0.014469223995107408,370,86,1480,5561,7041
39,openphenom,Raw,std_all__tvn_efaar_e0.2_c150,0.29350513275228524,0.09863944511900113,0.028951183434264182,370,65,1480,5753,7233
40,openphenom,Raw,std_all__tvn_efaar_e0.2_c150,0.29557312630477933,0.03858919136754892,0.011405927934079836,370,84,1480,5753,7233
41,openphenom,Raw,std_all__tvn_efaar_e0.2_c150,0.2693300268108047,-0.053510538756871506,-0.014411994838048807,370,103,1480,5945,7425
42,openphenom,Raw,std_all__tvn_efaar_e0.2_c150,0.29228670244055865,-0.00024305272920980298,-7.104108073991137e-05,370,69,1480,5977,7457
43,openphenom,Raw,std_all__tvn_efaar_e0.2_c150,0.29682772006689145,-0.03212655161353726,-0.009536051069057578,370,61,1480,5375,6855
44,openphenom,Raw,std_all__tvn_efaar_e0.2_c150,0.2567820213017207,0.06031104019398486,0.015486790807820752,370,72,1480,5785,7265
45,openphenom,Raw,std_all__tvn_efaar_e0.2_c150,0.3040273702450097,0.07739445067408658,0.02353003130999966,370,84,1480,5753,7233
46,openphenom,Raw,std_all__tvn_efaar_e0.2_c150,0.2689053675923365,0.04820454130556327,0.01296245989939246,370,71,1480,5753,7233
47,openphenom,Raw,std_all__tvn_efaar_e0.2_c150,0.2719347532851036,0.01836257646259917,0.004993422700035755,370,69,1480,5689,7169
48,openphenom,Raw,std_all__tvn_efaar_e0.2_c150,0.2842844164843184,-0.015860242946210124,-0.004508819911262872,370,71,1480,5753,7233
49,openphenom,Raw,std_all__tvn_efaar_e0.2_c150,0.2870817112778957,0.03117747855320578,0.008950483896384209,370,64,1480,5529,7009
50,openphenom,Raw,std_all__tvn_efaar_e0.2_c150,0.28136147231948483,-0.01629404877572939,-0.00458451755358472,370,65,1480,5881,7361
51,openphenom,Raw,std_all__tvn_efaar_e0.2_c150,0.2554061495241692,-0.01855711311180373,-0.004739600806170263,370,69,1480,5625,7105
52,openphenom,Raw,std_all__tvn_efaar_e0.2_c150,0.2906222692411536,0.029550553882605766,0.00858804902669587,370,60,1480,5689,7169
53,openphenom,Raw,std_all__tvn_efaar_e0.2_c150,0.2652833193369515,-0.011752637175643857,-0.0031177786009176566,370,64,1480,5913,7393
54,openphenom,Raw,std_all__tvn_efaar_e0.2_c150,0.2445430367439868,0.03037895210086071,0.007428961199844595,370,64,1480,5753,7233
55,openphenom,Raw,std_all__tvn_efaar_e0.2_c150,0.2985349514432208,0.23666578855152243,0.0706530096935003,370,69,1480,5657,7137
56,openphenom,Raw,std_all__tvn_efaar_e0.2_c150,0.28356005591153793,0.06401357630634283,0.01815169327652407,370,70,1480,5913,7393
57,openphenom,Raw,std_all__tvn_efaar_e0.2_c150,0.2672620583179986,-0.003219729985882903,-0.0008605116632552452,370,75,1480,5529,7009
58,openphenom,Raw,std_all__tvn_efaar_e0.2_c150,0.2737816705955507,-0.031280309181435324,-0.008563975304438707,370,68,1480,5849,7329
59,openphenom,Raw,std_all__tvn_efaar_e0.2_c150,0.2928163763895266,0.003896687633788107,0.0011410139528477122,370,86,1480,5561,7041
60,openphenom,Raw,std_all__tvn_efaar_e0.2_c150,0.2878713550830354,-0.03076462887502114,-0.008856255402879015,370,52,1480,5689,7169
61,openphenom,Raw,std_all__tvn_efaar_e0.2_c150,0.2605429993080441,0.040236629733392835,0.010483372192785397,370,73,1480,5657,7137
62,openphenom,Raw,std_all__tvn_efaar_e0.2_c150,0.2607037881579028,0.07814984191136694,0.0203739598302346,370,48,1480,5849,7329
63,openphenom,Raw,std_all__tvn_efaar_e0.2_c150,0.30927681069812546,-0.057486115803894046,-0.017779122555251457,370,53,1480,5721,7201
64,openphenom,Raw,std_all__tvn_efaar_e0.2_c150,0.2639998633144059,0.009467223082960139,0.0024993455998684653,370,82,1480,5753,7233
65,openphenom,Raw,std_all__tvn_efaar_e0.2_c150,0.3094573952947332,0.017882060359588732,0.005533735821381529,370,56,1480,5497,6977
66,openphenom,Raw,std_all__tvn_efaar_e0.2_c150,0.3016957708080998,0.08857408914103504,0.026722428097029908,370,81,1480,5785,7265
67,openphenom,Raw,std_all__tvn_efaar_e0.2_c150,0.3030178163419152,-0.006087476693117838,-0.0018446138945808705,370,114,1480,6009,7489
68,openphenom,Raw,std_all__tvn_efaar_e0.2_c150,0.28728202781176243,0.02047408210381656,0.005881835824368937,370,81,1480,5785,7265
69,openphenom,Raw,std_all__tvn_efaar_e0.2_c150,0.3001818308156379,0.09110722973670353,0.02734873502290459,370,56,1480,5913,7393
70,openphenom,Raw,std_all__tvn_efaar_e0.2_c150,0.30484551516444036,0.11533924980787744,0.035160653026362475,370,60,1480,5785,7265
71,openphenom,Raw,std_all__tvn_efaar_e0.2_c150,0.28288015054879995,0.004179730903416715,0.001182362907211992,370,73,1480,5663,7143
72,openphenom,Raw,std_all__tvn_efaar_e0.2_c150,0.27176234521774495,-0.040999517930204524,-0.011142125145509366,370,75,1480,5881,7361
73,openphenom,Raw,std_all__tvn_efaar_e0.2_c150,0.2877493881045964,0.03379509793695872,0.00972451875229478,370,45,1480,5625,7105
74,openphenom,Raw,std_all__tvn_efaar_e0.2_c150,0.27161175881417515,-0.014710710028761223,-0.003995601824317161,370,130,1480,5657,7137
75,openphenom,Raw,std_all__tvn_efaar_e0.2_c150,0.2702665198289,0.07718524038313036,0.020860586300505714,370,74,1480,5785,7265
76,openphenom,Raw,std_all__tvn_efaar_e0.2_c150,0.2960288273175678,0.00726298033879665,0.0021500515525245236,370,77,1480,5625,7105
77,openphenom,Raw,std_all__tvn_efaar_e0.2_c150,0.2902172026432331,-0.007266551607077515,-0.0021088782802687264,370,98,1480,5849,7329
78,openphenom,Raw,std_all__tvn_efaar_e0.2_c150,0.28827283231474754,0.07403182647473337,0.0213413642993053,370,98,1480,5849,7329
79,openphenom,Raw,std_all__tvn_efaar_e0.2_c150,0.28592899047846565,0.0347486999634227,0.009935660700980549,370,102,1480,5753,7233
80,openphenom,Raw,std_all__tvn_efaar_e0.2_c150,0.296272869827142,-0.008345443407170236,-0.002472528468222328,370,68,1480,5817,7297
81,openphenom,Raw,std_all__tvn_efaar_e0.2_c150,0.23742486527164186,-0.015361226115141126,-0.0036471370407946085,370,69,1480,5625,7105
82,openphenom,Raw,std_all__tvn_efaar_e0.2_c150,0.2834719700473671,-0.017682716149220817,-0.005012554382608018,370,67,1480,5689,7169
83,openphenom,Raw,std_all__tvn_efaar_e0.2_c150,0.27479872195422467,0.01024459395825354,0.0028152013266680444,370,97,1480,5753,7233
84,openphenom,Raw,std_all__tvn_efaar_e0.2_c150,0.2914436173378852,0.054391384170869216,0.015852021754772714,370,77,1480,5817,7297
85,openphenom,Raw,std_all__tvn_efaar_e0.2_c150,0.2606497155757507,-0.005272151315850995,-0.0013741847409488815,370,90,1480,5785,7265
86,openphenom,Raw,std_all__tvn_efaar_e0.2_c150,0.27587048318246876,-0.0011659427413702127,-0.0003216491874248928,370,117,1480,5945,7425
87,openphenom,Raw,std_all__tvn_efaar_e0.2_c150,0.25738026925709523,0.018384436563487493,0.004731791232850398,370,55,1480,5657,7137
88,openphenom,Raw,std_all__tvn_efaar_e0.2_c150,0.32529034438994525,0.0874468504614866,0.02844561610243302,370,80,1480,5753,7233
89,openphenom,Raw,std_all__tvn_efaar_e0.2_c150,0.3019493439539185,0.02322292665822327,0.007012147469140481,370,73,1480,5721,7201
90,openphenom,Raw,std_all__tvn_efaar_e0.2_c150,0.2652850479850227,0.04673605821106645,0.01239837744515358,370,64,1480,5721,7201
91,openphenom,Raw,std_all__tvn_efaar_e0.2_c150,0.3343075444707605,0.005166036477076035,0.0017270449692976674,370,83,1480,5849,7329
92,openphenom,Raw,std_all__tvn_efaar_e0.2_c150,0.2454683529326897,0.03332241042975238,0.008179597203938398,370,58,1480,5625,7105
93,openphenom,Raw,std_all__tvn_efaar_e0.2_c150,0.288860266308461,-0.008478740381348415,-0.0024491712045166055,370,81,1480,5785,7265
94,openphenom,Raw,std_all__tvn_efaar_e0.2_c150,0.2905904182473285,-0.015747298769974,-0.004576014135832387,370,61,1480,5561,7041
95,openphenom,Raw,std_all__tvn_efaar_e0.2_c150,0.28428177427845003,-0.009326220898059519,-0.0026512746242131195,370,66,1480,5753,7233
96,openphenom,Raw,std_all__tvn_efaar_e0.2_c150,0.2802748208496026,0.02575700687777272,0.007219040488289731,370,47,1480,5689,7169
97,openphenom,Raw,std_all__tvn_efaar_e0.2_c150,0.29094206066875916,0.046730762513543016,0.01359594434231261,370,85,1480,5689,7169
98,openphenom,Raw,std_all__tvn_efaar_e0.2_c150,0.30161930475956444,0.02699730306974917,0.008142907782281,370,73,1480,5625,7105
99,openphenom,Raw,std_all__tvn_efaar_e0.2_c150,0.2967730506483212,0.03107042381234274,0.009220864459725198,370,62,1480,5785,7265
100,openphenom,Raw,std_all__tvn_efaar_e0.2_c150,0.26314864633107327,0.023657475822355792,0.0062254327382630205,370,52,1480,5689,7169
101,openphenom,Raw,std_all__tvn_efaar_e0.2_c150,0.2858699282162171,-0.008484245645773542,-0.002425390693726035,370,72,1480,5433,6913
102,openphenom,Raw,std_all__tvn_efaar_e0.2_c150,0.287399665805255,0.004167263661217274,0.0011976701835562278,370,72,1480,5753,7233
103,openphenom,Raw,std_all__tvn_efaar_e0.2_c150,0.2638748551808305,0.05409352477202328,0.01427392101543831,370,79,1480,5497,6977
104,openphenom,Raw,std_all__tvn_efaar_e0.2_c150,0.33320116668684074,0.020346458488064625,0.006779463706168507,370,78,1480,5625,7105
105,openphenom,Raw,std_all__tvn_efaar_e0.2_c150,0.2903467643927257,0.019131989479512803,0.005554911241772211,370,45,1480,5689,7169
106,openphenom,Raw,std_all__tvn_efaar_e0.2_c150,0.28185461844216997,0.017201241463158205,0.00484824934933009,370,53,1480,5625,7105
107,openphenom,Raw,std_all__tvn_efaar_e0.2_c150,0.271304633094982,0.060712465978570065,0.016471573306607527,370,58,1480,5753,7233
108,openphenom,Raw,std_all__tvn_efaar_e0.2_c150,0.2955402840269525,0.14929236047667513,0.04412190661833074,370,61,1480,5657,7137
109,openphenom,Raw,std_all__tvn_efaar_e0.2_c150,0.28923797317282285,-0.002355538093739651,-0.0006813110639646314,370,76,1480,5913,7393
110,openphenom,Raw,std_all__tvn_efaar_e0.2_c150,0.28768289345394976,-0.01883275733474223,-0.0054178621217747394,370,87,1480,5689,7169
111,openphenom,Raw,std_all__tvn_efaar_e0.2_c150,0.26792634783500713,0.013653852679504216,0.003658226882296791,370,78,1480,5599,7079
112,openphenom,Raw,std_all__tvn_efaar_e0.2_c150,0.305315450413201,0.022032325503050006,0.0067268093846139685,370,52,1480,5759,7239
113,openphenom,Raw,std_all__tvn_efaar_e0.2_c150,0.2912021214544364,0.043482644608890404,0.012662238356558199,370,67,1480,5593,7073
114,openphenom,Raw,std_all__tvn_efaar_e0.2_c150,0.3069673753039982,0.08622241770200581,0.026467469254349715,370,60,1480,5625,7105
115,openphenom,Raw,std_all__tvn_efaar_e0.2_c150,0.2929795354459144,0.023380668151815113,0.0068500572935338774,370,59,1480,5913,7393
116,openphenom,Raw,std_all__tvn_efaar_e0.2_c150,0.24106049154854983,0.09635763826958027,0.023228019645722377,370,72,1480,5625,7105
117,openphenom,Raw,std_all__tvn_efaar_e0.2_c150,0.29780564366582263,-0.020115078629999474,-0.005990383938795627,370,60,1480,5945,7425
118,openphenom,Raw,std_all__tvn_efaar_e0.2_c150,0.2980419548536323,-0.045423323886591205,-0.013538056247109333,370,53,1480,5721,7201
119,openphenom,Raw,std_all__tvn_efaar_e0.2_c150,0.28289980643347085,0.017754632005505522,0.005022781957655018,370,84,1480,5794,7274
120,openphenom,Raw,std_all__tvn_efaar_e0.2_c150,0.29985105243886284,0.07161614457285233,0.021474176321783525,370,52,1480,5529,7009
121,openphenom,Raw,std_all__tvn_efaar_e0.2_c150,0.2718119700310939,0.07921193003068995,0.021530750751607004,370,61,1480,5721,7201
122,openphenom,Raw,std_all__tvn_efaar_e0.2_c150,0.2804828928031775,-0.0516755108532536,-0.014494096771202565,370,93,1480,5625,7105
123,openphenom,Raw,std_all__tvn_efaar_e0.2_c150,0.2905181140260141,0.06346153168912932,0.01843672449952798,370,75,1480,5721,7201
124,openphenom,Raw,std_all__tvn_efaar_e0.2_c150,0.26968150061182794,0.013193797124466904,0.003558123007294255,370,75,1480,5561,7041
125,openphenom,Raw,std_all__tvn_efaar_e0.2_c150,0.3053808948020046,0.01793290303548027,0.00547636597537255,370,61,1480,5593,7073
126,openphenom,Raw,std_all__tvn_efaar_e0.2_c150,0.29273412952882455,-0.0021112742394449263,-0.0006180420266805416,370,60,1480,5689,7169
127,openphenom,Raw,std_all__tvn_efaar_e0.2_c150,0.27257569287199257,0.01692347059735977,0.004612926723874133,370,82,1480,5881,7361
128,openphenom,Raw,std_all__tvn_efaar_e0.2_c150,0.3090673056045973,0.10231577684048504,0.03162246146892997,370,76,1480,5657,7137
129,openphenom,Raw,std_all__tvn_efaar_e0.2_c150,0.31625721769239085,0.03976465026803841,0.012575857656280812,370,77,1480,5689,7169
130,openphenom,Raw,std_all__tvn_efaar_e0.2_c150,0.2641336377962539,0.06945660163169562,0.018345824857944986,370,98,1480,5785,7265
131,openphenom,Raw,std_all__tvn_efaar_e0.2_c150,0.27923473621387146,0.019152720835031608,0.005348104950147971,370,86,1480,5753,7233
132,openphenom,Raw,std_all__tvn_efaar_e0.2_c150,0.3271910083418975,0.022974256147212754,0.007516970034711579,370,100,1480,5849,7329
133,openphenom,Raw,std_all__tvn_efaar_e0.2_c150,0.28258300470139347,-5.041484358746703e-05,-1.4246377982497212e-05,370,120,1480,5753,7233
134,openphenom,Raw,std_all__tvn_efaar_e0.2_c150,0.27952555506367854,0.005887369423734599,0.0016456702060343431,370,63,1480,5337,6817
135,openphenom,Raw,std_all__tvn_efaar_e0.2_c150,0.2666855136178289,-0.018877424680160466,-0.005034335696610473,370,77,1480,5625,7105
136,openphenom,Raw,std_all__tvn_efaar_e0.2_c150,0.28479647016909376,0.018885316417652703,0.005378471453773925,370,68,1480,5529,7009
137,openphenom,Raw,std_all__tvn_efaar_e0.2_c150,0.26798279430525473,-0.004345767822256244,-0.00116459100441009,370,79,1480,5529,7009
138,openphenom,Raw,std_all__tvn_efaar_e0.2_c150,0.262419437198662,-0.005654885474854246,-0.0014839518637341398,370,87,1480,5497,6977
139,openphenom,Raw,std_all__tvn_efaar_e0.2_c150,0.31941066805421536,0.02715304228909336,0.008672971377263671,370,78,1480,5561,7041
140,openphenom,Raw,std_all__tvn_efaar_e0.2_c150,0.3138471301416291,0.07501639859609573,0.02354368141294518,370,43,1480,5625,7105
141,openphenom,Raw,std_all__tvn_efaar_e0.2_c150,0.30608350434921455,-0.008846494764190464,-0.0027077661186303958,370,77,1480,5593,7073
142,openphenom,Raw,std_all__tvn_efaar_e0.2_c150,0.27682667176576886,0.0206345074499885,0.005712182020906279,370,68,1480,5913,7393
143,openphenom,Raw,std_all__tvn_efaar_e0.2_c150,0.28649000799813007,0.0624922744716061,0.01790341221319177,370,79,1480,5849,7329
144,openphenom,Raw,std_all__tvn_efaar_e0.2_c150,0.28004997561221834,0.00040725506762987195,0.00011405177175769797,370,80,1480,5625,7105
145,openphenom,Raw,std_all__tvn_efaar_e0.2_c150,0.2879654720986193,0.0040111447056566975,0.001155071178820308,370,95,1480,5753,7233
146,openphenom,Raw,std_all__tvn_efaar_e0.2_c150,0.29760219746366134,0.021356767885855832,0.006355821053552048,370,69,1480,5529,7009
147,openphenom,Raw,std_all__tvn_efaar_e0.2_c150,0.2708237105994859,-0.0016941008126052086,-0.00045880266819934694,370,82,1480,5721,7201
148,openphenom,Raw,std_all__tvn_efaar_e0.2_c150,0.28760790377373996,0.1045290537152045,0.030063382022482633,370,75,1480,5657,7137
149,openphenom,Raw,std_all__tvn_efaar_e0.2_c150,0.27650447954748064,0.00811923559973412,0.00224500501382786,370,46,1480,5497,6977
150,openphenom,Raw,std_all__tvn_efaar_e0.2_c150,0.2590835494028619,0.047795449955932705,0.012383014819889904,370,84,1480,5849,7329
151,openphenom,Raw,std_all__tvn_efaar_e0.2_c150,0.3077083085453017,0.07788807173369972,0.023966806809031863,370,98,1480,5785,7265
152,openphenom,Raw,std_all__tvn_efaar_e0.2_c150,0.27314806627841376,0.07185230748569986,0.01962631884736091,370,69,1480,5657,7137
153,openphenom,Raw,std_all__tvn_efaar_e0.2_c150,0.2822330227611538,-0.03451641412775499,-0.009741671894152084,370,85,1480,5753,7233
154,openphenom,Raw,std_all__tvn_efaar_e0.2_c150,0.28854425705847797,-0.004353922993941761,-0.0012562994755767494,370,76,1480,5721,7201
155,openphenom,Raw,std_all__tvn_efaar_e0.2_c150,0.2937235344319988,-0.007061393521466532,-0.002074097463140368,370,83,1480,5497,6977
156,openphenom,Raw,std_all__tvn_efaar_e0.2_c150,0.29760562749621083,0.13694280408936438,0.04075494914210595,370,63,1480,5785,7265
157,openphenom,Raw,std_all__tvn_efaar_e0.2_c150,0.30672601404598415,0.018471664768033788,0.005665740107092642,370,95,1480,5593,7073
158,openphenom,Raw,std_all__tvn_efaar_e0.2_c150,0.2669774018345239,0.015895949624400565,0.004243859330414939,370,78,1480,5625,7105
159,openphenom,Raw,std_all__tvn_efaar_e0.2_c150,0.27434680133514194,-0.009093246076138862,-0.0024947029747420272,370,56,1480,5849,7329
160,openphenom,Raw,std_all__tvn_efaar_e0.2_c150,0.27044123888555727,0.007095799951728324,0.0019189969298294854,370,76,1480,5817,7297
161,openphenom,Raw,std_all__tvn_efaar_e0.2_c150,0.2949767438832349,0.003204616021254023,0.0009452871993455592,370,95,1480,5657,7137
162,openphenom,Raw,std_all__tvn_efaar_e0.2_c150,0.29368178522736704,0.0008293188353617378,0.00024355583609171605,370,108,1480,5849,7329
163,openphenom,Raw,std_all__tvn_efaar_e0.2_c150,0.29179756768538023,0.02342034111297027,0.0068339985711266356,370,75,1480,5785,7265
164,openphenom,Raw,std_all__tvn_efaar_e0.2_c150,0.28769191676126754,0.02385693600075311,0.006863447646107551,370,49,1480,5785,7265
165,openphenom,Raw,std_all__tvn_efaar_e0.2_c150,0.29204405232992753,-0.02571797361093271,-0.007510781231050927,370,83,1480,5849,7329
166,openphenom,Raw,std_all__tvn_efaar_e0.2_c150,0.28281020646712157,0.0013856403059056843,0.00039187322100235205,370,84,1480,5631,7111
167,openphenom,Raw,std_all__tvn_efaar_e0.2_c150,0.28629289459800766,0.06403954235358406,0.018334065949139288,370,49,1480,5785,7265
168,openphenom,Raw,std_all__tvn_efaar_e0.2_c150,0.2807037620014368,-0.014661810494546903,-0.004115625363571462,370,49,1480,5721,7201
169,openphenom,Raw,std_all__tvn_efaar_e0.2_c150,0.27819763729992714,-0.055045568806068604,-0.015313547185678856,370,53,1480,5689,7169
170,openphenom,Raw,std_all__tvn_efaar_e0.2_c150,0.27264165026143666,-0.021450140721444792,-0.005848201764634752,370,57,1480,5497,6977
171,openphenom,Raw,std_all__tvn_efaar_e0.2_c150,0.28788997840017944,-0.01787540304676367,-0.005146149397027295,370,78,1480,5561,7041
172,openphenom,Raw,std_all__tvn_efaar_e0.2_c150,0.2817287787410893,-0.02684165052443654,-0.007562065421644626,370,58,1480,5689,7169
173,openphenom,Raw,std_all__tvn_efaar_e0.2_c150,0.28515073632191396,0.01982683941036465,0.005653637856801823,370,61,1480,5753,7233
174,openphenom,Raw,std_all__tvn_efaar_e0.2_c150,0.2906033967056364,0.07551269219402615,0.021944244845971194,370,81,1480,5497,6977
175,openphenom,Raw,std_all__tvn_efaar_e0.2_c150,0.30029810584219624,0.07219561077858144,0.021680205166928455,370,81,1480,5433,6913
176,openphenom,Raw,std_all__tvn_efaar_e0.2_c150,0.2907319597788551,0.022129619611596544,0.006433787678840049,370,67,1480,5497,6977
177,openphenom,Raw,std_all__tvn_efaar_e0.2_c150,0.26052144435420643,0.01820322618935699,0.0047423307787576,370,74,1480,5657,7137
178,openphenom,Raw,std_all__tvn_efaar_e0.2_c150,0.29409741691275476,0.0045204007148353645,0.0013294381736436507,370,66,1480,5657,7137
179,openphenom,Raw,std_all__tvn_efaar_e0.2_c150,0.2675931738199717,-0.02421639974049753,-0.006480143265052874,370,99,1480,5561,7041
180,openphenom,Raw,std_all__tvn_efaar_e0.2_c150,0.2711242991859764,-0.024601573010476996,-0.006670084241338208,370,79,1480,5753,7233
181,openphenom,Raw,std_all__tvn_efaar_e0.2_c150,0.27819507720009695,-0.007320519826617578,-0.0020365325783107176,370,73,1480,5593,7073
182,openphenom,Raw,std_all__tvn_efaar_e0.2_c150,0.2582102830408066,0.036333970308697436,0.009381804757405028,370,82,1480,5657,7137
183,openphenom,Raw,std_all__tvn_efaar_e0.2_c150,0.29564948978744265,0.03639143157363089,0.010759108177378603,370,126,1480,5593,7073
184,openphenom,Raw,std_all__tvn_efaar_e0.2_c150,0.29547715833756394,0.007451046282987957,0.00220161398233895,370,69,1480,5721,7201
185,openphenom,Raw,std_all__tvn_efaar_e0.2_c150,0.255850578287571,0.030556479365943114,0.007817892916208777,370,80,1480,5817,7297
186,openphenom,Raw,std_all__tvn_efaar_e0.2_c150,0.303602436296628,-0.002737983905104157,-0.0008312585841305774,370,62,1480,5721,7201
187,openphenom,Raw,std_all__tvn_efaar_e0.2_c150,0.28484956119136057,0.06448849154380584,0.01836951851814586,370,77,1480,5721,7201
188,openphenom,Raw,std_all__tvn_efaar_e0.2_c150,0.2858571991057864,0.038580702209852866,0.011028571473242963,370,50,1480,5657,7137
189,openphenom,Raw,std_all__tvn_efaar_e0.2_c150,0.2529297390119059,0.09079564701351886,0.02296491930254646,370,49,1480,5753,7233
190,openphenom,Raw,std_all__tvn_efaar_e0.2_c150,0.2940668807778481,0.0007049094913302911,0.00020729053534619826,370,78,1480,5721,7201
191,openphenom,Raw,std_all__tvn_efaar_e0.2_c150,0.2964931723783622,0.03282093164214335,0.009731182142992451,370,90,1480,5465,6945
192,openphenom,Raw,std_all__tvn_efaar_e0.2_c150,0.26613928299843814,0.009605179700955853,0.002556315638683543,370,98,1480,5497,6977
193,openphenom,Raw,std_all__tvn_efaar_e0.2_c150,0.28469314533615075,0.0365209890634316,0.010397275247255503,370,85,1480,5721,7201
194,openphenom,Raw,std_all__tvn_efaar_e0.2_c150,0.29818297768180263,0.06898902262153038,0.02057135219264517,370,71,1480,5689,7169
195,openphenom,Raw,std_all__tvn_efaar_e0.2_c150,0.2739440928582583,0.023929973473557443,0.006555474875335879,370,88,1480,5881,7361
196,openphenom,Raw,std_all__tvn_efaar_e0.2_c150,0.26168386345192635,0.05376112634827289,0.014068419246343203,370,54,1480,5625,7105
197,openphenom,Raw,std_all__tvn_efaar_e0.2_c150,0.24880552579832974,-0.003354841471423785,-0.000834703096267637,370,79,1480,5433,6913
198,openphenom,Raw,std_all__tvn_efaar_e0.2_c150,0.27264733507836403,-0.002173818213568008,-0.0005926857428741274,370,82,1480,5753,7233
199,openphenom,Raw,std_all__tvn_efaar_e0.2_c150,0.2966619757400938,-0.014123875352149515,-0.004190016767075488,370,85,1480,5721,7201
200,openphenom,Raw,std_all__tvn_efaar_e0.2_c150,0.27086029715547794,0.023071435087819097,0.00624913576369,370,51,1480,5561,7041
201,openphenom,Raw,std_all__tvn_efaar_e0.2_c150,0.2946614237935969,-0.03840354432996156,-0.011316043050986989,370,83,1480,5689,7169
202,openphenom,Raw,std_all__tvn_efaar_e0.2_c150,0.27972687370929195,0.07100382657145374,0.019861678428229508,370,34,1480,5657,7137
203,openphenom,Raw,std_all__tvn_efaar_e0.2_c150,0.2990168807750186,0.05302819764023087,0.015856326251503034,370,71,1480,5465,6945
204,openphenom,Raw,std_all__tvn_efaar_e0.2_c150,0.26884929467393937,-0.012590469794088106,-0.003384938923754126,370,72,1480,5561,7041
205,openphenom,Raw,std_all__tvn_efaar_e0.2_c150,0.2783649897437958,0.0016300327010458082,0.0004537440361086682,370,72,1480,5721,7201
206,openphenom,Raw,std_all__tvn_efaar_e0.2_c150,0.2501611425918106,-0.03472764433003174,-0.008687507185122753,370,70,1480,5337,6817
207,openphenom,Raw,std_all__tvn_efaar_e0.2_c150,0.31376054003269604,0.009947888935799972,0.0031212550046818815,370,53,1480,5657,7137
208,openphenom,Raw,std_all__tvn_efaar_e0.2_c150,0.27936813906635355,-0.021731003923082484,-0.006070950126035182,370,60,1480,5881,7361
209,openphenom,Raw,std_all__tvn_efaar_e0.2_c150,0.2580749386075561,-0.0002051207146113346,-5.293651583045821e-05,370,54,1480,5881,7361
210,openphenom,Raw,std_all__tvn_efaar_e0.2_c150,0.26398582170586565,-0.010888851262414727,-0.0028745023479415043,370,74,1480,5657,7137
211,openphenom,Raw,std_all__tvn_efaar_e0.2_c150,0.29613002212399675,0.009581245892962964,0.002837294558258576,370,65,1480,5817,7297
212,openphenom,Raw,std_all__tvn_efaar_e0.2_c150,0.30974437031928015,-0.007679042758384981,-0.0023785402638507843,370,67,1480,5913,7393
213,openphenom,Raw,std_all__tvn_efaar_e0.2_c150,0.3308487892798491,0.006785063741297911,0.002244830123995017,370,67,1480,5753,7233
214,openphenom,Raw,std_all__tvn_efaar_e0.2_c150,0.2790711996343416,0.032393268219333686,0.009040028222046446,370,96,1480,5657,7137
215,openphenom,Raw,std_all__tvn_efaar_e0.2_c150,0.23576943532400124,0.0928777278926482,0.021897729459425905,370,67,1480,5401,6881
216,openphenom,Raw,std_all__tvn_efaar_e0.2_c150,0.2924465545101293,-0.01692316761628787,-0.004949122060780786,370,60,1480,5657,7137
217,openphenom,Raw,std_all__tvn_efaar_e0.2_c150,0.3304693179962976,-0.017727760263060274,-0.005858480843735393,370,58,1480,5689,7169
218,openphenom,Raw,std_all__tvn_efaar_e0.2_c150,0.24288115337149188,0.00842774030571844,0.002046939285768304,370,96,1480,5785,7265
219,openphenom,Raw,std_all__tvn_efaar_e0.2_c150,0.2515801834244726,0.0025877127260283527,0.0006510172422640549,370,77,1480,5561,7041
220,openphenom,Raw,std_all__tvn_efaar_e0.2_c150,0.2920766824508936,-0.027545144724968777,-0.008045294488898612,370,91,1480,5849,7329
221,openphenom,Raw,std_all__tvn_efaar_e0.2_c150,0.2209789423541031,-0.010029703511833568,-0.0022163532741702155,370,74,1480,5945,7425
222,openphenom,Raw,std_all__tvn_efaar_e0.2_c150,0.29332018998341336,-0.022065957180103613,-0.006472390752233856,370,60,1480,5465,6945
223,openphenom,Raw,std_all__tvn_efaar_e0.2_c150,0.28341928320203486,-0.015704591205569354,-0.004450983982463447,370,61,1480,5625,7105
224,openphenom,Raw,std_all__tvn_efaar_e0.2_c150,0.27592868179839,0.020866822925286486,0.005757754943094724,370,57,1480,5625,7105
225,openphenom,Raw,std_all__tvn_efaar_e0.2_c150,0.26643385276130394,0.006680079565435319,0.0017797993353709889,370,86,1480,5786,7266
226,openphenom,Raw,std_all__tvn_efaar_e0.2_c150,0.2851046814935005,0.04849578774809171,0.013826376119696091,370,80,1480,5561,7041
227,openphenom,Raw,std_all__tvn_efaar_e0.2_c150,0.2862130741667152,0.11016175120665375,0.03152973346844522,370,45,1480,5721,7201
228,openphenom,Raw,std_all__tvn_efaar_e0.2_c150,0.31166662522500577,0.06327399004332789,0.01972039094132462,370,48,1480,5689,7169
229,openphenom,Raw,std_all__tvn_efaar_e0.2_c150,0.291552624915342,0.032620118512179073,0.00951048117727535,370,63,1480,5721,7201
230,openphenom,Raw,std_all__tvn_efaar_e0.2_c150,0.2885804486106103,0.02339104859307713,0.006750199296462782,370,87,1480,5785,7265
231,openphenom,Raw,std_all__tvn_efaar_e0.2_c150,0.30567207990232675,0.04443235922938114,0.013581731660612276,370,45,1480,5657,7137
232,openphenom,Raw,std_all__tvn_efaar_e0.2_c150,0.2951721288972075,-0.013152474576242898,-0.0038822439209360133,370,78,1480,5689,7169
233,openphenom,Raw,std_all__tvn_efaar_e0.2_c150,0.2889057541324333,-0.0019048166174789574,-0.0005503124813567489,370,75,1480,5689,7169
234,openphenom,Raw,std_all__tvn_efaar_e0.2_c150,0.28286114527858913,0.02412264514114158,0.0068233590317723,370,76,1480,5721,7201
235,openphenom,Raw,std_all__tvn_efaar_e0.2_c150,0.29996566531264657,0.023813810703736598,0.007143325571375773,370,75,1480,5721,7201
236,openphenom,Raw,std_all__tvn_efaar_e0.2_c150,0.3121823706157767,0.024077839719329624,0.007516677082887029,370,71,1480,5689,7169
237,openphenom,Raw,std_all__tvn_efaar_e0.2_c150,0.2576673526812897,-0.021255954000239184,-0.0054769653959569,370,77,1480,5753,7233
238,openphenom,Raw,std_all__tvn_efaar_e0.2_c150,0.2567141379529023,-0.04750757380046293,-0.012195865854419728,370,58,1480,5785,7265
239,openphenom,Raw,std_all__tvn_efaar_e0.2_c150,0.31212237282438954,-0.0025311860441240655,-0.0007900397941519833,370,58,1480,5657,7137
240,openphenom,Raw,std_all__tvn_efaar_e0.2_c150,0.2827747635975398,0.02216376298022995,0.006267352837166428,370,61,1480,5817,7297
241,openphenom,Raw,std_all__tvn_efaar_e0.2_c150,0.29725994928522687,0.033424118474322646,0.009935651762580565,370,86,1480,5785,7265
242,openphenom,Raw,std_all__tvn_efaar_e0.2_c150,0.2778498267923917,0.0016729494872767166,0.00046482872527225613,370,72,1480,5753,7233
243,openphenom,Raw,std_all__tvn_efaar_e0.2_c150,0.29658613114013116,0.12438080543205203,0.03688962187118572,370,75,1480,5849,7329
244,openphenom,Raw,std_all__tvn_efaar_e0.2_c150,0.2521018472801295,0.03027547980800521,0.007632504386890374,370,76,1480,5721,7201
245,openphenom,Raw,std_all__tvn_efaar_e0.2_c150,0.308725805840788,0.04622108074813526,0.014269640400800192,370,83,1480,5529,7009
246,openphenom,Raw,std_all__tvn_efaar_e0.2_c150,0.2695123548151454,0.03294061844630987,0.008877903646532188,370,57,1480,5913,7393
247,openphenom,Raw,std_all__tvn_efaar_e0.2_c150,0.2695921003420255,-0.003331880844902792,-0.0008982487550667062,370,65,1480,5817,7297
248,openphenom,Raw,std_all__tvn_efaar_e0.2_c150,0.30931057131862827,0.026575639451820534,0.008220126222000487,370,72,1480,5721,7201
249,openphenom,Raw,std_all__tvn_efaar_e0.2_c150,0.2755436663735717,0.011813063235379647,0.0032550147549793547,370,70,1480,5657,7137
250,openphenom,Raw,std_all__tvn_efaar_e0.2_c150,0.30857149277850937,0.07914899048189289,0.024423122144909718,370,81,1480,5817,7297
251,openphenom,Raw,std_all__tvn_efaar_e0.2_c150,0.28689385656626765,0.0018213181371494035,0.0005225249844008828,370,89,1480,5401,6881
252,openphenom,Raw,std_all__tvn_efaar_e0.2_c150,0.28606333689622593,0.0455744932183623,0.013037191607399138,370,56,1480,5753,7233
253,openphenom,Raw,std_all__tvn_efaar_e0.2_c150,0.27692967810181524,-0.016269689100131327,-0.004505559765315981,370,51,1480,5849,7329
254,openphenom,Raw,std_all__tvn_efaar_e0.2_c150,0.2783352724102986,0.035569093337414544,0.009900133283456614,370,58,1480,5625,7105
255,openphenom,Raw,std_all__tvn_efaar_e0.2_c150,0.284136894601646,0.013431720692325715,0.003816447406674099,370,61,1480,5881,7361
256,openphenom,Raw,std_all__tvn_efaar_e0.2_c150,0.264453166336644,-0.005822344145579097,-0.0015397373448000143,370,58,1480,5721,7201
257,openphenom,Raw,std_all__tvn_efaar_e0.2_c150,0.287810338532099,-0.008007795569273926,-0.002304726353688571,370,69,1480,5817,7297
258,openphenom,Raw,std_all__tvn_efaar_e0.2_c150,0.30210019229731117,0.021078954792663605,0.006367956296290004,370,65,1480,5689,7169
259,openphenom,Raw,std_all__tvn_efaar_e0.2_c150,0.29789719581381635,0.09769326508906423,0.029102549719928036,370,77,1480,5529,7009
260,openphenom,Raw,std_all__tvn_efaar_e0.2_c150,0.30062664128266264,-0.0746146836334752,-0.02243116173110011,370,92,1480,5721,7201
261,openphenom,Raw,std_all__tvn_efaar_e0.2_c150,0.28436707840535413,-0.011187107094174226,-0.0031812449601781355,370,90,1480,5660,7140
262,openphenom,Raw,std_all__tvn_efaar_e0.2_c150,0.25090813368452425,0.01827707398168779,0.004585866521959261,370,83,1480,5721,7201
263,openphenom,Raw,std_all__tvn_efaar_e0.2_c150,0.30634586597572316,0.05522405132159677,0.016917659824802343,370,54,1480,5881,7361
264,openphenom,Raw,std_all__tvn_efaar_e0.2_c150,0.2826280857385528,-0.06314944033828648,-0.01784780543827086,370,94,1480,5593,7073
265,openphenom,Raw,std_all__tvn_efaar_e0.2_c150,0.2845596814827881,-0.010170032756485923,-0.002893981281855156,370,81,1480,5529,7009
266,openphenom,Raw,std_all__tvn_efaar_e0.2_c150,0.2745004858333424,-0.000582519182372914,-0.00015990179856860626,370,47,1480,5625,7105
267,openphenom,Raw,std_all__tvn_efaar_e0.2_c150,0.2978792130199265,-0.004242703849195355,-0.0012638132836749253,370,64,1480,5721,7201
268,openphenom,Raw,std_all__tvn_efaar_e0.2_c150,0.2771479989412603,0.015621913151531143,0.0043295819695810134,370,75,1480,5692,7172
269,openphenom,Raw,std_all__tvn_efaar_e0.2_c150,0.2702972162423721,0.15770055284472567,0.04262602043381244,370,80,1480,5593,7073
270,openphenom,Raw,std_all__tvn_efaar_e0.2_c150,0.3215736841381753,-0.03714178471065393,-0.011943820544871935,370,71,1480,5465,6945
271,openphenom,Raw,std_all__tvn_efaar_e0.2_c150,0.27097202672716886,0.020342895967685883,0.005512355749863794,370,79,1480,5822,7302
272,openphenom,Raw,std_all__tvn_efaar_e0.2_c150,0.2485920994815082,0.0025160086861895645,0.000625459881613575,370,81,1480,5753,7233
273,openphenom,Raw,std_all__tvn_efaar_e0.2_c150,0.3203295400739793,0.07508827064470476,0.024052991200568755,370,78,1480,5721,7201
274,openphenom,Raw,std_all__tvn_efaar_e0.2_c150,0.27522237836678454,-0.024654326979917252,-0.006785422508445211,370,69,1480,5721,7201
275,openphenom,Raw,std_all__tvn_efaar_e0.2_c150,0.27119163359016907,0.11249703308209774,0.030508254175581378,370,55,1480,5693,7173
276,openphenom,Raw,std_all__tvn_efaar_e0.2_c150,0.2888063529467587,0.006986793974437022,0.0020178304865475457,370,47,1480,5817,7297
277,openphenom,Raw,std_all__tvn_efaar_e0.2_c150,0.28276219995965535,0.030328950576219794,0.008575880787399565,370,59,1480,5497,6977
278,openphenom,Raw,std_all__tvn_efaar_e0.2_c150,0.2662688363492707,-0.021613216806457773,-0.005754926088820012,370,55,1480,5657,7137
279,openphenom,Raw,std_all__tvn_efaar_e0.2_c150,0.27564179829408847,0.0036236117789522995,0.0009988188670700528,370,69,1480,5849,7329
280,openphenom,Raw,std_all__tvn_efaar_e0.2_c150,0.3005564831054574,0.012363795840930723,0.0037160189957840192,370,60,1480,5785,7265
281,openphenom,Raw,std_all__tvn_efaar_e0.2_c150,0.25717760017448815,-0.0388389730606673,-0.009988513884984012,370,75,1480,5753,7233
282,openphenom,Raw,std_all__tvn_efaar_e0.2_c150,0.2745550567539922,0.004371955376713459,0.0012003424565794852,370,73,1480,5977,7457
283,openphenom,Raw,std_all__tvn_efaar_e0.2_c150,0.26938796652975594,-0.04966773018895499,-0.013379888837751156,370,64,1480,5689,7169
284,openphenom,Raw,std_all__tvn_efaar_e0.2_c150,0.2653447228665646,-0.05645490134461181,-0.014980010151745266,370,61,1480,5561,7041
285,openphenom,Raw,std_all__tvn_efaar_e0.2_c150,0.31342352101092963,-0.005113577369965901,-0.0016027154242565218,370,61,1480,5593,7073
286,openphenom,Raw,std_all__tvn_efaar_e0.2_c150,0.2909485163976437,-0.01272239775436793,-0.003701562751654063,370,86,1480,5593,7073
287,openphenom,Raw,std_all__tvn_efaar_e0.2_c150,0.29376238855389797,0.010598838662774626,0.003113540161474076,370,58,1480,5881,7361
288,openphenom,Raw,std_all__tvn_efaar_e0.2_c150,0.27695818732764715,0.09460916773215929,0.026202783599676163,370,75,1480,5785,7265
289,openphenom,Raw,std_all__tvn_efaar_e0.2_c150,0.2841698592247163,0.014419780201060033,0.004097666909786581,370,97,1480,5785,7265
290,openphenom,Raw,std_all__tvn_efaar_e0.2_c150,0.29627809735676897,-0.004483975055803943,-0.0013285035981288043,370,57,1480,5625,7105
291,openphenom,Raw,std_all__tvn_efaar_e0.2_c150,0.26536169069989496,-0.0062897519747374744,-0.0016690592180993392,370,76,1480,5849,7329
292,openphenom,Raw,std_all__tvn_efaar_e0.2_c150,0.30469476857428013,-0.007452907001411626,-0.0022708617740007475,370,74,1480,5657,7137
293,openphenom,Raw,std_all__tvn_efaar_e0.2_c150,0.2987054437109425,-0.014901756972549612,-0.004451235928558063,370,61,1480,5817,7297
294,openphenom,Raw,std_all__tvn_efaar_e0.2_c150,0.2990140250760982,0.07210198667558353,0.02155950525184943,370,72,1480,5721,7201
295,openphenom,Raw,std_all__tvn_efaar_e0.2_c150,0.28043766765616124,-0.012213859264884866,-0.003425226205324908,370,65,1480,5724,7204
296,openphenom,Raw,std_all__tvn_efaar_e0.2_c150,0.2776379010521119,0.13915942680591142,0.03863593117000824,370,82,1480,5689,7169
297,openphenom,Raw,std_all__tvn_efaar_e0.2_c150,0.27075215008366127,-0.004391162555364322,-0.0011889167032317544,370,59,1480,5369,6849
298,openphenom,Raw,std_all__tvn_efaar_e0.2_c150,0.30641560299337384,0.0035873938076756554,0.0010992334367536313,370,62,1480,5689,7169
299,openphenom,Raw,std_all__tvn_efaar_e0.2_c150,0.2800766851309177,0.01372985668478587,0.003845412747597398,370,96,1480,5625,7105
300,openphenom,Raw,std_all__tvn_efaar_e0.2_c150,0.2982022324501092,0.012253972398078149,0.003654161925488922,370,49,1480,5625,7105
301,openphenom,Raw,std_all__tvn_efaar_e0.2_c150,0.26047512731484884,-0.018653625179202438,-0.004858805393436225,370,97,1480,5657,7137
302,openphenom,Raw,std_all__tvn_efaar_e0.2_c150,0.27836924099315363,0.07252191313816987,0.020187869915643763,370,118,1480,5689,7169
303,openphenom,Raw,std_all__tvn_efaar_e0.2_c150,0.26364210387617953,0.001610468611072298,0.00042458733284964935,370,102,1480,5689,7169
304,openphenom,Raw,std_all__tvn_efaar_e0.2_c150,0.30392384973891506,0.033495026054891804,0.010179937265707982,370,57,1480,5785,7265
305,openphenom,Raw,std_all__tvn_efaar_e0.2_c150,0.28106112940543665,0.09149264232843932,0.025715025385118814,370,70,1480,5849,7329
306,openphenom,Raw,std_all__tvn_efaar_e0.2_c150,0.2692134440068293,0.04163809283569793,0.011209534374174324,370,74,1480,5657,7137
307,openphenom,Raw,std_all__tvn_efaar_e0.2_c150,0.30249366326949534,0.0014877487478211007,0.0004500345687530094,370,72,1480,5753,7233
308,openphenom,Raw,std_all__tvn_efaar_e0.2_c150,0.26839418050680375,0.02996379274426822,0.008042107598473581,370,75,1480,5753,7233
309,openphenom,Raw,std_all__tvn_efaar_e0.2_c150,0.2811775260633566,0.01809857018395232,0.0050889111896077425,370,73,1480,5849,7329
310,openphenom,Raw,std_all__tvn_efaar_e0.2_c150,0.29912683527007483,0.002855641142054758,0.000854198897489862,370,73,1480,5753,7233
311,openphenom,Raw,std_all__tvn_efaar_e0.2_c150,0.305331854292318,0.018099413564803924,0.005526327505345116,370,67,1480,5724,7204
312,openphenom,Raw,std_all__tvn_efaar_e0.2_c150,0.2904884695533182,0.013040557105628391,0.00378813147573664,370,93,1480,5689,7169
313,openphenom,Raw,std_all__tvn_efaar_e0.2_c150,0.23996670266336573,0.0250143255380428,0.006002605218712153,370,100,1480,5721,7201
314,openphenom,Raw,std_all__tvn_efaar_e0.2_c150,0.3106202640189636,-0.024363569689107342,-0.0075678184492749415,370,60,1480,5625,7105
315,openphenom,Raw,std_all__tvn_efaar_e0.2_c150,0.3065065895089617,0.04120093977314687,0.012628359534431382,370,52,1480,5593,7073
316,openphenom,Raw,std_all__tvn_efaar_e0.2_c150,0.2964046105897488,0.045286989456559866,0.013423272474653688,370,61,1480,5561,7041
317,openphenom,Raw,std_all__tvn_efaar_e0.2_c150,0.28188458416156104,0.06747076799123619,0.019018969378270776,370,92,1480,5817,7297
318,openphenom,Raw,std_all__tvn_efaar_e0.2_c150,0.2735583212966268,0.044136226530129705,0.012073832037949928,370,80,1480,5657,7137
319,openphenom,Raw,std_all__tvn_efaar_e0.2_c150,0.27584930804443847,0.0011794929750239438,0.00032536232100363106,370,86,1480,5881,7361
320,openphenom,Raw,std_all__tvn_efaar_e0.2_c150,0.28506036493477477,0.0918182047677853,0.026173730958760754,370,82,1480,5529,7009
321,openphenom,Raw,std_all__tvn_efaar_e0.2_c150,0.302204222241952,0.024340879942867006,0.007355916691818852,370,73,1480,5529,7009
322,openphenom,Raw,std_all__tvn_efaar_e0.2_c150,0.26582298020996004,-0.03141640768224779,-0.008351203117586192,370,72,1480,5657,7137
323,openphenom,Raw,std_all__tvn_efaar_e0.2_c150,0.31288651470343565,0.06303627948473409,0.01972320178785013,370,92,1480,5625,7105
324,openphenom,Raw,std_all__tvn_efaar_e0.2_c150,0.26572053251262673,-0.03987874255931827,-0.010596600708796,370,61,1480,5721,7201
325,openphenom,Raw,std_all__tvn_efaar_e0.2_c150,0.25658681288295504,0.03744015278323494,0.009606649476501151,370,100,1480,5689,7169
326,openphenom,Raw,std_all__tvn_efaar_e0.2_c150,0.2784153434167359,-0.05409942367609717,-0.015062109621428087,370,46,1480,5663,7143
327,openphenom,Raw,std_all__tvn_efaar_e0.2_c150,0.2749171840795818,0.053083434939265255,0.014593548454774492,370,79,1480,5497,6977
328,openphenom,Raw,std_all__tvn_efaar_e0.2_c150,0.2548831781705667,-0.021437830861666746,-0.005464142463104679,370,67,1480,5727,7207
329,openphenom,Raw,std_all__tvn_efaar_e0.2_c150,0.306929756656915,-0.045399318529254495,-0.013934401788573855,370,113,1480,5561,7041
330,openphenom,Raw,std_all__tvn_efaar_e0.2_c150,0.34211880439320896,0.014238796424065442,0.004871360008599568,370,45,1480,5593,7073
331,openphenom,Raw,std_all__tvn_efaar_e0.2_c150,0.3070773351033792,0.033068722733670876,0.010154655252328185,370,95,1480,5817,7297
332,openphenom,Raw,std_all__tvn_efaar_e0.2_c150,0.29134690289175574,0.030093836609495717,0.008767746092307113,370,100,1480,5689,7169
333,openphenom,Raw,std_all__tvn_efaar_e0.2_c150,0.26033596599520314,0.015606620116359013,0.004062964523912493,370,92,1480,5433,6913
334,openphenom,Raw,std_all__tvn_efaar_e0.2_c150,0.2955372068458252,0.15896103230384653,0.04697889948440779,370,53,1480,5497,6977
335,openphenom,Raw,std_all__tvn_efaar_e0.2_c150,0.2953628581777689,0.030885477144159484,0.009122422805483102,370,71,1480,5593,7073
336,openphenom,Raw,std_all__tvn_efaar_e0.2_c150,0.30565520463868556,-0.025020700050102557,-0.007647707194017268,370,53,1480,5593,7073
337,openphenom,Raw,std_all__tvn_efaar_e0.2_c150,0.28266322590745974,-0.03560814003849217,-0.010065111731844774,370,95,1480,5593,7073
338,openphenom,Raw,std_all__tvn_efaar_e0.2_c150,0.30268616962781614,0.0032306637755710583,0.0009778772435829423,370,87,1480,5561,7041
339,openphenom,Raw,std_all__tvn_efaar_e0.2_c150,0.2654913885417177,0.006080176308050836,0.0016142344506028714,370,86,1480,5817,7297
340,openphenom,Raw,std_all__tvn_efaar_e0.2_c150,0.3307730631263504,0.0647916748727054,0.021431340762731354,370,93,1480,5625,7105
341,openphenom,Raw,std_all__tvn_efaar_e0.2_c150,0.30373802908815717,0.057309097903624526,0.017406952446067152,370,52,1480,5561,7041
342,openphenom,Raw,std_all__tvn_efaar_e0.2_c150,0.25953897366643525,0.09628418579639059,0.024989498761903574,370,78,1480,5785,7265
343,openphenom,Raw,std_all__tvn_efaar_e0.2_c150,0.2797667709758982,-0.0037622110451126355,-0.0010525416358210212,370,71,1480,5785,7265
344,openphenom,Raw,std_all__tvn_efaar_e0.2_c150,0.28844499993619555,0.044457699008823286,0.012823600987763433,370,48,1480,5561,7041
345,openphenom,Raw,std_all__tvn_efaar_e0.2_c150,0.30802115578462297,-0.026347647136028253,-0.008115632723044833,370,77,1480,5785,7265
346,openphenom,Raw,std_all__tvn_efaar_e0.2_c150,0.27207695229162565,0.03179481401880017,0.008650636096914204,370,62,1480,5689,7169
347,openphenom,Raw,std_all__tvn_efaar_e0.2_c150,0.3046780400833765,0.0026152972612530838,0.0007968236437940119,370,59,1480,5817,7297
348,openphenom,Raw,std_all__tvn_efaar_e0.2_c150,0.28755121830283553,0.02158750075490896,0.006207512142187454,370,125,1480,5791,7271
349,openphenom,Raw,std_all__tvn_efaar_e0.2_c150,0.24298946020454243,-0.015915625168477037,-0.003867329168506065,370,84,1480,5689,7169
350,openphenom,Raw,std_all__tvn_efaar_e0.2_c150,0.299778077917863,-0.05865785036010629,-0.01758433763574629,370,84,1480,5497,6977
351,openphenom,Raw,std_all__tvn_efaar_e0.2_c150,0.30519348701475146,0.006006315045995451,0.001833088232996519,370,91,1480,5689,7169
352,openphenom,Raw,std_all__tvn_efaar_e0.2_c150,0.29877749679360094,0.023024360879016523,0.00687916090870507,370,69,1480,5433,6913
353,openphenom,Raw,std_all__tvn_efaar_e0.2_c150,0.2896682319669273,-0.01177400051119602,-0.003410553911255849,370,90,1480,5593,7073
354,openphenom,Raw,std_all__tvn_efaar_e0.2_c150,0.27157334342577605,0.025065476777737593,0.006807115333091346,370,67,1480,5625,7105
355,openphenom,Raw,std_all__tvn_efaar_e0.2_c150,0.2975966836475354,0.05372739573523409,0.015989094791824403,370,67,1480,5561,7041
356,openphenom,Raw,std_all__tvn_efaar_e0.2_c150,0.31297762627403275,0.003041096560819658,0.0009517951828754613,370,63,1480,5881,7361
357,openphenom,Raw,std_all__tvn_efaar_e0.2_c150,0.26692970419685597,0.032569548525908994,0.008693779953846034,370,87,1480,5497,6977
358,openphenom,Raw,std_all__tvn_efaar_e0.2_c150,0.2692790900673346,-0.03751892056913825,-0.01010306079116615,370,70,1480,5561,7041
359,openphenom,Raw,std_all__tvn_efaar_e0.2_c150,0.2887359140267432,-0.024887956189514594,-0.007186046778637037,370,83,1480,5529,7009
360,openphenom,Raw,std_all__tvn_efaar_e0.2_c150,0.3091499776062722,-0.01646166360935089,-0.005089122936192814,370,63,1480,5657,7137
361,openphenom,Raw,std_all__tvn_efaar_e0.2_c150,0.2794216845773275,-0.004750193028232462,-0.0013273069380161913,370,55,1480,5721,7201
362,openphenom,Raw,std_all__tvn_efaar_e0.2_c150,0.2918232196709969,0.004963926641826061,0.0014485890548283204,370,60,1480,5561,7041
363,openphenom,Raw,std_all__tvn_efaar_e0.2_c150,0.25625094012669697,-0.0062092825152599285,-0.0015911344820476183,370,75,1480,5689,7169
364,openphenom,Raw,std_all__tvn_efaar_e0.2_c150,0.28234191670886916,0.029771269504812455,0.008405677294845055,370,67,1480,5785,7265
365,openphenom,Raw,std_all__tvn_efaar_e0.2_c150,0.32122557208376845,0.07360457736073941,0.02364367247068751,370,62,1480,5753,7233
366,openphenom,Raw,std_all__tvn_efaar_e0.2_c150,0.2523011515404036,-0.027802588723355517,-0.007014625150706837,370,83,1480,5660,7140
367,openphenom,Raw,std_all__tvn_efaar_e0.2_c150,0.28126339297420694,0.010178719191804356,0.002862901096018571,370,79,1480,5689,7169
368,openphenom,Raw,std_all__tvn_efaar_e0.2_c150,0.2806877840329189,0.008216554126683918,0.002306286370205444,370,76,1480,5785,7265
369,openphenom,Raw,std_all__tvn_efaar_e0.2_c150,0.297436332528436,0.009684603214381584,0.0028805528620787606,370,63,1480,5721,7201
370,openphenom,Raw,std_all__tvn_efaar_e0.2_c150,0.2880707257688605,0.01931396982720935,0.005563789305602071,370,56,1480,5817,7297
371,openphenom,Raw,std_all__tvn_efaar_e0.2_c150,0.30336706716933376,0.02937079084249021,0.00891013067833018,370,63,1480,5529,7009
372,openphenom,Raw,std_all__tvn_efaar_e0.2_c150,0.31337116171718327,0.03633441528069305,0.011386157926825355,370,77,1480,5881,7361
373,openphenom,Raw,std_all__tvn_efaar_e0.2_c150,0.3072302290615368,0.06399183931056793,0.01966022744945484,370,74,1480,5721,7201
374,openphenom,Raw,std_all__tvn_efaar_e0.2_c150,0.28726749466386114,-0.05761858412679493,-0.016551946308183296,370,69,1480,5563,7043
375,openphenom,Raw,std_all__tvn_efaar_e0.2_c150,0.2798606868083858,-0.03748571300210033,-0.010490777386269835,370,93,1480,5273,6753
376,openphenom,Raw,std_all__tvn_efaar_e0.2_c150,0.3003834542465412,0.04454172264813749,0.013379596507138936,370,86,1480,5593,7073
377,openphenom,Raw,std_all__tvn_efaar_e0.2_c150,0.2889068689306501,-0.009707424183631306,-0.0028045415262745927,370,79,1480,5817,7297
378,openphenom,Raw,std_all__tvn_efaar_e0.2_c150,0.28840513398616363,-0.01644556253063777,-0.004742984665126418,370,97,1480,5465,6945
379,openphenom,Raw,std_all__tvn_efaar_e0.2_c150,0.27372160197065604,-0.017402544357556567,-0.0047634523199157845,370,60,1480,5625,7105
380,openphenom,Raw,std_all__tvn_efaar_e0.2_c150,0.28136148395022154,0.01887718268013354,0.0053113121316817925,370,58,1480,5689,7169
381,openphenom,Raw,std_all__tvn_efaar_e0.2_c150,0.24961186355848164,-0.010494132363021588,-0.0026194599355631914,370,87,1480,5369,6849
382,openphenom,Raw,std_all__tvn_efaar_e0.2_c150,0.2816133892250833,-0.0034746847874823836,-0.0009785177594917522,370,65,1480,5753,7233
383,openphenom,Raw,std_all__tvn_efaar_e0.2_c150,0.2876326976537328,0.03805884821853124,0.010946969182690103,370,84,1480,6009,7489
384,openphenom,Raw,std_all__tvn_efaar_e0.2_c150,0.27334863147355604,-0.0015381570822380628,-0.0004204531334211324,370,65,1480,5561,7041
385,openphenom,Raw,std_all__tvn_efaar_e0.2_c150,0.30164586081689365,-0.03257903395673903,-0.009827330742463353,370,97,1480,5561,7041
386,openphenom,Raw,std_all__tvn_efaar_e0.2_c150,0.27671296528147254,0.05302438047048476,0.01467253355220084,370,59,1480,5753,7233
387,openphenom,Raw,std_all__tvn_efaar_e0.2_c150,0.30250727574346825,0.007429408259061853,0.0022474500528348244,370,49,1480,5721,7201
388,openphenom,Raw,std_all__tvn_efaar_e0.2_c150,0.29135194672827475,-0.002391781689480476,-0.0006968502513791787,370,49,1480,5657,7137
389,openphenom,Raw,std_all__tvn_efaar_e0.2_c150,0.2902802613077993,0.023524660040073954,0.006828744463609812,370,59,1480,5721,7201
390,openphenom,Raw,std_all__tvn_efaar_e0.2_c150,0.2882756532447855,0.02753362099201117,0.007937272577666358,370,73,1480,5753,7233
391,openphenom,Raw,std_all__tvn_efaar_e0.2_c150,0.2810809372256867,0.0035355345681013593,0.0009937713699957435,370,83,1480,5657,7137
392,openphenom,Raw,std_all__tvn_efaar_e0.2_c150,0.27242696515764603,0.005095204194061427,0.0013880710154466644,370,57,1480,5945,7425
393,openphenom,Raw,std_all__tvn_efaar_e0.2_c150,0.28002204814325626,0.046249112092937084,0.012950771093071283,370,39,1480,5791,7271
394,openphenom,Raw,std_all__tvn_efaar_e0.2_c150,0.26549410085129566,0.05050660700674441,0.013409206214305356,370,90,1480,5625,7105
395,openphenom,Raw,std_all__tvn_efaar_e0.2_c150,0.29181720629788416,0.11371347651245343,0.03318354903428423,370,47,1480,5689,7169
396,openphenom,Raw,std_all__tvn_efaar_e0.2_c150,0.28909743117058045,0.015068744384675755,0.00435633529257587,370,81,1480,5657,7137
397,openphenom,Raw,std_all__tvn_efaar_e0.2_c150,0.264999290980907,0.02989852960766088,0.00792308914740179,370,73,1480,5625,7105
398,openphenom,Raw,std_all__tvn_efaar_e0.2_c150,0.27816097181365523,0.051137007846775585,0.01422431979830161,370,87,1480,5913,7393
399,openphenom,Raw,std_all__tvn_efaar_e0.2_c150,0.3005852628543735,-0.024934888562419013,-0.00749506003277923,370,59,1480,5625,7105
400,openphenom,Raw,std_all__tvn_efaar_e0.2_c150,0.2697816843427423,0.0025728048369603514,0.0006940956224003181,370,49,1480,5497,6977
401,openphenom,Raw,std_all__tvn_efaar_e0.2_c150,0.291862013880268,0.028981953938414618,0.008458731442650856,370,82,1480,5497,6977
402,openphenom,Raw,std_all__tvn_efaar_e0.2_c150,0.2666243317788768,0.07128697027599401,0.019006840814377556,370,64,1480,5657,7137
403,openphenom,Raw,std_all__tvn_efaar_e0.2_c150,0.2705574506377176,0.002124167558049106,0.0005747093592331122,370,81,1480,5785,7265
404,openphenom,Raw,std_all__tvn_efaar_e0.2_c150,0.3043000922491074,0.03670101343666519,0.011168121774412948,370,49,1480,5817,7297
405,openphenom,Raw,std_all__tvn_efaar_e0.2_c150,0.2869776837367801,0.0052975136654064454,0.0015202682012622818,370,73,1480,5817,7297
406,openphenom,Raw,std_all__tvn_efaar_e0.2_c150,0.30903338865494356,0.0230757381599951,0.0071311735592974775,370,85,1480,5529,7009
407,openphenom,Raw,std_all__tvn_efaar_e0.2_c150,0.2598191625617485,0.01911379611951788,0.0049661305011491335,370,82,1480,5785,7265
408,openphenom,Raw,std_all__tvn_efaar_e0.2_c150,0.3057602335859191,-0.031877395637172616,-0.009746839936132658,370,78,1480,5433,6913
409,openphenom,Raw,std_all__tvn_efaar_e0.2_c150,0.2680458041324574,0.01592653955822702,0.004269042102932354,370,50,1480,5689,7169
410,openphenom,Raw,std_all__tvn_efaar_e0.2_c150,0.31186390564081773,0.05587870021140089,0.01742654969005987,370,82,1480,5561,7041
411,openphenom,Raw,std_all__tvn_efaar_e0.2_c150,0.28089905563040285,0.05138619350132061,0.014434333226962102,370,94,1480,5657,7137
412,openphenom,Raw,std_all__tvn_efaar_e0.2_c150,0.2779879792060258,-0.016066132599365263,-0.004466191734953604,370,64,1480,5753,7233
413,openphenom,Raw,std_all__tvn_efaar_e0.2_c150,0.31595959655046524,0.11300401505604919,0.035704703005692,370,74,1480,5721,7201
414,openphenom,Raw,std_all__tvn_efaar_e0.2_c150,0.28050180268958125,0.013436931980028216,0.0037690836430151987,370,80,1480,5945,7425
415,openphenom,Raw,std_all__tvn_efaar_e0.2_c150,0.28663519900236634,0.010219599984436209,0.0029292970752634526,370,82,1480,5785,7265
416,openphenom,Raw,std_all__tvn_efaar_e0.2_c150,0.32093089150715004,0.10147707317704859,0.03256712756224651,370,64,1480,5701,7181
417,openphenom,Raw,std_all__tvn_efaar_e0.2_c150,0.26589207882550847,0.055157848597450466,0.014666035027118761,370,71,1480,5625,7105
418,openphenom,Raw,std_all__tvn_efaar_e0.2_c150,0.25788296092054813,0.011910410637000586,0.003071491960849303,370,74,1480,5817,7297
419,openphenom,Raw,std_all__tvn_efaar_e0.2_c150,0.28272066179042404,0.09675737408174236,0.02735530883349382,370,60,1480,5625,7105
420,openphenom,Raw,std_all__tvn_efaar_e0.2_c150,0.2685692358811735,0.028944383307724805,0.007773570908007443,370,70,1480,5497,6977
421,openphenom,Raw,std_all__tvn_efaar_e0.2_c150,0.2937619837652952,0.04359620297710137,0.012806907071187769,370,63,1480,5657,7137
422,openphenom,Raw,std_all__tvn_efaar_e0.2_c150,0.2863615138743008,0.025686511236812475,0.007355628243922859,370,64,1480,5721,7201
423,openphenom,Raw,std_all__tvn_efaar_e0.2_c150,0.2555535379751882,-0.013874446849098814,-0.003545663979735904,370,74,1480,5689,7169
424,openphenom,Raw,std_all__tvn_efaar_e0.2_c150,0.28445950943971937,0.012330689420091722,0.003507581863492829,370,56,1480,5689,7169
425,openphenom,Raw,std_all__tvn_efaar_e0.2_c150,0.3084431108100602,0.024963633456238584,0.007699860760364324,370,66,1480,5721,7201
426,openphenom,Raw,std_all__tvn_efaar_e0.2_c150,0.3259315887172801,0.029593879469104876,0.00964558015167305,370,46,1480,5625,7105
427,openphenom,Raw,std_all__tvn_efaar_e0.2_c150,0.2955759447326604,0.04534076696549447,0.013401640030729427,370,47,1480,5849,7329
428,openphenom,Raw,std_all__tvn_efaar_e0.2_c150,0.2971320785965878,-0.02447494642280171,-0.007272291704147194,370,88,1480,5689,7169
429,openphenom,Raw,std_all__tvn_efaar_e0.2_c150,0.29793481793971927,0.08953157215268435,0.026674572649166853,370,59,1480,5625,7105
430,openphenom,Raw,std_all__tvn_efaar_e0.2_c150,0.2959679650517404,0.05883104048335879,0.01741210333373626,370,56,1480,5625,7105
431,openphenom,Raw,std_all__tvn_efaar_e0.2_c150,0.2840851008644656,0.035570407760451214,0.010105022876417952,370,78,1480,5817,7297
432,openphenom,Raw,std_all__tvn_efaar_e0.2_c150,0.24338588339343648,0.050929023202262405,0.012395405302447458,370,74,1480,5727,7207
433,openphenom,Raw,std_all__tvn_efaar_e0.2_c150,0.2929953454448344,-0.02723688415045745,-0.007980280280504216,370,51,1480,5657,7137
434,openphenom,Raw,std_all__tvn_efaar_e0.2_c150,0.27158355298565606,0.026318667632409226,0.007147717265458283,370,81,1480,5945,7425
435,openphenom,Raw,std_all__tvn_efaar_e0.2_c150,0.272754844496469,-0.0012351470916709126,-0.0003368923529189657,370,89,1480,5881,7361
436,openphenom,Raw,std_all__tvn_efaar_e0.2_c150,0.2838488942519898,-0.015510033275388972,-0.004402505795030727,370,69,1480,5689,7169
437,openphenom,Raw,std_all__tvn_efaar_e0.2_c150,0.2804445582845207,-0.027888439024384076,-0.00782116096343818,370,41,1480,5721,7201
438,openphenom,Raw,std_all__tvn_efaar_e0.2_c150,0.27373986616319157,0.013299691224821318,0.0036406556958943613,370,77,1480,5753,7233
439,openphenom,Raw,std_all__tvn_efaar_e0.2_c150,0.2806695299131896,0.04281131687824213,0.012015832183180818,370,45,1480,5689,7169
440,openphenom,Raw,std_all__tvn_efaar_e0.2_c150,0.3139417639184685,0.008563162422762059,0.002688334315722267,370,65,1480,5721,7201
441,openphenom,Raw,std_all__tvn_efaar_e0.2_c150,0.2809993084900817,0.011960781727390152,0.0033609713943974374,370,74,1480,5657,7137
442,openphenom,Raw,std_all__tvn_efaar_e0.2_c150,0.25208155822053113,0.045303114293872446,0.011420079643442183,370,63,1480,5721,7201
443,openphenom,Raw,std_all__tvn_efaar_e0.2_c150,0.32931557236689857,0.03044351925138984,0.010025524967134141,370,57,1480,5657,7137
444,openphenom,Raw,std_all__tvn_efaar_e0.2_c150,0.25475782835376315,-0.015610843823166964,-0.003976984671159773,370,75,1480,5785,7265
445,openphenom,Raw,std_all__tvn_efaar_e0.2_c150,0.2709629900910486,0.02645534424405895,0.007168419180258224,370,101,1480,5785,7265
446,openphenom,Raw,std_all__tvn_efaar_e0.2_c150,0.257114559349733,0.0010039756327648996,0.00025813675241621647,370,84,1480,5785,7265
447,openphenom,Raw,std_all__tvn_efaar_e0.2_c150,0.31347176578536146,-0.001961183752657229,-0.0006147757339750231,370,73,1480,5561,7041
448,openphenom,Raw,std_all__tvn_efaar_e0.2_c150,0.2918023816307283,-0.0145316391598673,-0.0042403669158476345,370,66,1480,5529,7009
449,openphenom,Raw,std_all__tvn_efaar_e0.2_c150,0.27565756951320275,0.0162784923942547,0.004487289648739407,370,94,1480,5913,7393
450,openphenom,Raw,std_all__tvn_efaar_e0.2_c150,0.30499870316072525,0.009915125900699637,0.003024100541388707,370,76,1480,5625,7105
451,openphenom,Raw,std_all__tvn_efaar_e0.2_c150,0.27811214529383216,0.08133637667080669,0.02262063420634525,370,69,1480,5657,7137
452,openphenom,Raw,std_all__tvn_efaar_e0.2_c150,0.2676266935468815,-0.020838278364999598,-0.005576879538034358,370,67,1480,5817,7297
453,openphenom,Raw,std_all__tvn_efaar_e0.2_c150,0.30616926294738017,0.05142475554982416,0.01574467950393886,370,77,1480,5753,7233
454,openphenom,Raw,std_all__tvn_efaar_e0.2_c150,0.2994761029351022,0.003143239323736937,0.0009413250632651039,370,66,1480,5689,7169
455,openphenom,Raw,std_all__tvn_efaar_e0.2_c150,0.29353317628810277,-0.006789905498504186,-0.0019930625276719876,370,66,1480,5817,7297
456,openphenom,Raw,std_all__tvn_efaar_e0.2_c150,0.27642836608752896,-0.020908131234764045,-0.005779600555169454,370,87,1480,5881,7361
457,openphenom,Raw,std_all__tvn_efaar_e0.2_c150,0.27273334469488714,0.003550064263440791,0.0009682209004499978,370,74,1480,5625,7105
458,openphenom,Raw,std_all__tvn_efaar_e0.2_c150,0.2607797258725765,-0.03217407062298465,-0.008390345317266852,370,124,1480,5465,6945
459,openphenom,Raw,std_all__tvn_efaar_e0.2_c150,0.29654191497204324,-0.02644576098301289,-0.007842276604795587,370,84,1480,5689,7169
460,openphenom,Raw,std_all__tvn_efaar_e0.2_c150,0.26247123441629067,0.020040387189476004,0.005260025163802185,370,75,1480,5657,7137
461,openphenom,Raw,std_all__tvn_efaar_e0.2_c150,0.2810697637137247,-0.02077583548356537,-0.005839459170320937,370,64,1480,5529,7009
462,openphenom,Raw,std_all__tvn_efaar_e0.2_c150,0.28928939095386613,0.09229238614130733,0.026699208176497832,370,86,1480,5785,7265
463,openphenom,Raw,std_all__tvn_efaar_e0.2_c150,0.2929696928805052,0.1094072369540722,0.032053004609339186,370,56,1480,5689,7169
464,openphenom,Raw,std_all__tvn_efaar_e0.2_c150,0.31400638402807163,-0.034294026291531415,-0.010768543189567398,370,51,1480,5561,7041
465,openphenom,Raw,std_all__tvn_efaar_e0.2_c150,0.3025042458946575,0.053739962508423195,0.016256566833017728,370,70,1480,5721,7201
466,openphenom,Raw,std_all__tvn_efaar_e0.2_c150,0.25912955093413315,0.05118805625269079,0.01326433802995091,370,88,1480,5657,7137
467,openphenom,Raw,std_all__tvn_efaar_e0.2_c150,0.2898818100749435,-0.03264694915864286,-0.009463756715532045,370,95,1480,5785,7265
468,openphenom,Raw,std_all__tvn_efaar_e0.2_c150,0.2609492023981101,0.018033438118672356,0.0047058112935632265,370,73,1480,5657,7137
469,openphenom,Raw,std_all__tvn_efaar_e0.2_c150,0.28024157019107937,0.0562439200386946,0.015761884465345287,370,68,1480,5817,7297
470,openphenom,Raw,std_all__tvn_efaar_e0.2_c150,0.25327577214862484,0.009129460788948222,0.0023122712306214545,370,79,1480,5561,7041
471,openphenom,Raw,std_all__tvn_efaar_e0.2_c150,0.26582660254413715,0.01954609307649597,0.005195871515536405,370,72,1480,5881,7361
472,openphenom,Raw,std_all__tvn_efaar_e0.2_c150,0.28671194905480574,0.07589454398966922,0.021759872629903754,370,100,1480,5753,7233
473,openphenom,Raw,std_all__tvn_efaar_e0.2_c150,0.25667509775760966,0.016232165979052967,0.004166392789491166,370,82,1480,5721,7201
474,openphenom,Raw,std_all__tvn_efaar_e0.2_c150,0.29089275133912257,0.07053607457121797,0.020518432800683113,370,65,1480,5881,7361
475,openphenom,Raw,std_all__tvn_efaar_e0.2_c150,0.2629619727092375,0.022182669431971766,0.005833198513788196,370,90,1480,5337,6817
476,openphenom,Raw,std_all__tvn_efaar_e0.2_c150,0.28212918086438843,0.02015936484551447,0.005687545090611346,370,95,1480,5657,7137
477,openphenom,Raw,std_all__tvn_efaar_e0.2_c150,0.2797831573817219,0.0118042397607419,0.00330262747075123,370,80,1480,5660,7140
478,openphenom,Raw,std_all__tvn_efaar_e0.2_c150,0.288471913594742,0.04135923524142806,0.011930977734909844,370,50,1480,5817,7297
479,openphenom,Raw,std_all__tvn_efaar_e0.2_c150,0.2862942027089996,0.0030328490640479733,0.0008682871047283502,370,53,1480,5753,7233
480,openphenom,Raw,std_all__tvn_efaar_e0.2_c150,0.2837519606297119,0.07694103602356227,0.021832169824567087,370,63,1480,5721,7201
481,openphenom,Raw,std_all__tvn_efaar_e0.2_c150,0.2636702524774355,0.02778751378645765,0.007326740775795508,370,83,1480,5689,7169
482,openphenom,Raw,std_all__tvn_efaar_e0.2_c150,0.29390265273558513,0.007941915536659133,0.002334150044026077,370,68,1480,5785,7265
483,openphenom,Raw,std_all__tvn_efaar_e0.2_c150,0.3204939524638561,-0.03150487655725985,-0.010097122409722093,370,61,1480,5753,7233
484,openphenom,Raw,std_all__tvn_efaar_e0.2_c150,0.299061605539015,0.0709881508429825,0.02122983036534813,370,49,1480,5561,7041
485,openphenom,Raw,std_all__tvn_efaar_e0.2_c150,0.27900403068611324,0.019328745227797647,0.005392797826660519,370,75,1480,5433,6913
486,openphenom,Raw,std_all__tvn_efaar_e0.2_c150,0.28152758347801715,0.020600265797884435,0.005799543049083252,370,84,1480,5657,7137
487,openphenom,Raw,std_all__tvn_efaar_e0.2_c150,0.26810457061977955,-0.0705382666505525,-0.018911631692609895,370,40,1480,5529,7009
488,openphenom,Raw,std_all__tvn_efaar_e0.2_c150,0.2606436693168375,0.0183187187203154,0.004774658064446048,370,77,1480,5625,7105
489,openphenom,Raw,std_all__tvn_efaar_e0.2_c150,0.31578827026073436,0.09768973807029269,0.030849273407441938,370,57,1480,5849,7329
490,openphenom,Raw,std_all__tvn_efaar_e0.2_c150,0.31768324202242865,0.01510214993776513,0.004797699953738046,370,68,1480,5913,7393
491,openphenom,Raw,std_all__tvn_efaar_e0.2_c150,0.3002357924608761,-0.009929105540409454,-0.002981072870352508,370,75,1480,5913,7393
492,openphenom,Raw,std_all__tvn_efaar_e0.2_c150,0.27693452095896287,0.026519881580115846,0.007344270701277805,370,85,1480,5561,7041
493,openphenom,Raw,std_all__tvn_efaar_e0.2_c150,0.2755310605074068,-0.022103935141798793,-0.0060903206910067585,370,112,1480,5529,7009
494,openphenom,Raw,std_all__tvn_efaar_e0.2_c150,0.29031575673152576,0.019762876566248627,0.005737474465522208,370,68,1480,5689,7169
495,openphenom,Raw,std_all__tvn_efaar_e0.2_c150,0.31079743925562714,0.013943005907799302,0.004333450531670104,370,65,1480,5369,6849
496,openphenom,Raw,std_all__tvn_efaar_e0.2_c150,0.29066758220213507,0.043918531103233314,0.012765693249646095,370,81,1480,5657,7137
497,openphenom,Raw,std_all__tvn_efaar_e0.2_c150,0.27647805776950685,0.017715020565024997,0.004897814479164983,370,98,1480,5753,7233
498,openphenom,Raw,std_all__tvn_efaar_e0.2_c150,0.302902130982666,0.002884738712665997,0.0008737935033947231,370,84,1480,5945,7425
499,openphenom,Raw,std_all__tvn_efaar_e0.2_c150,0.30062068432498423,0.06548030689972716,0.019684734670005963,370,65,1480,5817,7297
500,openphenom,Raw,std_all__tvn_efaar_e0.2_c150,0.2834527782828877,-0.04045150936054051,-0.011466092713981444,370,72,1480,5753,7233
501,openphenom,Raw,std_all__tvn_efaar_e0.2_c150,0.2819992272926841,-0.014546150449759754,-0.004102003186915381,370,83,1480,5593,7073
502,openphenom,Raw,std_all__tvn_efaar_e0.2_c150,0.29576887282664527,-0.05839777072624237,-0.01727224282328957,370,84,1480,5817,7297
503,openphenom,Raw,std_all__tvn_efaar_e0.2_c150,0.2817628177919281,-0.004847056550140174,-0.0013657203115643173,370,83,1480,5785,7265
504,openphenom,Raw,std_all__tvn_efaar_e0.2_c150,0.28845258336993684,-0.012596372641191492,-0.0036334562294420805,370,71,1480,5721,7201
505,openphenom,Raw,std_all__tvn_efaar_e0.2_c150,0.2748475131080254,0.011377835442697149,0.003127169775977661,370,62,1480,5625,7105
506,openphenom,Raw,std_all__tvn_efaar_e0.2_c150,0.3005678213659651,0.005945851193339748,0.0017871315393483518,370,88,1480,5657,7137
507,openphenom,Raw,std_all__tvn_efaar_e0.2_c150,0.2934824155858349,-0.03659888555966356,-0.010741129341799592,370,83,1480,5657,7137
508,openphenom,Raw,std_all__tvn_efaar_e0.2_c150,0.2782318067618056,-0.020998264792118772,-0.005842385151974016,370,81,1480,5881,7361
509,openphenom,Raw,std_all__tvn_efaar_e0.2_c150,0.29595736035359654,0.05278107516948176,0.015620947683784579,370,61,1480,5593,7073
510,openphenom,Raw,std_all__tvn_efaar_e0.2_c150,0.2704311235839549,0.027705119090267082,0.007492326484608205,370,79,1480,5433,6913
511,openphenom,Raw,std_all__tvn_efaar_e0.2_c150,0.2880231745644266,-0.019617350992020208,-0.005650251709266264,370,73,1480,5593,7073
512,openphenom,Raw,std_all__tvn_efaar_e0.2_c150,0.2816952606203637,0.01362982247824519,0.0038394563952185703,370,71,1480,5753,7233
513,openphenom,Raw,std_all__tvn_efaar_e0.2_c150,0.3030436357493931,-0.011540952772627436,-0.003497412288229057,370,73,1480,5497,6977
514,openphenom,Raw,std_all__tvn_efaar_e0.2_c150,0.31370564997892986,0.13255089108965262,0.04158196344456582,370,61,1480,5945,7425
515,openphenom,Raw,std_all__tvn_efaar_e0.2_c150,0.3220339667722846,0.014552008077901189,0.004686240885828848,370,61,1480,5497,6977
516,openphenom,Raw,std_all__tvn_efaar_e0.2_c150,0.2944853416203544,0.03604676760578536,0.010615244672699226,370,47,1480,5657,7137
517,openphenom,Raw,std_all__tvn_efaar_e0.2_c150,0.28403649042691453,0.026174739361788456,0.00743458110616161,370,82,1480,5753,7233
518,openphenom,Raw,std_all__tvn_efaar_e0.2_c150,0.28674217902612437,-0.016760954179094963,-0.004806072523870715,370,72,1480,5785,7265
519,openphenom,Raw,std_all__tvn_efaar_e0.2_c150,0.28421504426031874,0.023441191027878977,0.00666233914550321,370,86,1480,5881,7361
520,openphenom,Raw,std_all__tvn_efaar_e0.2_c150,0.263091520146596,0.00817766488135816,0.0021514742848859508,370,75,1480,5753,7233
521,openphenom,Raw,std_all__tvn_efaar_e0.2_c150,0.2890660619375682,0.003242076892918479,0.0009371743999347316,370,66,1480,5849,7329
522,openphenom,Raw,std_all__tvn_efaar_e0.2_c150,0.2523930053624845,0.04907975508796982,0.012387386889107392,370,87,1480,5529,7009
523,openphenom,Raw,std_all__tvn_efaar_e0.2_c150,0.29543348797379837,-0.007707894966122736,-0.0022771702947773226,370,63,1480,5433,6913
524,openphenom,Raw,std_all__tvn_efaar_e0.2_c150,0.28856057194753093,-0.006065376227651138,-0.00175022843332797,370,84,1480,5817,7297
525,openphenom,Raw,std_all__tvn_efaar_e0.2_c150,0.2993032826052128,0.018892802457896787,0.0056546777932603405,370,69,1480,5657,7137
526,openphenom,Raw,std_all__tvn_efaar_e0.2_c150,0.28377750172712674,-0.010120274730828596,-0.002871906279906709,370,55,1480,5913,7393
527,openphenom,Raw,std_all__tvn_efaar_e0.2_c150,0.2989939413373134,0.03263336862158255,0.009757179503280377,370,51,1480,5721,7201
528,openphenom,Raw,std_all__tvn_efaar_e0.2_c150,0.26991484613270667,0.017676446388873,0.004771135307225695,370,88,1480,5913,7393
529,openphenom,Raw,std_all__tvn_efaar_e0.2_c150,0.2775943528758062,0.01760469818873352,0.004886964801275359,370,56,1480,5401,6881
530,openphenom,Raw,std_all__tvn_efaar_e0.2_c150,0.3000326434782991,0.000986447418527723,0.0002959664266332168,370,80,1480,5657,7137
531,openphenom,Raw,std_all__tvn_efaar_e0.2_c150,0.29113540986640585,-0.03823115322228265,-0.011130442463034622,370,64,1480,5689,7169
532,openphenom,Raw,std_all__tvn_efaar_e0.2_c150,0.3046485406271421,-0.007547872025136212,-0.0022994481972981786,370,61,1480,5657,7137
533,openphenom,Raw,std_all__tvn_efaar_e0.2_c150,0.2823017691270667,-0.0163102983150488,-0.004604426069328492,370,61,1480,5689,7169
534,openphenom,Raw,std_all__tvn_efaar_e0.2_c150,0.28712814209541887,0.12246162618516718,0.03516217920453075,370,74,1480,5689,7169
535,openphenom,Raw,std_all__tvn_efaar_e0.2_c150,0.24986618908991362,-0.01017087027057603,-0.0025413565942367313,370,89,1480,5433,6913
536,openphenom,Raw,std_all__tvn_efaar_e0.2_c150,0.27149134975904887,-0.0021328762875208475,-0.0005790574621681041,370,90,1480,5593,7073
537,openphenom,Raw,std_all__tvn_efaar_e0.2_c150,0.2787160764115515,0.016152803490460093,0.004502046011907851,370,96,1480,5785,7265
538,openphenom,Raw,std_all__tvn_efaar_e0.2_c150,0.28329485081298844,-0.00614437859090964,-0.0017406708162502665,370,92,1480,5561,7041
539,openphenom,Raw,std_all__tvn_efaar_e0.2_c150,0.314252869807202,-0.015414681540369343,-0.004844107911225168,370,68,1480,5721,7201
540,openphenom,Raw,std_all__tvn_efaar_e0.2_c150,0.3029995272757926,0.04339507963285721,0.01314868861485111,370,53,1480,5785,7265
541,openphenom,Raw,std_all__tvn_efaar_e0.2_c150,0.279646642179102,0.030940297846708473,0.008652350400853324,370,63,1480,5849,7329
542,openphenom,Raw,std_all__tvn_efaar_e0.2_c150,0.27829825953223813,0.01585407109175837,0.004412160391336724,370,72,1480,5593,7073
543,openphenom,Raw,std_all__tvn_efaar_e0.2_c150,0.2730388588904238,0.028727617584014858,0.00784375592377989,370,64,1480,5433,6913
544,openphenom,Raw,std_all__tvn_efaar_e0.2_c150,0.2861028850686302,0.006286898532506457,0.0017986998082838348,370,50,1480,5817,7297
545,openphenom,Raw,std_all__tvn_efaar_e0.2_c150,0.29120660700446105,0.0003790035622923849,0.0001103683414177693,370,53,1480,5753,7233
546,openphenom,Raw,std_all__tvn_efaar_e0.2_c150,0.2647144380181938,0.06568978394510062,0.01738903424056388,370,85,1480,5785,7265
547,openphenom,Raw,std_all__tvn_efaar_e0.2_c150,0.30220224848677546,0.013061866824710049,0.003947325523862195,370,79,1480,5785,7265
548,openphenom,Raw,std_all__tvn_efaar_e0.2_c150,0.2701445644517408,0.03612844948426266,0.009759904250242854,370,84,1480,5786,7266
549,openphenom,Raw,std_all__tvn_efaar_e0.2_c150,0.26202501785682875,0.03254897974223746,0.008528646998181327,370,82,1480,5881,7361
550,openphenom,Raw,std_all__tvn_efaar_e0.2_c150,0.27530639783331423,0.007136689879653977,0.0019647763832210054,370,77,1480,5561,7041
551,openphenom,Raw,std_all__tvn_efaar_e0.2_c150,0.28017569627639455,0.00475189784217899,0.0013313662865667955,370,56,1480,5529,7009
552,openphenom,Raw,std_all__tvn_efaar_e0.2_c150,0.27739673923994296,0.057608534108301974,0.015980419514036004,370,78,1480,5785,7265
553,openphenom,Raw,std_all__tvn_efaar_e0.2_c150,0.28982510919032994,0.0321708928750813,0.009323932540270845,370,89,1480,5753,7233
554,openphenom,Raw,std_all__tvn_efaar_e0.2_c150,0.300713955683804,-0.007924174833374159,-0.0023829099596739916,370,47,1480,5657,7137
555,openphenom,Raw,std_all__tvn_efaar_e0.2_c150,0.27913010276947653,-0.006301871791788851,-0.0017590421208820873,370,53,1480,5593,7073
556,openphenom,Raw,std_all__tvn_efaar_e0.2_c150,0.28733107654688866,-0.023204325706001488,-0.00666732388565005,370,71,1480,5561,7041
557,openphenom,Raw,std_all__tvn_efaar_e0.2_c150,0.27765844823414465,0.10222081352035481,0.028382472459293588,370,60,1480,5465,6945
558,openphenom,Raw,std_all__tvn_efaar_e0.2_c150,0.3144049562573998,0.004889155691978708,0.0015371747814721828,370,90,1480,5785,7265
559,openphenom,Raw,std_all__tvn_efaar_e0.2_c150,0.31839586001761383,0.022227804552989776,0.007077240946952612,370,79,1480,5753,7233
560,openphenom,Raw,std_all__tvn_efaar_e0.2_c150,0.3053587869461373,0.05847257366863906,0.017855114165074272,370,56,1480,5785,7265
561,openphenom,Raw,std_all__tvn_efaar_e0.2_c150,0.276723420282046,0.020250772880503247,0.005603863134847759,370,78,1480,5465,6945
562,openphenom,Raw,std_all__tvn_efaar_e0.2_c150,0.30059287487892794,-0.010678657691214358,-0.003209928415250099,370,67,1480,5785,7265
563,openphenom,Raw,std_all__tvn_efaar_e0.2_c150,0.2896734386931696,0.04722652265886029,0.01368026921611295,370,87,1480,5913,7393
564,openphenom,Raw,std_all__tvn_efaar_e0.2_c150,0.2646473144974163,0.04195461755368458,0.011103176866348785,370,75,1480,5657,7137
565,openphenom,Raw,std_all__tvn_efaar_e0.2_c150,0.23108938753818636,-0.05270885136487596,-0.012180456179750483,370,78,1480,5625,7105
566,openphenom,Raw,std_all__tvn_efaar_e0.2_c150,0.29643820831635476,-0.016906989512782456,-0.005011877679192631,370,75,1480,5721,7201
567,openphenom,Raw,std_all__tvn_efaar_e0.2_c150,0.2616855751495472,0.029196407966735158,0.007640278811075912,370,66,1480,5657,7137
568,openphenom,Raw,std_all__tvn_efaar_e0.2_c150,0.26749735931626195,0.041426427030387014,0.011081459836536342,370,74,1480,5849,7329
569,openphenom,Raw,std_all__tvn_efaar_e0.2_c150,0.2753938515284852,-0.0016432986509216897,-0.00045255434468888787,370,104,1480,5881,7361
570,openphenom,Raw,std_all__tvn_efaar_e0.2_c150,0.28984397607261225,-0.03700285184983223,-0.010725053706181188,370,68,1480,5433,6913
571,openphenom,Raw,std_all__tvn_efaar_e0.2_c150,0.27067611357348215,0.055376608330419824,0.014989125125758954,370,88,1480,5657,7137
572,openphenom,Raw,std_all__tvn_efaar_e0.2_c150,0.29272604241405786,0.1044587924268886,0.03057780890247466,370,55,1480,5817,7297
573,openphenom,Raw,std_all__tvn_efaar_e0.2_c150,0.2808609561576577,0.006298845435602749,0.0017690997517326862,370,52,1480,5753,7233
574,openphenom,Raw,std_all__tvn_efaar_e0.2_c150,0.27764742749398846,0.0016429326781880272,0.00045615603164471456,370,72,1480,5657,7137
575,openphenom,Raw,std_all__tvn_efaar_e0.2_c150,0.2527644654440226,-0.024180069550767142,-0.006111862354398944,370,74,1480,5881,7361
576,openphenom,Raw,std_all__tvn_efaar_e0.2_c150,0.2778617931739623,0.02144914070607173,0.005959896698629719,370,119,1480,5721,7201
577,openphenom,Raw,std_all__tvn_efaar_e0.2_c150,0.32368733578129044,0.011161321335601644,0.0036127783669197703,370,52,1480,5657,7137
578,openphenom,Raw,std_all__tvn_efaar_e0.2_c150,0.27425650851057864,0.07045374158536313,0.01932239717870825,370,57,1480,5785,7265
579,openphenom,Raw,std_all__tvn_efaar_e0.2_c150,0.27961648839871595,-0.019056803581534602,-0.005328596497572779,370,79,1480,5497,6977
580,openphenom,Raw,std_all__tvn_efaar_e0.2_c150,0.29778951967043166,-0.015533885542649326,-0.004625828314361005,370,53,1480,5657,7137
581,openphenom,Raw,std_all__tvn_efaar_e0.2_c150,0.27704719825355906,0.06293534921303665,0.017436062170581135,370,76,1480,5753,7233
582,openphenom,Raw,std_all__tvn_efaar_e0.2_c150,0.31795071760274074,0.008482622449751759,0.00269705589505169,370,63,1480,5913,7393
583,openphenom,Raw,std_all__tvn_efaar_e0.2_c150,0.264122189616862,-0.00028116890531642614,-7.426294692435063e-05,370,49,1480,5721,7201
584,openphenom,Raw,std_all__tvn_efaar_e0.2_c150,0.3031208533489642,-0.040370281080720605,-0.012237074051125575,370,86,1480,5945,7425
585,openphenom,Raw,std_all__tvn_efaar_e0.2_c150,0.3084457723169265,0.06349106427483488,0.019583550355475064,370,59,1480,5785,7265
586,openphenom,Raw,std_all__tvn_efaar_e0.2_c150,0.28278280079166884,0.006650170659386032,0.0018805538848037614,370,57,1480,5721,7201
587,openphenom,Raw,std_all__tvn_efaar_e0.2_c150,0.2893053320014493,0.046335387533974814,0.013405074673932399,370,76,1480,5785,7265
588,openphenom,Raw,std_all__tvn_efaar_e0.2_c150,0.2918585459368219,0.10039913515170858,0.02930234559869213,370,96,1480,5817,7297
589,openphenom,Raw,std_all__tvn_efaar_e0.2_c150,0.30164288673261574,0.016961337107465366,0.005116266687940888,370,67,1480,5849,7329
590,openphenom,Raw,std_all__tvn_efaar_e0.2_c150,0.29760565554299917,0.06335039871986235,0.01885343693993501,370,80,1480,5849,7329
591,openphenom,Raw,std_all__tvn_efaar_e0.2_c150,0.27441990990165305,0.030511663624971184,0.008373007982914137,370,85,1480,5785,7265
592,openphenom,Raw,std_all__tvn_efaar_e0.2_c150,0.2720376184281971,0.0241204239204785,0.006561662678805489,370,56,1480,5817,7297
593,openphenom,Raw,std_all__tvn_efaar_e0.2_c150,0.2851225678049024,0.025209217003447925,0.00718771668437408,370,50,1480,5689,7169
594,openphenom,Raw,std_all__tvn_efaar_e0.2_c150,0.2763986070885345,-0.009384976452184283,-0.002593994418942432,370,75,1480,5657,7137
595,openphenom,Raw,std_all__tvn_efaar_e0.2_c150,0.3120687720701709,0.016185070751091175,0.005050855155161862,370,51,1480,5721,7201
596,openphenom,Raw,std_all__tvn_efaar_e0.2_c150,0.2605950636830204,-0.024840134160947443,-0.006473216343566869,370,66,1480,5785,7265
597,openphenom,Raw,std_all__tvn_efaar_e0.2_c150,0.29101789947789075,0.0175138149304971,0.005096833632917787,370,89,1480,5625,7105
598,openphenom,Raw,std_all__tvn_efaar_e0.2_c150,0.26213484878022214,0.09252219072118377,0.02425329047351238,370,48,1480,5913,7393
599,openphenom,Raw,std_all__tvn_efaar_e0.2_c150,0.2879989345420138,0.03710348202139059,0.010685763289959255,370,63,1480,5721,7201
600,openphenom,Raw,std_all__tvn_efaar_e0.2_c150,0.29243556751847394,0.013334051785822098,0.003899351001307606,370,77,1480,5849,7329
601,openphenom,Raw,std_all__tvn_efaar_e0.2_c150,0.29413698365676105,0.03274965356079623,0.009632884314176507,370,45,1480,5785,7265
602,openphenom,Raw,std_all__tvn_efaar_e0.2_c150,0.29481180789421135,0.13066538145466755,0.038521697335837296,370,95,1480,5721,7201
603,openphenom,Raw,std_all__tvn_efaar_e0.2_c150,0.3021185449506818,0.04300072734394644,0.012991317176974096,370,60,1480,5625,7105
604,openphenom,Raw,std_all__tvn_efaar_e0.2_c150,0.2848005581296034,-0.02213350167917045,-0.006303633631590259,370,66,1480,5369,6849
605,openphenom,Raw,std_all__tvn_efaar_e0.2_c150,0.2879751705010719,0.06998516554807249,0.02015398998125192,370,44,1480,5689,7169
606,openphenom,Raw,std_all__tvn_efaar_e0.2_c150,0.3079422164258043,-0.025995195167435488,-0.008005018016281442,370,92,1480,5561,7041
607,openphenom,Raw,std_all__tvn_efaar_e0.2_c150,0.29373152184481627,-0.016181364825574793,-0.004752976915742264,370,96,1480,5721,7201
608,openphenom,Raw,std_all__tvn_efaar_e0.2_c150,0.28624779049065474,0.07714343172557504,0.022082136882312534,370,103,1480,5689,7169
609,openphenom,Raw,std_all__tvn_efaar_e0.2_c150,0.28381821172866145,-0.0163457337392985,-0.0046392169192805465,370,57,1480,5663,7143
610,openphenom,Raw,std_all__tvn_efaar_e0.2_c150,0.23714440967386027,-0.0025626727373262493,-0.0006077235134805289,370,49,1480,5753,7233
611,openphenom,Raw,std_all__tvn_efaar_e0.2_c150,0.2925919396969597,0.0145686834584625,0.004262679351942553,370,66,1480,5561,7041
612,openphenom,Raw,std_all__tvn_efaar_e0.2_c150,0.294917580409649,0.07052070914511134,0.020797796909848842,370,61,1480,5529,7009
613,openphenom,Raw,std_all__tvn_efaar_e0.2_c150,0.3030311636177363,0.007287346411879449,0.002208293062877365,370,69,1480,5721,7201
614,openphenom,Raw,std_all__tvn_efaar_e0.2_c150,0.28522004817044827,0.023202312998457784,0.006617764831085947,370,84,1480,5593,7073
615,openphenom,Raw,std_all__tvn_efaar_e0.2_c150,0.2880042108259974,0.04624658275260097,0.013319210569062026,370,56,1480,5689,7169
616,openphenom,Raw,std_all__tvn_efaar_e0.2_c150,0.28747417084293664,0.017522251905637692,0.005037194837874262,370,68,1480,5625,7105
617,openphenom,Raw,std_all__tvn_efaar_e0.2_c150,0.2797013569596906,0.020345418893740884,0.005690641272492652,370,82,1480,5849,7329
618,openphenom,Raw,std_all__tvn_efaar_e0.2_c150,0.2843519645893612,-0.007673162931122525,-0.002181878954078951,370,63,1480,5823,7303
619,openphenom,Raw,std_all__tvn_efaar_e0.2_c150,0.30940430573397637,0.011963721955362144,0.0037016270855931544,370,58,1480,5593,7073
620,openphenom,Raw,std_all__tvn_efaar_e0.2_c150,0.2813155347791486,0.011686249895930676,0.003287523639036508,370,71,1480,5657,7137
621,openphenom,Raw,std_all__tvn_efaar_e0.2_c150,0.29753824371208054,0.06309500978273097,0.018773178397750313,370,67,1480,5561,7041
622,openphenom,Raw,std_all__tvn_efaar_e0.2_c150,0.28769610161881387,0.015376935880338661,0.004423884507615897,370,68,1480,5657,7137
623,openphenom,Raw,std_all__tvn_efaar_e0.2_c150,0.27286481926065365,0.02760468038157728,0.007532346123067196,370,96,1480,5753,7233
624,openphenom,Raw,std_all__tvn_efaar_e0.2_c150,0.26607497744711955,-0.028349525238255683,-0.007543099288405427,370,86,1480,5593,7073
625,openphenom,Raw,std_all__tvn_efaar_e0.2_c150,0.3260882693317784,0.015124075439132125,0.004931783585189852,370,43,1480,5433,6913
626,openphenom,Raw,std_all__tvn_efaar_e0.2_c150,0.2807794005844644,0.04527596394384301,0.012712558017036062,370,80,1480,5881,7361
627,openphenom,Raw,std_all__tvn_efaar_e0.2_c150,0.29745073085692714,0.022185263882340715,0.006599022956056034,370,83,1480,5657,7137
628,openphenom,Raw,std_all__tvn_efaar_e0.2_c150,0.2879543882547802,-0.01185099549452694,-0.0034125461578366615,370,69,1480,5753,7233
629,openphenom,Raw,std_all__tvn_efaar_e0.2_c150,0.27692982242100905,0.006929061102461142,0.0019188636606488852,370,61,1480,5529,7009
630,openphenom,Raw,std_all__tvn_efaar_e0.2_c150,0.27533946736579273,0.022112331323970506,0.0060883975289579735,370,72,1480,5593,7073
631,openphenom,Raw,std_all__tvn_efaar_e0.2_c150,0.2289626525544905,-0.020287814777912885,-0.0046451518860851256,370,75,1480,5561,7041
632,openphenom,Raw,std_all__tvn_efaar_e0.2_c150,0.30519157687837567,-0.012061348134211614,-0.0036810218563590965,370,74,1480,5657,7137
633,openphenom,Raw,std_all__tvn_efaar_e0.2_c150,0.28073662210055356,-0.020771999985966443,-0.0058314611103329654,370,75,1480,5625,7105
634,openphenom,Raw,std_all__tvn_efaar_e0.2_c150,0.269345228629061,0.01744487339797173,0.004698693413781721,370,68,1480,5529,7009
635,openphenom,Raw,std_all__tvn_efaar_e0.2_c150,0.2790790553241466,0.06314660354511518,0.017622894464299155,370,80,1480,5657,7137
636,openphenom,Raw,std_all__tvn_efaar_e0.2_c150,0.3210232095125624,-0.0005503605493253097,-0.00017667850993350785,370,86,1480,5753,7233
637,openphenom,Raw,std_all__tvn_efaar_e0.2_c150,0.29307834422147616,0.051057862576317524,0.014963953823354813,370,74,1480,5561,7041
638,openphenom,Raw,std_all__tvn_efaar_e0.2_c150,0.30780072246148144,0.00393522244247239,0.001211264310839637,370,94,1480,5721,7201
639,openphenom,Raw,std_all__tvn_efaar_e0.2_c150,0.2825735936878999,0.0008130806916971605,0.00022975513301111005,370,69,1480,5753,7233
640,openphenom,Raw,std_all__tvn_efaar_e0.2_c150,0.27440585129179124,0.028586920896810065,0.007844418364500262,370,99,1480,5689,7169
641,openphenom,Raw,std_all__tvn_efaar_e0.2_c150,0.27572054071915136,-0.010928000789414485,-0.003013074286636675,370,74,1480,5849,7329
642,openphenom,Raw,std_all__tvn_efaar_e0.2_c150,0.2964256587775392,-0.019963375300949267,-0.005917656675007141,370,63,1480,5497,6977
643,openphenom,Raw,std_all__tvn_efaar_e0.2_c150,0.29543613444033096,-0.0066071641704926985,-0.0019519950421430187,370,68,1480,5625,7105
644,openphenom,Raw,std_all__tvn_efaar_e0.2_c150,0.26269290481894386,0.024695391958667698,0.006487304249264805,370,74,1480,5753,7233
645,openphenom,Raw,std_all__tvn_efaar_e0.2_c150,0.24942239652996726,-0.0002856380293144407,-7.124452181170483e-05,370,88,1480,5721,7201
646,openphenom,Raw,std_all__tvn_efaar_e0.2_c150,0.26750248562736856,0.08122250608813912,0.02172722226746129,370,50,1480,5817,7297
647,openphenom,Raw,std_all__tvn_efaar_e0.2_c150,0.3314673383586906,0.016968803429954785,0.005624604108058932,370,81,1480,5625,7105
648,openphenom,Raw,std_all__tvn_efaar_e0.2_c150,0.27744604061900047,0.057640691197937195,0.015992181551410144,370,74,1480,5593,7073
649,openphenom,Raw,std_all__tvn_efaar_e0.2_c150,0.2892500456875903,-0.02269681961829965,-0.006565056111556169,370,83,1480,5785,7265
650,openphenom,Raw,std_all__tvn_efaar_e0.2_c150,0.2772283729805644,-0.0020038393078777262,-0.0005555211110374423,370,74,1480,5721,7201
651,openphenom,Raw,std_all__tvn_efaar_e0.2_c150,0.2910583650373859,-0.03452799469050322,-0.01004966168263741,370,104,1480,5881,7361
652,openphenom,Raw,std_all__tvn_efaar_e0.2_c150,0.2542353624987522,-0.0003559304685230307,-9.049011168930343e-05,370,82,1480,5497,6977
653,openphenom,Raw,std_all__tvn_efaar_e0.2_c150,0.28440295001377536,0.06424862857898553,0.01827249950220284,370,55,1480,5401,6881
654,openphenom,Raw,std_all__tvn_efaar_e0.2_c150,0.3023455105262344,-0.020381730009173038,-0.006162324565031294,370,72,1480,5785,7265
655,openphenom,Raw,std_all__tvn_efaar_e0.2_c150,0.3083964931470865,0.05495799353849613,0.016948852477672447,370,77,1480,5657,7137
656,openphenom,Raw,std_all__tvn_efaar_e0.2_c150,0.3015117799949967,0.022748092529733862,0.0068588178701309436,370,56,1480,5625,7105
657,openphenom,Raw,std_all__tvn_efaar_e0.2_c150,0.28192293366896043,-0.045780262359076236,-0.012906505868405456,370,82,1480,5401,6881
658,openphenom,Raw,std_all__tvn_efaar_e0.2_c150,0.2920515791308902,0.03241723937228595,0.00946750594974018,370,67,1480,5657,7137
659,openphenom,Raw,std_all__tvn_efaar_e0.2_c150,0.2829941683711862,0.031847631152325445,0.009012693892544622,370,61,1480,5561,7041
660,openphenom,Raw,std_all__tvn_efaar_e0.2_c150,0.26264825074953974,0.036582497856757774,0.009608329070126216,370,82,1480,5785,7265
661,openphenom,Raw,std_all__tvn_efaar_e0.2_c150,0.27212694632735634,-0.001149550787279411,-0.0003128237453905545,370,73,1480,5689,7169
662,openphenom,Raw,std_all__tvn_efaar_e0.2_c150,0.29287172635960995,-0.0021374534652553743,-0.0006259996863826721,370,71,1480,5628,7108
663,openphenom,Raw,std_all__tvn_efaar_e0.2_c150,0.2493773499516059,-0.052744400374447796,-0.01315325879016628,370,90,1480,5721,7201
664,openphenom,Raw,std_all__tvn_efaar_e0.2_c150,0.29816775587763117,0.009649414579442605,0.0028771442906852978,370,61,1480,5593,7073
665,openphenom,Raw,std_all__tvn_efaar_e0.2_c150,0.2957496163756497,0.009404479102975776,0.0027813710869179003,370,66,1480,5785,7265
666,openphenom,Raw,std_all__tvn_efaar_e0.2_c150,0.3233748008927962,0.1567104782856552,0.050676219713438615,370,64,1480,5657,7137
667,openphenom,Raw,std_all__tvn_efaar_e0.2_c150,0.3001631691491129,-0.02332698086186039,-0.00700190050217672,370,75,1480,5753,7233
668,openphenom,Raw,std_all__tvn_efaar_e0.2_c150,0.2779157928115898,-0.00639052069183171,-0.001776026624549279,370,76,1480,5625,7105
669,openphenom,Raw,std_all__tvn_efaar_e0.2_c150,0.3224448206358628,0.02675993544098132,0.00862860258349449,370,62,1480,5753,7233
670,openphenom,Raw,std_all__tvn_efaar_e0.2_c150,0.2743524754805963,-0.014963104450951666,-0.0041051647469933185,370,65,1480,5721,7201
671,openphenom,Raw,std_all__tvn_efaar_e0.2_c150,0.27673121397524825,-0.044242410146760405,-0.012243255869103848,370,81,1480,5817,7297
672,openphenom,Raw,std_all__tvn_efaar_e0.2_c150,0.29678486084699135,0.02214543912030106,0.006572431067714069,370,71,1480,5625,7105
673,openphenom,Raw,std_all__tvn_efaar_e0.2_c150,0.3373904989744236,0.1487344255596732,0.050181582054252404,370,46,1480,5657,7137
674,openphenom,Raw,std_all__tvn_efaar_e0.2_c150,0.2787550923171664,0.0030496625110360814,0.0008501089548000643,370,67,1480,5753,7233
675,openphenom,Raw,std_all__tvn_efaar_e0.2_c150,0.31516583793478337,0.06824307410977049,0.021507885635051335,370,76,1480,5497,6977
676,openphenom,Raw,std_all__tvn_efaar_e0.2_c150,0.3052890459879399,0.021506019138726344,0.006565552065860142,370,80,1480,5593,7073
677,openphenom,Raw,std_all__tvn_efaar_e0.2_c150,0.2572616257020561,-0.008222456637781645,-0.002115322561900368,370,110,1480,5657,7137
678,openphenom,Raw,std_all__tvn_efaar_e0.2_c150,0.2596546364395317,0.025343816108941934,0.006580639357757664,370,79,1480,5913,7393
679,openphenom,Raw,std_all__tvn_efaar_e0.2_c150,0.2865799783803515,-0.0769543558175045,-0.022053577626454313,370,86,1480,5785,7265
680,openphenom,Raw,std_all__tvn_efaar_e0.2_c150,0.3129414945786414,0.03813837232679659,0.01193507923674442,370,79,1480,5625,7105
681,openphenom,Raw,std_all__tvn_efaar_e0.2_c150,0.3041849809618089,0.024059140304439335,0.007318429135463368,370,78,1480,5561,7041
682,openphenom,Raw,std_all__tvn_efaar_e0.2_c150,0.28556856967573646,0.04351497216576885,0.012426508360858094,370,71,1480,5657,7137
683,openphenom,Raw,std_all__tvn_efaar_e0.2_c150,0.3287412196853585,-0.008367895725425819,-0.0027508722469763813,370,75,1480,5433,6913
684,openphenom,Raw,std_all__tvn_efaar_e0.2_c150,0.2812363498192965,0.00918227594916761,0.0025823897709774148,370,86,1480,5721,7201
685,openphenom,Raw,std_all__tvn_efaar_e0.2_c150,0.2866265837901366,-0.014089641488616278,-0.004038465806709858,370,80,1480,5625,7105
686,openphenom,Raw,std_all__tvn_efaar_e0.2_c150,0.27448203328620663,-0.009752005669742393,-0.0026767503448495073,370,93,1480,5369,6849
687,openphenom,Raw,std_all__tvn_efaar_e0.2_c150,0.2710622365745631,0.0012671182197570845,0.00034346789865173405,370,49,1480,5497,6977
688,openphenom,Raw,std_all__tvn_efaar_e0.2_c150,0.29909744813862116,-0.029465101524361857,-0.008812936675082027,370,59,1480,5721,7201
689,openphenom,Raw,std_all__tvn_efaar_e0.2_c150,0.2702517469378577,0.020725543094685193,0.005601114227574527,370,73,1480,5881,7361
690,openphenom,Raw,std_all__tvn_efaar_e0.2_c150,0.29773119550021887,-0.014857303469905653,-0.004423482724004561,370,88,1480,5465,6945
691,openphenom,Raw,std_all__tvn_efaar_e0.2_c150,0.27417642975887463,-0.01017639648519442,-0.0027901280561213665,370,77,1480,5561,7041
692,openphenom,Raw,std_all__tvn_efaar_e0.2_c150,0.30292231900396,0.04088573344196294,0.012385201188417173,370,63,1480,5657,7137
693,openphenom,Raw,std_all__tvn_efaar_e0.2_c150,0.2945865692598799,-0.0035276286890717056,-0.0010391920331363615,370,91,1480,5945,7425
694,openphenom,Raw,std_all__tvn_efaar_e0.2_c150,0.3080015042770626,-0.0201574009327366,-0.006208509809598737,370,73,1480,5337,6817
695,openphenom,Raw,std_all__tvn_efaar_e0.2_c150,0.2704139594368359,0.025723163752028134,0.006955902559428023,370,77,1480,5721,7201
696,openphenom,Raw,std_all__tvn_efaar_e0.2_c150,0.30499009107316016,-0.015490421943022635,-0.004724425199164152,370,92,1480,5849,7329
697,openphenom,Raw,std_all__tvn_efaar_e0.2_c150,0.2798531726990546,0.13636494195029653,0.03816216164971289,370,59,1480,5849,7329
698,openphenom,Raw,std_all__tvn_efaar_e0.2_c150,0.27122408613989774,0.018274232691209466,0.004956412061581131,370,76,1480,5657,7137
699,openphenom,Raw,std_all__tvn_efaar_e0.2_c150,0.26374866464758157,0.02599422837881817,0.006855943023457561,370,60,1480,5529,7009
700,openphenom,Raw,std_all__tvn_efaar_e0.2_c150,0.30628974537642856,0.05252779153146586,0.0160887238933588,370,74,1480,5913,7393
701,openphenom,Raw,std_all__tvn_efaar_e0.2_c150,0.26607688497924126,0.041744147713401854,0.011107152789695282,370,108,1480,5785,7265
702,openphenom,Raw,std_all__tvn_efaar_e0.2_c150,0.26239177967538563,0.08788402040827652,0.023060044519955587,370,97,1480,5689,7169
703,openphenom,Raw,std_all__tvn_efaar_e0.2_c150,0.25942519118115753,0.04117363430734959,0.010681477951807234,370,71,1480,5401,6881
704,openphenom,Raw,std_all__tvn_efaar_e0.2_c150,0.3028302894755291,0.04207732436349654,0.01274228831735339,370,63,1480,5689,7169
705,openphenom,Raw,std_all__tvn_efaar_e0.2_c150,0.28160854682451886,-0.006862757514633104,-0.0019326111709048752,370,84,1480,5529,7009
706,openphenom,Raw,std_all__tvn_efaar_e0.2_c150,0.27919893837689597,-0.0063451630987392755,-0.0017715628009962613,370,74,1480,5753,7233
707,openphenom,Raw,std_all__tvn_efaar_e0.2_c150,0.2530459756747154,-0.014277023963856578,-0.00361274345866538,370,71,1480,5593,7073
708,openphenom,Raw,std_all__tvn_efaar_e0.2_c150,0.29665586803428984,0.05001820348803595,0.014838193573259047,370,97,1480,5593,7073
709,openphenom,Raw,std_all__tvn_efaar_e0.2_c150,0.27230964746181036,0.04849734892215377,0.013206295987824102,370,67,1480,5785,7265
710,openphenom,Raw,std_all__tvn_efaar_e0.2_c150,0.2877151055077094,0.00900457538884196,0.002590752358052788,370,68,1480,5689,7169
711,openphenom,Raw,std_all__tvn_efaar_e0.2_c150,0.254402518970577,0.03574805571722495,0.009094395422762563,370,72,1480,5881,7361
712,openphenom,Raw,std_all__tvn_efaar_e0.2_c150,0.2768707993190978,0.05041802051057059,0.013959277638848347,370,75,1480,5753,7233
713,openphenom,Raw,std_all__tvn_efaar_e0.2_c150,0.2920482919104544,0.04049338701185005,0.011826024510479784,370,55,1480,5529,7009
714,openphenom,Raw,std_all__tvn_efaar_e0.2_c150,0.27184521694254793,0.027090401273754963,0.0073643960113245945,370,69,1480,5881,7361
715,openphenom,Raw,std_all__tvn_efaar_e0.2_c150,0.2435658833929555,-0.01215139179675605,-0.0029596644774308,370,65,1480,5561,7041
716,openphenom,Raw,std_all__tvn_efaar_e0.2_c150,0.27909487454098925,-0.027987910067736495,-0.007811282249019407,370,72,1480,5721,7201
717,openphenom,Raw,std_all__tvn_efaar_e0.2_c150,0.29168135421951663,0.02081018834885947,0.006069943919158537,370,73,1480,5529,7009
718,openphenom,Raw,std_all__tvn_efaar_e0.2_c150,0.30384468102835616,0.07950187991855771,0.024156223345008842,370,74,1480,5657,7137
719,openphenom,Raw,std_all__tvn_efaar_e0.2_c150,0.27781501282387094,-0.049429050931038866,-0.013732132418278333,370,76,1480,5529,7009
720,openphenom,Raw,std_all__tvn_efaar_e0.2_c150,0.2904871334362913,0.045490306633486126,0.01321434877309929,370,60,1480,5625,7105
721,openphenom,Raw,std_all__tvn_efaar_e0.2_c150,0.2762133450728952,0.033167344646514524,0.009161263211999358,370,72,1480,5689,7169
722,openphenom,Raw,std_all__tvn_efaar_e0.2_c150,0.25437110834615745,0.04504950716696567,0.011459293068509221,370,86,1480,5593,7073
723,openphenom,Raw,std_all__tvn_efaar_e0.2_c150,0.27149994285466683,-0.010275613032051528,-0.0027898283509986597,370,80,1480,5721,7201
724,openphenom,Raw,std_all__tvn_efaar_e0.2_c150,0.30252753632275975,-0.01407612133313135,-0.004258414307892468,370,53,1480,5913,7393
725,openphenom,Raw,std_all__tvn_efaar_e0.2_c150,0.28399431949994663,-0.018036987097578224,-0.005122401876606045,370,60,1480,5721,7201
726,openphenom,Raw,std_all__tvn_efaar_e0.2_c150,0.29702740024754914,0.03931737073823325,0.011678336414946484,370,75,1480,5785,7265
727,openphenom,Raw,std_all__tvn_efaar_e0.2_c150,0.2868492860532215,0.17613101800112427,0.0505230567654496,370,51,1480,5913,7393
728,openphenom,Raw,std_all__tvn_efaar_e0.2_c150,0.2897820638572686,0.04707861625806779,0.013642538582807246,370,97,1480,5561,7041
729,openphenom,Raw,std_all__tvn_efaar_e0.2_c150,0.30181516821951143,0.04766690753056513,0.01438659571484141,370,75,1480,5535,7015
730,openphenom,Raw,std_all__tvn_efaar_e0.2_c150,0.274678832908778,-0.013152653665636138,-0.003612755558530295,370,53,1480,5849,7329
731,openphenom,Raw,std_all__tvn_efaar_e0.2_c150,0.30359655284401393,-0.012561611091123604,-0.003813661825432259,370,93,1480,5593,7073
732,openphenom,Raw,std_all__tvn_efaar_e0.2_c150,0.2730015310910184,0.0009151708816670695,0.0002498430519050272,370,59,1480,5753,7233
733,openphenom,Raw,std_all__tvn_efaar_e0.2_c150,0.29168162756292415,-0.007028240215847009,-0.002050008545061453,370,80,1480,5945,7425
734,openphenom,Raw,std_all__tvn_efaar_e0.2_c150,0.2901325077018061,-0.027574961072213276,-0.008000392605660921,370,64,1480,5625,7105
735,openphenom,Raw,std_all__tvn_efaar_e0.2_c150,0.29991170039946213,0.009683172057424732,0.0029040965970028097,370,100,1480,5945,7425
736,openphenom,Raw,std_all__tvn_efaar_e0.2_c150,0.29751112550906206,0.006027288196793214,0.0017931852951954342,370,57,1480,5657,7137
737,openphenom,Raw,std_all__tvn_efaar_e0.2_c150,0.2989128016335386,0.015626631398086743,0.004671000171296728,370,79,1480,5753,7233
738,openphenom,Raw,std_all__tvn_efaar_e0.2_c150,0.25856265347581037,0.0731487124043783,0.01891352517761498,370,93,1480,5785,7265
739,openphenom,Raw,std_all__tvn_efaar_e0.2_c150,0.25845019555145893,0.09334893157576052,0.024126049620275064,370,110,1480,5721,7201
740,openphenom,Raw,std_all__tvn_efaar_e0.2_c150,0.3136334153088962,0.03172855709739038,0.009951135725277864,370,67,1480,5497,6977
741,openphenom,Raw,std_all__tvn_efaar_e0.2_c150,0.2601164299992981,0.05132129812738852,0.013349512851825965,370,101,1480,5945,7425
742,openphenom,Raw,std_all__tvn_efaar_e0.2_c150,0.28920568121867285,-0.05504873715716573,-0.015920407529765784,370,47,1480,5593,7073
743,openphenom,Raw,std_all__tvn_efaar_e0.2_c150,0.2828892386432123,-0.006718184182481857,-0.0019005020084471643,370,64,1480,5625,7105
744,openphenom,Raw,std_all__tvn_efaar_e0.2_c150,0.30306613603774046,0.05742908085247567,0.017404809630158787,370,74,1480,5593,7073
745,openphenom,Raw,std_all__tvn_efaar_e0.2_c150,0.2876126530439924,0.006726332578495414,0.0019345783581573043,370,76,1480,5593,7073
746,openphenom,Raw,std_all__tvn_efaar_e0.2_c150,0.27785745090340214,-0.020825953687651024,-0.0057866464042830214,370,56,1480,5657,7137
747,openphenom,Raw,std_all__tvn_efaar_e0.2_c150,0.27586126802454336,0.05194262823655795,0.014328959289864327,370,77,1480,5913,7393
748,openphenom,Raw,std_all__tvn_efaar_e0.2_c150,0.27336900559423905,-0.014746361403836023,-0.0040311981530999205,370,78,1480,5721,7201
749,openphenom,Raw,std_all__tvn_efaar_e0.2_c150,0.2859224671826404,-0.006387066376015713,-0.0018262057762896988,370,85,1480,5724,7204
750,openphenom,Raw,std_all__tvn_efaar_e0.2_c150,0.281475092377886,0.08994142958323333,0.025316272200539728,370,84,1480,5753,7233
751,openphenom,Raw,std_all__tvn_efaar_e0.2_c150,0.2994193874387755,-0.001380903645975404,-0.0004134693237899272,370,78,1480,5753,7233
752,openphenom,Raw,std_all__tvn_efaar_e0.2_c150,0.3305898821480351,0.06866065959647717,0.022698519364205742,370,47,1480,5625,7105
753,openphenom,Raw,std_all__tvn_efaar_e0.2_c150,0.2886587652960243,0.08157429008219595,0.023547133855026405,370,71,1480,5401,6881
754,openphenom,Raw,std_all__tvn_efaar_e0.2_c150,0.27146978562471397,-0.027900615250942094,-0.0075741740409708755,370,72,1480,5785,7265
755,openphenom,Raw,std_all__tvn_efaar_e0.2_c150,0.30651361852299264,-0.00516049377095022,-0.0015817616190993153,370,79,1480,5657,7137
756,openphenom,Raw,std_all__tvn_efaar_e0.2_c150,0.2864527484777545,0.032463208737931334,0.009299175367387487,370,69,1480,5593,7073
757,openphenom,Raw,std_all__tvn_efaar_e0.2_c150,0.30579043448547494,0.03717725817529474,0.011368449930402055,370,52,1480,5657,7137
758,openphenom,Raw,std_all__tvn_efaar_e0.2_c150,0.27133244677738105,0.11195232832744703,0.03037629916751091,370,95,1480,5593,7073
759,openphenom,Raw,std_all__tvn_efaar_e0.2_c150,0.29703172847754616,0.00596067426415087,0.0017705093795723583,370,81,1480,5753,7233
760,openphenom,Raw,std_all__tvn_efaar_e0.2_c150,0.2795254385204546,0.014169808911128024,0.003960822049634106,370,62,1480,5593,7073
761,openphenom,Raw,std_all__tvn_efaar_e0.2_c150,0.27751338307579243,0.005111020614699152,0.0014183766217552777,370,81,1480,5913,7393
762,openphenom,Raw,std_all__tvn_efaar_e0.2_c150,0.3124763022613735,0.05178774870239544,0.016182444216965772,370,88,1480,5721,7201
763,openphenom,Raw,std_all__tvn_efaar_e0.2_c150,0.28875038132022185,-0.018437652968457584,-0.005323879325292048,370,63,1480,5689,7169
764,openphenom,Raw,std_all__tvn_efaar_e0.2_c150,0.2782684059698668,-0.01820167401908564,-0.0050649508152741,370,81,1480,5849,7329
765,openphenom,Raw,std_all__tvn_efaar_e0.2_c150,0.3038661817682794,-0.005960229282973429,-0.0018111121146806254,370,79,1480,5945,7425
766,openphenom,Raw,std_all__tvn_efaar_e0.2_c150,0.27421227957308253,-0.015100184516017785,-0.004140656018111401,370,79,1480,5881,7361
767,openphenom,Raw,std_all__tvn_efaar_e0.2_c150,0.2617809904168986,0.0004398355786237797,0.00011514059339272273,370,88,1480,5753,7233
768,openphenom,Raw,std_all__tvn_efaar_e0.2_c150,0.3008618708661685,0.05645136931945911,0.016984064586409494,370,80,1480,5689,7169
769,openphenom,Raw,std_all__tvn_efaar_e0.2_c150,0.3024138235750722,0.029889965291071817,0.009039138690199223,370,90,1480,5785,7265
770,openphenom,Raw,std_all__tvn_efaar_e0.2_c150,0.26313936969803153,0.0029269383434765766,0.0007701927108474269,370,66,1480,5657,7137
771,openphenom,Raw,std_all__tvn_efaar_e0.2_c150,0.2733232144834453,-0.01719046711555009,-0.004698553730494111,370,79,1480,5689,7169
772,openphenom,Raw,std_all__tvn_efaar_e0.2_c150,0.25754623829102896,0.014146414265950343,0.0036433557795020584,370,106,1480,5983,7463
773,openphenom,Raw,std_all__tvn_efaar_e0.2_c150,0.284183876907246,0.029903976196662144,0.00849822789050945,370,63,1480,5593,7073
774,openphenom,Raw,std_all__tvn_efaar_e0.2_c150,0.3053329928585176,-0.010485804507907464,-0.0032016620729287213,370,91,1480,5593,7073
775,openphenom,Raw,std_all__tvn_efaar_e0.2_c150,0.2438292912973579,-0.011275860307364181,-0.0027493850275126163,370,77,1480,5689,7169
776,openphenom,Raw,std_all__tvn_efaar_e0.2_c150,0.2766978689359215,-0.06273544689352244,-0.017358764462180334,370,81,1480,5913,7393
777,openphenom,Raw,std_all__tvn_efaar_e0.2_c150,0.272057590634396,0.09846271692766444,0.026787529534656945,370,45,1480,5529,7009
778,openphenom,Raw,std_all__tvn_efaar_e0.2_c150,0.3064940000224707,0.09159654843935094,0.028073792519428663,370,77,1480,5721,7201
779,openphenom,Raw,std_all__tvn_efaar_e0.2_c150,0.27720512538838715,0.029830627689708095,0.008269202889139826,370,83,1480,5721,7201
780,openphenom,Raw,std_all__tvn_efaar_e0.2_c150,0.2785471273680759,0.03554114511456345,0.009899883875033575,370,75,1480,5657,7137
781,openphenom,Raw,std_all__tvn_efaar_e0.2_c150,0.298440565684731,0.04313476631301769,0.012873164059135678,370,55,1480,5689,7169
782,openphenom,Raw,std_all__tvn_efaar_e0.2_c150,0.30358929402592805,0.009515697225621136,0.002888863802890803,370,88,1480,5369,6849
783,openphenom,Raw,std_all__tvn_efaar_e0.2_c150,0.2664373193455746,0.07577083535755842,0.020188178257242746,370,67,1480,5273,6753
784,openphenom,Raw,std_all__tvn_efaar_e0.2_c150,0.28727889889990776,-0.0008487137456269694,-0.00024381755032493218,370,62,1480,5785,7265
785,openphenom,Raw,std_all__tvn_efaar_e0.2_c150,0.2762186947062611,-0.00902020311701962,-0.002491548730968507,370,73,1480,5401,6881
786,openphenom,Raw,std_all__tvn_efaar_e0.2_c150,0.28107262138099665,0.015253068610414892,0.00428721997843351,370,83,1480,5657,7137
787,openphenom,Raw,std_all__tvn_efaar_e0.2_c150,0.2817993942658247,0.014199672921287852,0.004001459227991749,370,64,1480,5625,7105
788,openphenom,Raw,std_all__tvn_efaar_e0.2_c150,0.28180367058613615,0.044747962013084765,0.012610139946536272,370,90,1480,5756,7236
789,openphenom,Raw,std_all__tvn_efaar_e0.2_c150,0.2799475652599592,0.0227982159922955,0.00638230505931379,370,63,1480,5593,7073
790,openphenom,Raw,std_all__tvn_efaar_e0.2_c150,0.2760045794429492,0.011124239650731513,0.0030703410864227313,370,89,1480,6009,7489
791,openphenom,Raw,std_all__tvn_efaar_e0.2_c150,0.2734500016834097,0.09942271198099409,0.027187140758571992,370,85,1480,5465,6945
792,openphenom,Raw,std_all__tvn_efaar_e0.2_c150,0.2354951041624091,0.03331360761008339,0.007845191494162213,370,65,1480,5852,7332
793,openphenom,Raw,std_all__tvn_efaar_e0.2_c150,0.2581196891417603,0.03410860399728433,0.008804102260838435,370,70,1480,5625,7105
794,openphenom,Raw,std_all__tvn_efaar_e0.2_c150,0.3108279466853683,-0.00599327873586726,-0.0018628785233827001,370,70,1480,5785,7265
795,openphenom,Raw,std_all__tvn_efaar_e0.2_c150,0.29412444285098804,0.014008054315101194,0.004120111170855517,370,71,1480,5785,7265
796,openphenom,Raw,std_all__tvn_efaar_e0.2_c150,0.28903907636026743,0.06652816678974703,0.0192292398808503,370,88,1480,5689,7169
797,openphenom,Raw,std_all__tvn_efaar_e0.2_c150,0.3045871887803785,0.011018651845485321,0.0033561401897661035,370,56,1480,5817,7297
798,openphenom,Raw,std_all__tvn_efaar_e0.2_c150,0.292241556040611,0.004606624968626672,0.0013462472489269893,370,67,1480,5753,7233
799,openphenom,Raw,std_all__tvn_efaar_e0.2_c150,0.27646364218771835,0.09116607267220266,0.025204104494907363,370,87,1480,5721,7201
800,openphenom,Raw,std_all__tvn_efaar_e0.2_c150,0.2789857338712386,-0.010267579331957056,-0.002864508155007201,370,49,1480,5625,7105
801,openphenom,Raw,std_all__tvn_efaar_e0.2_c150,0.30103040219169885,0.04891148561732174,0.014723844187175858,370,67,1480,5695,7175
802,openphenom,Raw,std_all__tvn_efaar_e0.2_c150,0.2572090361909604,0.018570198645455987,0.004776422895472413,370,94,1480,5785,7265
803,openphenom,Raw,std_all__tvn_efaar_e0.2_c150,0.28438026449388737,-0.022994512255061897,-0.006539185477002437,370,50,1480,5721,7201
804,openphenom,Raw,std_all__tvn_efaar_e0.2_c150,0.3005743474358796,0.05091082888278386,0.015302489168862489,370,85,1480,5689,7169
805,openphenom,Raw,std_all__tvn_efaar_e0.2_c150,0.2507377051895297,0.01284531032358965,0.003220803632984244,370,52,1480,5753,7233
806,openphenom,Raw,std_all__tvn_efaar_e0.2_c150,0.28683772212985137,0.024314132806553534,0.006974210469794506,370,74,1480,5817,7297
807,openphenom,Raw,std_all__tvn_efaar_e0.2_c150,0.27698207629673527,0.04529892172568705,0.01254698939358409,370,104,1480,5625,7105
808,openphenom,Raw,std_all__tvn_efaar_e0.2_c150,0.29859911967207625,0.006524755143665841,0.0019482861419744715,370,76,1480,5691,7171
809,openphenom,Raw,std_all__tvn_efaar_e0.2_c150,0.2681071232455874,0.017485141213372205,0.004687890910260081,370,90,1480,5689,7169
810,openphenom,Raw,std_all__tvn_efaar_e0.2_c150,0.26743793619600337,0.008291292871503354,0.0022174062539514917,370,85,1480,5657,7137
811,openphenom,Raw,std_all__tvn_efaar_e0.2_c150,0.2687200364050631,0.030588862643841978,0.00821984028324269,370,97,1480,5593,7073
812,openphenom,Raw,std_all__tvn_efaar_e0.2_c150,0.2779380042789055,-0.024534800180577097,-0.00681915339757133,370,102,1480,5561,7041
813,openphenom,Raw,std_all__tvn_efaar_e0.2_c150,0.27598757042075367,0.03607706765208143,0.009956822249203117,370,75,1480,5465,6945
814,openphenom,Raw,std_all__tvn_efaar_e0.2_c150,0.2982857576088699,0.015427548395461291,0.0046018179611876766,370,104,1480,5785,7265
815,openphenom,Raw,std_all__tvn_efaar_e0.2_c150,0.31066797507686367,0.025336415891561093,0.007871213020736555,370,89,1480,5817,7297
816,openphenom,Raw,std_all__tvn_efaar_e0.2_c150,0.2771554457041779,-0.022481449778387994,-0.006230856233405215,370,79,1480,5465,6945
817,openphenom,Raw,std_all__tvn_efaar_e0.2_c150,0.30350996401053193,0.05348761382412294,0.016234023746768782,370,53,1480,5913,7393
818,openphenom,Raw,std_all__tvn_efaar_e0.2_c150,0.252710105029274,0.01438881809325301,0.003636199731593086,370,83,1480,5657,7137
819,openphenom,Raw,std_all__tvn_efaar_e0.2_c150,0.2632154120977186,-0.00913828573115403,-0.0024053376445924094,370,61,1480,5689,7169
820,openphenom,Raw,std_all__tvn_efaar_e0.2_c150,0.24966355153055517,0.009916382509238758,0.0024757592755920267,370,59,1480,5689,7169
821,openphenom,Raw,std_all__tvn_efaar_e0.2_c150,0.30045806298838085,-0.02011398514639103,-0.006043409016061712,370,75,1480,5465,6945
822,openphenom,Raw,std_all__tvn_efaar_e0.2_c150,0.25843422216123674,0.00391115647162053,0.0010107766804941388,370,86,1480,5849,7329
823,openphenom,Raw,std_all__tvn_efaar_e0.2_c150,0.2964895542884182,0.01825893885137021,0.005413584641822236,370,85,1480,5691,7171
824,openphenom,Raw,std_all__tvn_efaar_e0.2_c150,0.29963633003735657,0.047761088632657336,0.014310957316478353,370,69,1480,5977,7457
825,openphenom,Raw,std_all__tvn_efaar_e0.2_c150,0.3094194219760789,0.013686794468548164,0.004234960033163567,370,51,1480,5497,6977
826,openphenom,Raw,std_all__tvn_efaar_e0.2_c150,0.28376109090461726,0.018584288500231465,0.0052734979785118135,370,77,1480,5849,7329
827,openphenom,Raw,std_all__tvn_efaar_e0.2_c150,0.2806749509993849,-0.027978401387002527,-0.007852836438338057,370,67,1480,5721,7201
828,openphenom,Raw,std_all__tvn_efaar_e0.2_c150,0.2905195634103561,0.02825899549839461,0.00820979103460882,370,70,1480,5849,7329
829,openphenom,Raw,std_all__tvn_efaar_e0.2_c150,0.25536269258718985,0.019897293629497395,0.005081026476426395,370,55,1480,5561,7041
830,openphenom,Raw,std_all__tvn_efaar_e0.2_c150,0.2768250975965321,-0.011093616679742103,-0.0030709915200681243,370,70,1480,5401,6881
831,openphenom,Raw,std_all__tvn_efaar_e0.2_c150,0.2687028440401973,0.04785687743756226,0.012859279074356128,370,69,1480,5753,7233
832,openphenom,Raw,std_all__tvn_efaar_e0.2_c150,0.2893191884463226,0.06635305444907116,0.019197211864139925,370,72,1480,5753,7233
833,openphenom,Raw,std_all__tvn_efaar_e0.2_c150,0.29313381153525503,-0.00292755665731113,-0.000858165841443022,370,68,1480,5881,7361
834,openphenom,Raw,std_all__tvn_efaar_e0.2_c150,0.2977960924075253,0.010967564886721327,0.003266097966491594,370,76,1480,5785,7265
835,openphenom,Raw,std_all__tvn_efaar_e0.2_c150,0.2941905023901894,0.03615984521618889,0.010637883030502096,370,69,1480,5881,7361
836,openphenom,Raw,std_all__tvn_efaar_e0.2_c150,0.2935121352913932,0.03691719058539314,0.010835643437678058,370,99,1480,5785,7265
837,openphenom,Raw,std_all__tvn_efaar_e0.2_c150,0.26977461243227563,-0.003643087865515955,-0.000982812616976293,370,73,1480,5401,6881
838,openphenom,Raw,std_all__tvn_efaar_e0.2_c150,0.2839227100850405,0.007127898111427213,0.002023772149006456,370,69,1480,5817,7297
839,openphenom,Raw,std_all__tvn_efaar_e0.2_c150,0.29336880899333234,-0.00454118284209849,-0.0013322414018073902,370,64,1480,5817,7297
840,openphenom,Raw,std_all__tvn_efaar_e0.2_c150,0.3057152588885488,0.04509837131085589,0.013787260260750209,370,60,1480,5849,7329
841,openphenom,Raw,std_all__tvn_efaar_e0.2_c150,0.27865531168707236,0.012536531971429501,0.0034933712239736355,370,82,1480,5881,7361
842,openphenom,Raw,std_all__tvn_efaar_e0.2_c150,0.29236347886691666,0.009604322888514675,0.002807953251847304,370,68,1480,5753,7233
843,openphenom,Raw,std_all__tvn_efaar_e0.2_c150,0.2704469790171226,0.044132916727590656,0.011935614004191129,370,78,1480,5625,7105
844,openphenom,Raw,std_all__tvn_efaar_e0.2_c150,0.31013178892570836,-0.04807589127312337,-0.014909862164731601,370,96,1480,5881,7361
845,openphenom,Raw,std_all__tvn_efaar_e0.2_c150,0.2687395191648608,0.01322409403618444,0.003553836672675109,370,71,1480,5785,7265
846,openphenom,Raw,std_all__tvn_efaar_e0.2_c150,0.26821186946671427,0.04910807855527566,0.013171369555228745,370,76,1480,5785,7265
847,openphenom,Raw,std_all__tvn_efaar_e0.2_c150,0.2660910569150512,0.06598981749487036,0.01755930028284139,370,57,1480,5625,7105
848,openphenom,Raw,std_all__tvn_efaar_e0.2_c150,0.2797215841968725,0.05729143898226058,0.016025652073036384,370,41,1480,5660,7140
849,openphenom,Raw,std_all__tvn_efaar_e0.2_c150,0.2833590521743957,-0.03354816472462131,-0.009506176158559193,370,70,1480,5663,7143
850,openphenom,Raw,std_all__tvn_efaar_e0.2_c150,0.2914093718386689,0.028111999373780724,0.008192100078642494,370,75,1480,5881,7361
851,openphenom,Raw,std_all__tvn_efaar_e0.2_c150,0.2633859751254682,0.0646829314445766,0.017036576972503617,370,91,1480,5561,7041
852,openphenom,Raw,std_all__tvn_efaar_e0.2_c150,0.25574798594362996,-0.009154321760472432,-0.0023411993529207694,370,82,1480,5657,7137
853,openphenom,Raw,std_all__tvn_efaar_e0.2_c150,0.27671503729966973,0.1005607303551173,0.027826666251098312,370,80,1480,5689,7169
854,openphenom,Raw,std_all__tvn_efaar_e0.2_c150,0.30282255554961013,0.03028600015105116,0.00917128396311719,370,103,1480,5785,7265
855,openphenom,Raw,std_all__tvn_efaar_e0.2_c150,0.2845450233878712,-0.008647980054681911,-0.002460739686917308,370,56,1480,5689,7169
856,openphenom,Raw,std_all__tvn_efaar_e0.2_c150,0.25999586583657824,0.024422906465684187,0.006349854712791325,370,72,1480,5753,7233
857,openphenom,Raw,std_all__tvn_efaar_e0.2_c150,0.2860977323021895,-0.02598165046394849,-0.007433291279203792,370,83,1480,5625,7105
858,openphenom,Raw,std_all__tvn_efaar_e0.2_c150,0.29698953863019895,0.21223724597741742,0.06303224176297724,370,65,1480,5785,7265
859,openphenom,Raw,std_all__tvn_efaar_e0.2_c150,0.27985616961706683,-0.000977905371503239,-0.0002736728515168512,370,53,1480,5689,7169
860,openphenom,Raw,std_all__tvn_efaar_e0.2_c150,0.28524333365443605,0.06774464381184987,0.01932370803812442,370,60,1480,5561,7041
861,openphenom,Raw,std_all__tvn_efaar_e0.2_c150,0.29492755468544923,0.0472440188105299,0.013933562941302949,370,85,1480,5817,7297
862,openphenom,Raw,std_all__tvn_efaar_e0.2_c150,0.29186514089127646,0.006869881866688255,0.002005079038927393,370,58,1480,5625,7105
863,openphenom,Raw,std_all__tvn_efaar_e0.2_c150,0.29566939681299526,0.03242797197173898,0.00958795891275278,370,86,1480,5470,6950
864,openphenom,Raw,std_all__tvn_efaar_e0.2_c150,0.26755998145415794,0.05143715300932592,0.013762523705229927,370,53,1480,5785,7265
865,openphenom,Raw,std_all__tvn_efaar_e0.2_c150,0.27059721594002495,0.1668016461162454,0.04513606105326928,370,61,1480,5881,7361
866,openphenom,Raw,std_all__tvn_efaar_e0.2_c150,0.2686283101956865,0.008125506943022743,0.0021827411995875177,370,80,1480,5817,7297
867,openphenom,Raw,std_all__tvn_efaar_e0.2_c150,0.2876788976028277,0.002435460126356919,0.0007006304843060019,370,67,1480,6009,7489
868,openphenom,Raw,std_all__tvn_efaar_e0.2_c150,0.26527010892362457,-0.005562910683067831,-0.0014756739228297983,370,83,1480,5689,7169
869,openphenom,Raw,std_all__tvn_efaar_e0.2_c150,0.3172760575742183,-0.018979456442313344,-0.006021727114918777,370,64,1480,5625,7105
870,openphenom,Raw,std_all__tvn_efaar_e0.2_c150,0.26042815214074244,0.09439651449253667,0.024583509837818138,370,46,1480,6009,7489
871,openphenom,Raw,std_all__tvn_efaar_e0.2_c150,0.2740227028444671,-0.013237167688147857,-0.003627284467911722,370,80,1480,5817,7297
872,openphenom,Raw,std_all__tvn_efaar_e0.2_c150,0.2865438330932872,-0.02359873717703402,-0.006762072606868387,370,70,1480,5657,7137
873,openphenom,Raw,std_all__tvn_efaar_e0.2_c150,0.29135575827570154,0.0011869167559201308,0.0003458150314312455,370,84,1480,5657,7137
874,openphenom,Raw,std_all__tvn_efaar_e0.2_c150,0.2707503912887804,-0.017421644786643268,-0.004716917142877806,370,100,1480,5721,7201
875,openphenom,Raw,std_all__tvn_efaar_e0.2_c150,0.257455145058495,0.05196123601056306,0.013377687554518205,370,71,1480,5561,7041
876,openphenom,Raw,std_all__tvn_efaar_e0.2_c150,0.2741186370070558,0.006685460679121602,0.001832609369125079,370,71,1480,5817,7297
877,openphenom,Raw,std_all__tvn_efaar_e0.2_c150,0.32818764721322347,0.0076004440044364855,0.002494371835591861,370,53,1480,5657,7137
878,openphenom,Raw,std_all__tvn_efaar_e0.2_c150,0.29675319706148995,0.013791114510426371,0.0040925573220101305,370,79,1480,5753,7233
879,openphenom,Raw,std_all__tvn_efaar_e0.2_c150,0.2963736283553151,0.008471794347303122,0.0025108164293902746,370,90,1480,5785,7265
880,openphenom,Raw,std_all__tvn_efaar_e0.2_c150,0.2653443497494484,0.02451521121515804,0.006504972778856495,370,53,1480,5753,7233
881,openphenom,Raw,std_all__tvn_efaar_e0.2_c150,0.2670354519171465,-0.005493026545861374,-0.0014668328260669743,370,58,1480,5785,7265
882,openphenom,Raw,std_all__tvn_efaar_e0.2_c150,0.2662803036689802,0.001906986354745589,0.0005077929056342571,370,64,1480,5785,7265
883,openphenom,Raw,std_all__tvn_efaar_e0.2_c150,0.23329782031812277,-0.00027385135103787805,-6.388892328831003e-05,370,84,1480,5785,7265
884,openphenom,Raw,std_all__tvn_efaar_e0.2_c150,0.3351823181289741,0.061036272724078376,0.020458279381608862,370,81,1480,5561,7041
885,openphenom,Raw,std_all__tvn_efaar_e0.2_c150,0.28398854396678036,0.03872062110994858,0.010996212810503676,370,62,1480,5401,6881
886,openphenom,Raw,std_all__tvn_efaar_e0.2_c150,0.2853782849690314,0.016888485819156047,0.00481960711879456,370,67,1480,5561,7041
887,openphenom,Raw,std_all__tvn_efaar_e0.2_c150,0.29619792003024814,0.012842722455237827,0.003803987678767206,370,83,1480,5817,7297
888,openphenom,Raw,std_all__tvn_efaar_e0.2_c150,0.27884867124836693,0.05890306136415774,0.016425040393856404,370,46,1480,5593,7073
889,openphenom,Raw,std_all__tvn_efaar_e0.2_c150,0.28703875355697595,-0.029806808960546206,-0.008555709291546084,370,74,1480,5721,7201
890,openphenom,Raw,std_all__tvn_efaar_e0.2_c150,0.31015420704431085,0.02586893835857611,0.00802336006368233,370,50,1480,5753,7233
891,openphenom,Raw,std_all__tvn_efaar_e0.2_c150,0.30284132749120213,0.10881197412949152,0.03295276269231356,370,82,1480,5401,6881
892,openphenom,Raw,std_all__tvn_efaar_e0.2_c150,0.2823948687536964,0.014710692608167604,0.004154224108359463,370,81,1480,5407,6887
893,openphenom,Raw,std_all__tvn_efaar_e0.2_c150,0.24493791740235915,0.011303866012671079,0.0027687453997389637,370,58,1480,5817,7297
894,openphenom,Raw,std_all__tvn_efaar_e0.2_c150,0.27229441571893037,-0.044929801788683485,-0.012234134126416923,370,63,1480,5753,7233
895,openphenom,Raw,std_all__tvn_efaar_e0.2_c150,0.2758150356473381,0.001479837360357397,0.0004081613942992382,370,84,1480,5817,7297
896,openphenom,Raw,std_all__tvn_efaar_e0.2_c150,0.2626910742103284,0.0494057812259742,0.012978457742451637,370,84,1480,5529,7009
897,openphenom,Raw,std_all__tvn_efaar_e0.2_c150,0.2654129602154864,-0.0026311583615798717,-0.0006983435295426428,370,79,1480,5689,7169
898,openphenom,Raw,std_all__tvn_efaar_e0.2_c150,0.2700825195906075,-0.04804033269208588,-0.012974854095449585,370,79,1480,5977,7457
899,openphenom,Raw,std_all__tvn_efaar_e0.2_c150,0.31446109017808593,0.0582181550368646,0.018307344501049268,370,88,1480,5689,7169
900,openphenom,Raw,std_all__tvn_efaar_e0.2_c150,0.26564761351345934,0.06773166360580019,0.01799275479617725,370,65,1480,5849,7329
901,openphenom,Raw,std_all__tvn_efaar_e0.2_c150,0.3044230767117752,0.021962835938778364,0.006685994089798859,370,59,1480,5561,7041
902,openphenom,Raw,std_all__tvn_efaar_e0.2_c150,0.29997087861363797,0.033874164991325104,0.010161263034751128,370,52,1480,5849,7329
903,openphenom,Raw,std_all__tvn_efaar_e0.2_c150,0.28076575595601755,0.015522840007513456,0.004358281909293829,370,75,1480,5786,7266
904,openphenom,Raw,std_all__tvn_efaar_e0.2_c150,0.2922001816253671,0.0071818703507455905,0.0020985438208977005,370,72,1480,5913,7393
905,openphenom,Raw,std_all__tvn_efaar_e0.2_c150,0.28622803304728617,0.010659097180537298,0.0030509324200450644,370,65,1480,5753,7233
906,openphenom,Raw,std_all__tvn_efaar_e0.2_c150,0.29562692311798716,0.020844551170944914,0.006162210526441881,370,90,1480,5913,7393
907,openphenom,Raw,std_all__tvn_efaar_e0.2_c150,0.30857806065695975,0.01845210176730279,0.005693913778399154,370,52,1480,5593,7073
908,openphenom,Raw,std_all__tvn_efaar_e0.2_c150,0.2808194718726733,0.0003906664139304814,0.00010970673603834896,370,70,1480,5593,7073
909,openphenom,Raw,std_all__tvn_efaar_e0.2_c150,0.2826065649556192,0.014865368816787464,0.004201050818110683,370,53,1480,5593,7073
910,openphenom,Raw,std_all__tvn_efaar_e0.2_c150,0.3227512138769249,-0.0033797034599307154,-0.0010908033942366815,370,55,1480,5465,6945
911,openphenom,Raw,std_all__tvn_efaar_e0.2_c150,0.2820922857274465,-0.002871405623337165,-0.0008100013755378241,370,80,1480,5753,7233
912,openphenom,Raw,std_all__tvn_efaar_e0.2_c150,0.2953962166198936,0.027972870909691985,0.008263080234719694,370,54,1480,5497,6977
913,openphenom,Raw,std_all__tvn_efaar_e0.2_c150,0.24318142639415297,0.018595795307453124,0.004522152027800147,370,82,1480,5401,6881
914,openphenom,Raw,std_all__tvn_efaar_e0.2_c150,0.2946373469861271,0.0001813554855100265,5.343409911205522e-05,370,69,1480,5561,7041
915,openphenom,Raw,std_all__tvn_efaar_e0.2_c150,0.2737738371280997,0.005383014106799785,0.0014737284273332676,370,101,1480,5849,7329
916,openphenom,Raw,std_all__tvn_efaar_e0.2_c150,0.31246518686775554,-0.012670840195596255,-0.003959196449488452,370,74,1480,5657,7137
917,openphenom,Raw,std_all__tvn_efaar_e0.2_c150,0.30748483319288933,0.033622847562906746,0.010338515674350327,370,80,1480,5561,7041
918,openphenom,Raw,std_all__tvn_efaar_e0.2_c150,0.28080211707993796,-0.059019787475341486,-0.016572881272683897,370,107,1480,5209,6689
919,openphenom,Raw,std_all__tvn_efaar_e0.2_c150,0.2872538363726996,0.013712879120598376,0.003939077135106974,370,70,1480,5599,7079
920,openphenom,Raw,std_all__tvn_efaar_e0.2_c150,0.28620722918302816,0.02914643775757637,0.008341921191151526,370,74,1480,5855,7335
921,openphenom,Raw,std_all__tvn_efaar_e0.2_c150,0.30709137771864536,0.013445370276700574,0.004128957282209304,370,46,1480,5785,7265
922,openphenom,Raw,std_all__tvn_efaar_e0.2_c150,0.28412420034576397,0.012597507065708044,0.0035792566213944093,370,115,1480,5721,7201
923,openphenom,Raw,std_all__tvn_efaar_e0.2_c150,0.2955083446302395,0.03832138950424548,0.011324290376330218,370,81,1480,5721,7201
924,openphenom,Raw,std_all__tvn_efaar_e0.2_c150,0.2774524365445915,0.020965163556578025,0.005816835711328447,370,74,1480,5785,7265
925,openphenom,Raw,std_all__tvn_efaar_e0.2_c150,0.2726857255060542,0.07093927123831203,0.01934412664448988,370,92,1480,5497,6977
926,openphenom,Raw,std_all__tvn_efaar_e0.2_c150,0.27397249981910404,0.012114548374705292,0.0033190531023974726,370,91,1480,5078,6558
927,openphenom,Raw,std_all__tvn_efaar_e0.2_c150,0.2916057519864636,0.05044344419327952,0.014709598476768485,370,53,1480,5785,7265
928,openphenom,Raw,std_all__tvn_efaar_e0.2_c150,0.2598096560086245,-0.009918229055835618,-0.0025768516792113966,370,72,1480,5721,7201
929,openphenom,Raw,std_all__tvn_efaar_e0.2_c150,0.27813134848768645,0.035019322583534386,0.009739971413283711,370,73,1480,5561,7041
930,openphenom,Raw,std_all__tvn_efaar_e0.2_c150,0.25637559932998755,-0.030250499785887966,-0.007755490012638687,370,77,1480,5657,7137
931,openphenom,Raw,std_all__tvn_efaar_e0.2_c150,0.2864086298508601,0.0445850533682766,0.012769544047035576,370,101,1480,5977,7457
932,openphenom,Raw,std_all__tvn_efaar_e0.2_c150,0.3112153856919454,-0.00793247276058758,-0.0024687075696771146,370,66,1480,5689,7169
933,openphenom,Raw,std_all__tvn_efaar_e0.2_c150,0.3019666854309598,-0.023057672713125046,-0.006962649002934256,370,67,1480,5593,7073
934,openphenom,Raw,std_all__tvn_efaar_e0.2_c150,0.27822086118420414,0.04994967641679392,0.013897041988552735,370,53,1480,5561,7041
935,openphenom,Raw,std_all__tvn_efaar_e0.2_c150,0.3075861831980436,0.009120451086088792,0.002805324738614503,370,91,1480,5657,7137
936,openphenom,Raw,std_all__tvn_efaar_e0.2_c150,0.2951908541389428,-0.011036586079506682,-0.0032578992715875436,370,88,1480,5753,7233
937,openphenom,Raw,std_all__tvn_efaar_e0.2_c150,0.28124040595942684,-0.034037777749486645,-0.00957279843222237,370,52,1480,5721,7201
938,openphenom,Raw,std_all__tvn_efaar_e0.2_c150,0.2239787617968559,0.0019952305854852694,0.0004468892760362065,370,75,1480,5566,7046
939,openphenom,Raw,std_all__tvn_efaar_e0.2_c150,0.25028727330586636,0.054649654262634205,0.013678112952503032,370,67,1480,5753,7233
940,openphenom,Raw,std_all__tvn_efaar_e0.2_c150,0.3079356655027789,0.04583261356452782,0.014113496359724566,370,58,1480,5785,7265
941,openphenom,Raw,std_all__tvn_efaar_e0.2_c150,0.27140417066042627,0.06142243708608099,0.016670305597290023,370,67,1480,5721,7201
942,openphenom,Raw,std_all__tvn_efaar_e0.2_c150,0.29446282670293317,0.006038400876826994,0.0017780845909559468,370,84,1480,5881,7361
943,openphenom,Raw,std_all__tvn_efaar_e0.2_c150,0.2944216290282557,-0.0568159836544279,-0.01672785446237941,370,99,1480,5753,7233
944,openphenom,Raw,std_all__tvn_efaar_e0.2_c150,0.2868302504595841,0.021465691605824528,0.006157009699586841,370,56,1480,5593,7073
945,openphenom,Raw,std_all__tvn_efaar_e0.2_c150,0.2648058178420579,-0.030187627216461472,-0.007993859313766246,370,83,1480,5625,7105
946,openphenom,Raw,std_all__tvn_efaar_e0.2_c150,0.26098233313896557,-0.0074260219163126044,-0.0019380605256603557,370,81,1480,5625,7105
947,openphenom,Raw,std_all__tvn_efaar_e0.2_c150,0.23550899921264504,0.01567767397781575,0.0036922333084975154,370,89,1480,5721,7201
948,openphenom,Raw,std_all__tvn_efaar_e0.2_c150,0.2927716844754964,0.03856149034960572,0.011289712485539666,370,67,1480,5561,7041
949,openphenom,Raw,std_all__tvn_efaar_e0.2_c150,0.30170098753711944,0.02074717257321351,0.006259442453941555,370,60,1480,5849,7329
950,openphenom,Raw,std_all__tvn_efaar_e0.2_c150,0.28191864444658987,0.05199212445967954,0.014657549249571244,370,65,1480,5721,7201
951,openphenom,Raw,std_all__tvn_efaar_e0.2_c150,0.2856427763509716,0.1007116331394943,0.028767550500805667,370,70,1480,5689,7169
952,openphenom,Raw,std_all__tvn_efaar_e0.2_c150,0.31257785648532316,0.027105554363568284,0.008472596081810571,370,66,1480,5881,7361
953,openphenom,Raw,std_all__tvn_efaar_e0.2_c150,0.29167532181184463,-0.006589248788520531,-0.0019219212608900331,370,64,1480,5785,7265
954,openphenom,Raw,std_all__tvn_efaar_e0.2_c150,0.2760437930273232,0.16903199357900806,0.04666023265051952,370,84,1480,5561,7041
955,openphenom,Raw,std_all__tvn_efaar_e0.2_c150,0.25458683720363884,-0.00975955164573864,-0.0024846533860141684,370,58,1480,5785,7265
956,openphenom,Raw,std_all__tvn_efaar_e0.2_c150,0.28385642737213307,0.029215930642893646,0.008293129694643818,370,56,1480,5753,7233
957,openphenom,Raw,std_all__tvn_efaar_e0.2_c150,0.2915785216088603,0.0028142472797809464,0.0008205740612802849,370,61,1480,5721,7201
958,openphenom,Raw,std_all__tvn_efaar_e0.2_c150,0.25448477172588885,0.046715841489954196,0.011888470257553801,370,79,1480,5721,7201
959,openphenom,Raw,std_all__tvn_efaar_e0.2_c150,0.31419903066252913,0.018769191920217244,0.005897261907651232,370,62,1480,5881,7361
960,openphenom,Raw,std_all__tvn_efaar_e0.2_c150,0.3003498562977995,-0.002192795987666878,-0.0006586059597861381,370,69,1480,5689,7169
961,openphenom,Raw,std_all__tvn_efaar_e0.2_c150,0.2889645200857384,0.057083961477687614,0.01649523953299278,370,64,1480,5657,7137
962,openphenom,Raw,std_all__tvn_efaar_e0.2_c150,0.2964338913471041,0.03174197927429053,0.00940939843533707,370,82,1480,5785,7265
963,openphenom,Raw,std_all__tvn_efaar_e0.2_c150,0.28306592698410166,0.01342492690337645,0.00380013937859806,370,82,1480,5689,7169
964,openphenom,Raw,std_all__tvn_efaar_e0.2_c150,0.28555318765152937,0.06837965131586775,0.01952602740374613,370,103,1480,5785,7265
965,openphenom,Raw,std_all__tvn_efaar_e0.2_c150,0.2619422306109919,0.053265432379091704,0.013952466171838235,370,53,1480,5625,7105
966,openphenom,Raw,std_all__tvn_efaar_e0.2_c150,0.2936330139854635,-0.026916057022715222,-0.007903442948184472,370,67,1480,5561,7041
967,openphenom,Raw,std_all__tvn_efaar_e0.2_c150,0.3094217085495751,0.028922343020819634,0.00894920079275889,370,61,1480,5849,7329
968,openphenom,Raw,std_all__tvn_efaar_e0.2_c150,0.3302056430985617,-0.025287331095734115,-0.00835001942671314,370,109,1480,5817,7297
969,openphenom,Raw,std_all__tvn_efaar_e0.2_c150,0.2916885082398203,0.037091161607971004,0.010819065598311157,370,88,1480,5657,7137
970,openphenom,Raw,std_all__tvn_efaar_e0.2_c150,0.2670906022660863,0.01844422719898782,0.004926279750910186,370,61,1480,5593,7073
971,openphenom,Raw,std_all__tvn_efaar_e0.2_c150,0.2703206127301667,-0.016903264991262913,-0.004569300949578567,370,66,1480,5753,7233
972,openphenom,Raw,std_all__tvn_efaar_e0.2_c150,0.28939479373456095,-0.020898876800433466,-0.006048026140945444,370,46,1480,5817,7297
973,openphenom,Raw,std_all__tvn_efaar_e0.2_c150,0.3031785758939925,0.04194838984865989,0.012717853095362715,370,58,1480,5657,7137
974,openphenom,Raw,std_all__tvn_efaar_e0.2_c150,0.28121979671359004,0.04101903621372387,0.011535365025410815,370,83,1480,5753,7233
975,openphenom,Raw,std_all__tvn_efaar_e0.2_c150,0.2914463795890006,0.051127883323426,0.014901036490661348,370,71,1480,5529,7009
976,openphenom,Raw,std_all__tvn_efaar_e0.2_c150,0.2880906291815004,0.08898180940344669,0.025634825456747307,370,90,1480,5785,7265
977,openphenom,Raw,std_all__tvn_efaar_e0.2_c150,0.2807181752731951,0.0055984814051763,0.0015715954843620041,370,84,1480,5753,7233
978,openphenom,Raw,std_all__tvn_efaar_e0.2_c150,0.3083614026686629,-0.002108687573650277,-0.000650237858000779,370,66,1480,5593,7073
979,openphenom,Raw,std_all__tvn_efaar_e0.2_c150,0.26906120842866893,0.053285223601174735,0.014336986653523905,370,96,1480,5753,7233
980,openphenom,Raw,std_all__tvn_efaar_e0.2_c150,0.2820248839232308,0.016536360793957264,0.0046636652334284615,370,73,1480,5529,7009
981,openphenom,Raw,std_all__tvn_efaar_e0.2_c150,0.2794607549647711,-0.029760546445260765,-0.008316904777756708,370,50,1480,5817,7297
982,openphenom,Raw,std_all__tvn_efaar_e0.2_c150,0.28586356169375754,-0.02794285834864782,-0.007987845011448613,370,63,1480,5465,6945
983,openphenom,Raw,std_all__tvn_efaar_e0.2_c150,0.3040512890877965,-0.002521673289753707,-0.0007667180144078792,370,73,1480,5753,7233
984,openphenom,Raw,std_all__tvn_efaar_e0.2_c150,0.2967580923982238,0.030894306183944936,0.009168135369114148,370,90,1480,5753,7233
985,openphenom,Raw,std_all__tvn_efaar_e0.2_c150,0.2611409523895259,-0.015896726649055667,-0.004151286337010353,370,89,1480,5689,7169
986,openphenom,Raw,std_all__tvn_efaar_e0.2_c150,0.32413148090886856,0.006522605051571662,0.00211418163474959,370,92,1480,5721,7201
987,openphenom,Raw,std_all__tvn_efaar_e0.2_c150,0.2721015568139161,0.08305964858985164,0.022600659689715426,370,63,1480,5721,7201
988,openphenom,Raw,std_all__tvn_efaar_e0.2_c150,0.28909103622410026,0.03776713732109015,0.01091814086337184,370,56,1480,5785,7265
989,openphenom,Raw,std_all__tvn_efaar_e0.2_c150,0.34324223861717384,0.05176521056011594,0.01776800675514356,370,107,1480,5689,7169
990,openphenom,Raw,std_all__tvn_efaar_e0.2_c150,0.2807431434447057,-0.003696087347255454,-0.0010376511803146997,370,81,1480,5785,7265
991,openphenom,Raw,std_all__tvn_efaar_e0.2_c150,0.3320955508725215,0.053914460394944706,0.017904752424853905,370,60,1480,5593,7073
992,openphenom,Raw,std_all__tvn_efaar_e0.2_c150,0.3137910670691277,0.08973083562267824,0.028156734659044697,370,72,1480,5721,7201
993,openphenom,Raw,std_all__tvn_efaar_e0.2_c150,0.282798691266934,0.04073627438776804,0.011520165083951527,370,91,1480,5593,7073
994,openphenom,Raw,std_all__tvn_efaar_e0.2_c150,0.2714682447542016,0.023663476995529103,0.006423882564757714,370,66,1480,5401,6881
995,openphenom,Raw,std_all__tvn_efaar_e0.2_c150,0.28459232580367677,0.0006065823337025976,0.00017262867713984425,370,63,1480,5689,7169
996,openphenom,Raw,std_all__tvn_efaar_e0.2_c150,0.27684244816445536,0.026478992780970646,0.007330509186412854,370,50,1480,5721,7201
997,openphenom,Raw,std_all__tvn_efaar_e0.2_c150,0.29010687082447045,0.0005421252451551099,0.00015727425846689787,370,88,1480,5849,7329
998,openphenom,Raw,std_all__tvn_efaar_e0.2_c150,0.29542722244489966,-0.004878441059458675,-0.0014412242920570299,370,69,1480,5913,7393
999,openphenom,Raw,std_all__tvn_efaar_e0.2_c150,0.29097733630280526,-0.02003721102473409,-0.005830374290914328,370,61,1480,5753,7233
1000,openphenom,Raw,std_all__tvn_efaar_e0.2_c150,0.3202539996065809,0.05804532108042279,0.018589246234453582,370,74,1480,5433,6913
1001,openphenom,Raw,std_all__tvn_efaar_e0.2_c150,0.30622496899079044,0.01840828206388617,0.005637075604187265,370,50,1480,5817,7297
1002,openphenom,Raw,std_all__tvn_efaar_e0.2_c150,0.31354044104803674,-0.012521060018194051,-0.003925858680493502,370,64,1480,5561,7041
1003,openphenom,Raw,std_all__tvn_efaar_e0.2_c150,0.2870022685807871,-0.04828010173775951,-0.013856498726048182,370,107,1480,5753,7233
1004,openphenom,Raw,std_all__tvn_efaar_e0.2_c150,0.28957754840716066,0.06277492198457031,0.018178208009742642,370,68,1480,5721,7201
1005,openphenom,Raw,std_all__tvn_efaar_e0.2_c150,0.2752934927677775,-0.023181476606325677,-0.00638170966246992,370,71,1480,5657,7137
1006,openphenom,Raw,std_all__tvn_efaar_e0.2_c150,0.2429935642084372,0.04781352305675656,0.011618378384923569,370,65,1480,5625,7105
1007,openphenom,Raw,std_all__tvn_efaar_e0.2_c150,0.27969191110032565,0.00662022224718858,0.0018516226122250665,370,59,1480,5625,7105
1008,openphenom,Raw,std_all__tvn_efaar_e0.2_c150,0.29526355547993677,0.03249559911234335,0.009594766131361175,370,71,1480,5945,7425
1009,openphenom,Raw,std_all__tvn_efaar_e0.2_c150,0.3040973915858082,0.0019460212965072717,0.000591780000238294,370,65,1480,5849,7329
1010,openphenom,Raw,std_all__tvn_efaar_e0.2_c150,0.29052524062050017,-0.01795664203957701,-0.0052168577492843,370,102,1480,5753,7233
1011,openphenom,Raw,std_all__tvn_efaar_e0.2_c150,0.27402111089010905,0.0028715439762130508,0.000786863670331701,370,70,1480,5881,7361
1012,openphenom,Raw,std_all__tvn_efaar_e0.2_c150,0.3106341684907715,-0.00541125337796186,-0.001680920193556061,370,56,1480,5849,7329
1013,openphenom,Raw,std_all__tvn_efaar_e0.2_c150,0.2649223174963945,0.07051251846037718,0.01868033980303042,370,91,1480,5791,7271
1014,openphenom,Raw,std_all__tvn_efaar_e0.2_c150,0.25993692211189723,-0.05350613806283786,-0.013908220842148305,370,83,1480,5881,7361
1015,openphenom,Raw,std_all__tvn_efaar_e0.2_c150,0.2921736810409429,0.011260429823168648,0.0032900012315383977,370,56,1480,5945,7425
1016,openphenom,Raw,std_all__tvn_efaar_e0.2_c150,0.2849211420563104,-0.01087480480866861,-0.0030984618057253166,370,77,1480,5625,7105
1017,openphenom,Raw,std_all__tvn_efaar_e0.2_c150,0.2936447037685377,0.03600979612708546,0.010574085916503445,370,68,1480,5817,7297
1018,openphenom,Raw,std_all__tvn_efaar_e0.2_c150,0.29564146399154434,0.032830513374499375,0.009706061037630971,370,77,1480,5657,7137
1019,openphenom,Raw,std_all__tvn_efaar_e0.2_c150,0.27375891519767426,0.10332736013566295,0.0282867860209785,370,64,1480,5561,7041
1020,openphenom,Raw,std_all__tvn_efaar_e0.2_c150,0.26219845312198786,0.042944439273941315,0.011259965547818556,370,71,1480,5753,7233
1021,openphenom,Raw,std_all__tvn_efaar_e0.2_c150,0.3013280396937202,0.0032115678382032393,0.0009677354410291808,370,70,1480,5529,7009
1022,openphenom,Raw,std_all__tvn_efaar_e0.2_c150,0.294372469168364,0.029277672622353087,0.008618540781345089,370,53,1480,5561,7041
1023,openphenom,Raw,std_all__tvn_efaar_e0.2_c150,0.3183578344426675,-0.021713462056154032,-0.006912650758450228,370,80,1480,5593,7073
1024,openphenom,Raw,std_all__tvn_efaar_e0.2_c150,0.25146126322582607,0.036893177329651694,0.009277204975728624,370,85,1480,5529,7009
1025,openphenom,Raw,std_all__tvn_efaar_e0.2_c150,0.2875397534315739,0.03772367086454561,0.010847055018925293,370,80,1480,5593,7073
1026,openphenom,Raw,std_all__tvn_efaar_e0.2_c150,0.2851464952410751,0.008413477391170014,0.0023990735908821534,370,62,1480,5529,7009
1027,openphenom,Raw,std_all__tvn_efaar_e0.2_c150,0.284301712405279,0.040957679138048715,0.011644338315093221,370,98,1480,5561,7041
1028,openphenom,Raw,std_all__tvn_efaar_e0.2_c150,0.2899936254340503,0.031505608698733936,0.009136425688052405,370,83,1480,5817,7297
1029,openphenom,Raw,std_all__tvn_efaar_e0.2_c150,0.2930446201720771,-0.0004212028824907638,-0.00012343123871488991,370,63,1480,5849,7329
1030,openphenom,Raw,std_all__tvn_efaar_e0.2_c150,0.2631808611288503,0.014738402801208706,0.003878865540885967,370,51,1480,5593,7073
1031,openphenom,Raw,std_all__tvn_efaar_e0.2_c150,0.2768074845259447,-0.025699671095509236,-0.007113861309092042,370,58,1480,5625,7105
1032,openphenom,Raw,std_all__tvn_efaar_e0.2_c150,0.2804571374482641,0.02862547850632386,0.0080282197599704,370,85,1480,5465,6945
1033,openphenom,Raw,std_all__tvn_efaar_e0.2_c150,0.2850132625063524,-0.0007373234053045595,-0.00021014694926814605,370,71,1480,5401,6881
1034,openphenom,Raw,std_all__tvn_efaar_e0.2_c150,0.2680134016573062,-0.011138619243334529,-0.002985299233171617,370,80,1480,5593,7073
1035,openphenom,Raw,std_all__tvn_efaar_e0.2_c150,0.307540433613927,0.12256666538780032,0.037694205419977214,370,96,1480,5753,7233
1036,openphenom,Raw,std_all__tvn_efaar_e0.2_c150,0.294701176552411,-0.0066696039069420645,-0.0019655401185143836,370,65,1480,5465,6945
1037,openphenom,Raw,std_all__tvn_efaar_e0.2_c150,0.27036604934062247,0.024398929442908043,0.006596642161619643,370,42,1480,5753,7233
1038,openphenom,Raw,std_all__tvn_efaar_e0.2_c150,0.286106912973009,-0.01235778594679564,-0.0035356479884189338,370,91,1480,5625,7105
1039,openphenom,Raw,std_all__tvn_efaar_e0.2_c150,0.2708866801079247,0.009642872935959286,0.002612125836324568,370,61,1480,5753,7233
1040,openphenom,Raw,std_all__tvn_efaar_e0.2_c150,0.29720204464716155,-0.02513229562303956,-0.007469369645844266,370,59,1480,5625,7105
1041,openphenom,Raw,std_all__tvn_efaar_e0.2_c150,0.25017219819465064,-0.03259050502046402,-0.00815323828124328,370,71,1480,5753,7233
1042,openphenom,Raw,std_all__tvn_efaar_e0.2_c150,0.276610215552947,0.031750931329341064,0.00878263195901585,370,84,1480,5561,7041
1043,openphenom,Raw,std_all__tvn_efaar_e0.2_c150,0.27598580375115905,-0.006524334812408876,-0.0018006237871443312,370,63,1480,5657,7137
1044,openphenom,Raw,std_all__tvn_efaar_e0.2_c150,0.2936248695975676,0.01770866781081948,0.005199705276698513,370,93,1480,5753,7233
1045,openphenom,Raw,std_all__tvn_efaar_e0.2_c150,0.2880129745664033,0.0033983333567433444,0.0009787640986438808,370,81,1480,5305,6785
1046,openphenom,Raw,std_all__tvn_efaar_e0.2_c150,0.28251338936044734,0.03567222532319132,0.01007788128208436,370,81,1480,5497,6977
1047,openphenom,Raw,std_all__tvn_efaar_e0.2_c150,0.27256525402231996,0.00764020264836035,0.0020824537756323406,370,68,1480,5657,7137
1048,openphenom,Raw,std_all__tvn_efaar_e0.2_c150,0.33548208940310253,0.01922625662451772,0.006450064743793446,370,65,1480,5849,7329
1049,openphenom,Raw,std_all__tvn_efaar_e0.2_c150,0.29116245655985806,-0.010918210581560898,-0.0031789730141651073,370,60,1480,5593,7073
1050,openphenom,Raw,std_all__tvn_efaar_e0.2_c150,0.3358230241005516,0.015688879756393596,0.005268687044542023,370,52,1480,5817,7297
1051,openphenom,Raw,std_all__tvn_efaar_e0.2_c150,0.2871617247935755,0.04784710045910999,0.013739855894209502,370,65,1480,5529,7009
1052,openphenom,Raw,std_all__tvn_efaar_e0.2_c150,0.2714974274274316,0.01646936698617932,0.004471390768105959,370,85,1480,5689,7169
1053,openphenom,Raw,std_all__tvn_efaar_e0.2_c150,0.2858778645304665,-0.0030449247766807055,-0.0008704765928133876,370,69,1480,5593,7073
1054,openphenom,Raw,std_all__tvn_efaar_e0.2_c150,0.2915086948211397,0.0616781979525751,0.01797973098407506,370,127,1480,5657,7137
1055,openphenom,Raw,std_all__tvn_efaar_e0.2_c150,0.2984405328551077,0.0034947021991865485,0.0010429607864951502,370,59,1480,5465,6945
1056,openphenom,Raw,std_all__tvn_efaar_e0.2_c150,0.2796813207596234,-0.015404807346601686,-0.0043084368647451085,370,66,1480,5689,7169
1057,openphenom,Raw,std_all__tvn_efaar_e0.2_c150,0.3028015874506515,0.07803950668196977,0.02363048650716617,370,53,1480,5753,7233
1058,openphenom,Raw,std_all__tvn_efaar_e0.2_c150,0.24275923013553172,0.020626978557439266,0.0050073894346260766,370,72,1480,5753,7233
1059,openphenom,Raw,std_all__tvn_efaar_e0.2_c150,0.3031613967482706,0.00046090190487320837,0.0001397276652453004,370,70,1480,5689,7169
1060,openphenom,Raw,std_all__tvn_efaar_e0.2_c150,0.26071840511459365,-0.05081028979084093,-0.013247177717678367,370,87,1480,5849,7329
1061,openphenom,Raw,std_all__tvn_efaar_e0.2_c150,0.27213833918147506,0.02840194273155505,0.007729257524492758,370,70,1480,5945,7425
1062,openphenom,Raw,std_all__tvn_efaar_e0.2_c150,0.2781681870156396,0.05642178340143269,0.015694745196965638,370,61,1480,5433,6913
1063,openphenom,Raw,std_all__tvn_efaar_e0.2_c150,0.26862060519503045,0.04542055332093367,0.012200896521362354,370,75,1480,5561,7041
1064,openphenom,Raw,std_all__tvn_efaar_e0.2_c150,0.2946050849444189,0.04867981443132969,0.014341320865620432,370,63,1480,5657,7137
1065,openphenom,Raw,std_all__tvn_efaar_e0.2_c150,0.2880504943272472,-0.009589024986408444,-0.0027621233874512772,370,87,1480,5657,7137
1066,openphenom,Raw,std_all__tvn_efaar_e0.2_c150,0.290535193199595,0.06292038308937246,0.018280585657063357,370,48,1480,5785,7265
1067,openphenom,Raw,std_all__tvn_efaar_e0.2_c150,0.2919623663446367,-0.0010159712870536077,-0.0002966253811063774,370,75,1480,5535,7015
1068,openphenom,Raw,std_all__tvn_efaar_e0.2_c150,0.28544950135201574,-0.004916164239096233,-0.0014033166306146316,370,53,1480,5401,6881
1069,openphenom,Raw,std_all__tvn_efaar_e0.2_c150,0.28503105104786025,0.00734102453012016,0.002092419937588274,370,57,1480,5689,7169
1070,openphenom,Raw,std_all__tvn_efaar_e0.2_c150,0.3344705134123167,-0.011076734137800312,-0.0037048409540018055,370,102,1480,5689,7169
1071,openphenom,Raw,std_all__tvn_efaar_e0.2_c150,0.28076169214964686,-0.002289284161471445,-0.0006427432949861083,370,94,1480,5593,7073
1072,openphenom,Raw,std_all__tvn_efaar_e0.2_c150,0.25155849036900124,0.029522748335726125,0.007426698002879208,370,67,1480,5561,7041
1073,openphenom,Raw,std_all__tvn_efaar_e0.2_c150,0.28201370504150286,0.04407464903415516,0.012429655072525992,370,84,1480,5849,7329
1074,openphenom,Raw,std_all__tvn_efaar_e0.2_c150,0.2762710616501685,0.036752762472221194,0.010153724706777022,370,74,1480,5785,7265
1075,openphenom,Raw,std_all__tvn_efaar_e0.2_c150,0.3126946257900522,0.03826528745504569,0.01196534974150429,370,64,1480,5561,7041
1076,openphenom,Raw,std_all__tvn_efaar_e0.2_c150,0.27954655044068255,0.015102479789588785,0.00422184612827967,370,74,1480,5913,7393
1077,openphenom,Raw,std_all__tvn_efaar_e0.2_c150,0.29149011565582245,0.08036699723707244,0.02342618531954541,370,60,1480,5689,7169
1078,openphenom,Raw,std_all__tvn_efaar_e0.2_c150,0.2757370491143013,0.029717932227765018,0.00819433493826272,370,55,1480,5689,7169
1079,openphenom,Raw,std_all__tvn_efaar_e0.2_c150,0.2781232861757152,-0.042179378706641,-0.011731067414740982,370,91,1480,5657,7137
1080,openphenom,Raw,std_all__tvn_efaar_e0.2_c150,0.24644027718685027,-0.025025272315100534,-0.0061672350460097855,370,88,1480,5785,7265
1081,openphenom,Raw,std_all__tvn_efaar_e0.2_c150,0.296092397090769,0.01627458365181026,0.004818780485118741,370,92,1480,5657,7137
1082,openphenom,Raw,std_all__tvn_efaar_e0.2_c150,0.2711609899756779,-0.014177811847216233,-0.003844469496180048,370,54,1480,5721,7201
1083,openphenom,Raw,std_all__tvn_efaar_e0.2_c150,0.26969932158475796,0.005549911243795249,0.0014968072973071988,370,70,1480,5817,7297
1084,openphenom,Raw,std_all__tvn_efaar_e0.2_c150,0.27429627497850445,-0.00674829686625691,-0.0018510326928633852,370,59,1480,5721,7201
1085,openphenom,Raw,std_all__tvn_efaar_e0.2_c150,0.3166801548427421,-0.04043161913523119,-0.012803891408287787,370,80,1480,5817,7297
1086,openphenom,Raw,std_all__tvn_efaar_e0.2_c150,0.30160445421460513,-0.01280727760870304,-0.0038627319731478135,370,81,1480,5561,7041
1087,openphenom,Raw,std_all__tvn_efaar_e0.2_c150,0.2596537653163302,-0.03567674638613397,-0.009263601533395461,370,96,1480,5849,7329
1088,openphenom,Raw,std_all__tvn_efaar_e0.2_c150,0.2692257876255511,-0.04771287750348348,-0.012845537025756778,370,86,1480,5497,6977
1089,openphenom,Raw,std_all__tvn_efaar_e0.2_c150,0.2900724766968635,0.11573237801122122,0.03357077752373256,370,44,1480,5753,7233
1090,openphenom,Raw,std_all__tvn_efaar_e0.2_c150,0.262044683906198,0.0021254961866895923,0.0005569749763849035,370,73,1480,5785,7265
1091,openphenom,Raw,std_all__tvn_efaar_e0.2_c150,0.2993662822119563,0.03452425914443672,0.010335399106192158,370,73,1480,5753,7233
1092,openphenom,Raw,std_all__tvn_efaar_e0.2_c150,0.3171934854343223,0.039254465585113626,0.012451260757803844,370,57,1480,5657,7137
1093,openphenom,Raw,std_all__tvn_efaar_e0.2_c150,0.29443203130930595,0.0646188993900974,0.019025873808398052,370,80,1480,5689,7169
1094,openphenom,Raw,std_all__tvn_efaar_e0.2_c150,0.27649699104795317,0.04036604908491281,0.011161091112472375,370,79,1480,5625,7105
1095,openphenom,Raw,std_all__tvn_efaar_e0.2_c150,0.2462150981122867,-0.001750706709298521,-0.0004310504241957739,370,49,1480,5753,7233
1096,openphenom,Raw,std_all__tvn_efaar_e0.2_c150,0.2834027653141757,-0.018331823918070093,-0.0051952895916336115,370,84,1480,5593,7073
1097,openphenom,Raw,std_all__tvn_efaar_e0.2_c150,0.28657849669984253,0.04483972608934844,0.012850101295118186,370,87,1480,5657,7137
1098,openphenom,Raw,std_all__tvn_efaar_e0.2_c150,0.2504358416070517,-0.006204596617953234,-0.0015538533758493848,370,86,1480,5753,7233
1099,openphenom,Raw,std_all__tvn_efaar_e0.2_c150,0.26891192893335963,0.06646766521308772,0.017873948064148187,370,82,1480,5721,7201
1100,openphenom,Raw,std_all__tvn_efaar_e0.2_c150,0.2544900874420979,0.11407802020473712,0.029031725337124958,370,76,1480,5817,7297
1101,openphenom,Raw,std_all__tvn_efaar_e0.2_c150,0.2962499711800251,-0.0022022583820006884,-0.0006524189821986726,370,77,1480,5593,7073
1102,openphenom,Raw,std_all__tvn_efaar_e0.2_c150,0.2955474346078704,0.025864209678073957,0.007644100818514812,370,56,1480,5753,7233
1103,openphenom,Raw,std_all__tvn_efaar_e0.2_c150,0.29585243643881165,0.0671331874692889,0.01986151707869262,370,57,1480,5977,7457
1104,openphenom,Raw,std_all__tvn_efaar_e0.2_c150,0.2858341392715808,0.029151523740934188,0.008332500696944977,370,89,1480,5689,7169
1105,openphenom,Raw,std_all__tvn_efaar_e0.2_c150,0.2649044829238152,0.06800781550803403,0.018015575201933975,370,65,1480,5721,7201
1106,openphenom,Raw,std_all__tvn_efaar_e0.2_c150,0.32510470489519067,0.032732714982030224,0.010641559644651322,370,79,1480,5593,7073
1107,openphenom,Raw,std_all__tvn_efaar_e0.2_c150,0.2997907705114847,-0.0172370764819502,-0.005167516439889243,370,77,1480,5497,6977
1108,openphenom,Raw,std_all__tvn_efaar_e0.2_c150,0.29039886025690015,0.05671135106532289,0.016468911712998708,370,77,1480,5753,7233
1109,openphenom,Raw,std_all__tvn_efaar_e0.2_c150,0.264321863407709,0.015934566742941973,0.004211854374088931,370,67,1480,5689,7169
1110,openphenom,Raw,std_all__tvn_efaar_e0.2_c150,0.25770707643428403,0.005076250537411682,0.0013081856852443278,370,74,1480,5817,7297
1111,openphenom,Raw,std_all__tvn_efaar_e0.2_c150,0.2711966784056454,0.03238563567333786,0.008782876822664605,370,76,1480,5785,7265
1112,openphenom,Raw,std_all__tvn_efaar_e0.2_c150,0.30406348515366377,0.038125189563774094,0.011592478010905242,370,90,1480,5817,7297
1113,openphenom,Raw,std_all__tvn_efaar_e0.2_c150,0.258231308858814,-0.03067403971893188,-0.007920997424607027,370,64,1480,5689,7169
1114,openphenom,Raw,std_all__tvn_efaar_e0.2_c150,0.2697259953366027,-0.010834404599493547,-0.0029223205644778633,370,70,1480,5657,7137
1115,openphenom,Raw,std_all__tvn_efaar_e0.2_c150,0.32425804149464416,0.019494073582777008,0.006321110120703754,370,86,1480,5529,7009
1116,openphenom,Raw,std_all__tvn_efaar_e0.2_c150,0.2752485266542649,0.028644017884704182,0.00788422372022324,370,89,1480,5657,7137
1117,openphenom,Raw,std_all__tvn_efaar_e0.2_c150,0.28121796591421294,-0.008344806683177327,-0.0023467095613904578,370,75,1480,5753,7233
1118,openphenom,Raw,std_all__tvn_efaar_e0.2_c150,0.28384984878839514,0.0441982697911158,0.012545672196916914,370,82,1480,5657,7137
1119,openphenom,Raw,std_all__tvn_efaar_e0.2_c150,0.27353182466636194,-0.01486713159175459,-0.004066633631847547,370,60,1480,5785,7265
1120,openphenom,Raw,std_all__tvn_efaar_e0.2_c150,0.30692527416941995,0.038667378813188345,0.011867995843650654,370,65,1480,5657,7137
1121,openphenom,Raw,std_all__tvn_efaar_e0.2_c150,0.29264543113076097,0.03828690531186507,0.011204487911653377,370,83,1480,5753,7233
1122,openphenom,Raw,std_all__tvn_efaar_e0.2_c150,0.26495030191793456,0.12103430093942917,0.03206807457632791,370,66,1480,5625,7105
1123,openphenom,Raw,std_all__tvn_efaar_e0.2_c150,0.27987936874507835,-0.04449386817610517,-0.012452915738155046,370,102,1480,5273,6753
1124,openphenom,Raw,std_all__tvn_efaar_e0.2_c150,0.2977419837748023,0.07758729911941009,0.023100996355542133,370,81,1480,5913,7393
1125,openphenom,Raw,std_all__tvn_efaar_e0.2_c150,0.29786790109733713,0.038088980083778645,0.011345484552493422,370,64,1480,5657,7137
1126,openphenom,Raw,std_all__tvn_efaar_e0.2_c150,0.26228663372329053,0.04497922893574213,0.011797450545025028,370,104,1480,5817,7297
1127,openphenom,Raw,std_all__tvn_efaar_e0.2_c150,0.28419888553165557,0.03146058015670821,0.008941061818715791,370,93,1480,5593,7073
1128,openphenom,Raw,std_all__tvn_efaar_e0.2_c150,0.27389153659818544,-0.012292863538023242,-0.003366911283620992,370,81,1480,5593,7073
1129,openphenom,Raw,std_all__tvn_efaar_e0.2_c150,0.26866794034403,0.032611821714367766,0.008761750970865902,370,64,1480,5721,7201
1130,openphenom,Raw,std_all__tvn_efaar_e0.2_c150,0.27412915219525835,0.025546011979390926,0.007002906605880348,370,85,1480,5625,7105
1131,openphenom,Raw,std_all__tvn_efaar_e0.2_c150,0.27940911049788764,0.05812356298943416,0.016240253033845742,370,57,1480,5689,7169
1132,openphenom,Raw,std_all__tvn_efaar_e0.2_c150,0.29258161165091173,0.01748758743175186,0.005116546514668187,370,84,1480,5817,7297
1133,openphenom,Raw,std_all__tvn_efaar_e0.2_c150,0.28628192765025523,-0.01653989658548663,-0.004735073477628987,370,54,1480,5881,7361
1134,openphenom,Raw,std_all__tvn_efaar_e0.2_c150,0.2842581972378587,0.08374534399466466,0.023805300510987712,370,54,1480,5721,7201
1135,openphenom,Raw,std_all__tvn_efaar_e0.2_c150,0.2725938934593554,0.09971073223838907,0.027180536720545746,370,59,1480,5657,7137
1136,openphenom,Raw,std_all__tvn_efaar_e0.2_c150,0.26171490933480346,0.008245620403784824,0.0021580017963857504,370,71,1480,5593,7073
1137,openphenom,Raw,std_all__tvn_efaar_e0.2_c150,0.25033067691756516,0.032947850817288335,0.008247857798070742,370,91,1480,5689,7169
1138,openphenom,Raw,std_all__tvn_efaar_e0.2_c150,0.26317862126800995,-0.030793780600893474,-0.008104264722172735,370,70,1480,5593,7073
1139,openphenom,Raw,std_all__tvn_efaar_e0.2_c150,0.2753844186945198,-0.013105511648030949,-0.003609053706887261,370,74,1480,5785,7265
1140,openphenom,Raw,std_all__tvn_efaar_e0.2_c150,0.27567463983219637,0.08006253474269913,0.022071210429246292,370,54,1480,5785,7265
1141,openphenom,Raw,std_all__tvn_efaar_e0.2_c150,0.22705013082506106,0.07613677482856686,0.01728686468542432,370,85,1480,5817,7297
1142,openphenom,Raw,std_all__tvn_efaar_e0.2_c150,0.33489548151314347,0.015235673091040833,0.005102358076000963,370,69,1480,5561,7041
1143,openphenom,Raw,std_all__tvn_efaar_e0.2_c150,0.27096318174947553,-0.032612657485112564,-0.00883682943747195,370,60,1480,5689,7169
1144,openphenom,Raw,std_all__tvn_efaar_e0.2_c150,0.2892895301730706,-0.03477098479606587,-0.010058881855308876,370,61,1480,5631,7111
1145,openphenom,Raw,std_all__tvn_efaar_e0.2_c150,0.28453069718958707,-0.04467151127423465,-0.012710416247370484,370,91,1480,5785,7265
1146,openphenom,Raw,std_all__tvn_efaar_e0.2_c150,0.2761626316126678,-0.0021850031104842767,-0.0006034162090732026,370,77,1480,5625,7105
1147,openphenom,Raw,std_all__tvn_efaar_e0.2_c150,0.25662294183006273,0.00030482680413728715,7.822555122636696e-05,370,46,1480,5849,7329
1148,openphenom,Raw,std_all__tvn_efaar_e0.2_c150,0.2610441855596078,-0.03740975176942585,-0.009765598182636866,370,75,1480,5529,7009
1149,openphenom,Raw,std_all__tvn_efaar_e0.2_c150,0.3038830806600367,-0.007820518703161871,-0.0023765233158762646,370,69,1480,5625,7105
1150,openphenom,Raw,std_all__tvn_efaar_e0.2_c150,0.3020618521986889,0.015939330204766712,0.00481466360445834,370,53,1480,5785,7265
1151,openphenom,Raw,std_all__tvn_efaar_e0.2_c150,0.2995653330670014,0.016529436555423962,0.0049516461671354475,370,87,1480,5657,7137
1152,openphenom,Raw,std_all__tvn_efaar_e0.2_c150,0.30509258005864365,0.016474716871414975,0.005026313876035661,370,80,1480,5849,7329
1153,openphenom,Raw,std_all__tvn_efaar_e0.2_c150,0.29734477411845556,0.07925195856105631,0.02356515571678249,370,75,1480,5497,6977
1154,openphenom,Raw,std_all__tvn_efaar_e0.2_c150,0.28622556614192657,0.0220620383530936,0.006314719417859113,370,71,1480,5401,6881
1155,openphenom,Raw,std_all__tvn_efaar_e0.2_c150,0.2817876643232276,-0.0015584491144388843,-0.00043915173592433567,370,70,1480,5881,7361
1156,openphenom,Raw,std_all__tvn_efaar_e0.2_c150,0.26063613271199815,0.04163521843271451,0.010851642316922011,370,93,1480,5753,7233
1157,openphenom,Raw,std_all__tvn_efaar_e0.2_c150,0.304912762717087,0.02933043197242715,0.008943223044398341,370,55,1480,5785,7265
1158,openphenom,Raw,std_all__tvn_efaar_e0.2_c150,0.3008432727435526,0.016140018417147226,0.004855615962755785,370,67,1480,5657,7137
1159,openphenom,Raw,std_all__tvn_efaar_e0.2_c150,0.2557169937349322,-0.004070164338723824,-0.0010408101887055847,370,78,1480,5791,7271
1160,openphenom,Raw,std_all__tvn_efaar_e0.2_c150,0.29819342875962457,-0.02174327997298319,-0.006483703207624335,370,34,1480,5689,7169
1161,openphenom,Raw,std_all__tvn_efaar_e0.2_c150,0.2855482176710884,0.017925603821349112,0.00511862422186429,370,65,1480,5817,7297
1162,openphenom,Raw,std_all__tvn_efaar_e0.2_c150,0.3022904113986888,0.014961276229905155,0.004522650346587453,370,71,1480,5753,7233
1163,openphenom,Raw,std_all__tvn_efaar_e0.2_c150,0.31702546557503486,-0.019667552116907638,-0.006235114866583906,370,68,1480,5593,7073
1164,openphenom,Raw,std_all__tvn_efaar_e0.2_c150,0.28330755284572573,-0.015273944917831081,-0.004327223956971133,370,83,1480,5753,7233
1165,openphenom,Raw,std_all__tvn_efaar_e0.2_c150,0.2819543105545626,0.04934903582813287,0.01391417337345361,370,81,1480,5721,7201
1166,openphenom,Raw,std_all__tvn_efaar_e0.2_c150,0.2958647878577234,0.018131138647739888,0.005364365489632532,370,87,1480,5625,7105
1167,openphenom,Raw,std_all__tvn_efaar_e0.2_c150,0.2991763309151662,0.004788666589757516,0.001432655700299695,370,64,1480,5721,7201
1168,openphenom,Raw,std_all__tvn_efaar_e0.2_c150,0.30819478288080815,0.06992042754836135,0.0215491109872005,370,63,1480,5913,7393
1169,openphenom,Raw,std_all__tvn_efaar_e0.2_c150,0.26888667830071894,0.019294627535865937,0.005188068307168578,370,62,1480,5529,7009
1170,openphenom,Raw,std_all__tvn_efaar_e0.2_c150,0.31694603818481665,0.02641064917904378,0.008370750623187007,370,97,1480,5468,6948
1171,openphenom,Raw,std_all__tvn_efaar_e0.2_c150,0.27705786277097544,-0.01808392749796468,-0.005010294303091367,370,102,1480,5817,7297
1172,openphenom,Raw,std_all__tvn_efaar_e0.2_c150,0.28152569077793044,0.006252003435001385,0.0017600995857847588,370,81,1480,5881,7361
1173,openphenom,Raw,std_all__tvn_efaar_e0.2_c150,0.2927928410124161,0.003711691891902858,0.0010867568139929875,370,89,1480,5657,7137
1174,openphenom,Raw,std_all__tvn_efaar_e0.2_c150,0.28537753085174106,0.004212298485119567,0.0012020953408939513,370,87,1480,5913,7393
1175,openphenom,Raw,std_all__tvn_efaar_e0.2_c150,0.2944489903793694,0.005145827799486667,0.0015151838002249412,370,77,1480,5785,7265
1176,openphenom,Raw,std_all__tvn_efaar_e0.2_c150,0.25609297532191333,0.02171989385189979,0.00556231224020915,370,78,1480,5497,6977
1177,openphenom,Raw,std_all__tvn_efaar_e0.2_c150,0.2960022294826139,0.001285412485929161,0.0003804849616398207,370,62,1480,5753,7233
1178,openphenom,Raw,std_all__tvn_efaar_e0.2_c150,0.2846056463999249,0.03646697759174622,0.01037870772975051,370,63,1480,5593,7073
1179,openphenom,Raw,std_all__tvn_efaar_e0.2_c150,0.2953572382521318,0.01597553804403514,0.004718490796278082,370,85,1480,5721,7201
1180,openphenom,Raw,std_all__tvn_efaar_e0.2_c150,0.3123509740795879,0.060224289934305425,0.01881111562423182,370,87,1480,5721,7201
1181,openphenom,Raw,std_all__tvn_efaar_e0.2_c150,0.27212826034467613,-0.011358673360209598,-0.0030910160213372547,370,70,1480,5401,6881
1182,openphenom,Raw,std_all__tvn_efaar_e0.2_c150,0.3244391644581796,0.0611616298646937,0.01984322809020167,370,76,1480,5753,7233
1183,openphenom,Raw,std_all__tvn_efaar_e0.2_c150,0.26176637172123707,-0.012229006055662102,-0.003201142544947705,370,74,1480,5849,7329
1184,openphenom,Raw,std_all__tvn_efaar_e0.2_c150,0.3083077580378947,0.05097961345687461,0.015717410330527495,370,79,1480,5753,7233
1185,openphenom,Raw,std_all__tvn_efaar_e0.2_c150,0.27403642849599097,-0.015605492494801235,-0.004276473428196322,370,59,1480,5881,7361
1186,openphenom,Raw,std_all__tvn_efaar_e0.2_c150,0.2716010127555957,0.0600727351606667,0.01631581570863576,370,65,1480,5561,7041
1187,openphenom,Raw,std_all__tvn_efaar_e0.2_c150,0.2387225990716115,0.04162088315374115,0.009935845402116937,370,75,1480,5785,7265
1188,openphenom,Raw,std_all__tvn_efaar_e0.2_c150,0.30993236228218174,-0.012027501861099615,-0.003727712064163941,370,62,1480,5849,7329
1189,openphenom,Raw,std_all__tvn_efaar_e0.2_c150,0.2945660795898911,0.039151528897582666,0.011532712377311257,370,67,1480,5625,7105
1190,openphenom,Raw,std_all__tvn_efaar_e0.2_c150,0.28244138781107453,-0.003277510402547692,-0.0009257045866608038,370,63,1480,5657,7137
1191,openphenom,Raw,std_all__tvn_efaar_e0.2_c150,0.269610450852305,-0.01864059910439087,-0.005025700328691896,370,52,1480,5721,7201
1192,openphenom,Raw,std_all__tvn_efaar_e0.2_c150,0.29024578738907814,-0.02814024420473463,-0.008167587336524146,370,72,1480,5401,6881
1193,openphenom,Raw,std_all__tvn_efaar_e0.2_c150,0.31638134072601604,-0.035728486824938226,-0.011303826563785755,370,67,1480,5689,7169
1194,openphenom,Raw,std_all__tvn_efaar_e0.2_c150,0.27549667641847125,0.04395932164666029,0.012110647011265468,370,70,1480,5721,7201
1195,openphenom,Raw,std_all__tvn_efaar_e0.2_c150,0.31868420046899404,-0.03967441620080074,-0.012643609606026288,370,43,1480,5593,7073
1196,openphenom,Raw,std_all__tvn_efaar_e0.2_c150,0.2636250173914184,0.00017202653955675467,4.535049948243498e-05,370,75,1480,5721,7201
1197,openphenom,Raw,std_all__tvn_efaar_e0.2_c150,0.28929348298667407,-0.021275564521800093,-0.006154882163019262,370,51,1480,5657,7137
1198,openphenom,Raw,std_all__tvn_efaar_e0.2_c150,0.25740302491774614,-0.03399122932127431,-0.008749445247968795,370,72,1480,5593,7073
1199,openphenom,Raw,std_all__tvn_efaar_e0.2_c150,0.32203377538460054,0.016368740179040175,0.00527128719814591,370,89,1480,5689,7169
1200,openphenom,Raw,std_all__tvn_efaar_e0.2_c150,0.2893746933357433,0.03433999340088828,0.009937125059533494,370,61,1480,5689,7169
1201,openphenom,Raw,std_all__tvn_efaar_e0.2_c150,0.31018984870713956,0.11010785105189887,0.03415433765925677,370,61,1480,5625,7105
1202,openphenom,Raw,std_all__tvn_efaar_e0.2_c150,0.3026491306029425,-0.0007488007251978302,-0.00022662388847597618,370,96,1480,5817,7297
1203,openphenom,Raw,std_all__tvn_efaar_e0.2_c150,0.27063523248623306,0.012776089776369995,0.003457660026892879,370,41,1480,5625,7105
1204,openphenom,Raw,std_all__tvn_efaar_e0.2_c150,0.2941761796804185,0.002864450709399267,0.0008426531665739409,370,73,1480,5657,7137
1205,openphenom,Raw,std_all__tvn_efaar_e0.2_c150,0.3195222589591755,0.01932253378500061,0.006173979643798382,370,84,1480,5849,7329
1206,openphenom,Raw,std_all__tvn_efaar_e0.2_c150,0.32552295005308723,0.02640901214042478,0.008596739539938869,370,46,1480,5625,7105
1207,openphenom,Raw,std_all__tvn_efaar_e0.2_c150,0.2962269913897498,0.021999095215614935,0.006516725789018251,370,67,1480,5465,6945
1208,openphenom,Raw,std_all__tvn_efaar_e0.2_c150,0.2840173896057077,0.03277133148953012,0.009307628023559673,370,86,1480,5625,7105
1209,openphenom,Raw,std_all__tvn_efaar_e0.2_c150,0.3014515318725201,0.020527264990228243,0.006187975476457455,370,60,1480,5753,7233
1210,openphenom,Raw,std_all__tvn_efaar_e0.2_c150,0.293484796669121,0.0006802993570054822,0.0001996575184648877,370,67,1480,5753,7233
1211,openphenom,Raw,std_all__tvn_efaar_e0.2_c150,0.27674248248625366,0.06221404446270813,0.01721726911012001,370,61,1480,5625,7105
1212,openphenom,Raw,std_all__tvn_efaar_e0.2_c150,0.2918307294212638,0.03696711296219287,0.010788139540355002,370,63,1480,5791,7271
1213,openphenom,Raw,std_all__tvn_efaar_e0.2_c150,0.2984946247207533,0.013282429037023731,0.003964733670786435,370,63,1480,5721,7201
1214,openphenom,Raw,std_all__tvn_efaar_e0.2_c150,0.27362091285831414,0.12722881731509939,0.03481246513564118,370,64,1480,5817,7297
1215,openphenom,Raw,std_all__tvn_efaar_e0.2_c150,0.2793076370217471,0.09213020458934475,0.02573266974218,370,88,1480,5616,7096
1216,openphenom,Raw,std_all__tvn_efaar_e0.2_c150,0.26688455869962435,-0.006285371163268131,-0.0016774685091721598,370,98,1480,5657,7137
1217,openphenom,Raw,std_all__tvn_efaar_e0.2_c150,0.27691787728423667,-0.010877442406368676,-0.003012158261453153,370,88,1480,5721,7201
1218,openphenom,Raw,std_all__tvn_efaar_e0.2_c150,0.2893615604186594,-0.0014186272992412513,-0.000410496208960957,370,61,1480,5753,7233
1219,openphenom,Raw,std_all__tvn_efaar_e0.2_c150,0.30621834627272027,0.06612080696197396,0.020247404162113437,370,68,1480,5849,7329
1220,openphenom,Raw,std_all__tvn_efaar_e0.2_c150,0.29763704955520587,-0.04504304118342169,-0.013406477880827262,370,62,1480,5817,7297
1221,openphenom,Raw,std_all__tvn_efaar_e0.2_c150,0.30207254316782917,-0.013708663899584413,-0.004141010967580474,370,63,1480,5849,7329
1222,openphenom,Raw,std_all__tvn_efaar_e0.2_c150,0.26124954010277407,-0.013542211851693806,-0.003537896618229343,370,69,1480,5785,7265
1223,openphenom,Raw,std_all__tvn_efaar_e0.2_c150,0.299794287339523,0.027630113488602562,0.008283350182425746,370,77,1480,5561,7041
1224,openphenom,Raw,std_all__tvn_efaar_e0.2_c150,0.2876667397585956,0.018751129001824542,0.005394076146747715,370,70,1480,5305,6785
1225,openphenom,Raw,std_all__tvn_efaar_e0.2_c150,0.3120648926863982,-0.027304148718150276,-0.008520666239623022,370,111,1480,5817,7297
1226,openphenom,Raw,std_all__tvn_efaar_e0.2_c150,0.27019158736421983,0.04516950525078083,0.012204420324164935,370,43,1480,5593,7073
1227,openphenom,Raw,std_all__tvn_efaar_e0.2_c150,0.24874126134500693,0.0024069818411388386,0.0005987156991994018,370,65,1480,5661,7141
1228,openphenom,Raw,std_all__tvn_efaar_e0.2_c150,0.28435515074108203,-0.0148586521600157,-0.0042251342747705685,370,55,1480,5689,7169
1229,openphenom,Raw,std_all__tvn_efaar_e0.2_c150,0.3217897283318826,0.025798623771991547,0.008301732134925608,370,61,1480,5631,7111
1230,openphenom,Raw,std_all__tvn_efaar_e0.2_c150,0.30527893251749744,0.05695519865823319,0.017387222247707432,370,98,1480,5817,7297
1231,openphenom,Raw,std_all__tvn_efaar_e0.2_c150,0.2578955349921185,0.026510072945379964,0.0068368294449288524,370,61,1480,5561,7041
1232,openphenom,Raw,std_all__tvn_efaar_e0.2_c150,0.29950887133981374,0.07570092010877115,0.022673097141163456,370,59,1480,5689,7169
1233,openphenom,Raw,std_all__tvn_efaar_e0.2_c150,0.31810989265304884,-0.0022576501063690272,-0.0007181808329851956,370,40,1480,5593,7073
1234,openphenom,Raw,std_all__tvn_efaar_e0.2_c150,0.25787972060438114,0.0507742801404261,0.01309365717650166,370,71,1480,5433,6913
1235,openphenom,Raw,std_all__tvn_efaar_e0.2_c150,0.24700346551261826,0.0955442980701613,0.023599772733300405,370,73,1480,5753,7233
1236,openphenom,Raw,std_all__tvn_efaar_e0.2_c150,0.29485340727770304,-0.0009180705753133689,-0.0002706962372525479,370,56,1480,5561,7041
1237,openphenom,Raw,std_all__tvn_efaar_e0.2_c150,0.2564786999240592,-0.009643451355727481,-0.0024733398664978905,370,72,1480,5625,7105
1238,openphenom,Raw,std_all__tvn_efaar_e0.2_c150,0.26890756432531726,0.09759276859541778,0.02624343369875811,370,75,1480,5721,7201
1239,openphenom,Raw,std_all__tvn_efaar_e0.2_c150,0.288541592637132,0.07992753442735835,0.02306241807922918,370,93,1480,5753,7233
1240,openphenom,Raw,std_all__tvn_efaar_e0.2_c150,0.2942266731774878,0.0026363160043524837,0.0007756744874051987,370,104,1480,5785,7265
1241,openphenom,Raw,std_all__tvn_efaar_e0.2_c150,0.2412242024229154,0.04958174717387718,0.011960317416753161,370,50,1480,5401,6881
1242,openphenom,Raw,std_all__tvn_efaar_e0.2_c150,0.27731415468970144,9.425233519041285e-05,2.6137506660859742e-05,370,69,1480,5657,7137
1243,openphenom,Raw,std_all__tvn_efaar_e0.2_c150,0.30264646889398966,0.13692818215477154,0.041440830821214615,370,66,1480,5785,7265
1244,openphenom,Raw,std_all__tvn_efaar_e0.2_c150,0.29682144898792145,-0.002443802289141587,-0.0007253729365030053,370,68,1480,5721,7201
1245,openphenom,Raw,std_all__tvn_efaar_e0.2_c150,0.2838404831000238,-0.014919286403067063,-0.004234697460154172,370,75,1480,5593,7073
1246,openphenom,Raw,std_all__tvn_efaar_e0.2_c150,0.31795271238167344,0.024882592485304975,0.007911487771790562,370,61,1480,5561,7041
1247,openphenom,Raw,std_all__tvn_efaar_e0.2_c150,0.2791754357336737,0.042492279185839234,0.011862800557023582,370,48,1480,5785,7265
1248,openphenom,Raw,std_all__tvn_efaar_e0.2_c150,0.29793514661179504,-0.027458218272810402,-0.008180768286808436,370,71,1480,5785,7265
1249,openphenom,Raw,std_all__tvn_efaar_e0.2_c150,0.2953951452994278,-0.01604509219843751,-0.004739642341300163,370,61,1480,5657,7137
1250,openphenom,Raw,std_all__tvn_efaar_e0.2_c150,0.30827789264499994,0.04388218035535773,0.013527906084617495,370,67,1480,5561,7041
1251,openphenom,Raw,std_all__tvn_efaar_e0.2_c150,0.283516881869709,-0.024055617668353957,-0.006820173712781594,370,56,1480,5561,7041
1252,openphenom,Raw,std_all__tvn_efaar_e0.2_c150,0.2813112995563399,0.030828228588525363,0.00867232904725798,370,62,1480,5753,7233
1253,openphenom,Raw,std_all__tvn_efaar_e0.2_c150,0.24635788716382326,-0.004421643951214039,-0.00108930686161179,370,81,1480,5849,7329
1254,openphenom,Raw,std_all__tvn_efaar_e0.2_c150,0.2969897588083675,-0.011043037472046371,-0.003279669035334816,370,77,1480,5689,7169
1255,openphenom,Raw,std_all__tvn_efaar_e0.2_c150,0.27805859938587335,-0.025308224044483785,-0.007037169330753044,370,101,1480,5657,7137
1256,openphenom,Raw,std_all__tvn_efaar_e0.2_c150,0.26484642497478,-0.03182902366368779,-0.008429803127765386,370,100,1480,5625,7105
1257,openphenom,Raw,std_all__tvn_efaar_e0.2_c150,0.297578462930948,0.0662309210354168,0.01970889568022032,370,78,1480,5625,7105
1258,openphenom,Raw,std_all__tvn_efaar_e0.2_c150,0.2765518455935261,0.01970245583727958,0.005448750524524609,370,70,1480,5849,7329
1259,openphenom,Raw,std_all__tvn_efaar_e0.2_c150,0.28376804998428173,-0.00460072571428173,-0.0013055389644542684,370,66,1480,5657,7137
1260,openphenom,Raw,std_all__tvn_efaar_e0.2_c150,0.24857778138381045,-0.015042827142583454,-0.0037393125968435597,370,63,1480,5785,7265
1261,openphenom,Raw,std_all__tvn_efaar_e0.2_c150,0.2557692890140845,0.03994122209452402,0.010215737977470052,370,64,1480,5369,6849
1262,openphenom,Raw,std_all__tvn_efaar_e0.2_c150,0.27656344267094557,-0.0020664500361589427,-0.0005715045361076171,370,79,1480,5689,7169
1263,openphenom,Raw,std_all__tvn_efaar_e0.2_c150,0.28618216975313665,0.050444012985397454,0.014436177087216444,370,83,1480,5817,7297
1264,openphenom,Raw,std_all__tvn_efaar_e0.2_c150,0.295724202383086,0.015222259658554045,0.004501590595994122,370,71,1480,5753,7233
1265,openphenom,Raw,std_all__tvn_efaar_e0.2_c150,0.27829325806437955,0.027288031859181296,0.007594075292256151,370,56,1480,5849,7329
1266,openphenom,Raw,std_all__tvn_efaar_e0.2_c150,0.26586697737115705,-0.013744843004990038,-0.0036542998641777924,370,80,1480,5628,7108
1267,openphenom,Raw,std_all__tvn_efaar_e0.2_c150,0.3115054394630163,-0.039246186994683935,-0.012225400727026733,370,52,1480,5599,7079
1268,openphenom,Raw,std_all__tvn_efaar_e0.2_c150,0.23914002787996655,0.020791623046993495,0.0049721093151277795,370,79,1480,5753,7233
1269,openphenom,Raw,std_all__tvn_efaar_e0.2_c150,0.28343248811980404,0.02417517918471476,0.0068520311870658,370,84,1480,5561,7041
1270,openphenom,Raw,std_all__tvn_efaar_e0.2_c150,0.3055495242958053,0.05514381244338124,0.016849165659932247,370,68,1480,5631,7111
1271,openphenom,Raw,std_all__tvn_efaar_e0.2_c150,0.31244654010873474,0.06398078522761391,0.019990574977808012,370,60,1480,5689,7169
1272,openphenom,Raw,std_all__tvn_efaar_e0.2_c150,0.3047099512867695,0.016681007094517027,0.005082868859184539,370,59,1480,5657,7137
1273,openphenom,Raw,std_all__tvn_efaar_e0.2_c150,0.2833054871607745,-0.017370832502878197,-0.004921252164616124,370,61,1480,5753,7233
1274,openphenom,Raw,std_all__tvn_efaar_e0.2_c150,0.28166210345615167,-0.055717958149219926,-0.01569363729259111,370,85,1480,5785,7265
1275,openphenom,Raw,std_all__tvn_efaar_e0.2_c150,0.32275623412975296,0.044467548698130216,0.014352178558789907,370,57,1480,5785,7265
1276,openphenom,Raw,std_all__tvn_efaar_e0.2_c150,0.3231823164308229,0.021600919900891323,0.006981035330606719,370,72,1480,5689,7169
1277,openphenom,Raw,std_all__tvn_efaar_e0.2_c150,0.2895001733425122,0.05583721815638794,0.016164884335237977,370,62,1480,5721,7201
1278,openphenom,Raw,std_all__tvn_efaar_e0.2_c150,0.24684549129661906,0.024550262980135525,0.006060121726792753,370,70,1480,5465,6945
1279,openphenom,Raw,std_all__tvn_efaar_e0.2_c150,0.2908758021338675,0.02045416367442805,0.005949621265776673,370,57,1480,5593,7073
1280,openphenom,Raw,std_all__tvn_efaar_e0.2_c150,0.29920945348427286,0.0007067986852340162,0.0002114808483322726,370,54,1480,5881,7361
1281,openphenom,Raw,std_all__tvn_efaar_e0.2_c150,0.28442975617765986,0.051546177743443194,0.014661266767457866,370,88,1480,5881,7361
1282,openphenom,Raw,std_all__tvn_efaar_e0.2_c150,0.2947637860119511,0.017511332021276613,0.005161706524703807,370,59,1480,5593,7073
1283,openphenom,Raw,std_all__tvn_efaar_e0.2_c150,0.26381611708080727,-0.02281183366543914,-0.006018129381109394,370,78,1480,5657,7137
1284,openphenom,Raw,std_all__tvn_efaar_e0.2_c150,0.25823478294008906,0.10896483751341622,0.02813851116337911,370,75,1480,5669,7149
1285,openphenom,Raw,std_all__tvn_efaar_e0.2_c150,0.2717549039048594,0.07794871572368502,0.021182945750997224,370,75,1480,5657,7137
1286,openphenom,Raw,std_all__tvn_efaar_e0.2_c150,0.26913232520967023,-0.004824349621483737,-0.0012983884312543106,370,83,1480,5625,7105
1287,openphenom,Raw,std_all__tvn_efaar_e0.2_c150,0.28019702000868496,-0.012248833835643557,-0.003432086739328875,370,94,1480,5502,6982
1288,openphenom,Raw,std_all__tvn_efaar_e0.2_c150,0.26376909384675484,0.022908694455696578,0.006042605577791263,370,56,1480,5561,7041
1289,openphenom,Raw,std_all__tvn_efaar_e0.2_c150,0.27932553052794007,0.029242004800279556,0.008168038504538658,370,57,1480,5913,7393
1290,openphenom,Raw,std_all__tvn_efaar_e0.2_c150,0.2776587948782114,0.05284028836428734,0.014671570788245198,370,49,1480,5433,6913
1291,openphenom,Raw,std_all__tvn_efaar_e0.2_c150,0.29422876427613925,0.03567954254271284,0.01049794771228034,370,62,1480,5561,7041
1292,openphenom,Raw,std_all__tvn_efaar_e0.2_c150,0.2702194066543302,-0.033974358587447934,-0.009180531018961628,370,94,1480,5593,7073
1293,openphenom,Raw,std_all__tvn_efaar_e0.2_c150,0.28035568116795934,0.020327469785744564,0.00569892163820353,370,61,1480,5561,7041
1294,openphenom,Raw,std_all__tvn_efaar_e0.2_c150,0.270234659197481,0.0006267839447354733,0.0001693787456960434,370,49,1480,5881,7361
1295,openphenom,Raw,std_all__tvn_efaar_e0.2_c150,0.2813773944911565,0.0038349393749726912,0.00107906524936136,370,68,1480,5785,7265
1296,openphenom,Raw,std_all__tvn_efaar_e0.2_c150,0.2844903110556834,0.01115194311627033,0.0031726197660230334,370,89,1480,5721,7201
1297,openphenom,Raw,std_all__tvn_efaar_e0.2_c150,0.2955241951883451,-0.021810990979027778,-0.00644567555533744,370,89,1480,5593,7073
1298,openphenom,Raw,std_all__tvn_efaar_e0.2_c150,0.3299383963759986,0.07075703400139363,0.02334546233074182,370,72,1480,5849,7329
1299,openphenom,Raw,std_all__tvn_efaar_e0.2_c150,0.2784083701195846,-0.011936676954723436,-0.003323270775608558,370,52,1480,5753,7233
1300,openphenom,Raw,std_all__tvn_efaar_e0.2_c150,0.28913538513831527,-0.031560273311598254,-0.009125191779019454,370,70,1480,5753,7233
1301,openphenom,Raw,std_all__tvn_efaar_e0.2_c150,0.3096641824268242,0.04936346888139008,0.015286098232907637,370,59,1480,5689,7169
1302,openphenom,Raw,std_all__tvn_efaar_e0.2_c150,0.30002423781412063,0.014643126968570922,0.004393293007960886,370,89,1480,5785,7265
1303,openphenom,Raw,std_all__tvn_efaar_e0.2_c150,0.29221139098159526,0.02128584921713182,0.006219967607962589,370,54,1480,5689,7169
1304,openphenom,Raw,std_all__tvn_efaar_e0.2_c150,0.2735309823746708,0.004976444297203723,0.0013612116973469623,370,78,1480,5465,6945
1305,openphenom,Raw,std_all__tvn_efaar_e0.2_c150,0.28476689503458463,-0.0029164452127253466,-0.0008305070477662756,370,92,1480,5785,7265
1306,openphenom,Raw,std_all__tvn_efaar_e0.2_c150,0.2941695667956433,-0.0012503550739071335,-0.00036781641043199604,370,75,1480,5817,7297
1307,openphenom,Raw,std_all__tvn_efaar_e0.2_c150,0.2658810140234711,0.017161528011274615,0.0045629244698298975,370,91,1480,5593,7073
1308,openphenom,Raw,std_all__tvn_efaar_e0.2_c150,0.28311189800841924,0.06853053462207644,0.01940180972838775,370,57,1480,5817,7297
1309,openphenom,Raw,std_all__tvn_efaar_e0.2_c150,0.24316867187343336,0.07071089698755088,0.017194674907441906,370,97,1480,5721,7201
1310,openphenom,Raw,std_all__tvn_efaar_e0.2_c150,0.2815410119564806,-0.018850013158687517,-0.005307051780089859,370,63,1480,5945,7425
1311,openphenom,Raw,std_all__tvn_efaar_e0.2_c150,0.28028930622628595,0.016998538907537948,0.00476450867725434,370,68,1480,5561,7041
1312,openphenom,Raw,std_all__tvn_efaar_e0.2_c150,0.2640393583273345,0.013769505554755286,0.003635691411162254,370,67,1480,6009,7489
1313,openphenom,Raw,std_all__tvn_efaar_e0.2_c150,0.2612318995582346,-0.019379504500244192,-0.0050625447730961465,370,81,1480,5497,6977
1314,openphenom,Raw,std_all__tvn_efaar_e0.2_c150,0.28044880840585795,0.035222160354097844,0.009878012900786793,370,51,1480,5785,7265
1315,openphenom,Raw,std_all__tvn_efaar_e0.2_c150,0.2867425681573815,0.04744588428238315,0.013604754707628487,370,56,1480,5369,6849
1316,openphenom,Raw,std_all__tvn_efaar_e0.2_c150,0.2855932402240589,0.05676086237083847,0.016210518602399616,370,71,1480,5849,7329
1317,openphenom,Raw,std_all__tvn_efaar_e0.2_c150,0.28136542424368444,0.021544704060194424,0.006061934798101235,370,78,1480,5689,7169
1318,openphenom,Raw,std_all__tvn_efaar_e0.2_c150,0.3053745792294184,0.07340617525728843,0.0224163798820354,370,55,1480,5913,7393
1319,openphenom,Raw,std_all__tvn_efaar_e0.2_c150,0.2708183684939088,0.008662317235254997,0.002345914621028425,370,71,1480,5689,7169
1320,openphenom,Raw,std_all__tvn_efaar_e0.2_c150,0.30982554756991265,-0.0008541760037044387,-0.00026464554806880744,370,62,1480,5689,7169
1321,openphenom,Raw,std_all__tvn_efaar_e0.2_c150,0.27207756997948074,0.03295616458140503,0.008966633175152512,370,75,1480,5721,7201
1322,openphenom,Raw,std_all__tvn_efaar_e0.2_c150,0.26941688968317484,-0.00011930361029359588,-3.214240761327421e-05,370,65,1480,5689,7169
1323,openphenom,Raw,std_all__tvn_efaar_e0.2_c150,0.28448481903095324,0.060390390578254766,0.01718014933486339,370,85,1480,5657,7137
1324,openphenom,Raw,std_all__tvn_efaar_e0.2_c150,0.2993858288495572,0.013053427258668348,0.0039080111391638275,370,85,1480,5593,7073
1325,openphenom,Raw,std_all__tvn_efaar_e0.2_c150,0.3017116508624401,0.023749027420792785,0.007165358269504749,370,60,1480,5465,6945
1326,openphenom,Raw,std_all__tvn_efaar_e0.2_c150,0.29390494975496495,-0.025681175112005163,-0.0075478244809423336,370,93,1480,5593,7073
1327,openphenom,Raw,std_all__tvn_efaar_e0.2_c150,0.26782573315702907,0.009959941215365259,0.0026675285582061117,370,72,1480,5881,7361
1328,openphenom,Raw,std_all__tvn_efaar_e0.2_c150,0.3088405739636356,0.002340945704313113,0.0007229790149377691,370,64,1480,5817,7297
1329,openphenom,Raw,std_all__tvn_efaar_e0.2_c150,0.29235275518825143,0.04306375981882758,0.01258980883179936,370,63,1480,5823,7303
1330,openphenom,Raw,std_all__tvn_efaar_e0.2_c150,0.27065918374404524,-0.019376338517071545,-0.0052443839669788885,370,114,1480,5849,7329
1331,openphenom,Raw,std_all__tvn_efaar_e0.2_c150,0.3086862502647871,0.01831956844688841,0.005654998890339092,370,78,1480,5721,7201
1332,openphenom,Raw,std_all__tvn_efaar_e0.2_c150,0.27059120125632335,-0.0359440656478805,-0.009726147901696132,370,74,1480,5977,7457
1333,openphenom,Raw,std_all__tvn_efaar_e0.2_c150,0.3311857645080369,-0.018319708189646764,-0.006067226562352308,370,78,1480,5561,7041
1334,openphenom,Raw,std_all__tvn_efaar_e0.2_c150,0.2434126309984315,0.07598814244218928,0.01849647367653687,370,93,1480,5791,7271
1335,openphenom,Raw,std_all__tvn_efaar_e0.2_c150,0.3068537005494129,-0.011945806487893567,-0.0036656149268573268,370,62,1480,5657,7137
1336,openphenom,Raw,std_all__tvn_efaar_e0.2_c150,0.2929030114757813,-0.02585961479767959,-0.007574359049844028,370,69,1480,5849,7329
1337,openphenom,Raw,std_all__tvn_efaar_e0.2_c150,0.25548753606761393,0.011827476526654467,0.0030217728356924903,370,64,1480,5657,7137
1338,openphenom,Raw,std_all__tvn_efaar_e0.2_c150,0.27281584780984225,0.030488937054117253,0.008317865211239913,370,54,1480,5721,7201
1339,openphenom,Raw,std_all__tvn_efaar_e0.2_c150,0.2826961214027722,0.020863995474770684,0.005898170597682664,370,71,1480,5785,7265
1340,openphenom,Raw,std_all__tvn_efaar_e0.2_c150,0.2970126104933842,-0.00854123876150096,-0.00253685562140068,370,87,1480,5689,7169
1341,openphenom,Raw,std_all__tvn_efaar_e0.2_c150,0.30120651437157375,0.013229873181091126,0.003984923986454422,370,63,1480,5529,7009
1342,openphenom,Raw,std_all__tvn_efaar_e0.2_c150,0.2600061677216129,0.07576675695834688,0.01969982411743462,370,71,1480,5849,7329
1343,openphenom,Raw,std_all__tvn_efaar_e0.2_c150,0.27817893798104737,0.08181259933180482,0.02275854199559041,370,103,1480,5561,7041
1344,openphenom,Raw,std_all__tvn_efaar_e0.2_c150,0.2834567795360528,0.016982339164101724,0.004813759168445258,370,53,1480,5785,7265
1345,openphenom,Raw,std_all__tvn_efaar_e0.2_c150,0.2697672470969191,-0.017927428202473096,-0.004836232953708836,370,50,1480,5721,7201
1346,openphenom,Raw,std_all__tvn_efaar_e0.2_c150,0.33459113972924853,-0.021200143781417335,-0.007093380270248367,370,86,1480,5529,7009
1347,openphenom,Raw,std_all__tvn_efaar_e0.2_c150,0.3036745101442617,-0.0031958123407409477,-0.0009704867470874938,370,65,1480,5529,7009
1348,openphenom,Raw,std_all__tvn_efaar_e0.2_c150,0.3136545580753486,0.03400235191921964,0.010664992664745316,370,72,1480,5657,7137
1349,openphenom,Raw,std_all__tvn_efaar_e0.2_c150,0.27914990799364103,0.068668867580668,0.01916890806717099,370,83,1480,5913,7393
1350,openphenom,Raw,std_all__tvn_efaar_e0.2_c150,0.29472781980558915,0.044668561599435504,0.013165067774053286,370,53,1480,5593,7073
1351,openphenom,Raw,std_all__tvn_efaar_e0.2_c150,0.23192638158254142,0.059774528802972356,0.01386329017607478,370,66,1480,5689,7169
1352,openphenom,Raw,std_all__tvn_efaar_e0.2_c150,0.2596177094611784,-0.01072564091794457,-0.00278456632761986,370,61,1480,5529,7009
1353,openphenom,Raw,std_all__tvn_efaar_e0.2_c150,0.26360574168845136,0.025955193656109418,0.006841938074386111,370,95,1480,5689,7169
1354,openphenom,Raw,std_all__tvn_efaar_e0.2_c150,0.2679058508024941,-0.026327894952330032,-0.007053397097042668,370,58,1480,5785,7265
1355,openphenom,Raw,std_all__tvn_efaar_e0.2_c150,0.29816327050356034,0.08778405161925329,0.026173979928849924,370,92,1480,5849,7329
1356,openphenom,Raw,std_all__tvn_efaar_e0.2_c150,0.29872490604001994,0.07006538009341136,0.02093027408506259,370,82,1480,5625,7105
1357,openphenom,Raw,std_all__tvn_efaar_e0.2_c150,0.28292973177525005,0.029386310111625857,0.008314260837746622,370,88,1480,5721,7201
1358,openphenom,Raw,std_all__tvn_efaar_e0.2_c150,0.2819609268091717,0.023567323929976562,0.006645064497708162,370,119,1480,5593,7073
1359,openphenom,Raw,std_all__tvn_efaar_e0.2_c150,0.279559914382385,0.05554164237625739,0.015527216787363561,370,92,1480,5433,6913
1360,openphenom,Raw,std_all__tvn_efaar_e0.2_c150,0.264828181252374,-0.003966218928971699,-0.0010503665454083136,370,74,1480,5593,7073
1361,openphenom,Raw,std_all__tvn_efaar_e0.2_c150,0.3066478692889575,0.0443706283034638,0.013606158628269483,370,62,1480,5593,7073
1362,openphenom,Raw,std_all__tvn_efaar_e0.2_c150,0.2844134277178104,0.010552208227411375,0.0030011897119501495,370,71,1480,5689,7169
1363,openphenom,Raw,std_all__tvn_efaar_e0.2_c150,0.28295958735861976,0.07344000769364901,0.020780554272608786,370,77,1480,5593,7073
1364,openphenom,Raw,std_all__tvn_efaar_e0.2_c150,0.28686497353214263,0.007470873246245267,0.002143131856046141,370,61,1480,5721,7201
1365,openphenom,Raw,std_all__tvn_efaar_e0.2_c150,0.274469868884148,0.00398611552423806,0.0010940686052946871,370,76,1480,5502,6982
1366,openphenom,Raw,std_all__tvn_efaar_e0.2_c150,0.27190871490420343,-0.011423237188804529,-0.003106077744053745,370,67,1480,5913,7393
1367,openphenom,Raw,std_all__tvn_efaar_e0.2_c150,0.28958787325589735,0.05592232452173164,0.016194427025774383,370,81,1480,5529,7009
1368,openphenom,Raw,std_all__tvn_efaar_e0.2_c150,0.2967118998766906,-0.0027369182859724363,-0.0008120762244381372,370,77,1480,5598,7078
1369,openphenom,Raw,std_all__tvn_efaar_e0.2_c150,0.30086849336144844,0.001594739512514956,0.00047980687443434556,370,61,1480,5561,7041
1370,openphenom,Raw,std_all__tvn_efaar_e0.2_c150,0.2881440187992849,0.06258161696201188,0.018032518614391597,370,100,1480,5753,7233
1371,openphenom,Raw,std_all__tvn_efaar_e0.2_c150,0.28067472816084943,-0.010863732601519039,-0.0030491751947435137,370,62,1480,5721,7201
1372,openphenom,Raw,std_all__tvn_efaar_e0.2_c150,0.3189361496321066,0.010134510435234566,0.0032322617366201175,370,61,1480,5561,7041
1373,openphenom,Raw,std_all__tvn_efaar_e0.2_c150,0.25976552828202737,0.0531918683144374,0.013817413773007865,370,43,1480,5753,7233
1374,openphenom,Raw,std_all__tvn_efaar_e0.2_c150,0.2667008556003393,0.08062521102397079,0.021502812763050917,370,57,1480,5817,7297
1375,openphenom,Raw,std_all__tvn_efaar_e0.2_c150,0.2827085323913451,-0.011341397676626308,-0.0032063098924256343,370,66,1480,5849,7329
1376,openphenom,Raw,std_all__tvn_efaar_e0.2_c150,0.2914688437063719,0.00583394291892846,0.0017004125968290544,370,84,1480,5849,7329
1377,openphenom,Raw,std_all__tvn_efaar_e0.2_c150,0.3042629577884063,-0.008190521556720981,-0.0024920723146776274,370,63,1480,5689,7169
1378,openphenom,Raw,std_all__tvn_efaar_e0.2_c150,0.2616330808026438,0.009189574710288995,0.0024042967427189725,370,61,1480,5689,7169
1379,openphenom,Raw,std_all__tvn_efaar_e0.2_c150,0.26591322699233705,-0.028620984657913913,-0.007610698390084059,370,75,1480,5401,6881
1380,openphenom,Raw,std_all__tvn_efaar_e0.2_c150,0.30368714379472145,0.061970002040611795,0.018819492920666456,370,76,1480,5849,7329
1381,openphenom,Raw,std_all__tvn_efaar_e0.2_c150,0.28266986587579307,-0.010086001438278152,-0.0028510086737811415,370,76,1480,5785,7265
1382,openphenom,Raw,std_all__tvn_efaar_e0.2_c150,0.30112450566484467,0.034137188068446796,0.010279543881898875,370,79,1480,5817,7297
1383,openphenom,Raw,std_all__tvn_efaar_e0.2_c150,0.25100641922254463,-0.016185825344909255,-0.00406274606198718,370,89,1480,5817,7297
1384,openphenom,Raw,std_all__tvn_efaar_e0.2_c150,0.29729673910530674,0.04717450392677262,0.014024826186339987,370,75,1480,5689,7169
1385,openphenom,Raw,std_all__tvn_efaar_e0.2_c150,0.27290314190837445,0.039290497660458105,0.010722500258682653,370,60,1480,5721,7201
1386,openphenom,Raw,std_all__tvn_efaar_e0.2_c150,0.2946445946847328,0.03369129637788557,0.009926958365665301,370,70,1480,5785,7265
1387,openphenom,Raw,std_all__tvn_efaar_e0.2_c150,0.29199279675801904,0.03357666988235552,0.009804145744769734,370,79,1480,5657,7137
1388,openphenom,Raw,std_all__tvn_efaar_e0.2_c150,0.24971716481575545,0.03689124914625903,0.009212378143315464,370,68,1480,5785,7265
1389,openphenom,Raw,std_all__tvn_efaar_e0.2_c150,0.30594496233607527,0.046839813106808466,0.01433040485679132,370,62,1480,5625,7105
1390,openphenom,Raw,std_all__tvn_efaar_e0.2_c150,0.274760672689606,-0.028502142678994185,-0.007831267895575571,370,82,1480,5689,7169
1391,openphenom,Raw,std_all__tvn_efaar_e0.2_c150,0.3171003270652119,0.056236454110778974,0.01783259799151579,370,82,1480,5753,7233
1392,openphenom,Raw,std_all__tvn_efaar_e0.2_c150,0.3084553384368139,0.1631778178033574,0.05033306901591537,370,65,1480,5561,7041
1393,openphenom,Raw,std_all__tvn_efaar_e0.2_c150,0.26148851463442874,-0.01045344318369815,-0.002733455330920623,370,53,1480,5561,7041
1394,openphenom,Raw,std_all__tvn_efaar_e0.2_c150,0.2668845116542186,0.03815126416691017,0.01018198150617691,370,62,1480,5753,7233
1395,openphenom,Raw,std_all__tvn_efaar_e0.2_c150,0.2923098615897594,0.015036344707905954,0.0043952718403839006,370,75,1480,5721,7201
1396,openphenom,Raw,std_all__tvn_efaar_e0.2_c150,0.2722448481815368,0.01186737845999368,0.0032308326471538196,370,111,1480,5849,7329
1397,openphenom,Raw,std_all__tvn_efaar_e0.2_c150,0.2694991026297591,0.03471151737266188,0.00935472278284967,370,87,1480,5593,7073
1398,openphenom,Raw,std_all__tvn_efaar_e0.2_c150,0.27873963474684904,-0.01752778496539552,-0.00488568837917566,370,80,1480,5849,7329
1399,openphenom,Raw,std_all__tvn_efaar_e0.2_c150,0.2864206009887708,0.020259814561413462,0.005802828262601094,370,52,1480,5689,7169
1400,openphenom,Raw,std_all__tvn_efaar_e0.2_c150,0.2664485219322857,0.05655811349349328,0.015069825743619748,370,57,1480,5497,6977
1401,openphenom,Raw,std_all__tvn_efaar_e0.2_c150,0.2683319488200171,0.09357226064408955,0.025108427054123136,370,71,1480,5721,7201
1402,openphenom,Raw,std_all__tvn_efaar_e0.2_c150,0.2674116206874016,0.0533591575445444,0.01426885879750101,370,68,1480,5689,7169
1403,openphenom,Raw,std_all__tvn_efaar_e0.2_c150,0.2767889080784852,0.045609928738277385,0.01262432237300532,370,68,1480,5785,7265
1404,openphenom,Raw,std_all__tvn_efaar_e0.2_c150,0.2818877874721858,0.03820908806659169,0.01077067529642143,370,59,1480,5817,7297
1405,openphenom,Raw,std_all__tvn_efaar_e0.2_c150,0.2761725444648652,0.08695889678974181,0.024015659790280596,370,58,1480,5817,7297
1406,openphenom,Raw,std_all__tvn_efaar_e0.2_c150,0.2584392360691558,-0.015055418854706248,-0.0038909109475114474,370,58,1480,5657,7137
1407,openphenom,Raw,std_all__tvn_efaar_e0.2_c150,0.280630689904583,0.08319879010621727,0.023348133866734348,370,80,1480,5753,7233
1408,openphenom,Raw,std_all__tvn_efaar_e0.2_c150,0.2690764023945651,-0.03140411112511815,-0.00845010524194593,370,66,1480,5849,7329
1409,openphenom,Raw,std_all__tvn_efaar_e0.2_c150,0.28521712806843086,-0.012263575880847402,-0.0034977818925845732,370,65,1480,5849,7329
1410,openphenom,Raw,std_all__tvn_efaar_e0.2_c150,0.2880610898112214,0.009126503790735556,0.0026289906281255276,370,69,1480,6041,7521
1411,openphenom,Raw,std_all__tvn_efaar_e0.2_c150,0.2889597518401776,0.027659570451559846,0.007992502613688642,370,58,1480,5817,7297
1412,openphenom,Raw,std_all__tvn_efaar_e0.2_c150,0.26575309688100796,0.0015677324107365462,0.00041662974323396554,370,65,1480,5689,7169
1413,openphenom,Raw,std_all__tvn_efaar_e0.2_c150,0.2932877776379276,0.047170172843499045,0.013834435164066761,370,75,1480,5721,7201
1414,openphenom,Raw,std_all__tvn_efaar_e0.2_c150,0.2755088533398584,0.0003243861483991655,8.937125578478723e-05,370,94,1480,5631,7111
1415,openphenom,Raw,std_all__tvn_efaar_e0.2_c150,0.25569926722193154,0.028967497872863488,0.007406967979344054,370,58,1480,5785,7265
1416,openphenom,Raw,std_all__tvn_efaar_e0.2_c150,0.29012760334751453,0.08091432159936238,0.023475478202113036,370,70,1480,5849,7329
1417,openphenom,Raw,std_all__tvn_efaar_e0.2_c150,0.31276280868440887,0.02248474226977205,0.007032391144838957,370,57,1480,5753,7233
1418,openphenom,Raw,std_all__tvn_efaar_e0.2_c150,0.2847284607146927,0.05651115472848825,0.01609033409905229,370,92,1480,5817,7297
1419,openphenom,Raw,std_all__tvn_efaar_e0.2_c150,0.2865741856003617,0.014730413342397105,0.004221356207154152,370,61,1480,5849,7329
1420,openphenom,Raw,std_all__tvn_efaar_e0.2_c150,0.2976201512371598,0.06440636058450847,0.019168630777796458,370,63,1480,5785,7265
1421,openphenom,Raw,std_all__tvn_efaar_e0.2_c150,0.2896327440617291,-0.010601970234381882,-0.003070677731444798,370,103,1480,5657,7137
1422,openphenom,Raw,std_all__tvn_efaar_e0.2_c150,0.2716245065437048,0.10039838023691669,0.02727066048963974,370,73,1480,5817,7297
1423,openphenom,Raw,std_all__tvn_efaar_e0.2_c150,0.25708541597153683,0.012588397376363924,0.0032362933759175223,370,71,1480,5823,7303
1424,openphenom,Raw,std_all__tvn_efaar_e0.2_c150,0.28380704587774763,0.06078788863808806,0.01725203109952127,370,44,1480,5721,7201
1425,openphenom,Raw,std_all__tvn_efaar_e0.2_c150,0.310279824350692,-0.027068024333731632,-0.008398661835790508,370,86,1480,5497,6977
1426,openphenom,Raw,std_all__tvn_efaar_e0.2_c150,0.2727278318526939,0.0065804661071782004,0.0017946762539908475,370,63,1480,5497,6977
1427,openphenom,Raw,std_all__tvn_efaar_e0.2_c150,0.26115588408974266,0.0969597092027584,0.02532159857793073,370,73,1480,5721,7201
1428,openphenom,Raw,std_all__tvn_efaar_e0.2_c150,0.26106953608963995,0.051239846572756965,0.013377162974053988,370,94,1480,5657,7137
1429,openphenom,Raw,std_all__tvn_efaar_e0.2_c150,0.2937555726723052,0.01778714583393088,0.005225073210652173,370,69,1480,5817,7297
1430,openphenom,Raw,std_all__tvn_efaar_e0.2_c150,0.2647113620784025,0.03506280056409552,0.009281521695605104,370,77,1480,5567,7047
1431,openphenom,Raw,std_all__tvn_efaar_e0.2_c150,0.24688504239637962,0.04484067981540399,0.011070493137308499,370,64,1480,5529,7009
1432,openphenom,Raw,std_all__tvn_efaar_e0.2_c150,0.29545775815920927,0.03936420659734507,0.01163046023296753,370,59,1480,5752,7232
1433,openphenom,Raw,std_all__tvn_efaar_e0.2_c150,0.27517343785145004,-0.04723257243776734,-0.012997149336268082,370,65,1480,5721,7201
1434,openphenom,Raw,std_all__tvn_efaar_e0.2_c150,0.3002239942404622,0.033382984284604136,0.010022372881590432,370,63,1480,5625,7105
1435,openphenom,Raw,std_all__tvn_efaar_e0.2_c150,0.3002560849535791,0.06184251784309045,0.018568592291238195,370,88,1480,5785,7265
1436,openphenom,Raw,std_all__tvn_efaar_e0.2_c150,0.24789539123219098,0.059538331041282165,0.014759277866790344,370,92,1480,5721,7201
1437,openphenom,Raw,std_all__tvn_efaar_e0.2_c150,0.26989158955242587,0.04724440174320352,0.012750866683926597,370,52,1480,5753,7233
1438,openphenom,Raw,std_all__tvn_efaar_e0.2_c150,0.258299585287292,0.00019956770816728555,5.154825625634518e-05,370,64,1480,5689,7169
1439,openphenom,Raw,std_all__tvn_efaar_e0.2_c150,0.2788583543735739,0.11363931084162673,0.03168927121344307,370,58,1480,5721,7201
1440,openphenom,Raw,std_all__tvn_efaar_e0.2_c150,0.2729758772282623,-0.00328151979738557,-0.0008957757453332355,370,81,1480,5657,7137
1441,openphenom,Raw,std_all__tvn_efaar_e0.2_c150,0.3304470774729151,0.09212204934327119,0.030441461976299638,370,76,1480,5593,7073
1442,openphenom,Raw,std_all__tvn_efaar_e0.2_c150,0.2931702154009582,0.04703728841657213,0.013789931976963448,370,57,1480,5785,7265
1443,openphenom,Raw,std_all__tvn_efaar_e0.2_c150,0.2864296326108866,0.034079847547748524,0.009761478212536635,370,62,1480,5657,7137
1444,openphenom,Raw,std_all__tvn_efaar_e0.2_c150,0.2737968739983723,0.028101939643686662,0.007694223227732341,370,82,1480,5721,7201
1445,openphenom,Raw,std_all__tvn_efaar_e0.2_c150,0.30669399953052295,-0.010387845448462673,-0.003185889867093956,370,85,1480,5817,7297
1446,openphenom,Raw,std_all__tvn_efaar_e0.2_c150,0.2775506654203433,0.05065202218483658,0.014058502462287384,370,87,1480,5657,7137
1447,openphenom,Raw,std_all__tvn_efaar_e0.2_c150,0.28504113736195386,0.05343765423741979,0.01523192974178897,370,55,1480,5721,7201
1448,openphenom,Raw,std_all__tvn_efaar_e0.2_c150,0.2866276322069292,0.05772535667247328,0.016545682301331476,370,68,1480,5657,7137
1449,openphenom,Raw,std_all__tvn_efaar_e0.2_c150,0.3118586468168753,0.08297092904229057,0.025875201656267718,370,74,1480,5625,7105
1450,openphenom,Raw,std_all__tvn_efaar_e0.2_c150,0.28984166060167227,0.0005469139001156835,0.00015851843301566682,370,83,1480,5881,7361
1451,openphenom,Raw,std_all__tvn_efaar_e0.2_c150,0.28886490727910097,0.012767819919007614,0.003688175117060393,370,70,1480,5689,7169
1452,openphenom,Raw,std_all__tvn_efaar_e0.2_c150,0.27124765909315157,0.0015439167562670126,0.000418783805972119,370,63,1480,5913,7393
1453,openphenom,Raw,std_all__tvn_efaar_e0.2_c150,0.2538961649578459,-0.03984579755150364,-0.010116695188013499,370,56,1480,5657,7137
1454,openphenom,Raw,std_all__tvn_efaar_e0.2_c150,0.2954824164256278,0.05060509435673276,0.014952915563974295,370,79,1480,5785,7265
1455,openphenom,Raw,std_all__tvn_efaar_e0.2_c150,0.34690470954529684,0.02972946798174032,0.010313292455141829,370,81,1480,5657,7137
1456,openphenom,Raw,std_all__tvn_efaar_e0.2_c150,0.26375866348985655,0.029783439783146747,0.00785564027133341,370,79,1480,5753,7233
1457,openphenom,Raw,std_all__tvn_efaar_e0.2_c150,0.2933723837527587,-0.01614537781913091,-0.004736607977387352,370,76,1480,5887,7367
1458,openphenom,Raw,std_all__tvn_efaar_e0.2_c150,0.29306559201921417,0.005553430651116603,0.0016275194415071373,370,85,1480,5721,7201
1459,openphenom,Raw,std_all__tvn_efaar_e0.2_c150,0.29693881606166284,0.0709812774730802,0.02107709649540081,370,85,1480,5817,7297
1460,openphenom,Raw,std_all__tvn_efaar_e0.2_c150,0.2958506535436981,-0.04015575505590323,-0.01188010637682963,370,40,1480,5657,7137
1461,openphenom,Raw,std_all__tvn_efaar_e0.2_c150,0.3139524313532043,-0.001819198011871295,-0.0005711416389399084,370,81,1480,5785,7265
1462,openphenom,Raw,std_all__tvn_efaar_e0.2_c150,0.30144391491277334,-0.010778225986477659,-0.0032490306371784137,370,75,1480,5817,7297
1463,openphenom,Raw,std_all__tvn_efaar_e0.2_c150,0.27528076703114235,0.031021533013868164,0.008539631402539534,370,79,1480,5849,7329
1464,openphenom,Raw,std_all__tvn_efaar_e0.2_c150,0.30604967863038884,0.03932604188915845,0.012035722481982153,370,94,1480,5721,7201
1465,openphenom,Raw,std_all__tvn_efaar_e0.2_c150,0.28840932453763185,0.03711568958835403,0.010704510963925601,370,78,1480,5561,7041
1466,openphenom,Raw,std_all__tvn_efaar_e0.2_c150,0.2910231594233538,0.01053069978337636,0.003064677521897016,370,57,1480,5625,7105
1467,openphenom,Raw,std_all__tvn_efaar_e0.2_c150,0.26542656261249914,-0.002167720949796863,-0.0005753707204076831,370,75,1480,5657,7137
1468,openphenom,Raw,std_all__tvn_efaar_e0.2_c150,0.30345795968615297,0.013003315723094539,0.003945959658485141,370,90,1480,5785,7265
1469,openphenom,Raw,std_all__tvn_efaar_e0.2_c150,0.30935473934438634,0.017489891033762778,0.005410580681911404,370,70,1480,5881,7361
1470,openphenom,Raw,std_all__tvn_efaar_e0.2_c150,0.27491784947986414,0.04699055548276944,0.012918542459187212,370,102,1480,5689,7169
1471,openphenom,Raw,std_all__tvn_efaar_e0.2_c150,0.2846312315441883,0.0016574805811572515,0.0004717707390753654,370,67,1480,5881,7361
1472,openphenom,Raw,std_all__tvn_efaar_e0.2_c150,0.31267208457349216,-0.008005018129879055,-0.0025029457057178816,370,67,1480,5657,7137
1473,openphenom,Raw,std_all__tvn_efaar_e0.2_c150,0.2997690352843492,0.054218197498613924,0.016252936759015808,370,82,1480,5497,6977
1474,openphenom,Raw,std_all__tvn_efaar_e0.2_c150,0.24164528480467273,0.018986060773142074,0.004587892062844741,370,84,1480,5593,7073
1475,openphenom,Raw,std_all__tvn_efaar_e0.2_c150,0.25076070429019715,0.005955574383139352,0.0014934240267686803,370,84,1480,5593,7073
1476,openphenom,Raw,std_all__tvn_efaar_e0.2_c150,0.2863626410860983,0.030526878721490534,0.008741757614801046,370,79,1480,5657,7137
1477,openphenom,Raw,std_all__tvn_efaar_e0.2_c150,0.26497408716707516,-0.005210945271414898,-0.0013807654665707494,370,58,1480,5689,7169
1478,openphenom,Raw,std_all__tvn_efaar_e0.2_c150,0.2954139001774979,0.022712409459249214,0.006709561460785106,370,48,1480,5657,7137
1479,openphenom,Raw,std_all__tvn_efaar_e0.2_c150,0.29967964464840824,0.06754348502758335,0.020241407591381263,370,84,1480,5497,6977
1480,openphenom,Raw,std_all__tvn_efaar_e0.2_c150,0.2881726258898892,0.06877498468968132,0.019819067933562393,370,51,1480,5689,7169
1481,openphenom,Raw,std_all__tvn_efaar_e0.2_c150,0.3241349215376663,0.029128899502738007,0.009441693554798552,370,50,1480,6041,7521
1482,openphenom,Raw,std_all__tvn_efaar_e0.2_c150,0.27121842290664516,0.038309594398570034,0.010390267774973412,370,70,1480,5689,7169
1483,openphenom,Raw,std_all__tvn_efaar_e0.2_c150,0.2841211668560709,0.004084793195928072,0.001160576209192823,370,73,1480,5753,7233
1484,openphenom,Raw,std_all__tvn_efaar_e0.2_c150,0.3003525872806257,0.0821913663188065,0.024686389525983208,370,67,1480,5753,7233
1485,openphenom,Raw,std_all__tvn_efaar_e0.2_c150,0.303080568397242,0.006710267725022585,0.0020337517561975133,370,62,1480,5593,7073
1486,openphenom,Raw,std_all__tvn_efaar_e0.2_c150,0.26656337579873834,-0.01024185942626412,-0.0027301046231210935,370,92,1480,5529,7009
1487,openphenom,Raw,std_all__tvn_efaar_e0.2_c150,0.2804269056082617,0.04640250125336841,0.013012509838965588,370,86,1480,5753,7233
1488,openphenom,Raw,std_all__tvn_efaar_e0.2_c150,0.2718856880681585,0.02594551314913158,0.007054213694833093,370,76,1480,5849,7329
1489,openphenom,Raw,std_all__tvn_efaar_e0.2_c150,0.30409774380984467,0.040261000386472914,0.012243279381053698,370,61,1480,5785,7265
1490,openphenom,Raw,std_all__tvn_efaar_e0.2_c150,0.2878853459304294,0.0323256538919271,0.009306082053104764,370,70,1480,5497,6977
1491,openphenom,Raw,std_all__tvn_efaar_e0.2_c150,0.3134025735719573,0.026387103572112495,0.008269786168609843,370,102,1480,5625,7105
1492,openphenom,Raw,std_all__tvn_efaar_e0.2_c150,0.3092110842313693,0.037199864639276777,0.011502610478370947,370,66,1480,5689,7169
1493,openphenom,Raw,std_all__tvn_efaar_e0.2_c150,0.26572740474365975,-0.008186646319194437,-0.0021754162799537723,370,62,1480,5477,6957
1494,openphenom,Raw,std_all__tvn_efaar_e0.2_c150,0.30467466348820743,0.037727920076100756,0.011494741353295984,370,52,1480,5497,6977
1495,openphenom,Raw,std_all__tvn_efaar_e0.2_c150,0.2790414085549788,-0.02287377527536435,-0.006382730471807715,370,65,1480,5657,7137
1496,openphenom,Raw,std_all__tvn_efaar_e0.2_c150,0.25864625615696885,-0.04639737888181032,-0.01200050834327665,370,97,1480,5785,7265
1497,openphenom,Raw,std_all__tvn_efaar_e0.2_c150,0.2963352865353918,0.00947908419752163,0.0028089871317656767,370,65,1480,5497,6977
1498,openphenom,Raw,std_all__tvn_efaar_e0.2_c150,0.27027343006410365,0.003731463196513251,0.0010085153572796008,370,58,1480,5433,6913
1499,openphenom,Raw,std_all__tvn_efaar_e0.2_c150,0.2754740778313576,0.026688269717534057,0.00735192648935224,370,70,1480,5657,7137
1500,openphenom,Raw,std_all__tvn_efaar_e0.2_c150,0.28775020712297816,0.09657808603208011,0.027790364259271855,370,71,1480,5721,7201
1501,openphenom,Raw,std_all__tvn_efaar_e0.2_c150,0.29383851171004693,-0.0013215788596718022,-0.00038833076523342333,370,44,1480,5913,7393
1502,openphenom,Raw,std_all__tvn_efaar_e0.2_c150,0.28433709683525255,0.06693189147290007,0.019031219707096602,370,72,1480,5945,7425
1503,openphenom,Raw,std_all__tvn_efaar_e0.2_c150,0.2849290452014436,0.1235090712073194,0.03519132173281862,370,50,1480,5657,7137
1504,openphenom,Raw,std_all__tvn_efaar_e0.2_c150,0.28193381332433975,0.04071332582947526,0.011478463204220298,370,67,1480,5657,7137
1505,openphenom,Raw,std_all__tvn_efaar_e0.2_c150,0.28323297994358354,-0.021938735804818733,-0.006213773518193803,370,83,1480,5529,7009
1506,openphenom,Raw,std_all__tvn_efaar_e0.2_c150,0.2564552963042656,0.06323907112788105,0.016217994724107263,370,57,1480,5369,6849
1507,openphenom,Raw,std_all__tvn_efaar_e0.2_c150,0.27665139911184417,0.017383655717018887,0.004809212675791884,370,74,1480,5497,6977
1508,openphenom,Raw,std_all__tvn_efaar_e0.2_c150,0.26359531787081086,-0.019961159891153983,-0.005261668286578814,370,74,1480,5945,7425
1509,openphenom,Raw,std_all__tvn_efaar_e0.2_c150,0.3189980656074943,0.03274892190250364,0.010446842737629563,370,57,1480,5721,7201
1510,openphenom,Raw,std_all__tvn_efaar_e0.2_c150,0.30656691278291015,0.06768783720933953,0.020750851286219413,370,50,1480,5721,7201
1511,openphenom,Raw,std_all__tvn_efaar_e0.2_c150,0.3071010167157103,-0.03522751221872706,-0.010818404818736187,370,72,1480,5945,7425
1512,openphenom,Raw,std_all__tvn_efaar_e0.2_c150,0.2940379106293513,0.022677239188152884,0.0066679680297265205,370,58,1480,5311,6791
1513,openphenom,Raw,std_all__tvn_efaar_e0.2_c150,0.2761882612208512,0.07936441674453842,0.021919520263481075,370,97,1480,5724,7204
1514,openphenom,Raw,std_all__tvn_efaar_e0.2_c150,0.2902778048164843,0.014528962807453513,0.0042174354300079505,370,59,1480,5753,7233
1515,openphenom,Raw,std_all__tvn_efaar_e0.2_c150,0.30689017901372684,-0.034520903751910546,-0.010594126332139462,370,61,1480,5689,7169
1516,openphenom,Raw,std_all__tvn_efaar_e0.2_c150,0.3044965004214171,0.009439808063431688,0.0028743885199648237,370,99,1480,5593,7073
1517,openphenom,Raw,std_all__tvn_efaar_e0.2_c150,0.28433431501901923,0.05861456437060925,0.016666132010455394,370,70,1480,5721,7201
1518,openphenom,Raw,std_all__tvn_efaar_e0.2_c150,0.27869982154140205,0.007007253025491638,0.001952920167699969,370,96,1480,5849,7329
1519,openphenom,Raw,std_all__tvn_efaar_e0.2_c150,0.24643467534191574,0.028194579182182794,0.006948121967163153,370,96,1480,5913,7393
1520,openphenom,Raw,std_all__tvn_efaar_e0.2_c150,0.27151511399909306,0.029275904348527306,0.007948850506616936,370,69,1480,5657,7137
1521,openphenom,Raw,std_all__tvn_efaar_e0.2_c150,0.29573735013470176,-0.02419305154631632,-0.0071547889559798366,370,57,1480,5849,7329
1522,openphenom,Raw,std_all__tvn_efaar_e0.2_c150,0.2772401656615606,0.03326853047558752,0.009223372900368561,370,47,1480,5785,7265
1523,openphenom,Raw,std_all__tvn_efaar_e0.2_c150,0.2781978433381241,0.021463889633266887,0.005971207805622367,370,77,1480,5497,6977
1524,openphenom,Raw,std_all__tvn_efaar_e0.2_c150,0.24983534395707543,0.02441960066010448,0.00610087933021163,370,90,1480,5822,7302
1525,openphenom,Raw,std_all__tvn_efaar_e0.2_c150,0.25619406610153844,0.07072393559348236,0.018119052630397568,370,51,1480,5625,7105
1526,openphenom,Raw,std_all__tvn_efaar_e0.2_c150,0.26630593428141436,0.039375322194994566,0.010485881964769739,370,50,1480,5721,7201
1527,openphenom,Raw,std_all__tvn_efaar_e0.2_c150,0.2751874817683782,0.02016231464300245,0.0055484165932295415,370,59,1480,5753,7233
1528,openphenom,Raw,std_all__tvn_efaar_e0.2_c150,0.29843945824149176,0.009915499504193643,0.002959176300225331,370,69,1480,5369,6849
1529,openphenom,Raw,std_all__tvn_efaar_e0.2_c150,0.27512564210608975,-0.011765099394453873,-0.0032368805253410898,370,96,1480,5817,7297
1530,openphenom,Raw,std_all__tvn_efaar_e0.2_c150,0.3098489248370215,-0.15374779831827956,-0.04763859000497814,370,80,1480,5849,7329
1531,openphenom,Raw,std_all__tvn_efaar_e0.2_c150,0.28394349171814337,0.06213512698519927,0.017642864914527715,370,47,1480,5625,7105
1532,openphenom,Raw,std_all__tvn_efaar_e0.2_c150,0.2937540144208311,0.1573619079641256,0.04622569218138325,370,63,1480,5593,7073
1533,openphenom,Raw,std_all__tvn_efaar_e0.2_c150,0.24867106221286223,0.007074965940549421,0.0017593392955562465,370,65,1480,5849,7329
1534,openphenom,Raw,std_all__tvn_efaar_e0.2_c150,0.30357938004164253,0.004201777562500536,0.0012755730274967966,370,84,1480,5689,7169
1535,openphenom,Raw,std_all__tvn_efaar_e0.2_c150,0.29413864283368946,0.015369615843628425,0.004520797945120036,370,86,1480,5913,7393
1536,openphenom,Raw,std_all__tvn_efaar_e0.2_c150,0.28866496424148885,0.003232057417586822,0.0009329817388741388,370,77,1480,5689,7169
1537,openphenom,Raw,std_all__tvn_efaar_e0.2_c150,0.29253273379682554,-0.034568143782460564,-0.010112313602964926,370,66,1480,5657,7137
1538,openphenom,Raw,std_all__tvn_efaar_e0.2_c150,0.27381866457045906,0.025510674373545112,0.006985298789255955,370,59,1480,5785,7265
1539,openphenom,Raw,std_all__tvn_efaar_e0.2_c150,0.2562843021747248,-0.03131912493760913,-0.008026600079358178,370,66,1480,5689,7169
1540,openphenom,Raw,std_all__tvn_efaar_e0.2_c150,0.29409821885551324,0.005452721674127547,0.0016036357322757639,370,92,1480,5753,7233
1541,openphenom,Raw,std_all__tvn_efaar_e0.2_c150,0.2876434829186176,0.017445419780910798,0.005018061306758528,370,75,1480,5849,7329
1542,openphenom,Raw,std_all__tvn_efaar_e0.2_c150,0.268785808889325,0.005908223216244477,0.0015880465562769612,370,85,1480,5625,7105
1543,openphenom,Raw,std_all__tvn_efaar_e0.2_c150,0.2786689310542827,-0.0063250218616577505,-0.0017625870810831345,370,64,1480,5817,7297
1544,openphenom,Raw,std_all__tvn_efaar_e0.2_c150,0.27923088863974116,0.0010436375667271943,0.00029141584517505164,370,60,1480,5497,6977
1545,openphenom,Raw,std_all__tvn_efaar_e0.2_c150,0.29114025019417794,0.07332885323945043,0.021348980678585754,370,103,1480,5465,6945
1546,openphenom,Raw,std_all__tvn_efaar_e0.2_c150,0.27304717343536095,0.06568565016054927,0.01793528111160194,370,57,1480,5529,7009
1547,openphenom,Raw,std_all__tvn_efaar_e0.2_c150,0.30313226261030474,-0.0005096037725154874,-0.00015447734459736673,370,79,1480,5529,7009
1548,openphenom,Raw,std_all__tvn_efaar_e0.2_c150,0.29797610031281435,0.05495474208402187,0.01637519973989334,370,63,1480,5849,7329
1549,openphenom,Raw,std_all__tvn_efaar_e0.2_c150,0.304245483155864,0.012357855855349332,0.003759821825481281,370,68,1480,5689,7169
1550,openphenom,Raw,std_all__tvn_efaar_e0.2_c150,0.2917465970912718,-0.05551213082903017,-0.016195475266655036,370,66,1480,5593,7073
1551,openphenom,Raw,std_all__tvn_efaar_e0.2_c150,0.2876987678242655,-0.017205613646196848,-0.004950033845671201,370,64,1480,5625,7105
1552,openphenom,Raw,std_all__tvn_efaar_e0.2_c150,0.2754166386697372,0.05315140658509259,0.014638781742234737,370,79,1480,5657,7137
1553,openphenom,Raw,std_all__tvn_efaar_e0.2_c150,0.29607991884772356,0.02211833007209545,0.006548793372793184,370,64,1480,5817,7297
1554,openphenom,Raw,std_all__tvn_efaar_e0.2_c150,0.2706191048672761,-0.0065542445648991855,-0.001773703797234227,370,80,1480,5625,7105
1555,openphenom,Raw,std_all__tvn_efaar_e0.2_c150,0.2506658202979902,0.027165668214252106,0.006809504506868544,370,91,1480,5881,7361
1556,openphenom,Raw,std_all__tvn_efaar_e0.2_c150,0.2848828367082205,-0.004172747654646039,-0.0011887441887231376,370,59,1480,5881,7361
1557,openphenom,Raw,std_all__tvn_efaar_e0.2_c150,0.3120982349569895,0.07839413419880385,0.024466670914428054,370,114,1480,5785,7265
1558,openphenom,Raw,std_all__tvn_efaar_e0.2_c150,0.2998208386833521,0.05450114426785095,0.016340578783589438,370,69,1480,5689,7169
1559,openphenom,Raw,std_all__tvn_efaar_e0.2_c150,0.28847359743279904,0.012874935029505815,0.0037140788246751034,370,52,1480,5593,7073
1560,openphenom,Raw,std_all__tvn_efaar_e0.2_c150,0.2862737317128278,0.013476435199585864,0.003857949394771552,370,73,1480,5593,7073
1561,openphenom,Raw,std_all__tvn_efaar_e0.2_c150,0.3151038172727929,0.003061761219871997,0.0009647726479594692,370,90,1480,5721,7201
1562,openphenom,Raw,std_all__tvn_efaar_e0.2_c150,0.3028367002869579,0.006661588062460638,0.002017373347506569,370,106,1480,5849,7329
1563,openphenom,Raw,std_all__tvn_efaar_e0.2_c150,0.29512977099898685,0.06010382640642591,0.017738428523491338,370,78,1480,5689,7169
1564,openphenom,Raw,std_all__tvn_efaar_e0.2_c150,0.2807848864193293,0.09982896737065815,0.02803046526452918,370,78,1480,5305,6785
1565,openphenom,Raw,std_all__tvn_efaar_e0.2_c150,0.327813082912218,0.08455775212386098,0.027719137407850016,370,84,1480,5785,7265
1566,openphenom,Raw,std_all__tvn_efaar_e0.2_c150,0.26277525051484385,-0.03648728579393146,-0.009587955665107041,370,76,1480,5625,7105
1567,openphenom,Raw,std_all__tvn_efaar_e0.2_c150,0.2794037114347436,0.025081369113483274,0.0070078276181719705,370,70,1480,5689,7169
1568,openphenom,Raw,std_all__tvn_efaar_e0.2_c150,0.2760508852275506,0.03360232129451021,0.009275950539050119,370,94,1480,5753,7233
1569,openphenom,Raw,std_all__tvn_efaar_e0.2_c150,0.3023177932066313,0.013660888809793485,0.004129929758217931,370,58,1480,5689,7169
1570,openphenom,Raw,std_all__tvn_efaar_e0.2_c150,0.28053401773593734,-0.02103117722575794,-0.005899960644858419,370,75,1480,5497,6977
1571,openphenom,Raw,std_all__tvn_efaar_e0.2_c150,0.30064314753379434,0.05089629008464673,0.01530162084884124,370,55,1480,5497,6977
1572,openphenom,Raw,std_all__tvn_efaar_e0.2_c150,0.2686299258382717,0.012906070940561122,0.003466956879626408,370,96,1480,5753,7233
1573,openphenom,Raw,std_all__tvn_efaar_e0.2_c150,0.26584342597666616,0.04452654479065624,0.011837089214051534,370,42,1480,5785,7265
1574,openphenom,Raw,std_all__tvn_efaar_e0.2_c150,0.2840001590047318,0.058088403267351714,0.016497115764258868,370,81,1480,5689,7169
1575,openphenom,Raw,std_all__tvn_efaar_e0.2_c150,0.2665500706485452,0.002529800566977689,0.0006743185198546328,370,76,1480,5625,7105
1576,openphenom,Raw,std_all__tvn_efaar_e0.2_c150,0.3253396146322576,0.14172176306576553,0.046107703780820276,370,60,1480,5593,7073
1577,openphenom,Raw,std_all__tvn_efaar_e0.2_c150,0.290467612422033,-0.024597318101366648,-0.007144724260889224,370,70,1480,5529,7009
1578,openphenom,Raw,std_all__tvn_efaar_e0.2_c150,0.2962497677445373,0.07434576065256143,0.022024914326112286,370,67,1480,5689,7169
1579,openphenom,Raw,std_all__tvn_efaar_e0.2_c150,0.27075628578184674,0.14568891881410437,0.039446190537679914,370,50,1480,5529,7009
1580,openphenom,Raw,std_all__tvn_efaar_e0.2_c150,0.29754555210467665,-0.007798949194869293,-0.0023205426440237073,370,53,1480,5625,7105
1581,openphenom,Raw,std_all__tvn_efaar_e0.2_c150,0.2635360541284981,-0.013883913759191204,-0.003658911847957613,370,53,1480,5657,7137
1582,openphenom,Raw,std_all__tvn_efaar_e0.2_c150,0.26775949887659095,-0.01499325328885769,-0.004014585987154334,370,58,1480,5721,7201
1583,openphenom,Raw,std_all__tvn_efaar_e0.2_c150,0.25968941452065103,0.09258152076155494,0.0240424409219997,370,101,1480,5849,7329
1584,openphenom,Raw,std_all__tvn_efaar_e0.2_c150,0.25478407038567635,-0.00823754487585307,-0.0020987952134545163,370,82,1480,5628,7108
1585,openphenom,Raw,std_all__tvn_efaar_e0.2_c150,0.27126707861422894,-0.06549809006664288,-0.01776747554718986,370,120,1480,5913,7393
1586,openphenom,Raw,std_all__tvn_efaar_e0.2_c150,0.2683942265885657,0.01519722478173989,0.0040788473915876625,370,69,1480,5849,7329
1587,openphenom,Raw,std_all__tvn_efaar_e0.2_c150,0.2916011876955902,0.00033574446425785597,9.790348453981043e-05,370,57,1480,5785,7265
1588,openphenom,Raw,std_all__tvn_efaar_e0.2_c150,0.25575400567616174,0.059166740733978505,0.015132130945517928,370,68,1480,5689,7169
1589,openphenom,Raw,std_all__tvn_efaar_e0.2_c150,0.2692719972095788,0.008935202186839963,0.002405999738321793,370,80,1480,5625,7105
1590,openphenom,Raw,std_all__tvn_efaar_e0.2_c150,0.29259764174711245,0.002217935020571071,0.0006489625565674288,370,100,1480,5689,7169
1591,openphenom,Raw,std_all__tvn_efaar_e0.2_c150,0.29912056815169386,-0.013303307908021466,-0.003979293019744303,370,86,1480,5785,7265
1592,openphenom,Raw,std_all__tvn_efaar_e0.2_c150,0.29011593095909255,0.07923781882187629,0.022988153574676547,370,74,1480,5753,7233
1593,openphenom,Raw,std_all__tvn_efaar_e0.2_c150,0.2783537744993541,0.018701360534766457,0.005205594293125503,370,67,1480,5689,7169
1594,openphenom,Raw,std_all__tvn_efaar_e0.2_c150,0.27677253517829015,-0.0019459292902332937,-0.0005385797829355595,370,97,1480,5721,7201
1595,openphenom,Raw,std_all__tvn_efaar_e0.2_c150,0.2971059008771991,0.06513203612311468,0.019351112268324262,370,64,1480,5689,7169
1596,openphenom,Raw,std_all__tvn_efaar_e0.2_c150,0.2906064184276448,0.03615994388496135,0.010508311782953233,370,89,1480,5817,7297
1597,openphenom,Raw,std_all__tvn_efaar_e0.2_c150,0.3300163722957045,0.00572099321121993,0.0018880214254951547,370,93,1480,5631,7111
1598,openphenom,Raw,std_all__tvn_efaar_e0.2_c150,0.3028648469129659,-0.023504767440427506,-0.007118767792569942,370,84,1480,5753,7233
1599,openphenom,Raw,std_all__tvn_efaar_e0.2_c150,0.29072342139531293,-0.010488614285631784,-0.003049285830814628,370,63,1480,5657,7137
1600,openphenom,Raw,std_all__tvn_efaar_e0.2_c150,0.27274007671274664,-0.04655110858784036,-0.012696352927310979,370,63,1480,5625,7105
1601,openphenom,Raw,std_all__tvn_efaar_e0.2_c150,0.2896814357243531,0.05358701476529042,0.015523163373391437,370,68,1480,5753,7233
1602,openphenom,Raw,std_all__tvn_efaar_e0.2_c150,0.2795982407389506,0.007190518074035409,0.002010456203501928,370,84,1480,5881,7361
1603,openphenom,Raw,std_all__tvn_efaar_e0.2_c150,0.2674392056147431,0.04366882367386254,0.011678755513468085,370,76,1480,5817,7297
1604,openphenom,Raw,std_all__tvn_efaar_e0.2_c150,0.2602494056234239,0.05011932738970609,0.013043525163416801,370,64,1480,5625,7105
1605,openphenom,Raw,std_all__tvn_efaar_e0.2_c150,0.2663562888991704,0.006112850361629813,0.001628196136919669,370,74,1480,5503,6983
1606,openphenom,Raw,std_all__tvn_efaar_e0.2_c150,0.26490667922736894,0.020283013376943396,0.005373105718410378,370,84,1480,5881,7361
1607,openphenom,Raw,std_all__tvn_efaar_e0.2_c150,0.276208248250463,0.06499481259412991,0.01795210333199175,370,73,1480,5753,7233
1608,openphenom,Raw,std_all__tvn_efaar_e0.2_c150,0.3013430357866119,0.04683526966077381,0.014113482341462182,370,72,1480,5785,7265
1609,openphenom,Raw,std_all__tvn_efaar_e0.2_c150,0.2838121459936311,-0.00497217065514073,-0.0014111624238820491,370,108,1480,5593,7073
1610,openphenom,Raw,std_all__tvn_efaar_e0.2_c150,0.2888061556530668,-0.005843874237699922,-0.0016877468527101106,370,65,1480,5625,7105
1611,openphenom,Raw,std_all__tvn_efaar_e0.2_c150,0.27762530749152875,0.08257827588695142,0.022925819235235182,370,48,1480,5657,7137
1612,openphenom,Raw,std_all__tvn_efaar_e0.2_c150,0.2958489544286543,-0.005228225030853372,-0.001546764908895689,370,95,1480,5657,7137
1613,openphenom,Raw,std_all__tvn_efaar_e0.2_c150,0.253739990610225,0.01900899196400682,0.004823341442456933,370,49,1480,5529,7009
1614,openphenom,Raw,std_all__tvn_efaar_e0.2_c150,0.27386513666386825,-0.0020088149721530905,-0.0005501443868811308,370,88,1480,5753,7233
1615,openphenom,Raw,std_all__tvn_efaar_e0.2_c150,0.3221171098500541,0.026355575030866853,0.008489581657379081,370,49,1480,5977,7457
1616,openphenom,Raw,std_all__tvn_efaar_e0.2_c150,0.2887706534210479,0.020439283633123043,0.005902265290195071,370,72,1480,5657,7137
1617,openphenom,Raw,std_all__tvn_efaar_e0.2_c150,0.2964891214342313,0.04629204404844839,0.013725087469319198,370,73,1480,5689,7169
1618,openphenom,Raw,std_all__tvn_efaar_e0.2_c150,0.2886347210477582,-0.03959955598170056,-0.011429806794393227,370,46,1480,5753,7233
1619,openphenom,Raw,std_all__tvn_efaar_e0.2_c150,0.28542928447868243,-0.021032431664801104,-0.006003271920930963,370,48,1480,5785,7265
1620,openphenom,Raw,std_all__tvn_efaar_e0.2_c150,0.25626761660124775,0.07152913866424895,0.018330601883027237,370,52,1480,5561,7041
1621,openphenom,Raw,std_all__tvn_efaar_e0.2_c150,0.27900017417038464,0.02949148384332613,0.008228129128831075,370,71,1480,5625,7105
1622,openphenom,Raw,std_all__tvn_efaar_e0.2_c150,0.237199576973151,0.04234038440785574,0.010043121270423979,370,65,1480,5305,6785
1623,openphenom,Raw,std_all__tvn_efaar_e0.2_c150,0.2664451711810407,-0.02510961296707535,-0.006690335125302071,370,68,1480,5753,7233
1624,openphenom,Raw,std_all__tvn_efaar_e0.2_c150,0.28247337932682287,0.0020076420709711127,0.0005671054402659113,370,72,1480,5689,7169
1625,openphenom,Raw,std_all__tvn_efaar_e0.2_c150,0.2836404234794048,0.015524401520082724,0.004403347821420579,370,70,1480,5913,7393
1626,openphenom,Raw,std_all__tvn_efaar_e0.2_c150,0.2958769901914497,0.030096794324630097,0.008904948919182658,370,54,1480,5593,7073
1627,openphenom,Raw,std_all__tvn_efaar_e0.2_c150,0.27799963991947646,-0.004059640658469182,-0.0011285786412568988,370,61,1480,5529,7009
1628,openphenom,Raw,std_all__tvn_efaar_e0.2_c150,0.2727728759294062,-0.014174545714448166,-0.003866431599522866,370,94,1480,5849,7329
1629,openphenom,Raw,std_all__tvn_efaar_e0.2_c150,0.28581712671698495,0.01899078659913581,0.00542789205986042,370,70,1480,5817,7297
1630,openphenom,Raw,std_all__tvn_efaar_e0.2_c150,0.2559085078626852,0.04524647401272595,0.01157895765064446,370,69,1480,5657,7137
1631,openphenom,Raw,std_all__tvn_efaar_e0.2_c150,0.28422916927045727,0.14375726915032852,0.04086000918718741,370,50,1480,5881,7361
1632,openphenom,Raw,std_all__tvn_efaar_e0.2_c150,0.3168504314882817,-0.007595344080437425,-0.002406588049188564,370,73,1480,5721,7201
1633,openphenom,Raw,std_all__tvn_efaar_e0.2_c150,0.2844103161323631,0.006045379988068391,0.0017193684335467926,370,72,1480,5721,7201
1634,openphenom,Raw,std_all__tvn_efaar_e0.2_c150,0.28625575985856166,0.0424740377961712,0.012158437963604255,370,53,1480,5663,7143
1635,openphenom,Raw,std_all__tvn_efaar_e0.2_c150,0.3013866078702617,0.05445778389556271,0.016412846760415413,370,77,1480,5753,7233
1636,openphenom,Raw,std_all__tvn_efaar_e0.2_c150,0.2912607564015676,-0.0024694157591537446,-0.000719243901881071,370,56,1480,5753,7233
1637,openphenom,Raw,std_all__tvn_efaar_e0.2_c150,0.2894331727118107,0.010757058385519961,0.0031134495375672302,370,61,1480,5881,7361
1638,openphenom,Raw,std_all__tvn_efaar_e0.2_c150,0.29468638477231535,0.021245846343959807,0.006260861650529629,370,58,1480,5881,7361
1639,openphenom,Raw,std_all__tvn_efaar_e0.2_c150,0.2582898417379824,0.01198699451008165,0.0030961189149230533,370,69,1480,5977,7457
1640,openphenom,Raw,std_all__tvn_efaar_e0.2_c150,0.27646059417231766,-0.02527581403841052,-0.00698776656724798,370,72,1480,5625,7105
1641,openphenom,Raw,std_all__tvn_efaar_e0.2_c150,0.2973104482748427,-0.019985741501992713,-0.005941969765062582,370,78,1480,5657,7137
1642,openphenom,Raw,std_all__tvn_efaar_e0.2_c150,0.29169846001259175,-0.012175081825925933,-0.003551452619149888,370,113,1480,5593,7073
1643,openphenom,Raw,std_all__tvn_efaar_e0.2_c150,0.2597877763108751,0.0026555499931591666,0.0006898794276051794,370,104,1480,5689,7169
1644,openphenom,Raw,std_all__tvn_efaar_e0.2_c150,0.2770180283083052,0.03657189695104112,0.01013107478487193,370,61,1480,5561,7041
1645,openphenom,Raw,std_all__tvn_efaar_e0.2_c150,0.26970849934850033,-0.024729341504679918,-0.0066697135871038055,370,61,1480,5785,7265
1646,openphenom,Raw,std_all__tvn_efaar_e0.2_c150,0.31444478354984534,-0.03247299395552163,-0.010210963555559435,370,71,1480,5753,7233
1647,openphenom,Raw,std_all__tvn_efaar_e0.2_c150,0.2953218105511354,-0.02633524286916979,-0.0077773716054271,370,70,1480,5881,7361
1648,openphenom,Raw,std_all__tvn_efaar_e0.2_c150,0.31334638942742526,-0.0071331272703353595,-0.0022351396754858904,370,87,1480,5817,7297
1649,openphenom,Raw,std_all__tvn_efaar_e0.2_c150,0.28906759255399284,0.026513073546297845,0.007664070341235271,370,101,1480,5913,7393
1650,openphenom,Raw,std_all__tvn_efaar_e0.2_c150,0.26721640576474714,0.009662673285154626,0.002582024825338061,370,48,1480,5625,7105
1651,openphenom,Raw,std_all__tvn_efaar_e0.2_c150,0.27002812423691297,0.031314746936853634,0.008455862376312203,370,79,1480,5689,7169
1652,openphenom,Raw,std_all__tvn_efaar_e0.2_c150,0.28469493020092007,0.03323367286230495,0.009461458175854118,370,77,1480,5535,7015
1653,openphenom,Raw,std_all__tvn_efaar_e0.2_c150,0.30092778310068063,0.00905149333216203,0.002723845822198112,370,61,1480,5753,7233
1654,openphenom,Raw,std_all__tvn_efaar_e0.2_c150,0.2559534887882634,-0.01736232344142962,-0.0044439472583041595,370,87,1480,5753,7233
1655,openphenom,Raw,std_all__tvn_efaar_e0.2_c150,0.25419371792037965,0.05077661265362831,0.012907095953828775,370,86,1480,5785,7265
1656,openphenom,Raw,std_all__tvn_efaar_e0.2_c150,0.28410153097203744,0.03484791549047405,0.009900346142027857,370,68,1480,5785,7265
1657,openphenom,Raw,std_all__tvn_efaar_e0.2_c150,0.27659434996020893,0.02353625727725681,0.0065099957820990845,370,64,1480,5753,7233
1658,openphenom,Raw,std_all__tvn_efaar_e0.2_c150,0.2731554715356852,0.010339828849763378,0.0028243808250553973,370,61,1480,5657,7137
1659,openphenom,Raw,std_all__tvn_efaar_e0.2_c150,0.29599935300078756,-0.013267277018876089,-0.00392710541366954,370,50,1480,5785,7265
1660,openphenom,Raw,std_all__tvn_efaar_e0.2_c150,0.30349701264075724,-0.013696440758560906,-0.004156828854034342,370,72,1480,5625,7105
1661,openphenom,Raw,std_all__tvn_efaar_e0.2_c150,0.30479910632075047,0.03155506576554015,0.009617955845229146,370,87,1480,5913,7393
1662,openphenom,Raw,std_all__tvn_efaar_e0.2_c150,0.2959153677666515,0.018713437746830056,0.005537593813031554,370,70,1480,5657,7137
1663,openphenom,Raw,std_all__tvn_efaar_e0.2_c150,0.2588144724688039,0.1194604783483781,0.03091810068460645,370,76,1480,5689,7169
1664,openphenom,Raw,std_all__tvn_efaar_e0.2_c150,0.3052158570985276,-0.008365693649927673,-0.0025533423575863847,370,77,1480,5625,7105
1665,openphenom,Raw,std_all__tvn_efaar_e0.2_c150,0.25806534780759793,-0.018130793468980076,-0.004678929522600068,370,88,1480,5753,7233
1666,openphenom,Raw,std_all__tvn_efaar_e0.2_c150,0.29197170388246363,-0.011850826525882424,-0.0034601060131773886,370,100,1480,5561,7041
1667,openphenom,Raw,std_all__tvn_efaar_e0.2_c150,0.26503368632411334,-0.016735049818374814,-0.004435351944181561,370,120,1480,5657,7137
1668,openphenom,Raw,std_all__tvn_efaar_e0.2_c150,0.2954256308660026,0.0004905190096993396,0.00014491188789219424,370,95,1480,5561,7041
1669,openphenom,Raw,std_all__tvn_efaar_e0.2_c150,0.25655115984624094,0.02842556145078834,0.007292610759480344,370,88,1480,5593,7073
1670,openphenom,Raw,std_all__tvn_efaar_e0.2_c150,0.3054170101715839,0.008865157931892558,0.0027075700302575272,370,79,1480,5753,7233
1671,openphenom,Raw,std_all__tvn_efaar_e0.2_c150,0.2898307219025029,-0.013846812431268687,-0.004013231643003155,370,54,1480,5785,7265
1672,openphenom,Raw,std_all__tvn_efaar_e0.2_c150,0.2984318090127539,0.023475826321833808,0.0070059333172940875,370,58,1480,5529,7009
1673,openphenom,Raw,std_all__tvn_efaar_e0.2_c150,0.27505535068777204,-0.000865756614819493,-0.00023813098929943404,370,107,1480,5657,7137
1674,openphenom,Raw,std_all__tvn_efaar_e0.2_c150,0.30173342468187553,0.05634863659939391,0.017002267097289598,370,55,1480,5785,7265
1675,openphenom,Raw,std_all__tvn_efaar_e0.2_c150,0.30656965493501603,-0.01699549079217136,-0.005210301747607215,370,57,1480,5497,6977
1676,openphenom,Raw,std_all__tvn_efaar_e0.2_c150,0.27734059594918836,0.009318783719545544,0.002584477030300355,370,41,1480,5817,7297
1677,openphenom,Raw,std_all__tvn_efaar_e0.2_c150,0.2843654832461996,-0.00865966799538984,-0.00246251067426068,370,70,1480,5593,7073
1678,openphenom,Raw,std_all__tvn_efaar_e0.2_c150,0.3077318771333973,0.09674178813127159,0.02977053205887762,370,55,1480,5625,7105
1679,openphenom,Raw,std_all__tvn_efaar_e0.2_c150,0.3169031522034222,0.013864158888097217,0.004393595654287101,370,77,1480,5721,7201
1680,openphenom,Raw,std_all__tvn_efaar_e0.2_c150,0.25968298896653663,0.001232727395960009,0.00032011833476383047,370,89,1480,5913,7393
1681,openphenom,Raw,std_all__tvn_efaar_e0.2_c150,0.30661015838583977,0.07985344972257433,0.024483878867094206,370,60,1480,5593,7073
1682,openphenom,Raw,std_all__tvn_efaar_e0.2_c150,0.29617622441725283,0.05289816174618302,0.01566717782459764,370,73,1480,5849,7329
1683,openphenom,Raw,std_all__tvn_efaar_e0.2_c150,0.2959547756357443,0.039841351242598445,0.011791238168028104,370,84,1480,5689,7169
1684,openphenom,Raw,std_all__tvn_efaar_e0.2_c150,0.27037822219480107,0.06216019932522957,0.016806764184830045,370,84,1480,5721,7201
1685,openphenom,Raw,std_all__tvn_efaar_e0.2_c150,0.33093769691912267,0.005599831725952135,0.0018531954145212352,370,69,1480,5657,7137
1686,openphenom,Raw,std_all__tvn_efaar_e0.2_c150,0.25712758729432356,0.04417199999012617,0.011357839783426027,370,95,1480,5689,7169
1687,openphenom,Raw,std_all__tvn_efaar_e0.2_c150,0.30390498250244347,0.009070764660497546,0.0027566505754322893,370,52,1480,5721,7201
1688,openphenom,Raw,std_all__tvn_efaar_e0.2_c150,0.2658606415515464,0.005727988757222865,0.0015228467657953156,370,72,1480,5529,7009
1689,openphenom,Raw,std_all__tvn_efaar_e0.2_c150,0.2915885283585551,-0.035321473072479445,-0.010299336352660612,370,52,1480,5529,7009
1690,openphenom,Raw,std_all__tvn_efaar_e0.2_c150,0.30100235256374824,-0.023814827526123718,-0.007168319111263147,370,61,1480,5849,7329
1691,openphenom,Raw,std_all__tvn_efaar_e0.2_c150,0.27045029276389027,0.0037176327064715937,0.0010054348538538563,370,86,1480,5529,7009
1692,openphenom,Raw,std_all__tvn_efaar_e0.2_c150,0.2752724843557805,-0.03529263948975546,-0.00971509255181791,370,80,1480,5497,6977
1693,openphenom,Raw,std_all__tvn_efaar_e0.2_c150,0.29321115230949113,0.024211543335808702,0.00709909452068365,370,79,1480,5817,7297
1694,openphenom,Raw,std_all__tvn_efaar_e0.2_c150,0.2694279810192469,0.018144216163326496,0.004888559528061844,370,50,1480,5753,7233
1695,openphenom,Raw,std_all__tvn_efaar_e0.2_c150,0.25180877630909193,-0.027836130993939834,-0.007009382082763576,370,86,1480,5721,7201
1696,openphenom,Raw,std_all__tvn_efaar_e0.2_c150,0.27608993938748344,0.00490946403794784,0.0013554536286620488,370,76,1480,5689,7169
1697,openphenom,Raw,std_all__tvn_efaar_e0.2_c150,0.279475607575101,-0.009543585045590225,-0.002667199229060976,370,74,1480,5913,7393
1698,openphenom,Raw,std_all__tvn_efaar_e0.2_c150,0.30534703999169005,-0.0005587089178503727,-0.00017060011428257163,370,65,1480,5625,7105
1699,openphenom,Raw,std_all__tvn_efaar_e0.2_c150,0.23607619380118686,-0.036518053932672795,-0.008621043177451857,370,57,1480,5561,7041
1700,openphenom,Raw,std_all__tvn_efaar_e0.2_c150,0.2849845560994147,0.005681230740777016,0.0016190630207586869,370,85,1480,5753,7233
1701,openphenom,Raw,std_all__tvn_efaar_e0.2_c150,0.297250084149579,0.03930504990226342,0.011683429390951202,370,95,1480,5689,7169
1702,openphenom,Raw,std_all__tvn_efaar_e0.2_c150,0.29049264809515307,-0.010970811231149723,-0.0031869400062887296,370,59,1480,5689,7169
1703,openphenom,Raw,std_all__tvn_efaar_e0.2_c150,0.24913067912886588,0.061509907402042235,0.015324005004224437,370,81,1480,5529,7009
1704,openphenom,Raw,std_all__tvn_efaar_e0.2_c150,0.29588962252204765,0.01616027806065282,0.004781658575217891,370,85,1480,5689,7169
1705,openphenom,Raw,std_all__tvn_efaar_e0.2_c150,0.2922704449307709,-0.006384907869374566,-0.001866119863824085,370,91,1480,5817,7297
1706,openphenom,Raw,std_all__tvn_efaar_e0.2_c150,0.26195790697408594,0.038214020822921545,0.010010464911836665,370,40,1480,5625,7105
1707,openphenom,Raw,std_all__tvn_efaar_e0.2_c150,0.27784440768435065,-0.0015487931811527015,-0.00043032352404293354,370,95,1480,5817,7297
1708,openphenom,Raw,std_all__tvn_efaar_e0.2_c150,0.2892674962694045,0.08348951726925158,0.024150803625217616,370,99,1480,5497,6977
1709,openphenom,Raw,std_all__tvn_efaar_e0.2_c150,0.27080246578210865,0.028623363903509252,0.007751277524048908,370,89,1480,5817,7297
1710,openphenom,Raw,std_all__tvn_efaar_e0.2_c150,0.27143352565068285,-0.0012392849624430953,-0.00033638348664180345,370,75,1480,5657,7137
1711,openphenom,Raw,std_all__tvn_efaar_e0.2_c150,0.2717425243035763,0.020337187021546688,0.005526478538469028,370,79,1480,5689,7169
1712,openphenom,Raw,std_all__tvn_efaar_e0.2_c150,0.27746053417585154,0.020349355828995837,0.005646143138447663,370,91,1480,5625,7105
1713,openphenom,Raw,std_all__tvn_efaar_e0.2_c150,0.329968076605827,0.030441969999717506,0.010044878288899073,370,71,1480,5753,7233
1714,openphenom,Raw,std_all__tvn_efaar_e0.2_c150,0.27431550731096804,0.036369914125438135,0.009976831444175905,370,87,1480,5817,7297
1715,openphenom,Raw,std_all__tvn_efaar_e0.2_c150,0.3202479905182296,0.016850133668053713,0.005396221447157767,370,71,1480,5529,7009
1716,openphenom,Raw,std_all__tvn_efaar_e0.2_c150,0.32850875126707146,0.004606157580990877,0.0015131630750706677,370,80,1480,5721,7201
1717,openphenom,Raw,std_all__tvn_efaar_e0.2_c150,0.29633110003345275,0.016466933253580902,0.004879664445211072,370,63,1480,5721,7201
1718,openphenom,Raw,std_all__tvn_efaar_e0.2_c150,0.2765816879008427,0.0013071063953420657,0.0003615216930896947,370,80,1480,5657,7137
1719,openphenom,Raw,std_all__tvn_efaar_e0.2_c150,0.30242328240103344,-0.011263245616096602,-0.003406267709708985,370,72,1480,5689,7169
1720,openphenom,Raw,std_all__tvn_efaar_e0.2_c150,0.2969291908538168,0.0663619060818193,0.01970478707639159,370,61,1480,5497,6977
1721,openphenom,Raw,std_all__tvn_efaar_e0.2_c150,0.27561769861745616,-0.02613808682317452,-0.007204119336466617,370,61,1480,5721,7201
1722,openphenom,Raw,std_all__tvn_efaar_e0.2_c150,0.2598950600180483,0.0039713426787002706,0.0010321323438330435,370,68,1480,5497,6977
1723,openphenom,Raw,std_all__tvn_efaar_e0.2_c150,0.27726301201084663,0.19518152226206587,0.0541166167512425,370,70,1480,5817,7297
1724,openphenom,Raw,std_all__tvn_efaar_e0.2_c150,0.29039222831346573,-0.02797926849578065,-0.008124962125070493,370,65,1480,5401,6881
1725,openphenom,Raw,std_all__tvn_efaar_e0.2_c150,0.2658952492777117,0.03148150801066031,0.008370783420132802,370,78,1480,5721,7201
1726,openphenom,Raw,std_all__tvn_efaar_e0.2_c150,0.2864979153110336,0.030927780432170388,0.008860744619014193,370,61,1480,5593,7073
1727,openphenom,Raw,std_all__tvn_efaar_e0.2_c150,0.3213339058382135,0.031027403389963824,0.0099701567193149,370,97,1480,5529,7009
1728,openphenom,Raw,std_all__tvn_efaar_e0.2_c150,0.268544484046335,-0.005233315509146578,-0.0014053780132554509,370,68,1480,5785,7265
1729,openphenom,Raw,std_all__tvn_efaar_e0.2_c150,0.31692173577870814,0.04038028966429009,0.012797391491653843,370,51,1480,5593,7073
1730,openphenom,Raw,std_all__tvn_efaar_e0.2_c150,0.28675460461792684,-0.03765785779766619,-0.010798564123527882,370,54,1480,5593,7073
1731,openphenom,Raw,std_all__tvn_efaar_e0.2_c150,0.2695149138047291,0.05352560523620697,0.014425948881582277,370,70,1480,5593,7073
1732,openphenom,Raw,std_all__tvn_efaar_e0.2_c150,0.28089620754641376,0.01470136182140062,0.0041295567813990726,370,52,1480,5433,6913
1733,openphenom,Raw,std_all__tvn_efaar_e0.2_c150,0.2717800199473781,-0.019247630405336162,-0.005231121375502024,370,80,1480,5753,7233
1734,openphenom,Raw,std_all__tvn_efaar_e0.2_c150,0.28892731204571315,0.018745126301328716,0.0054159789562003065,370,57,1480,5721,7201
1735,openphenom,Raw,std_all__tvn_efaar_e0.2_c150,0.2974609066373918,-0.01296993677370373,-0.003858049151735559,370,65,1480,5753,7233
1736,openphenom,Raw,std_all__tvn_efaar_e0.2_c150,0.310062634070017,-0.008931644877822905,-0.0027693693373957453,370,65,1480,5625,7105
1737,openphenom,Raw,std_all__tvn_efaar_e0.2_c150,0.3087692440643895,0.038687521297540196,0.011945516705766455,370,85,1480,5721,7201
1738,openphenom,Raw,std_all__tvn_efaar_e0.2_c150,0.28677206938939026,0.007828899404212806,0.002245109683187471,370,86,1480,5593,7073
1739,openphenom,Raw,std_all__tvn_efaar_e0.2_c150,0.2810546370862046,-0.012487195772079974,-0.0035095842759463257,370,92,1480,5657,7137
1740,openphenom,Raw,std_all__tvn_efaar_e0.2_c150,0.25548427866722856,0.021736508738449862,0.005553336255786774,370,77,1480,5529,7009
1741,openphenom,Raw,std_all__tvn_efaar_e0.2_c150,0.26471814164377594,0.030156572762208123,0.007982991899957045,370,81,1480,5657,7137
1742,openphenom,Raw,std_all__tvn_efaar_e0.2_c150,0.29791115932436574,0.0016754401259569775,0.0004991323103024045,370,77,1480,5529,7009
1743,openphenom,Raw,std_all__tvn_efaar_e0.2_c150,0.2889517671747947,0.046602329667073554,0.013465825511763266,370,44,1480,5625,7105
1744,openphenom,Raw,std_all__tvn_efaar_e0.2_c150,0.27905349505966404,0.06704860059072787,0.018710146333702066,370,92,1480,5657,7137
1745,openphenom,Raw,std_all__tvn_efaar_e0.2_c150,0.26629827050709837,0.04479401402914347,0.011928568465031607,370,70,1480,5785,7265
1746,openphenom,Raw,std_all__tvn_efaar_e0.2_c150,0.2749037650028233,0.029319064403330108,0.008059921190835703,370,82,1480,5721,7201
1747,openphenom,Raw,std_all__tvn_efaar_e0.2_c150,0.2879405735344496,0.019629267200329176,0.005652062455723742,370,57,1480,5785,7265
1748,openphenom,Raw,std_all__tvn_efaar_e0.2_c150,0.31231725555309836,0.053675739173462536,0.01676385954843975,370,73,1480,5817,7297
1749,openphenom,Raw,std_all__tvn_efaar_e0.2_c150,0.2947491185627661,0.00512621240447741,0.0015109465877852343,370,68,1480,5881,7361
1750,openphenom,Raw,std_all__tvn_efaar_e0.2_c150,0.27899713000049076,0.017734592215732203,0.004947900329918329,370,59,1480,5497,6977
1751,openphenom,Raw,std_all__tvn_efaar_e0.2_c150,0.2780941087617447,-0.0022304380257301905,-0.0006202716749137427,370,60,1480,5625,7105
1752,openphenom,Raw,std_all__tvn_efaar_e0.2_c150,0.2570691334131802,0.08096096374281456,0.02081256478966124,370,62,1480,5625,7105
1753,openphenom,Raw,std_all__tvn_efaar_e0.2_c150,0.27661459975333197,0.028400975011390942,0.007856124335380289,370,86,1480,5529,7009
1754,openphenom,Raw,std_all__tvn_efaar_e0.2_c150,0.3034437272024443,0.038853935123978486,0.011789982890501996,370,66,1480,5465,6945
1755,openphenom,Raw,std_all__tvn_efaar_e0.2_c150,0.3166508543043845,-0.03788882498117095,-0.011997528798877086,370,56,1480,5689,7169
1756,openphenom,Raw,std_all__tvn_efaar_e0.2_c150,0.31808607606325995,0.006489908372218125,0.002064349488128962,370,66,1480,5753,7233
1757,openphenom,Raw,std_all__tvn_efaar_e0.2_c150,0.33031410630545227,-0.009262857285379351,-0.003059652426055028,370,64,1480,5657,7137
1758,openphenom,Raw,std_all__tvn_efaar_e0.2_c150,0.2852072811539668,-0.044023336457315904,-0.012555776098317374,370,66,1480,5721,7201
1759,openphenom,Raw,std_all__tvn_efaar_e0.2_c150,0.2839113196299924,-0.024160234366537917,-0.006859364021573673,370,99,1480,5625,7105
1760,openphenom,Raw,std_all__tvn_efaar_e0.2_c150,0.3120021639925002,0.002653526513097982,0.0008279060142980438,370,100,1480,5977,7457
1761,openphenom,Raw,std_all__tvn_efaar_e0.2_c150,0.25428855887731333,0.033999386247466235,0.008645654931581336,370,58,1480,5689,7169
1762,openphenom,Raw,std_all__tvn_efaar_e0.2_c150,0.27733272118410285,-0.017467549392911657,-0.0048443230055539134,370,58,1480,5657,7137
1763,openphenom,Raw,std_all__tvn_efaar_e0.2_c150,0.2832756534077008,-0.019424480857152867,-0.005502482506915354,370,61,1480,5465,6945
1764,openphenom,Raw,std_all__tvn_efaar_e0.2_c150,0.2578347067720086,-0.01079643457383275,-0.0027836955425273426,370,67,1480,5433,6913
1765,openphenom,Raw,std_all__tvn_efaar_e0.2_c150,0.2850505014245208,0.03789779567405773,0.010802785659774192,370,58,1480,5817,7297
1766,openphenom,Raw,std_all__tvn_efaar_e0.2_c150,0.2763935787615716,0.01759104441077106,0.004862051718846755,370,67,1480,5913,7393
1767,openphenom,Raw,std_all__tvn_efaar_e0.2_c150,0.2848837896425555,0.1329812179906854,0.037884193332469236,370,75,1480,5945,7425
1768,openphenom,Raw,std_all__tvn_efaar_e0.2_c150,0.27274871549873914,0.0029592025824426416,0.0008071187032617821,370,82,1480,5753,7233
1769,openphenom,Raw,std_all__tvn_efaar_e0.2_c150,0.2806121831683499,0.01708906378034238,0.00479539949570505,370,55,1480,5817,7297
1770,openphenom,Raw,std_all__tvn_efaar_e0.2_c150,0.27209682972798116,0.010557887197193644,0.002872767634982031,370,64,1480,5849,7329
1771,openphenom,Raw,std_all__tvn_efaar_e0.2_c150,0.2943466412408721,0.03361358120316448,0.009894044727228778,370,66,1480,5913,7393
1772,openphenom,Raw,std_all__tvn_efaar_e0.2_c150,0.2665838145939466,-0.02009896126778641,-0.005358057764142486,370,51,1480,5753,7233
1773,openphenom,Raw,std_all__tvn_efaar_e0.2_c150,0.27481775913537587,0.007761180165072062,0.0021329101412110307,370,63,1480,5881,7361
1774,openphenom,Raw,std_all__tvn_efaar_e0.2_c150,0.2666166704660423,0.03953195760118883,0.010539878912633718,370,57,1480,5849,7329
1775,openphenom,Raw,std_all__tvn_efaar_e0.2_c150,0.2852624974660464,0.004721889410790979,0.0013469779660807131,370,52,1480,5913,7393
1776,openphenom,Raw,std_all__tvn_efaar_e0.2_c150,0.27901953507718175,0.029655079004365547,0.008274346356475169,370,77,1480,5561,7041
1777,openphenom,Raw,std_all__tvn_efaar_e0.2_c150,0.2898804449164708,0.05315857662960925,0.015409631844517437,370,81,1480,5593,7073
1778,openphenom,Raw,std_all__tvn_efaar_e0.2_c150,0.26936362691050775,-0.013935396817850393,-0.00375368902929333,370,86,1480,5913,7393
1779,openphenom,Raw,std_all__tvn_efaar_e0.2_c150,0.26406710245034987,0.01848323951484175,0.0048808155025800715,370,50,1480,5881,7361
1780,openphenom,Raw,std_all__tvn_efaar_e0.2_c150,0.24665548624488973,0.03901453382032917,0.009623148810070986,370,56,1480,5689,7169
1781,openphenom,Raw,std_all__tvn_efaar_e0.2_c150,0.2912362012499377,-0.01407234526526417,-0.0040983763777330835,370,65,1480,5689,7169
1782,openphenom,Raw,std_all__tvn_efaar_e0.2_c150,0.3017403062393455,0.0055559480699217045,0.0016764534720680757,370,84,1480,5721,7201
1783,openphenom,Raw,std_all__tvn_efaar_e0.2_c150,0.2846540409550169,0.018131920664340134,0.005161324487380194,370,61,1480,5657,7137
1784,openphenom,Raw,std_all__tvn_efaar_e0.2_c150,0.29762806654270896,0.07802542379154227,0.02322255602425221,370,42,1480,5762,7242
1785,openphenom,Raw,std_all__tvn_efaar_e0.2_c150,0.2913548084377281,0.09684288214298328,0.028215639375326375,370,66,1480,5433,6913
1786,openphenom,Raw,std_all__tvn_efaar_e0.2_c150,0.2950372491442247,0.02317415158752721,0.006837237935635296,370,98,1480,5817,7297
1787,openphenom,Raw,std_all__tvn_efaar_e0.2_c150,0.299729089203694,0.006140474415847213,0.0018404788039404702,370,86,1480,5657,7137
1788,openphenom,Raw,std_all__tvn_efaar_e0.2_c150,0.28983835695888577,0.008940838843580386,0.0025913980402575234,370,93,1480,5625,7105
1789,openphenom,Raw,std_all__tvn_efaar_e0.2_c150,0.2796744742822182,0.004858128237123498,0.0013586944607131136,370,84,1480,5689,7169
1790,openphenom,Raw,std_all__tvn_efaar_e0.2_c150,0.27432531653170683,0.005717520494619902,0.0015684606194631256,370,94,1480,5471,6951
1791,openphenom,Raw,std_all__tvn_efaar_e0.2_c150,0.27201030952612915,0.007435449459069991,0.0020225189088275176,370,103,1480,5689,7169
1792,openphenom,Raw,std_all__tvn_efaar_e0.2_c150,0.29816861039371495,0.03922597758810357,0.011695955228779847,370,67,1480,5721,7201
1793,openphenom,Raw,std_all__tvn_efaar_e0.2_c150,0.29756331072016945,0.08258709057440339,0.024574888094065973,370,58,1480,5593,7073
1794,openphenom,Raw,std_all__tvn_efaar_e0.2_c150,0.2803748179717644,-0.027366334750893888,-0.007672831124336244,370,62,1480,5945,7425
1795,openphenom,Raw,std_all__tvn_efaar_e0.2_c150,0.2801645510554179,-0.027961639752883106,-0.007833860248139821,370,70,1480,5593,7073
1796,openphenom,Raw,std_all__tvn_efaar_e0.2_c150,0.28443470216192546,0.001175916646067789,0.0003344715009915419,370,104,1480,5753,7233
1797,openphenom,Raw,std_all__tvn_efaar_e0.2_c150,0.30898730027263716,0.04722775881230437,0.014592777693341176,370,71,1480,5785,7265
1798,openphenom,Raw,std_all__tvn_efaar_e0.2_c150,0.31527875240851444,0.011680528899187569,0.003682622578807455,370,55,1480,5497,6977
1799,openphenom,Raw,std_all__tvn_efaar_e0.2_c150,0.2674221428765119,0.04077840527024166,0.01090504852045487,370,93,1480,5753,7233
1800,openphenom,Raw,std_all__tvn_efaar_e0.2_c150,0.26461741194840394,0.022470842137222353,0.005946176090652921,370,88,1480,5721,7201
1801,openphenom,Raw,std_all__tvn_efaar_e0.2_c150,0.29323035812501347,-0.010347300517015509,-0.003034142636231595,370,73,1480,5753,7233
1802,openphenom,Raw,std_all__tvn_efaar_e0.2_c150,0.28036834072734795,-0.004277271894830677,-0.0011992116239933964,370,85,1480,5849,7329
1803,openphenom,Raw,std_all__tvn_efaar_e0.2_c150,0.2994160824813706,0.02994233948582156,0.008965217989171947,370,70,1480,5753,7233
1804,openphenom,Raw,std_all__tvn_efaar_e0.2_c150,0.2835078914913501,-0.010296671070623237,-0.002919187504612376,370,49,1480,5657,7137
1805,openphenom,Raw,std_all__tvn_efaar_e0.2_c150,0.2775789367714769,-0.03791145353497369,-0.010523420963699246,370,50,1480,5657,7137
1806,openphenom,Raw,std_all__tvn_efaar_e0.2_c150,0.28605875999996566,0.0860124141000222,0.02460460452205591,370,50,1480,5625,7105
1807,openphenom,Raw,std_all__tvn_efaar_e0.2_c150,0.2874312862306999,-0.00015743947356533546,-4.525303039036865e-05,370,92,1480,5785,7265
1808,openphenom,Raw,std_all__tvn_efaar_e0.2_c150,0.29739792943470084,-0.018935922955673746,-0.005631504278952392,370,97,1480,5433,6913
1809,openphenom,Raw,std_all__tvn_efaar_e0.2_c150,0.30223559256783233,0.054476757316047245,0.016464815028589534,370,64,1480,5689,7169
1810,openphenom,Raw,std_all__tvn_efaar_e0.2_c150,0.3053128417009347,0.010851746520972377,0.003313177567736308,370,55,1480,5945,7425
1811,openphenom,Raw,std_all__tvn_efaar_e0.2_c150,0.2864894100778181,0.005255522278856292,0.0015056514773203692,370,98,1480,5657,7137
1812,openphenom,Raw,std_all__tvn_efaar_e0.2_c150,0.2945153241995526,-0.01449304972169568,-0.004268425237425439,370,80,1480,5657,7137
1813,openphenom,Raw,std_all__tvn_efaar_e0.2_c150,0.3230558166142115,0.016470666994416835,0.005320944776062072,370,39,1480,5593,7073
1814,openphenom,Raw,std_all__tvn_efaar_e0.2_c150,0.2973241077002164,0.006978522377544934,0.00207488293896954,370,85,1480,5721,7201
1815,openphenom,Raw,std_all__tvn_efaar_e0.2_c150,0.2919973181563936,0.032242972836379544,0.009414861597612276,370,73,1480,5625,7105
1816,openphenom,Raw,std_all__tvn_efaar_e0.2_c150,0.2806382163923381,-0.017045709218666435,-0.004783677432268984,370,91,1480,5849,7329
1817,openphenom,Raw,std_all__tvn_efaar_e0.2_c150,0.2790758990310726,0.06499023324974264,0.018137207772411033,370,58,1480,5497,6977
1818,openphenom,Raw,std_all__tvn_efaar_e0.2_c150,0.2898123544660442,0.02099450429608263,0.0060844667208951875,370,89,1480,5657,7137
1819,openphenom,Raw,std_all__tvn_efaar_e0.2_c150,0.28021847075214357,-0.03090745421855919,-0.008660839555966544,370,81,1480,5785,7265
1820,openphenom,Raw,std_all__tvn_efaar_e0.2_c150,0.2616466718736988,-0.007242970072364853,-0.0018950990139150671,370,76,1480,5753,7233
1821,openphenom,Raw,std_all__tvn_efaar_e0.2_c150,0.27572394791557253,-0.0013271558382280638,-0.00036592864721544265,370,90,1480,5753,7233
1822,openphenom,Raw,std_all__tvn_efaar_e0.2_c150,0.2906167681700095,0.004518606164713501,0.0013131827202221193,370,58,1480,5817,7297
1823,openphenom,Raw,std_all__tvn_efaar_e0.2_c150,0.28146592327810904,0.052837486238091105,0.014871951847698694,370,64,1480,5817,7297
1824,openphenom,Raw,std_all__tvn_efaar_e0.2_c150,0.294404075486761,0.07103773482602732,0.020913798646130258,370,77,1480,5497,6977
1825,openphenom,Raw,std_all__tvn_efaar_e0.2_c150,0.2785065512058695,0.0728907163268921,0.020300542019128082,370,83,1480,5753,7233
1826,openphenom,Raw,std_all__tvn_efaar_e0.2_c150,0.3090723632560676,0.0993075359004956,0.030693214809902947,370,78,1480,5529,7009
1827,openphenom,Raw,std_all__tvn_efaar_e0.2_c150,0.278863963272864,0.029498156798574423,0.008225972914094841,370,69,1480,5849,7329
1828,openphenom,Raw,std_all__tvn_efaar_e0.2_c150,0.2833433025673491,-0.02968532456727411,-0.008411137900675108,370,55,1480,5625,7105
1829,openphenom,Raw,std_all__tvn_efaar_e0.2_c150,0.28667262410774685,0.02696066028001115,0.007728883230148298,370,78,1480,5689,7169
1830,openphenom,Raw,std_all__tvn_efaar_e0.2_c150,0.3230271702947512,0.03854115877776146,0.012449841459860996,370,57,1480,5753,7233
1831,openphenom,Raw,std_all__tvn_efaar_e0.2_c150,0.29881518263143036,0.05834338416386346,0.017433888994260564,370,68,1480,5881,7361
1832,openphenom,Raw,std_all__tvn_efaar_e0.2_c150,0.30080136526930407,-0.00328162450714197,-0.0009871171320495115,370,66,1480,5753,7233
1833,openphenom,Raw,std_all__tvn_efaar_e0.2_c150,0.2732378080459912,0.06534085213684945,0.017853591213729963,370,64,1480,5689,7169
1834,openphenom,Raw,std_all__tvn_efaar_e0.2_c150,0.2999880583486842,-0.006461505587736942,-0.0019383745152743786,370,66,1480,5721,7201
1835,openphenom,Raw,std_all__tvn_efaar_e0.2_c150,0.3068046118251236,0.05585493805970198,0.017136552589923186,370,53,1480,5657,7137
1836,openphenom,Raw,std_all__tvn_efaar_e0.2_c150,0.273394866473643,0.0865678142495791,0.023667196017678804,370,76,1480,5721,7201
1837,openphenom,Raw,std_all__tvn_efaar_e0.2_c150,0.24490456009676095,0.06866475376186672,0.01681631131420238,370,83,1480,5881,7361
1838,openphenom,Raw,std_all__tvn_efaar_e0.2_c150,0.2987260783577284,0.09765784644370323,0.0291729454889887,370,44,1480,5593,7073
1839,openphenom,Raw,std_all__tvn_efaar_e0.2_c150,0.3097357203439293,0.07295003133719474,0.02259523050533823,370,52,1480,5945,7425
1840,openphenom,Raw,std_all__tvn_efaar_e0.2_c150,0.2967373905617944,-0.0017644007974748769,-0.000523563688547844,370,83,1480,5657,7137
1841,openphenom,Raw,std_all__tvn_efaar_e0.2_c150,0.3034941128881027,-0.01821253715363448,-0.005527397806883908,370,69,1480,5593,7073
1842,openphenom,Raw,std_all__tvn_efaar_e0.2_c150,0.2830363389615679,-0.00321358230642157,-0.0009095605709612325,370,71,1480,5497,6977
1843,openphenom,Raw,std_all__tvn_efaar_e0.2_c150,0.28020138812619616,0.0391583589370859,0.010972226530915308,370,60,1480,5625,7105
1844,openphenom,Raw,std_all__tvn_efaar_e0.2_c150,0.2775367631472506,0.0200706067215144,0.005570331223890558,370,77,1480,5817,7297
1845,openphenom,Raw,std_all__tvn_efaar_e0.2_c150,0.30891787893374145,0.05517054346771081,0.017043167267667008,370,51,1480,5625,7105
1846,openphenom,Raw,std_all__tvn_efaar_e0.2_c150,0.2854956693748836,-0.010419767622559573,-0.0029747985321333845,370,45,1480,5433,6913
1847,openphenom,Raw,std_all__tvn_efaar_e0.2_c150,0.29189891412665137,0.04231652968456468,0.01235214906453264,370,67,1480,5817,7297
1848,openphenom,Raw,std_all__tvn_efaar_e0.2_c150,0.3166017733233399,0.068053547478078,0.0215458738125036,370,71,1480,5529,7009
1849,openphenom,Raw,std_all__tvn_efaar_e0.2_c150,0.25268661828679495,-0.03033924271116357,-0.007666320642066215,370,68,1480,5689,7169
1850,openphenom,Raw,std_all__tvn_efaar_e0.2_c150,0.2699990882510997,0.02549016514775758,0.006882321349264504,370,67,1480,5433,6913
1851,openphenom,Raw,std_all__tvn_efaar_e0.2_c150,0.2590376728119004,0.04292544034751953,0.01111930617204751,370,63,1480,5657,7137
1852,openphenom,Raw,std_all__tvn_efaar_e0.2_c150,0.2939105723503958,0.021917763055995826,0.0064418622844280935,370,71,1480,6041,7521
1853,openphenom,Raw,std_all__tvn_efaar_e0.2_c150,0.3141450001422309,0.03583694285967252,0.011257996419748943,370,83,1480,5849,7329
1854,openphenom,Raw,std_all__tvn_efaar_e0.2_c150,0.2918290765767428,-0.0036544409117593886,-0.0010664721166830124,370,86,1480,5849,7329
1855,openphenom,Raw,std_all__tvn_efaar_e0.2_c150,0.2824721687443005,0.030453599791414758,0.008602294379151902,370,56,1480,5817,7297
1856,openphenom,Raw,std_all__tvn_efaar_e0.2_c150,0.3114819766316393,0.07376074428162323,0.022975142426660888,370,59,1480,5913,7393
1857,openphenom,Raw,std_all__tvn_efaar_e0.2_c150,0.28334088197927804,0.05872164242922233,0.01663824195716765,370,64,1480,5817,7297
1858,openphenom,Raw,std_all__tvn_efaar_e0.2_c150,0.2859666469513412,0.004972984620926697,0.0014221077373869943,370,66,1480,5625,7105
1859,openphenom,Raw,std_all__tvn_efaar_e0.2_c150,0.2717181578747036,0.017445920002765306,0.0047403732455808326,370,88,1480,5561,7041
1860,openphenom,Raw,std_all__tvn_efaar_e0.2_c150,0.2922487224807147,-0.029183853383829395,-0.008528943868488624,370,66,1480,5625,7105
1861,openphenom,Raw,std_all__tvn_efaar_e0.2_c150,0.28705474861645325,0.01321940453081017,0.0037946928444509164,370,90,1480,5945,7425
1862,openphenom,Raw,std_all__tvn_efaar_e0.2_c150,0.28174830153900043,0.023186719013268294,0.00653281870025039,370,73,1480,5817,7297
1863,openphenom,Raw,std_all__tvn_efaar_e0.2_c150,0.252181341534956,0.1213285343612719,0.03059679256169556,370,75,1480,5561,7041
1864,openphenom,Raw,std_all__tvn_efaar_e0.2_c150,0.2983009540496774,0.04804569990147651,0.014332078118594932,370,98,1480,5625,7105
1865,openphenom,Raw,std_all__tvn_efaar_e0.2_c150,0.2654027116721324,0.08061204432424073,0.02139465515708762,370,69,1480,5657,7137
1866,openphenom,Raw,std_all__tvn_efaar_e0.2_c150,0.2909145804155405,0.040001918857241525,0.011637141440170917,370,42,1480,5945,7425
1867,openphenom,Raw,std_all__tvn_efaar_e0.2_c150,0.2866535805208667,-0.0485749726929295,-0.013924189846131568,370,71,1480,5753,7233
1868,openphenom,Raw,std_all__tvn_efaar_e0.2_c150,0.244331381429208,-0.016692387812788007,-0.004078474173650569,370,62,1480,5913,7393
1869,openphenom,Raw,std_all__tvn_efaar_e0.2_c150,0.25845892890863925,0.006609531823108299,0.0017082925155881366,370,72,1480,5689,7169
1870,openphenom,Raw,std_all__tvn_efaar_e0.2_c150,0.2878981486358496,0.010722020287933494,0.003086849790532072,370,77,1480,5785,7265
1871,openphenom,Raw,std_all__tvn_efaar_e0.2_c150,0.27263595266013124,-0.04889064019752436,-0.01332934626641576,370,74,1480,5593,7073
1872,openphenom,Raw,std_all__tvn_efaar_e0.2_c150,0.319172702782922,0.10229395704309233,0.0326494387478039,370,82,1480,5881,7361
1873,openphenom,Raw,std_all__tvn_efaar_e0.2_c150,0.2967965769006173,0.015436010390684804,0.00458135504495761,370,63,1480,5529,7009
1874,openphenom,Raw,std_all__tvn_efaar_e0.2_c150,0.2597047398006152,0.05111149777409617,0.013273898230241369,370,94,1480,5529,7009
1875,openphenom,Raw,std_all__tvn_efaar_e0.2_c150,0.2641055542821999,-0.008743582426890252,-0.0023092286832659525,370,62,1480,5593,7073
1876,openphenom,Raw,std_all__tvn_efaar_e0.2_c150,0.2742443544828842,-0.0029739533425459843,-0.0008155899146887393,370,61,1480,5721,7201
1877,openphenom,Raw,std_all__tvn_efaar_e0.2_c150,0.31095930147245704,0.09269845290879065,0.028825446164094996,370,70,1480,5657,7137
1878,openphenom,Raw,std_all__tvn_efaar_e0.2_c150,0.312989440381886,0.11481269010982013,0.0359351596262115,370,74,1480,5817,7297
1879,openphenom,Raw,std_all__tvn_efaar_e0.2_c150,0.24315937018402453,-0.006106853702386463,-0.0014849387000782706,370,76,1480,5593,7073
1880,openphenom,Raw,std_all__tvn_efaar_e0.2_c150,0.3142138527765875,-0.004279225277361503,-0.001344591861298719,370,74,1480,5625,7105
1881,openphenom,Raw,std_all__tvn_efaar_e0.2_c150,0.27860407205514104,-0.020613435126557573,-0.005742986965303422,370,76,1480,5785,7265
1882,openphenom,Raw,std_all__tvn_efaar_e0.2_c150,0.2702702107961754,0.01268244358146622,0.0034276867001734775,370,95,1480,5817,7297
1883,openphenom,Raw,std_all__tvn_efaar_e0.2_c150,0.282497405494995,0.0018813328226238448,0.0005314716412638118,370,79,1480,5753,7233
1884,openphenom,Raw,std_all__tvn_efaar_e0.2_c150,0.2881496513307249,-0.02008047932127004,-0.005786183114977793,370,72,1480,5625,7105
1885,openphenom,Raw,std_all__tvn_efaar_e0.2_c150,0.28906729550375404,0.0618803989852955,0.017887599579372616,370,110,1480,5881,7361
1886,openphenom,Raw,std_all__tvn_efaar_e0.2_c150,0.26757599812592137,0.05047560976307683,0.013506061663369784,370,84,1480,5273,6753
1887,openphenom,Raw,std_all__tvn_efaar_e0.2_c150,0.25847870977077,-0.022398794719327788,-0.005789611559472182,370,70,1480,5785,7265
1888,openphenom,Raw,std_all__tvn_efaar_e0.2_c150,0.2697443923177249,0.07857453669233458,0.021195040651720568,370,56,1480,5657,7137
1889,openphenom,Raw,std_all__tvn_efaar_e0.2_c150,0.2758450817116714,0.010263126249318267,0.0028310328988603965,370,75,1480,5817,7297
1890,openphenom,Raw,std_all__tvn_efaar_e0.2_c150,0.2588354135205796,-0.0063462834213235874,-0.0016426428936770895,370,70,1480,5561,7041
1891,openphenom,Raw,std_all__tvn_efaar_e0.2_c150,0.26449782183478526,-0.017681701119480052,-0.004676771432436158,370,60,1480,5433,6913
1892,openphenom,Raw,std_all__tvn_efaar_e0.2_c150,0.3018981547479446,0.08447885241398104,0.025504009659004824,370,109,1480,5689,7169
1893,openphenom,Raw,std_all__tvn_efaar_e0.2_c150,0.2826213959806803,-0.0016465503086540022,-0.00046535034678421415,370,95,1480,5401,6881
1894,openphenom,Raw,std_all__tvn_efaar_e0.2_c150,0.289391292577256,-0.020786389047556347,-0.0060153999944860485,370,50,1480,5753,7233
1895,openphenom,Raw,std_all__tvn_efaar_e0.2_c150,0.27738647589840343,0.062418164846598775,0.017313954778843642,370,85,1480,5753,7233
1896,openphenom,Raw,std_all__tvn_efaar_e0.2_c150,0.29877623073154486,0.03497343988067268,0.010449232543263675,370,66,1480,5817,7297
1897,openphenom,Raw,std_all__tvn_efaar_e0.2_c150,0.2843909609373164,-0.000552731097750567,-0.0001571917280292215,370,79,1480,5435,6915
1898,openphenom,Raw,std_all__tvn_efaar_e0.2_c150,0.28404678206093864,-0.011559514723286932,-0.0032834429593356948,370,106,1480,5625,7105
1899,openphenom,Raw,std_all__tvn_efaar_e0.2_c150,0.28882834371912186,0.007728236341781078,0.002232133702466554,370,49,1480,5657,7137
1900,openphenom,Raw,std_all__tvn_efaar_e0.2_c150,0.2912019223522663,-0.007372607147865021,-0.0021469173742063533,370,74,1480,5529,7009
1901,openphenom,Raw,std_all__tvn_efaar_e0.2_c150,0.23312791895787155,-0.03131258024123241,-0.007299836668839879,370,106,1480,5721,7201
1902,openphenom,Raw,std_all__tvn_efaar_e0.2_c150,0.28896006214654657,0.06660387502451431,0.01924585986628448,370,70,1480,5785,7265
1903,openphenom,Raw,std_all__tvn_efaar_e0.2_c150,0.27613323307625703,0.01264828425999494,0.003492611625579936,370,72,1480,5689,7169
1904,openphenom,Raw,std_all__tvn_efaar_e0.2_c150,0.26763927493452294,-0.02019136612359973,-0.0054040025892577205,370,84,1480,5753,7233
1905,openphenom,Raw,std_all__tvn_efaar_e0.2_c150,0.26402562708339655,-0.005733514234218473,-0.0015137946910811124,370,80,1480,5593,7073
1906,openphenom,Raw,std_all__tvn_efaar_e0.2_c150,0.2769859686533747,-0.024721822103567676,-0.006847597842233102,370,66,1480,5404,6884
1907,openphenom,Raw,std_all__tvn_efaar_e0.2_c150,0.29451184214350745,0.06256971204539208,0.01842752115687723,370,99,1480,5817,7297
1908,openphenom,Raw,std_all__tvn_efaar_e0.2_c150,0.2998243829076282,0.046416289834639565,0.013916735456532422,370,74,1480,5625,7105
1909,openphenom,Raw,std_all__tvn_efaar_e0.2_c150,0.2704638315159352,0.018157229206769945,0.004910873780976045,370,42,1480,5721,7201
1910,openphenom,Raw,std_all__tvn_efaar_e0.2_c150,0.2912718503620711,0.027414228976896937,0.007984993200350277,370,54,1480,5657,7137
1911,openphenom,Raw,std_all__tvn_efaar_e0.2_c150,0.2655813985951026,-0.014563087947121207,-0.0038676852648599318,370,76,1480,5497,6977
1912,openphenom,Raw,std_all__tvn_efaar_e0.2_c150,0.299692715135362,0.024400814108312588,0.007312746231633446,370,75,1480,5657,7137
1913,openphenom,Raw,std_all__tvn_efaar_e0.2_c150,0.2768062537579545,0.03709046622898075,0.010266873006980086,370,58,1480,5657,7137
1914,openphenom,Raw,std_all__tvn_efaar_e0.2_c150,0.2918369612072475,-0.010614755431863267,-0.0030977779691931003,370,80,1480,5913,7393
1915,openphenom,Raw,std_all__tvn_efaar_e0.2_c150,0.2764258894127551,0.020384334154739378,0.005634757698810634,370,75,1480,5721,7201
1916,openphenom,Raw,std_all__tvn_efaar_e0.2_c150,0.3126257049480793,0.035458357738487864,0.01108519408429595,370,79,1480,5817,7297
1917,openphenom,Raw,std_all__tvn_efaar_e0.2_c150,0.2726393169456674,-0.003612400461102442,-0.0009848823942491837,370,63,1480,5854,7334
1918,openphenom,Raw,std_all__tvn_efaar_e0.2_c150,0.30052819641854356,0.03869810937878129,0.011629873016412667,370,66,1480,5817,7297
1919,openphenom,Raw,std_all__tvn_efaar_e0.2_c150,0.30403403296161446,0.04794962734356481,0.014578318580270514,370,81,1480,5849,7329
1920,openphenom,Raw,std_all__tvn_efaar_e0.2_c150,0.323237330241467,0.020253518537200286,0.0065466932599606825,370,55,1480,5817,7297
1921,openphenom,Raw,std_all__tvn_efaar_e0.2_c150,0.31025402685137055,-0.006278920740655284,-0.0019480604440688918,370,97,1480,5817,7297
1922,openphenom,Raw,std_all__tvn_efaar_e0.2_c150,0.3004188591937088,-0.029167277755029922,-0.00876240030895213,370,69,1480,5817,7297
1923,openphenom,Raw,std_all__tvn_efaar_e0.2_c150,0.3056645628353937,-0.006005322984149199,-0.0018356144246353071,370,50,1480,5753,7233
1924,openphenom,Raw,std_all__tvn_efaar_e0.2_c150,0.2890588389421148,0.005987611615235905,0.0017307720615364114,370,83,1480,5721,7201
1925,openphenom,Raw,std_all__tvn_efaar_e0.2_c150,0.2632957672161516,0.030800879915621825,0.008109741308316203,370,78,1480,5849,7329
1926,openphenom,Raw,std_all__tvn_efaar_e0.2_c150,0.30108783300435416,-0.014999468960134031,-0.004516157605422829,370,62,1480,5657,7137
1927,openphenom,Raw,std_all__tvn_efaar_e0.2_c150,0.31131506005577037,0.004841883248975007,0.001507351174437683,370,67,1480,5593,7073
1928,openphenom,Raw,std_all__tvn_efaar_e0.2_c150,0.26818918610725373,0.051387350175331206,0.013781531619730518,370,81,1480,5369,6849
1929,openphenom,Raw,std_all__tvn_efaar_e0.2_c150,0.26379123854319775,0.07226186788184896,0.01906204762799786,370,88,1480,5881,7361
1930,openphenom,Raw,std_all__tvn_efaar_e0.2_c150,0.26529662192165615,-0.0004694408207553682,-0.00012454106393852885,370,68,1480,5721,7201
1931,openphenom,Raw,std_all__tvn_efaar_e0.2_c150,0.28379308918775614,0.0066377853593407535,0.0018837576124925725,370,77,1480,5689,7169
1932,openphenom,Raw,std_all__tvn_efaar_e0.2_c150,0.26747960121740855,-0.014432417056074016,-0.0038603771587620034,370,51,1480,5945,7425
1933,openphenom,Raw,std_all__tvn_efaar_e0.2_c150,0.26223991838634897,0.20680097588852658,0.05423147103922453,370,83,1480,5753,7233
1934,openphenom,Raw,std_all__tvn_efaar_e0.2_c150,0.31835682630158624,-0.010705785256881184,-0.0034082598174470058,370,60,1480,5689,7169
1935,openphenom,Raw,std_all__tvn_efaar_e0.2_c150,0.2873624362204872,-0.002517108725330045,-0.0007233224955426868,370,77,1480,5689,7169
1936,openphenom,Raw,std_all__tvn_efaar_e0.2_c150,0.2832163151586582,0.06559335293737077,0.018577107717823498,370,49,1480,5593,7073
1937,openphenom,Raw,std_all__tvn_efaar_e0.2_c150,0.28750272387033676,-0.003130282839624848,-0.0008999648428767163,370,94,1480,5689,7169
1938,openphenom,Raw,std_all__tvn_efaar_e0.2_c150,0.2915706627810103,-0.028692519358451792,-0.008365896886200758,370,68,1480,5785,7265
1939,openphenom,Raw,std_all__tvn_efaar_e0.2_c150,0.27625161836743845,-0.01995817637222151,-0.005513478522488964,370,90,1480,5657,7137
1940,openphenom,Raw,std_all__tvn_efaar_e0.2_c150,0.2723778132585213,-0.025128102286717344,-0.006844337552192518,370,91,1480,5849,7329
1941,openphenom,Raw,std_all__tvn_efaar_e0.2_c150,0.2745594762463275,-0.01160333394894142,-0.003185805291732587,370,57,1480,5689,7169
1942,openphenom,Raw,std_all__tvn_efaar_e0.2_c150,0.2467031335296482,-0.04913678699070675,-0.012122199322186207,370,69,1480,5625,7105
1943,openphenom,Raw,std_all__tvn_efaar_e0.2_c150,0.2655694363308631,0.07752086359360955,0.020587172048436613,370,111,1480,5497,6977
1944,openphenom,Raw,std_all__tvn_efaar_e0.2_c150,0.2716957713666084,0.014014296370583476,0.003807625062565938,370,84,1480,5689,7169
1945,openphenom,Raw,std_all__tvn_efaar_e0.2_c150,0.27001691918739806,0.019148155756125558,0.005170326025389466,370,76,1480,5625,7105
1946,openphenom,Raw,std_all__tvn_efaar_e0.2_c150,0.2867550865298207,0.03141628593128182,0.009008779790670305,370,80,1480,5305,6785
1947,openphenom,Raw,std_all__tvn_efaar_e0.2_c150,0.26374756451401454,0.006478367268115489,0.00170865358899277,370,90,1480,5721,7201
1948,openphenom,Raw,std_all__tvn_efaar_e0.2_c150,0.29860794241512023,0.03980615722303054,0.011886434703821926,370,64,1480,5529,7009
1949,openphenom,Raw,std_all__tvn_efaar_e0.2_c150,0.33292169981095693,0.10356571533851254,0.03447927399263529,370,70,1480,5689,7169
1950,openphenom,Raw,std_all__tvn_efaar_e0.2_c150,0.30393028163056957,0.010710969095796977,0.0032553878538219023,370,96,1480,5689,7169
1951,openphenom,Raw,std_all__tvn_efaar_e0.2_c150,0.300326850757814,0.04512326997058433,0.01355172956616023,370,48,1480,5689,7169
1952,openphenom,Raw,std_all__tvn_efaar_e0.2_c150,0.3166466851137483,0.048774476643035365,0.015444276347175092,370,65,1480,5593,7073
1953,openphenom,Raw,std_all__tvn_efaar_e0.2_c150,0.3033648286492962,0.07592916159159781,0.023034237095719792,370,67,1480,5785,7265
1954,openphenom,Raw,std_all__tvn_efaar_e0.2_c150,0.2783066703853654,0.022381714446875218,0.006228980425225872,370,79,1480,5817,7297
1955,openphenom,Raw,std_all__tvn_efaar_e0.2_c150,0.2945582795642704,0.00024510779913457904,7.219853162086636e-05,370,54,1480,5593,7073
1956,openphenom,Raw,std_all__tvn_efaar_e0.2_c150,0.2647161895668088,0.00947630764953878,0.002508532052148708,370,62,1480,5593,7073
1957,openphenom,Raw,std_all__tvn_efaar_e0.2_c150,0.299133933954905,0.21292204758585143,0.06369220972008922,370,64,1480,5721,7201
1958,openphenom,Raw,std_all__tvn_efaar_e0.2_c150,0.31219773815855906,0.08810279752230353,0.027505494111904664,370,68,1480,5657,7137
1959,openphenom,Raw,std_all__tvn_efaar_e0.2_c150,0.2879588516015207,-0.003913769534688188,-0.0011270045806418285,370,86,1480,5945,7425
1960,openphenom,Raw,std_all__tvn_efaar_e0.2_c150,0.2788236856071604,0.04633095403448222,0.012918167361590273,370,74,1480,5657,7137
1961,openphenom,Raw,std_all__tvn_efaar_e0.2_c150,0.2956268958655592,0.01213105148579246,0.003586265094330105,370,65,1480,5817,7297
1962,openphenom,Raw,std_all__tvn_efaar_e0.2_c150,0.273543697796534,-0.021722069880434774,-0.005941935318888843,370,82,1480,5564,7044
1963,openphenom,Raw,std_all__tvn_efaar_e0.2_c150,0.28235529869765585,0.005363727237384723,0.001514476806244516,370,72,1480,5689,7169
1964,openphenom,Raw,std_all__tvn_efaar_e0.2_c150,0.2779546690338503,-0.0057061538162496385,-0.0015860520954519102,370,57,1480,5593,7073
1965,openphenom,Raw,std_all__tvn_efaar_e0.2_c150,0.28490749204810506,0.003401857456837433,0.0009692146763326978,370,57,1480,5727,7207
1966,openphenom,Raw,std_all__tvn_efaar_e0.2_c150,0.3052100327827484,0.010371316250117823,0.003165429772698712,370,78,1480,5785,7265
1967,openphenom,Raw,std_all__tvn_efaar_e0.2_c150,0.28094425121516614,-0.017661956880423286,-0.004962025250765072,370,62,1480,5785,7265
1968,openphenom,Raw,std_all__tvn_efaar_e0.2_c150,0.2806867798621111,0.05344620513344056,0.015001643214755262,370,90,1480,5817,7297
1969,openphenom,Raw,std_all__tvn_efaar_e0.2_c150,0.3190575089753599,-0.029444999283053934,-0.009394648123032446,370,45,1480,5689,7169
1970,openphenom,Raw,std_all__tvn_efaar_e0.2_c150,0.29183362399514756,0.018172580184015522,0.005303369932443656,370,79,1480,5701,7181
1971,openphenom,Raw,std_all__tvn_efaar_e0.2_c150,0.2715788165500134,0.05579625000174625,0.01515307954340293,370,112,1480,5689,7169
1972,openphenom,Raw,std_all__tvn_efaar_e0.2_c150,0.318079207450516,0.12574700801406866,0.03999750864838864,370,55,1480,5689,7169
1973,openphenom,Raw,std_all__tvn_efaar_e0.2_c150,0.29116838139288714,0.04170517950722396,0.012143229612818206,370,58,1480,5721,7201
1974,openphenom,Raw,std_all__tvn_efaar_e0.2_c150,0.24698246217748798,-0.007198164228373614,-0.001777820324281633,370,67,1480,5849,7329
1975,openphenom,Raw,std_all__tvn_efaar_e0.2_c150,0.28433164753684576,0.003750753854420333,0.0010664580229325078,370,82,1480,5721,7201
1976,openphenom,Raw,std_all__tvn_efaar_e0.2_c150,0.265887978776213,0.02465945952488047,0.006556653850784302,370,65,1480,5497,6977
1977,openphenom,Raw,std_all__tvn_efaar_e0.2_c150,0.2679135765347331,-0.032571038298463556,-0.008726223361991138,370,53,1480,5753,7233
1978,openphenom,Raw,std_all__tvn_efaar_e0.2_c150,0.22994293937595364,0.04384728002674119,0.010082372452989413,370,67,1480,5663,7143
1979,openphenom,Raw,std_all__tvn_efaar_e0.2_c150,0.270886111505526,0.06859610316587528,0.018581731651035854,370,65,1480,5561,7041
1980,openphenom,Raw,std_all__tvn_efaar_e0.2_c150,0.27397611533964716,0.017046995657132868,0.004670469648353099,370,49,1480,5657,7137
1981,openphenom,Raw,std_all__tvn_efaar_e0.2_c150,0.2805642031758764,-0.0254673693165182,-0.007145232179274693,370,41,1480,5657,7137
1982,openphenom,Raw,std_all__tvn_efaar_e0.2_c150,0.2855697627170961,0.011325962250234639,0.0032343523523422936,370,74,1480,5753,7233
1983,openphenom,Raw,std_all__tvn_efaar_e0.2_c150,0.2872075680696321,0.07484399790493663,0.02149576262288549,370,68,1480,5625,7105
1984,openphenom,Raw,std_all__tvn_efaar_e0.2_c150,0.29745933657889745,0.03281127493167505,0.00976002007348387,370,60,1480,5721,7201
1985,openphenom,Raw,std_all__tvn_efaar_e0.2_c150,0.2853680159444385,-0.034109552540738775,-0.009733775333303206,370,76,1480,5721,7201
1986,openphenom,Raw,std_all__tvn_efaar_e0.2_c150,0.2877818906313933,0.0559100267010851,0.016089893189289953,370,56,1480,5881,7361
1987,openphenom,Raw,std_all__tvn_efaar_e0.2_c150,0.2578406512453088,0.12461059440805398,0.03212967681423767,370,87,1480,5817,7297
1988,openphenom,Raw,std_all__tvn_efaar_e0.2_c150,0.29534400049794907,0.03591916712512671,0.010608510513289338,370,63,1480,5785,7265
1989,openphenom,Raw,std_all__tvn_efaar_e0.2_c150,0.2717292062204187,0.0006455979747706663,0.00017542782522194305,370,52,1480,5721,7201
1990,openphenom,Raw,std_all__tvn_efaar_e0.2_c150,0.29673998597727275,0.0195431310367627,0.005799228429800967,370,74,1480,5785,7265
1991,openphenom,Raw,std_all__tvn_efaar_e0.2_c150,0.2702108809978017,0.07541648648519794,0.02037835525492414,370,65,1480,5433,6913
1992,openphenom,Raw,std_all__tvn_efaar_e0.2_c150,0.33907048837961345,0.057895055111755925,0.01963050461150772,370,47,1480,5497,6977
1993,openphenom,Raw,std_all__tvn_efaar_e0.2_c150,0.2772699787670146,-0.007008327887586672,-0.0019431989245834327,370,72,1480,5625,7105
1994,openphenom,Raw,std_all__tvn_efaar_e0.2_c150,0.3112509202127797,-0.00611332095108712,-0.0019027767715819317,370,66,1480,5561,7041
1995,openphenom,Raw,std_all__tvn_efaar_e0.2_c150,0.3120834302070845,0.05509537407501593,0.017194353329873447,370,93,1480,5497,6977
1996,openphenom,Raw,std_all__tvn_efaar_e0.2_c150,0.2857027036363873,-0.01504832475550777,-0.004299347067846946,370,88,1480,5721,7201
1997,openphenom,Raw,std_all__tvn_efaar_e0.2_c150,0.2815397355316239,0.012468466840288905,0.003510368856699761,370,100,1480,5849,7329
1998,openphenom,Raw,std_all__tvn_efaar_e0.2_c150,0.2962939692167376,-0.02608524421887183,-0.007728900547597493,370,73,1480,5817,7297
1999,openphenom,Raw,std_all__tvn_efaar_e0.2_c150,0.2803860484552512,0.003622880222495097,0.0010158050696120816,370,92,1480,5721,7201
