sample_id,family,codec,config,pa,pc,product,pa_units,pc_targets,treatment_wells,control_wells,total_wells
0,openphenom,MQ,std_all__tvn_efaar_e0.2_c150,0.2967641535806819,0.008158539944943229,0.0024211622012152607,370,77,1480,5753,7233
1,openphenom,MQ,std_all__tvn_efaar_e0.2_c150,0.2741704125715719,-0.03211578837790916,-0.008805198949632649,370,65,1480,5753,7233
2,openphenom,MQ,std_all__tvn_efaar_e0.2_c150,0.2524496040089141,0.04587050069164762,0.011579989735297062,370,88,1480,5625,7105
3,openphenom,MQ,std_all__tvn_efaar_e0.2_c150,0.2808712427635358,0.0431435727719895,0.012117788901727737,370,55,1480,5433,6913
4,openphenom,MQ,std_all__tvn_efaar_e0.2_c150,0.2881775808129025,0.12584480549624183,0.03626565160577723,370,56,1480,5657,7137
5,openphenom,MQ,std_all__tvn_efaar_e0.2_c150,0.2481587702465354,-0.009007895701833973,-0.0022353883198761707,370,82,1480,5785,7265
6,openphenom,MQ,std_all__tvn_efaar_e0.2_c150,0.2517462665772563,-0.018518749901522046,-0.004662026149386107,370,63,1480,5721,7201
7,openphenom,MQ,std_all__tvn_efaar_e0.2_c150,0.2711175371197072,0.013677497302959953,0.00370820938273994,370,49,1480,5561,7041
8,openphenom,MQ,std_all__tvn_efaar_e0.2_c150,0.2727225589941775,0.02359577056893082,0.006435098930998313,370,81,1480,5529,7009
9,openphenom,MQ,std_all__tvn_efaar_e0.2_c150,0.24431308415716244,-0.00796513386128218,-0.0019459864193744974,370,77,1480,5753,7233
10,openphenom,MQ,std_all__tvn_efaar_e0.2_c150,0.25790033961381104,0.021968342048356477,0.005665642875023501,370,85,1480,5753,7233
11,openphenom,MQ,std_all__tvn_efaar_e0.2_c150,0.27924399788670595,0.09563540863826453,0.0267056138476778,370,44,1480,5433,6913
12,openphenom,MQ,std_all__tvn_efaar_e0.2_c150,0.270654401392539,-0.023546572899087362,-0.006372983592848271,370,92,1480,5785,7265
13,openphenom,MQ,std_all__tvn_efaar_e0.2_c150,0.2851987756150877,0.040393133788766696,0.011520072299812691,370,80,1480,5849,7329
14,openphenom,MQ,std_all__tvn_efaar_e0.2_c150,0.26377451334323826,0.025643900199989984,0.006764207295474928,370,93,1480,5753,7233
15,openphenom,MQ,std_all__tvn_efaar_e0.2_c150,0.27549673136506275,-0.028578011941196507,-0.00787314887871137,370,67,1480,5625,7105
16,openphenom,MQ,std_all__tvn_efaar_e0.2_c150,0.258789815004203,0.06472270632760652,0.01674957719709265,370,58,1480,5785,7265
17,openphenom,MQ,std_all__tvn_efaar_e0.2_c150,0.23539140437824113,-0.006541882477059325,-0.0015399029035524014,370,76,1480,5689,7169
18,openphenom,MQ,std_all__tvn_efaar_e0.2_c150,0.2736832728863759,0.012714266715007756,0.0034796821269136337,370,54,1480,5785,7265
19,openphenom,MQ,std_all__tvn_efaar_e0.2_c150,0.2643226603675411,-0.012069934658737104,-0.0031903572394597806,370,98,1480,5593,7073
20,openphenom,MQ,std_all__tvn_efaar_e0.2_c150,0.2545121102776053,-0.0057427554202261945,-0.0014616008008099246,370,59,1480,5689,7169
21,openphenom,MQ,std_all__tvn_efaar_e0.2_c150,0.27206884913662893,0.06397258929784187,0.01740494874655406,370,58,1480,5913,7393
22,openphenom,MQ,std_all__tvn_efaar_e0.2_c150,0.2493986681132578,0.02131598437634593,0.005316178112983687,370,87,1480,5785,7265
23,openphenom,MQ,std_all__tvn_efaar_e0.2_c150,0.28615638492569906,0.07555642034082058,0.02162095210265577,370,71,1480,5817,7297
24,openphenom,MQ,std_all__tvn_efaar_e0.2_c150,0.2791749725066486,0.05582342624612683,0.015584503487489382,370,77,1480,5465,6945
25,openphenom,MQ,std_all__tvn_efaar_e0.2_c150,0.2627129918814248,-0.005089832680419083,-0.001337165171648749,370,109,1480,5785,7265
26,openphenom,MQ,std_all__tvn_efaar_e0.2_c150,0.23935098541947852,0.04956504117894901,0.011863441448538478,370,74,1480,5066,6546
27,openphenom,MQ,std_all__tvn_efaar_e0.2_c150,0.27221631264281443,-0.01472497356248594,-0.00400837800694285,370,48,1480,5785,7265
28,openphenom,MQ,std_all__tvn_efaar_e0.2_c150,0.26786220738646926,0.0023888393825287524,0.0006398797900958818,370,61,1480,5721,7201
29,openphenom,MQ,std_all__tvn_efaar_e0.2_c150,0.255975059920102,-0.009119428406545171,-0.0023343462328024806,370,101,1480,5753,7233
30,openphenom,MQ,std_all__tvn_efaar_e0.2_c150,0.26865424291780426,0.03124525286976206,0.008394169754501277,370,68,1480,5561,7041
31,openphenom,MQ,std_all__tvn_efaar_e0.2_c150,0.2700447868064766,0.04035963922009784,0.010898910168777632,370,72,1480,5913,7393
32,openphenom,MQ,std_all__tvn_efaar_e0.2_c150,0.2658164179784373,0.03628470622362787,0.009645070635764672,370,81,1480,5817,7297
33,openphenom,MQ,std_all__tvn_efaar_e0.2_c150,0.2651726246918011,0.04035427518981927,0.010700849069619605,370,59,1480,5913,7393
34,openphenom,MQ,std_all__tvn_efaar_e0.2_c150,0.27391318065777015,0.010501126140168265,0.0028763968615419426,370,80,1480,5785,7265
35,openphenom,MQ,std_all__tvn_efaar_e0.2_c150,0.25367457782953956,0.02828791551041911,0.0071759250247832515,370,54,1480,5625,7105
36,openphenom,MQ,std_all__tvn_efaar_e0.2_c150,0.26895677857083067,0.001600698315285162,0.000430518662342853,370,57,1480,5657,7137
37,openphenom,MQ,std_all__tvn_efaar_e0.2_c150,0.28185874910824993,-0.02476068110966618,-0.006979014604638783,370,64,1480,5593,7073
38,openphenom,MQ,std_all__tvn_efaar_e0.2_c150,0.2709403193544373,0.027503111242381976,0.007451701743251588,370,86,1480,5561,7041
39,openphenom,MQ,std_all__tvn_efaar_e0.2_c150,0.2712063676568148,-0.012433261872099727,-0.003371979790458136,370,65,1480,5753,7233
40,openphenom,MQ,std_all__tvn_efaar_e0.2_c150,0.27915782332019223,0.07541719459495025,0.021053299884041678,370,84,1480,5753,7233
41,openphenom,MQ,std_all__tvn_efaar_e0.2_c150,0.24776787345259324,-0.05022109716442883,-0.012443174446886592,370,103,1480,5945,7425
42,openphenom,MQ,std_all__tvn_efaar_e0.2_c150,0.2805713872258515,0.023554254943424228,0.006608649984547906,370,69,1480,5977,7457
43,openphenom,MQ,std_all__tvn_efaar_e0.2_c150,0.26484950782843947,-0.029232527982296357,-0.0077422206486922746,370,61,1480,5375,6855
44,openphenom,MQ,std_all__tvn_efaar_e0.2_c150,0.23607619688477496,0.01623049902001432,0.0038316344821870477,370,72,1480,5785,7265
45,openphenom,MQ,std_all__tvn_efaar_e0.2_c150,0.27244482548367893,0.05676756311399603,0.015466028825726378,370,84,1480,5753,7233
46,openphenom,MQ,std_all__tvn_efaar_e0.2_c150,0.24646702250893412,-0.026569041276506423,-0.0065483924943375085,370,71,1480,5753,7233
47,openphenom,MQ,std_all__tvn_efaar_e0.2_c150,0.2556791114576696,0.026681872470512163,0.006821997445287405,370,69,1480,5689,7169
48,openphenom,MQ,std_all__tvn_efaar_e0.2_c150,0.2816938652469229,0.014692173228431133,0.004138695065594128,370,71,1480,5753,7233
49,openphenom,MQ,std_all__tvn_efaar_e0.2_c150,0.2673544461624032,0.007881888517139151,0.0021072579392135433,370,64,1480,5529,7009
50,openphenom,MQ,std_all__tvn_efaar_e0.2_c150,0.26664043003448734,-0.028394567811999626,-0.0075711397720349925,370,65,1480,5881,7361
51,openphenom,MQ,std_all__tvn_efaar_e0.2_c150,0.23929354900589217,0.013682369193293287,0.0032741026830720365,370,69,1480,5625,7105
52,openphenom,MQ,std_all__tvn_efaar_e0.2_c150,0.28317091485238965,-0.02037746518645285,-0.005770305459220575,370,60,1480,5689,7169
53,openphenom,MQ,std_all__tvn_efaar_e0.2_c150,0.2378967694471749,-0.019072009578614695,-0.004537169465618011,370,64,1480,5913,7393
54,openphenom,MQ,std_all__tvn_efaar_e0.2_c150,0.22021930642050908,0.0320462321566248,0.007057199018922528,370,64,1480,5753,7233
55,openphenom,MQ,std_all__tvn_efaar_e0.2_c150,0.2686974556684515,0.14515153132547248,0.03900184715353399,370,69,1480,5657,7137
56,openphenom,MQ,std_all__tvn_efaar_e0.2_c150,0.2611205230467253,0.07418774178800065,0.01937194193933813,370,70,1480,5913,7393
57,openphenom,MQ,std_all__tvn_efaar_e0.2_c150,0.2359276394873526,-0.008987785717228598,-0.0021204670684838852,370,75,1480,5529,7009
58,openphenom,MQ,std_all__tvn_efaar_e0.2_c150,0.2646329594610972,-0.02443643143773579,-0.006466685170036217,370,68,1480,5849,7329
59,openphenom,MQ,std_all__tvn_efaar_e0.2_c150,0.2701014413569209,0.039486229266168654,0.010665287438541986,370,86,1480,5561,7041
60,openphenom,MQ,std_all__tvn_efaar_e0.2_c150,0.2774518144678301,-0.015988866396091265,-0.0044361399928792376,370,52,1480,5689,7169
61,openphenom,MQ,std_all__tvn_efaar_e0.2_c150,0.2516126831227657,0.04997055679590069,0.012573225872555126,370,73,1480,5657,7137
62,openphenom,MQ,std_all__tvn_efaar_e0.2_c150,0.2558374974671998,0.03644074502294107,0.00932290901250956,370,48,1480,5849,7329
63,openphenom,MQ,std_all__tvn_efaar_e0.2_c150,0.2700687812756427,-0.06401778278422762,-0.017289204576505176,370,53,1480,5721,7201
64,openphenom,MQ,std_all__tvn_efaar_e0.2_c150,0.24927671459801276,0.053805565060498016,0.01341247448537057,370,82,1480,5753,7233
65,openphenom,MQ,std_all__tvn_efaar_e0.2_c150,0.2861416060000315,0.029221803108771403,0.008361573671760563,370,56,1480,5497,6977
66,openphenom,MQ,std_all__tvn_efaar_e0.2_c150,0.27814627340440534,0.0105830523816032,0.0029436365811865467,370,81,1480,5785,7265
67,openphenom,MQ,std_all__tvn_efaar_e0.2_c150,0.2763885957260602,-0.02262735120942381,-0.006253941825773017,370,114,1480,6009,7489
68,openphenom,MQ,std_all__tvn_efaar_e0.2_c150,0.26596133748525,0.046416541905668636,0.012345005566671787,370,81,1480,5785,7265
69,openphenom,MQ,std_all__tvn_efaar_e0.2_c150,0.2775458034247879,0.02245209664081464,0.006231485200745881,370,56,1480,5913,7393
70,openphenom,MQ,std_all__tvn_efaar_e0.2_c150,0.2882165783107088,0.061849979982371114,0.017826189599104834,370,60,1480,5785,7265
71,openphenom,MQ,std_all__tvn_efaar_e0.2_c150,0.2573787798516315,0.05883579092640965,0.015143084080245006,370,73,1480,5663,7143
72,openphenom,MQ,std_all__tvn_efaar_e0.2_c150,0.2573390289121246,-0.03662244506224322,-0.009424384448705305,370,75,1480,5881,7361
73,openphenom,MQ,std_all__tvn_efaar_e0.2_c150,0.26299242016249275,0.02263162919112932,0.005951946933195219,370,45,1480,5625,7105
74,openphenom,MQ,std_all__tvn_efaar_e0.2_c150,0.2661663910504195,-0.012411483714946122,-0.003303519827988263,370,130,1480,5657,7137
75,openphenom,MQ,std_all__tvn_efaar_e0.2_c150,0.2453453220682006,0.024086626975721583,0.00590954125289502,370,74,1480,5785,7265
76,openphenom,MQ,std_all__tvn_efaar_e0.2_c150,0.27754446626680007,-0.020917287578905146,-0.005805477416836395,370,77,1480,5625,7105
77,openphenom,MQ,std_all__tvn_efaar_e0.2_c150,0.26731275147548933,-0.026940169436720233,-0.007201450817345569,370,98,1480,5849,7329
78,openphenom,MQ,std_all__tvn_efaar_e0.2_c150,0.27398214560765305,0.0022161134315934685,0.0006071755128979173,370,98,1480,5849,7329
79,openphenom,MQ,std_all__tvn_efaar_e0.2_c150,0.26848260817160047,-0.005095497240318369,-0.0013680523890118683,370,102,1480,5753,7233
80,openphenom,MQ,std_all__tvn_efaar_e0.2_c150,0.2818043709369915,0.0830379279221698,0.0234004510420183,370,68,1480,5817,7297
81,openphenom,MQ,std_all__tvn_efaar_e0.2_c150,0.22601909905880538,-0.00917675859016866,-0.0020741227088300735,370,69,1480,5625,7105
82,openphenom,MQ,std_all__tvn_efaar_e0.2_c150,0.2613733412531543,-0.020806570393440388,-0.005438282823752472,370,67,1480,5689,7169
83,openphenom,MQ,std_all__tvn_efaar_e0.2_c150,0.24684920686439138,0.03005214685776032,0.007418348616410346,370,97,1480,5753,7233
84,openphenom,MQ,std_all__tvn_efaar_e0.2_c150,0.25287460645781695,-0.009427205622541124,-0.002383900911797006,370,77,1480,5817,7297
85,openphenom,MQ,std_all__tvn_efaar_e0.2_c150,0.23805537989959413,0.0035257890079521408,0.00083933304173386,370,90,1480,5785,7265
86,openphenom,MQ,std_all__tvn_efaar_e0.2_c150,0.26474231825769395,-0.011929422473776381,-0.0031582229611829935,370,117,1480,5945,7425
87,openphenom,MQ,std_all__tvn_efaar_e0.2_c150,0.2304927957179057,0.023181650363399673,0.005343203401614995,370,55,1480,5657,7137
88,openphenom,MQ,std_all__tvn_efaar_e0.2_c150,0.2948197312807322,0.08731142551346141,0.025741131007616356,370,80,1480,5753,7233
89,openphenom,MQ,std_all__tvn_efaar_e0.2_c150,0.2767964516545516,-0.017633235239690157,-0.004880816945536231,370,73,1480,5721,7201
90,openphenom,MQ,std_all__tvn_efaar_e0.2_c150,0.2527729205086503,0.0006639341085092794,0.0001678245636331977,370,64,1480,5721,7201
91,openphenom,MQ,std_all__tvn_efaar_e0.2_c150,0.3086276358034477,0.010445304930898071,0.0032237097660691664,370,83,1480,5849,7329
92,openphenom,MQ,std_all__tvn_efaar_e0.2_c150,0.21756801784683477,0.05774500187588241,0.012563465598697492,370,58,1480,5625,7105
93,openphenom,MQ,std_all__tvn_efaar_e0.2_c150,0.2748827516907619,0.011225047631346085,0.0030855719807642806,370,81,1480,5785,7265
94,openphenom,MQ,std_all__tvn_efaar_e0.2_c150,0.27278921821973057,-0.009956699952964073,-0.0027160803962174977,370,61,1480,5561,7041
95,openphenom,MQ,std_all__tvn_efaar_e0.2_c150,0.26674070876445155,0.07911010567529483,0.021101885658258806,370,66,1480,5753,7233
96,openphenom,MQ,std_all__tvn_efaar_e0.2_c150,0.27555243125755724,0.039709891966789694,0.010942157276423841,370,47,1480,5689,7169
97,openphenom,MQ,std_all__tvn_efaar_e0.2_c150,0.26226347800274863,0.0047569817191668185,0.0012475825704641843,370,85,1480,5689,7169
98,openphenom,MQ,std_all__tvn_efaar_e0.2_c150,0.28368510632637983,0.04234419481468777,0.012012417408309642,370,73,1480,5625,7105
99,openphenom,MQ,std_all__tvn_efaar_e0.2_c150,0.2785515749795549,0.012365534724593938,0.003444439173000018,370,62,1480,5785,7265
100,openphenom,MQ,std_all__tvn_efaar_e0.2_c150,0.23734435241701773,0.003759726414960319,0.0008923498312239126,370,52,1480,5689,7169
101,openphenom,MQ,std_all__tvn_efaar_e0.2_c150,0.2681092785877213,0.035745979170999774,0.009583828687948463,370,72,1480,5433,6913
102,openphenom,MQ,std_all__tvn_efaar_e0.2_c150,0.27481757596834155,0.014018555992477385,0.0038525455764291034,370,72,1480,5753,7233
103,openphenom,MQ,std_all__tvn_efaar_e0.2_c150,0.24942973692548487,0.03331601626952544,0.008310005173512904,370,79,1480,5497,6977
104,openphenom,MQ,std_all__tvn_efaar_e0.2_c150,0.3047545214578239,0.00591547135952219,0.001802766643368648,370,78,1480,5625,7105
105,openphenom,MQ,std_all__tvn_efaar_e0.2_c150,0.25868234187057665,0.11921560552203667,0.030838972023959296,370,45,1480,5689,7169
106,openphenom,MQ,std_all__tvn_efaar_e0.2_c150,0.26659783401233395,-0.02890416239798994,-0.007705787089244866,370,53,1480,5625,7105
107,openphenom,MQ,std_all__tvn_efaar_e0.2_c150,0.26361692739776704,0.02644361172837399,0.0069709836731335064,370,58,1480,5753,7233
108,openphenom,MQ,std_all__tvn_efaar_e0.2_c150,0.2847121281777586,0.18686962267158788,0.05320404796260251,370,61,1480,5657,7137
109,openphenom,MQ,std_all__tvn_efaar_e0.2_c150,0.25967781952533675,0.08926718070317714,0.023180706840175258,370,76,1480,5913,7393
110,openphenom,MQ,std_all__tvn_efaar_e0.2_c150,0.26857536383190944,-0.011619585549500164,-0.003120734416533004,370,87,1480,5689,7169
111,openphenom,MQ,std_all__tvn_efaar_e0.2_c150,0.25993694837244724,-0.033750950257028386,-0.008773119014482222,370,78,1480,5599,7079
112,openphenom,MQ,std_all__tvn_efaar_e0.2_c150,0.2880713707723847,-0.0006476789908595523,-0.00018657777471738605,370,52,1480,5759,7239
113,openphenom,MQ,std_all__tvn_efaar_e0.2_c150,0.24993765110914426,0.0037772594594934024,0.0009440793569355768,370,67,1480,5593,7073
114,openphenom,MQ,std_all__tvn_efaar_e0.2_c150,0.2896365671700582,0.08993170112341747,0.026047509193150305,370,60,1480,5625,7105
115,openphenom,MQ,std_all__tvn_efaar_e0.2_c150,0.27377804303075304,0.003224794232939473,0.0008828778542710272,370,59,1480,5913,7393
116,openphenom,MQ,std_all__tvn_efaar_e0.2_c150,0.22320432773400148,0.10376257249528265,0.023160255237760156,370,72,1480,5625,7105
117,openphenom,MQ,std_all__tvn_efaar_e0.2_c150,0.27132273397756274,0.02870271025191442,0.007787697818115238,370,60,1480,5945,7425
118,openphenom,MQ,std_all__tvn_efaar_e0.2_c150,0.28171665651856737,-0.00400352460790492,-0.0011278595668287824,370,53,1480,5721,7201
119,openphenom,MQ,std_all__tvn_efaar_e0.2_c150,0.2636490770435063,0.057207989617107616,0.015082833662064915,370,84,1480,5794,7274
120,openphenom,MQ,std_all__tvn_efaar_e0.2_c150,0.28692584154676326,0.0668338471213988,0.01917635782911507,370,52,1480,5529,7009
121,openphenom,MQ,std_all__tvn_efaar_e0.2_c150,0.2553349493760927,0.046487101205856037,0.011869781633038548,370,61,1480,5721,7201
122,openphenom,MQ,std_all__tvn_efaar_e0.2_c150,0.2760171827451038,-0.016896417285166408,-0.004663701497537307,370,93,1480,5625,7105
123,openphenom,MQ,std_all__tvn_efaar_e0.2_c150,0.2903151085217575,0.0350297135147044,0.010169655080507484,370,75,1480,5721,7201
124,openphenom,MQ,std_all__tvn_efaar_e0.2_c150,0.2556122679261372,-0.018994672982770647,-0.004855271439641331,370,75,1480,5561,7041
125,openphenom,MQ,std_all__tvn_efaar_e0.2_c150,0.2664182169552677,-0.03310697676498836,-0.008820301718507676,370,61,1480,5593,7073
126,openphenom,MQ,std_all__tvn_efaar_e0.2_c150,0.2701122906198235,-0.007129233974416778,-0.001925693719194384,370,60,1480,5689,7169
127,openphenom,MQ,std_all__tvn_efaar_e0.2_c150,0.24795431555679462,0.03497868790612814,0.008673116618838732,370,82,1480,5881,7361
128,openphenom,MQ,std_all__tvn_efaar_e0.2_c150,0.27813972534176873,0.10612031756976198,0.02951627598203487,370,76,1480,5657,7137
129,openphenom,MQ,std_all__tvn_efaar_e0.2_c150,0.2987682196062881,-0.0014354210814545318,-0.0004288582008915031,370,77,1480,5689,7169
130,openphenom,MQ,std_all__tvn_efaar_e0.2_c150,0.23466314597969268,-0.010009966397204752,-0.002348970205919077,370,98,1480,5785,7265
131,openphenom,MQ,std_all__tvn_efaar_e0.2_c150,0.2660793762924428,0.012112517283536102,0.00322289104413472,370,86,1480,5753,7233
132,openphenom,MQ,std_all__tvn_efaar_e0.2_c150,0.3020589885617039,0.04049033035216467,0.01223046823270412,370,100,1480,5849,7329
133,openphenom,MQ,std_all__tvn_efaar_e0.2_c150,0.2595576438818017,0.021121040995136068,0.005482127637028462,370,120,1480,5753,7233
134,openphenom,MQ,std_all__tvn_efaar_e0.2_c150,0.25720688296369415,-0.011078635071461916,-0.0028495011942229823,370,63,1480,5337,6817
135,openphenom,MQ,std_all__tvn_efaar_e0.2_c150,0.24672613495656467,0.05441865898086877,0.013426505399869098,370,77,1480,5625,7105
136,openphenom,MQ,std_all__tvn_efaar_e0.2_c150,0.26913286600137915,0.006325537544408406,0.0017024100483259605,370,68,1480,5529,7009
137,openphenom,MQ,std_all__tvn_efaar_e0.2_c150,0.25269053178667117,-0.013956101342718855,-0.003526574669960303,370,79,1480,5529,7009
138,openphenom,MQ,std_all__tvn_efaar_e0.2_c150,0.2533996792179761,-0.023421072145303704,-0.005934892168561035,370,87,1480,5497,6977
139,openphenom,MQ,std_all__tvn_efaar_e0.2_c150,0.3003777382446485,0.003900008114305339,0.0011714756165108141,370,78,1480,5561,7041
140,openphenom,MQ,std_all__tvn_efaar_e0.2_c150,0.29270170946357177,0.04298569164096017,0.01258198542578301,370,43,1480,5625,7105
141,openphenom,MQ,std_all__tvn_efaar_e0.2_c150,0.28289400987772784,0.007645601506934951,0.002162894868224027,370,77,1480,5593,7073
142,openphenom,MQ,std_all__tvn_efaar_e0.2_c150,0.2578073124661413,-0.0135876314238262,-0.0035029907401571215,370,68,1480,5913,7393
143,openphenom,MQ,std_all__tvn_efaar_e0.2_c150,0.25818779280031806,-0.11941807544242407,-0.030832289318941337,370,79,1480,5849,7329
144,openphenom,MQ,std_all__tvn_efaar_e0.2_c150,0.2578201800004759,0.029919427235198137,0.007713832115289925,370,80,1480,5625,7105
145,openphenom,MQ,std_all__tvn_efaar_e0.2_c150,0.2793031405885924,0.001497297384340701,0.0004181998618414425,370,95,1480,5753,7233
146,openphenom,MQ,std_all__tvn_efaar_e0.2_c150,0.2798123932858794,-0.038077770456036865,-0.010654632082294028,370,69,1480,5529,7009
147,openphenom,MQ,std_all__tvn_efaar_e0.2_c150,0.26438456920344966,0.03163921681288848,0.008364920707010061,370,82,1480,5721,7201
148,openphenom,MQ,std_all__tvn_efaar_e0.2_c150,0.2727481356298541,0.04099988645800859,0.011182642592457546,370,75,1480,5657,7137
149,openphenom,MQ,std_all__tvn_efaar_e0.2_c150,0.2682979979567621,0.04192561600710024,0.011248558837808974,370,46,1480,5497,6977
150,openphenom,MQ,std_all__tvn_efaar_e0.2_c150,0.24109499022301153,0.012739178501376573,0.0030713521162385833,370,84,1480,5849,7329
151,openphenom,MQ,std_all__tvn_efaar_e0.2_c150,0.28674284330639455,0.09132093174849025,0.02618562362295129,370,98,1480,5785,7265
152,openphenom,MQ,std_all__tvn_efaar_e0.2_c150,0.2555991314127008,0.03991284405880129,0.010201688273640186,370,69,1480,5657,7137
153,openphenom,MQ,std_all__tvn_efaar_e0.2_c150,0.27570674119956723,0.022793162545595436,0.006284228567078149,370,85,1480,5753,7233
154,openphenom,MQ,std_all__tvn_efaar_e0.2_c150,0.2616443297798493,0.036514510584459314,0.00955381464911007,370,76,1480,5721,7201
155,openphenom,MQ,std_all__tvn_efaar_e0.2_c150,0.2713502572243832,0.009556751669685672,0.0025932270237987607,370,83,1480,5497,6977
156,openphenom,MQ,std_all__tvn_efaar_e0.2_c150,0.26598364658240176,0.0845418778570775,0.022486756961349476,370,63,1480,5785,7265
157,openphenom,MQ,std_all__tvn_efaar_e0.2_c150,0.28631003883233785,-0.0020438768201342873,-0.000585182451741163,370,95,1480,5593,7073
158,openphenom,MQ,std_all__tvn_efaar_e0.2_c150,0.24333846610177803,0.008823501333496043,0.00214709728013992,370,78,1480,5625,7105
159,openphenom,MQ,std_all__tvn_efaar_e0.2_c150,0.2502566372806417,-0.004294097663890418,-0.001074626441519875,370,56,1480,5849,7329
160,openphenom,MQ,std_all__tvn_efaar_e0.2_c150,0.2539892439628201,0.025556950499272982,0.006491190535305562,370,76,1480,5817,7297
161,openphenom,MQ,std_all__tvn_efaar_e0.2_c150,0.27907015969443333,-0.001032692103109602,-0.00028819355012997685,370,95,1480,5657,7137
162,openphenom,MQ,std_all__tvn_efaar_e0.2_c150,0.2734825553042026,0.0032709637123359914,0.0008945515143569677,370,108,1480,5849,7329
163,openphenom,MQ,std_all__tvn_efaar_e0.2_c150,0.2717145599109283,0.009962333721620609,0.0027069111228559444,370,75,1480,5785,7265
164,openphenom,MQ,std_all__tvn_efaar_e0.2_c150,0.26508615882166375,0.02919238890229647,0.007738498240937936,370,49,1480,5785,7265
165,openphenom,MQ,std_all__tvn_efaar_e0.2_c150,0.27982765321063546,-0.03296933374235763,-0.009225731289042154,370,83,1480,5849,7329
166,openphenom,MQ,std_all__tvn_efaar_e0.2_c150,0.2717571166184067,-0.00011263249749693724,-3.0608682757297573e-05,370,84,1480,5631,7111
167,openphenom,MQ,std_all__tvn_efaar_e0.2_c150,0.2688070047067602,0.054789833380469916,0.014727890999386584,370,49,1480,5785,7265
168,openphenom,MQ,std_all__tvn_efaar_e0.2_c150,0.2710363426858219,0.03046320187164226,0.008256634821789802,370,49,1480,5721,7201
169,openphenom,MQ,std_all__tvn_efaar_e0.2_c150,0.26111335896018717,-0.04264521266442529,-0.0111352347223796,370,53,1480,5689,7169
170,openphenom,MQ,std_all__tvn_efaar_e0.2_c150,0.25269293379973007,-0.03302498877995289,-0.008345181303509464,370,57,1480,5497,6977
171,openphenom,MQ,std_all__tvn_efaar_e0.2_c150,0.26528956906788975,0.020849778332408742,0.00553122870896574,370,78,1480,5561,7041
172,openphenom,MQ,std_all__tvn_efaar_e0.2_c150,0.26047742763780196,-0.02119357946487613,-0.005520449061448278,370,58,1480,5689,7169
173,openphenom,MQ,std_all__tvn_efaar_e0.2_c150,0.2734802496433314,0.008626987096789569,0.00235931058489981,370,61,1480,5753,7233
174,openphenom,MQ,std_all__tvn_efaar_e0.2_c150,0.2662923102911842,0.07607517578858271,0.02025823431654965,370,81,1480,5497,6977
175,openphenom,MQ,std_all__tvn_efaar_e0.2_c150,0.2768573580708718,-0.013117431271357258,-0.003631657366464208,370,81,1480,5433,6913
176,openphenom,MQ,std_all__tvn_efaar_e0.2_c150,0.2614755791484689,-0.005124377104657875,-0.001339899471215572,370,67,1480,5497,6977
177,openphenom,MQ,std_all__tvn_efaar_e0.2_c150,0.24526866232682887,0.016524133411447837,0.00405285209793587,370,74,1480,5657,7137
178,openphenom,MQ,std_all__tvn_efaar_e0.2_c150,0.2693248717813671,-0.0004465655722318097,-0.00012027121548330497,370,66,1480,5657,7137
179,openphenom,MQ,std_all__tvn_efaar_e0.2_c150,0.2607020896284997,0.001618742291342296,0.0004220094979229623,370,99,1480,5561,7041
180,openphenom,MQ,std_all__tvn_efaar_e0.2_c150,0.25589302842205364,-0.051032360241603916,-0.013058825209749231,370,79,1480,5753,7233
181,openphenom,MQ,std_all__tvn_efaar_e0.2_c150,0.26527993709910763,0.05219050325343565,0.01384509342024218,370,73,1480,5593,7073
182,openphenom,MQ,std_all__tvn_efaar_e0.2_c150,0.2526543700177433,0.05954683331691443,0.015044767658236586,370,82,1480,5657,7137
183,openphenom,MQ,std_all__tvn_efaar_e0.2_c150,0.2762658159211661,0.04622999021777078,0.012771765967539973,370,126,1480,5593,7073
184,openphenom,MQ,std_all__tvn_efaar_e0.2_c150,0.2730600567913872,0.06037836093484701,0.0164869186658402,370,69,1480,5721,7201
185,openphenom,MQ,std_all__tvn_efaar_e0.2_c150,0.24867269468618244,0.03136935630272188,0.007800702362368832,370,80,1480,5817,7297
186,openphenom,MQ,std_all__tvn_efaar_e0.2_c150,0.2793720626664804,0.006777602568939937,0.0018934728096183864,370,62,1480,5721,7201
187,openphenom,MQ,std_all__tvn_efaar_e0.2_c150,0.2639287428143037,0.0014458732753500957,0.0003816075158319503,370,77,1480,5721,7201
188,openphenom,MQ,std_all__tvn_efaar_e0.2_c150,0.2718310526113912,0.010385909254884473,0.002823212645081636,370,50,1480,5657,7137
189,openphenom,MQ,std_all__tvn_efaar_e0.2_c150,0.24832467213928514,0.07877204226983292,0.01956104157039817,370,49,1480,5753,7233
190,openphenom,MQ,std_all__tvn_efaar_e0.2_c150,0.26824989243523795,-0.012866464703618302,-0.003451427772767395,370,78,1480,5721,7201
191,openphenom,MQ,std_all__tvn_efaar_e0.2_c150,0.2745305817065413,0.03415895991068904,0.009377679134771888,370,90,1480,5465,6945
192,openphenom,MQ,std_all__tvn_efaar_e0.2_c150,0.24149154803953687,0.02129200881346017,0.005141840169233958,370,98,1480,5497,6977
193,openphenom,MQ,std_all__tvn_efaar_e0.2_c150,0.269412423672886,0.029997685062380194,0.008081749037231776,370,85,1480,5721,7201
194,openphenom,MQ,std_all__tvn_efaar_e0.2_c150,0.27666210031431776,0.04804733619611233,0.01329287694652458,370,71,1480,5689,7169
195,openphenom,MQ,std_all__tvn_efaar_e0.2_c150,0.26234529061060996,0.04232386517148493,0.011103466708177488,370,88,1480,5881,7361
196,openphenom,MQ,std_all__tvn_efaar_e0.2_c150,0.23710940301526393,-0.008095673486339234,-0.0019195603073523962,370,54,1480,5625,7105
197,openphenom,MQ,std_all__tvn_efaar_e0.2_c150,0.21808475728883087,-0.0021357254906609843,-0.00046576917526637,370,79,1480,5433,6913
198,openphenom,MQ,std_all__tvn_efaar_e0.2_c150,0.25525140234410265,-0.044086917531361215,-0.011253247524908755,370,82,1480,5753,7233
199,openphenom,MQ,std_all__tvn_efaar_e0.2_c150,0.2661494589444269,-0.040291483095964496,-0.010723556426059473,370,85,1480,5721,7201
200,openphenom,MQ,std_all__tvn_efaar_e0.2_c150,0.24917881631201316,-0.019809181807702386,-0.004936028474952746,370,51,1480,5561,7041
201,openphenom,MQ,std_all__tvn_efaar_e0.2_c150,0.27713788495773545,-0.01318778945429066,-0.003654836076630042,370,83,1480,5689,7169
202,openphenom,MQ,std_all__tvn_efaar_e0.2_c150,0.2660530990747036,0.005406818091317606,0.0014385007093282228,370,34,1480,5657,7137
203,openphenom,MQ,std_all__tvn_efaar_e0.2_c150,0.2705198043805416,0.0631050730620195,0.0170711720201573,370,71,1480,5465,6945
204,openphenom,MQ,std_all__tvn_efaar_e0.2_c150,0.2561477100225797,-0.005205987790234389,-0.0013335018508740487,370,72,1480,5561,7041
205,openphenom,MQ,std_all__tvn_efaar_e0.2_c150,0.26847838722488976,0.009675660216095807,0.0025977056501534307,370,72,1480,5721,7201
206,openphenom,MQ,std_all__tvn_efaar_e0.2_c150,0.2395294817556587,-0.03288157270099285,-0.007876106068379832,370,70,1480,5337,6817
207,openphenom,MQ,std_all__tvn_efaar_e0.2_c150,0.29376645340566127,0.02497687220147841,0.007337367163794763,370,53,1480,5657,7137
208,openphenom,MQ,std_all__tvn_efaar_e0.2_c150,0.2543291882755207,-0.012129756849095065,-0.0030849512134097858,370,60,1480,5881,7361
209,openphenom,MQ,std_all__tvn_efaar_e0.2_c150,0.2452386426071052,0.013350621876650778,0.0032740883869905603,370,54,1480,5881,7361
210,openphenom,MQ,std_all__tvn_efaar_e0.2_c150,0.24108285385132341,-0.008929825121991919,-0.002152827724803054,370,74,1480,5657,7137
211,openphenom,MQ,std_all__tvn_efaar_e0.2_c150,0.27482077300596275,-0.013529953555618703,-0.003718312294889906,370,65,1480,5817,7297
212,openphenom,MQ,std_all__tvn_efaar_e0.2_c150,0.27462345030699364,-0.022227804943747487,-0.006104276486402786,370,67,1480,5913,7393
213,openphenom,MQ,std_all__tvn_efaar_e0.2_c150,0.31245945568864936,-0.019387490230398152,-0.006057804644559214,370,67,1480,5753,7233
214,openphenom,MQ,std_all__tvn_efaar_e0.2_c150,0.28709628691574174,0.01849854242040357,0.005310862842251203,370,96,1480,5657,7137
215,openphenom,MQ,std_all__tvn_efaar_e0.2_c150,0.22011207163071678,0.047827542722102837,0.010527419509568666,370,67,1480,5401,6881
216,openphenom,MQ,std_all__tvn_efaar_e0.2_c150,0.26587340407981974,-0.00792352823670083,-0.002106655424614221,370,60,1480,5657,7137
217,openphenom,MQ,std_all__tvn_efaar_e0.2_c150,0.3250618653236794,0.006051649826076532,0.0019671605807501575,370,58,1480,5689,7169
218,openphenom,MQ,std_all__tvn_efaar_e0.2_c150,0.23066130542419266,-0.007716562667135623,-0.0017799124181890928,370,96,1480,5785,7265
219,openphenom,MQ,std_all__tvn_efaar_e0.2_c150,0.2326875766504582,0.007019484286709793,0.001633346788010472,370,77,1480,5561,7041
220,openphenom,MQ,std_all__tvn_efaar_e0.2_c150,0.27213274333209486,-0.01146021217086208,-0.0031186989772245604,370,91,1480,5849,7329
221,openphenom,MQ,std_all__tvn_efaar_e0.2_c150,0.2034639851892111,0.01548735711160134,0.0031511193979748783,370,74,1480,5945,7425
222,openphenom,MQ,std_all__tvn_efaar_e0.2_c150,0.26137491797121554,-0.01537970028389988,-0.004019867900126211,370,60,1480,5465,6945
223,openphenom,MQ,std_all__tvn_efaar_e0.2_c150,0.27385126215469996,-0.03524629987362874,-0.009652243706676273,370,61,1480,5625,7105
224,openphenom,MQ,std_all__tvn_efaar_e0.2_c150,0.264974976785509,0.01896987826166714,0.005026543052009182,370,57,1480,5625,7105
225,openphenom,MQ,std_all__tvn_efaar_e0.2_c150,0.2491415990607422,0.027698991578646814,0.0069009710542741,370,86,1480,5786,7266
226,openphenom,MQ,std_all__tvn_efaar_e0.2_c150,0.2651550090250164,-0.029965298291518772,-0.007945448938924968,370,80,1480,5561,7041
227,openphenom,MQ,std_all__tvn_efaar_e0.2_c150,0.2676396149400995,0.1054465752754844,0.028221680803482863,370,45,1480,5721,7201
228,openphenom,MQ,std_all__tvn_efaar_e0.2_c150,0.283336581201905,0.02238669129971929,0.006342968577284895,370,48,1480,5689,7169
229,openphenom,MQ,std_all__tvn_efaar_e0.2_c150,0.28405599268710097,0.049724774476866476,0.014124620175168528,370,63,1480,5721,7201
230,openphenom,MQ,std_all__tvn_efaar_e0.2_c150,0.2670666508309318,0.05024445049736103,0.013418617117170755,370,87,1480,5785,7265
231,openphenom,MQ,std_all__tvn_efaar_e0.2_c150,0.29559965765288876,-0.0013976654960328777,-0.0004131494421405736,370,45,1480,5657,7137
232,openphenom,MQ,std_all__tvn_efaar_e0.2_c150,0.2662596539913105,-0.04360447806224229,-0.011610113241324322,370,78,1480,5689,7169
233,openphenom,MQ,std_all__tvn_efaar_e0.2_c150,0.25746947243322,-0.00031276128937464073,-8.052648417282241e-05,370,75,1480,5689,7169
234,openphenom,MQ,std_all__tvn_efaar_e0.2_c150,0.26553235797352776,0.011754300419509964,0.0031211471067217073,370,76,1480,5721,7201
235,openphenom,MQ,std_all__tvn_efaar_e0.2_c150,0.27383334028891554,0.012676968684086144,0.003471376679501287,370,75,1480,5721,7201
236,openphenom,MQ,std_all__tvn_efaar_e0.2_c150,0.2840335232053147,0.008530584396469315,0.002422971941129463,370,71,1480,5689,7169
237,openphenom,MQ,std_all__tvn_efaar_e0.2_c150,0.2418588020457222,-0.009844253135172612,-0.002380919270307693,370,77,1480,5753,7233
238,openphenom,MQ,std_all__tvn_efaar_e0.2_c150,0.23676776610885625,0.003101366926007534,0.0007343037189546943,370,58,1480,5785,7265
239,openphenom,MQ,std_all__tvn_efaar_e0.2_c150,0.2929144654445151,0.05910641435420573,0.017313123764904185,370,58,1480,5657,7137
240,openphenom,MQ,std_all__tvn_efaar_e0.2_c150,0.2543610524975197,-0.008335553813278666,-0.0021202402410952755,370,61,1480,5817,7297
241,openphenom,MQ,std_all__tvn_efaar_e0.2_c150,0.27411753521502724,0.006434922321540767,0.0017639250460809162,370,86,1480,5785,7265
242,openphenom,MQ,std_all__tvn_efaar_e0.2_c150,0.24873687376562523,-0.003984895513105213,-0.0009911904522124579,370,72,1480,5753,7233
243,openphenom,MQ,std_all__tvn_efaar_e0.2_c150,0.26883738964523096,0.11412872676278814,0.030682068986441772,370,75,1480,5849,7329
244,openphenom,MQ,std_all__tvn_efaar_e0.2_c150,0.23656503476264346,0.06172496954410995,0.01460196956592548,370,76,1480,5721,7201
245,openphenom,MQ,std_all__tvn_efaar_e0.2_c150,0.2942632094964549,0.056605607193843804,0.016656947648356093,370,83,1480,5529,7009
246,openphenom,MQ,std_all__tvn_efaar_e0.2_c150,0.24522597300579513,-0.008458632386870488,-0.0020742763573686467,370,57,1480,5913,7393
247,openphenom,MQ,std_all__tvn_efaar_e0.2_c150,0.2565166705176248,-0.014449174101423686,-0.0037064540322266967,370,65,1480,5817,7297
248,openphenom,MQ,std_all__tvn_efaar_e0.2_c150,0.29719669033470963,0.0243946772585769,0.007250017343032462,370,72,1480,5721,7201
249,openphenom,MQ,std_all__tvn_efaar_e0.2_c150,0.2665174742506009,0.0049043277414819,0.00130708904255691,370,70,1480,5657,7137
250,openphenom,MQ,std_all__tvn_efaar_e0.2_c150,0.2916879901922905,0.010259901399033997,0.002992690018655296,370,81,1480,5817,7297
251,openphenom,MQ,std_all__tvn_efaar_e0.2_c150,0.2702379626813041,-0.003618839422029093,-0.0009779477926799302,370,89,1480,5401,6881
252,openphenom,MQ,std_all__tvn_efaar_e0.2_c150,0.26705623513478904,0.00034680762974870514,9.261713991670906e-05,370,56,1480,5753,7233
253,openphenom,MQ,std_all__tvn_efaar_e0.2_c150,0.2612369560860361,0.059387462509858005,0.015514199935748891,370,51,1480,5849,7329
254,openphenom,MQ,std_all__tvn_efaar_e0.2_c150,0.26549263061494643,0.015149328289500498,0.004022035019628914,370,58,1480,5625,7105
255,openphenom,MQ,std_all__tvn_efaar_e0.2_c150,0.25636769170837076,-0.03606903106818773,-0.009246934237108798,370,61,1480,5881,7361
256,openphenom,MQ,std_all__tvn_efaar_e0.2_c150,0.2638409456995232,0.050124478363238245,0.013224889774052067,370,58,1480,5721,7201
257,openphenom,MQ,std_all__tvn_efaar_e0.2_c150,0.26275982179932145,-0.004908734286417143,-0.0012898181463591879,370,69,1480,5817,7297
258,openphenom,MQ,std_all__tvn_efaar_e0.2_c150,0.28360620766505673,0.0005055942936517062,0.00014338968023965346,370,65,1480,5689,7169
259,openphenom,MQ,std_all__tvn_efaar_e0.2_c150,0.2813102455325448,0.04408078033922908,0.012400375140494706,370,77,1480,5529,7009
260,openphenom,MQ,std_all__tvn_efaar_e0.2_c150,0.27475863311619203,-0.08252467240939301,-0.02267436618956635,370,92,1480,5721,7201
261,openphenom,MQ,std_all__tvn_efaar_e0.2_c150,0.269294229936933,0.02187997636077097,0.005892151385112117,370,90,1480,5660,7140
262,openphenom,MQ,std_all__tvn_efaar_e0.2_c150,0.23717471178777463,0.03222006133150698,0.007641783760084591,370,83,1480,5721,7201
263,openphenom,MQ,std_all__tvn_efaar_e0.2_c150,0.29033070065137473,0.08039067193445841,0.023339880108566118,370,54,1480,5881,7361
264,openphenom,MQ,std_all__tvn_efaar_e0.2_c150,0.2739730244982895,-0.037277824114107995,-0.010213118219257435,370,94,1480,5593,7073
265,openphenom,MQ,std_all__tvn_efaar_e0.2_c150,0.27532468956283884,0.01219075268184325,0.003356415197665838,370,81,1480,5529,7009
266,openphenom,MQ,std_all__tvn_efaar_e0.2_c150,0.24454341595400084,0.02410033599561171,0.005893578490006054,370,47,1480,5625,7105
267,openphenom,MQ,std_all__tvn_efaar_e0.2_c150,0.27495388695467704,-0.004460247774297448,-0.0012263624623240303,370,64,1480,5721,7201
268,openphenom,MQ,std_all__tvn_efaar_e0.2_c150,0.26068620880621957,0.016451592888708972,0.004288703378980904,370,75,1480,5692,7172
269,openphenom,MQ,std_all__tvn_efaar_e0.2_c150,0.25425794609709085,0.07092970853917999,0.01803444201043719,370,80,1480,5593,7073
270,openphenom,MQ,std_all__tvn_efaar_e0.2_c150,0.3012645823765865,-0.02836610202317134,-0.00854570187966236,370,71,1480,5465,6945
271,openphenom,MQ,std_all__tvn_efaar_e0.2_c150,0.2647944117246644,0.009632749533905033,0.002550698246121418,370,79,1480,5822,7302
272,openphenom,MQ,std_all__tvn_efaar_e0.2_c150,0.2311071000843563,0.01311263155900316,0.003030422254075832,370,81,1480,5753,7233
273,openphenom,MQ,std_all__tvn_efaar_e0.2_c150,0.2992570536187517,0.07905213861240339,0.02365691008340899,370,78,1480,5721,7201
274,openphenom,MQ,std_all__tvn_efaar_e0.2_c150,0.2538669295368786,-0.025042236294599056,-0.006357395636846843,370,69,1480,5721,7201
275,openphenom,MQ,std_all__tvn_efaar_e0.2_c150,0.2515856543674598,0.09059481507642544,0.022792355833301504,370,55,1480,5693,7173
276,openphenom,MQ,std_all__tvn_efaar_e0.2_c150,0.2728858414215761,-0.024147985918562875,-0.006589643456023402,370,47,1480,5817,7297
277,openphenom,MQ,std_all__tvn_efaar_e0.2_c150,0.2672896540387107,0.00029576933156807213,7.90560823100907e-05,370,59,1480,5497,6977
278,openphenom,MQ,std_all__tvn_efaar_e0.2_c150,0.25459657808587033,-0.016379092660881164,-0.004170060943611737,370,55,1480,5657,7137
279,openphenom,MQ,std_all__tvn_efaar_e0.2_c150,0.24258974606347394,0.06598506504949363,0.01600730017433847,370,69,1480,5849,7329
280,openphenom,MQ,std_all__tvn_efaar_e0.2_c150,0.2776131457984001,0.010895731618436665,0.0030247983303692957,370,60,1480,5785,7265
281,openphenom,MQ,std_all__tvn_efaar_e0.2_c150,0.23920824642072067,0.0020309145592131038,0.0004858115103396774,370,75,1480,5753,7233
282,openphenom,MQ,std_all__tvn_efaar_e0.2_c150,0.26083030929423906,0.0023100786164122144,0.0006025385200128057,370,73,1480,5977,7457
283,openphenom,MQ,std_all__tvn_efaar_e0.2_c150,0.24111168824342002,-0.009788913120293166,-0.0023602213685020496,370,64,1480,5689,7169
284,openphenom,MQ,std_all__tvn_efaar_e0.2_c150,0.2577558029585879,0.0031227280204018776,0.0008049012683199677,370,61,1480,5561,7041
285,openphenom,MQ,std_all__tvn_efaar_e0.2_c150,0.291692201188926,-0.01131527814544991,-0.003300578389311233,370,61,1480,5593,7073
286,openphenom,MQ,std_all__tvn_efaar_e0.2_c150,0.27758741462479103,0.016026840155819087,0.004448849123458603,370,86,1480,5593,7073
287,openphenom,MQ,std_all__tvn_efaar_e0.2_c150,0.2747616966259353,0.05083568901022105,0.01396770016159675,370,58,1480,5881,7361
288,openphenom,MQ,std_all__tvn_efaar_e0.2_c150,0.2603143098346962,0.06832121720812893,0.017784990504600456,370,75,1480,5785,7265
289,openphenom,MQ,std_all__tvn_efaar_e0.2_c150,0.2709370428215534,0.0049389957696843205,0.0013381569083464318,370,97,1480,5785,7265
290,openphenom,MQ,std_all__tvn_efaar_e0.2_c150,0.2810479623821257,0.010297258277164266,0.002894023456919495,370,57,1480,5625,7105
291,openphenom,MQ,std_all__tvn_efaar_e0.2_c150,0.23933181232274345,0.004006780654124888,0.0009589500755314168,370,76,1480,5849,7329
292,openphenom,MQ,std_all__tvn_efaar_e0.2_c150,0.2830053436779149,-0.017106375295822603,-0.004841195619677669,370,74,1480,5657,7137
293,openphenom,MQ,std_all__tvn_efaar_e0.2_c150,0.2870477229088477,-0.02650062323052295,-0.007606943553986925,370,61,1480,5817,7297
294,openphenom,MQ,std_all__tvn_efaar_e0.2_c150,0.28037015146264566,0.039383540423621605,0.011041969193706017,370,72,1480,5721,7201
295,openphenom,MQ,std_all__tvn_efaar_e0.2_c150,0.2506803084280015,-0.0033160696288946413,-0.0008312733573400371,370,65,1480,5724,7204
296,openphenom,MQ,std_all__tvn_efaar_e0.2_c150,0.2708960526943809,-0.015533760374088344,-0.004208034368840922,370,82,1480,5689,7169
297,openphenom,MQ,std_all__tvn_efaar_e0.2_c150,0.251639598790457,0.03567728306312636,0.008977817195938684,370,59,1480,5369,6849
298,openphenom,MQ,std_all__tvn_efaar_e0.2_c150,0.27566106706825716,0.006680028124393295,0.0018414236808162242,370,62,1480,5689,7169
299,openphenom,MQ,std_all__tvn_efaar_e0.2_c150,0.2653083411539374,-0.017158227749563364,-0.004552220941378113,370,96,1480,5625,7105
300,openphenom,MQ,std_all__tvn_efaar_e0.2_c150,0.28422705167214035,0.07602365830757661,0.02160798025809272,370,49,1480,5625,7105
301,openphenom,MQ,std_all__tvn_efaar_e0.2_c150,0.23936309257498803,0.039419190385740294,0.009435499317533033,370,97,1480,5657,7137
302,openphenom,MQ,std_all__tvn_efaar_e0.2_c150,0.24819589294423766,0.05713959550706735,0.014181812929349131,370,118,1480,5689,7169
303,openphenom,MQ,std_all__tvn_efaar_e0.2_c150,0.2519555952729162,-0.04090965783601136,-0.010307417192483563,370,102,1480,5689,7169
304,openphenom,MQ,std_all__tvn_efaar_e0.2_c150,0.2836780566658016,0.02384288279222766,0.006763702655809624,370,57,1480,5785,7265
305,openphenom,MQ,std_all__tvn_efaar_e0.2_c150,0.24987836551272183,0.14680198511365158,0.03668264009422218,370,70,1480,5849,7329
306,openphenom,MQ,std_all__tvn_efaar_e0.2_c150,0.2498031680903298,0.0006398801341889923,0.0001598440847184756,370,74,1480,5657,7137
307,openphenom,MQ,std_all__tvn_efaar_e0.2_c150,0.29173709237710593,-0.035604985530299234,-0.010387294952738428,370,72,1480,5753,7233
308,openphenom,MQ,std_all__tvn_efaar_e0.2_c150,0.2447140390662949,0.025279035341539823,0.006186134842127826,370,75,1480,5753,7233
309,openphenom,MQ,std_all__tvn_efaar_e0.2_c150,0.24843793217702684,0.011250730817098684,0.002795108299680349,370,73,1480,5849,7329
310,openphenom,MQ,std_all__tvn_efaar_e0.2_c150,0.28152586192586593,0.019991493068497006,0.0056281223172935935,370,73,1480,5753,7233
311,openphenom,MQ,std_all__tvn_efaar_e0.2_c150,0.27998302537025166,0.10222833603440425,0.028622198801479214,370,67,1480,5724,7204
312,openphenom,MQ,std_all__tvn_efaar_e0.2_c150,0.2712077598562742,0.026539546956052422,0.007197731077551378,370,93,1480,5689,7169
313,openphenom,MQ,std_all__tvn_efaar_e0.2_c150,0.2231536238650244,0.036142791295980685,0.008065394854295352,370,100,1480,5721,7201
314,openphenom,MQ,std_all__tvn_efaar_e0.2_c150,0.2927080601457894,-0.03214558667619845,-0.009409272318238382,370,60,1480,5625,7105
315,openphenom,MQ,std_all__tvn_efaar_e0.2_c150,0.27860061977674205,0.017157067593533384,0.004779969665109857,370,52,1480,5593,7073
316,openphenom,MQ,std_all__tvn_efaar_e0.2_c150,0.29490527366629177,-0.019650039757119316,-0.005794900352126786,370,61,1480,5561,7041
317,openphenom,MQ,std_all__tvn_efaar_e0.2_c150,0.2544850346948489,0.07164485947742953,0.01823254454982123,370,92,1480,5817,7297
318,openphenom,MQ,std_all__tvn_efaar_e0.2_c150,0.26262940002838014,-0.002272214930473362,-0.0005967504439257465,370,80,1480,5657,7137
319,openphenom,MQ,std_all__tvn_efaar_e0.2_c150,0.26670484848050885,-0.017298636409777284,-0.004613630202589064,370,86,1480,5881,7361
320,openphenom,MQ,std_all__tvn_efaar_e0.2_c150,0.2551289685407107,0.024782135021711924,0.006322640546325986,370,82,1480,5529,7009
321,openphenom,MQ,std_all__tvn_efaar_e0.2_c150,0.29474350672922617,-0.0142215664876985,-0.0041917143777671,370,73,1480,5529,7009
322,openphenom,MQ,std_all__tvn_efaar_e0.2_c150,0.24685148862673756,-0.015434438150600395,-0.0038100140335930177,370,72,1480,5657,7137
323,openphenom,MQ,std_all__tvn_efaar_e0.2_c150,0.2903818380645507,0.10951753771157093,0.03180190390098971,370,92,1480,5625,7105
324,openphenom,MQ,std_all__tvn_efaar_e0.2_c150,0.2324644681460586,-0.0047402374801024,-0.0011019367846980175,370,61,1480,5721,7201
325,openphenom,MQ,std_all__tvn_efaar_e0.2_c150,0.2463626877903797,0.020023373612274183,0.004933012141750832,370,100,1480,5689,7169
326,openphenom,MQ,std_all__tvn_efaar_e0.2_c150,0.2734452788438661,-0.0348472786967663,-0.009528823840187176,370,46,1480,5663,7143
327,openphenom,MQ,std_all__tvn_efaar_e0.2_c150,0.253516631430945,0.032647802851996116,0.008276761002659654,370,79,1480,5497,6977
328,openphenom,MQ,std_all__tvn_efaar_e0.2_c150,0.23255178446408903,0.01467218105488746,0.003412041886294279,370,67,1480,5727,7207
329,openphenom,MQ,std_all__tvn_efaar_e0.2_c150,0.2754740910215198,-0.016999453220216627,-0.004682908923702023,370,113,1480,5561,7041
330,openphenom,MQ,std_all__tvn_efaar_e0.2_c150,0.3120612876952348,0.017106537377086343,0.005338288081900228,370,45,1480,5593,7073
331,openphenom,MQ,std_all__tvn_efaar_e0.2_c150,0.2763171241042222,-0.02998979558982875,-0.008286694069854966,370,95,1480,5817,7297
332,openphenom,MQ,std_all__tvn_efaar_e0.2_c150,0.2857582711107024,0.03030482013332901,0.008659853007620904,370,100,1480,5689,7169
333,openphenom,MQ,std_all__tvn_efaar_e0.2_c150,0.2516909057236123,0.0037511308948898143,0.0009441255324226417,370,92,1480,5433,6913
334,openphenom,MQ,std_all__tvn_efaar_e0.2_c150,0.27410245122418886,0.050189292487150025,0.013757008095935589,370,53,1480,5497,6977
335,openphenom,MQ,std_all__tvn_efaar_e0.2_c150,0.2756268926585383,0.033794324102819254,0.009314624541955616,370,71,1480,5593,7073
336,openphenom,MQ,std_all__tvn_efaar_e0.2_c150,0.2785018255287149,-0.011905615289175248,-0.003315735592077885,370,53,1480,5593,7073
337,openphenom,MQ,std_all__tvn_efaar_e0.2_c150,0.2583730083678155,-0.027727513645354883,-0.007164041115109996,370,95,1480,5593,7073
338,openphenom,MQ,std_all__tvn_efaar_e0.2_c150,0.2876109958665875,0.04010605261593163,0.011534941733145853,370,87,1480,5561,7041
339,openphenom,MQ,std_all__tvn_efaar_e0.2_c150,0.24752172934362016,-0.02283668193826589,-0.005652575005829789,370,86,1480,5817,7297
340,openphenom,MQ,std_all__tvn_efaar_e0.2_c150,0.3136085835217237,-0.016521593767032088,-0.005181313618800272,370,93,1480,5625,7105
341,openphenom,MQ,std_all__tvn_efaar_e0.2_c150,0.28102286383909447,0.02132696958908192,0.005993366070933077,370,52,1480,5561,7041
342,openphenom,MQ,std_all__tvn_efaar_e0.2_c150,0.25674263351492876,0.09153474959488184,0.023500872669119523,370,78,1480,5785,7265
343,openphenom,MQ,std_all__tvn_efaar_e0.2_c150,0.2671994687930557,-0.024114357658004088,-0.006443343556504447,370,71,1480,5785,7265
344,openphenom,MQ,std_all__tvn_efaar_e0.2_c150,0.267491358723375,0.04151675478828321,0.011105373148103061,370,48,1480,5561,7041
345,openphenom,MQ,std_all__tvn_efaar_e0.2_c150,0.28180370360641044,0.010134761039230286,0.002856013196021048,370,77,1480,5785,7265
346,openphenom,MQ,std_all__tvn_efaar_e0.2_c150,0.2567578306940903,0.07994720908124169,0.02052707197374649,370,62,1480,5689,7169
347,openphenom,MQ,std_all__tvn_efaar_e0.2_c150,0.28829633904508656,-0.02100266109749875,-0.006054990304613549,370,59,1480,5817,7297
348,openphenom,MQ,std_all__tvn_efaar_e0.2_c150,0.26963960481703175,-0.015104941426943052,-0.0040728904371453364,370,125,1480,5791,7271
349,openphenom,MQ,std_all__tvn_efaar_e0.2_c150,0.22167441499355328,-0.001684305134065153,-0.0003733673552645311,370,84,1480,5689,7169
350,openphenom,MQ,std_all__tvn_efaar_e0.2_c150,0.27219522068920476,-0.012053312402305307,-0.003280854029381422,370,84,1480,5497,6977
351,openphenom,MQ,std_all__tvn_efaar_e0.2_c150,0.27902620642353565,-0.01271134464773949,-0.003546798275600864,370,91,1480,5689,7169
352,openphenom,MQ,std_all__tvn_efaar_e0.2_c150,0.28132723770747353,0.08871091864876428,0.024956797697949253,370,69,1480,5433,6913
353,openphenom,MQ,std_all__tvn_efaar_e0.2_c150,0.26772412255525907,0.031100072989895217,0.00832623975262421,370,90,1480,5593,7073
354,openphenom,MQ,std_all__tvn_efaar_e0.2_c150,0.26521992214622175,0.01369447147615274,0.003632046658738884,370,67,1480,5625,7105
355,openphenom,MQ,std_all__tvn_efaar_e0.2_c150,0.28290428300785125,0.016561768613268753,0.004685395274878731,370,67,1480,5561,7041
356,openphenom,MQ,std_all__tvn_efaar_e0.2_c150,0.28227147579162165,0.0025921329109554214,0.000731685182223419,370,63,1480,5881,7361
357,openphenom,MQ,std_all__tvn_efaar_e0.2_c150,0.2334711300066602,0.06278181866981221,0.014657742148714292,370,87,1480,5497,6977
358,openphenom,MQ,std_all__tvn_efaar_e0.2_c150,0.2581270550339118,-0.03513052721116688,-0.009068139530807208,370,70,1480,5561,7041
359,openphenom,MQ,std_all__tvn_efaar_e0.2_c150,0.2639093889725215,-0.017845310832853893,-0.0047095450779231895,370,83,1480,5529,7009
360,openphenom,MQ,std_all__tvn_efaar_e0.2_c150,0.28120787219875854,0.039501353408971415,0.011108091541108029,370,63,1480,5657,7137
361,openphenom,MQ,std_all__tvn_efaar_e0.2_c150,0.2530208315272726,0.006400571844950941,0.0016194780104595364,370,55,1480,5721,7201
362,openphenom,MQ,std_all__tvn_efaar_e0.2_c150,0.27518889399803675,-0.016345485679373623,-0.004498096125967576,370,60,1480,5561,7041
363,openphenom,MQ,std_all__tvn_efaar_e0.2_c150,0.24545086286051532,-0.005706995355164035,-0.0014007869342659654,370,75,1480,5689,7169
364,openphenom,MQ,std_all__tvn_efaar_e0.2_c150,0.255023442920238,0.01648215302933761,0.004203335412279908,370,67,1480,5785,7265
365,openphenom,MQ,std_all__tvn_efaar_e0.2_c150,0.29040542853288254,-0.019016705368852197,-0.00552255447192509,370,62,1480,5753,7233
366,openphenom,MQ,std_all__tvn_efaar_e0.2_c150,0.2344249342664585,0.020437334793853443,0.004791020865630698,370,83,1480,5660,7140
367,openphenom,MQ,std_all__tvn_efaar_e0.2_c150,0.26827250276484305,0.032666638318742364,0.00876356081868294,370,79,1480,5689,7169
368,openphenom,MQ,std_all__tvn_efaar_e0.2_c150,0.26995505511544937,0.013495027449243696,0.003643050878845084,370,76,1480,5785,7265
369,openphenom,MQ,std_all__tvn_efaar_e0.2_c150,0.2700579245976775,0.019560178679482836,0.005282381258940875,370,63,1480,5721,7201
370,openphenom,MQ,std_all__tvn_efaar_e0.2_c150,0.27840266772539324,0.045142311173258585,0.012567739857925017,370,56,1480,5817,7297
371,openphenom,MQ,std_all__tvn_efaar_e0.2_c150,0.2857041454997144,0.06599467090379837,0.01885495105810458,370,63,1480,5529,7009
372,openphenom,MQ,std_all__tvn_efaar_e0.2_c150,0.29265267712121057,-0.03990446376313277,-0.011678148149367143,370,77,1480,5881,7361
373,openphenom,MQ,std_all__tvn_efaar_e0.2_c150,0.2723988042618832,0.07929098991977043,0.021598770842886496,370,74,1480,5721,7201
374,openphenom,MQ,std_all__tvn_efaar_e0.2_c150,0.2672616962969653,-0.03211082282601895,-0.008581992977973137,370,69,1480,5563,7043
375,openphenom,MQ,std_all__tvn_efaar_e0.2_c150,0.2583749876413958,-0.0038238781323354475,-0.000987994465184375,370,93,1480,5273,6753
376,openphenom,MQ,std_all__tvn_efaar_e0.2_c150,0.27320348053054266,0.05309230052000492,0.014505001291438885,370,86,1480,5593,7073
377,openphenom,MQ,std_all__tvn_efaar_e0.2_c150,0.27499029088004906,-0.011128388618722918,-0.0030601988232888426,370,79,1480,5817,7297
378,openphenom,MQ,std_all__tvn_efaar_e0.2_c150,0.2717356392110605,0.015434761403087471,0.0041941747559381785,370,97,1480,5465,6945
379,openphenom,MQ,std_all__tvn_efaar_e0.2_c150,0.2575313813982147,0.013109099532501773,0.003376004511491872,370,60,1480,5625,7105
380,openphenom,MQ,std_all__tvn_efaar_e0.2_c150,0.2635271760200322,0.0014313203503475195,0.00037719180990708495,370,58,1480,5689,7169
381,openphenom,MQ,std_all__tvn_efaar_e0.2_c150,0.22665278782245601,-0.011735897453581546,-0.00265997387545272,370,87,1480,5369,6849
382,openphenom,MQ,std_all__tvn_efaar_e0.2_c150,0.26527819390943413,-0.0040872029990883536,-0.0010842458297393811,370,65,1480,5753,7233
383,openphenom,MQ,std_all__tvn_efaar_e0.2_c150,0.26620961635494234,0.07482382199204538,0.019918820946712896,370,84,1480,6009,7489
384,openphenom,MQ,std_all__tvn_efaar_e0.2_c150,0.243734473141257,0.022920634646012537,0.0055865488095091075,370,65,1480,5561,7041
385,openphenom,MQ,std_all__tvn_efaar_e0.2_c150,0.29347156698143584,-0.02289028646663663,-0.0067176482380178065,370,97,1480,5561,7041
386,openphenom,MQ,std_all__tvn_efaar_e0.2_c150,0.2542687459573217,0.0034024840249629856,0.0008651453461671587,370,59,1480,5753,7233
387,openphenom,MQ,std_all__tvn_efaar_e0.2_c150,0.27562736866061455,-0.015164203041281113,-0.004179669382103602,370,49,1480,5721,7201
388,openphenom,MQ,std_all__tvn_efaar_e0.2_c150,0.2759611405693149,0.09719225982102647,0.026821286874719664,370,49,1480,5657,7137
389,openphenom,MQ,std_all__tvn_efaar_e0.2_c150,0.2600230161776599,-0.01493640466546143,-0.0038838089919633516,370,59,1480,5721,7201
390,openphenom,MQ,std_all__tvn_efaar_e0.2_c150,0.2813967067862112,0.04679372635343449,0.013167600494111609,370,73,1480,5753,7233
391,openphenom,MQ,std_all__tvn_efaar_e0.2_c150,0.2598759822632125,0.02789981837052835,0.007250492704006277,370,83,1480,5657,7137
392,openphenom,MQ,std_all__tvn_efaar_e0.2_c150,0.25803182961981175,-0.008746725145818002,-0.002256933492557034,370,57,1480,5945,7425
393,openphenom,MQ,std_all__tvn_efaar_e0.2_c150,0.2664740860817977,-0.03216782874555093,-0.008571892766206464,370,39,1480,5791,7271
394,openphenom,MQ,std_all__tvn_efaar_e0.2_c150,0.254050351763724,0.029849519015331654,0.007583280805822975,370,90,1480,5625,7105
395,openphenom,MQ,std_all__tvn_efaar_e0.2_c150,0.2662542069783796,0.09162678339213136,0.024396016550051698,370,47,1480,5689,7169
396,openphenom,MQ,std_all__tvn_efaar_e0.2_c150,0.2654199264204555,-0.01871665141211361,-0.004967772240640509,370,81,1480,5657,7137
397,openphenom,MQ,std_all__tvn_efaar_e0.2_c150,0.24132080804744707,0.02480283778588142,0.0059854408563586575,370,73,1480,5625,7105
398,openphenom,MQ,std_all__tvn_efaar_e0.2_c150,0.27358127254868003,0.0817806839063459,0.022373663572999466,370,87,1480,5913,7393
399,openphenom,MQ,std_all__tvn_efaar_e0.2_c150,0.2819407907354565,-0.006804787666454851,-0.0019185472154671626,370,59,1480,5625,7105
400,openphenom,MQ,std_all__tvn_efaar_e0.2_c150,0.2495077314225567,-0.019049853047617058,-0.00475308561784401,370,49,1480,5497,6977
401,openphenom,MQ,std_all__tvn_efaar_e0.2_c150,0.27619321549822007,0.08486314332747169,0.023438624432900724,370,82,1480,5497,6977
402,openphenom,MQ,std_all__tvn_efaar_e0.2_c150,0.23022266334205757,0.045300031990315896,0.010429094014290935,370,64,1480,5657,7137
403,openphenom,MQ,std_all__tvn_efaar_e0.2_c150,0.25340374779015096,-0.006073638650904471,-0.0015390827968623092,370,81,1480,5785,7265
404,openphenom,MQ,std_all__tvn_efaar_e0.2_c150,0.286551966064964,0.006311851383011321,0.0018086734233117563,370,49,1480,5817,7297
405,openphenom,MQ,std_all__tvn_efaar_e0.2_c150,0.2647442233511121,0.01787803980911948,0.004733107764305601,370,73,1480,5817,7297
406,openphenom,MQ,std_all__tvn_efaar_e0.2_c150,0.28207736466829103,0.005893562151574572,0.0016624404802249384,370,85,1480,5529,7009
407,openphenom,MQ,std_all__tvn_efaar_e0.2_c150,0.23815253672888992,0.025844598348519075,0.006154956657439097,370,82,1480,5785,7265
408,openphenom,MQ,std_all__tvn_efaar_e0.2_c150,0.28296540532330355,0.06258980687298517,0.01771075007092154,370,78,1480,5433,6913
409,openphenom,MQ,std_all__tvn_efaar_e0.2_c150,0.25419137503238043,0.021611104720568052,0.0054933564248899605,370,50,1480,5689,7169
410,openphenom,MQ,std_all__tvn_efaar_e0.2_c150,0.28881104451869566,0.014447921328930786,0.004172719250132442,370,82,1480,5561,7041
411,openphenom,MQ,std_all__tvn_efaar_e0.2_c150,0.2528338963978646,0.04346438123569607,0.01098926886234327,370,94,1480,5657,7137
412,openphenom,MQ,std_all__tvn_efaar_e0.2_c150,0.2617878389691454,-0.011807132071002627,-0.003090963589291068,370,64,1480,5753,7233
413,openphenom,MQ,std_all__tvn_efaar_e0.2_c150,0.29679595204390324,0.0645282134557831,0.019151712546301356,370,74,1480,5721,7201
414,openphenom,MQ,std_all__tvn_efaar_e0.2_c150,0.27405832525908624,0.04566644013583304,0.012515268104170722,370,80,1480,5945,7425
415,openphenom,MQ,std_all__tvn_efaar_e0.2_c150,0.2587519078780291,0.009192018862501719,0.0023784524179231506,370,82,1480,5785,7265
416,openphenom,MQ,std_all__tvn_efaar_e0.2_c150,0.3055900170170623,0.005104692088873706,0.0015599429423057791,370,64,1480,5701,7181
417,openphenom,MQ,std_all__tvn_efaar_e0.2_c150,0.25836479536966755,0.06735699377103258,0.017402675912368805,370,71,1480,5625,7105
418,openphenom,MQ,std_all__tvn_efaar_e0.2_c150,0.2473425110221882,-0.016342476121212146,-0.004042189080140763,370,74,1480,5817,7297
419,openphenom,MQ,std_all__tvn_efaar_e0.2_c150,0.2649167193891135,0.10309328737015269,0.02731113548113998,370,60,1480,5625,7105
420,openphenom,MQ,std_all__tvn_efaar_e0.2_c150,0.24714017489688428,0.00813237591948054,0.0020098368070676307,370,70,1480,5497,6977
421,openphenom,MQ,std_all__tvn_efaar_e0.2_c150,0.28430317862003784,0.03878264855735408,0.011026030260159591,370,63,1480,5657,7137
422,openphenom,MQ,std_all__tvn_efaar_e0.2_c150,0.2789560777862194,0.016145959024920678,0.004504013401688884,370,64,1480,5721,7201
423,openphenom,MQ,std_all__tvn_efaar_e0.2_c150,0.24294466435550152,0.010573538831343095,0.00256878484243051,370,74,1480,5689,7169
424,openphenom,MQ,std_all__tvn_efaar_e0.2_c150,0.2658917184500439,0.07269314918716005,0.019328506356919396,370,56,1480,5689,7169
425,openphenom,MQ,std_all__tvn_efaar_e0.2_c150,0.28375259086831256,0.035908089030813106,0.010189013295623254,370,66,1480,5721,7201
426,openphenom,MQ,std_all__tvn_efaar_e0.2_c150,0.31046065710034504,0.021896170672779627,0.006797899535052467,370,46,1480,5625,7105
427,openphenom,MQ,std_all__tvn_efaar_e0.2_c150,0.2769063635629584,-0.005785755395866751,-0.0016021124871342268,370,47,1480,5849,7329
428,openphenom,MQ,std_all__tvn_efaar_e0.2_c150,0.26722117142084356,-0.013515758764030085,-0.0036116968895656522,370,88,1480,5689,7169
429,openphenom,MQ,std_all__tvn_efaar_e0.2_c150,0.2835359249604761,0.10859759512862001,0.030791319583276567,370,59,1480,5625,7105
430,openphenom,MQ,std_all__tvn_efaar_e0.2_c150,0.27368116457316577,0.0557726996628114,0.015263937395107634,370,56,1480,5625,7105
431,openphenom,MQ,std_all__tvn_efaar_e0.2_c150,0.2643793863876253,-0.0066844633091463,-0.001767234308002694,370,78,1480,5817,7297
432,openphenom,MQ,std_all__tvn_efaar_e0.2_c150,0.23554134586024894,-0.03966115408075872,-0.009341841610552614,370,74,1480,5727,7207
433,openphenom,MQ,std_all__tvn_efaar_e0.2_c150,0.27813446971394745,-0.024555278904532764,-0.006829669476790301,370,51,1480,5657,7137
434,openphenom,MQ,std_all__tvn_efaar_e0.2_c150,0.2553174581682025,0.0010444104489706677,0.00026665622111550204,370,81,1480,5945,7425
435,openphenom,MQ,std_all__tvn_efaar_e0.2_c150,0.256576614248668,0.015315766725399802,0.00392966757102549,370,89,1480,5881,7361
436,openphenom,MQ,std_all__tvn_efaar_e0.2_c150,0.26339547966310484,-0.02014693368137657,-0.005306611260746944,370,69,1480,5689,7169
437,openphenom,MQ,std_all__tvn_efaar_e0.2_c150,0.2566198069405638,0.022116798469225967,0.005675608553316125,370,41,1480,5721,7201
438,openphenom,MQ,std_all__tvn_efaar_e0.2_c150,0.2655373845317689,0.009468864873231158,0.002514337612922541,370,77,1480,5753,7233
439,openphenom,MQ,std_all__tvn_efaar_e0.2_c150,0.24927749596033538,0.08514796855021581,0.021225472386307186,370,45,1480,5689,7169
440,openphenom,MQ,std_all__tvn_efaar_e0.2_c150,0.2847155402085873,0.03024316354750065,0.008610698647043303,370,65,1480,5721,7201
441,openphenom,MQ,std_all__tvn_efaar_e0.2_c150,0.26309880371375377,0.02878924145291489,0.007574414986088318,370,74,1480,5657,7137
442,openphenom,MQ,std_all__tvn_efaar_e0.2_c150,0.24700853832645678,0.04955959342494814,0.012241642731949918,370,63,1480,5721,7201
443,openphenom,MQ,std_all__tvn_efaar_e0.2_c150,0.3119928933582922,-0.03576796236419021,-0.011159350067534208,370,57,1480,5657,7137
444,openphenom,MQ,std_all__tvn_efaar_e0.2_c150,0.2461482403713191,-0.005091585080910732,-0.001253284708367037,370,75,1480,5785,7265
445,openphenom,MQ,std_all__tvn_efaar_e0.2_c150,0.2617497986502953,0.012362307700780919,0.0032358315515324007,370,101,1480,5785,7265
446,openphenom,MQ,std_all__tvn_efaar_e0.2_c150,0.2386359508489835,-0.024151711499736,-0.005763466638369829,370,84,1480,5785,7265
447,openphenom,MQ,std_all__tvn_efaar_e0.2_c150,0.28541347393854727,0.029437602554033333,0.008401888409368905,370,73,1480,5561,7041
448,openphenom,MQ,std_all__tvn_efaar_e0.2_c150,0.2765857396793769,0.004051411120943717,0.0011205625416314715,370,66,1480,5529,7009
449,openphenom,MQ,std_all__tvn_efaar_e0.2_c150,0.255538267415436,0.023726958956232568,0.006063145982712832,370,94,1480,5913,7393
450,openphenom,MQ,std_all__tvn_efaar_e0.2_c150,0.2842424525746412,0.019195604059050228,0.005456205576396174,370,76,1480,5625,7105
451,openphenom,MQ,std_all__tvn_efaar_e0.2_c150,0.2556292687372126,0.05365713190816346,0.013716333392219981,370,69,1480,5657,7137
452,openphenom,MQ,std_all__tvn_efaar_e0.2_c150,0.24790588564810306,-0.007087334173539443,-0.0017569918551753622,370,67,1480,5817,7297
453,openphenom,MQ,std_all__tvn_efaar_e0.2_c150,0.28131776144498827,0.0047310961795306505,0.001330941386406499,370,77,1480,5753,7233
454,openphenom,MQ,std_all__tvn_efaar_e0.2_c150,0.2681593585473235,0.016943115750373564,0.004543455051413228,370,66,1480,5689,7169
455,openphenom,MQ,std_all__tvn_efaar_e0.2_c150,0.27345837401714584,-0.03733504606209615,-0.010209580989996057,370,66,1480,5817,7297
456,openphenom,MQ,std_all__tvn_efaar_e0.2_c150,0.2677140239722192,0.007998512068824721,0.0021413138517354263,370,87,1480,5881,7361
457,openphenom,MQ,std_all__tvn_efaar_e0.2_c150,0.2503613704532381,-0.01761968289590837,-0.004411287956771098,370,74,1480,5625,7105
458,openphenom,MQ,std_all__tvn_efaar_e0.2_c150,0.25199579158557,0.03155111547607027,0.007950748319800057,370,124,1480,5465,6945
459,openphenom,MQ,std_all__tvn_efaar_e0.2_c150,0.27829385022221315,-0.02885556258099758,-0.008030325610993838,370,84,1480,5689,7169
460,openphenom,MQ,std_all__tvn_efaar_e0.2_c150,0.2508227163862579,-0.003303485914408704,-0.0008285893105957322,370,75,1480,5657,7137
461,openphenom,MQ,std_all__tvn_efaar_e0.2_c150,0.25863619590604575,0.010760082543052168,0.0027829468165700634,370,64,1480,5529,7009
462,openphenom,MQ,std_all__tvn_efaar_e0.2_c150,0.2766548263199666,0.10044210994697073,0.027787794482590174,370,86,1480,5785,7265
463,openphenom,MQ,std_all__tvn_efaar_e0.2_c150,0.2780040496458276,0.09260806874147247,0.025745418140008525,370,56,1480,5689,7169
464,openphenom,MQ,std_all__tvn_efaar_e0.2_c150,0.28945160806733045,0.01664110614104032,0.0048167949325432485,370,51,1480,5561,7041
465,openphenom,MQ,std_all__tvn_efaar_e0.2_c150,0.2737399900097204,0.039090526244842015,0.010700640263737765,370,70,1480,5721,7201
466,openphenom,MQ,std_all__tvn_efaar_e0.2_c150,0.24326871929900334,0.03717813477218502,0.009044277231955193,370,88,1480,5657,7137
467,openphenom,MQ,std_all__tvn_efaar_e0.2_c150,0.25886826840574845,-0.011198385473953557,-0.002898906656582444,370,95,1480,5785,7265
468,openphenom,MQ,std_all__tvn_efaar_e0.2_c150,0.2449097333783637,0.039250704601068685,0.009612879598760645,370,73,1480,5657,7137
469,openphenom,MQ,std_all__tvn_efaar_e0.2_c150,0.2759765564227144,0.020990803099724564,0.005792969556009225,370,68,1480,5817,7297
470,openphenom,MQ,std_all__tvn_efaar_e0.2_c150,0.2486933532989347,0.019179023007716404,0.004769695544786412,370,79,1480,5561,7041
471,openphenom,MQ,std_all__tvn_efaar_e0.2_c150,0.2381628670632307,0.004180282024258578,0.0009955879520303088,370,72,1480,5881,7361
472,openphenom,MQ,std_all__tvn_efaar_e0.2_c150,0.2668841357002323,0.013085235801021299,0.0034922418471893058,370,100,1480,5753,7233
473,openphenom,MQ,std_all__tvn_efaar_e0.2_c150,0.23873886978050146,0.044590823432959795,0.01064556278896672,370,82,1480,5721,7201
474,openphenom,MQ,std_all__tvn_efaar_e0.2_c150,0.26545744901164975,-5.330660979360533e-05,-1.4150636651269896e-05,370,65,1480,5881,7361
475,openphenom,MQ,std_all__tvn_efaar_e0.2_c150,0.2557651048364108,-0.02944478552332725,-0.007530948656259425,370,90,1480,5337,6817
476,openphenom,MQ,std_all__tvn_efaar_e0.2_c150,0.2638560145926459,-0.01003083772749227,-0.0026466968658016635,370,95,1480,5657,7137
477,openphenom,MQ,std_all__tvn_efaar_e0.2_c150,0.25149569931520316,0.012952862980142482,0.00325758933332494,370,80,1480,5660,7140
478,openphenom,MQ,std_all__tvn_efaar_e0.2_c150,0.28051418714212784,0.011573040122881004,0.003246401942833196,370,50,1480,5817,7297
479,openphenom,MQ,std_all__tvn_efaar_e0.2_c150,0.26942339476088495,0.03636393718520882,0.009797295403310539,370,53,1480,5753,7233
480,openphenom,MQ,std_all__tvn_efaar_e0.2_c150,0.267327078882366,0.06436809525050655,0.01720733487653981,370,63,1480,5721,7201
481,openphenom,MQ,std_all__tvn_efaar_e0.2_c150,0.25357092347189386,0.012297806751368533,0.0031183662146234098,370,83,1480,5689,7169
482,openphenom,MQ,std_all__tvn_efaar_e0.2_c150,0.2892896267483056,0.011764775704128348,0.003403427572224824,370,68,1480,5785,7265
483,openphenom,MQ,std_all__tvn_efaar_e0.2_c150,0.2887430104864209,-0.006176384735450005,-0.001783387922436211,370,61,1480,5753,7233
484,openphenom,MQ,std_all__tvn_efaar_e0.2_c150,0.2854737066637248,0.0754904223704203,0.02155053069169405,370,49,1480,5561,7041
485,openphenom,MQ,std_all__tvn_efaar_e0.2_c150,0.2523950250968816,0.031569941726518426,0.007968096234371709,370,75,1480,5433,6913
486,openphenom,MQ,std_all__tvn_efaar_e0.2_c150,0.27916579197820435,0.012968736700995798,0.003620427652090297,370,84,1480,5657,7137
487,openphenom,MQ,std_all__tvn_efaar_e0.2_c150,0.2546359593225262,-0.04841549451261093,-0.012328325891293186,370,40,1480,5529,7009
488,openphenom,MQ,std_all__tvn_efaar_e0.2_c150,0.24948474575892574,0.015401455785361558,0.0038424282809282643,370,77,1480,5625,7105
489,openphenom,MQ,std_all__tvn_efaar_e0.2_c150,0.2868026329038302,0.05908438087735421,0.016945555999117904,370,57,1480,5849,7329
490,openphenom,MQ,std_all__tvn_efaar_e0.2_c150,0.29936137302375593,0.04526799164430449,0.013551488132666904,370,68,1480,5913,7393
491,openphenom,MQ,std_all__tvn_efaar_e0.2_c150,0.2765116675617225,-0.004048400338115227,-0.0011194299284496827,370,75,1480,5913,7393
492,openphenom,MQ,std_all__tvn_efaar_e0.2_c150,0.24653781318859058,-0.012011981545383197,-0.00296140766226048,370,85,1480,5561,7041
493,openphenom,MQ,std_all__tvn_efaar_e0.2_c150,0.26101152318261617,-0.05268676290303897,-0.013751852236883556,370,112,1480,5529,7009
494,openphenom,MQ,std_all__tvn_efaar_e0.2_c150,0.26786329082304383,0.008648663891175742,0.0023166595711127656,370,68,1480,5689,7169
495,openphenom,MQ,std_all__tvn_efaar_e0.2_c150,0.2824871408299127,0.08751112963883445,0.024720768802470178,370,65,1480,5369,6849
496,openphenom,MQ,std_all__tvn_efaar_e0.2_c150,0.25518384574139164,0.016777666258965398,0.004281389398528377,370,81,1480,5657,7137
497,openphenom,MQ,std_all__tvn_efaar_e0.2_c150,0.25723547457471174,0.022699770013889287,0.005839186112259621,370,98,1480,5753,7233
498,openphenom,MQ,std_all__tvn_efaar_e0.2_c150,0.28094416922161103,0.0243486697560728,0.00684061679627124,370,84,1480,5945,7425
499,openphenom,MQ,std_all__tvn_efaar_e0.2_c150,0.2823877759305799,0.05269798794303738,0.01488126761125084,370,65,1480,5817,7297
500,openphenom,MQ,std_all__tvn_efaar_e0.2_c150,0.24960461498358683,-0.05169873480890942,-0.012904242797116395,370,72,1480,5753,7233
501,openphenom,MQ,std_all__tvn_efaar_e0.2_c150,0.2527114050640553,0.0068132300409608475,0.001721780936675847,370,83,1480,5593,7073
502,openphenom,MQ,std_all__tvn_efaar_e0.2_c150,0.2845667273486494,0.08189839138643329,0.023305557211956138,370,84,1480,5817,7297
503,openphenom,MQ,std_all__tvn_efaar_e0.2_c150,0.26769704467925515,-0.054803975633988526,-0.014670862313892637,370,83,1480,5785,7265
504,openphenom,MQ,std_all__tvn_efaar_e0.2_c150,0.28638349025744936,0.06601607002949422,0.018905912548126753,370,71,1480,5721,7201
505,openphenom,MQ,std_all__tvn_efaar_e0.2_c150,0.2518063305370021,0.004536656363863277,0.0011423587918917503,370,62,1480,5625,7105
506,openphenom,MQ,std_all__tvn_efaar_e0.2_c150,0.28329793303303064,0.04276650507931066,0.012115662492015315,370,88,1480,5657,7137
507,openphenom,MQ,std_all__tvn_efaar_e0.2_c150,0.2772750454917427,-0.024806175174084625,-0.006878133349870453,370,83,1480,5657,7137
508,openphenom,MQ,std_all__tvn_efaar_e0.2_c150,0.27110103586829315,0.04024962243849351,0.010911714336383287,370,81,1480,5881,7361
509,openphenom,MQ,std_all__tvn_efaar_e0.2_c150,0.2712969037849594,0.017589611666004618,0.004772007183766854,370,61,1480,5593,7073
510,openphenom,MQ,std_all__tvn_efaar_e0.2_c150,0.2634179184700647,0.012874062638090534,0.003391258782379038,370,79,1480,5433,6913
511,openphenom,MQ,std_all__tvn_efaar_e0.2_c150,0.268185543153307,0.0029317581822416137,0.0007862551604986192,370,73,1480,5593,7073
512,openphenom,MQ,std_all__tvn_efaar_e0.2_c150,0.2576291803979458,0.0017695135376005736,0.0004558783223951054,370,71,1480,5753,7233
513,openphenom,MQ,std_all__tvn_efaar_e0.2_c150,0.27805044271832136,-0.017178016502007794,-0.004776355093405897,370,73,1480,5497,6977
514,openphenom,MQ,std_all__tvn_efaar_e0.2_c150,0.2883687538085101,0.10367467817840816,0.029896537747805898,370,61,1480,5945,7425
515,openphenom,MQ,std_all__tvn_efaar_e0.2_c150,0.30680690121141807,0.008092624034251332,0.002482872902617696,370,61,1480,5497,6977
516,openphenom,MQ,std_all__tvn_efaar_e0.2_c150,0.26747767798709515,0.005982645025924601,0.0016002239997553569,370,47,1480,5657,7137
517,openphenom,MQ,std_all__tvn_efaar_e0.2_c150,0.2659953044737086,0.043336334461406105,0.011527261479836189,370,82,1480,5753,7233
518,openphenom,MQ,std_all__tvn_efaar_e0.2_c150,0.26408003152430204,0.0023695240045026105,0.0006257439738066398,370,72,1480,5785,7265
519,openphenom,MQ,std_all__tvn_efaar_e0.2_c150,0.27868362203650016,-0.00454090794047016,-0.0012654766721845285,370,86,1480,5881,7361
520,openphenom,MQ,std_all__tvn_efaar_e0.2_c150,0.24372688605318307,-0.018070740245894574,-0.004404325248807816,370,75,1480,5753,7233
521,openphenom,MQ,std_all__tvn_efaar_e0.2_c150,0.2750774774137446,0.02303684105098978,0.006336916123887666,370,66,1480,5849,7329
522,openphenom,MQ,std_all__tvn_efaar_e0.2_c150,0.2475088985658913,0.024721747315929684,0.006118852448790036,370,87,1480,5529,7009
523,openphenom,MQ,std_all__tvn_efaar_e0.2_c150,0.2727179934109467,0.009322732510755919,0.0025424769034403513,370,63,1480,5433,6913
524,openphenom,MQ,std_all__tvn_efaar_e0.2_c150,0.2706442514707921,-0.023934022361270978,-0.006477605566651383,370,84,1480,5817,7297
525,openphenom,MQ,std_all__tvn_efaar_e0.2_c150,0.2857231532615606,-0.05682918309339912,-0.016237413390724566,370,69,1480,5657,7137
526,openphenom,MQ,std_all__tvn_efaar_e0.2_c150,0.27030157445153286,-0.0308106380138536,-0.008328163965000877,370,55,1480,5913,7393
527,openphenom,MQ,std_all__tvn_efaar_e0.2_c150,0.27561070344782246,0.0056607648700866585,0.0015601673878973053,370,51,1480,5721,7201
528,openphenom,MQ,std_all__tvn_efaar_e0.2_c150,0.2500078056521166,-0.01714864275699046,-0.004287294545587248,370,88,1480,5913,7393
529,openphenom,MQ,std_all__tvn_efaar_e0.2_c150,0.2603212559327872,0.013751347355598367,0.003579768014377379,370,56,1480,5401,6881
530,openphenom,MQ,std_all__tvn_efaar_e0.2_c150,0.27478622525476476,0.009307794338643113,0.0025576536717634105,370,80,1480,5657,7137
531,openphenom,MQ,std_all__tvn_efaar_e0.2_c150,0.2736576587394686,0.03770481892868734,0.010318212471220178,370,64,1480,5689,7169
532,openphenom,MQ,std_all__tvn_efaar_e0.2_c150,0.2735268130038387,0.01845934527788595,0.005049125883997602,370,61,1480,5657,7137
533,openphenom,MQ,std_all__tvn_efaar_e0.2_c150,0.26766318496748503,0.04551155575964885,0.0121817679674529,370,61,1480,5689,7169
534,openphenom,MQ,std_all__tvn_efaar_e0.2_c150,0.26224896819277627,0.017353467039091037,0.004550928825568977,370,74,1480,5689,7169
535,openphenom,MQ,std_all__tvn_efaar_e0.2_c150,0.2412617326642559,0.011157991172559233,0.0026919962833441132,370,89,1480,5433,6913
536,openphenom,MQ,std_all__tvn_efaar_e0.2_c150,0.25456138599635175,0.021875957042693912,0.005568773944784815,370,90,1480,5593,7073
537,openphenom,MQ,std_all__tvn_efaar_e0.2_c150,0.2588772029745173,-0.001115267134398647,-0.0002887172363225268,370,96,1480,5785,7265
538,openphenom,MQ,std_all__tvn_efaar_e0.2_c150,0.26844632286292197,-0.005830007344068985,-0.001565044033779149,370,92,1480,5561,7041
539,openphenom,MQ,std_all__tvn_efaar_e0.2_c150,0.2877433992184209,-0.00646750447496084,-0.0018609817220855808,370,68,1480,5721,7201
540,openphenom,MQ,std_all__tvn_efaar_e0.2_c150,0.28222091322514187,0.049244393484586174,0.013897797700438136,370,53,1480,5785,7265
541,openphenom,MQ,std_all__tvn_efaar_e0.2_c150,0.2505950891953583,0.0029070952238276064,0.000728503786914479,370,63,1480,5849,7329
542,openphenom,MQ,std_all__tvn_efaar_e0.2_c150,0.2710984124849699,-0.007045413845348046,-0.0019100005087734826,370,72,1480,5593,7073
543,openphenom,MQ,std_all__tvn_efaar_e0.2_c150,0.2564347432674484,-0.011715518735566706,-0.00300426603920003,370,64,1480,5433,6913
544,openphenom,MQ,std_all__tvn_efaar_e0.2_c150,0.2638632132706759,0.01167524737727127,0.0030806682886968285,370,50,1480,5817,7297
545,openphenom,MQ,std_all__tvn_efaar_e0.2_c150,0.27770099705950724,-0.001510644234406411,-0.0004195074100968563,370,53,1480,5753,7233
546,openphenom,MQ,std_all__tvn_efaar_e0.2_c150,0.2562668160836981,0.07189480348029131,0.018424252380857434,370,85,1480,5785,7265
547,openphenom,MQ,std_all__tvn_efaar_e0.2_c150,0.2700318154823937,0.031190242434153345,0.008422357789830422,370,79,1480,5785,7265
548,openphenom,MQ,std_all__tvn_efaar_e0.2_c150,0.2505404997996329,0.00903522405248427,0.0022636895499110734,370,84,1480,5786,7266
549,openphenom,MQ,std_all__tvn_efaar_e0.2_c150,0.23578884416806867,-0.020067458840192714,-0.004731682925319332,370,82,1480,5881,7361
550,openphenom,MQ,std_all__tvn_efaar_e0.2_c150,0.2765481024770433,0.012222397072173392,0.0033800807180305215,370,77,1480,5561,7041
551,openphenom,MQ,std_all__tvn_efaar_e0.2_c150,0.2667955764009301,0.04842549850741521,0.012919708786788222,370,56,1480,5529,7009
552,openphenom,MQ,std_all__tvn_efaar_e0.2_c150,0.24688380313711192,0.04223474452973789,0.010427074354026023,370,78,1480,5785,7265
553,openphenom,MQ,std_all__tvn_efaar_e0.2_c150,0.2655039858322955,-0.0008349980033812497,-0.00022169529805973035,370,89,1480,5753,7233
554,openphenom,MQ,std_all__tvn_efaar_e0.2_c150,0.2878632013500213,0.03999050050866959,0.011511793500015284,370,47,1480,5657,7137
555,openphenom,MQ,std_all__tvn_efaar_e0.2_c150,0.2721288295131337,0.010532368862149819,0.002866161210457406,370,53,1480,5593,7073
556,openphenom,MQ,std_all__tvn_efaar_e0.2_c150,0.2688824702071296,0.007575438914604903,0.002036902728262183,370,71,1480,5561,7041
557,openphenom,MQ,std_all__tvn_efaar_e0.2_c150,0.2668109741610421,0.05447244747264305,0.014533846775112089,370,60,1480,5465,6945
558,openphenom,MQ,std_all__tvn_efaar_e0.2_c150,0.2903352234972147,0.05874627298679878,0.017056112297250608,370,90,1480,5785,7265
559,openphenom,MQ,std_all__tvn_efaar_e0.2_c150,0.2852465884406709,-0.003014451733719963,-0.0008598620730626851,370,79,1480,5753,7233
560,openphenom,MQ,std_all__tvn_efaar_e0.2_c150,0.279960158707936,0.026526066327059578,0.007426241738820836,370,56,1480,5785,7265
561,openphenom,MQ,std_all__tvn_efaar_e0.2_c150,0.258779183954586,0.015868277854586322,0.004106379993974477,370,78,1480,5465,6945
562,openphenom,MQ,std_all__tvn_efaar_e0.2_c150,0.2909252247627311,-0.029164153714587082,-0.008484587974431086,370,67,1480,5785,7265
563,openphenom,MQ,std_all__tvn_efaar_e0.2_c150,0.2687811796106235,0.04701018535001919,0.012635453072092209,370,87,1480,5913,7393
564,openphenom,MQ,std_all__tvn_efaar_e0.2_c150,0.24478498923588504,-0.0013630710245702256,-0.0003336593260771695,370,75,1480,5657,7137
565,openphenom,MQ,std_all__tvn_efaar_e0.2_c150,0.22012826561652354,-0.024565876004354815,-0.0054076436781891985,370,78,1480,5625,7105
566,openphenom,MQ,std_all__tvn_efaar_e0.2_c150,0.28399177963297473,0.017181756180380068,0.004879477514885998,370,75,1480,5721,7201
567,openphenom,MQ,std_all__tvn_efaar_e0.2_c150,0.24263015982860464,0.0013795334822751253,0.00033471642929332516,370,66,1480,5657,7137
568,openphenom,MQ,std_all__tvn_efaar_e0.2_c150,0.2545729486999939,0.0012157101146571213,0.00030948690865267105,370,74,1480,5849,7329
569,openphenom,MQ,std_all__tvn_efaar_e0.2_c150,0.25243172436826017,0.010737803660158095,0.0027105622938615234,370,104,1480,5881,7361
570,openphenom,MQ,std_all__tvn_efaar_e0.2_c150,0.2661280542323198,0.020766865633189486,0.005526645543464749,370,68,1480,5433,6913
571,openphenom,MQ,std_all__tvn_efaar_e0.2_c150,0.26366113587235174,0.10684328706296772,0.028170422427357813,370,88,1480,5657,7137
572,openphenom,MQ,std_all__tvn_efaar_e0.2_c150,0.26921545693897436,0.03761218646453461,0.010125781965523592,370,55,1480,5817,7297
573,openphenom,MQ,std_all__tvn_efaar_e0.2_c150,0.2695396481325284,-0.013713108722777244,-0.0036962264999404843,370,52,1480,5753,7233
574,openphenom,MQ,std_all__tvn_efaar_e0.2_c150,0.25951343648466196,-0.0021334337002703557,-0.0005536547110693483,370,72,1480,5657,7137
575,openphenom,MQ,std_all__tvn_efaar_e0.2_c150,0.2561942328794241,-0.021818705002871166,-0.005589826390633031,370,74,1480,5881,7361
576,openphenom,MQ,std_all__tvn_efaar_e0.2_c150,0.2533736877484977,-0.014488449800647825,-0.003670991955749126,370,119,1480,5721,7201
577,openphenom,MQ,std_all__tvn_efaar_e0.2_c150,0.30083375771946924,-0.022643924991995683,-0.006812057044859864,370,52,1480,5657,7137
578,openphenom,MQ,std_all__tvn_efaar_e0.2_c150,0.2529117222148311,0.022133263773857548,0.005597761859281444,370,57,1480,5785,7265
579,openphenom,MQ,std_all__tvn_efaar_e0.2_c150,0.2484080859912002,-0.014684972677261621,-0.0036478659555916303,370,79,1480,5497,6977
580,openphenom,MQ,std_all__tvn_efaar_e0.2_c150,0.27691155462279043,0.005364580442786334,0.0014855143103109814,370,53,1480,5657,7137
581,openphenom,MQ,std_all__tvn_efaar_e0.2_c150,0.2624762047900826,0.02376491674677383,0.006237725154845472,370,76,1480,5753,7233
582,openphenom,MQ,std_all__tvn_efaar_e0.2_c150,0.287458959711693,0.016009839126902625,0.004602171700570988,370,63,1480,5913,7393
583,openphenom,MQ,std_all__tvn_efaar_e0.2_c150,0.2580818772733531,0.055983468608923406,0.014448318674864786,370,49,1480,5721,7201
584,openphenom,MQ,std_all__tvn_efaar_e0.2_c150,0.2903743191468073,0.02812932976432211,0.008168034978371054,370,86,1480,5945,7425
585,openphenom,MQ,std_all__tvn_efaar_e0.2_c150,0.28264004795147035,0.026665041004077978,0.007536608468020523,370,59,1480,5785,7265
586,openphenom,MQ,std_all__tvn_efaar_e0.2_c150,0.2615516040990847,-0.008479469983024287,-0.0022178189759700408,370,57,1480,5721,7201
587,openphenom,MQ,std_all__tvn_efaar_e0.2_c150,0.27515855888845464,0.0061121955144427895,0.0016818229093985546,370,76,1480,5785,7265
588,openphenom,MQ,std_all__tvn_efaar_e0.2_c150,0.25483982493524016,0.0747652958103664,0.019053174895545217,370,96,1480,5817,7297
589,openphenom,MQ,std_all__tvn_efaar_e0.2_c150,0.2804027774589867,-0.00596946370148013,-0.0016738542018356318,370,67,1480,5849,7329
590,openphenom,MQ,std_all__tvn_efaar_e0.2_c150,0.28153350371986235,0.014996542486497918,0.004222029149907536,370,80,1480,5849,7329
591,openphenom,MQ,std_all__tvn_efaar_e0.2_c150,0.26490654000192804,0.031167357582285404,0.008256436858126083,370,85,1480,5785,7265
592,openphenom,MQ,std_all__tvn_efaar_e0.2_c150,0.2528314786057187,-0.025116414317933853,-0.0063502201692770596,370,56,1480,5817,7297
593,openphenom,MQ,std_all__tvn_efaar_e0.2_c150,0.2683675277523142,0.018207124824422712,0.004886201076608111,370,50,1480,5689,7169
594,openphenom,MQ,std_all__tvn_efaar_e0.2_c150,0.25359157440176755,-0.016077140078654538,-0.004077027264423761,370,75,1480,5657,7137
595,openphenom,MQ,std_all__tvn_efaar_e0.2_c150,0.29490059036535704,-0.03717769470610564,-0.010963724117253564,370,51,1480,5721,7201
596,openphenom,MQ,std_all__tvn_efaar_e0.2_c150,0.2510886123436427,0.015269557275511172,0.003834011947409874,370,66,1480,5785,7265
597,openphenom,MQ,std_all__tvn_efaar_e0.2_c150,0.2678211429566817,0.03215347512970511,0.00861138045926686,370,89,1480,5625,7105
598,openphenom,MQ,std_all__tvn_efaar_e0.2_c150,0.2516820565501306,0.05542481396223098,0.013949431161922685,370,48,1480,5913,7393
599,openphenom,MQ,std_all__tvn_efaar_e0.2_c150,0.27845085516510076,0.0663816186504584,0.018484018480463743,370,63,1480,5721,7201
600,openphenom,MQ,std_all__tvn_efaar_e0.2_c150,0.2734977300369386,0.01724387547896105,0.004716160800535475,370,77,1480,5849,7329
601,openphenom,MQ,std_all__tvn_efaar_e0.2_c150,0.27845871046950144,0.06431449531184542,0.017908931429033274,370,45,1480,5785,7265
602,openphenom,MQ,std_all__tvn_efaar_e0.2_c150,0.2866383673853714,0.07009471872281132,0.020091835737043463,370,95,1480,5721,7201
603,openphenom,MQ,std_all__tvn_efaar_e0.2_c150,0.2922581148346216,0.06496452369627725,0.018986409226603093,370,60,1480,5625,7105
604,openphenom,MQ,std_all__tvn_efaar_e0.2_c150,0.2655238660811672,-0.013090182068704194,-0.0034757557505887085,370,66,1480,5369,6849
605,openphenom,MQ,std_all__tvn_efaar_e0.2_c150,0.2696252103966055,0.00012183836868211867,3.2850695790295435e-05,370,44,1480,5689,7169
606,openphenom,MQ,std_all__tvn_efaar_e0.2_c150,0.27008247783049005,0.007410700019874156,0.002001500223826074,370,92,1480,5561,7041
607,openphenom,MQ,std_all__tvn_efaar_e0.2_c150,0.2701199583431869,0.02147685229687728,0.005801326447775269,370,96,1480,5721,7201
608,openphenom,MQ,std_all__tvn_efaar_e0.2_c150,0.2742139214763063,0.0681042268550931,0.018675127115047048,370,103,1480,5689,7169
609,openphenom,MQ,std_all__tvn_efaar_e0.2_c150,0.27186727689368884,-0.022275000663506624,-0.006055843773192658,370,57,1480,5663,7143
610,openphenom,MQ,std_all__tvn_efaar_e0.2_c150,0.22404107001865528,0.012268900346233642,0.0027487375615224355,370,49,1480,5753,7233
611,openphenom,MQ,std_all__tvn_efaar_e0.2_c150,0.2779257731393809,0.004551138683632252,0.0012648787373130378,370,66,1480,5561,7041
612,openphenom,MQ,std_all__tvn_efaar_e0.2_c150,0.2767035633246145,0.03161337055482624,0.008747532281221866,370,61,1480,5529,7009
613,openphenom,MQ,std_all__tvn_efaar_e0.2_c150,0.29055899747688496,0.001509918194715925,0.00043872031692876717,370,69,1480,5721,7201
614,openphenom,MQ,std_all__tvn_efaar_e0.2_c150,0.27201547105267493,0.007096878256473288,0.0019304606819380678,370,84,1480,5593,7073
615,openphenom,MQ,std_all__tvn_efaar_e0.2_c150,0.2684914526726506,0.012387227666714252,0.003325864750822958,370,56,1480,5689,7169
616,openphenom,MQ,std_all__tvn_efaar_e0.2_c150,0.2656113907422046,0.06638168120950431,0.01763173066586211,370,68,1480,5625,7105
617,openphenom,MQ,std_all__tvn_efaar_e0.2_c150,0.254578074124181,0.011078256478741494,0.0028202811990117403,370,82,1480,5849,7329
618,openphenom,MQ,std_all__tvn_efaar_e0.2_c150,0.2737258894733071,0.00502867078157777,0.0013764773825558057,370,63,1480,5823,7303
619,openphenom,MQ,std_all__tvn_efaar_e0.2_c150,0.29530923496031936,-0.013437928099175376,-0.003968344266419259,370,58,1480,5593,7073
620,openphenom,MQ,std_all__tvn_efaar_e0.2_c150,0.25803616522957173,-0.0032656774624705664,-0.0008426628892925437,370,71,1480,5657,7137
621,openphenom,MQ,std_all__tvn_efaar_e0.2_c150,0.2782244698598105,0.07482860348780479,0.02081914853574445,370,67,1480,5561,7041
622,openphenom,MQ,std_all__tvn_efaar_e0.2_c150,0.27315382052550496,0.001132251352613058,0.00030927878276142747,370,68,1480,5657,7137
623,openphenom,MQ,std_all__tvn_efaar_e0.2_c150,0.25761911953323835,0.010457666264617195,0.0026940947754631314,370,96,1480,5753,7233
624,openphenom,MQ,std_all__tvn_efaar_e0.2_c150,0.24399111786731847,0.027476095010496963,0.0067039231362398055,370,86,1480,5593,7073
625,openphenom,MQ,std_all__tvn_efaar_e0.2_c150,0.31367346959483733,-0.008407735219234623,-0.0026372834776520345,370,43,1480,5433,6913
626,openphenom,MQ,std_all__tvn_efaar_e0.2_c150,0.2762335531051683,0.02008927210926723,0.005549331014039445,370,80,1480,5881,7361
627,openphenom,MQ,std_all__tvn_efaar_e0.2_c150,0.27830117504558405,0.016530629000806377,0.0046004934751670236,370,83,1480,5657,7137
628,openphenom,MQ,std_all__tvn_efaar_e0.2_c150,0.2827059218396684,0.03264276803531105,0.009228303828821071,370,69,1480,5753,7233
629,openphenom,MQ,std_all__tvn_efaar_e0.2_c150,0.258326163684451,-0.029943049970438108,-0.00773507322787509,370,61,1480,5529,7009
630,openphenom,MQ,std_all__tvn_efaar_e0.2_c150,0.2609484195307943,0.008726212617446908,0.002277091391012446,370,72,1480,5593,7073
631,openphenom,MQ,std_all__tvn_efaar_e0.2_c150,0.21791408959157987,0.04680811856132103,0.010200148541785003,370,75,1480,5561,7041
632,openphenom,MQ,std_all__tvn_efaar_e0.2_c150,0.2901030960776387,-0.03018161503754906,-0.0087557799670164,370,74,1480,5657,7137
633,openphenom,MQ,std_all__tvn_efaar_e0.2_c150,0.25390603078365037,0.02399251936797865,0.006091845361223315,370,75,1480,5625,7105
634,openphenom,MQ,std_all__tvn_efaar_e0.2_c150,0.2596156263315967,-0.022835839510309458,-0.005928540777276812,370,68,1480,5529,7009
635,openphenom,MQ,std_all__tvn_efaar_e0.2_c150,0.26472376247779367,0.042449484947717775,0.011237387370604318,370,80,1480,5657,7137
636,openphenom,MQ,std_all__tvn_efaar_e0.2_c150,0.3144528889719617,-0.009774450218300944,-0.0030736041092573538,370,86,1480,5753,7233
637,openphenom,MQ,std_all__tvn_efaar_e0.2_c150,0.272841298729949,0.059023392860592244,0.016104019163531987,370,74,1480,5561,7041
638,openphenom,MQ,std_all__tvn_efaar_e0.2_c150,0.2928146044409267,-0.03286068363012404,-0.009622088078813207,370,94,1480,5721,7201
639,openphenom,MQ,std_all__tvn_efaar_e0.2_c150,0.277034041099739,-0.003197969673600695,-0.0008859464619920138,370,69,1480,5753,7233
640,openphenom,MQ,std_all__tvn_efaar_e0.2_c150,0.25380114408992377,-0.028802432305053565,-0.007310090271595175,370,99,1480,5689,7169
641,openphenom,MQ,std_all__tvn_efaar_e0.2_c150,0.25384760407543,-0.013056038820199876,-0.0033142441732235423,370,74,1480,5849,7329
642,openphenom,MQ,std_all__tvn_efaar_e0.2_c150,0.25669490001137274,0.05993469674516426,0.015384930988211887,370,63,1480,5497,6977
643,openphenom,MQ,std_all__tvn_efaar_e0.2_c150,0.2714811658621046,0.011828698424087247,0.003211268838802445,370,68,1480,5625,7105
644,openphenom,MQ,std_all__tvn_efaar_e0.2_c150,0.238509835312246,0.048978969825507986,0.011681966026845377,370,74,1480,5753,7233
645,openphenom,MQ,std_all__tvn_efaar_e0.2_c150,0.22478545343385392,0.01914665284249283,0.004303889040940339,370,88,1480,5721,7201
646,openphenom,MQ,std_all__tvn_efaar_e0.2_c150,0.24903119484620545,0.04313498124800862,0.010741955919860253,370,50,1480,5817,7297
647,openphenom,MQ,std_all__tvn_efaar_e0.2_c150,0.3047407409458969,0.08515709704994515,0.025950836851801936,370,81,1480,5625,7105
648,openphenom,MQ,std_all__tvn_efaar_e0.2_c150,0.2543466015682671,0.04327291531963829,0.011006318951501401,370,74,1480,5593,7073
649,openphenom,MQ,std_all__tvn_efaar_e0.2_c150,0.2556964188257564,0.022031153838501908,0.005633287139104254,370,83,1480,5785,7265
650,openphenom,MQ,std_all__tvn_efaar_e0.2_c150,0.245823542250592,0.040938058124837085,0.010063538461108081,370,74,1480,5721,7201
651,openphenom,MQ,std_all__tvn_efaar_e0.2_c150,0.25876041422662793,-0.026846718280451345,-0.0069468679428751744,370,104,1480,5881,7361
652,openphenom,MQ,std_all__tvn_efaar_e0.2_c150,0.2390165492278035,0.014571259787189823,0.00348277223223597,370,82,1480,5497,6977
653,openphenom,MQ,std_all__tvn_efaar_e0.2_c150,0.2573086790094524,-0.006048664400006612,-0.0015563738465372034,370,55,1480,5401,6881
654,openphenom,MQ,std_all__tvn_efaar_e0.2_c150,0.2907730655733728,-7.839326752918458e-05,-2.279465071977454e-05,370,72,1480,5785,7265
655,openphenom,MQ,std_all__tvn_efaar_e0.2_c150,0.2919368034136124,0.041591614993079624,0.01214212312988934,370,77,1480,5657,7137
656,openphenom,MQ,std_all__tvn_efaar_e0.2_c150,0.2731787911016369,0.02353353677308338,0.006428863126016835,370,56,1480,5625,7105
657,openphenom,MQ,std_all__tvn_efaar_e0.2_c150,0.265582700461361,-0.07587671090733787,-0.0201515417848968,370,82,1480,5401,6881
658,openphenom,MQ,std_all__tvn_efaar_e0.2_c150,0.26607960971755523,-0.039756410432112504,-0.010578370171547436,370,67,1480,5657,7137
659,openphenom,MQ,std_all__tvn_efaar_e0.2_c150,0.26143914035947957,0.026339693142256742,0.006886226732444082,370,61,1480,5561,7041
660,openphenom,MQ,std_all__tvn_efaar_e0.2_c150,0.2413785622234897,0.03243362800982512,0.007828782496703091,370,82,1480,5785,7265
661,openphenom,MQ,std_all__tvn_efaar_e0.2_c150,0.24849905455689178,-0.004981636681587669,-0.0012379320055204675,370,73,1480,5689,7169
662,openphenom,MQ,std_all__tvn_efaar_e0.2_c150,0.26851774859023814,0.059188517282400425,0.015893167403064564,370,71,1480,5628,7108
663,openphenom,MQ,std_all__tvn_efaar_e0.2_c150,0.22641328091356241,-0.03945369621885109,-0.008932840805077088,370,90,1480,5721,7201
664,openphenom,MQ,std_all__tvn_efaar_e0.2_c150,0.2907691817325363,0.015492756851254992,0.004504816232420559,370,61,1480,5593,7073
665,openphenom,MQ,std_all__tvn_efaar_e0.2_c150,0.2751365049974431,-0.010649434856418555,-0.0029300482865929484,370,66,1480,5785,7265
666,openphenom,MQ,std_all__tvn_efaar_e0.2_c150,0.29254142675508943,0.1847949188695071,0.05406016922317661,370,64,1480,5657,7137
667,openphenom,MQ,std_all__tvn_efaar_e0.2_c150,0.28113837733568253,-0.010175055252020128,-0.002860598522853853,370,75,1480,5753,7233
668,openphenom,MQ,std_all__tvn_efaar_e0.2_c150,0.2596516806033066,0.06065490620388649,0.01574914833267506,370,76,1480,5625,7105
669,openphenom,MQ,std_all__tvn_efaar_e0.2_c150,0.30045078665468383,0.0597443628246357,0.017950240808844647,370,62,1480,5753,7233
670,openphenom,MQ,std_all__tvn_efaar_e0.2_c150,0.2612935988158862,0.013703932762773378,0.0035807499095159862,370,65,1480,5721,7201
671,openphenom,MQ,std_all__tvn_efaar_e0.2_c150,0.2576534948556788,-0.003816403510557184,-0.0009833097022745399,370,81,1480,5817,7297
672,openphenom,MQ,std_all__tvn_efaar_e0.2_c150,0.2677972911531259,0.043642847057050425,0.011687436220088276,370,71,1480,5625,7105
673,openphenom,MQ,std_all__tvn_efaar_e0.2_c150,0.3175220287002977,0.16302506412198367,0.05176404908900838,370,46,1480,5657,7137
674,openphenom,MQ,std_all__tvn_efaar_e0.2_c150,0.262453473147011,0.03677000082904274,0.009650414425200742,370,67,1480,5753,7233
675,openphenom,MQ,std_all__tvn_efaar_e0.2_c150,0.28246900037661127,0.06219796256584538,0.01756899631143623,370,76,1480,5497,6977
676,openphenom,MQ,std_all__tvn_efaar_e0.2_c150,0.2954214038860948,0.01118954241618728,0.003305630329433051,370,80,1480,5593,7073
677,openphenom,MQ,std_all__tvn_efaar_e0.2_c150,0.2260882046569703,-0.056097254324434354,-0.012682927516396826,370,110,1480,5657,7137
678,openphenom,MQ,std_all__tvn_efaar_e0.2_c150,0.24564684231970835,0.0005865964456494086,0.00014409556458974167,370,79,1480,5913,7393
679,openphenom,MQ,std_all__tvn_efaar_e0.2_c150,0.26593785283821164,-0.06136360760034945,-0.016318906047643498,370,86,1480,5785,7265
680,openphenom,MQ,std_all__tvn_efaar_e0.2_c150,0.29142788977523054,-0.004233850774842416,-0.00123386219693555,370,79,1480,5625,7105
681,openphenom,MQ,std_all__tvn_efaar_e0.2_c150,0.2930692852626718,0.02709387289239608,0.007940381963572198,370,78,1480,5561,7041
682,openphenom,MQ,std_all__tvn_efaar_e0.2_c150,0.2571140393808173,0.03394259020322846,0.008727116474199824,370,71,1480,5657,7137
683,openphenom,MQ,std_all__tvn_efaar_e0.2_c150,0.3139191545095395,0.024997698097053028,0.00784725625131161,370,75,1480,5433,6913
684,openphenom,MQ,std_all__tvn_efaar_e0.2_c150,0.2590897013843259,0.012075924532210658,0.003128747680990115,370,86,1480,5721,7201
685,openphenom,MQ,std_all__tvn_efaar_e0.2_c150,0.2803401379922617,-0.009032671695307394,-0.0025322204295012713,370,80,1480,5625,7105
686,openphenom,MQ,std_all__tvn_efaar_e0.2_c150,0.256907935221535,-0.026542596663144114,-0.006819003704146359,370,93,1480,5369,6849
687,openphenom,MQ,std_all__tvn_efaar_e0.2_c150,0.2356880252238128,0.004065682967149623,0.0009582327897135864,370,49,1480,5497,6977
688,openphenom,MQ,std_all__tvn_efaar_e0.2_c150,0.2890121838933092,0.013116942922002214,0.003790956319891744,370,59,1480,5721,7201
689,openphenom,MQ,std_all__tvn_efaar_e0.2_c150,0.25054359913024615,0.01070581172466255,0.002682272601107743,370,73,1480,5881,7361
690,openphenom,MQ,std_all__tvn_efaar_e0.2_c150,0.27939016689493107,-0.0006547563086474871,-0.00018293247434853041,370,88,1480,5465,6945
691,openphenom,MQ,std_all__tvn_efaar_e0.2_c150,0.2703801165072979,0.018842050343309318,0.005094515767060345,370,77,1480,5561,7041
692,openphenom,MQ,std_all__tvn_efaar_e0.2_c150,0.2702608735113919,0.01357151508139742,0.0036678495207714953,370,63,1480,5657,7137
693,openphenom,MQ,std_all__tvn_efaar_e0.2_c150,0.27529436201687657,0.003599995963265254,0.0009910585919704392,370,91,1480,5945,7425
694,openphenom,MQ,std_all__tvn_efaar_e0.2_c150,0.28505098130779905,-0.002178313079071127,-0.000620930280784838,370,73,1480,5337,6817
695,openphenom,MQ,std_all__tvn_efaar_e0.2_c150,0.25496266035862986,0.0068663920652455,0.0017506735880203795,370,77,1480,5721,7201
696,openphenom,MQ,std_all__tvn_efaar_e0.2_c150,0.29143186211634275,-0.027402442426610926,-0.007985944822923096,370,92,1480,5849,7329
697,openphenom,MQ,std_all__tvn_efaar_e0.2_c150,0.2678568756340198,0.1106931043167757,0.029649909076522166,370,59,1480,5849,7329
698,openphenom,MQ,std_all__tvn_efaar_e0.2_c150,0.24988319451454902,0.06136612436572951,0.015334363191485593,370,76,1480,5657,7137
699,openphenom,MQ,std_all__tvn_efaar_e0.2_c150,0.2510932548710543,0.04943586321068308,0.012413011800930624,370,60,1480,5529,7009
700,openphenom,MQ,std_all__tvn_efaar_e0.2_c150,0.2952626135040264,0.016633107963523307,0.004911134928004526,370,74,1480,5913,7393
701,openphenom,MQ,std_all__tvn_efaar_e0.2_c150,0.24718239563656363,0.08787676465580507,0.0217215892084124,370,108,1480,5785,7265
702,openphenom,MQ,std_all__tvn_efaar_e0.2_c150,0.237419697374179,-0.006877982413314716,-0.0016329685031141053,370,97,1480,5689,7169
703,openphenom,MQ,std_all__tvn_efaar_e0.2_c150,0.24207662549938705,0.0164281626673643,0.003976874181670559,370,71,1480,5401,6881
704,openphenom,MQ,std_all__tvn_efaar_e0.2_c150,0.2669603717295144,0.021216498458745837,0.005663964315345459,370,63,1480,5689,7169
705,openphenom,MQ,std_all__tvn_efaar_e0.2_c150,0.2507186665328529,0.03673539927177375,0.009210250319971051,370,84,1480,5529,7009
706,openphenom,MQ,std_all__tvn_efaar_e0.2_c150,0.2532908038226641,-0.038182264338295524,-0.009671216426016316,370,74,1480,5753,7233
707,openphenom,MQ,std_all__tvn_efaar_e0.2_c150,0.24075213099234608,0.006026829577899575,0.001450972064007024,370,71,1480,5593,7073
708,openphenom,MQ,std_all__tvn_efaar_e0.2_c150,0.28835921234859596,0.029856612814576283,0.008609429354608214,370,97,1480,5593,7073
709,openphenom,MQ,std_all__tvn_efaar_e0.2_c150,0.2565772594470291,0.009366334536176728,0.0024031884463562854,370,67,1480,5785,7265
710,openphenom,MQ,std_all__tvn_efaar_e0.2_c150,0.27681080999359187,0.020004821107854037,0.00553755073464198,370,68,1480,5689,7169
711,openphenom,MQ,std_all__tvn_efaar_e0.2_c150,0.22303499043189162,-0.015646279772425817,-0.0034896678593376914,370,72,1480,5881,7361
712,openphenom,MQ,std_all__tvn_efaar_e0.2_c150,0.2494314156436824,0.04329849296880428,0.01080000439644688,370,75,1480,5753,7233
713,openphenom,MQ,std_all__tvn_efaar_e0.2_c150,0.2709401220667848,0.020277523785525695,0.005493994769662464,370,55,1480,5529,7009
714,openphenom,MQ,std_all__tvn_efaar_e0.2_c150,0.2447382304156243,-0.009739406554534785,-0.0023836051254551758,370,69,1480,5881,7361
715,openphenom,MQ,std_all__tvn_efaar_e0.2_c150,0.22741221211064466,-0.019114751155175306,-0.004346927844142917,370,65,1480,5561,7041
716,openphenom,MQ,std_all__tvn_efaar_e0.2_c150,0.2703088920300428,-0.03870060547430722,-0.010461117786651795,370,72,1480,5721,7201
717,openphenom,MQ,std_all__tvn_efaar_e0.2_c150,0.27542074409642786,0.03194027712649251,0.008797014892824681,370,73,1480,5529,7009
718,openphenom,MQ,std_all__tvn_efaar_e0.2_c150,0.27492530170532414,-0.007234022634326641,-0.0019888158552853956,370,74,1480,5657,7137
719,openphenom,MQ,std_all__tvn_efaar_e0.2_c150,0.25905505376259885,0.009133008846403301,0.002365952097719298,370,76,1480,5529,7009
720,openphenom,MQ,std_all__tvn_efaar_e0.2_c150,0.26798577584777566,0.026051736895841695,0.006981494924214259,370,60,1480,5625,7105
721,openphenom,MQ,std_all__tvn_efaar_e0.2_c150,0.25944247709912116,0.028726067941342623,0.007452762224019582,370,72,1480,5689,7169
722,openphenom,MQ,std_all__tvn_efaar_e0.2_c150,0.23705107617326615,0.03378015097475172,0.0080076211418603,370,86,1480,5593,7073
723,openphenom,MQ,std_all__tvn_efaar_e0.2_c150,0.25808842912498897,-0.0336496567398691,-0.008684587048587912,370,80,1480,5721,7201
724,openphenom,MQ,std_all__tvn_efaar_e0.2_c150,0.2809915458637074,0.010214962802727502,0.00287031818887867,370,53,1480,5913,7393
725,openphenom,MQ,std_all__tvn_efaar_e0.2_c150,0.27439606915011205,0.043275829085053515,0.011874717390150774,370,60,1480,5721,7201
726,openphenom,MQ,std_all__tvn_efaar_e0.2_c150,0.2807834952523823,-0.0009203677794509116,-0.0002584240820319007,370,75,1480,5785,7265
727,openphenom,MQ,std_all__tvn_efaar_e0.2_c150,0.273420800851529,0.1755531081652937,0.0479998714265297,370,51,1480,5913,7393
728,openphenom,MQ,std_all__tvn_efaar_e0.2_c150,0.2730423324892323,-0.008349503607596148,-0.002279767940145312,370,97,1480,5561,7041
729,openphenom,MQ,std_all__tvn_efaar_e0.2_c150,0.27724291086810826,0.061223565686315776,0.016973799564599015,370,75,1480,5535,7015
730,openphenom,MQ,std_all__tvn_efaar_e0.2_c150,0.2537528712980696,-0.0041991490010211035,-0.0010655461160175256,370,53,1480,5849,7329
731,openphenom,MQ,std_all__tvn_efaar_e0.2_c150,0.2662589480035636,0.05652313853961951,0.015049791405418771,370,93,1480,5593,7073
732,openphenom,MQ,std_all__tvn_efaar_e0.2_c150,0.26100754108532154,0.0038678451712311672,0.0010095367574417815,370,59,1480,5753,7233
733,openphenom,MQ,std_all__tvn_efaar_e0.2_c150,0.2536911023538572,-0.015596550911589669,-0.00395670619367924,370,80,1480,5945,7425
734,openphenom,MQ,std_all__tvn_efaar_e0.2_c150,0.2591752154267271,0.054129163543807216,0.01402893762233478,370,64,1480,5625,7105
735,openphenom,MQ,std_all__tvn_efaar_e0.2_c150,0.27523152932973205,0.0299758428082538,0.008250297059063343,370,100,1480,5945,7425
736,openphenom,MQ,std_all__tvn_efaar_e0.2_c150,0.2762609159328488,-0.006671069939264144,-0.0018429558916732063,370,57,1480,5657,7137
737,openphenom,MQ,std_all__tvn_efaar_e0.2_c150,0.2727135064920219,0.0011348385502434127,0.0003094858003392037,370,79,1480,5753,7233
738,openphenom,MQ,std_all__tvn_efaar_e0.2_c150,0.23934061957389066,0.003314019555216841,0.0007931794936255883,370,93,1480,5785,7265
739,openphenom,MQ,std_all__tvn_efaar_e0.2_c150,0.2527739333975503,0.04189464537943835,0.010589874300856138,370,110,1480,5721,7201
740,openphenom,MQ,std_all__tvn_efaar_e0.2_c150,0.2958333085988325,0.03145612569342131,0.00930576973958557,370,67,1480,5497,6977
741,openphenom,MQ,std_all__tvn_efaar_e0.2_c150,0.2564112526782376,-0.0014441630458462214,-0.0003702996556570487,370,101,1480,5945,7425
742,openphenom,MQ,std_all__tvn_efaar_e0.2_c150,0.27371440881437104,0.03467001416402433,0.009489682430491789,370,47,1480,5593,7073
743,openphenom,MQ,std_all__tvn_efaar_e0.2_c150,0.2765893805192492,0.01877188136086676,0.005192103036782978,370,64,1480,5625,7105
744,openphenom,MQ,std_all__tvn_efaar_e0.2_c150,0.2856467322826146,0.058320588907223844,0.016659085646146193,370,74,1480,5593,7073
745,openphenom,MQ,std_all__tvn_efaar_e0.2_c150,0.26109231337768596,-0.0025957340573945762,-0.0006777262099583969,370,76,1480,5593,7073
746,openphenom,MQ,std_all__tvn_efaar_e0.2_c150,0.2607861448274991,-0.004526001773551216,-0.0011803185540068453,370,56,1480,5657,7137
747,openphenom,MQ,std_all__tvn_efaar_e0.2_c150,0.2513976780734953,0.08893023830231964,0.02235685541972577,370,77,1480,5913,7393
748,openphenom,MQ,std_all__tvn_efaar_e0.2_c150,0.24796837152533324,0.01782502122521517,0.004420041485621106,370,78,1480,5721,7201
749,openphenom,MQ,std_all__tvn_efaar_e0.2_c150,0.2651079217925869,0.10481568958510112,0.027787469637163054,370,85,1480,5724,7204
750,openphenom,MQ,std_all__tvn_efaar_e0.2_c150,0.268322602783184,0.014023587719413713,0.003762845557231383,370,84,1480,5753,7233
751,openphenom,MQ,std_all__tvn_efaar_e0.2_c150,0.27366341365724334,-0.021205083826309163,-0.005803055626795765,370,78,1480,5753,7233
752,openphenom,MQ,std_all__tvn_efaar_e0.2_c150,0.30688373768767163,0.01279076794537865,0.00392527867497346,370,47,1480,5625,7105
753,openphenom,MQ,std_all__tvn_efaar_e0.2_c150,0.26590045186844885,0.05384728240529859,0.01431801672345687,370,71,1480,5401,6881
754,openphenom,MQ,std_all__tvn_efaar_e0.2_c150,0.2664850521724526,-0.02057867071960914,-0.005483908140354764,370,72,1480,5785,7265
755,openphenom,MQ,std_all__tvn_efaar_e0.2_c150,0.29021071676329985,0.04695560368819906,0.013627019402405694,370,79,1480,5657,7137
756,openphenom,MQ,std_all__tvn_efaar_e0.2_c150,0.274067860926683,-0.00626145117592914,-0.0017160625300837633,370,69,1480,5593,7073
757,openphenom,MQ,std_all__tvn_efaar_e0.2_c150,0.2857076970443524,0.03170712635787566,0.00905897005160294,370,52,1480,5657,7137
758,openphenom,MQ,std_all__tvn_efaar_e0.2_c150,0.25645053411444557,0.13197204143249927,0.03384430051353818,370,95,1480,5593,7073
759,openphenom,MQ,std_all__tvn_efaar_e0.2_c150,0.28375357418484637,0.0007564154632223171,0.0002146355912580187,370,81,1480,5753,7233
760,openphenom,MQ,std_all__tvn_efaar_e0.2_c150,0.23695450450121644,0.025860552984611557,0.006127774518596085,370,62,1480,5593,7073
761,openphenom,MQ,std_all__tvn_efaar_e0.2_c150,0.26814565040634325,0.03636670892136889,0.009751574816858627,370,81,1480,5913,7393
762,openphenom,MQ,std_all__tvn_efaar_e0.2_c150,0.2859784458456812,0.0652957508514067,0.018673177348812103,370,88,1480,5721,7201
763,openphenom,MQ,std_all__tvn_efaar_e0.2_c150,0.2684618684386006,-0.018328390939164198,-0.004920474077001138,370,63,1480,5689,7169
764,openphenom,MQ,std_all__tvn_efaar_e0.2_c150,0.2568253113798377,-0.020894916831663668,-0.0053663435215478335,370,81,1480,5849,7329
765,openphenom,MQ,std_all__tvn_efaar_e0.2_c150,0.2740623232875465,-0.0044277440457403255,-0.0012134778200981941,370,79,1480,5945,7425
766,openphenom,MQ,std_all__tvn_efaar_e0.2_c150,0.26104544558622483,0.017635472249822284,0.004603659711578361,370,79,1480,5881,7361
767,openphenom,MQ,std_all__tvn_efaar_e0.2_c150,0.2516803000519529,0.028008755205921207,0.007049251914307947,370,88,1480,5753,7233
768,openphenom,MQ,std_all__tvn_efaar_e0.2_c150,0.28376150982194587,0.013943400484860638,0.003956600373636107,370,80,1480,5689,7169
769,openphenom,MQ,std_all__tvn_efaar_e0.2_c150,0.2715713925163237,-0.02427711562007791,-0.006592970095224351,370,90,1480,5785,7265
770,openphenom,MQ,std_all__tvn_efaar_e0.2_c150,0.2565753271134469,-0.0064148683699850675,-0.0016458969504186225,370,66,1480,5657,7137
771,openphenom,MQ,std_all__tvn_efaar_e0.2_c150,0.25927970398274863,-0.01495275757363851,-0.0038769465574187956,370,79,1480,5689,7169
772,openphenom,MQ,std_all__tvn_efaar_e0.2_c150,0.23734401718258266,-0.017262669157795056,-0.004097191245204949,370,106,1480,5983,7463
773,openphenom,MQ,std_all__tvn_efaar_e0.2_c150,0.2692436282523077,0.028789815799323,0.007751474462525336,370,63,1480,5593,7073
774,openphenom,MQ,std_all__tvn_efaar_e0.2_c150,0.28138790491874727,-0.04501988917108584,-0.012668052293526043,370,91,1480,5593,7073
775,openphenom,MQ,std_all__tvn_efaar_e0.2_c150,0.2382488179446191,-0.0029843180046497226,-0.0007110102369786407,370,77,1480,5689,7169
776,openphenom,MQ,std_all__tvn_efaar_e0.2_c150,0.2588660340292518,-0.0014045651626694862,-0.0003635942131959008,370,81,1480,5913,7393
777,openphenom,MQ,std_all__tvn_efaar_e0.2_c150,0.253319579991307,0.08991680294552934,0.022777686756322607,370,45,1480,5529,7009
778,openphenom,MQ,std_all__tvn_efaar_e0.2_c150,0.2812309615366943,0.06192995494243679,0.01741662077638565,370,77,1480,5721,7201
779,openphenom,MQ,std_all__tvn_efaar_e0.2_c150,0.2730539535671481,-0.016968731327425716,-0.004633379175972313,370,83,1480,5721,7201
780,openphenom,MQ,std_all__tvn_efaar_e0.2_c150,0.26146673078911575,0.0300996676294921,0.007870061692922273,370,75,1480,5657,7137
781,openphenom,MQ,std_all__tvn_efaar_e0.2_c150,0.27171143247914764,-0.019762376213249687,-0.0053696635500939055,370,55,1480,5689,7169
782,openphenom,MQ,std_all__tvn_efaar_e0.2_c150,0.2871484015663918,0.021960522345167096,0.006305928888977762,370,88,1480,5369,6849
783,openphenom,MQ,std_all__tvn_efaar_e0.2_c150,0.23478604459142932,0.027516903861098486,0.006460585016949943,370,67,1480,5273,6753
784,openphenom,MQ,std_all__tvn_efaar_e0.2_c150,0.2636342481905253,-0.00423051170517592,-0.001115307772855271,370,62,1480,5785,7265
785,openphenom,MQ,std_all__tvn_efaar_e0.2_c150,0.2601464897864346,-0.022371084572584722,-0.005819759124273376,370,73,1480,5401,6881
786,openphenom,MQ,std_all__tvn_efaar_e0.2_c150,0.2516617296777383,0.015269913907081248,0.0038428529458862178,370,83,1480,5657,7137
787,openphenom,MQ,std_all__tvn_efaar_e0.2_c150,0.24526963124431403,-0.0053862858555616235,-0.001321092345570064,370,64,1480,5625,7105
788,openphenom,MQ,std_all__tvn_efaar_e0.2_c150,0.2693510981791529,-0.015276650854252498,-0.004114782684092405,370,90,1480,5756,7236
789,openphenom,MQ,std_all__tvn_efaar_e0.2_c150,0.2515826306811178,0.028814017794317363,0.007249106397186901,370,63,1480,5593,7073
790,openphenom,MQ,std_all__tvn_efaar_e0.2_c150,0.2473281021267152,0.009887578813231712,0.0024454761025049184,370,89,1480,6009,7489
791,openphenom,MQ,std_all__tvn_efaar_e0.2_c150,0.2539787652628078,0.08876160612870512,0.0225435631273122,370,85,1480,5465,6945
792,openphenom,MQ,std_all__tvn_efaar_e0.2_c150,0.21678911430670053,0.02061955516518797,0.004470095101659252,370,65,1480,5852,7332
793,openphenom,MQ,std_all__tvn_efaar_e0.2_c150,0.2500256449380233,0.012287935347057249,0.003072298960104722,370,70,1480,5625,7105
794,openphenom,MQ,std_all__tvn_efaar_e0.2_c150,0.29505110935240464,-0.002056062214890506,-0.000606643437401006,370,70,1480,5785,7265
795,openphenom,MQ,std_all__tvn_efaar_e0.2_c150,0.2789282595209556,-0.0035076774474028247,-0.0009783903653649783,370,71,1480,5785,7265
796,openphenom,MQ,std_all__tvn_efaar_e0.2_c150,0.26255598766528687,-0.06033193187989454,-0.015840509962480518,370,88,1480,5689,7169
797,openphenom,MQ,std_all__tvn_efaar_e0.2_c150,0.28305314354379724,0.0038697026744913573,0.0010953315065946182,370,56,1480,5817,7297
798,openphenom,MQ,std_all__tvn_efaar_e0.2_c150,0.2627440794975174,0.017157522010075008,0.0045080373269955525,370,67,1480,5753,7233
799,openphenom,MQ,std_all__tvn_efaar_e0.2_c150,0.24873794988793405,0.0779828858876467,0.019397303162037943,370,87,1480,5721,7201
800,openphenom,MQ,std_all__tvn_efaar_e0.2_c150,0.2730553071495298,0.030342855345292522,0.008285277686102602,370,49,1480,5625,7105
801,openphenom,MQ,std_all__tvn_efaar_e0.2_c150,0.28210598264918896,0.0007896212812961036,0.00022275688748074894,370,67,1480,5695,7175
802,openphenom,MQ,std_all__tvn_efaar_e0.2_c150,0.23710632413848876,0.04155293481070651,0.00985246363013287,370,94,1480,5785,7265
803,openphenom,MQ,std_all__tvn_efaar_e0.2_c150,0.26390990191003055,-0.012100015457037639,-0.0031933138923766567,370,50,1480,5721,7201
804,openphenom,MQ,std_all__tvn_efaar_e0.2_c150,0.2706960107129837,0.02845156551141334,0.007701725282478703,370,85,1480,5689,7169
805,openphenom,MQ,std_all__tvn_efaar_e0.2_c150,0.2364917659289747,-0.011051729852278964,-0.002613643109335419,370,52,1480,5753,7233
806,openphenom,MQ,std_all__tvn_efaar_e0.2_c150,0.2747403352237293,0.022905584048557522,0.006293087839996001,370,74,1480,5817,7297
807,openphenom,MQ,std_all__tvn_efaar_e0.2_c150,0.25370424382868684,-0.025455601001584355,-0.006458194003311722,370,104,1480,5625,7105
808,openphenom,MQ,std_all__tvn_efaar_e0.2_c150,0.27366095002458124,0.01361244622738741,0.0037251949667453654,370,76,1480,5691,7171
809,openphenom,MQ,std_all__tvn_efaar_e0.2_c150,0.24933439383153652,0.03008230178853981,0.00750055248150292,370,90,1480,5689,7169
810,openphenom,MQ,std_all__tvn_efaar_e0.2_c150,0.26105927168661974,-0.00039036027486533185,-0.00010190716905173223,370,85,1480,5657,7137
811,openphenom,MQ,std_all__tvn_efaar_e0.2_c150,0.25923572473574535,0.01435943529671629,0.00372247861594029,370,97,1480,5593,7073
812,openphenom,MQ,std_all__tvn_efaar_e0.2_c150,0.25652731762283104,-0.025889058406428415,-0.006641250708781886,370,102,1480,5561,7041
813,openphenom,MQ,std_all__tvn_efaar_e0.2_c150,0.26648576462372014,0.009901917709034314,0.0026387201119331643,370,75,1480,5465,6945
814,openphenom,MQ,std_all__tvn_efaar_e0.2_c150,0.277282415959624,0.02798457084170049,0.00775962941257996,370,104,1480,5785,7265
815,openphenom,MQ,std_all__tvn_efaar_e0.2_c150,0.29436889836300273,-0.007286169517080075,-0.0021448216940289535,370,89,1480,5817,7297
816,openphenom,MQ,std_all__tvn_efaar_e0.2_c150,0.252946770854537,-0.004317897441976547,-0.001092198214829033,370,79,1480,5465,6945
817,openphenom,MQ,std_all__tvn_efaar_e0.2_c150,0.287318187798275,0.01942103402941954,0.005580016302501453,370,53,1480,5913,7393
818,openphenom,MQ,std_all__tvn_efaar_e0.2_c150,0.23632204132930043,-0.0005088995129254731,-0.00012026417172603451,370,83,1480,5657,7137
819,openphenom,MQ,std_all__tvn_efaar_e0.2_c150,0.23664671207131607,0.011569637924444065,0.0027379167746752935,370,61,1480,5689,7169
820,openphenom,MQ,std_all__tvn_efaar_e0.2_c150,0.23996546819149253,0.00406872631244904,0.0009763538145098787,370,59,1480,5689,7169
821,openphenom,MQ,std_all__tvn_efaar_e0.2_c150,0.2837182936706811,-0.011240750987032191,-0.0031892066896177973,370,75,1480,5465,6945
822,openphenom,MQ,std_all__tvn_efaar_e0.2_c150,0.23885179861647046,-0.022126728661298778,-0.005285008938249821,370,86,1480,5849,7329
823,openphenom,MQ,std_all__tvn_efaar_e0.2_c150,0.27782117904767845,0.04205476712810487,0.011683704988105644,370,85,1480,5691,7171
824,openphenom,MQ,std_all__tvn_efaar_e0.2_c150,0.2883591832220153,0.008000959629044672,0.0023071501836236406,370,69,1480,5977,7457
825,openphenom,MQ,std_all__tvn_efaar_e0.2_c150,0.28609303212057663,0.021069720990090614,0.006027900363989582,370,51,1480,5497,6977
826,openphenom,MQ,std_all__tvn_efaar_e0.2_c150,0.25778836467264293,-0.014149546127456015,-0.003647588357057014,370,77,1480,5849,7329
827,openphenom,MQ,std_all__tvn_efaar_e0.2_c150,0.2724118815240155,-0.00563075611961875,-0.0015338848689482082,370,67,1480,5721,7201
828,openphenom,MQ,std_all__tvn_efaar_e0.2_c150,0.2633705433102013,0.002638689224556581,0.0006949530146982406,370,70,1480,5849,7329
829,openphenom,MQ,std_all__tvn_efaar_e0.2_c150,0.24342679909081527,0.004052860960862041,0.0009865749708627726,370,55,1480,5561,7041
830,openphenom,MQ,std_all__tvn_efaar_e0.2_c150,0.264518245340191,-0.02042610621645761,-0.0054030777755097355,370,70,1480,5401,6881
831,openphenom,MQ,std_all__tvn_efaar_e0.2_c150,0.2583639872318427,0.0671611351333184,0.017352018660060736,370,69,1480,5753,7233
832,openphenom,MQ,std_all__tvn_efaar_e0.2_c150,0.2721232431383474,0.05671631323649865,0.015433827096766394,370,72,1480,5753,7233
833,openphenom,MQ,std_all__tvn_efaar_e0.2_c150,0.28587391882265956,-0.032840275191894565,-0.009388178164321467,370,68,1480,5881,7361
834,openphenom,MQ,std_all__tvn_efaar_e0.2_c150,0.2662353035808381,0.008848906180793271,0.002355891223401851,370,76,1480,5785,7265
835,openphenom,MQ,std_all__tvn_efaar_e0.2_c150,0.2724288852686635,0.04461422709115169,0.012154204153565462,370,69,1480,5881,7361
836,openphenom,MQ,std_all__tvn_efaar_e0.2_c150,0.27427766031573586,0.03229240132193626,0.008857084280557453,370,99,1480,5785,7265
837,openphenom,MQ,std_all__tvn_efaar_e0.2_c150,0.26170019711280385,0.019707717889968876,0.005157513656448385,370,73,1480,5401,6881
838,openphenom,MQ,std_all__tvn_efaar_e0.2_c150,0.26557918033491834,-0.008697826916881644,-0.002309961743280417,370,69,1480,5817,7297
839,openphenom,MQ,std_all__tvn_efaar_e0.2_c150,0.24936348677976186,-0.02305531983147146,-0.005749154941998315,370,64,1480,5817,7297
840,openphenom,MQ,std_all__tvn_efaar_e0.2_c150,0.2797752787788511,-0.028032297898638366,-0.007842743959403351,370,60,1480,5849,7329
841,openphenom,MQ,std_all__tvn_efaar_e0.2_c150,0.2569605075603919,-0.02696416456590415,-0.006928725412796664,370,82,1480,5881,7361
842,openphenom,MQ,std_all__tvn_efaar_e0.2_c150,0.27848373773958823,0.02763203917287487,0.007695073550228914,370,68,1480,5753,7233
843,openphenom,MQ,std_all__tvn_efaar_e0.2_c150,0.24944919645062288,0.03266112484855214,0.008147291348644803,370,78,1480,5625,7105
844,openphenom,MQ,std_all__tvn_efaar_e0.2_c150,0.28240002144421356,-0.03329047819029268,-0.009401231754826777,370,96,1480,5881,7361
845,openphenom,MQ,std_all__tvn_efaar_e0.2_c150,0.2531373855357838,0.04598481529895607,0.011640475919123651,370,71,1480,5785,7265
846,openphenom,MQ,std_all__tvn_efaar_e0.2_c150,0.24714344977811614,0.05584408226569491,0.013801499140836756,370,76,1480,5785,7265
847,openphenom,MQ,std_all__tvn_efaar_e0.2_c150,0.2381658249822735,0.0799634574646711,0.01904456281550833,370,57,1480,5625,7105
848,openphenom,MQ,std_all__tvn_efaar_e0.2_c150,0.2573344239672934,0.10867089873558114,0.027964763128128844,370,41,1480,5660,7140
849,openphenom,MQ,std_all__tvn_efaar_e0.2_c150,0.27862060401126776,-0.014950373654716527,-0.004165482137871264,370,70,1480,5663,7143
850,openphenom,MQ,std_all__tvn_efaar_e0.2_c150,0.27018721559955344,0.04491993814649412,0.012136793012705413,370,75,1480,5881,7361
851,openphenom,MQ,std_all__tvn_efaar_e0.2_c150,0.24732709829751395,0.030279411703962936,0.007488919034896935,370,91,1480,5561,7041
852,openphenom,MQ,std_all__tvn_efaar_e0.2_c150,0.24185802196313322,0.04380736495670953,0.010595162635846847,370,82,1480,5657,7137
853,openphenom,MQ,std_all__tvn_efaar_e0.2_c150,0.2527455742901514,0.041492753861499365,0.010487109903604554,370,80,1480,5689,7169
854,openphenom,MQ,std_all__tvn_efaar_e0.2_c150,0.28120313236887196,0.020082835680589623,0.005647356300231148,370,103,1480,5785,7265
855,openphenom,MQ,std_all__tvn_efaar_e0.2_c150,0.271397456377406,0.05498088765089031,0.014921673057823564,370,56,1480,5689,7169
856,openphenom,MQ,std_all__tvn_efaar_e0.2_c150,0.2514493655229932,-0.035141876499755614,-0.008836402549150933,370,72,1480,5753,7233
857,openphenom,MQ,std_all__tvn_efaar_e0.2_c150,0.27322431632520916,0.0017584492368000761,0.0004804510905172866,370,83,1480,5625,7105
858,openphenom,MQ,std_all__tvn_efaar_e0.2_c150,0.28312431439699165,0.08889797975612293,0.025169179569729947,370,65,1480,5785,7265
859,openphenom,MQ,std_all__tvn_efaar_e0.2_c150,0.27784420743905075,-0.005676676540086427,-0.0015772316941681662,370,53,1480,5689,7169
860,openphenom,MQ,std_all__tvn_efaar_e0.2_c150,0.2764713098442912,0.07000408641643095,0.01935412146600362,370,60,1480,5561,7041
861,openphenom,MQ,std_all__tvn_efaar_e0.2_c150,0.27908236560241856,0.04189170169848533,0.011691235209124141,370,85,1480,5817,7297
862,openphenom,MQ,std_all__tvn_efaar_e0.2_c150,0.2630012561060429,0.029239449614158877,0.007690011976373137,370,58,1480,5625,7105
863,openphenom,MQ,std_all__tvn_efaar_e0.2_c150,0.26965608899909344,0.022458470623332318,0.006056063353188825,370,86,1480,5470,6950
864,openphenom,MQ,std_all__tvn_efaar_e0.2_c150,0.253252536427575,0.021548160434493382,0.005457126285383766,370,53,1480,5785,7265
865,openphenom,MQ,std_all__tvn_efaar_e0.2_c150,0.2528580520487396,0.15560870875084956,0.03934691497655948,370,61,1480,5881,7361
866,openphenom,MQ,std_all__tvn_efaar_e0.2_c150,0.2597813683712635,-0.030090939649091097,-0.007817065477617992,370,80,1480,5817,7297
867,openphenom,MQ,std_all__tvn_efaar_e0.2_c150,0.2674461502113164,0.029893746879368913,0.00799496751827877,370,67,1480,6009,7489
868,openphenom,MQ,std_all__tvn_efaar_e0.2_c150,0.25970534273743456,0.05999391252089522,0.01558073961339876,370,83,1480,5689,7169
869,openphenom,MQ,std_all__tvn_efaar_e0.2_c150,0.30162361764698714,0.0056401331310397445,0.0017011973589948362,370,64,1480,5625,7105
870,openphenom,MQ,std_all__tvn_efaar_e0.2_c150,0.2461721576053105,0.07453804063597284,0.018349190287029745,370,46,1480,6009,7489
871,openphenom,MQ,std_all__tvn_efaar_e0.2_c150,0.2586140804129383,0.033536084814872705,0.00867290373504861,370,80,1480,5817,7297
872,openphenom,MQ,std_all__tvn_efaar_e0.2_c150,0.26694563800012217,-0.011219713913856242,-0.0029950536889132022,370,70,1480,5657,7137
873,openphenom,MQ,std_all__tvn_efaar_e0.2_c150,0.2718500538304311,-0.013818961724217456,-0.0037566854886091823,370,84,1480,5657,7137
874,openphenom,MQ,std_all__tvn_efaar_e0.2_c150,0.2515997537907402,0.03273790166894596,0.008236847999532266,370,100,1480,5721,7201
875,openphenom,MQ,std_all__tvn_efaar_e0.2_c150,0.25701876639617327,-0.00032317452885895686,-8.30619187379936e-05,370,71,1480,5561,7041
876,openphenom,MQ,std_all__tvn_efaar_e0.2_c150,0.26401667818730506,-0.01930196900273739,-0.0050960417385770545,370,71,1480,5817,7297
877,openphenom,MQ,std_all__tvn_efaar_e0.2_c150,0.31276144278119267,0.08044369055123242,0.025159684719447246,370,53,1480,5657,7137
878,openphenom,MQ,std_all__tvn_efaar_e0.2_c150,0.27125750929181897,0.008881490401780816,0.0024091709651862608,370,79,1480,5753,7233
879,openphenom,MQ,std_all__tvn_efaar_e0.2_c150,0.270659246207146,0.010578541701040544,0.0028631801227744936,370,90,1480,5785,7265
880,openphenom,MQ,std_all__tvn_efaar_e0.2_c150,0.23114849661906695,0.08227022556188525,0.01901663895514131,370,53,1480,5753,7233
881,openphenom,MQ,std_all__tvn_efaar_e0.2_c150,0.24879614841481734,0.02559203457388415,0.006367199632081218,370,58,1480,5785,7265
882,openphenom,MQ,std_all__tvn_efaar_e0.2_c150,0.24156474272780118,0.01102551359945431,0.0026633753560940535,370,64,1480,5785,7265
883,openphenom,MQ,std_all__tvn_efaar_e0.2_c150,0.22280629134973137,-0.030985244232930094,-0.0069037073541048065,370,84,1480,5785,7265
884,openphenom,MQ,std_all__tvn_efaar_e0.2_c150,0.3119367163394519,0.03958691200318548,0.012348611340292514,370,81,1480,5561,7041
885,openphenom,MQ,std_all__tvn_efaar_e0.2_c150,0.2629194672703584,0.02874822607198333,0.007558468283813686,370,62,1480,5401,6881
886,openphenom,MQ,std_all__tvn_efaar_e0.2_c150,0.28057722486028275,0.038231614639139426,0.0107269203373775,370,67,1480,5561,7041
887,openphenom,MQ,std_all__tvn_efaar_e0.2_c150,0.2873143568658637,0.007185602090373958,0.0020645266432897996,370,83,1480,5817,7297
888,openphenom,MQ,std_all__tvn_efaar_e0.2_c150,0.26297739220122157,-0.017026972847336924,-0.0044777089164736725,370,46,1480,5593,7073
889,openphenom,MQ,std_all__tvn_efaar_e0.2_c150,0.2645604072874686,-0.03879487883479562,-0.010263588945201525,370,74,1480,5721,7201
890,openphenom,MQ,std_all__tvn_efaar_e0.2_c150,0.29207375154324366,0.02453041117875327,0.00716468921987679,370,50,1480,5753,7233
891,openphenom,MQ,std_all__tvn_efaar_e0.2_c150,0.28828682203568623,0.10590405005725578,0.030530742031714506,370,82,1480,5401,6881
892,openphenom,MQ,std_all__tvn_efaar_e0.2_c150,0.2718291703335024,0.07770698383315464,0.02112302494448531,370,81,1480,5407,6887
893,openphenom,MQ,std_all__tvn_efaar_e0.2_c150,0.2251292967752127,0.07771613623724268,0.01749617909917707,370,58,1480,5817,7297
894,openphenom,MQ,std_all__tvn_efaar_e0.2_c150,0.2453457605417997,-0.017242091705627044,-0.004230274102848524,370,63,1480,5753,7233
895,openphenom,MQ,std_all__tvn_efaar_e0.2_c150,0.2564081571449852,0.00991690642927986,0.0025427757021109043,370,84,1480,5817,7297
896,openphenom,MQ,std_all__tvn_efaar_e0.2_c150,0.2474354210262706,0.051074167678320785,0.012637558183051645,370,84,1480,5529,7009
897,openphenom,MQ,std_all__tvn_efaar_e0.2_c150,0.25037852381328063,-0.011461396566140394,-0.002869687553068835,370,79,1480,5689,7169
898,openphenom,MQ,std_all__tvn_efaar_e0.2_c150,0.2591541067430296,-0.09299446658211467,-0.024099897919132442,370,79,1480,5977,7457
899,openphenom,MQ,std_all__tvn_efaar_e0.2_c150,0.29530664186151445,0.0362450574682699,0.010703406205032389,370,88,1480,5689,7169
900,openphenom,MQ,std_all__tvn_efaar_e0.2_c150,0.24134702747860307,0.0228719929613477,0.005520087513732799,370,65,1480,5849,7329
901,openphenom,MQ,std_all__tvn_efaar_e0.2_c150,0.29802142070910753,-0.01043722361074024,-0.0031105162087314477,370,59,1480,5561,7041
902,openphenom,MQ,std_all__tvn_efaar_e0.2_c150,0.27526857761921514,-0.02075638429264356,-0.005713580380753812,370,52,1480,5849,7329
903,openphenom,MQ,std_all__tvn_efaar_e0.2_c150,0.2812267285618311,0.11748058020792321,0.03303867924142005,370,75,1480,5786,7266
904,openphenom,MQ,std_all__tvn_efaar_e0.2_c150,0.2987907580704387,0.0356142218686029,0.010641200350208655,370,72,1480,5913,7393
905,openphenom,MQ,std_all__tvn_efaar_e0.2_c150,0.2622230249817566,0.03529629828057536,0.009255502105790844,370,65,1480,5753,7233
906,openphenom,MQ,std_all__tvn_efaar_e0.2_c150,0.26980625174196843,-0.012030353632909259,-0.00324586462082562,370,90,1480,5913,7393
907,openphenom,MQ,std_all__tvn_efaar_e0.2_c150,0.28431442702246146,0.017625803094843268,0.0050112701077210916,370,52,1480,5593,7073
908,openphenom,MQ,std_all__tvn_efaar_e0.2_c150,0.27484538390470287,0.019440431938877723,0.0053431129795140945,370,70,1480,5593,7073
909,openphenom,MQ,std_all__tvn_efaar_e0.2_c150,0.2772303711362164,-0.00971784635591402,-0.0026940821518947715,370,53,1480,5593,7073
910,openphenom,MQ,std_all__tvn_efaar_e0.2_c150,0.2992865197338868,-0.009673592709295747,-0.0028951758952882253,370,55,1480,5465,6945
911,openphenom,MQ,std_all__tvn_efaar_e0.2_c150,0.2543299645369569,0.03372673145044233,0.008577718413738467,370,80,1480,5753,7233
912,openphenom,MQ,std_all__tvn_efaar_e0.2_c150,0.27296764976202803,0.06363290333268454,0.01736972407025722,370,54,1480,5497,6977
913,openphenom,MQ,std_all__tvn_efaar_e0.2_c150,0.23400546464538036,0.02119103577625341,0.004958818173139057,370,82,1480,5401,6881
914,openphenom,MQ,std_all__tvn_efaar_e0.2_c150,0.268709164696361,-0.011156814366632972,-0.002997938269130306,370,69,1480,5561,7041
915,openphenom,MQ,std_all__tvn_efaar_e0.2_c150,0.2631354067948264,-0.015347406588305298,-0.004038446075859313,370,101,1480,5849,7329
916,openphenom,MQ,std_all__tvn_efaar_e0.2_c150,0.2938497229744038,0.05419620048290994,0.015925538498168336,370,74,1480,5657,7137
917,openphenom,MQ,std_all__tvn_efaar_e0.2_c150,0.28969726768608,0.08760550979282274,0.02537907682122687,370,80,1480,5561,7041
918,openphenom,MQ,std_all__tvn_efaar_e0.2_c150,0.2795841143357296,-0.08543763272558703,-0.0238870048765246,370,107,1480,5209,6689
919,openphenom,MQ,std_all__tvn_efaar_e0.2_c150,0.2682177895162615,0.005611644368315394,0.0015051428480209327,370,70,1480,5599,7079
920,openphenom,MQ,std_all__tvn_efaar_e0.2_c150,0.2548927779700757,-0.024371841678350513,-0.006212206429641634,370,74,1480,5855,7335
921,openphenom,MQ,std_all__tvn_efaar_e0.2_c150,0.28280286674259125,0.022179812643413822,0.006272514599371,370,46,1480,5785,7265
922,openphenom,MQ,std_all__tvn_efaar_e0.2_c150,0.26392011778556285,-0.028124319912029908,-0.007422573823821784,370,115,1480,5721,7201
923,openphenom,MQ,std_all__tvn_efaar_e0.2_c150,0.274090168114376,0.0401286961075302,0.010998881062323657,370,81,1480,5721,7201
924,openphenom,MQ,std_all__tvn_efaar_e0.2_c150,0.24927643993573093,0.014452174261000188,0.00360258654911293,370,74,1480,5785,7265
925,openphenom,MQ,std_all__tvn_efaar_e0.2_c150,0.25976786094379917,0.08021060881527198,0.020836138276943042,370,92,1480,5497,6977
926,openphenom,MQ,std_all__tvn_efaar_e0.2_c150,0.2519444247370491,0.03373973197787755,0.008500537363948579,370,91,1480,5078,6558
927,openphenom,MQ,std_all__tvn_efaar_e0.2_c150,0.2646201455257101,0.03268139518504462,0.00864815554984975,370,53,1480,5785,7265
928,openphenom,MQ,std_all__tvn_efaar_e0.2_c150,0.2435885314093732,0.03172548594656875,0.00772796452997339,370,72,1480,5721,7201
929,openphenom,MQ,std_all__tvn_efaar_e0.2_c150,0.25992879700632476,0.05640774524455813,0.014661997363257231,370,73,1480,5561,7041
930,openphenom,MQ,std_all__tvn_efaar_e0.2_c150,0.24522087598081876,-0.026595093384575604,-0.006521672096557308,370,77,1480,5657,7137
931,openphenom,MQ,std_all__tvn_efaar_e0.2_c150,0.2781562724032748,0.002129549762929657,0.0005923476239537909,370,101,1480,5977,7457
932,openphenom,MQ,std_all__tvn_efaar_e0.2_c150,0.29504308528788736,0.04609831631816336,0.01360098947308788,370,66,1480,5689,7169
933,openphenom,MQ,std_all__tvn_efaar_e0.2_c150,0.2842958633713384,-0.008772918221704845,-0.0024941043601257253,370,67,1480,5593,7073
934,openphenom,MQ,std_all__tvn_efaar_e0.2_c150,0.26971931589365417,0.005115153930025323,0.0013796558186971667,370,53,1480,5561,7041
935,openphenom,MQ,std_all__tvn_efaar_e0.2_c150,0.28209039352815407,-0.04080456640252632,-0.011510576194234344,370,91,1480,5657,7137
936,openphenom,MQ,std_all__tvn_efaar_e0.2_c150,0.27687316360413183,-0.0010031974409346076,-0.00027775844919113396,370,88,1480,5753,7233
937,openphenom,MQ,std_all__tvn_efaar_e0.2_c150,0.26152012735769914,-0.010411845472903912,-0.0027229071541025143,370,52,1480,5721,7201
938,openphenom,MQ,std_all__tvn_efaar_e0.2_c150,0.2210714643732708,0.12308549895652118,0.027210691497432833,370,75,1480,5566,7046
939,openphenom,MQ,std_all__tvn_efaar_e0.2_c150,0.2241158489776473,0.04556607246280126,0.0102120790145777,370,67,1480,5753,7233
940,openphenom,MQ,std_all__tvn_efaar_e0.2_c150,0.2953232309667868,0.004518443904308099,0.0013344014527624508,370,58,1480,5785,7265
941,openphenom,MQ,std_all__tvn_efaar_e0.2_c150,0.2597191628124582,0.04576908804354326,0.011887109229358745,370,67,1480,5721,7201
942,openphenom,MQ,std_all__tvn_efaar_e0.2_c150,0.28242195871272663,0.037189848798887946,0.010503229942012077,370,84,1480,5881,7361
943,openphenom,MQ,std_all__tvn_efaar_e0.2_c150,0.2765468580513885,-0.02494245934987218,-0.00689775876528163,370,99,1480,5753,7233
944,openphenom,MQ,std_all__tvn_efaar_e0.2_c150,0.26516709212596123,-0.02183854908732338,-0.005790864557735606,370,56,1480,5593,7073
945,openphenom,MQ,std_all__tvn_efaar_e0.2_c150,0.24929182356841242,-0.052871563655656435,-0.01318044851863199,370,83,1480,5625,7105
946,openphenom,MQ,std_all__tvn_efaar_e0.2_c150,0.24658366091323053,0.04994417803046788,0.012315418260054908,370,81,1480,5625,7105
947,openphenom,MQ,std_all__tvn_efaar_e0.2_c150,0.21682654627875148,0.03147971706583262,0.006825638329216759,370,89,1480,5721,7201
948,openphenom,MQ,std_all__tvn_efaar_e0.2_c150,0.27610469378830305,0.002141256040889679,0.0005912108434921989,370,67,1480,5561,7041
949,openphenom,MQ,std_all__tvn_efaar_e0.2_c150,0.2864956062618285,-0.017862383318923782,-0.005117494338236241,370,60,1480,5849,7329
950,openphenom,MQ,std_all__tvn_efaar_e0.2_c150,0.2598633582191907,0.011355336700030125,0.0029508359285794514,370,65,1480,5721,7201
951,openphenom,MQ,std_all__tvn_efaar_e0.2_c150,0.2672405537808651,0.06452042800552532,0.017242474910375023,370,70,1480,5689,7169
952,openphenom,MQ,std_all__tvn_efaar_e0.2_c150,0.27838859863511944,0.02389009487305002,0.006650730032968446,370,66,1480,5881,7361
953,openphenom,MQ,std_all__tvn_efaar_e0.2_c150,0.2665310179711256,0.00485481427992995,0.0012939585920904867,370,64,1480,5785,7265
954,openphenom,MQ,std_all__tvn_efaar_e0.2_c150,0.25345404309442704,0.14166202270650818,0.03590481240789903,370,84,1480,5561,7041
955,openphenom,MQ,std_all__tvn_efaar_e0.2_c150,0.23854304174689028,0.006663716596602127,0.001589583226292707,370,58,1480,5785,7265
956,openphenom,MQ,std_all__tvn_efaar_e0.2_c150,0.26699077240010244,0.04499235361671915,0.012012543244226388,370,56,1480,5753,7233
957,openphenom,MQ,std_all__tvn_efaar_e0.2_c150,0.2718092723060015,-0.008862302165367788,-0.0024088559025245196,370,61,1480,5721,7201
958,openphenom,MQ,std_all__tvn_efaar_e0.2_c150,0.23852108788613569,0.05983127140204662,0.014271019944426798,370,79,1480,5721,7201
959,openphenom,MQ,std_all__tvn_efaar_e0.2_c150,0.29230949382392224,-0.009484629216589666,-0.0027724471654089096,370,62,1480,5881,7361
960,openphenom,MQ,std_all__tvn_efaar_e0.2_c150,0.27965699915014497,0.053827744190507024,0.015053305411338843,370,69,1480,5689,7169
961,openphenom,MQ,std_all__tvn_efaar_e0.2_c150,0.2683667292530252,0.05129818001477898,0.013766724787199138,370,64,1480,5657,7137
962,openphenom,MQ,std_all__tvn_efaar_e0.2_c150,0.27535317361999456,0.05902206948591022,0.01625191414656522,370,82,1480,5785,7265
963,openphenom,MQ,std_all__tvn_efaar_e0.2_c150,0.2626024760487048,0.005190656123041073,0.0013630791502279563,370,82,1480,5689,7169
964,openphenom,MQ,std_all__tvn_efaar_e0.2_c150,0.26770477987479824,0.0637709073378785,0.01707177671130292,370,103,1480,5785,7265
965,openphenom,MQ,std_all__tvn_efaar_e0.2_c150,0.24640908306765408,0.0023770326136605307,0.0005857224267540006,370,53,1480,5625,7105
966,openphenom,MQ,std_all__tvn_efaar_e0.2_c150,0.25442571644779305,-0.02648801022125299,-0.006739230977818757,370,67,1480,5561,7041
967,openphenom,MQ,std_all__tvn_efaar_e0.2_c150,0.2900055676538212,0.03374834534431404,0.009787208048954986,370,61,1480,5849,7329
968,openphenom,MQ,std_all__tvn_efaar_e0.2_c150,0.3032957216888369,-0.012843781866181207,-0.0038954640903174254,370,109,1480,5817,7297
969,openphenom,MQ,std_all__tvn_efaar_e0.2_c150,0.26333384903876117,0.0672650788942125,0.017713172131108915,370,88,1480,5657,7137
970,openphenom,MQ,std_all__tvn_efaar_e0.2_c150,0.241939817534149,-0.01829412005591274,-0.004426076068275344,370,61,1480,5593,7073
971,openphenom,MQ,std_all__tvn_efaar_e0.2_c150,0.24882572359881155,-0.009786069577195806,-0.0024350258437340626,370,66,1480,5753,7233
972,openphenom,MQ,std_all__tvn_efaar_e0.2_c150,0.26354828362475485,-0.029828161814354378,-0.00786116084985455,370,46,1480,5817,7297
973,openphenom,MQ,std_all__tvn_efaar_e0.2_c150,0.28932120398618194,0.03865934195668477,0.011184967360221558,370,58,1480,5657,7137
974,openphenom,MQ,std_all__tvn_efaar_e0.2_c150,0.2572646842328577,0.005369278376028568,0.0013813257059673005,370,83,1480,5753,7233
975,openphenom,MQ,std_all__tvn_efaar_e0.2_c150,0.28501931973552574,0.0756990410377838,0.021575689181220783,370,71,1480,5529,7009
976,openphenom,MQ,std_all__tvn_efaar_e0.2_c150,0.2685044403878752,0.05315040644106381,0.014271120137845955,370,90,1480,5785,7265
977,openphenom,MQ,std_all__tvn_efaar_e0.2_c150,0.2585035944523676,0.004929993705701051,0.0012744210935512694,370,84,1480,5753,7233
978,openphenom,MQ,std_all__tvn_efaar_e0.2_c150,0.2899856980574228,-0.011789458751388177,-0.0034187744257404926,370,66,1480,5593,7073
979,openphenom,MQ,std_all__tvn_efaar_e0.2_c150,0.2383038677991738,0.03251817329120455,0.007749206469057834,370,96,1480,5753,7233
980,openphenom,MQ,std_all__tvn_efaar_e0.2_c150,0.26598972699456647,0.013662260362037546,0.003634020903827054,370,73,1480,5529,7009
981,openphenom,MQ,std_all__tvn_efaar_e0.2_c150,0.24538753800776253,-0.02312969012674194,-0.005675737715083658,370,50,1480,5817,7297
982,openphenom,MQ,std_all__tvn_efaar_e0.2_c150,0.2586606748158175,-0.04025250753081825,-0.010411740760950224,370,63,1480,5465,6945
983,openphenom,MQ,std_all__tvn_efaar_e0.2_c150,0.28835919599760573,0.012286574368702185,0.003542946706523752,370,73,1480,5753,7233
984,openphenom,MQ,std_all__tvn_efaar_e0.2_c150,0.3018825469980178,0.05230404949823349,0.01578967968083712,370,90,1480,5753,7233
985,openphenom,MQ,std_all__tvn_efaar_e0.2_c150,0.24526178450931496,-0.04236477460291455,-0.010390460219445728,370,89,1480,5689,7169
986,openphenom,MQ,std_all__tvn_efaar_e0.2_c150,0.2893803253144991,0.031616268510022215,0.009149126066660782,370,92,1480,5721,7201
987,openphenom,MQ,std_all__tvn_efaar_e0.2_c150,0.25923534952404476,0.08949285890850718,0.02319971255905288,370,63,1480,5721,7201
988,openphenom,MQ,std_all__tvn_efaar_e0.2_c150,0.2622008739464777,0.01890846166889918,0.0049578151745688385,370,56,1480,5785,7265
989,openphenom,MQ,std_all__tvn_efaar_e0.2_c150,0.3162965572235993,0.0330711861825018,0.010460302332825987,370,107,1480,5689,7169
990,openphenom,MQ,std_all__tvn_efaar_e0.2_c150,0.26504230213079727,0.005573245740474342,0.0014771458813959794,370,81,1480,5785,7265
991,openphenom,MQ,std_all__tvn_efaar_e0.2_c150,0.30422155132206996,0.03487421193786946,0.010609486856873298,370,60,1480,5593,7073
992,openphenom,MQ,std_all__tvn_efaar_e0.2_c150,0.2885457426952697,0.05214249222618912,0.015045494145388067,370,72,1480,5721,7201
993,openphenom,MQ,std_all__tvn_efaar_e0.2_c150,0.2587671554896398,-0.004009562261455148,-0.001037543021155356,370,91,1480,5593,7073
994,openphenom,MQ,std_all__tvn_efaar_e0.2_c150,0.2443522227611473,-0.005317367119352078,-0.001299310474850719,370,66,1480,5401,6881
995,openphenom,MQ,std_all__tvn_efaar_e0.2_c150,0.26646400659367947,0.014552559871370985,0.0038777334095199136,370,63,1480,5689,7169
996,openphenom,MQ,std_all__tvn_efaar_e0.2_c150,0.2605780211362132,0.012625381686343647,0.003289896975916814,370,50,1480,5721,7201
997,openphenom,MQ,std_all__tvn_efaar_e0.2_c150,0.2754834587634219,-0.021183354053736426,-0.005835663642933465,370,88,1480,5849,7329
998,openphenom,MQ,std_all__tvn_efaar_e0.2_c150,0.27961105574806167,0.02912723693094011,0.008144297469284096,370,69,1480,5913,7393
999,openphenom,MQ,std_all__tvn_efaar_e0.2_c150,0.2744160112681482,-0.017129237939354485,-0.004700537151380692,370,61,1480,5753,7233
1000,openphenom,MQ,std_all__tvn_efaar_e0.2_c150,0.29263754302617073,0.018325970671217613,0.005362867030794787,370,74,1480,5433,6913
1001,openphenom,MQ,std_all__tvn_efaar_e0.2_c150,0.2675111043896296,0.016790881150334943,0.004491747160201115,370,50,1480,5817,7297
1002,openphenom,MQ,std_all__tvn_efaar_e0.2_c150,0.27740374142203483,0.00017349215285257253,4.8127372308667174e-05,370,64,1480,5561,7041
1003,openphenom,MQ,std_all__tvn_efaar_e0.2_c150,0.2507982834076878,-0.020904564872078788,-0.005242828985302011,370,107,1480,5753,7233
1004,openphenom,MQ,std_all__tvn_efaar_e0.2_c150,0.26735300236590553,0.07455783509483778,0.01993326106250696,370,68,1480,5721,7201
1005,openphenom,MQ,std_all__tvn_efaar_e0.2_c150,0.252390048621282,0.0233250042580764,0.005886998958787512,370,71,1480,5657,7137
1006,openphenom,MQ,std_all__tvn_efaar_e0.2_c150,0.22602569171769668,0.02172271798527212,0.004909892358609581,370,65,1480,5625,7105
1007,openphenom,MQ,std_all__tvn_efaar_e0.2_c150,0.26718245127036294,0.02523863141924796,0.006743319409303869,370,59,1480,5625,7105
1008,openphenom,MQ,std_all__tvn_efaar_e0.2_c150,0.2737131081272481,0.020536421023824268,0.005621087628240703,370,71,1480,5945,7425
1009,openphenom,MQ,std_all__tvn_efaar_e0.2_c150,0.288866324926107,0.006149239582582957,0.0017763082393108867,370,65,1480,5849,7329
1010,openphenom,MQ,std_all__tvn_efaar_e0.2_c150,0.26003317231855366,-0.009516096285803136,-0.0024745007052861955,370,102,1480,5753,7233
1011,openphenom,MQ,std_all__tvn_efaar_e0.2_c150,0.25049457048517554,0.0039703019128009805,0.0009945390723435524,370,70,1480,5881,7361
1012,openphenom,MQ,std_all__tvn_efaar_e0.2_c150,0.2885573938355159,-0.016567261412846746,-0.004780605776282764,370,56,1480,5849,7329
1013,openphenom,MQ,std_all__tvn_efaar_e0.2_c150,0.24571418727209937,0.008643882195221901,0.0021239244884747196,370,91,1480,5791,7271
1014,openphenom,MQ,std_all__tvn_efaar_e0.2_c150,0.24513764042341954,-0.05817858850239804,-0.014261761908642942,370,83,1480,5881,7361
1015,openphenom,MQ,std_all__tvn_efaar_e0.2_c150,0.2741189407687632,0.03899795388724349,0.010690077811720256,370,56,1480,5945,7425
1016,openphenom,MQ,std_all__tvn_efaar_e0.2_c150,0.2655514730778166,-0.022501949571141783,-0.005975425855739445,370,77,1480,5625,7105
1017,openphenom,MQ,std_all__tvn_efaar_e0.2_c150,0.27152871004949836,-0.026862119354439093,-0.00729383661750651,370,68,1480,5817,7297
1018,openphenom,MQ,std_all__tvn_efaar_e0.2_c150,0.2619212097717494,0.033874938716849434,0.008872564929661075,370,77,1480,5657,7137
1019,openphenom,MQ,std_all__tvn_efaar_e0.2_c150,0.2641516240166119,0.06712933741512392,0.017732323497364092,370,64,1480,5561,7041
1020,openphenom,MQ,std_all__tvn_efaar_e0.2_c150,0.23650756924208594,-0.01318055493438983,-0.00311730100879432,370,71,1480,5753,7233
1021,openphenom,MQ,std_all__tvn_efaar_e0.2_c150,0.29321549022370264,0.013348598716401752,0.0039140159164292275,370,70,1480,5529,7009
1022,openphenom,MQ,std_all__tvn_efaar_e0.2_c150,0.27468287640128247,0.02390321057205195,0.006565802635156774,370,53,1480,5561,7041
1023,openphenom,MQ,std_all__tvn_efaar_e0.2_c150,0.30024831867557406,0.02823998255186409,0.00847900728062474,370,80,1480,5593,7073
1024,openphenom,MQ,std_all__tvn_efaar_e0.2_c150,0.24030393059811092,0.008801880784736852,0.0021151265492282503,370,85,1480,5529,7009
1025,openphenom,MQ,std_all__tvn_efaar_e0.2_c150,0.2613812992871521,-0.007921280929494016,-0.0020704747013696855,370,80,1480,5593,7073
1026,openphenom,MQ,std_all__tvn_efaar_e0.2_c150,0.2655010997777908,0.015215173655036269,0.004039645338722198,370,62,1480,5529,7009
1027,openphenom,MQ,std_all__tvn_efaar_e0.2_c150,0.2655032058671438,0.058672702195309186,0.015577790529742796,370,98,1480,5561,7041
1028,openphenom,MQ,std_all__tvn_efaar_e0.2_c150,0.2749048751664486,0.0010689702963030871,0.0002938651458618418,370,83,1480,5817,7297
1029,openphenom,MQ,std_all__tvn_efaar_e0.2_c150,0.2708666197065029,-0.024352568619517394,-0.006596297943139334,370,63,1480,5849,7329
1030,openphenom,MQ,std_all__tvn_efaar_e0.2_c150,0.23243793771914054,0.01154574025079619,0.0026836680533359387,370,51,1480,5593,7073
1031,openphenom,MQ,std_all__tvn_efaar_e0.2_c150,0.25513991524002827,-0.058928002403705,-0.015034885538545475,370,58,1480,5625,7105
1032,openphenom,MQ,std_all__tvn_efaar_e0.2_c150,0.2679456613822192,0.056955676868360866,0.015261026507964915,370,85,1480,5465,6945
1033,openphenom,MQ,std_all__tvn_efaar_e0.2_c150,0.26830124810178574,0.012106456993863587,0.0032481775215441933,370,71,1480,5401,6881
1034,openphenom,MQ,std_all__tvn_efaar_e0.2_c150,0.25482000634400725,-0.03194189580746385,-0.008139434092297558,370,80,1480,5593,7073
1035,openphenom,MQ,std_all__tvn_efaar_e0.2_c150,0.2819791033396867,0.0845085402590926,0.023829642406804744,370,96,1480,5753,7233
1036,openphenom,MQ,std_all__tvn_efaar_e0.2_c150,0.2755239072390701,0.030968962465055126,0.008532689541512092,370,65,1480,5465,6945
1037,openphenom,MQ,std_all__tvn_efaar_e0.2_c150,0.24677401426589632,0.028086175327135428,0.006930938230852984,370,42,1480,5753,7233
1038,openphenom,MQ,std_all__tvn_efaar_e0.2_c150,0.27619107688727385,-0.009126143855487493,-0.002520559499275268,370,91,1480,5625,7105
1039,openphenom,MQ,std_all__tvn_efaar_e0.2_c150,0.26071417335118097,0.030697942672341372,0.008003388747401424,370,61,1480,5753,7233
1040,openphenom,MQ,std_all__tvn_efaar_e0.2_c150,0.28060604106543025,0.006699294507589904,0.0018798625097061839,370,59,1480,5625,7105
1041,openphenom,MQ,std_all__tvn_efaar_e0.2_c150,0.22623955692867373,0.004458638399643997,0.0010087203760406288,370,71,1480,5753,7233
1042,openphenom,MQ,std_all__tvn_efaar_e0.2_c150,0.25559631092623436,0.0040005428340761685,0.0010225239900922512,370,84,1480,5561,7041
1043,openphenom,MQ,std_all__tvn_efaar_e0.2_c150,0.2594975344501365,0.02406208158275532,0.006244050844463044,370,63,1480,5657,7137
1044,openphenom,MQ,std_all__tvn_efaar_e0.2_c150,0.28088303863718744,0.040990326244593124,0.011513487390310969,370,93,1480,5753,7233
1045,openphenom,MQ,std_all__tvn_efaar_e0.2_c150,0.2642605626570467,0.011250766874079518,0.002973133984467516,370,81,1480,5305,6785
1046,openphenom,MQ,std_all__tvn_efaar_e0.2_c150,0.260339112708676,-0.031406610252238364,-0.008176369046254942,370,81,1480,5497,6977
1047,openphenom,MQ,std_all__tvn_efaar_e0.2_c150,0.255063230414507,0.0256183026473207,0.0065342870309621345,370,68,1480,5657,7137
1048,openphenom,MQ,std_all__tvn_efaar_e0.2_c150,0.30455755516934324,0.0019664345193845826,0.000598892489624371,370,65,1480,5849,7329
1049,openphenom,MQ,std_all__tvn_efaar_e0.2_c150,0.2698717695626329,0.012161165694545398,0.0032819553059313523,370,60,1480,5593,7073
1050,openphenom,MQ,std_all__tvn_efaar_e0.2_c150,0.30749577246029575,0.028521647589667916,0.008770286057425268,370,52,1480,5817,7297
1051,openphenom,MQ,std_all__tvn_efaar_e0.2_c150,0.26779870465390904,0.05563055715916808,0.014897791146400456,370,65,1480,5529,7009
1052,openphenom,MQ,std_all__tvn_efaar_e0.2_c150,0.24331888016735703,0.020820324755231656,0.005065978104163669,370,85,1480,5689,7169
1053,openphenom,MQ,std_all__tvn_efaar_e0.2_c150,0.26264930916296164,0.05662728809642659,0.014873118098298443,370,69,1480,5593,7073
1054,openphenom,MQ,std_all__tvn_efaar_e0.2_c150,0.2725951156874716,0.08805034410758726,0.02400209373832943,370,127,1480,5657,7137
1055,openphenom,MQ,std_all__tvn_efaar_e0.2_c150,0.2776201355762897,0.02898402054850961,0.008046547714223203,370,59,1480,5465,6945
1056,openphenom,MQ,std_all__tvn_efaar_e0.2_c150,0.2606653418611571,0.02049275003748072,0.005341749694195152,370,66,1480,5689,7169
1057,openphenom,MQ,std_all__tvn_efaar_e0.2_c150,0.2745594512933713,-0.003112048623925573,-0.0008544423625832966,370,53,1480,5753,7233
1058,openphenom,MQ,std_all__tvn_efaar_e0.2_c150,0.22159911496377424,0.012429152717773582,0.002754289242008215,370,72,1480,5753,7233
1059,openphenom,MQ,std_all__tvn_efaar_e0.2_c150,0.27700305738938247,0.00044437998088206357,0.00012309461334696694,370,70,1480,5689,7169
1060,openphenom,MQ,std_all__tvn_efaar_e0.2_c150,0.23034212765979076,-0.0253925728080281,-0.00584897924735734,370,87,1480,5849,7329
1061,openphenom,MQ,std_all__tvn_efaar_e0.2_c150,0.2532142937761569,0.03901853353605124,0.009880050413512509,370,70,1480,5945,7425
1062,openphenom,MQ,std_all__tvn_efaar_e0.2_c150,0.2605398786800576,0.03468724907853753,0.009037411666667107,370,61,1480,5433,6913
1063,openphenom,MQ,std_all__tvn_efaar_e0.2_c150,0.24898493954242953,0.01480099374626081,0.0036852245330806256,370,75,1480,5561,7041
1064,openphenom,MQ,std_all__tvn_efaar_e0.2_c150,0.2745549112440515,0.06940724485921898,0.019056099952017017,370,63,1480,5657,7137
1065,openphenom,MQ,std_all__tvn_efaar_e0.2_c150,0.2779132652917065,-0.04890904372499612,-0.01359247204390852,370,87,1480,5657,7137
1066,openphenom,MQ,std_all__tvn_efaar_e0.2_c150,0.2795545708651046,0.05130469278161937,0.014342461373931633,370,48,1480,5785,7265
1067,openphenom,MQ,std_all__tvn_efaar_e0.2_c150,0.2757710424733305,0.0029267882730955944,0.0008071234531702908,370,75,1480,5535,7015
1068,openphenom,MQ,std_all__tvn_efaar_e0.2_c150,0.273821388031241,0.004601359329791199,0.001259950598513927,370,53,1480,5401,6881
1069,openphenom,MQ,std_all__tvn_efaar_e0.2_c150,0.2624705874018876,-0.001613495155865899,-0.0004234950213302227,370,57,1480,5689,7169
1070,openphenom,MQ,std_all__tvn_efaar_e0.2_c150,0.31623587128552905,0.012285801426324166,0.003885211118494618,370,102,1480,5689,7169
1071,openphenom,MQ,std_all__tvn_efaar_e0.2_c150,0.2546634446614854,0.09718219767669467,0.024748753220120465,370,94,1480,5593,7073
1072,openphenom,MQ,std_all__tvn_efaar_e0.2_c150,0.23533838381149638,0.083784307793898,0.019717663584980918,370,67,1480,5561,7041
1073,openphenom,MQ,std_all__tvn_efaar_e0.2_c150,0.26001682129577736,0.03886879754108784,0.010106541184222786,370,84,1480,5849,7329
1074,openphenom,MQ,std_all__tvn_efaar_e0.2_c150,0.2467727826471069,0.026045683528388385,0.006427365800246319,370,74,1480,5785,7265
1075,openphenom,MQ,std_all__tvn_efaar_e0.2_c150,0.2925538869791724,0.021214823986216297,0.006206479218746558,370,64,1480,5561,7041
1076,openphenom,MQ,std_all__tvn_efaar_e0.2_c150,0.2591091184308801,-0.0007082541897712585,-0.000183515118736608,370,74,1480,5913,7393
1077,openphenom,MQ,std_all__tvn_efaar_e0.2_c150,0.2777296481578218,0.0013396097416659882,0.00037204934222168545,370,60,1480,5689,7169
1078,openphenom,MQ,std_all__tvn_efaar_e0.2_c150,0.2625458818768417,0.08844294364526632,0.023220330635130258,370,55,1480,5689,7169
1079,openphenom,MQ,std_all__tvn_efaar_e0.2_c150,0.2590278642260001,0.09976985770031338,0.025843173154244125,370,91,1480,5657,7137
1080,openphenom,MQ,std_all__tvn_efaar_e0.2_c150,0.24198732068872053,-0.021592378887007865,-0.005225081914162731,370,88,1480,5785,7265
1081,openphenom,MQ,std_all__tvn_efaar_e0.2_c150,0.28285661316671834,-0.0017745305379741724,-0.000501937697932289,370,92,1480,5657,7137
1082,openphenom,MQ,std_all__tvn_efaar_e0.2_c150,0.24561189236438216,-0.02431895823720889,-0.0059730253529712545,370,54,1480,5721,7201
1083,openphenom,MQ,std_all__tvn_efaar_e0.2_c150,0.2413330781900757,0.0076434222533770385,0.0018446106203140055,370,70,1480,5817,7297
1084,openphenom,MQ,std_all__tvn_efaar_e0.2_c150,0.26443227720911033,0.024174536471688587,0.0063925277296833045,370,59,1480,5721,7201
1085,openphenom,MQ,std_all__tvn_efaar_e0.2_c150,0.29776019935939263,-0.03843124099549712,-0.011443293980448086,370,80,1480,5817,7297
1086,openphenom,MQ,std_all__tvn_efaar_e0.2_c150,0.28509826020811097,-0.01862164582137943,-0.005308998825886915,370,81,1480,5561,7041
1087,openphenom,MQ,std_all__tvn_efaar_e0.2_c150,0.24021225770744872,0.05793669210101615,0.0139171036136864,370,96,1480,5849,7329
1088,openphenom,MQ,std_all__tvn_efaar_e0.2_c150,0.24788640917418478,0.049759625863954625,0.012334734977266604,370,86,1480,5497,6977
1089,openphenom,MQ,std_all__tvn_efaar_e0.2_c150,0.2823271648090584,0.07883933513462069,0.022258485963988644,370,44,1480,5753,7233
1090,openphenom,MQ,std_all__tvn_efaar_e0.2_c150,0.2471005087053063,-0.008952602698195629,-0.0022121926809606377,370,73,1480,5785,7265
1091,openphenom,MQ,std_all__tvn_efaar_e0.2_c150,0.28661172804915463,0.042223718012928714,0.012101812784345717,370,73,1480,5753,7233
1092,openphenom,MQ,std_all__tvn_efaar_e0.2_c150,0.30853803608274766,-0.004595375885326404,-0.0014178482507206265,370,57,1480,5657,7137
1093,openphenom,MQ,std_all__tvn_efaar_e0.2_c150,0.2831248565507202,0.02382537013901427,0.0067455545028762285,370,80,1480,5689,7169
1094,openphenom,MQ,std_all__tvn_efaar_e0.2_c150,0.2479959070226178,0.09828170153666056,0.024373459716310348,370,79,1480,5625,7105
1095,openphenom,MQ,std_all__tvn_efaar_e0.2_c150,0.22601499802675215,0.018022383864112614,0.004073329053484782,370,49,1480,5753,7233
1096,openphenom,MQ,std_all__tvn_efaar_e0.2_c150,0.2527493915085688,-0.01752468256460365,-0.004429352854584396,370,84,1480,5593,7073
1097,openphenom,MQ,std_all__tvn_efaar_e0.2_c150,0.27180034043444845,0.005353356583540873,0.0014550441418734051,370,87,1480,5657,7137
1098,openphenom,MQ,std_all__tvn_efaar_e0.2_c150,0.22870002160800573,0.057222586913610526,0.013086806863608713,370,86,1480,5753,7233
1099,openphenom,MQ,std_all__tvn_efaar_e0.2_c150,0.25101486287998304,-0.0009535027431749839,-0.00023934336033375626,370,82,1480,5721,7201
1100,openphenom,MQ,std_all__tvn_efaar_e0.2_c150,0.23980243128483095,0.05998898616464152,0.014385504732593122,370,76,1480,5817,7297
1101,openphenom,MQ,std_all__tvn_efaar_e0.2_c150,0.28194895913760587,-0.01535950358230964,-0.004330596047902532,370,77,1480,5593,7073
1102,openphenom,MQ,std_all__tvn_efaar_e0.2_c150,0.27715899201196764,-0.004976475082191565,-0.001379274817552888,370,56,1480,5753,7233
1103,openphenom,MQ,std_all__tvn_efaar_e0.2_c150,0.26309862500532993,0.05828266132135655,0.015334088055300234,370,57,1480,5977,7457
1104,openphenom,MQ,std_all__tvn_efaar_e0.2_c150,0.27374723324477945,-0.06353971587753905,-0.017393821422635698,370,89,1480,5689,7169
1105,openphenom,MQ,std_all__tvn_efaar_e0.2_c150,0.253551152590136,0.055853156991797145,0.014161632331067979,370,65,1480,5721,7201
1106,openphenom,MQ,std_all__tvn_efaar_e0.2_c150,0.30751707808574663,-0.012602921513576922,-0.0038756135991991703,370,79,1480,5593,7073
1107,openphenom,MQ,std_all__tvn_efaar_e0.2_c150,0.27709956590252377,0.022301056139173964,0.006179612975332918,370,77,1480,5497,6977
1108,openphenom,MQ,std_all__tvn_efaar_e0.2_c150,0.2795275409362425,0.04802511838406974,0.013424343245070946,370,77,1480,5753,7233
1109,openphenom,MQ,std_all__tvn_efaar_e0.2_c150,0.2416951137733282,-0.033376686132375745,-0.008066981952141221,370,67,1480,5689,7169
1110,openphenom,MQ,std_all__tvn_efaar_e0.2_c150,0.24758276151809283,0.0364909288374785,0.009034524931943136,370,74,1480,5817,7297
1111,openphenom,MQ,std_all__tvn_efaar_e0.2_c150,0.25721427899350247,0.013880965654757417,0.0035703825726219997,370,76,1480,5785,7265
1112,openphenom,MQ,std_all__tvn_efaar_e0.2_c150,0.2864972806277402,0.02432087229888629,0.006967863776125459,370,90,1480,5817,7297
1113,openphenom,MQ,std_all__tvn_efaar_e0.2_c150,0.23290162093417494,-0.034876195686116926,-0.008122722507314111,370,64,1480,5689,7169
1114,openphenom,MQ,std_all__tvn_efaar_e0.2_c150,0.25888067556549343,-0.01514586923596558,-0.003920972859833393,370,70,1480,5657,7137
1115,openphenom,MQ,std_all__tvn_efaar_e0.2_c150,0.29707750842695646,0.03931014389895316,0.011678159605406128,370,86,1480,5529,7009
1116,openphenom,MQ,std_all__tvn_efaar_e0.2_c150,0.25015624218048554,0.07108615778712067,0.017782646103075166,370,89,1480,5657,7137
1117,openphenom,MQ,std_all__tvn_efaar_e0.2_c150,0.2773562858673086,0.04365992334733906,0.012109354180869352,370,75,1480,5753,7233
1118,openphenom,MQ,std_all__tvn_efaar_e0.2_c150,0.2626859068715809,0.027965026312488546,0.007346018297583675,370,82,1480,5657,7137
1119,openphenom,MQ,std_all__tvn_efaar_e0.2_c150,0.25993539417669415,0.021807340482546796,0.005668499644276181,370,60,1480,5785,7265
1120,openphenom,MQ,std_all__tvn_efaar_e0.2_c150,0.281278959238151,0.019127567609608376,0.005380182309988012,370,65,1480,5657,7137
1121,openphenom,MQ,std_all__tvn_efaar_e0.2_c150,0.27195542349340784,0.05528165811847604,0.015034146745027939,370,83,1480,5753,7233
1122,openphenom,MQ,std_all__tvn_efaar_e0.2_c150,0.25764434321207913,0.0448657155078286,0.011559397804754493,370,66,1480,5625,7105
1123,openphenom,MQ,std_all__tvn_efaar_e0.2_c150,0.27955166540256804,0.04289190927781718,0.011990504670909652,370,102,1480,5273,6753
1124,openphenom,MQ,std_all__tvn_efaar_e0.2_c150,0.26909669716703893,0.015277858201026603,0.004111221181682618,370,81,1480,5913,7393
1125,openphenom,MQ,std_all__tvn_efaar_e0.2_c150,0.2753095953598839,0.026302755545900895,0.007241400986191918,370,64,1480,5657,7137
1126,openphenom,MQ,std_all__tvn_efaar_e0.2_c150,0.24908598843405905,0.03589121057318862,0.008939997661717639,370,104,1480,5817,7297
1127,openphenom,MQ,std_all__tvn_efaar_e0.2_c150,0.2592861395967104,0.010109270655109732,0.0026211937623017096,370,93,1480,5593,7073
1128,openphenom,MQ,std_all__tvn_efaar_e0.2_c150,0.2682641003543951,-0.0025765598769779377,-0.0006911985174067173,370,81,1480,5593,7073
1129,openphenom,MQ,std_all__tvn_efaar_e0.2_c150,0.2505403318404163,-0.016242112282551874,-0.004069304201059848,370,64,1480,5721,7201
1130,openphenom,MQ,std_all__tvn_efaar_e0.2_c150,0.26067628541119725,0.023618818853491454,0.006156865964528105,370,85,1480,5625,7105
1131,openphenom,MQ,std_all__tvn_efaar_e0.2_c150,0.2616473595500473,0.0266081464809778,0.006961951269268724,370,57,1480,5689,7169
1132,openphenom,MQ,std_all__tvn_efaar_e0.2_c150,0.2670830459084575,0.029165914100322494,0.00778972117461856,370,84,1480,5817,7297
1133,openphenom,MQ,std_all__tvn_efaar_e0.2_c150,0.2645369318286086,0.042842373954748554,0.011333390158243075,370,54,1480,5881,7361
1134,openphenom,MQ,std_all__tvn_efaar_e0.2_c150,0.2617312454210857,0.01970994814853712,0.005158709276101643,370,54,1480,5721,7201
1135,openphenom,MQ,std_all__tvn_efaar_e0.2_c150,0.2452160004294008,0.08837790851343852,0.021671677251980884,370,59,1480,5657,7137
1136,openphenom,MQ,std_all__tvn_efaar_e0.2_c150,0.24282539929811373,0.008132404095013286,0.0019747542716252167,370,71,1480,5593,7073
1137,openphenom,MQ,std_all__tvn_efaar_e0.2_c150,0.23886109470309352,0.03383566091534763,0.00808202300624261,370,91,1480,5689,7169
1138,openphenom,MQ,std_all__tvn_efaar_e0.2_c150,0.23355354797148592,0.014993517564891645,0.0035017892238532375,370,70,1480,5593,7073
1139,openphenom,MQ,std_all__tvn_efaar_e0.2_c150,0.2632083296779593,0.03159263322774741,0.008315444222003794,370,74,1480,5785,7265
1140,openphenom,MQ,std_all__tvn_efaar_e0.2_c150,0.24521437294588502,0.06251915442411275,0.015330595249215762,370,54,1480,5785,7265
1141,openphenom,MQ,std_all__tvn_efaar_e0.2_c150,0.22879124301957948,0.010786573437570102,0.002467873544703642,370,85,1480,5817,7297
1142,openphenom,MQ,std_all__tvn_efaar_e0.2_c150,0.31225545900486346,0.029659831676201696,0.00926144435405935,370,69,1480,5561,7041
1143,openphenom,MQ,std_all__tvn_efaar_e0.2_c150,0.2580343454487502,0.0008537912983724469,0.00022030747882537292,370,60,1480,5689,7169
1144,openphenom,MQ,std_all__tvn_efaar_e0.2_c150,0.2709270807722989,-0.02461597171775971,-0.00666913335786611,370,61,1480,5631,7111
1145,openphenom,MQ,std_all__tvn_efaar_e0.2_c150,0.2757306824132354,-0.03940795353581266,-0.010865981920938697,370,91,1480,5785,7265
1146,openphenom,MQ,std_all__tvn_efaar_e0.2_c150,0.24946364417280076,-0.011014834767634613,-0.0027478008210953956,370,77,1480,5625,7105
1147,openphenom,MQ,std_all__tvn_efaar_e0.2_c150,0.24085872564103114,-0.0073366881041033085,-0.0017671053471800357,370,46,1480,5849,7329
1148,openphenom,MQ,std_all__tvn_efaar_e0.2_c150,0.24113279160082432,-0.05408079728184072,-0.013040653620568525,370,75,1480,5529,7009
1149,openphenom,MQ,std_all__tvn_efaar_e0.2_c150,0.2833564599228115,-0.02395608926120867,-0.0067881126466509695,370,69,1480,5625,7105
1150,openphenom,MQ,std_all__tvn_efaar_e0.2_c150,0.2914656862977669,0.030285509070940315,0.008827186686238865,370,53,1480,5785,7265
1151,openphenom,MQ,std_all__tvn_efaar_e0.2_c150,0.2859654529539628,0.044587256347949474,0.012750414957515825,370,87,1480,5657,7137
1152,openphenom,MQ,std_all__tvn_efaar_e0.2_c150,0.2822929713162603,-0.017653522541811992,-0.004983465332526687,370,80,1480,5849,7329
1153,openphenom,MQ,std_all__tvn_efaar_e0.2_c150,0.2743348911572351,0.08284528392827713,0.022727351949354144,370,75,1480,5497,6977
1154,openphenom,MQ,std_all__tvn_efaar_e0.2_c150,0.27116811091006693,0.01015865662923142,0.0027547037275327127,370,71,1480,5401,6881
1155,openphenom,MQ,std_all__tvn_efaar_e0.2_c150,0.2747842306638606,-0.002727673269798056,-0.0007495216009438359,370,70,1480,5881,7361
1156,openphenom,MQ,std_all__tvn_efaar_e0.2_c150,0.24465524435129912,0.02064304936351975,0.005050430286187854,370,93,1480,5753,7233
1157,openphenom,MQ,std_all__tvn_efaar_e0.2_c150,0.29059523589341363,-0.042100029545258724,-0.012234068016824142,370,55,1480,5785,7265
1158,openphenom,MQ,std_all__tvn_efaar_e0.2_c150,0.27783732671818695,0.03651712458981623,0.01014582027546951,370,67,1480,5657,7137
1159,openphenom,MQ,std_all__tvn_efaar_e0.2_c150,0.23162793271470722,0.015928209575611054,0.0036894182558453925,370,78,1480,5791,7271
1160,openphenom,MQ,std_all__tvn_efaar_e0.2_c150,0.2780026386201379,-0.02299860884862428,-0.006393673944510001,370,34,1480,5689,7169
1161,openphenom,MQ,std_all__tvn_efaar_e0.2_c150,0.25899585843646833,0.05308569538412542,0.013748975246708428,370,65,1480,5817,7297
1162,openphenom,MQ,std_all__tvn_efaar_e0.2_c150,0.273723688481279,-0.03187174681814708,-0.008724052097404685,370,71,1480,5753,7233
1163,openphenom,MQ,std_all__tvn_efaar_e0.2_c150,0.29911501651259775,0.022739780415902928,0.006801809794595651,370,68,1480,5593,7073
1164,openphenom,MQ,std_all__tvn_efaar_e0.2_c150,0.27028837848157433,-0.011101550466330722,-0.003000620074175896,370,83,1480,5753,7233
1165,openphenom,MQ,std_all__tvn_efaar_e0.2_c150,0.25283459241895473,0.027809452812764257,0.007031191667309405,370,81,1480,5721,7201
1166,openphenom,MQ,std_all__tvn_efaar_e0.2_c150,0.27661844753184256,0.008590799630699364,0.0023763736569011843,370,87,1480,5625,7105
1167,openphenom,MQ,std_all__tvn_efaar_e0.2_c150,0.2855750951468678,-0.024768493605071433,-0.007073264917912861,370,64,1480,5721,7201
1168,openphenom,MQ,std_all__tvn_efaar_e0.2_c150,0.2738593883890769,0.06380940371424045,0.01747480427465358,370,63,1480,5913,7393
1169,openphenom,MQ,std_all__tvn_efaar_e0.2_c150,0.24575026666120153,-0.005916855545323279,-0.0014540688280590048,370,62,1480,5529,7009
1170,openphenom,MQ,std_all__tvn_efaar_e0.2_c150,0.2833873292466006,0.026999141698123837,0.007651214657781843,370,97,1480,5468,6948
1171,openphenom,MQ,std_all__tvn_efaar_e0.2_c150,0.26979345386170345,-0.002347886465711656,-0.0006334443988594956,370,102,1480,5817,7297
1172,openphenom,MQ,std_all__tvn_efaar_e0.2_c150,0.25633247156785655,0.022442392540919485,0.005752713947909919,370,81,1480,5881,7361
1173,openphenom,MQ,std_all__tvn_efaar_e0.2_c150,0.2750504525821043,7.427833368358083e-05,2.043028929671347e-05,370,89,1480,5657,7137
1174,openphenom,MQ,std_all__tvn_efaar_e0.2_c150,0.2806719228122371,0.035597089851615,0.009991103655172752,370,87,1480,5913,7393
1175,openphenom,MQ,std_all__tvn_efaar_e0.2_c150,0.26744630664939273,-0.013079365461495544,-0.003498027985994613,370,77,1480,5785,7265
1176,openphenom,MQ,std_all__tvn_efaar_e0.2_c150,0.2262469222863903,0.035805335718823536,0.008100847007814783,370,78,1480,5497,6977
1177,openphenom,MQ,std_all__tvn_efaar_e0.2_c150,0.2785681464481036,-0.013953065648213586,-0.003886879634891566,370,62,1480,5753,7233
1178,openphenom,MQ,std_all__tvn_efaar_e0.2_c150,0.2633386261071244,0.010911987518014,0.002873547801091897,370,63,1480,5593,7073
1179,openphenom,MQ,std_all__tvn_efaar_e0.2_c150,0.27564873453004407,0.05287417202907699,0.014574698609138924,370,85,1480,5721,7201
1180,openphenom,MQ,std_all__tvn_efaar_e0.2_c150,0.29522405057580864,0.03175483818934846,0.009374791955638829,370,87,1480,5721,7201
1181,openphenom,MQ,std_all__tvn_efaar_e0.2_c150,0.2539684128439497,-0.014463168748794789,-0.0036731880118256264,370,70,1480,5401,6881
1182,openphenom,MQ,std_all__tvn_efaar_e0.2_c150,0.3063660874418269,0.03281700928997152,0.010054018737710661,370,76,1480,5753,7233
1183,openphenom,MQ,std_all__tvn_efaar_e0.2_c150,0.24296289101673368,0.01193661841813064,0.002900155319832611,370,74,1480,5849,7329
1184,openphenom,MQ,std_all__tvn_efaar_e0.2_c150,0.27655321155558243,0.013014349712132967,0.003599160209197842,370,79,1480,5753,7233
1185,openphenom,MQ,std_all__tvn_efaar_e0.2_c150,0.2610459411547831,-0.002875595269980411,-0.0007506624736322789,370,59,1480,5881,7361
1186,openphenom,MQ,std_all__tvn_efaar_e0.2_c150,0.2551820171027384,-0.002657696539302098,-0.0006781963637460766,370,65,1480,5561,7041
1187,openphenom,MQ,std_all__tvn_efaar_e0.2_c150,0.21829515007193007,0.0063539555134576224,0.001387037672360599,370,75,1480,5785,7265
1188,openphenom,MQ,std_all__tvn_efaar_e0.2_c150,0.29341918992069316,0.02854267159886191,0.008374967578710438,370,62,1480,5849,7329
1189,openphenom,MQ,std_all__tvn_efaar_e0.2_c150,0.2807937623676553,0.017422980689917638,0.00489226429958098,370,67,1480,5625,7105
1190,openphenom,MQ,std_all__tvn_efaar_e0.2_c150,0.2664678482981774,-0.005367625747360791,-0.0014302996833691264,370,63,1480,5657,7137
1191,openphenom,MQ,std_all__tvn_efaar_e0.2_c150,0.24624688457570526,-0.023873102773876966,-0.005878677183222831,370,52,1480,5721,7201
1192,openphenom,MQ,std_all__tvn_efaar_e0.2_c150,0.2542288589684133,-0.03920688093510519,-0.009967520603842229,370,72,1480,5401,6881
1193,openphenom,MQ,std_all__tvn_efaar_e0.2_c150,0.28541664256545596,0.003391720852458767,0.0009680535782280275,370,67,1480,5689,7169
1194,openphenom,MQ,std_all__tvn_efaar_e0.2_c150,0.2623406318278635,0.055591801589603716,0.014583988353465865,370,70,1480,5721,7201
1195,openphenom,MQ,std_all__tvn_efaar_e0.2_c150,0.3010929077606143,-0.011800255607082357,-0.0035529732730549203,370,43,1480,5593,7073
1196,openphenom,MQ,std_all__tvn_efaar_e0.2_c150,0.25522133411075937,-0.044728988947215595,-0.011415792232533774,370,75,1480,5721,7201
1197,openphenom,MQ,std_all__tvn_efaar_e0.2_c150,0.27429164832755754,-0.031157584730795725,-0.008546265273715497,370,51,1480,5657,7137
1198,openphenom,MQ,std_all__tvn_efaar_e0.2_c150,0.2345439319506269,-0.0009775563761009712,-0.00022927991615412762,370,72,1480,5593,7073
1199,openphenom,MQ,std_all__tvn_efaar_e0.2_c150,0.2955423771171354,0.07135829367939689,0.021089399741031613,370,89,1480,5689,7169
1200,openphenom,MQ,std_all__tvn_efaar_e0.2_c150,0.2778235412821998,0.05918717909162848,0.01644359169374,370,61,1480,5689,7169
1201,openphenom,MQ,std_all__tvn_efaar_e0.2_c150,0.2877376162249498,0.054585885237155865,0.015706412497667906,370,61,1480,5625,7105
1202,openphenom,MQ,std_all__tvn_efaar_e0.2_c150,0.28367420791589193,-0.002352222409430416,-0.0006672648288371841,370,96,1480,5817,7297
1203,openphenom,MQ,std_all__tvn_efaar_e0.2_c150,0.26323614691795527,0.02563268600663108,0.0067474494995433554,370,41,1480,5625,7105
1204,openphenom,MQ,std_all__tvn_efaar_e0.2_c150,0.28338439043215025,-0.003191894150199509,-0.0009045329780782341,370,73,1480,5657,7137
1205,openphenom,MQ,std_all__tvn_efaar_e0.2_c150,0.30177445331705,0.0005439809673543121,0.00016415955903822756,370,84,1480,5849,7329
1206,openphenom,MQ,std_all__tvn_efaar_e0.2_c150,0.2981217149720378,-0.05021782926282152,-0.014971025382005338,370,46,1480,5625,7105
1207,openphenom,MQ,std_all__tvn_efaar_e0.2_c150,0.27946963586001483,0.007827294451890768,0.002187491130239027,370,67,1480,5465,6945
1208,openphenom,MQ,std_all__tvn_efaar_e0.2_c150,0.2542546679994701,0.013299340987808786,0.0033814195274670675,370,86,1480,5625,7105
1209,openphenom,MQ,std_all__tvn_efaar_e0.2_c150,0.2869008338892556,0.005533457639293788,0.0015875536110042596,370,60,1480,5753,7233
1210,openphenom,MQ,std_all__tvn_efaar_e0.2_c150,0.28163675379861897,-0.030463327404496168,-0.00857959264010681,370,67,1480,5753,7233
1211,openphenom,MQ,std_all__tvn_efaar_e0.2_c150,0.2567093618544448,0.032554478160783204,0.008357039314159117,370,61,1480,5625,7105
1212,openphenom,MQ,std_all__tvn_efaar_e0.2_c150,0.27971642709639005,0.05140230439018588,0.01437806892854388,370,63,1480,5791,7271
1213,openphenom,MQ,std_all__tvn_efaar_e0.2_c150,0.2759713175801795,0.03567086390911218,0.009844135312220961,370,63,1480,5721,7201
1214,openphenom,MQ,std_all__tvn_efaar_e0.2_c150,0.25009917984130114,0.1557712835618722,0.03895827026165099,370,64,1480,5817,7297
1215,openphenom,MQ,std_all__tvn_efaar_e0.2_c150,0.2689493548846921,0.09430479583787522,0.02536321400312914,370,88,1480,5616,7096
1216,openphenom,MQ,std_all__tvn_efaar_e0.2_c150,0.2588194235096329,0.011459343273806715,0.0029659006199256434,370,98,1480,5657,7137
1217,openphenom,MQ,std_all__tvn_efaar_e0.2_c150,0.2497351240966045,0.009032009650606741,0.002255610050936004,370,88,1480,5721,7201
1218,openphenom,MQ,std_all__tvn_efaar_e0.2_c150,0.2700922358175441,-0.00602729862754244,-0.0016279265622529528,370,61,1480,5753,7233
1219,openphenom,MQ,std_all__tvn_efaar_e0.2_c150,0.28276585430126927,0.06297245032342805,0.01780645871314837,370,68,1480,5849,7329
1220,openphenom,MQ,std_all__tvn_efaar_e0.2_c150,0.27430763967461363,0.03412097483050716,0.009359644069153319,370,62,1480,5817,7297
1221,openphenom,MQ,std_all__tvn_efaar_e0.2_c150,0.2832941893374644,0.0018373140376456753,0.0005205003908531751,370,63,1480,5849,7329
1222,openphenom,MQ,std_all__tvn_efaar_e0.2_c150,0.23266775806104686,0.013524826762486931,0.003146791120991881,370,69,1480,5785,7265
1223,openphenom,MQ,std_all__tvn_efaar_e0.2_c150,0.260293501685127,0.0077927098130318,0.0020283917248500984,370,77,1480,5561,7041
1224,openphenom,MQ,std_all__tvn_efaar_e0.2_c150,0.28195256745078495,0.04211464859869862,0.01187433329969068,370,70,1480,5305,6785
1225,openphenom,MQ,std_all__tvn_efaar_e0.2_c150,0.28324517132906174,-0.04590530262010842,-0.013002455305545035,370,111,1480,5817,7297
1226,openphenom,MQ,std_all__tvn_efaar_e0.2_c150,0.24171678797186485,0.06237738196801514,0.015077660411402743,370,43,1480,5593,7073
1227,openphenom,MQ,std_all__tvn_efaar_e0.2_c150,0.223127105450075,0.06223167852722588,0.013885574297079496,370,65,1480,5661,7141
1228,openphenom,MQ,std_all__tvn_efaar_e0.2_c150,0.2687438858335618,-0.009623560285351855,-0.002586272986638998,370,55,1480,5689,7169
1229,openphenom,MQ,std_all__tvn_efaar_e0.2_c150,0.30413875642928506,0.049250737683153994,0.014979058112179384,370,61,1480,5631,7111
1230,openphenom,MQ,std_all__tvn_efaar_e0.2_c150,0.2819084669050901,0.04456808244586182,0.012564119795212563,370,98,1480,5817,7297
1231,openphenom,MQ,std_all__tvn_efaar_e0.2_c150,0.22815453001644168,-0.006640686783628562,-0.0015151027721051703,370,61,1480,5561,7041
1232,openphenom,MQ,std_all__tvn_efaar_e0.2_c150,0.27698783034157964,0.06225264813832912,0.01724322594085356,370,59,1480,5689,7169
1233,openphenom,MQ,std_all__tvn_efaar_e0.2_c150,0.2914481079136337,0.0039373443575893615,0.0011475315632238409,370,40,1480,5593,7073
1234,openphenom,MQ,std_all__tvn_efaar_e0.2_c150,0.25098616030093535,0.0666957812913656,0.016739718054590808,370,71,1480,5433,6913
1235,openphenom,MQ,std_all__tvn_efaar_e0.2_c150,0.24271924086358823,0.06704211085231228,0.016272410251965765,370,73,1480,5753,7233
1236,openphenom,MQ,std_all__tvn_efaar_e0.2_c150,0.26281325016030094,0.013194098317476827,0.0034675838617506433,370,56,1480,5561,7041
1237,openphenom,MQ,std_all__tvn_efaar_e0.2_c150,0.23634428466178561,0.021576586840518566,0.0050995029822652575,370,72,1480,5625,7105
1238,openphenom,MQ,std_all__tvn_efaar_e0.2_c150,0.2460370083258135,-0.034695795024000727,-0.008536449609190784,370,75,1480,5721,7201
1239,openphenom,MQ,std_all__tvn_efaar_e0.2_c150,0.2696636756276716,0.0218792231252485,0.005900031727832462,370,93,1480,5753,7233
1240,openphenom,MQ,std_all__tvn_efaar_e0.2_c150,0.27419412229867535,0.015608312640681092,0.004279707585074872,370,104,1480,5785,7265
1241,openphenom,MQ,std_all__tvn_efaar_e0.2_c150,0.2332179978461273,-0.027436576605670216,-0.0063987034637263025,370,50,1480,5401,6881
1242,openphenom,MQ,std_all__tvn_efaar_e0.2_c150,0.2552360967679246,0.007280638361075065,0.001858281717259619,370,69,1480,5657,7137
1243,openphenom,MQ,std_all__tvn_efaar_e0.2_c150,0.29445905144448087,0.06251523241931058,0.01840817603902145,370,66,1480,5785,7265
1244,openphenom,MQ,std_all__tvn_efaar_e0.2_c150,0.2759563319657916,0.0038658218482421243,0.0010667980172741137,370,68,1480,5721,7201
1245,openphenom,MQ,std_all__tvn_efaar_e0.2_c150,0.26480397937237454,0.046634260954734864,0.012348937875903543,370,75,1480,5593,7073
1246,openphenom,MQ,std_all__tvn_efaar_e0.2_c150,0.3029562982548638,0.07736224940119947,0.023437380703256946,370,61,1480,5561,7041
1247,openphenom,MQ,std_all__tvn_efaar_e0.2_c150,0.25983521088627287,0.011044720273527117,0.0028698072214518116,370,48,1480,5785,7265
1248,openphenom,MQ,std_all__tvn_efaar_e0.2_c150,0.2797563021392071,-0.003210589250119847,-0.0008981825763014182,370,71,1480,5785,7265
1249,openphenom,MQ,std_all__tvn_efaar_e0.2_c150,0.28431260818240917,-0.005412882919554932,-0.0015389508606446765,370,61,1480,5657,7137
1250,openphenom,MQ,std_all__tvn_efaar_e0.2_c150,0.2905400300135847,0.014332441764655908,0.0041641480604710825,370,67,1480,5561,7041
1251,openphenom,MQ,std_all__tvn_efaar_e0.2_c150,0.26523135404754433,-0.009645114494343123,-0.0025581867772782223,370,56,1480,5561,7041
1252,openphenom,MQ,std_all__tvn_efaar_e0.2_c150,0.2630773734193995,0.013795891183527744,0.00362938681654233,370,62,1480,5753,7233
1253,openphenom,MQ,std_all__tvn_efaar_e0.2_c150,0.2319352514332318,-0.012762258231851184,-0.002960017571860237,370,81,1480,5849,7329
1254,openphenom,MQ,std_all__tvn_efaar_e0.2_c150,0.2808164708717425,-0.018038418543096915,-0.005065485035379875,370,77,1480,5689,7169
1255,openphenom,MQ,std_all__tvn_efaar_e0.2_c150,0.2610658839322317,0.002833548077700631,0.0007397427335693912,370,101,1480,5657,7137
1256,openphenom,MQ,std_all__tvn_efaar_e0.2_c150,0.24589727255733076,-0.006004707593424603,-0.0014765412197274032,370,100,1480,5625,7105
1257,openphenom,MQ,std_all__tvn_efaar_e0.2_c150,0.2804208708084887,0.01032676603488718,0.002895840724138587,370,78,1480,5625,7105
1258,openphenom,MQ,std_all__tvn_efaar_e0.2_c150,0.25853093021461004,0.026419632416795336,0.0068302921446421645,370,70,1480,5849,7329
1259,openphenom,MQ,std_all__tvn_efaar_e0.2_c150,0.28035329285832816,-0.0038408495989412667,-0.0010767948324367732,370,66,1480,5657,7137
1260,openphenom,MQ,std_all__tvn_efaar_e0.2_c150,0.23110096751728237,0.015489210474039,0.003579571526629237,370,63,1480,5785,7265
1261,openphenom,MQ,std_all__tvn_efaar_e0.2_c150,0.23439827739022773,-0.015498586943643877,-0.003632842081572799,370,64,1480,5369,6849
1262,openphenom,MQ,std_all__tvn_efaar_e0.2_c150,0.25463190656934687,0.00628701420532492,0.0016008744137304516,370,79,1480,5689,7169
1263,openphenom,MQ,std_all__tvn_efaar_e0.2_c150,0.25040338674113194,0.039938610458786855,0.010000763320615022,370,83,1480,5817,7297
1264,openphenom,MQ,std_all__tvn_efaar_e0.2_c150,0.28250042628151106,0.12180461870062269,0.03440985670598282,370,71,1480,5753,7233
1265,openphenom,MQ,std_all__tvn_efaar_e0.2_c150,0.2593912935530608,0.015760534774296595,0.0040881455021927905,370,56,1480,5849,7329
1266,openphenom,MQ,std_all__tvn_efaar_e0.2_c150,0.24471565609475593,0.006289942283805619,0.0015392473527796396,370,80,1480,5628,7108
1267,openphenom,MQ,std_all__tvn_efaar_e0.2_c150,0.2834888637206601,0.06907341547652482,0.01958154406674508,370,52,1480,5599,7079
1268,openphenom,MQ,std_all__tvn_efaar_e0.2_c150,0.21701339738934172,-0.015222407363267491,-0.0033034663383472098,370,79,1480,5753,7233
1269,openphenom,MQ,std_all__tvn_efaar_e0.2_c150,0.2637618412817724,0.033617245546285104,0.00886694658410962,370,84,1480,5561,7041
1270,openphenom,MQ,std_all__tvn_efaar_e0.2_c150,0.2744848083800648,0.027437744952806403,0.007531244165752155,370,68,1480,5631,7111
1271,openphenom,MQ,std_all__tvn_efaar_e0.2_c150,0.29402422722233557,0.02287642434578666,0.006726222989880146,370,60,1480,5689,7169
1272,openphenom,MQ,std_all__tvn_efaar_e0.2_c150,0.2755483524353356,-0.0034399849653097415,-0.0009478821895934243,370,59,1480,5657,7137
1273,openphenom,MQ,std_all__tvn_efaar_e0.2_c150,0.2668594704922951,0.028017917803574596,0.007476846709358564,370,61,1480,5753,7233
1274,openphenom,MQ,std_all__tvn_efaar_e0.2_c150,0.2629013750666245,-0.058165139287274584,-0.01529169509956623,370,85,1480,5785,7265
1275,openphenom,MQ,std_all__tvn_efaar_e0.2_c150,0.29644559618201033,-0.00501094272469912,-0.001485471903457338,370,57,1480,5785,7265
1276,openphenom,MQ,std_all__tvn_efaar_e0.2_c150,0.3033994662825485,0.018928383635534167,0.005742861492612391,370,72,1480,5689,7169
1277,openphenom,MQ,std_all__tvn_efaar_e0.2_c150,0.26918208164102797,0.06714641534529239,0.01807461185737887,370,62,1480,5721,7201
1278,openphenom,MQ,std_all__tvn_efaar_e0.2_c150,0.23364729741173115,0.03388495906374916,0.007917129108152135,370,70,1480,5465,6945
1279,openphenom,MQ,std_all__tvn_efaar_e0.2_c150,0.27143803616059536,0.022800891888549453,0.006189029316937912,370,57,1480,5593,7073
1280,openphenom,MQ,std_all__tvn_efaar_e0.2_c150,0.2720995726762132,0.017738607387338925,0.004826667489966041,370,54,1480,5881,7361
1281,openphenom,MQ,std_all__tvn_efaar_e0.2_c150,0.266912537194252,0.07819348564830282,0.02087082164645084,370,88,1480,5881,7361
1282,openphenom,MQ,std_all__tvn_efaar_e0.2_c150,0.2785455652507556,0.05067535492612494,0.014115395382180132,370,59,1480,5593,7073
1283,openphenom,MQ,std_all__tvn_efaar_e0.2_c150,0.2610991178164906,-0.043823852394191364,-0.011442369199443464,370,78,1480,5657,7137
1284,openphenom,MQ,std_all__tvn_efaar_e0.2_c150,0.24106256495400408,0.09923230761407832,0.023921194599754468,370,75,1480,5669,7149
1285,openphenom,MQ,std_all__tvn_efaar_e0.2_c150,0.2504933298732461,0.07738921344732255,0.01938548177269122,370,75,1480,5657,7137
1286,openphenom,MQ,std_all__tvn_efaar_e0.2_c150,0.25003314200888055,-0.008396378303206966,-0.002099372848646031,370,83,1480,5625,7105
1287,openphenom,MQ,std_all__tvn_efaar_e0.2_c150,0.2768054479287896,-0.03355578634854469,-0.009288424470811676,370,94,1480,5502,6982
1288,openphenom,MQ,std_all__tvn_efaar_e0.2_c150,0.2437015969071982,0.01417422335696647,0.0034542808670120365,370,56,1480,5561,7041
1289,openphenom,MQ,std_all__tvn_efaar_e0.2_c150,0.24948565745007578,0.07970831900602605,0.01988608237145878,370,57,1480,5913,7393
1290,openphenom,MQ,std_all__tvn_efaar_e0.2_c150,0.2550506024219091,0.008510392141646015,0.002170580642573497,370,49,1480,5433,6913
1291,openphenom,MQ,std_all__tvn_efaar_e0.2_c150,0.24829777661824584,-0.00020668584206145135,-5.131963504232829e-05,370,62,1480,5561,7041
1292,openphenom,MQ,std_all__tvn_efaar_e0.2_c150,0.24892525197676543,-0.041852994397120154,-0.010418267176285287,370,94,1480,5593,7073
1293,openphenom,MQ,std_all__tvn_efaar_e0.2_c150,0.26800391278940944,0.026493487295684324,0.007100358258679908,370,61,1480,5561,7041
1294,openphenom,MQ,std_all__tvn_efaar_e0.2_c150,0.2593353875417404,-0.03058836589933541,-0.007932645724772706,370,49,1480,5881,7361
1295,openphenom,MQ,std_all__tvn_efaar_e0.2_c150,0.26151856422080133,0.044098747220391754,0.011532641057012905,370,68,1480,5785,7265
1296,openphenom,MQ,std_all__tvn_efaar_e0.2_c150,0.25996218616664807,0.07008731877684884,0.018220052611788388,370,89,1480,5721,7201
1297,openphenom,MQ,std_all__tvn_efaar_e0.2_c150,0.264118170352405,-0.013783863385599575,-0.0036405687777920663,370,89,1480,5593,7073
1298,openphenom,MQ,std_all__tvn_efaar_e0.2_c150,0.30748213822008197,0.052562872797075576,0.01616214451863498,370,72,1480,5849,7329
1299,openphenom,MQ,std_all__tvn_efaar_e0.2_c150,0.25184460600273945,-0.008013618140930562,-0.0020181865033590627,370,52,1480,5753,7233
1300,openphenom,MQ,std_all__tvn_efaar_e0.2_c150,0.2623279862259963,0.014215695816095405,0.0037291748562376286,370,70,1480,5753,7233
1301,openphenom,MQ,std_all__tvn_efaar_e0.2_c150,0.27299868104202607,0.0106192824048313,0.0028990500901317395,370,59,1480,5689,7169
1302,openphenom,MQ,std_all__tvn_efaar_e0.2_c150,0.27559119221514455,0.04950581772521144,0.013643367328476656,370,89,1480,5785,7265
1303,openphenom,MQ,std_all__tvn_efaar_e0.2_c150,0.2640900624355309,-0.04042995005677782,-0.01067714803475985,370,54,1480,5689,7169
1304,openphenom,MQ,std_all__tvn_efaar_e0.2_c150,0.27379520656916057,0.007622321658483753,0.002086955133021146,370,78,1480,5465,6945
1305,openphenom,MQ,std_all__tvn_efaar_e0.2_c150,0.27203231776421116,-0.022984665811471454,-0.006252571913730403,370,92,1480,5785,7265
1306,openphenom,MQ,std_all__tvn_efaar_e0.2_c150,0.2820943164037566,0.12004055235873454,0.03386275755836657,370,75,1480,5817,7297
1307,openphenom,MQ,std_all__tvn_efaar_e0.2_c150,0.24295011860326246,-0.001710111451297303,-0.00041547177991747706,370,91,1480,5593,7073
1308,openphenom,MQ,std_all__tvn_efaar_e0.2_c150,0.2760662602540582,0.09318014311407916,0.025723893639441768,370,57,1480,5817,7297
1309,openphenom,MQ,std_all__tvn_efaar_e0.2_c150,0.22203457785142422,-0.03175561577905509,-0.007050844743914523,370,97,1480,5721,7201
1310,openphenom,MQ,std_all__tvn_efaar_e0.2_c150,0.25952271067932614,0.006937097764047617,0.00180033441597313,370,63,1480,5945,7425
1311,openphenom,MQ,std_all__tvn_efaar_e0.2_c150,0.2540121002589299,0.04082459035840772,0.010369939939149605,370,68,1480,5561,7041
1312,openphenom,MQ,std_all__tvn_efaar_e0.2_c150,0.24987606642245258,0.012445016013253948,0.0031097116479563295,370,67,1480,6009,7489
1313,openphenom,MQ,std_all__tvn_efaar_e0.2_c150,0.254474523135222,0.013022122147562647,0.0033137983237096174,370,81,1480,5497,6977
1314,openphenom,MQ,std_all__tvn_efaar_e0.2_c150,0.2677716460019583,0.015160101962964074,0.004059445456180409,370,51,1480,5785,7265
1315,openphenom,MQ,std_all__tvn_efaar_e0.2_c150,0.2701689916658622,-0.014544261984463566,-0.003929408594866654,370,56,1480,5369,6849
1316,openphenom,MQ,std_all__tvn_efaar_e0.2_c150,0.2566704888982456,0.0625068930455329,0.01604367479750728,370,71,1480,5849,7329
1317,openphenom,MQ,std_all__tvn_efaar_e0.2_c150,0.2489695345386336,0.0042213963178667335,0.0010509990763623825,370,78,1480,5689,7169
1318,openphenom,MQ,std_all__tvn_efaar_e0.2_c150,0.2867536605628434,0.13768966884179323,0.03948301656206989,370,55,1480,5913,7393
1319,openphenom,MQ,std_all__tvn_efaar_e0.2_c150,0.26172609786250073,0.014558031066236543,0.003810216663527151,370,71,1480,5689,7169
1320,openphenom,MQ,std_all__tvn_efaar_e0.2_c150,0.29349325337881715,0.003948337125918098,0.0011588103085220709,370,62,1480,5689,7169
1321,openphenom,MQ,std_all__tvn_efaar_e0.2_c150,0.2487067397600047,0.06105315769275979,0.015184331801819738,370,75,1480,5721,7201
1322,openphenom,MQ,std_all__tvn_efaar_e0.2_c150,0.2558086301014487,0.0064107492738393855,0.0016399249896647103,370,65,1480,5689,7169
1323,openphenom,MQ,std_all__tvn_efaar_e0.2_c150,0.2794710243046308,0.049431945062616896,0.01381479632001978,370,85,1480,5657,7137
1324,openphenom,MQ,std_all__tvn_efaar_e0.2_c150,0.280316298329422,0.0008877610813771574,0.00024885390013256955,370,85,1480,5593,7073
1325,openphenom,MQ,std_all__tvn_efaar_e0.2_c150,0.2947464038336421,0.057130660511521124,0.016839056734411516,370,60,1480,5465,6945
1326,openphenom,MQ,std_all__tvn_efaar_e0.2_c150,0.26395600423547666,-0.013959330737898953,-0.0036846491633772756,370,93,1480,5593,7073
1327,openphenom,MQ,std_all__tvn_efaar_e0.2_c150,0.25730304200839543,0.023791892259204805,0.006121726253429392,370,72,1480,5881,7361
1328,openphenom,MQ,std_all__tvn_efaar_e0.2_c150,0.27789023572858385,-0.02159191320189631,-0.006000181849506087,370,64,1480,5817,7297
1329,openphenom,MQ,std_all__tvn_efaar_e0.2_c150,0.27475952270578025,-0.028989113386075394,-0.00796503495762182,370,63,1480,5823,7303
1330,openphenom,MQ,std_all__tvn_efaar_e0.2_c150,0.2605194447975944,0.02655662004689178,0.006918515910316913,370,114,1480,5849,7329
1331,openphenom,MQ,std_all__tvn_efaar_e0.2_c150,0.29468671597806156,0.033527865499330387,0.009880216577751823,370,78,1480,5721,7201
1332,openphenom,MQ,std_all__tvn_efaar_e0.2_c150,0.2472512098946212,-0.007656644452802913,-0.00189311460468846,370,74,1480,5977,7457
1333,openphenom,MQ,std_all__tvn_efaar_e0.2_c150,0.3086635110066607,0.040894134800736816,0.012622527227175093,370,78,1480,5561,7041
1334,openphenom,MQ,std_all__tvn_efaar_e0.2_c150,0.2207133743399769,0.022919829269742693,0.0050587128574210785,370,93,1480,5791,7271
1335,openphenom,MQ,std_all__tvn_efaar_e0.2_c150,0.2737484460131661,0.018605612754104602,0.005093257578558878,370,62,1480,5657,7137
1336,openphenom,MQ,std_all__tvn_efaar_e0.2_c150,0.2687057310278348,-0.02571274608664759,-0.006909162233945739,370,69,1480,5849,7329
1337,openphenom,MQ,std_all__tvn_efaar_e0.2_c150,0.23457088455708416,-0.025072895392014787,-0.005881371250512148,370,64,1480,5657,7137
1338,openphenom,MQ,std_all__tvn_efaar_e0.2_c150,0.2577626928565297,0.019505425378588556,0.0050277709708970815,370,54,1480,5721,7201
1339,openphenom,MQ,std_all__tvn_efaar_e0.2_c150,0.2581116270482713,-0.028104837715014985,-0.007254185390550137,370,71,1480,5785,7265
1340,openphenom,MQ,std_all__tvn_efaar_e0.2_c150,0.2745791390154332,-0.007431860002454746,-0.002040633720757259,370,87,1480,5689,7169
1341,openphenom,MQ,std_all__tvn_efaar_e0.2_c150,0.28223449447564014,-0.006517277719030523,-0.0018394005823879327,370,63,1480,5529,7009
1342,openphenom,MQ,std_all__tvn_efaar_e0.2_c150,0.2413796816949682,0.03007534849622852,0.0072595780468848806,370,71,1480,5849,7329
1343,openphenom,MQ,std_all__tvn_efaar_e0.2_c150,0.25133945685896636,0.019531725179160804,0.004909093198048874,370,103,1480,5561,7041
1344,openphenom,MQ,std_all__tvn_efaar_e0.2_c150,0.26404550659328735,0.07076620543026241,0.01868549856251828,370,53,1480,5785,7265
1345,openphenom,MQ,std_all__tvn_efaar_e0.2_c150,0.24697709796815298,-0.005090503067790976,-0.001257237674880995,370,50,1480,5721,7201
1346,openphenom,MQ,std_all__tvn_efaar_e0.2_c150,0.3112829194363734,-0.003321178329104285,-0.0010338260862523983,370,86,1480,5529,7009
1347,openphenom,MQ,std_all__tvn_efaar_e0.2_c150,0.2817911980300423,0.0467726518269853,0.013180121593368234,370,65,1480,5529,7009
1348,openphenom,MQ,std_all__tvn_efaar_e0.2_c150,0.27372476454531347,0.04385874612361704,0.012005224955939753,370,72,1480,5657,7137
1349,openphenom,MQ,std_all__tvn_efaar_e0.2_c150,0.2577428062238048,0.05612906000792211,0.01446686143714618,370,83,1480,5913,7393
1350,openphenom,MQ,std_all__tvn_efaar_e0.2_c150,0.26754615703531875,-0.010695392282390864,-0.002861511103138882,370,53,1480,5593,7073
1351,openphenom,MQ,std_all__tvn_efaar_e0.2_c150,0.21171358012523572,0.04537295569054236,0.00960607089010841,370,66,1480,5689,7169
1352,openphenom,MQ,std_all__tvn_efaar_e0.2_c150,0.2504583154616696,0.006174709920414567,0.0015465074451314923,370,61,1480,5529,7009
1353,openphenom,MQ,std_all__tvn_efaar_e0.2_c150,0.25339860088690713,0.041961972614148746,0.010633105150880005,370,95,1480,5689,7169
1354,openphenom,MQ,std_all__tvn_efaar_e0.2_c150,0.24496098318395068,0.023192741270534754,0.005681316704361183,370,58,1480,5785,7265
1355,openphenom,MQ,std_all__tvn_efaar_e0.2_c150,0.2876311322894608,0.10393898125438505,0.029896086867211815,370,92,1480,5849,7329
1356,openphenom,MQ,std_all__tvn_efaar_e0.2_c150,0.2757119406741089,0.04397508589819801,0.012124456274302815,370,82,1480,5625,7105
1357,openphenom,MQ,std_all__tvn_efaar_e0.2_c150,0.27270489334435905,0.017499732016592988,0.004772262553139856,370,88,1480,5721,7201
1358,openphenom,MQ,std_all__tvn_efaar_e0.2_c150,0.2682276096010747,0.006795791132065473,0.0018228188107021032,370,119,1480,5593,7073
1359,openphenom,MQ,std_all__tvn_efaar_e0.2_c150,0.25373368265041635,0.05104173322720379,0.012951006940598538,370,92,1480,5433,6913
1360,openphenom,MQ,std_all__tvn_efaar_e0.2_c150,0.23679435419709638,-0.025490987165900838,-0.006036121843795961,370,74,1480,5593,7073
1361,openphenom,MQ,std_all__tvn_efaar_e0.2_c150,0.27716856811590174,-0.012358168429000114,-0.0034252958480011043,370,62,1480,5593,7073
1362,openphenom,MQ,std_all__tvn_efaar_e0.2_c150,0.2593406046738013,0.009907144538647054,0.0025693248552434754,370,71,1480,5689,7169
1363,openphenom,MQ,std_all__tvn_efaar_e0.2_c150,0.25374073997525914,0.021990207822709298,0.005579811605143989,370,77,1480,5593,7073
1364,openphenom,MQ,std_all__tvn_efaar_e0.2_c150,0.2683294599341103,-0.021270721308842975,-0.005707561161210807,370,61,1480,5721,7201
1365,openphenom,MQ,std_all__tvn_efaar_e0.2_c150,0.25551730693164454,0.008761466705139881,0.0022387063772686113,370,76,1480,5502,6982
1366,openphenom,MQ,std_all__tvn_efaar_e0.2_c150,0.24319674260530702,-0.006229165589544811,-0.0015149127805263649,370,67,1480,5913,7393
1367,openphenom,MQ,std_all__tvn_efaar_e0.2_c150,0.27119283943871036,0.0460206045632754,0.012480458424200726,370,81,1480,5529,7009
1368,openphenom,MQ,std_all__tvn_efaar_e0.2_c150,0.2829179253440884,-0.01588050250259951,-0.0044928788214570565,370,77,1480,5598,7078
1369,openphenom,MQ,std_all__tvn_efaar_e0.2_c150,0.2702634917928494,-0.05086385425173806,-0.013746642856117298,370,61,1480,5561,7041
1370,openphenom,MQ,std_all__tvn_efaar_e0.2_c150,0.27037803180372816,0.03967220008977158,0.010726491377596126,370,100,1480,5753,7233
1371,openphenom,MQ,std_all__tvn_efaar_e0.2_c150,0.2547141120137733,0.009801031546800346,0.0024964610472622295,370,62,1480,5721,7201
1372,openphenom,MQ,std_all__tvn_efaar_e0.2_c150,0.2883245341069047,0.013058310466787263,0.0037650312815597545,370,61,1480,5561,7041
1373,openphenom,MQ,std_all__tvn_efaar_e0.2_c150,0.2395552009518356,0.027001290981235975,0.006468299686968971,370,43,1480,5753,7233
1374,openphenom,MQ,std_all__tvn_efaar_e0.2_c150,0.2518435912450529,0.029978606719469295,0.007549919976754221,370,57,1480,5817,7297
1375,openphenom,MQ,std_all__tvn_efaar_e0.2_c150,0.2579979397540844,-0.028131842267521048,-0.007257957346507301,370,66,1480,5849,7329
1376,openphenom,MQ,std_all__tvn_efaar_e0.2_c150,0.26951525321136244,-0.02998828079492069,-0.008082299091816488,370,84,1480,5849,7329
1377,openphenom,MQ,std_all__tvn_efaar_e0.2_c150,0.29359420998292624,-0.012691414987730807,-0.0037261259568882954,370,63,1480,5689,7169
1378,openphenom,MQ,std_all__tvn_efaar_e0.2_c150,0.247776498774431,0.008926333860443765,0.0022117357508324065,370,61,1480,5689,7169
1379,openphenom,MQ,std_all__tvn_efaar_e0.2_c150,0.254738086649884,-0.07419345906747672,-0.018899899804785507,370,75,1480,5401,6881
1380,openphenom,MQ,std_all__tvn_efaar_e0.2_c150,0.28939628079265334,0.07242976172091231,0.020960903660730112,370,76,1480,5849,7329
1381,openphenom,MQ,std_all__tvn_efaar_e0.2_c150,0.26666901159965234,0.004004514956888611,0.0010678800454895102,370,76,1480,5785,7265
1382,openphenom,MQ,std_all__tvn_efaar_e0.2_c150,0.26442067897441934,0.050118481239588696,0.01325236283853874,370,79,1480,5817,7297
1383,openphenom,MQ,std_all__tvn_efaar_e0.2_c150,0.24101940589832105,-0.0010586400324568636,-0.00025515279168293256,370,89,1480,5817,7297
1384,openphenom,MQ,std_all__tvn_efaar_e0.2_c150,0.2784575962270322,0.06512357243800658,0.01813415343880432,370,75,1480,5689,7169
1385,openphenom,MQ,std_all__tvn_efaar_e0.2_c150,0.2630256464274159,0.07791668321883818,0.0204940859711151,370,60,1480,5721,7201
1386,openphenom,MQ,std_all__tvn_efaar_e0.2_c150,0.26580507473754106,0.031027970587423383,0.008247392040944298,370,70,1480,5785,7265
1387,openphenom,MQ,std_all__tvn_efaar_e0.2_c150,0.2739487614122374,0.020540109610182686,0.005626937586981141,370,79,1480,5657,7137
1388,openphenom,MQ,std_all__tvn_efaar_e0.2_c150,0.23183355301177747,0.03258190454235813,0.007553578693945457,370,68,1480,5785,7265
1389,openphenom,MQ,std_all__tvn_efaar_e0.2_c150,0.27395123671095967,0.07590648236589191,0.02079467471851474,370,62,1480,5625,7105
1390,openphenom,MQ,std_all__tvn_efaar_e0.2_c150,0.25059593717958106,-0.02014161023783242,-0.0050474056938554605,370,82,1480,5689,7169
1391,openphenom,MQ,std_all__tvn_efaar_e0.2_c150,0.2909396094147157,-0.025830872506934662,-0.007515223958008889,370,82,1480,5753,7233
1392,openphenom,MQ,std_all__tvn_efaar_e0.2_c150,0.27611647660467037,0.004798884918078646,0.0013250511952111678,370,65,1480,5561,7041
1393,openphenom,MQ,std_all__tvn_efaar_e0.2_c150,0.24687915279022332,0.0149920929303365,0.003701235201193772,370,53,1480,5561,7041
1394,openphenom,MQ,std_all__tvn_efaar_e0.2_c150,0.25478861724945556,0.025684236969440742,0.006544051222551154,370,62,1480,5753,7233
1395,openphenom,MQ,std_all__tvn_efaar_e0.2_c150,0.2716095650740678,0.007956705561928377,0.0021611173370977826,370,75,1480,5721,7201
1396,openphenom,MQ,std_all__tvn_efaar_e0.2_c150,0.24011707755580877,-0.0052751433838476944,-0.0012666520130173683,370,111,1480,5849,7329
1397,openphenom,MQ,std_all__tvn_efaar_e0.2_c150,0.2417526968603569,0.0058345172237461804,0.0014105102737188417,370,87,1480,5593,7073
1398,openphenom,MQ,std_all__tvn_efaar_e0.2_c150,0.2584712532585486,0.009224378417980577,0.0023842366502265476,370,80,1480,5849,7329
1399,openphenom,MQ,std_all__tvn_efaar_e0.2_c150,0.260683349024018,0.0019784592223629277,0.0005157513759930224,370,52,1480,5689,7169
1400,openphenom,MQ,std_all__tvn_efaar_e0.2_c150,0.2615601966154596,0.017594875679603543,0.004602119142181671,370,57,1480,5497,6977
1401,openphenom,MQ,std_all__tvn_efaar_e0.2_c150,0.24802717449652326,0.08883540421981552,0.022033594303897362,370,71,1480,5721,7201
1402,openphenom,MQ,std_all__tvn_efaar_e0.2_c150,0.24953203057498358,0.025307968780398923,0.006315148839501234,370,68,1480,5689,7169
1403,openphenom,MQ,std_all__tvn_efaar_e0.2_c150,0.2514057014541846,0.04536624056196383,0.011405331530819799,370,68,1480,5785,7265
1404,openphenom,MQ,std_all__tvn_efaar_e0.2_c150,0.25389348793353284,0.09313769939683894,0.023647055357968336,370,59,1480,5817,7297
1405,openphenom,MQ,std_all__tvn_efaar_e0.2_c150,0.23500117020779387,0.05922818797636979,0.013918693483734089,370,58,1480,5817,7297
1406,openphenom,MQ,std_all__tvn_efaar_e0.2_c150,0.23679043313897516,-0.0017952215344632571,-0.0004250912847259703,370,58,1480,5657,7137
1407,openphenom,MQ,std_all__tvn_efaar_e0.2_c150,0.2637880678755842,0.040948423298064085,0.010801705464347881,370,80,1480,5753,7233
1408,openphenom,MQ,std_all__tvn_efaar_e0.2_c150,0.26341941367997423,0.09241930807780528,0.024345039946564374,370,66,1480,5849,7329
1409,openphenom,MQ,std_all__tvn_efaar_e0.2_c150,0.24432343733859058,-0.04055891552500346,-0.00990949365579437,370,65,1480,5849,7329
1410,openphenom,MQ,std_all__tvn_efaar_e0.2_c150,0.2699635089746591,0.03852936944360182,0.010401523773575757,370,69,1480,6041,7521
1411,openphenom,MQ,std_all__tvn_efaar_e0.2_c150,0.276953977583684,0.04405037385599507,0.01219992625346616,370,58,1480,5817,7297
1412,openphenom,MQ,std_all__tvn_efaar_e0.2_c150,0.24700334590633305,-0.01888420762070834,-0.0046644624671048325,370,65,1480,5689,7169
1413,openphenom,MQ,std_all__tvn_efaar_e0.2_c150,0.26781880807919967,0.00027566486466819583,7.382823548475009e-05,370,75,1480,5721,7201
1414,openphenom,MQ,std_all__tvn_efaar_e0.2_c150,0.25575887380897394,0.029979696584237304,0.007667573435519276,370,94,1480,5631,7111
1415,openphenom,MQ,std_all__tvn_efaar_e0.2_c150,0.2416905689893911,0.019330268634079953,0.004671943624888563,370,58,1480,5785,7265
1416,openphenom,MQ,std_all__tvn_efaar_e0.2_c150,0.27317849573837377,0.029463502152814933,0.00804879519729032,370,70,1480,5849,7329
1417,openphenom,MQ,std_all__tvn_efaar_e0.2_c150,0.2854243130882561,0.03446301625825284,0.00983658274246122,370,57,1480,5753,7233
1418,openphenom,MQ,std_all__tvn_efaar_e0.2_c150,0.2608304554305951,0.021981778687228032,0.005733517346164236,370,92,1480,5817,7297
1419,openphenom,MQ,std_all__tvn_efaar_e0.2_c150,0.2570371991062533,-0.0016053686854323548,-0.00041263947043642025,370,61,1480,5849,7329
1420,openphenom,MQ,std_all__tvn_efaar_e0.2_c150,0.269941653370047,0.007367954199950756,0.0019889177386894887,370,63,1480,5785,7265
1421,openphenom,MQ,std_all__tvn_efaar_e0.2_c150,0.2672027464868409,-0.0026655217418456198,-0.0007122347302415377,370,103,1480,5657,7137
1422,openphenom,MQ,std_all__tvn_efaar_e0.2_c150,0.24598544107867984,0.1676253846888428,0.04123340418866838,370,73,1480,5817,7297
1423,openphenom,MQ,std_all__tvn_efaar_e0.2_c150,0.24244675040393057,0.01665061527950812,0.004036887566742777,370,71,1480,5823,7303
1424,openphenom,MQ,std_all__tvn_efaar_e0.2_c150,0.2696255336026444,0.03856198391535188,0.010397295489953341,370,44,1480,5721,7201
1425,openphenom,MQ,std_all__tvn_efaar_e0.2_c150,0.28116360458145484,-0.012808723108790722,-0.0036013467593533775,370,86,1480,5497,6977
1426,openphenom,MQ,std_all__tvn_efaar_e0.2_c150,0.2641313375370913,-0.01621589207134396,-0.004283125262161194,370,63,1480,5497,6977
1427,openphenom,MQ,std_all__tvn_efaar_e0.2_c150,0.24212106055350543,0.06570650164268753,0.015908927862988153,370,73,1480,5721,7201
1428,openphenom,MQ,std_all__tvn_efaar_e0.2_c150,0.24428999204419743,0.04316876913688153,0.010545698269006585,370,94,1480,5657,7137
1429,openphenom,MQ,std_all__tvn_efaar_e0.2_c150,0.2721317115707052,0.026350499904371067,0.007170806639720202,370,69,1480,5817,7297
1430,openphenom,MQ,std_all__tvn_efaar_e0.2_c150,0.24998525516154457,0.016901930148469285,0.004225233320887697,370,77,1480,5567,7047
1431,openphenom,MQ,std_all__tvn_efaar_e0.2_c150,0.24226199405894838,0.04440083039339536,0.010756633708977122,370,64,1480,5529,7009
1432,openphenom,MQ,std_all__tvn_efaar_e0.2_c150,0.25934627666896437,0.02846232069262257,0.007381596896989683,370,59,1480,5752,7232
1433,openphenom,MQ,std_all__tvn_efaar_e0.2_c150,0.2540533936654309,0.02017057969360959,0.0051244042233605435,370,65,1480,5721,7201
1434,openphenom,MQ,std_all__tvn_efaar_e0.2_c150,0.27512452070781745,0.06565294992460417,0.018062736381061064,370,63,1480,5625,7105
1435,openphenom,MQ,std_all__tvn_efaar_e0.2_c150,0.28527874152410826,0.0057826907351490936,0.0016496787355464537,370,88,1480,5785,7265
1436,openphenom,MQ,std_all__tvn_efaar_e0.2_c150,0.22752426299696807,0.08888031479853291,0.020222428119474715,370,92,1480,5721,7201
1437,openphenom,MQ,std_all__tvn_efaar_e0.2_c150,0.2559524963493958,0.059594549951791705,0.015253373828979852,370,52,1480,5753,7233
1438,openphenom,MQ,std_all__tvn_efaar_e0.2_c150,0.24791464649989114,-0.02972610660310169,-0.007369537210326035,370,64,1480,5689,7169
1439,openphenom,MQ,std_all__tvn_efaar_e0.2_c150,0.25056938660986133,-0.02750293672004022,-0.00689139398391031,370,58,1480,5721,7201
1440,openphenom,MQ,std_all__tvn_efaar_e0.2_c150,0.25344045236206103,0.008570454523097683,0.002172099871282349,370,81,1480,5657,7137
1441,openphenom,MQ,std_all__tvn_efaar_e0.2_c150,0.3089907637275938,0.07030375996889111,0.021723212485709104,370,76,1480,5593,7073
1442,openphenom,MQ,std_all__tvn_efaar_e0.2_c150,0.2704379975755413,-0.0028713934337095868,-0.0007765338904639785,370,57,1480,5785,7265
1443,openphenom,MQ,std_all__tvn_efaar_e0.2_c150,0.2571739996690791,-0.008341013209878005,-0.0021450917284769506,370,62,1480,5657,7137
1444,openphenom,MQ,std_all__tvn_efaar_e0.2_c150,0.2560377972647879,-0.025595222470198846,-0.006553344381771916,370,82,1480,5721,7201
1445,openphenom,MQ,std_all__tvn_efaar_e0.2_c150,0.28302913811051855,-0.006837702424929311,-0.0019352690239839456,370,85,1480,5817,7297
1446,openphenom,MQ,std_all__tvn_efaar_e0.2_c150,0.2621496795701767,-0.03351779997991194,-0.008786680524631189,370,87,1480,5657,7137
1447,openphenom,MQ,std_all__tvn_efaar_e0.2_c150,0.265620596185066,0.0183013510644027,0.004861215780718837,370,55,1480,5721,7201
1448,openphenom,MQ,std_all__tvn_efaar_e0.2_c150,0.275613052091851,0.026132251338174334,0.0072023895493455855,370,68,1480,5657,7137
1449,openphenom,MQ,std_all__tvn_efaar_e0.2_c150,0.2738171170706022,0.023154694797233016,0.006340151776028016,370,74,1480,5625,7105
1450,openphenom,MQ,std_all__tvn_efaar_e0.2_c150,0.27056996410444345,0.002321242708678698,0.0006280585563648965,370,83,1480,5881,7361
1451,openphenom,MQ,std_all__tvn_efaar_e0.2_c150,0.2601144683488853,0.02772446634403613,0.007211534823335522,370,70,1480,5689,7169
1452,openphenom,MQ,std_all__tvn_efaar_e0.2_c150,0.26281186653596894,0.012883858407368264,0.0033860308762255894,370,63,1480,5913,7393
1453,openphenom,MQ,std_all__tvn_efaar_e0.2_c150,0.23331714690572466,-0.03725206818327964,-0.008691546264860328,370,56,1480,5657,7137
1454,openphenom,MQ,std_all__tvn_efaar_e0.2_c150,0.2797176631561941,0.05818332219223223,0.01627490291827513,370,79,1480,5785,7265
1455,openphenom,MQ,std_all__tvn_efaar_e0.2_c150,0.32777676691274166,0.036063624172326836,0.01182081813436149,370,81,1480,5657,7137
1456,openphenom,MQ,std_all__tvn_efaar_e0.2_c150,0.24970996734693618,0.00959544537276395,0.0023960783507121957,370,79,1480,5753,7233
1457,openphenom,MQ,std_all__tvn_efaar_e0.2_c150,0.27998421504472315,-0.02712400814499129,-0.007594294129342064,370,76,1480,5887,7367
1458,openphenom,MQ,std_all__tvn_efaar_e0.2_c150,0.26421601123271005,-0.005785873190419537,-0.0015287203358709243,370,85,1480,5721,7201
1459,openphenom,MQ,std_all__tvn_efaar_e0.2_c150,0.28200879504677545,0.0804596679564348,0.02269033401025783,370,85,1480,5817,7297
1460,openphenom,MQ,std_all__tvn_efaar_e0.2_c150,0.2701907772563445,-0.050858549794583464,-0.013741511099129005,370,40,1480,5657,7137
1461,openphenom,MQ,std_all__tvn_efaar_e0.2_c150,0.2860096958159582,0.018715269799290012,0.005352748622408526,370,81,1480,5785,7265
1462,openphenom,MQ,std_all__tvn_efaar_e0.2_c150,0.28121644997765494,-0.019695583026689577,-0.005538721939005799,370,75,1480,5817,7297
1463,openphenom,MQ,std_all__tvn_efaar_e0.2_c150,0.256581882445989,0.01832808551191685,0.004702654682278684,370,79,1480,5849,7329
1464,openphenom,MQ,std_all__tvn_efaar_e0.2_c150,0.30035657576343694,0.053904702791208375,0.01619063194791313,370,94,1480,5721,7201
1465,openphenom,MQ,std_all__tvn_efaar_e0.2_c150,0.2719550598109624,0.04534994694763649,0.012333147534568455,370,78,1480,5561,7041
1466,openphenom,MQ,std_all__tvn_efaar_e0.2_c150,0.26964562590736135,-0.006202143973516085,-0.0016723809937063139,370,57,1480,5625,7105
1467,openphenom,MQ,std_all__tvn_efaar_e0.2_c150,0.2468931123932888,-0.01260798391347989,-0.0031128243894035677,370,75,1480,5657,7137
1468,openphenom,MQ,std_all__tvn_efaar_e0.2_c150,0.28283893285318595,-0.01369896298267367,-0.0038746000712147183,370,90,1480,5785,7265
1469,openphenom,MQ,std_all__tvn_efaar_e0.2_c150,0.2932787893877221,0.04329698481769209,0.012698087291471321,370,70,1480,5881,7361
1470,openphenom,MQ,std_all__tvn_efaar_e0.2_c150,0.25643157518422716,0.039397347004449204,0.010102723750430503,370,102,1480,5689,7169
1471,openphenom,MQ,std_all__tvn_efaar_e0.2_c150,0.2674218837619902,-0.00230163229314817,-0.0006155068435611129,370,67,1480,5881,7361
1472,openphenom,MQ,std_all__tvn_efaar_e0.2_c150,0.2873926804754504,-0.018051898579910002,-0.005187983520551312,370,67,1480,5657,7137
1473,openphenom,MQ,std_all__tvn_efaar_e0.2_c150,0.27722143305901736,0.03134589637694756,0.008689754314136863,370,82,1480,5497,6977
1474,openphenom,MQ,std_all__tvn_efaar_e0.2_c150,0.23720428811929897,0.03355352964171874,0.00795904111255369,370,84,1480,5593,7073
1475,openphenom,MQ,std_all__tvn_efaar_e0.2_c150,0.23506294562898036,-0.028294969757385477,-0.006651098937653946,370,84,1480,5593,7073
1476,openphenom,MQ,std_all__tvn_efaar_e0.2_c150,0.27258911118668466,0.010624736011723897,0.0028961873460289778,370,79,1480,5657,7137
1477,openphenom,MQ,std_all__tvn_efaar_e0.2_c150,0.2532985189143002,0.0209199461603841,0.005298991378192194,370,58,1480,5689,7169
1478,openphenom,MQ,std_all__tvn_efaar_e0.2_c150,0.2776172503871728,0.006233456372461265,0.0017305150185310968,370,48,1480,5657,7137
1479,openphenom,MQ,std_all__tvn_efaar_e0.2_c150,0.2637619050147651,0.08629343582114628,0.022760921022454913,370,84,1480,5497,6977
1480,openphenom,MQ,std_all__tvn_efaar_e0.2_c150,0.2672389258023248,0.06449531681360782,0.017235659184549168,370,51,1480,5689,7169
1481,openphenom,MQ,std_all__tvn_efaar_e0.2_c150,0.29630468552762135,0.01812064492619898,0.005369231996415076,370,50,1480,6041,7521
1482,openphenom,MQ,std_all__tvn_efaar_e0.2_c150,0.24817152836466735,0.010884208765466079,0.002701150724365826,370,70,1480,5689,7169
1483,openphenom,MQ,std_all__tvn_efaar_e0.2_c150,0.2688447580087318,0.035637435653428556,0.009580937764297751,370,73,1480,5753,7233
1484,openphenom,MQ,std_all__tvn_efaar_e0.2_c150,0.27767227306739994,0.08265637036984594,0.022951382244096007,370,67,1480,5753,7233
1485,openphenom,MQ,std_all__tvn_efaar_e0.2_c150,0.2856898047717415,0.006001213166382074,0.0017144854178972994,370,62,1480,5593,7073
1486,openphenom,MQ,std_all__tvn_efaar_e0.2_c150,0.25001200348203345,0.0371774156322183,0.009294800166495166,370,92,1480,5529,7009
1487,openphenom,MQ,std_all__tvn_efaar_e0.2_c150,0.2588893566531018,0.05823690420479998,0.015076914663048988,370,86,1480,5753,7233
1488,openphenom,MQ,std_all__tvn_efaar_e0.2_c150,0.2501759909360598,0.03592811564163777,0.00898835193311208,370,76,1480,5849,7329
1489,openphenom,MQ,std_all__tvn_efaar_e0.2_c150,0.28254975280778166,0.07416105906447512,0.02095418890663074,370,61,1480,5785,7265
1490,openphenom,MQ,std_all__tvn_efaar_e0.2_c150,0.2762863925867202,0.00439119763722764,0.0012132281543249539,370,70,1480,5497,6977
1491,openphenom,MQ,std_all__tvn_efaar_e0.2_c150,0.30187916996190056,0.01498890277227642,0.004524837527534436,370,102,1480,5625,7105
1492,openphenom,MQ,std_all__tvn_efaar_e0.2_c150,0.29230897272407996,0.059840991952695835,0.017492058884482454,370,66,1480,5689,7169
1493,openphenom,MQ,std_all__tvn_efaar_e0.2_c150,0.25638990809349593,0.04287009278615319,0.010991459149401459,370,62,1480,5477,6957
1494,openphenom,MQ,std_all__tvn_efaar_e0.2_c150,0.2851055691522786,0.18266871939738122,0.052079869210108244,370,52,1480,5497,6977
1495,openphenom,MQ,std_all__tvn_efaar_e0.2_c150,0.25191214091253894,-0.030980584382855114,-0.007804385338606601,370,65,1480,5657,7137
1496,openphenom,MQ,std_all__tvn_efaar_e0.2_c150,0.25517058479334204,-0.018832231212275716,-0.004805431451399823,370,97,1480,5785,7265
1497,openphenom,MQ,std_all__tvn_efaar_e0.2_c150,0.2688847192586215,0.030159655292881702,0.008109470446363294,370,65,1480,5497,6977
1498,openphenom,MQ,std_all__tvn_efaar_e0.2_c150,0.23418623369244354,-0.0315565127605676,-0.00739010087186486,370,58,1480,5433,6913
1499,openphenom,MQ,std_all__tvn_efaar_e0.2_c150,0.24469038260881731,0.031225245161760683,0.007640517185685343,370,70,1480,5657,7137
1500,openphenom,MQ,std_all__tvn_efaar_e0.2_c150,0.27567363538004086,0.12142988029703779,0.0334750165452476,370,71,1480,5721,7201
1501,openphenom,MQ,std_all__tvn_efaar_e0.2_c150,0.26484258480904443,-0.0161412638850472,-0.00427489404940078,370,44,1480,5913,7393
1502,openphenom,MQ,std_all__tvn_efaar_e0.2_c150,0.26269068521416544,0.1882900417775391,0.04946204009354559,370,72,1480,5945,7425
1503,openphenom,MQ,std_all__tvn_efaar_e0.2_c150,0.26709379802784544,0.0874832115813902,0.023366223244947106,370,50,1480,5657,7137
1504,openphenom,MQ,std_all__tvn_efaar_e0.2_c150,0.25818510897705804,0.00872132900697267,0.002251717280090016,370,67,1480,5657,7137
1505,openphenom,MQ,std_all__tvn_efaar_e0.2_c150,0.2611749599039917,0.026801928130341164,0.006999992504791521,370,83,1480,5529,7009
1506,openphenom,MQ,std_all__tvn_efaar_e0.2_c150,0.23553190227197884,-0.010679443451457892,-0.0025153496313279045,370,57,1480,5369,6849
1507,openphenom,MQ,std_all__tvn_efaar_e0.2_c150,0.2539106990518641,0.03411729890693637,0.008662747215221612,370,74,1480,5497,6977
1508,openphenom,MQ,std_all__tvn_efaar_e0.2_c150,0.2493371237632192,-0.02761440882134015,-0.006885297269934621,370,74,1480,5945,7425
1509,openphenom,MQ,std_all__tvn_efaar_e0.2_c150,0.2894421353517689,-0.031515785059013667,-0.00912199612476829,370,57,1480,5721,7201
1510,openphenom,MQ,std_all__tvn_efaar_e0.2_c150,0.28189180658037977,0.10404878410551106,0.029330499723994416,370,50,1480,5721,7201
1511,openphenom,MQ,std_all__tvn_efaar_e0.2_c150,0.2895569383773382,0.06803804259497095,0.019700887306986718,370,72,1480,5945,7425
1512,openphenom,MQ,std_all__tvn_efaar_e0.2_c150,0.2660855729827256,0.051720772461860035,0.013762151375623203,370,58,1480,5311,6791
1513,openphenom,MQ,std_all__tvn_efaar_e0.2_c150,0.2619819602151096,0.06943667938578733,0.018191157376316658,370,97,1480,5724,7204
1514,openphenom,MQ,std_all__tvn_efaar_e0.2_c150,0.2621541145244779,0.012271404937532053,0.0032169992953700213,370,59,1480,5753,7233
1515,openphenom,MQ,std_all__tvn_efaar_e0.2_c150,0.2831472998182198,-0.012701213816275201,-0.00359631439649219,370,61,1480,5689,7169
1516,openphenom,MQ,std_all__tvn_efaar_e0.2_c150,0.28842877578161685,-0.010262818694429677,-0.002960092232103043,370,99,1480,5593,7073
1517,openphenom,MQ,std_all__tvn_efaar_e0.2_c150,0.2709804250777799,0.0028549443410657116,0.0007736340311153888,370,70,1480,5721,7201
1518,openphenom,MQ,std_all__tvn_efaar_e0.2_c150,0.26818451607131666,0.009181245019757062,0.0024622677525557336,370,96,1480,5849,7329
1519,openphenom,MQ,std_all__tvn_efaar_e0.2_c150,0.23469708791601887,0.01435719857924131,0.0033695926971799386,370,96,1480,5913,7393
1520,openphenom,MQ,std_all__tvn_efaar_e0.2_c150,0.2576701221188986,0.04713335562633489,0.012144857500111187,370,69,1480,5657,7137
1521,openphenom,MQ,std_all__tvn_efaar_e0.2_c150,0.27515215792596637,0.014522527528911807,0.003995904788119336,370,57,1480,5849,7329
1522,openphenom,MQ,std_all__tvn_efaar_e0.2_c150,0.26930938798134296,0.0349173568028092,0.009403571990490727,370,47,1480,5785,7265
1523,openphenom,MQ,std_all__tvn_efaar_e0.2_c150,0.2667038994680832,0.04714875501404957,0.01257475681731236,370,77,1480,5497,6977
1524,openphenom,MQ,std_all__tvn_efaar_e0.2_c150,0.25710944319912943,0.03358817948137656,0.00863583812452915,370,90,1480,5822,7302
1525,openphenom,MQ,std_all__tvn_efaar_e0.2_c150,0.23604776425194607,-0.037442828325834725,-0.008838295913582723,370,51,1480,5625,7105
1526,openphenom,MQ,std_all__tvn_efaar_e0.2_c150,0.2569691507234185,0.03111688392195685,0.007996079234584449,370,50,1480,5721,7201
1527,openphenom,MQ,std_all__tvn_efaar_e0.2_c150,0.25739265273266176,0.029089541222852466,0.007487434182126114,370,59,1480,5753,7233
1528,openphenom,MQ,std_all__tvn_efaar_e0.2_c150,0.2820312232635183,0.050687444723011905,0.014295442039333014,370,69,1480,5369,6849
1529,openphenom,MQ,std_all__tvn_efaar_e0.2_c150,0.2577342974986468,0.004259516972912258,0.0010978236146971035,370,96,1480,5817,7297
1530,openphenom,MQ,std_all__tvn_efaar_e0.2_c150,0.29484059328639933,-0.09291157503833983,-0.027394103907477926,370,80,1480,5849,7329
1531,openphenom,MQ,std_all__tvn_efaar_e0.2_c150,0.2553718660809835,0.012297520802032912,0.0031404408353848576,370,47,1480,5625,7105
1532,openphenom,MQ,std_all__tvn_efaar_e0.2_c150,0.2629545231543817,0.16705111905227127,0.043926847352795846,370,63,1480,5593,7073
1533,openphenom,MQ,std_all__tvn_efaar_e0.2_c150,0.24041021903194795,0.0010103323183378399,0.00024289421394665584,370,65,1480,5849,7329
1534,openphenom,MQ,std_all__tvn_efaar_e0.2_c150,0.2786363212842557,0.041760065096448154,0.01163587091506536,370,84,1480,5689,7169
1535,openphenom,MQ,std_all__tvn_efaar_e0.2_c150,0.2818915782125016,0.02735574481616254,0.007711354079406519,370,86,1480,5913,7393
1536,openphenom,MQ,std_all__tvn_efaar_e0.2_c150,0.2608123632937088,-0.03097368894248265,-0.008078321013013116,370,77,1480,5689,7169
1537,openphenom,MQ,std_all__tvn_efaar_e0.2_c150,0.27620565079987525,0.03155032506792747,0.008714378068334526,370,66,1480,5657,7137
1538,openphenom,MQ,std_all__tvn_efaar_e0.2_c150,0.26678991190782325,0.009043066679874468,0.002412598962900281,370,59,1480,5785,7265
1539,openphenom,MQ,std_all__tvn_efaar_e0.2_c150,0.22948202276517068,0.04623037587658644,0.010609040169353207,370,66,1480,5689,7169
1540,openphenom,MQ,std_all__tvn_efaar_e0.2_c150,0.2814906959911029,0.025143038260712316,0.007077531339338839,370,92,1480,5753,7233
1541,openphenom,MQ,std_all__tvn_efaar_e0.2_c150,0.2702168552232404,-0.03482457868630785,-0.009410188137088393,370,75,1480,5849,7329
1542,openphenom,MQ,std_all__tvn_efaar_e0.2_c150,0.24480278388345206,0.04664526537642816,0.011418890819132011,370,85,1480,5625,7105
1543,openphenom,MQ,std_all__tvn_efaar_e0.2_c150,0.25144058145888065,-0.015908019572214927,-0.003999921691096975,370,64,1480,5817,7297
1544,openphenom,MQ,std_all__tvn_efaar_e0.2_c150,0.266220817784297,0.00828319383577638,0.002205158636826236,370,60,1480,5497,6977
1545,openphenom,MQ,std_all__tvn_efaar_e0.2_c150,0.2709869880724373,0.018821530790660172,0.00510038993987364,370,103,1480,5465,6945
1546,openphenom,MQ,std_all__tvn_efaar_e0.2_c150,0.24676423880533868,0.059600628774718466,0.014707303791912967,370,57,1480,5529,7009
1547,openphenom,MQ,std_all__tvn_efaar_e0.2_c150,0.2733282452598117,-0.02834082937089108,-0.007746349161153392,370,79,1480,5529,7009
1548,openphenom,MQ,std_all__tvn_efaar_e0.2_c150,0.2780868067764315,0.04812953099606673,0.01338418758634348,370,63,1480,5849,7329
1549,openphenom,MQ,std_all__tvn_efaar_e0.2_c150,0.2942772885507828,-0.02420269291300107,-0.007122302846065201,370,68,1480,5689,7169
1550,openphenom,MQ,std_all__tvn_efaar_e0.2_c150,0.2627907854790568,-0.07126611648833539,-0.01872807873001162,370,66,1480,5593,7073
1551,openphenom,MQ,std_all__tvn_efaar_e0.2_c150,0.2693680268553145,0.09141248246065536,0.024623600030372783,370,64,1480,5625,7105
1552,openphenom,MQ,std_all__tvn_efaar_e0.2_c150,0.2592048914237605,0.00927015762523902,0.0024028702007312256,370,79,1480,5657,7137
1553,openphenom,MQ,std_all__tvn_efaar_e0.2_c150,0.27272982783049715,-0.0043876712479964525,-0.0011966488240428951,370,64,1480,5817,7297
1554,openphenom,MQ,std_all__tvn_efaar_e0.2_c150,0.24591019353856203,-0.0061355107857058565,-0.001508784644770862,370,80,1480,5625,7105
1555,openphenom,MQ,std_all__tvn_efaar_e0.2_c150,0.2342993575860473,-0.04307793155889889,-0.010093131690385724,370,91,1480,5881,7361
1556,openphenom,MQ,std_all__tvn_efaar_e0.2_c150,0.28616825074309893,0.028245987578495085,0.00808310485584924,370,59,1480,5881,7361
1557,openphenom,MQ,std_all__tvn_efaar_e0.2_c150,0.29928330143924736,-0.04316860572289321,-0.012919642839276668,370,114,1480,5785,7265
1558,openphenom,MQ,std_all__tvn_efaar_e0.2_c150,0.28434425486164366,-0.0007030531468081127,-0.00019990912315728657,370,69,1480,5689,7169
1559,openphenom,MQ,std_all__tvn_efaar_e0.2_c150,0.27566069237765783,0.05071616073212127,0.013980451982153131,370,52,1480,5593,7073
1560,openphenom,MQ,std_all__tvn_efaar_e0.2_c150,0.2681568896975632,0.02752885028516636,0.0073820508694200865,370,73,1480,5593,7073
1561,openphenom,MQ,std_all__tvn_efaar_e0.2_c150,0.2945839263916572,-0.014623863954526434,-0.004307955262741824,370,90,1480,5721,7201
1562,openphenom,MQ,std_all__tvn_efaar_e0.2_c150,0.29714826447516995,0.00017903896749030886,5.320111846317165e-05,370,106,1480,5849,7329
1563,openphenom,MQ,std_all__tvn_efaar_e0.2_c150,0.285683736017321,-0.007687292639584704,-0.0021961344811350114,370,78,1480,5689,7169
1564,openphenom,MQ,std_all__tvn_efaar_e0.2_c150,0.2731528987231234,0.0807282172713908,0.022051146556430517,370,78,1480,5305,6785
1565,openphenom,MQ,std_all__tvn_efaar_e0.2_c150,0.3084163691214425,0.13084277158807925,0.04035405253898164,370,84,1480,5785,7265
1566,openphenom,MQ,std_all__tvn_efaar_e0.2_c150,0.23733999291386937,0.0005749454968707101,0.00013645756015315545,370,76,1480,5625,7105
1567,openphenom,MQ,std_all__tvn_efaar_e0.2_c150,0.2627551974917552,0.03169240268828007,0.008327343527347264,370,70,1480,5689,7169
1568,openphenom,MQ,std_all__tvn_efaar_e0.2_c150,0.2583767217269185,0.027908637810070504,0.007210942345229942,370,94,1480,5753,7233
1569,openphenom,MQ,std_all__tvn_efaar_e0.2_c150,0.27536504603050926,-0.015293240206248294,-0.004211223793349196,370,58,1480,5689,7169
1570,openphenom,MQ,std_all__tvn_efaar_e0.2_c150,0.2616365134057489,-0.04587554767176609,-0.0120027183434201,370,75,1480,5497,6977
1571,openphenom,MQ,std_all__tvn_efaar_e0.2_c150,0.28480922088301136,0.017576565177696128,0.005005967834059102,370,55,1480,5497,6977
1572,openphenom,MQ,std_all__tvn_efaar_e0.2_c150,0.24340632513973676,-0.0031863509200523907,-0.0007755779680555715,370,96,1480,5753,7233
1573,openphenom,MQ,std_all__tvn_efaar_e0.2_c150,0.24941630847606883,0.016385864474826622,0.0040869018285004145,370,42,1480,5785,7265
1574,openphenom,MQ,std_all__tvn_efaar_e0.2_c150,0.272925210852046,-0.028843120081196185,-0.007872014629791351,370,81,1480,5689,7169
1575,openphenom,MQ,std_all__tvn_efaar_e0.2_c150,0.2512173175089028,-0.007849041026638097,-0.0019718150317293475,370,76,1480,5625,7105
1576,openphenom,MQ,std_all__tvn_efaar_e0.2_c150,0.30089825325040565,0.09993326499814982,0.030069744879553183,370,60,1480,5593,7073
1577,openphenom,MQ,std_all__tvn_efaar_e0.2_c150,0.25742478952315007,-0.007946694732226619,-0.002045676218848163,370,70,1480,5529,7009
1578,openphenom,MQ,std_all__tvn_efaar_e0.2_c150,0.2769264116963604,0.03460556799641725,0.009583195769962237,370,67,1480,5689,7169
1579,openphenom,MQ,std_all__tvn_efaar_e0.2_c150,0.2532466656726906,0.051091728027556585,0.01293880976643466,370,50,1480,5529,7009
1580,openphenom,MQ,std_all__tvn_efaar_e0.2_c150,0.27368753899003895,-0.025465397123343697,-0.006969561868091953,370,53,1480,5625,7105
1581,openphenom,MQ,std_all__tvn_efaar_e0.2_c150,0.24152989768915117,0.0027936115729760473,0.0006747407174041334,370,53,1480,5657,7137
1582,openphenom,MQ,std_all__tvn_efaar_e0.2_c150,0.23469682664677896,-0.07225830477641625,-0.016958794829900686,370,58,1480,5721,7201
1583,openphenom,MQ,std_all__tvn_efaar_e0.2_c150,0.24116404105671035,0.04380465756393485,0.010564108235223921,370,101,1480,5849,7329
1584,openphenom,MQ,std_all__tvn_efaar_e0.2_c150,0.238730632063932,-0.025036474519123813,-0.005976973386602955,370,82,1480,5628,7108
1585,openphenom,MQ,std_all__tvn_efaar_e0.2_c150,0.25152038264791426,-0.011358114634461866,-0.002856797339018723,370,120,1480,5913,7393
1586,openphenom,MQ,std_all__tvn_efaar_e0.2_c150,0.2623463213239677,0.03271948360489471,0.008583836159364,370,69,1480,5849,7329
1587,openphenom,MQ,std_all__tvn_efaar_e0.2_c150,0.28131639358605603,0.015418582982135061,0.004337500158741572,370,57,1480,5785,7265
1588,openphenom,MQ,std_all__tvn_efaar_e0.2_c150,0.24972165552455247,0.0376904283685358,0.009412116169620316,370,68,1480,5689,7169
1589,openphenom,MQ,std_all__tvn_efaar_e0.2_c150,0.25383089000185405,0.1133277031116355,0.02876607174269232,370,80,1480,5625,7105
1590,openphenom,MQ,std_all__tvn_efaar_e0.2_c150,0.28688554773751446,0.036873740182255754,0.010578543149317238,370,100,1480,5689,7169
1591,openphenom,MQ,std_all__tvn_efaar_e0.2_c150,0.27809582381121684,0.02185258380561002,0.006077112295824775,370,86,1480,5785,7265
1592,openphenom,MQ,std_all__tvn_efaar_e0.2_c150,0.2641458128465039,0.05623285022837743,0.014853671932250468,370,74,1480,5753,7233
1593,openphenom,MQ,std_all__tvn_efaar_e0.2_c150,0.2518877007388337,0.029156274433617384,0.007344106929194324,370,67,1480,5689,7169
1594,openphenom,MQ,std_all__tvn_efaar_e0.2_c150,0.2557484503507367,0.009201432979446842,0.002353252225499692,370,97,1480,5721,7201
1595,openphenom,MQ,std_all__tvn_efaar_e0.2_c150,0.27435983118548296,0.05085453848444921,0.013952442593609131,370,64,1480,5689,7169
1596,openphenom,MQ,std_all__tvn_efaar_e0.2_c150,0.2667743401134299,0.030239645495564127,0.008067161472343171,370,89,1480,5817,7297
1597,openphenom,MQ,std_all__tvn_efaar_e0.2_c150,0.3086922492156489,-0.0032824327622236636,-0.001013261552269958,370,93,1480,5631,7111
1598,openphenom,MQ,std_all__tvn_efaar_e0.2_c150,0.2788069235067176,-0.03248990207781989,-0.009058409643351476,370,84,1480,5753,7233
1599,openphenom,MQ,std_all__tvn_efaar_e0.2_c150,0.27425850231637344,0.015787420647551557,0.004329834342236081,370,63,1480,5657,7137
1600,openphenom,MQ,std_all__tvn_efaar_e0.2_c150,0.2657449947893877,-0.02790940005412231,-0.00741678337195767,370,63,1480,5625,7105
1601,openphenom,MQ,std_all__tvn_efaar_e0.2_c150,0.2675985123902273,0.016668815738785946,0.0044605502950059266,370,68,1480,5753,7233
1602,openphenom,MQ,std_all__tvn_efaar_e0.2_c150,0.25730258050997384,-0.014007736717249065,-0.0036042268044524945,370,84,1480,5881,7361
1603,openphenom,MQ,std_all__tvn_efaar_e0.2_c150,0.25098420521086634,0.011977888206505373,0.0030062607516143603,370,76,1480,5817,7297
1604,openphenom,MQ,std_all__tvn_efaar_e0.2_c150,0.23927748086234654,0.05406324099169698,0.012936116111747203,370,64,1480,5625,7105
1605,openphenom,MQ,std_all__tvn_efaar_e0.2_c150,0.24736940863894907,0.01579725382567909,0.003907757336977612,370,74,1480,5503,6983
1606,openphenom,MQ,std_all__tvn_efaar_e0.2_c150,0.2526788751805563,-0.018824544002648817,-0.00475656460437619,370,84,1480,5881,7361
1607,openphenom,MQ,std_all__tvn_efaar_e0.2_c150,0.24280429718076815,0.039158242132914696,0.009507789459916696,370,73,1480,5753,7233
1608,openphenom,MQ,std_all__tvn_efaar_e0.2_c150,0.27210395538341925,0.024571492950990797,0.006686000421640401,370,72,1480,5785,7265
1609,openphenom,MQ,std_all__tvn_efaar_e0.2_c150,0.26262825623655817,-0.016300627896764563,-0.004281005480088272,370,108,1480,5593,7073
1610,openphenom,MQ,std_all__tvn_efaar_e0.2_c150,0.2678843775424348,-0.003980734477399945,-0.0010663765776399937,370,65,1480,5625,7105
1611,openphenom,MQ,std_all__tvn_efaar_e0.2_c150,0.26359076254954966,0.026647249766669923,0.007023968885844834,370,48,1480,5657,7137
1612,openphenom,MQ,std_all__tvn_efaar_e0.2_c150,0.27662279742979234,-0.0011898284714395102,-0.0003291336802312111,370,95,1480,5657,7137
1613,openphenom,MQ,std_all__tvn_efaar_e0.2_c150,0.24794023257470352,0.013784041640917032,0.0034176184902683666,370,49,1480,5529,7009
1614,openphenom,MQ,std_all__tvn_efaar_e0.2_c150,0.25880271113893,-0.028778952242451403,-0.007448070864084212,370,88,1480,5753,7233
1615,openphenom,MQ,std_all__tvn_efaar_e0.2_c150,0.305555955842078,0.06824457102360024,0.02085253513014875,370,49,1480,5977,7457
1616,openphenom,MQ,std_all__tvn_efaar_e0.2_c150,0.27163377809421463,-0.008396151465033962,-0.0022806783438984505,370,72,1480,5657,7137
1617,openphenom,MQ,std_all__tvn_efaar_e0.2_c150,0.2687841519523261,0.02005208685552976,0.005389683160337951,370,73,1480,5689,7169
1618,openphenom,MQ,std_all__tvn_efaar_e0.2_c150,0.2681207515741784,0.018476536510740778,0.004953942855747565,370,46,1480,5753,7233
1619,openphenom,MQ,std_all__tvn_efaar_e0.2_c150,0.2541928335147767,0.005034740402135078,0.0012797949288300416,370,48,1480,5785,7265
1620,openphenom,MQ,std_all__tvn_efaar_e0.2_c150,0.22461218033709782,-0.009540510756250715,-0.0021429149224910073,370,52,1480,5561,7041
1621,openphenom,MQ,std_all__tvn_efaar_e0.2_c150,0.26386379999571247,-0.011559693973527449,-0.0030501847786424895,370,71,1480,5625,7105
1622,openphenom,MQ,std_all__tvn_efaar_e0.2_c150,0.22767262932804258,0.03043466788810412,0.00692914086081041,370,65,1480,5305,6785
1623,openphenom,MQ,std_all__tvn_efaar_e0.2_c150,0.24674635571962333,0.015113704418473248,0.003729251486681843,370,68,1480,5753,7233
1624,openphenom,MQ,std_all__tvn_efaar_e0.2_c150,0.2631234125303413,0.04380649414763507,0.011526514231116166,370,72,1480,5689,7169
1625,openphenom,MQ,std_all__tvn_efaar_e0.2_c150,0.27639195935679817,-0.012042107987183583,-0.0033283418213638193,370,70,1480,5913,7393
1626,openphenom,MQ,std_all__tvn_efaar_e0.2_c150,0.2737403968572648,0.026127450343981857,0.007152138626030074,370,54,1480,5593,7073
1627,openphenom,MQ,std_all__tvn_efaar_e0.2_c150,0.2569638540587245,-0.018870230491880694,-0.004848967154170124,370,61,1480,5529,7009
1628,openphenom,MQ,std_all__tvn_efaar_e0.2_c150,0.2420502516583032,-0.03449825781170754,-0.008350311985096835,370,94,1480,5849,7329
1629,openphenom,MQ,std_all__tvn_efaar_e0.2_c150,0.26379651558848766,0.022840075262920864,0.006025132270137335,370,70,1480,5817,7297
1630,openphenom,MQ,std_all__tvn_efaar_e0.2_c150,0.25699009931645606,0.041839525071109086,0.010752343703377677,370,69,1480,5657,7137
1631,openphenom,MQ,std_all__tvn_efaar_e0.2_c150,0.2622994993220725,0.09752884141824242,0.025581766273466797,370,50,1480,5881,7361
1632,openphenom,MQ,std_all__tvn_efaar_e0.2_c150,0.2873426494596152,0.02011562377883216,0.00578007663214247,370,73,1480,5721,7201
1633,openphenom,MQ,std_all__tvn_efaar_e0.2_c150,0.26335426133034173,-0.01518894910347003,-0.004000074471528506,370,72,1480,5721,7201
1634,openphenom,MQ,std_all__tvn_efaar_e0.2_c150,0.26928061830639544,0.005003843018367961,0.0013474379418942646,370,53,1480,5663,7143
1635,openphenom,MQ,std_all__tvn_efaar_e0.2_c150,0.2793844859863827,0.04326943148972073,0.012088807875678629,370,77,1480,5753,7233
1636,openphenom,MQ,std_all__tvn_efaar_e0.2_c150,0.2638827650896308,0.0037418664331185197,0.0009874140609673892,370,56,1480,5753,7233
1637,openphenom,MQ,std_all__tvn_efaar_e0.2_c150,0.27544918590889705,-0.019595511377907562,-0.005397567656513167,370,61,1480,5881,7361
1638,openphenom,MQ,std_all__tvn_efaar_e0.2_c150,0.26983876605581714,0.02402335259357722,0.006482431820374691,370,58,1480,5881,7361
1639,openphenom,MQ,std_all__tvn_efaar_e0.2_c150,0.2478796858645582,0.010080021457851817,0.0024986325524803143,370,69,1480,5977,7457
1640,openphenom,MQ,std_all__tvn_efaar_e0.2_c150,0.2577630891242281,-0.02862808368970155,-0.007379263287564401,370,72,1480,5625,7105
1641,openphenom,MQ,std_all__tvn_efaar_e0.2_c150,0.27281243812751305,-0.00853101379781149,-0.002327366673880407,370,78,1480,5657,7137
1642,openphenom,MQ,std_all__tvn_efaar_e0.2_c150,0.2727887680002417,0.005946081930092916,0.0016220243641385458,370,113,1480,5593,7073
1643,openphenom,MQ,std_all__tvn_efaar_e0.2_c150,0.25859545212625695,0.03159387497808989,0.008170032384379591,370,104,1480,5689,7169
1644,openphenom,MQ,std_all__tvn_efaar_e0.2_c150,0.2584848531755907,0.052112761930704174,0.013470359616232582,370,61,1480,5561,7041
1645,openphenom,MQ,std_all__tvn_efaar_e0.2_c150,0.25704416894542126,0.01345134111158728,0.0034575887972293313,370,61,1480,5785,7265
1646,openphenom,MQ,std_all__tvn_efaar_e0.2_c150,0.2874699631698303,-0.002194516861806132,-0.0006308576814389804,370,71,1480,5753,7233
1647,openphenom,MQ,std_all__tvn_efaar_e0.2_c150,0.2601527565067777,0.004091594144529498,0.00106443949520634,370,70,1480,5881,7361
1648,openphenom,MQ,std_all__tvn_efaar_e0.2_c150,0.2889457299983434,0.04405567217474478,0.012729698357099334,370,87,1480,5817,7297
1649,openphenom,MQ,std_all__tvn_efaar_e0.2_c150,0.2729325844862126,-0.06127737077633856,-0.016724591176505998,370,101,1480,5913,7393
1650,openphenom,MQ,std_all__tvn_efaar_e0.2_c150,0.2513461289099721,0.04260358037345089,0.010708245004571744,370,48,1480,5625,7105
1651,openphenom,MQ,std_all__tvn_efaar_e0.2_c150,0.23712680779532658,0.05314038065106945,0.012601008828816637,370,79,1480,5689,7169
1652,openphenom,MQ,std_all__tvn_efaar_e0.2_c150,0.2643840179793806,0.0008276903791946655,0.0002188281080943628,370,77,1480,5535,7015
1653,openphenom,MQ,std_all__tvn_efaar_e0.2_c150,0.28322412596611624,-0.026246327295241473,-0.007433593108015386,370,61,1480,5753,7233
1654,openphenom,MQ,std_all__tvn_efaar_e0.2_c150,0.24590231048579123,-0.010726095264625602,-0.0026375716080621397,370,87,1480,5753,7233
1655,openphenom,MQ,std_all__tvn_efaar_e0.2_c150,0.24507633473417642,0.029832479388023792,0.007311234704449737,370,86,1480,5785,7265
1656,openphenom,MQ,std_all__tvn_efaar_e0.2_c150,0.2615859278921984,0.060313895440789134,0.01577726630367186,370,68,1480,5785,7265
1657,openphenom,MQ,std_all__tvn_efaar_e0.2_c150,0.2560678226816738,0.0066913938173927484,0.0017134506455253745,370,64,1480,5753,7233
1658,openphenom,MQ,std_all__tvn_efaar_e0.2_c150,0.25534523846825324,0.007858530840171164,0.0020066384313936285,370,61,1480,5657,7137
1659,openphenom,MQ,std_all__tvn_efaar_e0.2_c150,0.26819734748904056,-0.0016209243973597325,-0.00043472762385215184,370,50,1480,5785,7265
1660,openphenom,MQ,std_all__tvn_efaar_e0.2_c150,0.27398703982931116,-0.03187229080403968,-0.008732594609977808,370,72,1480,5625,7105
1661,openphenom,MQ,std_all__tvn_efaar_e0.2_c150,0.2944915916366798,0.04082596926007685,0.012022904667510196,370,87,1480,5913,7393
1662,openphenom,MQ,std_all__tvn_efaar_e0.2_c150,0.27160286893426927,-0.007484612038272337,-0.0020328421024547356,370,70,1480,5657,7137
1663,openphenom,MQ,std_all__tvn_efaar_e0.2_c150,0.23978659254329948,0.1222744779756336,0.029319780428787898,370,76,1480,5689,7169
1664,openphenom,MQ,std_all__tvn_efaar_e0.2_c150,0.28985402516370506,-0.032648320967120774,-0.009463247247156545,370,77,1480,5625,7105
1665,openphenom,MQ,std_all__tvn_efaar_e0.2_c150,0.24749495504090915,0.04119066593307974,0.010194482013212679,370,88,1480,5753,7233
1666,openphenom,MQ,std_all__tvn_efaar_e0.2_c150,0.2782142378584773,0.025754585340190497,0.007165292331782212,370,100,1480,5561,7041
1667,openphenom,MQ,std_all__tvn_efaar_e0.2_c150,0.24550030165051964,-0.021116901446820675,-0.005184205675118771,370,120,1480,5657,7137
1668,openphenom,MQ,std_all__tvn_efaar_e0.2_c150,0.2830319244801271,-0.004520802197846203,-0.001279531346250399,370,95,1480,5561,7041
1669,openphenom,MQ,std_all__tvn_efaar_e0.2_c150,0.23169630513520198,-0.01188161029306023,-0.00275292520395844,370,88,1480,5593,7073
1670,openphenom,MQ,std_all__tvn_efaar_e0.2_c150,0.280827802993505,0.029286531688482033,0.008224472351376074,370,79,1480,5753,7233
1671,openphenom,MQ,std_all__tvn_efaar_e0.2_c150,0.27901176901644115,0.014357511805632103,0.004005914767563851,370,54,1480,5785,7265
1672,openphenom,MQ,std_all__tvn_efaar_e0.2_c150,0.2691567377916469,0.03268058115319685,0.008796198612329642,370,58,1480,5529,7009
1673,openphenom,MQ,std_all__tvn_efaar_e0.2_c150,0.2618737807670663,0.04122105175433328,0.010794712670102166,370,107,1480,5657,7137
1674,openphenom,MQ,std_all__tvn_efaar_e0.2_c150,0.28252120743678705,0.02045491260627077,0.005778946607537574,370,55,1480,5785,7265
1675,openphenom,MQ,std_all__tvn_efaar_e0.2_c150,0.2686310560051151,-0.005825705853997886,-0.001564965515534633,370,57,1480,5497,6977
1676,openphenom,MQ,std_all__tvn_efaar_e0.2_c150,0.2542602893656313,-0.002877090424131717,-0.0007315298437708172,370,41,1480,5817,7297
1677,openphenom,MQ,std_all__tvn_efaar_e0.2_c150,0.25797695486193106,-0.007357235075455263,-0.0018979971009693384,370,70,1480,5593,7073
1678,openphenom,MQ,std_all__tvn_efaar_e0.2_c150,0.2859192856990218,0.11361459042309068,0.03248460253875701,370,55,1480,5625,7105
1679,openphenom,MQ,std_all__tvn_efaar_e0.2_c150,0.297590809612717,0.04850878947415799,0.01443576993294752,370,77,1480,5721,7201
1680,openphenom,MQ,std_all__tvn_efaar_e0.2_c150,0.2653256074140586,-0.0019998849862058977,-0.000530620698723336,370,89,1480,5913,7393
1681,openphenom,MQ,std_all__tvn_efaar_e0.2_c150,0.2881194783934784,0.021706602208951046,0.006254094906137701,370,60,1480,5593,7073
1682,openphenom,MQ,std_all__tvn_efaar_e0.2_c150,0.27933107534179225,0.05411218474201691,0.015115214753081306,370,73,1480,5849,7329
1683,openphenom,MQ,std_all__tvn_efaar_e0.2_c150,0.2750699904916238,0.033605994639355805,0.009244000625909162,370,84,1480,5689,7169
1684,openphenom,MQ,std_all__tvn_efaar_e0.2_c150,0.2524330520315988,0.02180691951596013,0.0055047872488212515,370,84,1480,5721,7201
1685,openphenom,MQ,std_all__tvn_efaar_e0.2_c150,0.2932218175084274,-0.00035631199220016025,-0.00010447844995297959,370,69,1480,5657,7137
1686,openphenom,MQ,std_all__tvn_efaar_e0.2_c150,0.23640436941699436,0.05193123214637022,0.0122767701886102,370,95,1480,5689,7169
1687,openphenom,MQ,std_all__tvn_efaar_e0.2_c150,0.2805973405703334,0.013525101110958013,0.0037951074026796807,370,52,1480,5721,7201
1688,openphenom,MQ,std_all__tvn_efaar_e0.2_c150,0.23912513191624488,-0.0327313561124399,-0.00782688984818478,370,72,1480,5529,7009
1689,openphenom,MQ,std_all__tvn_efaar_e0.2_c150,0.27337411047001564,-0.04200046554751994,-0.011481839908379803,370,52,1480,5529,7009
1690,openphenom,MQ,std_all__tvn_efaar_e0.2_c150,0.29775444734612355,-0.023469692485582602,-0.006988205315428117,370,61,1480,5849,7329
1691,openphenom,MQ,std_all__tvn_efaar_e0.2_c150,0.23874895561153409,-0.013802078320345025,-0.0032952317842509715,370,86,1480,5529,7009
1692,openphenom,MQ,std_all__tvn_efaar_e0.2_c150,0.24451970613926677,-0.03449108021800725,-0.00843374879933301,370,80,1480,5497,6977
1693,openphenom,MQ,std_all__tvn_efaar_e0.2_c150,0.26782515940187096,0.014650186922701803,0.0039236886478398155,370,79,1480,5817,7297
1694,openphenom,MQ,std_all__tvn_efaar_e0.2_c150,0.25104287326323305,0.048383169992984296,0.012146250012622217,370,50,1480,5753,7233
1695,openphenom,MQ,std_all__tvn_efaar_e0.2_c150,0.23090017655477535,-0.014756431074378096,-0.0034072625403922755,370,86,1480,5721,7201
1696,openphenom,MQ,std_all__tvn_efaar_e0.2_c150,0.2649649425823196,0.02340141133756824,0.006200553611404013,370,76,1480,5689,7169
1697,openphenom,MQ,std_all__tvn_efaar_e0.2_c150,0.2667725194574936,0.018203020126072236,0.004856065540767753,370,74,1480,5913,7393
1698,openphenom,MQ,std_all__tvn_efaar_e0.2_c150,0.2850830630594554,-0.0010411988520058338,-0.0002968281579838117,370,65,1480,5625,7105
1699,openphenom,MQ,std_all__tvn_efaar_e0.2_c150,0.2073888061936049,0.02743575339129415,0.00568986814284264,370,57,1480,5561,7041
1700,openphenom,MQ,std_all__tvn_efaar_e0.2_c150,0.2654967186966555,-0.030886984627560742,-0.008200393069051416,370,85,1480,5753,7233
1701,openphenom,MQ,std_all__tvn_efaar_e0.2_c150,0.2842253310366603,0.024408069555482994,0.006937391649372984,370,95,1480,5689,7169
1702,openphenom,MQ,std_all__tvn_efaar_e0.2_c150,0.27249509918972536,-0.02208549119068694,-0.0060181881126600435,370,59,1480,5689,7169
1703,openphenom,MQ,std_all__tvn_efaar_e0.2_c150,0.24344656708127355,-0.008857378430486357,-0.0021562983722416226,370,81,1480,5529,7009
1704,openphenom,MQ,std_all__tvn_efaar_e0.2_c150,0.28058355125478057,0.01810265918518814,0.005079308401335061,370,85,1480,5689,7169
1705,openphenom,MQ,std_all__tvn_efaar_e0.2_c150,0.27320144714498834,0.009140767699252025,0.002497270963451819,370,91,1480,5817,7297
1706,openphenom,MQ,std_all__tvn_efaar_e0.2_c150,0.23997304698507366,0.0059094734734951,0.001418114355512086,370,40,1480,5625,7105
1707,openphenom,MQ,std_all__tvn_efaar_e0.2_c150,0.24728705791421524,-0.021353471246171842,-0.005280437080721626,370,95,1480,5817,7297
1708,openphenom,MQ,std_all__tvn_efaar_e0.2_c150,0.2706087612837086,0.06483816956744404,0.017545776750549084,370,99,1480,5497,6977
1709,openphenom,MQ,std_all__tvn_efaar_e0.2_c150,0.267202262497674,0.008064138221520483,0.002154755977884242,370,89,1480,5817,7297
1710,openphenom,MQ,std_all__tvn_efaar_e0.2_c150,0.2621193119309253,0.016427470865626927,0.004305957360063452,370,75,1480,5657,7137
1711,openphenom,MQ,std_all__tvn_efaar_e0.2_c150,0.25725202947235404,0.030292581304290318,0.007792828018484974,370,79,1480,5689,7169
1712,openphenom,MQ,std_all__tvn_efaar_e0.2_c150,0.2614180948326105,-0.0024509923910460696,-0.0006407337613164883,370,91,1480,5625,7105
1713,openphenom,MQ,std_all__tvn_efaar_e0.2_c150,0.30268698362503144,-0.003099507390065599,-0.0009381805426224498,370,71,1480,5753,7233
1714,openphenom,MQ,std_all__tvn_efaar_e0.2_c150,0.2565294292818559,0.0034107611434927997,0.0008749606095569382,370,87,1480,5817,7297
1715,openphenom,MQ,std_all__tvn_efaar_e0.2_c150,0.27836744609657,-0.008478210981539539,-0.0023600579383990556,370,71,1480,5529,7009
1716,openphenom,MQ,std_all__tvn_efaar_e0.2_c150,0.3069950431884423,0.020056871457992953,0.006157360119471582,370,80,1480,5721,7201
1717,openphenom,MQ,std_all__tvn_efaar_e0.2_c150,0.29486186482714016,0.022062947414796648,0.006505521818310071,370,63,1480,5721,7201
1718,openphenom,MQ,std_all__tvn_efaar_e0.2_c150,0.26295431090985555,0.028876220380596833,0.007593126631860967,370,80,1480,5657,7137
1719,openphenom,MQ,std_all__tvn_efaar_e0.2_c150,0.27781335459866235,-0.03989717758613621,-0.011083968744223061,370,72,1480,5689,7169
1720,openphenom,MQ,std_all__tvn_efaar_e0.2_c150,0.2742991950970226,0.0631573885438993,0.017324020842021493,370,61,1480,5497,6977
1721,openphenom,MQ,std_all__tvn_efaar_e0.2_c150,0.2546913149784903,0.04332725187040732,0.011035074753278293,370,61,1480,5721,7201
1722,openphenom,MQ,std_all__tvn_efaar_e0.2_c150,0.24044213652737717,0.05798292891852396,0.013941539311284945,370,68,1480,5497,6977
1723,openphenom,MQ,std_all__tvn_efaar_e0.2_c150,0.267324669756132,0.18007017035293674,0.048137198822529245,370,70,1480,5817,7297
1724,openphenom,MQ,std_all__tvn_efaar_e0.2_c150,0.25680590560069844,0.07360623358311852,0.018902515473169294,370,65,1480,5401,6881
1725,openphenom,MQ,std_all__tvn_efaar_e0.2_c150,0.24855020866681823,0.02668239899093317,0.006631915836927739,370,78,1480,5721,7201
1726,openphenom,MQ,std_all__tvn_efaar_e0.2_c150,0.24648377660882648,0.08874550081016755,0.021874326196731766,370,61,1480,5593,7073
1727,openphenom,MQ,std_all__tvn_efaar_e0.2_c150,0.3094297500912698,0.002430889705118772,0.0007521895939543421,370,97,1480,5529,7009
1728,openphenom,MQ,std_all__tvn_efaar_e0.2_c150,0.2552082617687185,-0.019922688992312337,-0.005084434827486814,370,68,1480,5785,7265
1729,openphenom,MQ,std_all__tvn_efaar_e0.2_c150,0.29867752235938194,0.006892419054755736,0.0020586106463370366,370,51,1480,5593,7073
1730,openphenom,MQ,std_all__tvn_efaar_e0.2_c150,0.28846769236668846,-0.03543239740331964,-0.01022110191395506,370,54,1480,5593,7073
1731,openphenom,MQ,std_all__tvn_efaar_e0.2_c150,0.2729673008779136,0.031416470505859086,0.008575669157094935,370,70,1480,5593,7073
1732,openphenom,MQ,std_all__tvn_efaar_e0.2_c150,0.25530473090455386,0.005039905773273381,0.001286711787229868,370,52,1480,5433,6913
1733,openphenom,MQ,std_all__tvn_efaar_e0.2_c150,0.25283062092914893,-0.017704036315955157,-0.004476122494715145,370,80,1480,5753,7233
1734,openphenom,MQ,std_all__tvn_efaar_e0.2_c150,0.2696405986059256,0.01319111816673564,0.003556860998760098,370,57,1480,5721,7201
1735,openphenom,MQ,std_all__tvn_efaar_e0.2_c150,0.27206733273829137,0.008518827778075154,0.0023176947516377723,370,65,1480,5753,7233
1736,openphenom,MQ,std_all__tvn_efaar_e0.2_c150,0.29742051029739147,-0.018680958239533075,-0.005556100132446187,370,65,1480,5625,7105
1737,openphenom,MQ,std_all__tvn_efaar_e0.2_c150,0.28992659389587844,-0.0049172225408506244,-0.0014256335826968586,370,85,1480,5721,7201
1738,openphenom,MQ,std_all__tvn_efaar_e0.2_c150,0.2528919785409661,0.020951595888850965,0.005298490537922292,370,86,1480,5593,7073
1739,openphenom,MQ,std_all__tvn_efaar_e0.2_c150,0.2744283867568577,-0.003141466482179354,-0.000862107578755221,370,92,1480,5657,7137
1740,openphenom,MQ,std_all__tvn_efaar_e0.2_c150,0.23229003530665326,0.02413467122962722,0.005606243632044576,370,77,1480,5529,7009
1741,openphenom,MQ,std_all__tvn_efaar_e0.2_c150,0.2522943248779808,0.023279587198926453,0.005873307735791234,370,81,1480,5657,7137
1742,openphenom,MQ,std_all__tvn_efaar_e0.2_c150,0.27139503858076774,-0.008268314098627858,-0.0022439794237950135,370,77,1480,5529,7009
1743,openphenom,MQ,std_all__tvn_efaar_e0.2_c150,0.269422131955558,0.04736550800799066,0.012761316148670897,370,44,1480,5625,7105
1744,openphenom,MQ,std_all__tvn_efaar_e0.2_c150,0.256087485442576,0.07878927489273349,0.020176947287124006,370,92,1480,5657,7137
1745,openphenom,MQ,std_all__tvn_efaar_e0.2_c150,0.2596130886500547,0.06160052078967955,0.015992301464660616,370,70,1480,5785,7265
1746,openphenom,MQ,std_all__tvn_efaar_e0.2_c150,0.25173339971917785,0.015065034357614547,0.0037923723157285306,370,82,1480,5721,7201
1747,openphenom,MQ,std_all__tvn_efaar_e0.2_c150,0.26715926797923223,0.04185440640745319,0.011181792577520482,370,57,1480,5785,7265
1748,openphenom,MQ,std_all__tvn_efaar_e0.2_c150,0.2768320602861886,0.03458429554074835,0.00957404178809181,370,73,1480,5817,7297
1749,openphenom,MQ,std_all__tvn_efaar_e0.2_c150,0.2640840878410987,0.011120594648011396,0.0029367720938706936,370,68,1480,5881,7361
1750,openphenom,MQ,std_all__tvn_efaar_e0.2_c150,0.2543967936242866,0.0021389826280004314,0.0005441503221813599,370,59,1480,5497,6977
1751,openphenom,MQ,std_all__tvn_efaar_e0.2_c150,0.25616259792727897,-0.028768872327777105,-0.007369509074921589,370,60,1480,5625,7105
1752,openphenom,MQ,std_all__tvn_efaar_e0.2_c150,0.252005520996593,0.03661521456964849,0.009227236224026311,370,62,1480,5625,7105
1753,openphenom,MQ,std_all__tvn_efaar_e0.2_c150,0.2556827494589607,0.0018166527063597226,0.00046448675877411587,370,86,1480,5529,7009
1754,openphenom,MQ,std_all__tvn_efaar_e0.2_c150,0.2686041358772414,0.06795168989656358,0.01825210494606474,370,66,1480,5465,6945
1755,openphenom,MQ,std_all__tvn_efaar_e0.2_c150,0.2775195157211593,-0.05169832627159309,-0.014347294470487002,370,56,1480,5689,7169
1756,openphenom,MQ,std_all__tvn_efaar_e0.2_c150,0.30644739622015,-0.023695882602307015,-0.007261541524615336,370,66,1480,5753,7233
1757,openphenom,MQ,std_all__tvn_efaar_e0.2_c150,0.2986993913489133,0.020485083024792447,0.00611888183123746,370,64,1480,5657,7137
1758,openphenom,MQ,std_all__tvn_efaar_e0.2_c150,0.27170502837359295,0.005305116278708602,0.0014414267690317304,370,66,1480,5721,7201
1759,openphenom,MQ,std_all__tvn_efaar_e0.2_c150,0.2624966318848948,0.04781835385400112,0.012552156828955373,370,99,1480,5625,7105
1760,openphenom,MQ,std_all__tvn_efaar_e0.2_c150,0.28510102663266423,0.012198885581434872,0.0034779148030414874,370,100,1480,5977,7457
1761,openphenom,MQ,std_all__tvn_efaar_e0.2_c150,0.23475854575959346,0.054095501025573714,0.012699381152900282,370,58,1480,5689,7169
1762,openphenom,MQ,std_all__tvn_efaar_e0.2_c150,0.26115879466790604,-0.020614303016051386,-0.00538360652859096,370,58,1480,5657,7137
1763,openphenom,MQ,std_all__tvn_efaar_e0.2_c150,0.26937030331404566,-0.01657336696620594,-0.004464372886621879,370,61,1480,5465,6945
1764,openphenom,MQ,std_all__tvn_efaar_e0.2_c150,0.24764720992241285,-0.04000578114718441,-0.009907320081866884,370,67,1480,5433,6913
1765,openphenom,MQ,std_all__tvn_efaar_e0.2_c150,0.2638201075154949,0.012110266878291604,0.0031949319098722277,370,58,1480,5817,7297
1766,openphenom,MQ,std_all__tvn_efaar_e0.2_c150,0.262368904787278,-0.0018807788455370848,-0.000493457885850646,370,67,1480,5913,7393
1767,openphenom,MQ,std_all__tvn_efaar_e0.2_c150,0.2611790236544269,0.1390115905850538,0.03630691150565327,370,75,1480,5945,7425
1768,openphenom,MQ,std_all__tvn_efaar_e0.2_c150,0.24496654932000536,-0.019350181862821,-0.004740147279649814,370,82,1480,5753,7233
1769,openphenom,MQ,std_all__tvn_efaar_e0.2_c150,0.2627553365367367,0.041288563122235784,0.01084879029830136,370,55,1480,5817,7297
1770,openphenom,MQ,std_all__tvn_efaar_e0.2_c150,0.2505218564707294,0.015099120631603553,0.003782659731704814,370,64,1480,5849,7329
1771,openphenom,MQ,std_all__tvn_efaar_e0.2_c150,0.277731235688683,0.03052918067936882,0.00847890707464417,370,66,1480,5913,7393
1772,openphenom,MQ,std_all__tvn_efaar_e0.2_c150,0.2638484345290977,-0.022866720014912606,-0.0060333482787498765,370,51,1480,5753,7233
1773,openphenom,MQ,std_all__tvn_efaar_e0.2_c150,0.26062671333753235,-0.021855540022102087,-0.005696137564177366,370,63,1480,5881,7361
1774,openphenom,MQ,std_all__tvn_efaar_e0.2_c150,0.2501428257943022,0.03703450343172444,0.009263915340300332,370,57,1480,5849,7329
1775,openphenom,MQ,std_all__tvn_efaar_e0.2_c150,0.2729216983343071,-0.017501131053749282,-0.004776438409960535,370,52,1480,5913,7393
1776,openphenom,MQ,std_all__tvn_efaar_e0.2_c150,0.26404780224914437,0.08323036790459955,0.021976795725597235,370,77,1480,5561,7041
1777,openphenom,MQ,std_all__tvn_efaar_e0.2_c150,0.27200131086389356,0.006350282661868113,0.001727285208384382,370,81,1480,5593,7073
1778,openphenom,MQ,std_all__tvn_efaar_e0.2_c150,0.24634527623024766,-0.0440132832458464,-0.010842464418998162,370,86,1480,5913,7393
1779,openphenom,MQ,std_all__tvn_efaar_e0.2_c150,0.2553965191021195,0.02952410525276329,0.007540353711160347,370,50,1480,5881,7361
1780,openphenom,MQ,std_all__tvn_efaar_e0.2_c150,0.23200624929280886,0.017916320134281093,0.00415669823548379,370,56,1480,5689,7169
1781,openphenom,MQ,std_all__tvn_efaar_e0.2_c150,0.265733556805876,-0.01899227727175244,-0.005046885391266175,370,65,1480,5689,7169
1782,openphenom,MQ,std_all__tvn_efaar_e0.2_c150,0.27486353200842434,-0.020574231553173464,-0.005655105953064428,370,84,1480,5721,7201
1783,openphenom,MQ,std_all__tvn_efaar_e0.2_c150,0.2679229860428587,0.012187293182634715,0.0032652559812712677,370,61,1480,5657,7137
1784,openphenom,MQ,std_all__tvn_efaar_e0.2_c150,0.2812119215848177,0.02838707952884016,0.007982785182486183,370,42,1480,5762,7242
1785,openphenom,MQ,std_all__tvn_efaar_e0.2_c150,0.2724501442705402,0.09252294931062598,0.025207890888015925,370,66,1480,5433,6913
1786,openphenom,MQ,std_all__tvn_efaar_e0.2_c150,0.2829429977652414,-0.0066706712819885675,-0.0018874197296323513,370,98,1480,5817,7297
1787,openphenom,MQ,std_all__tvn_efaar_e0.2_c150,0.27937715046845896,0.040303728562324684,0.01125994083899651,370,86,1480,5657,7137
1788,openphenom,MQ,std_all__tvn_efaar_e0.2_c150,0.2702785998872762,0.01455173494699121,0.003933022547403532,370,93,1480,5625,7105
1789,openphenom,MQ,std_all__tvn_efaar_e0.2_c150,0.26787695460237076,-0.009193276034957941,-0.0024626667870634917,370,84,1480,5689,7169
1790,openphenom,MQ,std_all__tvn_efaar_e0.2_c150,0.2617774042872937,0.0027998749649708254,0.00073294400065904,370,94,1480,5471,6951
1791,openphenom,MQ,std_all__tvn_efaar_e0.2_c150,0.2504676308174102,-0.026710568049963117,-0.006690132697261474,370,103,1480,5689,7169
1792,openphenom,MQ,std_all__tvn_efaar_e0.2_c150,0.2758050785863283,-0.03589300474823371,-0.009899472995286053,370,67,1480,5721,7201
1793,openphenom,MQ,std_all__tvn_efaar_e0.2_c150,0.274417908299862,0.03755417101882142,0.010305537058920271,370,58,1480,5593,7073
1794,openphenom,MQ,std_all__tvn_efaar_e0.2_c150,0.2684086835864576,-0.029281695838578873,-0.007859461433212008,370,62,1480,5945,7425
1795,openphenom,MQ,std_all__tvn_efaar_e0.2_c150,0.25293123215484864,-0.020315184655022692,-0.005138344686248163,370,70,1480,5593,7073
1796,openphenom,MQ,std_all__tvn_efaar_e0.2_c150,0.2756014681403373,-0.00861965398259983,-0.0023755892924662183,370,104,1480,5753,7233
1797,openphenom,MQ,std_all__tvn_efaar_e0.2_c150,0.2922343511864902,0.0008519734824175531,0.0002489759178623883,370,71,1480,5785,7265
1798,openphenom,MQ,std_all__tvn_efaar_e0.2_c150,0.2883590658872425,-0.05025838233382505,-0.014492460182785683,370,55,1480,5497,6977
1799,openphenom,MQ,std_all__tvn_efaar_e0.2_c150,0.2432904279500259,0.06024083169979222,0.014656017724307935,370,93,1480,5753,7233
1800,openphenom,MQ,std_all__tvn_efaar_e0.2_c150,0.24309510467476514,0.0350125498642028,0.008511379474168813,370,88,1480,5721,7201
1801,openphenom,MQ,std_all__tvn_efaar_e0.2_c150,0.2712673214225092,0.019321070218551162,0.005241174965202588,370,73,1480,5753,7233
1802,openphenom,MQ,std_all__tvn_efaar_e0.2_c150,0.2540327759408701,-0.009518386321651025,-0.0024179820997666177,370,85,1480,5849,7329
1803,openphenom,MQ,std_all__tvn_efaar_e0.2_c150,0.2681972465113361,-0.004308798729371139,-0.001155607954988883,370,70,1480,5753,7233
1804,openphenom,MQ,std_all__tvn_efaar_e0.2_c150,0.2605944416143659,0.028208066662085925,0.007350865380827092,370,49,1480,5657,7137
1805,openphenom,MQ,std_all__tvn_efaar_e0.2_c150,0.2615582940929706,-0.023085240150484476,-0.006038136032487271,370,50,1480,5657,7137
1806,openphenom,MQ,std_all__tvn_efaar_e0.2_c150,0.2723888596655552,0.10378087163308992,0.02826875327923473,370,50,1480,5625,7105
1807,openphenom,MQ,std_all__tvn_efaar_e0.2_c150,0.26425536711571346,0.013665791046175445,0.003611258629833722,370,92,1480,5785,7265
1808,openphenom,MQ,std_all__tvn_efaar_e0.2_c150,0.27081398594275125,-0.019677730047422404,-0.0053290045084479045,370,97,1480,5433,6913
1809,openphenom,MQ,std_all__tvn_efaar_e0.2_c150,0.2720006838719186,0.07240485435769531,0.01969416990093979,370,64,1480,5689,7169
1810,openphenom,MQ,std_all__tvn_efaar_e0.2_c150,0.2938285036165672,0.023613636818423944,0.006938359571302584,370,55,1480,5945,7425
1811,openphenom,MQ,std_all__tvn_efaar_e0.2_c150,0.2665211609936623,0.038751427007691484,0.010328075316251096,370,98,1480,5657,7137
1812,openphenom,MQ,std_all__tvn_efaar_e0.2_c150,0.2773714039297229,0.011352412875533579,0.0031488346972766115,370,80,1480,5657,7137
1813,openphenom,MQ,std_all__tvn_efaar_e0.2_c150,0.30705218754880204,-0.01517275028072306,-0.004658826164827715,370,39,1480,5593,7073
1814,openphenom,MQ,std_all__tvn_efaar_e0.2_c150,0.27503459902778654,0.0009023301224055872,0.00024817200340651423,370,85,1480,5721,7201
1815,openphenom,MQ,std_all__tvn_efaar_e0.2_c150,0.25793398167520715,0.016031548362911888,0.004135081101664512,370,73,1480,5625,7105
1816,openphenom,MQ,std_all__tvn_efaar_e0.2_c150,0.2573501533316342,-0.015534227553080687,-0.0039977358426738115,370,91,1480,5849,7329
1817,openphenom,MQ,std_all__tvn_efaar_e0.2_c150,0.2682080969969366,0.07265933066025632,0.019487820805458515,370,58,1480,5497,6977
1818,openphenom,MQ,std_all__tvn_efaar_e0.2_c150,0.27409687450498565,0.04121755782406207,0.011297603774303932,370,89,1480,5657,7137
1819,openphenom,MQ,std_all__tvn_efaar_e0.2_c150,0.2520915625569463,0.00036264715208535826,9.142028722602452e-05,370,81,1480,5785,7265
1820,openphenom,MQ,std_all__tvn_efaar_e0.2_c150,0.2579483315010079,0.01623769385952555,0.004188486038488776,370,76,1480,5753,7233
1821,openphenom,MQ,std_all__tvn_efaar_e0.2_c150,0.2615220986997089,-0.00871908784168619,-0.0022802341511048876,370,90,1480,5753,7233
1822,openphenom,MQ,std_all__tvn_efaar_e0.2_c150,0.28354227031437373,0.02677572705379124,0.007592050438149966,370,58,1480,5817,7297
1823,openphenom,MQ,std_all__tvn_efaar_e0.2_c150,0.2690170952037801,0.018228004908658172,0.004903644931887466,370,64,1480,5817,7297
1824,openphenom,MQ,std_all__tvn_efaar_e0.2_c150,0.2643389529291271,0.0668931231830246,0.01768245814035984,370,77,1480,5497,6977
1825,openphenom,MQ,std_all__tvn_efaar_e0.2_c150,0.2479235450614737,0.026303875433735288,0.006521350046387062,370,83,1480,5753,7233
1826,openphenom,MQ,std_all__tvn_efaar_e0.2_c150,0.2877333068418097,0.14242797315311512,0.040981271702122304,370,78,1480,5529,7009
1827,openphenom,MQ,std_all__tvn_efaar_e0.2_c150,0.26489274944443597,0.03581897374451252,0.009488186437461984,370,69,1480,5849,7329
1828,openphenom,MQ,std_all__tvn_efaar_e0.2_c150,0.2648662230756582,-0.021053134875973267,-0.005576264318501455,370,55,1480,5625,7105
1829,openphenom,MQ,std_all__tvn_efaar_e0.2_c150,0.266876316866568,-0.01215554017598566,-0.0032440257916906464,370,78,1480,5689,7169
1830,openphenom,MQ,std_all__tvn_efaar_e0.2_c150,0.2929166656035626,0.054167636266022036,0.015866603398669788,370,57,1480,5753,7233
1831,openphenom,MQ,std_all__tvn_efaar_e0.2_c150,0.27472738275345215,0.06447353439909542,0.017712645362328153,370,68,1480,5881,7361
1832,openphenom,MQ,std_all__tvn_efaar_e0.2_c150,0.28388015475914513,-0.026501204411863995,-0.007523166009743691,370,66,1480,5753,7233
1833,openphenom,MQ,std_all__tvn_efaar_e0.2_c150,0.24241724844567655,0.00304559507823936,0.0007383047787464807,370,64,1480,5689,7169
1834,openphenom,MQ,std_all__tvn_efaar_e0.2_c150,0.2798057743259424,-0.04053057232711502,-0.011340688173862032,370,66,1480,5721,7201
1835,openphenom,MQ,std_all__tvn_efaar_e0.2_c150,0.27268069406966455,0.015240461197339803,0.004155779537232408,370,53,1480,5657,7137
1836,openphenom,MQ,std_all__tvn_efaar_e0.2_c150,0.25640240745851933,-0.017980929761750197,-0.004610353679255291,370,76,1480,5721,7201
1837,openphenom,MQ,std_all__tvn_efaar_e0.2_c150,0.21259425573904678,0.052528344027320706,0.011167224203692849,370,83,1480,5881,7361
1838,openphenom,MQ,std_all__tvn_efaar_e0.2_c150,0.2757453701990403,0.08756771612465662,0.02414639230027791,370,44,1480,5593,7073
1839,openphenom,MQ,std_all__tvn_efaar_e0.2_c150,0.27786415075910975,0.121251380234787,0.033691411797308994,370,52,1480,5945,7425
1840,openphenom,MQ,std_all__tvn_efaar_e0.2_c150,0.27060473587237116,0.0297783013460331,0.008058149370471161,370,83,1480,5657,7137
1841,openphenom,MQ,std_all__tvn_efaar_e0.2_c150,0.28708737360650594,0.03663347291638721,0.01051700752565067,370,69,1480,5593,7073
1842,openphenom,MQ,std_all__tvn_efaar_e0.2_c150,0.2561970145649238,-0.014522549463645847,-0.003720633816457501,370,71,1480,5497,6977
1843,openphenom,MQ,std_all__tvn_efaar_e0.2_c150,0.2689815321335934,0.017804773288562312,0.0047891551984487685,370,60,1480,5625,7105
1844,openphenom,MQ,std_all__tvn_efaar_e0.2_c150,0.2492325445430378,-0.008279403179201275,-0.0020634967216500506,370,77,1480,5817,7297
1845,openphenom,MQ,std_all__tvn_efaar_e0.2_c150,0.3013854535069813,0.07241104436901466,0.02182363544606963,370,51,1480,5625,7105
1846,openphenom,MQ,std_all__tvn_efaar_e0.2_c150,0.270331901471625,0.01846403419725378,0.004991417473380723,370,45,1480,5433,6913
1847,openphenom,MQ,std_all__tvn_efaar_e0.2_c150,0.26791783812727915,0.023067190678600732,0.006180111858280433,370,67,1480,5817,7297
1848,openphenom,MQ,std_all__tvn_efaar_e0.2_c150,0.2899120609738641,0.05264411875046593,0.015262164965100421,370,71,1480,5529,7009
1849,openphenom,MQ,std_all__tvn_efaar_e0.2_c150,0.23487825230925405,0.011850563359274405,0.002783439610706455,370,68,1480,5689,7169
1850,openphenom,MQ,std_all__tvn_efaar_e0.2_c150,0.24485968951950232,-0.01562133832227131,-0.0038250360514704563,370,67,1480,5433,6913
1851,openphenom,MQ,std_all__tvn_efaar_e0.2_c150,0.24013854771335652,0.0005346833479440713,0.0001283980826618046,370,63,1480,5657,7137
1852,openphenom,MQ,std_all__tvn_efaar_e0.2_c150,0.28157294272159117,0.08920620463015975,0.025118053546738513,370,71,1480,6041,7521
1853,openphenom,MQ,std_all__tvn_efaar_e0.2_c150,0.29396341260829134,0.04797545276006656,0.014103027814777036,370,83,1480,5849,7329
1854,openphenom,MQ,std_all__tvn_efaar_e0.2_c150,0.27145397488115186,0.01815251280150432,0.004927571754049342,370,86,1480,5849,7329
1855,openphenom,MQ,std_all__tvn_efaar_e0.2_c150,0.25506498558341356,0.03378483326316841,0.008617328009208081,370,56,1480,5817,7297
1856,openphenom,MQ,std_all__tvn_efaar_e0.2_c150,0.2869370128666427,0.07263182047355259,0.02084075760574744,370,59,1480,5913,7393
1857,openphenom,MQ,std_all__tvn_efaar_e0.2_c150,0.26636450199234685,0.041273473744872585,0.010993788279547188,370,64,1480,5817,7297
1858,openphenom,MQ,std_all__tvn_efaar_e0.2_c150,0.26182778324131134,0.04797103685360035,0.012560150239165431,370,66,1480,5625,7105
1859,openphenom,MQ,std_all__tvn_efaar_e0.2_c150,0.2669077326340202,0.03276246648546411,0.008744555645133302,370,88,1480,5561,7041
1860,openphenom,MQ,std_all__tvn_efaar_e0.2_c150,0.2766789888720416,-0.002092104810955965,-0.0005788414437096302,370,66,1480,5625,7105
1861,openphenom,MQ,std_all__tvn_efaar_e0.2_c150,0.26094782842244146,-0.03255700484920944,-0.008495679715340099,370,90,1480,5945,7425
1862,openphenom,MQ,std_all__tvn_efaar_e0.2_c150,0.2600079232142321,-0.005381104996022774,-0.0013991299346136103,370,73,1480,5817,7297
1863,openphenom,MQ,std_all__tvn_efaar_e0.2_c150,0.22906838684882533,0.1322876348671094,0.030302915119055168,370,75,1480,5561,7041
1864,openphenom,MQ,std_all__tvn_efaar_e0.2_c150,0.28205099020986,-0.03523711677995775,-0.009938663679927557,370,98,1480,5625,7105
1865,openphenom,MQ,std_all__tvn_efaar_e0.2_c150,0.2507695748956586,0.05265150459111682,0.013203395423931182,370,69,1480,5657,7137
1866,openphenom,MQ,std_all__tvn_efaar_e0.2_c150,0.2675474530349572,0.05989154184022307,0.016023829477688257,370,42,1480,5945,7425
1867,openphenom,MQ,std_all__tvn_efaar_e0.2_c150,0.2578839208163171,-0.04700792047777989,-0.01212258684223152,370,71,1480,5753,7233
1868,openphenom,MQ,std_all__tvn_efaar_e0.2_c150,0.21949158239709485,-0.024212327346560078,-0.005314402042812924,370,62,1480,5913,7393
1869,openphenom,MQ,std_all__tvn_efaar_e0.2_c150,0.24692119698146925,-0.027908431157127656,-0.006891183227192892,370,72,1480,5689,7169
1870,openphenom,MQ,std_all__tvn_efaar_e0.2_c150,0.25746631369204553,0.013048807391021539,0.0033596283370438337,370,77,1480,5785,7265
1871,openphenom,MQ,std_all__tvn_efaar_e0.2_c150,0.2665487124877106,-0.021093247224051714,-0.00562237788975596,370,74,1480,5593,7073
1872,openphenom,MQ,std_all__tvn_efaar_e0.2_c150,0.29587138179220973,0.05060892966800742,0.014973733951898112,370,82,1480,5881,7361
1873,openphenom,MQ,std_all__tvn_efaar_e0.2_c150,0.28501043996733816,0.04785463059315111,0.013639069319828438,370,63,1480,5529,7009
1874,openphenom,MQ,std_all__tvn_efaar_e0.2_c150,0.23985687130153033,0.011405550870673846,0.002735699747310274,370,94,1480,5529,7009
1875,openphenom,MQ,std_all__tvn_efaar_e0.2_c150,0.24266975399678425,0.0013725067436120262,0.00033306587383125785,370,62,1480,5593,7073
1876,openphenom,MQ,std_all__tvn_efaar_e0.2_c150,0.2562742961119109,-0.0015038678736190134,-0.0003854026807570288,370,61,1480,5721,7201
1877,openphenom,MQ,std_all__tvn_efaar_e0.2_c150,0.2889386826404095,0.057628802502962526,0.016651190277350326,370,70,1480,5657,7137
1878,openphenom,MQ,std_all__tvn_efaar_e0.2_c150,0.28979218083402464,0.07660261114843558,0.022198837742285916,370,74,1480,5817,7297
1879,openphenom,MQ,std_all__tvn_efaar_e0.2_c150,0.22854267064026354,0.0033232117504685037,0.0007594956885551769,370,76,1480,5593,7073
1880,openphenom,MQ,std_all__tvn_efaar_e0.2_c150,0.3094517146647442,0.013315841814226962,0.004120610081617031,370,74,1480,5625,7105
1881,openphenom,MQ,std_all__tvn_efaar_e0.2_c150,0.25574713743577077,-0.03743686327218349,-0.00957437061643527,370,76,1480,5785,7265
1882,openphenom,MQ,std_all__tvn_efaar_e0.2_c150,0.26152486045443185,-0.013154153301699526,-0.0034401381066231727,370,95,1480,5817,7297
1883,openphenom,MQ,std_all__tvn_efaar_e0.2_c150,0.2678406453434414,-0.016808900137980604,-0.004502106660470186,370,79,1480,5753,7233
1884,openphenom,MQ,std_all__tvn_efaar_e0.2_c150,0.2655554307317944,0.02640440446337333,0.007011833000487618,370,72,1480,5625,7105
1885,openphenom,MQ,std_all__tvn_efaar_e0.2_c150,0.2731316529947536,0.030199551185267338,0.008248453334931738,370,110,1480,5881,7361
1886,openphenom,MQ,std_all__tvn_efaar_e0.2_c150,0.24888212198966633,0.0443366764054017,0.011034606105745547,370,84,1480,5273,6753
1887,openphenom,MQ,std_all__tvn_efaar_e0.2_c150,0.24707928298664222,0.0038924059792999834,0.0009617328784583589,370,70,1480,5785,7265
1888,openphenom,MQ,std_all__tvn_efaar_e0.2_c150,0.25163508704565823,0.07488564322737691,0.018843855351991096,370,56,1480,5657,7137
1889,openphenom,MQ,std_all__tvn_efaar_e0.2_c150,0.2616229494910974,0.008361838444312151,0.002187648836968994,370,75,1480,5817,7297
1890,openphenom,MQ,std_all__tvn_efaar_e0.2_c150,0.24636051070068937,0.0020482811442611025,0.0005046155887587576,370,70,1480,5561,7041
1891,openphenom,MQ,std_all__tvn_efaar_e0.2_c150,0.24040303589520723,-0.010329954578361479,-0.002483352441297695,370,60,1480,5433,6913
1892,openphenom,MQ,std_all__tvn_efaar_e0.2_c150,0.2847305013875621,0.014608289154465751,0.004159425495365519,370,109,1480,5689,7169
1893,openphenom,MQ,std_all__tvn_efaar_e0.2_c150,0.26186906066541965,0.04258128784132293,0.011150721848931091,370,95,1480,5401,6881
1894,openphenom,MQ,std_all__tvn_efaar_e0.2_c150,0.27298619292252313,0.0021706319019402544,0.0005925525391468455,370,50,1480,5753,7233
1895,openphenom,MQ,std_all__tvn_efaar_e0.2_c150,0.25748594046477535,0.018004339508154533,0.004635864290704281,370,85,1480,5753,7233
1896,openphenom,MQ,std_all__tvn_efaar_e0.2_c150,0.2751639042114621,0.036355915553815656,0.010003835664970135,370,66,1480,5817,7297
1897,openphenom,MQ,std_all__tvn_efaar_e0.2_c150,0.2656261650186829,0.010616769757840597,0.002820091835661529,370,79,1480,5435,6915
1898,openphenom,MQ,std_all__tvn_efaar_e0.2_c150,0.273155896592232,0.023391701322506533,0.006389581147566971,370,106,1480,5625,7105
1899,openphenom,MQ,std_all__tvn_efaar_e0.2_c150,0.25363557785981994,-0.028020181470879087,-0.007106914919103436,370,49,1480,5657,7137
1900,openphenom,MQ,std_all__tvn_efaar_e0.2_c150,0.26442077082508175,0.002818274029140326,0.0007452101911815939,370,74,1480,5529,7009
1901,openphenom,MQ,std_all__tvn_efaar_e0.2_c150,0.21687820136769784,0.023927474483783785,0.0051893476293145115,370,106,1480,5721,7201
1902,openphenom,MQ,std_all__tvn_efaar_e0.2_c150,0.2635914831784576,0.00899496294488046,0.0023709956237763074,370,70,1480,5785,7265
1903,openphenom,MQ,std_all__tvn_efaar_e0.2_c150,0.256907058779598,-0.02184503546733278,-0.005612143810848466,370,72,1480,5689,7169
1904,openphenom,MQ,std_all__tvn_efaar_e0.2_c150,0.2573188017430536,0.04720182312600137,0.01214591656687023,370,84,1480,5753,7233
1905,openphenom,MQ,std_all__tvn_efaar_e0.2_c150,0.26715189645595594,0.03666507084116766,0.009795143208909911,370,80,1480,5593,7073
1906,openphenom,MQ,std_all__tvn_efaar_e0.2_c150,0.25166462220508845,0.024428611720231426,0.006147817339566838,370,66,1480,5404,6884
1907,openphenom,MQ,std_all__tvn_efaar_e0.2_c150,0.2632599816272105,0.015701616309667377,0.004133607221200542,370,99,1480,5817,7297
1908,openphenom,MQ,std_all__tvn_efaar_e0.2_c150,0.28233362755994973,0.06317595233935328,0.017836695798524104,370,74,1480,5625,7105
1909,openphenom,MQ,std_all__tvn_efaar_e0.2_c150,0.267211571505951,0.009040988140029002,0.0024158566488638143,370,42,1480,5721,7201
1910,openphenom,MQ,std_all__tvn_efaar_e0.2_c150,0.26616280058103614,0.03301694742124884,0.00878788319227641,370,54,1480,5657,7137
1911,openphenom,MQ,std_all__tvn_efaar_e0.2_c150,0.23944867905807704,0.030617071618612296,0.007331217355703255,370,76,1480,5497,6977
1912,openphenom,MQ,std_all__tvn_efaar_e0.2_c150,0.27966336742078796,0.016723152033708274,0.004676853011636654,370,75,1480,5657,7137
1913,openphenom,MQ,std_all__tvn_efaar_e0.2_c150,0.25769662350642525,0.017703049736023043,0.004562016142739451,370,58,1480,5657,7137
1914,openphenom,MQ,std_all__tvn_efaar_e0.2_c150,0.2754232070315202,0.015364362877131832,0.004231702097615683,370,80,1480,5913,7393
1915,openphenom,MQ,std_all__tvn_efaar_e0.2_c150,0.24819854768764765,0.019577063794735464,0.004858998801841771,370,75,1480,5721,7201
1916,openphenom,MQ,std_all__tvn_efaar_e0.2_c150,0.2993011693523836,0.07725077731133977,0.023121247982664576,370,79,1480,5817,7297
1917,openphenom,MQ,std_all__tvn_efaar_e0.2_c150,0.2560243581533607,0.029681345455800912,0.007599147419449599,370,63,1480,5854,7334
1918,openphenom,MQ,std_all__tvn_efaar_e0.2_c150,0.27741116292488216,0.014774147756550763,0.004098513510368786,370,66,1480,5817,7297
1919,openphenom,MQ,std_all__tvn_efaar_e0.2_c150,0.27844721576561193,0.04612769297959612,0.012844127679859502,370,81,1480,5849,7329
1920,openphenom,MQ,std_all__tvn_efaar_e0.2_c150,0.31097676625757975,0.03215448592278075,0.009999298052941228,370,55,1480,5817,7297
1921,openphenom,MQ,std_all__tvn_efaar_e0.2_c150,0.296567136469216,-0.011851831942778794,-0.0035148638611842923,370,97,1480,5817,7297
1922,openphenom,MQ,std_all__tvn_efaar_e0.2_c150,0.28329293176546927,-0.004419807869428262,-0.0012521003291704246,370,69,1480,5817,7297
1923,openphenom,MQ,std_all__tvn_efaar_e0.2_c150,0.2889687306844155,0.050971275817506594,0.014729104874350122,370,50,1480,5753,7233
1924,openphenom,MQ,std_all__tvn_efaar_e0.2_c150,0.25719528759471844,-0.007918774272109621,-0.002036671426312891,370,83,1480,5721,7201
1925,openphenom,MQ,std_all__tvn_efaar_e0.2_c150,0.25290826890072754,-0.044966904732096906,-0.011372502033618562,370,78,1480,5849,7329
1926,openphenom,MQ,std_all__tvn_efaar_e0.2_c150,0.2738203850491351,-0.006879233409800018,-0.0018836743411143153,370,62,1480,5657,7137
1927,openphenom,MQ,std_all__tvn_efaar_e0.2_c150,0.29999618326521466,0.02461222663440965,0.0073835740519813545,370,67,1480,5593,7073
1928,openphenom,MQ,std_all__tvn_efaar_e0.2_c150,0.24618038744606954,0.05115444779256984,0.012593221777164581,370,81,1480,5369,6849
1929,openphenom,MQ,std_all__tvn_efaar_e0.2_c150,0.2504571110165404,0.07206428103910713,0.018049011636538822,370,88,1480,5881,7361
1930,openphenom,MQ,std_all__tvn_efaar_e0.2_c150,0.25244655075637085,0.012889033568721973,0.003253792067006939,370,68,1480,5721,7201
1931,openphenom,MQ,std_all__tvn_efaar_e0.2_c150,0.26388154304133143,0.03780105932526384,0.009975001863347533,370,77,1480,5689,7169
1932,openphenom,MQ,std_all__tvn_efaar_e0.2_c150,0.25325448693017394,0.01091673333749863,0.0027647117003417408,370,51,1480,5945,7425
1933,openphenom,MQ,std_all__tvn_efaar_e0.2_c150,0.2540050311639917,0.09320674932766747,0.023674983267668537,370,83,1480,5753,7233
1934,openphenom,MQ,std_all__tvn_efaar_e0.2_c150,0.3024625492587485,0.035744945121276475,0.010811507224495347,370,60,1480,5689,7169
1935,openphenom,MQ,std_all__tvn_efaar_e0.2_c150,0.27162088904859755,0.05775464598839095,0.01568736829005377,370,77,1480,5689,7169
1936,openphenom,MQ,std_all__tvn_efaar_e0.2_c150,0.2704672853064683,-0.0004379871214709611,-0.00011846118774344522,370,49,1480,5593,7073
1937,openphenom,MQ,std_all__tvn_efaar_e0.2_c150,0.2630259580694917,0.08744855972927881,0.02300124120459073,370,94,1480,5689,7169
1938,openphenom,MQ,std_all__tvn_efaar_e0.2_c150,0.27339762471429435,0.005151061367477257,0.001408287942625847,370,68,1480,5785,7265
1939,openphenom,MQ,std_all__tvn_efaar_e0.2_c150,0.2460012649326815,-0.029863352025779204,-0.007346422373471641,370,90,1480,5657,7137
1940,openphenom,MQ,std_all__tvn_efaar_e0.2_c150,0.25952774414936486,-0.011789646273213487,-0.003059740301606063,370,91,1480,5849,7329
1941,openphenom,MQ,std_all__tvn_efaar_e0.2_c150,0.2601926839873608,-0.024231103668491596,-0.006304755899480812,370,57,1480,5689,7169
1942,openphenom,MQ,std_all__tvn_efaar_e0.2_c150,0.22669178606040213,0.0016630544535854621,0.00037700078439899454,370,69,1480,5625,7105
1943,openphenom,MQ,std_all__tvn_efaar_e0.2_c150,0.2627097266183387,0.006875391934057259,0.0018062323353901135,370,111,1480,5497,6977
1944,openphenom,MQ,std_all__tvn_efaar_e0.2_c150,0.26298346164961744,0.02263203241442376,0.00595185022851151,370,84,1480,5689,7169
1945,openphenom,MQ,std_all__tvn_efaar_e0.2_c150,0.2546492924656084,0.02401755184101287,0.006116052583069998,370,76,1480,5625,7105
1946,openphenom,MQ,std_all__tvn_efaar_e0.2_c150,0.2712148441559862,0.028967637742359897,0.007856453355861203,370,80,1480,5305,6785
1947,openphenom,MQ,std_all__tvn_efaar_e0.2_c150,0.25616604705460333,0.07026346140021554,0.01799911315926692,370,90,1480,5721,7201
1948,openphenom,MQ,std_all__tvn_efaar_e0.2_c150,0.2815724234805624,0.04931660013002724,0.013886194616433587,370,64,1480,5529,7009
1949,openphenom,MQ,std_all__tvn_efaar_e0.2_c150,0.3141623297370342,0.18867735175222455,0.05927531639509275,370,70,1480,5689,7169
1950,openphenom,MQ,std_all__tvn_efaar_e0.2_c150,0.27398512247944673,0.003387961039765734,0.0009282509204358083,370,96,1480,5689,7169
1951,openphenom,MQ,std_all__tvn_efaar_e0.2_c150,0.2852651605296398,0.00014997186500723125,4.278174814621729e-05,370,48,1480,5689,7169
1952,openphenom,MQ,std_all__tvn_efaar_e0.2_c150,0.2930518933585401,0.09926834515304232,0.02909077649766811,370,65,1480,5593,7073
1953,openphenom,MQ,std_all__tvn_efaar_e0.2_c150,0.2933332342498062,0.012182268714316984,0.003573464282470829,370,67,1480,5785,7265
1954,openphenom,MQ,std_all__tvn_efaar_e0.2_c150,0.2596189797924281,-0.010835912590315792,-0.0028132085718177127,370,79,1480,5817,7297
1955,openphenom,MQ,std_all__tvn_efaar_e0.2_c150,0.2665063906526255,-0.019691059060574473,-0.005247793078361381,370,54,1480,5593,7073
1956,openphenom,MQ,std_all__tvn_efaar_e0.2_c150,0.25103103194149257,-0.01599718512987246,-0.004015789891310984,370,62,1480,5593,7073
1957,openphenom,MQ,std_all__tvn_efaar_e0.2_c150,0.2805926221764282,-0.023308239630758332,-0.0065401200763110234,370,64,1480,5721,7201
1958,openphenom,MQ,std_all__tvn_efaar_e0.2_c150,0.2834345660257343,0.0349080147451144,0.009894138010101434,370,68,1480,5657,7137
1959,openphenom,MQ,std_all__tvn_efaar_e0.2_c150,0.2679429633874231,-0.041578861083178036,-0.011140763252900724,370,86,1480,5945,7425
1960,openphenom,MQ,std_all__tvn_efaar_e0.2_c150,0.26014210486361683,0.005420908228467032,0.001410206476825914,370,74,1480,5657,7137
1961,openphenom,MQ,std_all__tvn_efaar_e0.2_c150,0.27524289110526995,0.0585760359487711,0.01612263748402598,370,65,1480,5817,7297
1962,openphenom,MQ,std_all__tvn_efaar_e0.2_c150,0.2524681225847995,0.12521444633027914,0.031612656185500715,370,82,1480,5564,7044
1963,openphenom,MQ,std_all__tvn_efaar_e0.2_c150,0.26845457438655107,0.01565963319643301,0.0042039001647979305,370,72,1480,5689,7169
1964,openphenom,MQ,std_all__tvn_efaar_e0.2_c150,0.2640138054739144,0.009350457695833321,0.0024686499191998042,370,57,1480,5593,7073
1965,openphenom,MQ,std_all__tvn_efaar_e0.2_c150,0.260558192181638,0.009465714365132837,0.0024663694226867735,370,57,1480,5727,7207
1966,openphenom,MQ,std_all__tvn_efaar_e0.2_c150,0.2864648737505976,0.00928484457140433,0.002659781827941263,370,78,1480,5785,7265
1967,openphenom,MQ,std_all__tvn_efaar_e0.2_c150,0.2552649434060856,0.0073867701830593714,0.0018855834727324109,370,62,1480,5785,7265
1968,openphenom,MQ,std_all__tvn_efaar_e0.2_c150,0.25209984036178523,0.04054980742933927,0.010222599979637563,370,90,1480,5817,7297
1969,openphenom,MQ,std_all__tvn_efaar_e0.2_c150,0.28350430031777085,0.015553472350622075,0.004409476296274906,370,45,1480,5689,7169
1970,openphenom,MQ,std_all__tvn_efaar_e0.2_c150,0.27508516596548,0.0015023623511036175,0.0004132775966936273,370,79,1480,5701,7181
1971,openphenom,MQ,std_all__tvn_efaar_e0.2_c150,0.24334066146680972,0.025169787511832357,0.0061248327421083324,370,112,1480,5689,7169
1972,openphenom,MQ,std_all__tvn_efaar_e0.2_c150,0.29790939223585217,0.030845259636235668,0.00918909255158803,370,55,1480,5689,7169
1973,openphenom,MQ,std_all__tvn_efaar_e0.2_c150,0.27055798517671753,0.061646336794045055,0.016678908676522178,370,58,1480,5721,7201
1974,openphenom,MQ,std_all__tvn_efaar_e0.2_c150,0.22884921960318966,-0.01999701693719812,-0.004576301720469556,370,67,1480,5849,7329
1975,openphenom,MQ,std_all__tvn_efaar_e0.2_c150,0.25910370847716946,0.012786089623754947,0.0033129232384363633,370,82,1480,5721,7201
1976,openphenom,MQ,std_all__tvn_efaar_e0.2_c150,0.2518635685496049,0.060804147241142546,0.015314349506769775,370,65,1480,5497,6977
1977,openphenom,MQ,std_all__tvn_efaar_e0.2_c150,0.2512979808551969,-0.009268124660846762,-0.002329061013585048,370,53,1480,5753,7233
1978,openphenom,MQ,std_all__tvn_efaar_e0.2_c150,0.21395263079152618,0.025372260418579307,0.005428461865682752,370,67,1480,5663,7143
1979,openphenom,MQ,std_all__tvn_efaar_e0.2_c150,0.2565381932117736,0.030491388455341287,0.007822205702851586,370,65,1480,5561,7041
1980,openphenom,MQ,std_all__tvn_efaar_e0.2_c150,0.26034461241720275,0.008188145292132985,0.0021317395124961056,370,49,1480,5657,7137
1981,openphenom,MQ,std_all__tvn_efaar_e0.2_c150,0.2588560615693517,-0.02340282610599946,-0.0060579633953914275,370,41,1480,5657,7137
1982,openphenom,MQ,std_all__tvn_efaar_e0.2_c150,0.2626750005087472,0.01676445594245458,0.004403603473213127,370,74,1480,5753,7233
1983,openphenom,MQ,std_all__tvn_efaar_e0.2_c150,0.26451847309494897,0.00856274544458937,0.0022650043505035105,370,68,1480,5625,7105
1984,openphenom,MQ,std_all__tvn_efaar_e0.2_c150,0.26792084191060916,-0.02027231614373225,-0.005431376008706778,370,60,1480,5721,7201
1985,openphenom,MQ,std_all__tvn_efaar_e0.2_c150,0.2730052129417256,-0.004840139561735846,-0.0013213833317193648,370,76,1480,5721,7201
1986,openphenom,MQ,std_all__tvn_efaar_e0.2_c150,0.2471343304567576,0.02862238799802957,0.007073574693966573,370,56,1480,5881,7361
1987,openphenom,MQ,std_all__tvn_efaar_e0.2_c150,0.23133504564646507,0.09758704179494805,0.022575302768137802,370,87,1480,5817,7297
1988,openphenom,MQ,std_all__tvn_efaar_e0.2_c150,0.2651323647911893,0.0694748608054014,0.01842003413887478,370,63,1480,5785,7265
1989,openphenom,MQ,std_all__tvn_efaar_e0.2_c150,0.24548965141232587,0.08379325724560055,0.02057037751192583,370,52,1480,5721,7201
1990,openphenom,MQ,std_all__tvn_efaar_e0.2_c150,0.27935260363311093,0.02900737752435691,0.008103286435997687,370,74,1480,5785,7265
1991,openphenom,MQ,std_all__tvn_efaar_e0.2_c150,0.24838775201281982,0.031701517673789786,0.007874268710387322,370,65,1480,5433,6913
1992,openphenom,MQ,std_all__tvn_efaar_e0.2_c150,0.3234876715612758,0.014513032929149855,0.004694787229542808,370,47,1480,5497,6977
1993,openphenom,MQ,std_all__tvn_efaar_e0.2_c150,0.2751606354150595,0.00405401564807147,0.0011155055217059399,370,72,1480,5625,7105
1994,openphenom,MQ,std_all__tvn_efaar_e0.2_c150,0.2776384643465975,0.019578286712839014,0.005435685457490018,370,66,1480,5561,7041
1995,openphenom,MQ,std_all__tvn_efaar_e0.2_c150,0.30271380268783576,0.024660182548598655,0.007464977634262504,370,93,1480,5497,6977
1996,openphenom,MQ,std_all__tvn_efaar_e0.2_c150,0.24744405749780207,0.017594565470693248,0.004353670669979063,370,88,1480,5721,7201
1997,openphenom,MQ,std_all__tvn_efaar_e0.2_c150,0.2639206379816164,-0.005482363993247312,-0.0014469090027452729,370,100,1480,5849,7329
1998,openphenom,MQ,std_all__tvn_efaar_e0.2_c150,0.27100413985137356,-0.012241654687765932,-0.0033175390990155414,370,73,1480,5817,7297
1999,openphenom,MQ,std_all__tvn_efaar_e0.2_c150,0.2594136867292419,0.03738353258044096,0.00969780000965492,370,92,1480,5721,7201
