sample_id,family,codec,config,pa,pc,product,pa_units,pc_targets,treatment_wells,control_wells,total_wells
0,subcell,HQ,std_ctrl__tvn_efaar_e0.2_c96,0.31544036143528664,-0.005182853729355902,-0.0016348812536542492,370,77,1480,5753,7233
1,subcell,HQ,std_ctrl__tvn_efaar_e0.2_c96,0.30734358521151683,-0.00955788943272146,-0.002937556005307884,370,65,1480,5753,7233
2,subcell,HQ,std_ctrl__tvn_efaar_e0.2_c96,0.28164470571683325,0.010127409889450167,0.002852331377987939,370,88,1480,5625,7105
3,subcell,HQ,std_ctrl__tvn_efaar_e0.2_c96,0.30273232229542546,-0.012433317416560966,-0.0037639670553516608,370,55,1480,5433,6913
4,subcell,HQ,std_ctrl__tvn_efaar_e0.2_c96,0.3170193217692319,-0.00040180642812375134,-0.00012738040132630928,370,56,1480,5657,7137
5,subcell,HQ,std_ctrl__tvn_efaar_e0.2_c96,0.2738475099742988,-0.03172502641038782,-0.008687819486353571,370,82,1480,5785,7265
6,subcell,HQ,std_ctrl__tvn_efaar_e0.2_c96,0.29237611307470923,-0.0143502182629735,-0.004195661037501897,370,63,1480,5721,7201
7,subcell,HQ,std_ctrl__tvn_efaar_e0.2_c96,0.29126517879745106,-0.01623238643285893,-0.004727928936675976,370,49,1480,5561,7041
8,subcell,HQ,std_ctrl__tvn_efaar_e0.2_c96,0.28066654885007947,0.021710243074460407,0.006093338998405141,370,81,1480,5529,7009
9,subcell,HQ,std_ctrl__tvn_efaar_e0.2_c96,0.28067011182148505,0.023132705987879556,0.0064926591763516915,370,77,1480,5753,7233
10,subcell,HQ,std_ctrl__tvn_efaar_e0.2_c96,0.2777298730676839,0.03834324203355453,0.01064906374298258,370,85,1480,5753,7233
11,subcell,HQ,std_ctrl__tvn_efaar_e0.2_c96,0.3190916215683156,0.021452795799435192,0.006845407398815725,370,44,1480,5433,6913
12,subcell,HQ,std_ctrl__tvn_efaar_e0.2_c96,0.29659122556444595,-0.0008302970478579975,-0.0002462588190067449,370,92,1480,5785,7265
13,subcell,HQ,std_ctrl__tvn_efaar_e0.2_c96,0.2861652894973541,0.07926281743956817,0.022682267098969953,370,80,1480,5849,7329
14,subcell,HQ,std_ctrl__tvn_efaar_e0.2_c96,0.29437302536833454,-0.008986344152262946,-0.002645337315102685,370,93,1480,5753,7233
15,subcell,HQ,std_ctrl__tvn_efaar_e0.2_c96,0.2848159196034088,0.028419778915172448,0.008094405466650408,370,67,1480,5625,7105
16,subcell,HQ,std_ctrl__tvn_efaar_e0.2_c96,0.2882707455993434,0.023519212931800728,0.0067799010477599155,370,58,1480,5785,7265
17,subcell,HQ,std_ctrl__tvn_efaar_e0.2_c96,0.2627089829596656,0.028578926173703636,0.00750794062917305,370,76,1480,5689,7169
18,subcell,HQ,std_ctrl__tvn_efaar_e0.2_c96,0.29555874862490433,0.015102244380731322,0.004463600450596443,370,54,1480,5785,7265
19,subcell,HQ,std_ctrl__tvn_efaar_e0.2_c96,0.29608564940997484,0.061811054227353654,0.01830136613162118,370,98,1480,5593,7073
20,subcell,HQ,std_ctrl__tvn_efaar_e0.2_c96,0.25632594778977624,-0.004610935230472941,-0.001181902343148247,370,59,1480,5689,7169
21,subcell,HQ,std_ctrl__tvn_efaar_e0.2_c96,0.30171532672390056,0.06639806896073638,0.02003331507032466,370,58,1480,5913,7393
22,subcell,HQ,std_ctrl__tvn_efaar_e0.2_c96,0.2806891700584787,-0.0363779408385575,-0.010210894022411144,370,87,1480,5785,7265
23,subcell,HQ,std_ctrl__tvn_efaar_e0.2_c96,0.31454357655293047,0.06948857881940373,0.021857186111435462,370,71,1480,5817,7297
24,subcell,HQ,std_ctrl__tvn_efaar_e0.2_c96,0.31002844837549404,0.03134530762141842,0.0097179370857209,370,77,1480,5465,6945
25,subcell,HQ,std_ctrl__tvn_efaar_e0.2_c96,0.28314944749009663,0.016538892692577876,0.004682978328001422,370,109,1480,5785,7265
26,subcell,HQ,std_ctrl__tvn_efaar_e0.2_c96,0.27636657735289666,-0.0131031321133908,-0.003621267774780643,370,74,1480,5066,6546
27,subcell,HQ,std_ctrl__tvn_efaar_e0.2_c96,0.304483531691758,0.01563155244992954,0.004759550295779499,370,48,1480,5785,7265
28,subcell,HQ,std_ctrl__tvn_efaar_e0.2_c96,0.29478342670865504,0.02740716909953925,0.008079179223545743,370,61,1480,5721,7201
29,subcell,HQ,std_ctrl__tvn_efaar_e0.2_c96,0.2817053168822141,0.022829493890428983,0.006431189810663868,370,101,1480,5753,7233
30,subcell,HQ,std_ctrl__tvn_efaar_e0.2_c96,0.2955754241455266,0.016432278195897817,0.004856977597429786,370,68,1480,5561,7041
31,subcell,HQ,std_ctrl__tvn_efaar_e0.2_c96,0.3097309762028183,-0.011163372419477825,-0.0034576422372004844,370,72,1480,5913,7393
32,subcell,HQ,std_ctrl__tvn_efaar_e0.2_c96,0.30236094144114056,0.02965512591365073,0.008966551789806997,370,81,1480,5817,7297
33,subcell,HQ,std_ctrl__tvn_efaar_e0.2_c96,0.29422790699976814,-0.011788934110673182,-0.003468633409141543,370,59,1480,5913,7393
34,subcell,HQ,std_ctrl__tvn_efaar_e0.2_c96,0.30755456479071347,-0.0034861384301033195,-0.0010721777876706075,370,80,1480,5785,7265
35,subcell,HQ,std_ctrl__tvn_efaar_e0.2_c96,0.29354038120333226,-0.03504328279857219,-0.010286618591309056,370,54,1480,5625,7105
36,subcell,HQ,std_ctrl__tvn_efaar_e0.2_c96,0.2812670179042008,0.08589925997036016,0.024160628692040886,370,57,1480,5657,7137
37,subcell,HQ,std_ctrl__tvn_efaar_e0.2_c96,0.3095514542157302,-0.009260883848297317,-0.0028667200625634025,370,64,1480,5593,7073
38,subcell,HQ,std_ctrl__tvn_efaar_e0.2_c96,0.28622177818743316,-0.0007685003355195057,-0.00021996153257003193,370,86,1480,5561,7041
39,subcell,HQ,std_ctrl__tvn_efaar_e0.2_c96,0.30046234449419196,0.04448618629898645,0.01336642383299887,370,65,1480,5753,7233
40,subcell,HQ,std_ctrl__tvn_efaar_e0.2_c96,0.31478436995925885,0.03488088003274762,0.010979955844732952,370,84,1480,5753,7233
41,subcell,HQ,std_ctrl__tvn_efaar_e0.2_c96,0.25797488848300887,0.015272877161921775,0.0039400187826614625,370,103,1480,5945,7425
42,subcell,HQ,std_ctrl__tvn_efaar_e0.2_c96,0.29070243764095555,0.01641262249638087,0.004771189367778704,370,69,1480,5977,7457
43,subcell,HQ,std_ctrl__tvn_efaar_e0.2_c96,0.2887058513368048,0.004480219889473053,0.0012934656973664033,370,61,1480,5375,6855
44,subcell,HQ,std_ctrl__tvn_efaar_e0.2_c96,0.24870409027291557,-0.0017132941558484617,-0.0004261032644001945,370,72,1480,5785,7265
45,subcell,HQ,std_ctrl__tvn_efaar_e0.2_c96,0.3104995935485441,0.025837351727386527,0.008022487209724292,370,84,1480,5753,7233
46,subcell,HQ,std_ctrl__tvn_efaar_e0.2_c96,0.2780935194053274,0.008136212648002603,0.0022626280099131823,370,71,1480,5753,7233
47,subcell,HQ,std_ctrl__tvn_efaar_e0.2_c96,0.27499976269016413,0.029391755796086994,0.008082725868971179,370,69,1480,5689,7169
48,subcell,HQ,std_ctrl__tvn_efaar_e0.2_c96,0.2898995271013928,-0.011789022334285271,-0.0034176319996970577,370,71,1480,5753,7233
49,subcell,HQ,std_ctrl__tvn_efaar_e0.2_c96,0.2940086929739271,-0.02550961446029397,-0.0075000484057398216,370,64,1480,5529,7009
50,subcell,HQ,std_ctrl__tvn_efaar_e0.2_c96,0.28020572806094257,0.019467139219719973,0.005454803918325365,370,65,1480,5881,7361
51,subcell,HQ,std_ctrl__tvn_efaar_e0.2_c96,0.2660239840974241,0.009646203903647465,0.0025661215938644235,370,69,1480,5625,7105
52,subcell,HQ,std_ctrl__tvn_efaar_e0.2_c96,0.31295642959867226,0.04574075010033439,0.01431486183856576,370,60,1480,5689,7169
53,subcell,HQ,std_ctrl__tvn_efaar_e0.2_c96,0.2721841081299838,0.009709835550455629,0.0026428629293895754,370,64,1480,5913,7393
54,subcell,HQ,std_ctrl__tvn_efaar_e0.2_c96,0.2306239973574876,-0.0009039022618592997,-0.00020846155285046618,370,64,1480,5753,7233
55,subcell,HQ,std_ctrl__tvn_efaar_e0.2_c96,0.30280974547415207,0.17694942308204054,0.05358200976527074,370,69,1480,5657,7137
56,subcell,HQ,std_ctrl__tvn_efaar_e0.2_c96,0.291741573581627,0.04785762765852316,0.013962059600981142,370,70,1480,5913,7393
57,subcell,HQ,std_ctrl__tvn_efaar_e0.2_c96,0.27204888963975415,-0.006742357231074291,-0.0018342507982683281,370,75,1480,5529,7009
58,subcell,HQ,std_ctrl__tvn_efaar_e0.2_c96,0.27058798969646347,-0.006995046000058626,-0.0018927754349901515,370,68,1480,5849,7329
59,subcell,HQ,std_ctrl__tvn_efaar_e0.2_c96,0.3123138651579106,-0.004568273917815049,-0.001426735284372889,370,86,1480,5561,7041
60,subcell,HQ,std_ctrl__tvn_efaar_e0.2_c96,0.30447676331088314,-0.03178982967583689,-0.009679264445903078,370,52,1480,5689,7169
61,subcell,HQ,std_ctrl__tvn_efaar_e0.2_c96,0.27466440710516354,0.004646061630915885,0.0012761077632295606,370,73,1480,5657,7137
62,subcell,HQ,std_ctrl__tvn_efaar_e0.2_c96,0.26840256768761295,-0.018255296663576746,-0.004899768498403113,370,48,1480,5849,7329
63,subcell,HQ,std_ctrl__tvn_efaar_e0.2_c96,0.2920508460450683,-0.016273964971002412,-0.00475282523828906,370,53,1480,5721,7201
64,subcell,HQ,std_ctrl__tvn_efaar_e0.2_c96,0.2775241330128726,0.036329213560378076,0.01008223349638342,370,82,1480,5753,7233
65,subcell,HQ,std_ctrl__tvn_efaar_e0.2_c96,0.29492467822104407,0.05755708396983174,0.01697500446914424,370,56,1480,5497,6977
66,subcell,HQ,std_ctrl__tvn_efaar_e0.2_c96,0.2922382059637807,0.043864084422710156,0.012818761337936635,370,81,1480,5785,7265
67,subcell,HQ,std_ctrl__tvn_efaar_e0.2_c96,0.3087037333072086,-0.04223161595733012,-0.013037057509624092,370,114,1480,6009,7489
68,subcell,HQ,std_ctrl__tvn_efaar_e0.2_c96,0.29424519863247084,0.02155212988106505,0.006341610737806796,370,81,1480,5785,7265
69,subcell,HQ,std_ctrl__tvn_efaar_e0.2_c96,0.28673664603358734,0.0175624349813495,0.005035793702735104,370,56,1480,5913,7393
70,subcell,HQ,std_ctrl__tvn_efaar_e0.2_c96,0.3121461395268535,0.002208013635789415,0.0006892229324343178,370,60,1480,5785,7265
71,subcell,HQ,std_ctrl__tvn_efaar_e0.2_c96,0.2973552795201648,-0.029238054917330565,-0.008694089992568758,370,73,1480,5663,7143
72,subcell,HQ,std_ctrl__tvn_efaar_e0.2_c96,0.27667626949076896,-0.032027741652167235,-0.008861316080535747,370,75,1480,5881,7361
73,subcell,HQ,std_ctrl__tvn_efaar_e0.2_c96,0.29675203939029454,0.02232050003277548,0.00662365390493726,370,45,1480,5625,7105
74,subcell,HQ,std_ctrl__tvn_efaar_e0.2_c96,0.2942326667575729,-0.02373747302294836,-0.006984339989628042,370,130,1480,5657,7137
75,subcell,HQ,std_ctrl__tvn_efaar_e0.2_c96,0.2657229042232711,0.0457855887083172,0.012166279603146254,370,74,1480,5785,7265
76,subcell,HQ,std_ctrl__tvn_efaar_e0.2_c96,0.30660716591715964,-0.01171468864161783,-0.003591807484008383,370,77,1480,5625,7105
77,subcell,HQ,std_ctrl__tvn_efaar_e0.2_c96,0.28703049559598615,-0.0122454274580387,-0.003514811112065545,370,98,1480,5849,7329
78,subcell,HQ,std_ctrl__tvn_efaar_e0.2_c96,0.295237956943667,-0.019594926029587754,-0.005785165927437769,370,98,1480,5849,7329
79,subcell,HQ,std_ctrl__tvn_efaar_e0.2_c96,0.2938611946923474,-0.0023753782522882806,-0.0006980314910636543,370,102,1480,5753,7233
80,subcell,HQ,std_ctrl__tvn_efaar_e0.2_c96,0.3119156018251877,0.031699132090837606,0.009887453863449731,370,68,1480,5817,7297
81,subcell,HQ,std_ctrl__tvn_efaar_e0.2_c96,0.2593835946534991,-0.04469468300448338,-0.011593067539601551,370,69,1480,5625,7105
82,subcell,HQ,std_ctrl__tvn_efaar_e0.2_c96,0.29577780800425857,-0.014448516937155792,-0.004273550668584344,370,67,1480,5689,7169
83,subcell,HQ,std_ctrl__tvn_efaar_e0.2_c96,0.2821836439705021,-0.029112991289797902,-0.008215209969036661,370,97,1480,5753,7233
84,subcell,HQ,std_ctrl__tvn_efaar_e0.2_c96,0.27441331263297614,0.007718713372044915,0.0021181177056872947,370,77,1480,5817,7297
85,subcell,HQ,std_ctrl__tvn_efaar_e0.2_c96,0.26309507473921595,-0.015050556576804637,-0.003959727307441214,370,90,1480,5785,7265
86,subcell,HQ,std_ctrl__tvn_efaar_e0.2_c96,0.276624826239729,0.04285817286265654,0.011855634621084635,370,117,1480,5945,7425
87,subcell,HQ,std_ctrl__tvn_efaar_e0.2_c96,0.2633704708790374,0.0756632877792129,0.01992747573066742,370,55,1480,5657,7137
88,subcell,HQ,std_ctrl__tvn_efaar_e0.2_c96,0.3146311406287109,0.13243044826245193,0.04166674299078674,370,80,1480,5753,7233
89,subcell,HQ,std_ctrl__tvn_efaar_e0.2_c96,0.3110847934830091,0.010508147226765078,0.0032689248099272692,370,73,1480,5721,7201
90,subcell,HQ,std_ctrl__tvn_efaar_e0.2_c96,0.2772131912509888,0.019256438234605204,0.005338138695142465,370,64,1480,5721,7201
91,subcell,HQ,std_ctrl__tvn_efaar_e0.2_c96,0.33835367290813867,0.02519631797317862,0.008525266729986334,370,83,1480,5849,7329
92,subcell,HQ,std_ctrl__tvn_efaar_e0.2_c96,0.23556296330435947,0.05199706583647839,0.012248582911572723,370,58,1480,5625,7105
93,subcell,HQ,std_ctrl__tvn_efaar_e0.2_c96,0.29306271769186965,0.03943459171233727,0.01155680861828684,370,81,1480,5785,7265
94,subcell,HQ,std_ctrl__tvn_efaar_e0.2_c96,0.28523367340057226,-0.0006407299908578977,-0.00018275776895031325,370,61,1480,5561,7041
95,subcell,HQ,std_ctrl__tvn_efaar_e0.2_c96,0.2888691595098865,-0.008739903393161165,-0.002524688547380071,370,66,1480,5753,7233
96,subcell,HQ,std_ctrl__tvn_efaar_e0.2_c96,0.28859357798136337,0.018693173071020766,0.005394729700390753,370,47,1480,5689,7169
97,subcell,HQ,std_ctrl__tvn_efaar_e0.2_c96,0.30067975056216595,0.0709319212070354,0.02132779237542661,370,85,1480,5689,7169
98,subcell,HQ,std_ctrl__tvn_efaar_e0.2_c96,0.30153346172984696,0.035129379297222374,0.010592683347912281,370,73,1480,5625,7105
99,subcell,HQ,std_ctrl__tvn_efaar_e0.2_c96,0.3016038770218087,0.0105894193130844,0.003193809920235873,370,62,1480,5785,7265
100,subcell,HQ,std_ctrl__tvn_efaar_e0.2_c96,0.266327348529629,0.02292105259709846,0.0061045031636934,370,52,1480,5689,7169
101,subcell,HQ,std_ctrl__tvn_efaar_e0.2_c96,0.291621400859713,0.004452293647299275,0.0012983841104642155,370,72,1480,5433,6913
102,subcell,HQ,std_ctrl__tvn_efaar_e0.2_c96,0.28793703773991597,0.05600523415841955,0.01612598122150568,370,72,1480,5753,7233
103,subcell,HQ,std_ctrl__tvn_efaar_e0.2_c96,0.2722236205823002,0.07956743108069494,0.02166013416921942,370,79,1480,5497,6977
104,subcell,HQ,std_ctrl__tvn_efaar_e0.2_c96,0.3282231710344629,0.08330689976677204,0.027343254810500078,370,78,1480,5625,7105
105,subcell,HQ,std_ctrl__tvn_efaar_e0.2_c96,0.2929571038903331,-0.033461787386411375,-0.009802868323717155,370,45,1480,5689,7169
106,subcell,HQ,std_ctrl__tvn_efaar_e0.2_c96,0.2981269275613704,-0.03547665305827095,-0.010576545576423011,370,53,1480,5625,7105
107,subcell,HQ,std_ctrl__tvn_efaar_e0.2_c96,0.2797336587314476,0.015230717895156095,0.0042605444419185476,370,58,1480,5753,7233
108,subcell,HQ,std_ctrl__tvn_efaar_e0.2_c96,0.3192202666478858,0.08957542344554291,0.028594290557383488,370,61,1480,5657,7137
109,subcell,HQ,std_ctrl__tvn_efaar_e0.2_c96,0.2871490095521723,0.004327491859325117,0.001242635001250296,370,76,1480,5913,7393
110,subcell,HQ,std_ctrl__tvn_efaar_e0.2_c96,0.2962561528561604,0.0035719033129104206,0.0010581983338570154,370,87,1480,5689,7169
111,subcell,HQ,std_ctrl__tvn_efaar_e0.2_c96,0.2794691580418188,-0.012246713300396478,-0.0034225786548413477,370,78,1480,5599,7079
112,subcell,HQ,std_ctrl__tvn_efaar_e0.2_c96,0.3170487596931884,0.019220137109022824,0.00609372063154871,370,52,1480,5759,7239
113,subcell,HQ,std_ctrl__tvn_efaar_e0.2_c96,0.3088305352368572,0.06050201797316281,0.018684870593561827,370,67,1480,5593,7073
114,subcell,HQ,std_ctrl__tvn_efaar_e0.2_c96,0.3047538801725621,0.09298465333887863,0.028337433901523847,370,60,1480,5625,7105
115,subcell,HQ,std_ctrl__tvn_efaar_e0.2_c96,0.29922987119595945,0.07168044945650753,0.02144893165813923,370,59,1480,5913,7393
116,subcell,HQ,std_ctrl__tvn_efaar_e0.2_c96,0.24785645518089378,0.06085203564045469,0.015082569844384507,370,72,1480,5625,7105
117,subcell,HQ,std_ctrl__tvn_efaar_e0.2_c96,0.30764315927117675,-0.01789169067560933,-0.0055042562441471096,370,60,1480,5945,7425
118,subcell,HQ,std_ctrl__tvn_efaar_e0.2_c96,0.31522228474112507,-0.02228001735693302,-0.007023157975324349,370,53,1480,5721,7201
119,subcell,HQ,std_ctrl__tvn_efaar_e0.2_c96,0.29489368827879364,0.00722602515663526,0.002130909210035519,370,84,1480,5794,7274
120,subcell,HQ,std_ctrl__tvn_efaar_e0.2_c96,0.32316368950025054,0.11015612505236728,0.03559845979297399,370,52,1480,5529,7009
121,subcell,HQ,std_ctrl__tvn_efaar_e0.2_c96,0.2793802281107908,0.044664634545870684,0.012478415787910457,370,61,1480,5721,7201
122,subcell,HQ,std_ctrl__tvn_efaar_e0.2_c96,0.30339826801489517,0.01071695652650955,0.003251506048533924,370,93,1480,5625,7105
123,subcell,HQ,std_ctrl__tvn_efaar_e0.2_c96,0.3085332809970383,0.02170103262232259,0.006695490795988951,370,75,1480,5721,7201
124,subcell,HQ,std_ctrl__tvn_efaar_e0.2_c96,0.2736637757163442,0.016071758391780724,0.004398258083895553,370,75,1480,5561,7041
125,subcell,HQ,std_ctrl__tvn_efaar_e0.2_c96,0.29355950060701846,-0.022366919253979267,-0.00656602164631566,370,61,1480,5593,7073
126,subcell,HQ,std_ctrl__tvn_efaar_e0.2_c96,0.30776849123870254,0.002796384564640739,0.0008606390583826763,370,60,1480,5689,7169
127,subcell,HQ,std_ctrl__tvn_efaar_e0.2_c96,0.2685490741257717,0.02605582951501198,0.006997268891835423,370,82,1480,5881,7361
128,subcell,HQ,std_ctrl__tvn_efaar_e0.2_c96,0.3289368298925371,0.10388512030155979,0.034171642144999924,370,76,1480,5657,7137
129,subcell,HQ,std_ctrl__tvn_efaar_e0.2_c96,0.3136768554233004,0.06669047285652743,0.020919257812328496,370,77,1480,5689,7169
130,subcell,HQ,std_ctrl__tvn_efaar_e0.2_c96,0.25819667206985486,0.055700314722638096,0.014381635894628698,370,98,1480,5785,7265
131,subcell,HQ,std_ctrl__tvn_efaar_e0.2_c96,0.2849544109390166,0.04951373945254968,0.014109158459089239,370,86,1480,5753,7233
132,subcell,HQ,std_ctrl__tvn_efaar_e0.2_c96,0.3426664071254863,0.03865949287039782,0.013247309523192575,370,100,1480,5849,7329
133,subcell,HQ,std_ctrl__tvn_efaar_e0.2_c96,0.2803268337757122,0.0030467007808115997,0.0008540719833469059,370,120,1480,5753,7233
134,subcell,HQ,std_ctrl__tvn_efaar_e0.2_c96,0.28781435605113986,-0.015077785341671503,-0.004339603078790499,370,63,1480,5337,6817
135,subcell,HQ,std_ctrl__tvn_efaar_e0.2_c96,0.28096462553029417,-0.029508756120221132,-0.008290916613182707,370,77,1480,5625,7105
136,subcell,HQ,std_ctrl__tvn_efaar_e0.2_c96,0.28587970992066875,0.016561432952380297,0.004734577648297084,370,68,1480,5529,7009
137,subcell,HQ,std_ctrl__tvn_efaar_e0.2_c96,0.28315772195738914,0.0019984035446328533,0.0005658633952498104,370,79,1480,5529,7009
138,subcell,HQ,std_ctrl__tvn_efaar_e0.2_c96,0.26204019395484085,0.009178922967522695,0.00240524675470619,370,87,1480,5497,6977
139,subcell,HQ,std_ctrl__tvn_efaar_e0.2_c96,0.3118869055398597,0.08062175421661297,0.025144869441814554,370,78,1480,5561,7041
140,subcell,HQ,std_ctrl__tvn_efaar_e0.2_c96,0.3253669675367443,0.07320362307965171,0.023818040854129106,370,43,1480,5625,7105
141,subcell,HQ,std_ctrl__tvn_efaar_e0.2_c96,0.31854912068016833,0.003441525866962545,0.0010962950387189726,370,77,1480,5593,7073
142,subcell,HQ,std_ctrl__tvn_efaar_e0.2_c96,0.2920241268949003,0.020711076100108833,0.006048133915188119,370,68,1480,5913,7393
143,subcell,HQ,std_ctrl__tvn_efaar_e0.2_c96,0.2938394522866699,0.10328884243174832,0.03035033688746908,370,79,1480,5849,7329
144,subcell,HQ,std_ctrl__tvn_efaar_e0.2_c96,0.2931744221582173,-0.026971862859198337,-0.007907460308276156,370,80,1480,5625,7105
145,subcell,HQ,std_ctrl__tvn_efaar_e0.2_c96,0.29473442267202815,0.01984478609378395,0.005848941572401305,370,95,1480,5753,7233
146,subcell,HQ,std_ctrl__tvn_efaar_e0.2_c96,0.287383375591847,-0.0012789117003744758,-0.0003675379615375257,370,69,1480,5529,7009
147,subcell,HQ,std_ctrl__tvn_efaar_e0.2_c96,0.2897821115210466,0.03929405061056519,0.011386712956144452,370,82,1480,5721,7201
148,subcell,HQ,std_ctrl__tvn_efaar_e0.2_c96,0.309107726069253,0.016146152772233174,0.004990900568191762,370,75,1480,5657,7137
149,subcell,HQ,std_ctrl__tvn_efaar_e0.2_c96,0.28031520035009283,-0.031368039660204586,-0.008792938321939905,370,46,1480,5497,6977
150,subcell,HQ,std_ctrl__tvn_efaar_e0.2_c96,0.28946252372736864,0.07827572355892916,0.02265788848795348,370,84,1480,5849,7329
151,subcell,HQ,std_ctrl__tvn_efaar_e0.2_c96,0.30329554941623454,0.05352528935512726,0.01623398204262625,370,98,1480,5785,7265
152,subcell,HQ,std_ctrl__tvn_efaar_e0.2_c96,0.2759508574498992,0.0060061601946109,0.0016574050556843315,370,69,1480,5657,7137
153,subcell,HQ,std_ctrl__tvn_efaar_e0.2_c96,0.3110535616688578,0.055482631588981556,0.017258070166513793,370,85,1480,5753,7233
154,subcell,HQ,std_ctrl__tvn_efaar_e0.2_c96,0.28367640506472136,0.008853382403453852,0.002511495692875051,370,76,1480,5721,7201
155,subcell,HQ,std_ctrl__tvn_efaar_e0.2_c96,0.2905621585919694,-0.007357355393743895,-0.002137769064734495,370,83,1480,5497,6977
156,subcell,HQ,std_ctrl__tvn_efaar_e0.2_c96,0.30220202595465884,0.09092459624765331,0.0274775971951502,370,63,1480,5785,7265
157,subcell,HQ,std_ctrl__tvn_efaar_e0.2_c96,0.3002083810124756,-0.02568711319082439,-0.007711486663901596,370,95,1480,5593,7073
158,subcell,HQ,std_ctrl__tvn_efaar_e0.2_c96,0.27050250773201934,-0.011988668206146465,-0.0032429648141297485,370,78,1480,5625,7105
159,subcell,HQ,std_ctrl__tvn_efaar_e0.2_c96,0.2819524278272672,-0.006862299195898875,-0.0019348419187607913,370,56,1480,5849,7329
160,subcell,HQ,std_ctrl__tvn_efaar_e0.2_c96,0.2673292424936316,0.023340428361405496,0.0062395790333314065,370,76,1480,5817,7297
161,subcell,HQ,std_ctrl__tvn_efaar_e0.2_c96,0.308349461304535,0.056148889656631604,0.017313479878470133,370,95,1480,5657,7137
162,subcell,HQ,std_ctrl__tvn_efaar_e0.2_c96,0.2898809792553548,0.0261185585816678,0.007571273338392213,370,108,1480,5849,7329
163,subcell,HQ,std_ctrl__tvn_efaar_e0.2_c96,0.2974876158375205,0.05100390832489482,0.015173031085968423,370,75,1480,5785,7265
164,subcell,HQ,std_ctrl__tvn_efaar_e0.2_c96,0.2935483917976059,0.04268952930109272,0.012531442672932542,370,49,1480,5785,7265
165,subcell,HQ,std_ctrl__tvn_efaar_e0.2_c96,0.2986987889503636,0.02234282918572333,0.006673776019500398,370,83,1480,5849,7329
166,subcell,HQ,std_ctrl__tvn_efaar_e0.2_c96,0.297794293964183,0.046471307531282716,0.013838890215870757,370,84,1480,5631,7111
167,subcell,HQ,std_ctrl__tvn_efaar_e0.2_c96,0.276419219901898,0.015129576125102307,0.004182105629947161,370,49,1480,5785,7265
168,subcell,HQ,std_ctrl__tvn_efaar_e0.2_c96,0.29139854057233633,0.036824020964237286,0.010730465966983863,370,49,1480,5721,7201
169,subcell,HQ,std_ctrl__tvn_efaar_e0.2_c96,0.2954469759690876,-0.03273544960941944,-0.009671589594091423,370,53,1480,5689,7169
170,subcell,HQ,std_ctrl__tvn_efaar_e0.2_c96,0.28021564877711913,-0.06157658352289308,-0.01725472230134595,370,57,1480,5497,6977
171,subcell,HQ,std_ctrl__tvn_efaar_e0.2_c96,0.27951266389029916,0.015592152486153315,0.004358204077188464,370,78,1480,5561,7041
172,subcell,HQ,std_ctrl__tvn_efaar_e0.2_c96,0.29458329533136834,-0.018028758827736604,-0.0053109711862091465,370,58,1480,5689,7169
173,subcell,HQ,std_ctrl__tvn_efaar_e0.2_c96,0.2911110197294387,0.07399692898698634,0.021541321454248457,370,61,1480,5753,7233
174,subcell,HQ,std_ctrl__tvn_efaar_e0.2_c96,0.3000994863328862,0.17498387068486954,0.05251256970906953,370,81,1480,5497,6977
175,subcell,HQ,std_ctrl__tvn_efaar_e0.2_c96,0.2938319539602379,-0.0013623181515935816,-0.0004002926043982417,370,81,1480,5433,6913
176,subcell,HQ,std_ctrl__tvn_efaar_e0.2_c96,0.3023547126560571,0.004964040969296612,0.0015009011808845723,370,67,1480,5497,6977
177,subcell,HQ,std_ctrl__tvn_efaar_e0.2_c96,0.28324129924826685,0.015672659570411588,0.004439144459399162,370,74,1480,5657,7137
178,subcell,HQ,std_ctrl__tvn_efaar_e0.2_c96,0.3046962848699638,0.020684910957891406,0.006302615521735516,370,66,1480,5657,7137
179,subcell,HQ,std_ctrl__tvn_efaar_e0.2_c96,0.28035652198465416,0.021847747422465365,0.006125158480561582,370,99,1480,5561,7041
180,subcell,HQ,std_ctrl__tvn_efaar_e0.2_c96,0.28174266445813506,-0.010574734602899778,-0.002979353902958622,370,79,1480,5753,7233
181,subcell,HQ,std_ctrl__tvn_efaar_e0.2_c96,0.2990673475841325,-0.028706799927713314,-0.008585266512009587,370,73,1480,5593,7073
182,subcell,HQ,std_ctrl__tvn_efaar_e0.2_c96,0.27322519909847687,0.03643657492224016,0.009955390437595637,370,82,1480,5657,7137
183,subcell,HQ,std_ctrl__tvn_efaar_e0.2_c96,0.29657804759495077,0.03139542363428994,0.009311193444874084,370,126,1480,5593,7073
184,subcell,HQ,std_ctrl__tvn_efaar_e0.2_c96,0.3003320873122445,0.0775440080117597,0.0232889537847292,370,69,1480,5721,7201
185,subcell,HQ,std_ctrl__tvn_efaar_e0.2_c96,0.2762054299435561,0.034343009021953766,0.009485725572464167,370,80,1480,5817,7297
186,subcell,HQ,std_ctrl__tvn_efaar_e0.2_c96,0.30177862046053283,-0.02149422715990691,-0.006486498220182023,370,62,1480,5721,7201
187,subcell,HQ,std_ctrl__tvn_efaar_e0.2_c96,0.2817019130740897,0.05756117246061072,0.016215092400941645,370,77,1480,5721,7201
188,subcell,HQ,std_ctrl__tvn_efaar_e0.2_c96,0.2833073924452178,0.026759489279950293,0.007581161131068477,370,50,1480,5657,7137
189,subcell,HQ,std_ctrl__tvn_efaar_e0.2_c96,0.27878749381336426,-0.0016013768087704593,-0.00044644382716795943,370,49,1480,5753,7233
190,subcell,HQ,std_ctrl__tvn_efaar_e0.2_c96,0.29728746983521276,-0.0032337191235296114,-0.0009613441763918599,370,78,1480,5721,7201
191,subcell,HQ,std_ctrl__tvn_efaar_e0.2_c96,0.30258666333044093,0.006432818585859283,0.001946485111705206,370,90,1480,5465,6945
192,subcell,HQ,std_ctrl__tvn_efaar_e0.2_c96,0.2669516281031835,0.04085773327701536,0.01090703841890487,370,98,1480,5497,6977
193,subcell,HQ,std_ctrl__tvn_efaar_e0.2_c96,0.30858906586729246,0.015123775433140729,0.004667031733299604,370,85,1480,5721,7201
194,subcell,HQ,std_ctrl__tvn_efaar_e0.2_c96,0.30876506528597353,0.023071104417185097,0.007123551061591669,370,71,1480,5689,7169
195,subcell,HQ,std_ctrl__tvn_efaar_e0.2_c96,0.27848000228212716,0.05111419302559575,0.014234280590416993,370,88,1480,5881,7361
196,subcell,HQ,std_ctrl__tvn_efaar_e0.2_c96,0.2665115899375516,-0.008159052114151825,-0.0021744819513259445,370,54,1480,5625,7105
197,subcell,HQ,std_ctrl__tvn_efaar_e0.2_c96,0.2555237040367554,0.012892857197967886,0.0032944306268416976,370,79,1480,5433,6913
198,subcell,HQ,std_ctrl__tvn_efaar_e0.2_c96,0.2814505706666631,-0.0339714884698473,-0.00956129481623449,370,82,1480,5753,7233
199,subcell,HQ,std_ctrl__tvn_efaar_e0.2_c96,0.2984160837202577,-0.01595585917865475,-0.0047614850084860775,370,85,1480,5721,7201
200,subcell,HQ,std_ctrl__tvn_efaar_e0.2_c96,0.2887076454938471,-0.0021956702805893073,-0.0006339067969897534,370,51,1480,5561,7041
201,subcell,HQ,std_ctrl__tvn_efaar_e0.2_c96,0.29344009174091584,0.014555501231877745,0.004271167616817219,370,83,1480,5689,7169
202,subcell,HQ,std_ctrl__tvn_efaar_e0.2_c96,0.28445935173710696,0.03931535156954868,0.011183619420790268,370,34,1480,5657,7137
203,subcell,HQ,std_ctrl__tvn_efaar_e0.2_c96,0.2947581684866707,0.08712524318837753,0.025680877111161942,370,71,1480,5465,6945
204,subcell,HQ,std_ctrl__tvn_efaar_e0.2_c96,0.27574782134044684,0.01990663973218053,0.005489212536357957,370,72,1480,5561,7041
205,subcell,HQ,std_ctrl__tvn_efaar_e0.2_c96,0.2843925459334333,0.022027487150415484,0.006264453151222648,370,72,1480,5721,7201
206,subcell,HQ,std_ctrl__tvn_efaar_e0.2_c96,0.2582995902531379,-0.0355213846306172,-0.009175159095312534,370,70,1480,5337,6817
207,subcell,HQ,std_ctrl__tvn_efaar_e0.2_c96,0.32323017444185204,0.030625325844809544,0.009899029415156349,370,53,1480,5657,7137
208,subcell,HQ,std_ctrl__tvn_efaar_e0.2_c96,0.2646919692929579,-0.006718732582090994,-0.0017783945583064252,370,60,1480,5881,7361
209,subcell,HQ,std_ctrl__tvn_efaar_e0.2_c96,0.26424247220279395,0.04004765078707653,0.01058229024989127,370,54,1480,5881,7361
210,subcell,HQ,std_ctrl__tvn_efaar_e0.2_c96,0.2724827880174537,-0.041304344641787165,-0.011254722985227941,370,74,1480,5657,7137
211,subcell,HQ,std_ctrl__tvn_efaar_e0.2_c96,0.3200137497624087,0.04161613899643595,0.013317736690883073,370,65,1480,5817,7297
212,subcell,HQ,std_ctrl__tvn_efaar_e0.2_c96,0.3077531524467354,-0.029061374036128088,-0.008943729474052125,370,67,1480,5913,7393
213,subcell,HQ,std_ctrl__tvn_efaar_e0.2_c96,0.32765136204723017,0.01464972660747519,0.0048000028765587946,370,67,1480,5753,7233
214,subcell,HQ,std_ctrl__tvn_efaar_e0.2_c96,0.2871046284526153,0.05609350166384952,0.016104703953805675,370,96,1480,5657,7137
215,subcell,HQ,std_ctrl__tvn_efaar_e0.2_c96,0.25198570904682827,0.15354970311024724,0.03869233081216562,370,67,1480,5401,6881
216,subcell,HQ,std_ctrl__tvn_efaar_e0.2_c96,0.2829902718748018,-0.0008580407702873254,-0.00024281719086327456,370,60,1480,5657,7137
217,subcell,HQ,std_ctrl__tvn_efaar_e0.2_c96,0.32614086136229015,-0.018562498026800607,-0.006053989095496561,370,58,1480,5689,7169
218,subcell,HQ,std_ctrl__tvn_efaar_e0.2_c96,0.2650632473241282,0.019358899961292864,0.0051313328883632265,370,96,1480,5785,7265
219,subcell,HQ,std_ctrl__tvn_efaar_e0.2_c96,0.2485316249446825,-0.020701238316548933,-0.00514491239717903,370,77,1480,5561,7041
220,subcell,HQ,std_ctrl__tvn_efaar_e0.2_c96,0.2962217789839254,0.01806520652084264,0.0053513076133160165,370,91,1480,5849,7329
221,subcell,HQ,std_ctrl__tvn_efaar_e0.2_c96,0.23781793946402613,0.027814000414408437,0.006614668266806183,370,74,1480,5945,7425
222,subcell,HQ,std_ctrl__tvn_efaar_e0.2_c96,0.29492186226202355,0.055668677127514554,0.01641790992810991,370,60,1480,5465,6945
223,subcell,HQ,std_ctrl__tvn_efaar_e0.2_c96,0.29716790570693663,-0.03277761000309883,-0.009740453718699617,370,61,1480,5625,7105
224,subcell,HQ,std_ctrl__tvn_efaar_e0.2_c96,0.28736563202969745,0.019468077832979054,0.0055944564908773685,370,57,1480,5625,7105
225,subcell,HQ,std_ctrl__tvn_efaar_e0.2_c96,0.27842302537027186,0.02621792770521133,0.007299674750624007,370,86,1480,5786,7266
226,subcell,HQ,std_ctrl__tvn_efaar_e0.2_c96,0.28783322119394833,0.07466680613268746,0.021491587325435487,370,80,1480,5561,7041
227,subcell,HQ,std_ctrl__tvn_efaar_e0.2_c96,0.287260379142908,0.05941876410836144,0.01706865670597092,370,45,1480,5721,7201
228,subcell,HQ,std_ctrl__tvn_efaar_e0.2_c96,0.3086019781670532,-0.003385470015358731,-0.0010447627437649484,370,48,1480,5689,7169
229,subcell,HQ,std_ctrl__tvn_efaar_e0.2_c96,0.3027269320864932,0.038257311520742555,0.011581518546551645,370,63,1480,5721,7201
230,subcell,HQ,std_ctrl__tvn_efaar_e0.2_c96,0.30457758474447066,0.06273727311476356,0.019108367118748897,370,87,1480,5785,7265
231,subcell,HQ,std_ctrl__tvn_efaar_e0.2_c96,0.3048375171954397,-0.007648546259273989,-0.002331563851831551,370,45,1480,5657,7137
232,subcell,HQ,std_ctrl__tvn_efaar_e0.2_c96,0.29035671622993015,-0.02770567662819552,-0.008044529286691174,370,78,1480,5689,7169
233,subcell,HQ,std_ctrl__tvn_efaar_e0.2_c96,0.29856620350687507,0.030171880117177648,0.009008303699250299,370,75,1480,5689,7169
234,subcell,HQ,std_ctrl__tvn_efaar_e0.2_c96,0.292521328537124,0.06514661322254336,0.019056773849552552,370,76,1480,5721,7201
235,subcell,HQ,std_ctrl__tvn_efaar_e0.2_c96,0.2848748377403945,0.007696744674021854,0.0021926088901412216,370,75,1480,5721,7201
236,subcell,HQ,std_ctrl__tvn_efaar_e0.2_c96,0.308371412469128,0.027166108140925585,0.0083772511387063,370,71,1480,5689,7169
237,subcell,HQ,std_ctrl__tvn_efaar_e0.2_c96,0.265971667373497,0.017073100076787612,0.00454096089465778,370,77,1480,5753,7233
238,subcell,HQ,std_ctrl__tvn_efaar_e0.2_c96,0.26442307596920367,-0.01919799967932786,-0.005076394127663659,370,58,1480,5785,7265
239,subcell,HQ,std_ctrl__tvn_efaar_e0.2_c96,0.3129027083186424,0.05931300018516573,0.018559198396442496,370,58,1480,5657,7137
240,subcell,HQ,std_ctrl__tvn_efaar_e0.2_c96,0.27831213149685263,-0.024497571438348808,-0.0068179713235032744,370,61,1480,5817,7297
241,subcell,HQ,std_ctrl__tvn_efaar_e0.2_c96,0.3058335985144321,-0.001302474781424952,-0.0003983405493774914,370,86,1480,5785,7265
242,subcell,HQ,std_ctrl__tvn_efaar_e0.2_c96,0.2819917182703021,0.06532368079829913,0.018420736992053113,370,72,1480,5753,7233
243,subcell,HQ,std_ctrl__tvn_efaar_e0.2_c96,0.30161036084176357,0.07219157278922178,0.021773726318691622,370,75,1480,5849,7329
244,subcell,HQ,std_ctrl__tvn_efaar_e0.2_c96,0.26050826763768536,-0.00019549937872851463,-5.09292044768091e-05,370,76,1480,5721,7201
245,subcell,HQ,std_ctrl__tvn_efaar_e0.2_c96,0.31645701634309903,0.021601677668601094,0.0068360024630108535,370,83,1480,5529,7009
246,subcell,HQ,std_ctrl__tvn_efaar_e0.2_c96,0.2809363195174995,-0.0060971394506394916,-0.0017129079168476074,370,57,1480,5913,7393
247,subcell,HQ,std_ctrl__tvn_efaar_e0.2_c96,0.2774342006650977,0.004771152163897865,0.0013236807868425553,370,65,1480,5817,7297
248,subcell,HQ,std_ctrl__tvn_efaar_e0.2_c96,0.31869162063129997,0.0839304911757652,0.026747944253185635,370,72,1480,5721,7201
249,subcell,HQ,std_ctrl__tvn_efaar_e0.2_c96,0.28659365971919626,0.04787769978426155,0.01372144520010849,370,70,1480,5657,7137
250,subcell,HQ,std_ctrl__tvn_efaar_e0.2_c96,0.32446112545775124,0.01958814366269334,0.006355591138425599,370,81,1480,5817,7297
251,subcell,HQ,std_ctrl__tvn_efaar_e0.2_c96,0.3056610397859148,-0.0006484351994881445,-0.00019820137730933334,370,89,1480,5401,6881
252,subcell,HQ,std_ctrl__tvn_efaar_e0.2_c96,0.28705769111317675,-0.011036279619278468,-0.0031680489459894865,370,56,1480,5753,7233
253,subcell,HQ,std_ctrl__tvn_efaar_e0.2_c96,0.28425177416510383,0.03924113582261345,0.011154362477831685,370,51,1480,5849,7329
254,subcell,HQ,std_ctrl__tvn_efaar_e0.2_c96,0.28825555477544673,0.044647313959962534,0.012869836254762547,370,58,1480,5625,7105
255,subcell,HQ,std_ctrl__tvn_efaar_e0.2_c96,0.2939552092686809,0.005190719333260046,0.0015258389878634448,370,61,1480,5881,7361
256,subcell,HQ,std_ctrl__tvn_efaar_e0.2_c96,0.2731044803781897,-0.017353523449083256,-0.004739325004292612,370,58,1480,5721,7201
257,subcell,HQ,std_ctrl__tvn_efaar_e0.2_c96,0.2908585480896923,0.03327944666738907,0.009679611538905135,370,69,1480,5817,7297
258,subcell,HQ,std_ctrl__tvn_efaar_e0.2_c96,0.3092428665550717,0.04093567951369082,0.012659066877193474,370,65,1480,5689,7169
259,subcell,HQ,std_ctrl__tvn_efaar_e0.2_c96,0.30092561996995687,0.1020528615130822,0.03071032062053241,370,77,1480,5529,7009
260,subcell,HQ,std_ctrl__tvn_efaar_e0.2_c96,0.2858348344184694,-0.009550129993812908,-0.002729759825456371,370,92,1480,5721,7201
261,subcell,HQ,std_ctrl__tvn_efaar_e0.2_c96,0.28267985268012885,0.014477496409710862,0.004092496552274161,370,90,1480,5660,7140
262,subcell,HQ,std_ctrl__tvn_efaar_e0.2_c96,0.26572989164593497,0.02904723093218295,0.007718717528223426,370,83,1480,5721,7201
263,subcell,HQ,std_ctrl__tvn_efaar_e0.2_c96,0.3171645311721631,-0.0062477522044268935,-0.001981565398796904,370,54,1480,5881,7361
264,subcell,HQ,std_ctrl__tvn_efaar_e0.2_c96,0.2995214826959277,0.007909644095790523,0.002369108327168268,370,94,1480,5593,7073
265,subcell,HQ,std_ctrl__tvn_efaar_e0.2_c96,0.2941348016676352,0.05054109652788023,0.01486589540329286,370,81,1480,5529,7009
266,subcell,HQ,std_ctrl__tvn_efaar_e0.2_c96,0.2759863627163352,0.04668010258341435,0.01288307172322193,370,47,1480,5625,7105
267,subcell,HQ,std_ctrl__tvn_efaar_e0.2_c96,0.29216859070974777,-0.013472395526937282,-0.003936210814589575,370,64,1480,5721,7201
268,subcell,HQ,std_ctrl__tvn_efaar_e0.2_c96,0.29817244281322264,-0.04040085933959082,-0.012046422921039196,370,75,1480,5692,7172
269,subcell,HQ,std_ctrl__tvn_efaar_e0.2_c96,0.2717647558663109,0.06789810278749224,0.01845231132782851,370,80,1480,5593,7073
270,subcell,HQ,std_ctrl__tvn_efaar_e0.2_c96,0.3383447355171765,0.0006414381602179152,0.0002170272246695548,370,71,1480,5465,6945
271,subcell,HQ,std_ctrl__tvn_efaar_e0.2_c96,0.28859473393110424,0.026860801672606818,0.0077518859118821245,370,79,1480,5822,7302
272,subcell,HQ,std_ctrl__tvn_efaar_e0.2_c96,0.252530854386125,0.019927622736290257,0.005032339595479748,370,81,1480,5753,7233
273,subcell,HQ,std_ctrl__tvn_efaar_e0.2_c96,0.32084264978367777,0.05880453414018515,0.018867002552831746,370,78,1480,5721,7201
274,subcell,HQ,std_ctrl__tvn_efaar_e0.2_c96,0.2766603233505201,0.006566425832151518,0.0018166694939802468,370,69,1480,5721,7201
275,subcell,HQ,std_ctrl__tvn_efaar_e0.2_c96,0.26956847957752933,0.12700158809902795,0.03423562500778661,370,55,1480,5693,7173
276,subcell,HQ,std_ctrl__tvn_efaar_e0.2_c96,0.30920780120007707,-0.03857860942144844,-0.011928806992562649,370,47,1480,5817,7297
277,subcell,HQ,std_ctrl__tvn_efaar_e0.2_c96,0.2935119675076692,0.017252035030267922,0.00506367874524517,370,59,1480,5497,6977
278,subcell,HQ,std_ctrl__tvn_efaar_e0.2_c96,0.28809426529266496,-0.04969234755299779,-0.014316080358948656,370,55,1480,5657,7137
279,subcell,HQ,std_ctrl__tvn_efaar_e0.2_c96,0.26562812350136505,-0.02364446522436768,-0.00628063492874207,370,69,1480,5849,7329
280,subcell,HQ,std_ctrl__tvn_efaar_e0.2_c96,0.29974021598002587,0.012329076598324525,0.0036955200824160756,370,60,1480,5785,7265
281,subcell,HQ,std_ctrl__tvn_efaar_e0.2_c96,0.2617231686590096,-0.030487523186999238,-0.007979291173066467,370,75,1480,5753,7233
282,subcell,HQ,std_ctrl__tvn_efaar_e0.2_c96,0.28959847429556723,0.005566373016517981,0.0016120131329436214,370,73,1480,5977,7457
283,subcell,HQ,std_ctrl__tvn_efaar_e0.2_c96,0.26578670001305493,0.008657793002807787,0.0023011262316123995,370,64,1480,5689,7169
284,subcell,HQ,std_ctrl__tvn_efaar_e0.2_c96,0.2866170977616629,-0.0013603056774594295,-0.00038988686534213436,370,61,1480,5561,7041
285,subcell,HQ,std_ctrl__tvn_efaar_e0.2_c96,0.3077462145295918,-0.0021050411451085113,-0.0006478184438361814,370,61,1480,5593,7073
286,subcell,HQ,std_ctrl__tvn_efaar_e0.2_c96,0.2891679073622967,0.014941762665610907,0.004320678242318798,370,86,1480,5593,7073
287,subcell,HQ,std_ctrl__tvn_efaar_e0.2_c96,0.29107610970993897,0.07241627365479687,0.02107864721512862,370,58,1480,5881,7361
288,subcell,HQ,std_ctrl__tvn_efaar_e0.2_c96,0.2959949631490277,0.12280634431399626,0.036350059359688124,370,75,1480,5785,7265
289,subcell,HQ,std_ctrl__tvn_efaar_e0.2_c96,0.30269947335573405,0.02612924845928119,0.007909309747805541,370,97,1480,5785,7265
290,subcell,HQ,std_ctrl__tvn_efaar_e0.2_c96,0.3085955482837065,0.020134366304308312,0.0062133758090230085,370,57,1480,5625,7105
291,subcell,HQ,std_ctrl__tvn_efaar_e0.2_c96,0.272992522888493,-0.037142839066236395,-0.010139717343933152,370,76,1480,5849,7329
292,subcell,HQ,std_ctrl__tvn_efaar_e0.2_c96,0.2969031794886745,0.016538396418676722,0.004910302480349227,370,74,1480,5657,7137
293,subcell,HQ,std_ctrl__tvn_efaar_e0.2_c96,0.313659531764564,0.01778703286841708,0.005579072400988611,370,61,1480,5817,7297
294,subcell,HQ,std_ctrl__tvn_efaar_e0.2_c96,0.3083247695992321,-0.012733398867892888,-0.003926022272158197,370,72,1480,5721,7201
295,subcell,HQ,std_ctrl__tvn_efaar_e0.2_c96,0.2682301363409383,0.04669227553146585,0.012524275431873741,370,65,1480,5724,7204
296,subcell,HQ,std_ctrl__tvn_efaar_e0.2_c96,0.2817975714594139,-0.0018456225394548867,-0.0005200919494491434,370,82,1480,5689,7169
297,subcell,HQ,std_ctrl__tvn_efaar_e0.2_c96,0.2756979976538223,-0.003173437958642504,-0.0008749104908763717,370,59,1480,5369,6849
298,subcell,HQ,std_ctrl__tvn_efaar_e0.2_c96,0.2982961243118507,-0.006401577098899098,-0.0019095656380851021,370,62,1480,5689,7169
299,subcell,HQ,std_ctrl__tvn_efaar_e0.2_c96,0.29555191625091015,-0.01374914543080335,-0.004063586278886376,370,96,1480,5625,7105
300,subcell,HQ,std_ctrl__tvn_efaar_e0.2_c96,0.2933753445833145,0.011824719455620891,0.003469081144893802,370,49,1480,5625,7105
301,subcell,HQ,std_ctrl__tvn_efaar_e0.2_c96,0.2561274249201181,0.055642915410479374,0.014251676639134037,370,97,1480,5657,7137
302,subcell,HQ,std_ctrl__tvn_efaar_e0.2_c96,0.26683830645128787,0.1079903697254624,0.028815967370590816,370,118,1480,5689,7169
303,subcell,HQ,std_ctrl__tvn_efaar_e0.2_c96,0.2715920536563903,-0.04773571565733359,-0.012964641048132733,370,102,1480,5689,7169
304,subcell,HQ,std_ctrl__tvn_efaar_e0.2_c96,0.30534717992659527,0.03802705282181788,0.011611453340061768,370,57,1480,5785,7265
305,subcell,HQ,std_ctrl__tvn_efaar_e0.2_c96,0.2784110214456789,0.11438844064310116,0.03184700260102421,370,70,1480,5849,7329
306,subcell,HQ,std_ctrl__tvn_efaar_e0.2_c96,0.2681752537861359,-0.003533647469453141,-0.0009476368069113329,370,74,1480,5657,7137
307,subcell,HQ,std_ctrl__tvn_efaar_e0.2_c96,0.3059243935124718,-0.024770838835999853,-0.007578003847698438,370,72,1480,5753,7233
308,subcell,HQ,std_ctrl__tvn_efaar_e0.2_c96,0.26901667897310116,0.010048657682208514,0.0027032565178052746,370,75,1480,5753,7233
309,subcell,HQ,std_ctrl__tvn_efaar_e0.2_c96,0.2886784624675676,0.010034943690253009,0.0028968721154508576,370,73,1480,5849,7329
310,subcell,HQ,std_ctrl__tvn_efaar_e0.2_c96,0.2959263031598354,-0.005516282545490109,-0.0016324131008720146,370,73,1480,5753,7233
311,subcell,HQ,std_ctrl__tvn_efaar_e0.2_c96,0.30558739245535943,0.09264034476791566,0.028309721393792845,370,67,1480,5724,7204
312,subcell,HQ,std_ctrl__tvn_efaar_e0.2_c96,0.2964067805399194,0.023112302659085735,0.006850643222043822,370,93,1480,5689,7169
313,subcell,HQ,std_ctrl__tvn_efaar_e0.2_c96,0.2517114931021161,0.0035404201652078937,0.0008911644459933195,370,100,1480,5721,7201
314,subcell,HQ,std_ctrl__tvn_efaar_e0.2_c96,0.31453982176146195,0.035159203090765034,0.011058969473444275,370,60,1480,5625,7105
315,subcell,HQ,std_ctrl__tvn_efaar_e0.2_c96,0.2977020085094755,0.011798664992546072,0.0035124862660114013,370,52,1480,5593,7073
316,subcell,HQ,std_ctrl__tvn_efaar_e0.2_c96,0.3057722525497136,-0.013101965768328817,-0.004006217585811141,370,61,1480,5561,7041
317,subcell,HQ,std_ctrl__tvn_efaar_e0.2_c96,0.27766374470560445,0.1010849948631613,0.02806763820725216,370,92,1480,5817,7297
318,subcell,HQ,std_ctrl__tvn_efaar_e0.2_c96,0.27369039628583947,0.07194316666280032,0.019690153794000013,370,80,1480,5657,7137
319,subcell,HQ,std_ctrl__tvn_efaar_e0.2_c96,0.2848986997207196,0.00132717731765149,0.0003781110920977419,370,86,1480,5881,7361
320,subcell,HQ,std_ctrl__tvn_efaar_e0.2_c96,0.27403584669405734,0.08778714770012916,0.024056825348861163,370,82,1480,5529,7009
321,subcell,HQ,std_ctrl__tvn_efaar_e0.2_c96,0.308917703529229,0.054780565404071,0.016922686462658345,370,73,1480,5529,7009
322,subcell,HQ,std_ctrl__tvn_efaar_e0.2_c96,0.27734981991359314,-0.024183792591348542,-0.006707370520038206,370,72,1480,5657,7137
323,subcell,HQ,std_ctrl__tvn_efaar_e0.2_c96,0.31813644178211853,0.08698372193050276,0.027672691787935376,370,92,1480,5625,7105
324,subcell,HQ,std_ctrl__tvn_efaar_e0.2_c96,0.26525336973444363,0.019797133437100895,0.005251256355273441,370,61,1480,5721,7201
325,subcell,HQ,std_ctrl__tvn_efaar_e0.2_c96,0.2613403972106688,0.07356462477985984,0.01922540826062238,370,100,1480,5689,7169
326,subcell,HQ,std_ctrl__tvn_efaar_e0.2_c96,0.27617267786399446,-0.01813215570641634,-0.005007605996887908,370,46,1480,5663,7143
327,subcell,HQ,std_ctrl__tvn_efaar_e0.2_c96,0.28339443679953646,-0.023640277872028548,-0.0066995232333280745,370,79,1480,5497,6977
328,subcell,HQ,std_ctrl__tvn_efaar_e0.2_c96,0.2642296517613535,-0.032013622450151026,-0.008458948311622853,370,67,1480,5727,7207
329,subcell,HQ,std_ctrl__tvn_efaar_e0.2_c96,0.31250564634211375,-0.03695281225096412,-0.011547962476646322,370,113,1480,5561,7041
330,subcell,HQ,std_ctrl__tvn_efaar_e0.2_c96,0.34905499288973435,0.014147710978590156,0.004938329155037804,370,45,1480,5593,7073
331,subcell,HQ,std_ctrl__tvn_efaar_e0.2_c96,0.30423668602064574,-0.029453043095770546,-0.008960696224680492,370,95,1480,5817,7297
332,subcell,HQ,std_ctrl__tvn_efaar_e0.2_c96,0.30839867614392924,0.0023394716529676995,0.0007214899606514883,370,100,1480,5689,7169
333,subcell,HQ,std_ctrl__tvn_efaar_e0.2_c96,0.27895348867984354,0.07037549423313041,0.019631489633899938,370,92,1480,5433,6913
334,subcell,HQ,std_ctrl__tvn_efaar_e0.2_c96,0.30357137432403347,0.06018351994267751,0.01826999386065649,370,53,1480,5497,6977
335,subcell,HQ,std_ctrl__tvn_efaar_e0.2_c96,0.28971748983141155,0.08783466007283057,0.02544723723649578,370,71,1480,5593,7073
336,subcell,HQ,std_ctrl__tvn_efaar_e0.2_c96,0.3083731318273657,-0.020579354247805475,-0.006346119920380576,370,53,1480,5593,7073
337,subcell,HQ,std_ctrl__tvn_efaar_e0.2_c96,0.2892239263689056,0.017768763929273446,0.005139151670346649,370,95,1480,5593,7073
338,subcell,HQ,std_ctrl__tvn_efaar_e0.2_c96,0.3115680364719495,0.023226461724901344,0.007236623073818402,370,87,1480,5561,7041
339,subcell,HQ,std_ctrl__tvn_efaar_e0.2_c96,0.2732132681195591,0.03244829467499356,0.008865304633061476,370,86,1480,5817,7297
340,subcell,HQ,std_ctrl__tvn_efaar_e0.2_c96,0.32514706776325003,-0.008732616190166709,-0.0028393845481345893,370,93,1480,5625,7105
341,subcell,HQ,std_ctrl__tvn_efaar_e0.2_c96,0.2962174131186765,0.013841778358663135,0.0041001757783652735,370,52,1480,5561,7041
342,subcell,HQ,std_ctrl__tvn_efaar_e0.2_c96,0.2660292412796753,0.09839349105397316,0.026175545771947,370,78,1480,5785,7265
343,subcell,HQ,std_ctrl__tvn_efaar_e0.2_c96,0.28586625101702967,-0.00574920538649953,-0.0016435037901655336,370,71,1480,5785,7265
344,subcell,HQ,std_ctrl__tvn_efaar_e0.2_c96,0.29630159945125273,0.054674199907256936,0.016200052881237763,370,48,1480,5561,7041
345,subcell,HQ,std_ctrl__tvn_efaar_e0.2_c96,0.3132448122271009,0.03376148959351392,0.010575611468227487,370,77,1480,5785,7265
346,subcell,HQ,std_ctrl__tvn_efaar_e0.2_c96,0.2598337180574408,0.05724948386264312,0.014875346248900021,370,62,1480,5689,7169
347,subcell,HQ,std_ctrl__tvn_efaar_e0.2_c96,0.31078103206088553,0.019530534329632723,0.006069719615663813,370,59,1480,5817,7297
348,subcell,HQ,std_ctrl__tvn_efaar_e0.2_c96,0.30508949931995855,0.03559367163473937,0.010859255458001645,370,125,1480,5791,7271
349,subcell,HQ,std_ctrl__tvn_efaar_e0.2_c96,0.24172370646924154,-0.002366517049569472,-0.0005720432726445866,370,84,1480,5689,7169
350,subcell,HQ,std_ctrl__tvn_efaar_e0.2_c96,0.30783639147815234,0.043104263354093286,0.013269060888248037,370,84,1480,5497,6977
351,subcell,HQ,std_ctrl__tvn_efaar_e0.2_c96,0.302472621058134,0.05014129620098739,0.015166369285164912,370,91,1480,5689,7169
352,subcell,HQ,std_ctrl__tvn_efaar_e0.2_c96,0.30191965470243104,0.03555912937453934,0.01073600006227999,370,69,1480,5433,6913
353,subcell,HQ,std_ctrl__tvn_efaar_e0.2_c96,0.28939250270417544,0.0094203418656467,0.0027261763088284197,370,90,1480,5593,7073
354,subcell,HQ,std_ctrl__tvn_efaar_e0.2_c96,0.2837659630425519,0.03589930379766046,0.010187000514700261,370,67,1480,5625,7105
355,subcell,HQ,std_ctrl__tvn_efaar_e0.2_c96,0.30246860598103237,0.014949636496484087,0.004521795711014707,370,67,1480,5561,7041
356,subcell,HQ,std_ctrl__tvn_efaar_e0.2_c96,0.3248953945762698,-0.003440703690755038,-0.001117868783227886,370,63,1480,5881,7361
357,subcell,HQ,std_ctrl__tvn_efaar_e0.2_c96,0.2746363780764239,0.02722842190237535,0.0074779151720051375,370,87,1480,5497,6977
358,subcell,HQ,std_ctrl__tvn_efaar_e0.2_c96,0.27494664300900273,-0.010261310854587096,-0.002821312972340563,370,70,1480,5561,7041
359,subcell,HQ,std_ctrl__tvn_efaar_e0.2_c96,0.29062546140309575,0.010580388591724374,0.003074930316293947,370,83,1480,5529,7009
360,subcell,HQ,std_ctrl__tvn_efaar_e0.2_c96,0.3146120228767326,-0.029627018489052522,-0.009321016218647173,370,63,1480,5657,7137
361,subcell,HQ,std_ctrl__tvn_efaar_e0.2_c96,0.29460317941565367,0.014046741521757283,0.0041382147127395725,370,55,1480,5721,7201
362,subcell,HQ,std_ctrl__tvn_efaar_e0.2_c96,0.3041600227693762,0.03277521646288409,0.009968910585622059,370,60,1480,5561,7041
363,subcell,HQ,std_ctrl__tvn_efaar_e0.2_c96,0.2536496325829581,0.001959372360275138,0.0004969940792769921,370,75,1480,5689,7169
364,subcell,HQ,std_ctrl__tvn_efaar_e0.2_c96,0.28018063261379356,0.0408008174343919,0.01143159883992782,370,67,1480,5785,7265
365,subcell,HQ,std_ctrl__tvn_efaar_e0.2_c96,0.3373680836061812,0.06992042753548444,0.02358892064257125,370,62,1480,5753,7233
366,subcell,HQ,std_ctrl__tvn_efaar_e0.2_c96,0.2592441616214465,0.01302966436283309,0.003377864413951503,370,83,1480,5660,7140
367,subcell,HQ,std_ctrl__tvn_efaar_e0.2_c96,0.2869660241694591,9.278733086948348e-05,2.6626811432911794e-05,370,79,1480,5689,7169
368,subcell,HQ,std_ctrl__tvn_efaar_e0.2_c96,0.2900322110173551,-0.0037079471392823518,-0.0010754241071415371,370,76,1480,5785,7265
369,subcell,HQ,std_ctrl__tvn_efaar_e0.2_c96,0.29504342242244325,-0.017443506313563575,-0.005146591801801294,370,63,1480,5721,7201
370,subcell,HQ,std_ctrl__tvn_efaar_e0.2_c96,0.2981492936682722,-0.029800717141381085,-0.008885062766510743,370,56,1480,5817,7297
371,subcell,HQ,std_ctrl__tvn_efaar_e0.2_c96,0.3007645435355318,0.0006957952807930144,0.00020927055002188815,370,63,1480,5529,7009
372,subcell,HQ,std_ctrl__tvn_efaar_e0.2_c96,0.3155806761863872,0.02582175467604277,0.008148846800984582,370,77,1480,5881,7361
373,subcell,HQ,std_ctrl__tvn_efaar_e0.2_c96,0.29986729808978263,0.11123077176893452,0.03335447099479166,370,74,1480,5721,7201
374,subcell,HQ,std_ctrl__tvn_efaar_e0.2_c96,0.3057793933670504,-0.03818142352487588,-0.011675092523326974,370,69,1480,5563,7043
375,subcell,HQ,std_ctrl__tvn_efaar_e0.2_c96,0.2937789200011683,-0.020200176856385206,-0.005934386140701441,370,93,1480,5273,6753
376,subcell,HQ,std_ctrl__tvn_efaar_e0.2_c96,0.31351601573853927,0.06056353757544978,0.018987638999686328,370,86,1480,5593,7073
377,subcell,HQ,std_ctrl__tvn_efaar_e0.2_c96,0.28850678298044513,0.011958467536997306,0.00345009899847518,370,79,1480,5817,7297
378,subcell,HQ,std_ctrl__tvn_efaar_e0.2_c96,0.297435659789133,0.030131484096484928,0.008962177852663763,370,97,1480,5465,6945
379,subcell,HQ,std_ctrl__tvn_efaar_e0.2_c96,0.26606036970452274,-0.021844499798431487,-0.005811955692381054,370,60,1480,5625,7105
380,subcell,HQ,std_ctrl__tvn_efaar_e0.2_c96,0.2937376015618451,0.11684046286669808,0.034320437327839716,370,58,1480,5689,7169
381,subcell,HQ,std_ctrl__tvn_efaar_e0.2_c96,0.27032315215797065,0.006828559272091139,0.0018459176671292144,370,87,1480,5369,6849
382,subcell,HQ,std_ctrl__tvn_efaar_e0.2_c96,0.28448888018194185,0.021397024931312576,0.006087215661934206,370,65,1480,5753,7233
383,subcell,HQ,std_ctrl__tvn_efaar_e0.2_c96,0.2981502685436816,0.03290303770102069,0.009810049526462198,370,84,1480,6009,7489
384,subcell,HQ,std_ctrl__tvn_efaar_e0.2_c96,0.2875104733539613,0.007404429246266846,0.002128850957510096,370,65,1480,5561,7041
385,subcell,HQ,std_ctrl__tvn_efaar_e0.2_c96,0.3226858634216991,-0.03806954682684264,-0.012284504587892521,370,97,1480,5561,7041
386,subcell,HQ,std_ctrl__tvn_efaar_e0.2_c96,0.2910903928609997,0.030280372776689365,0.008814325607544027,370,59,1480,5753,7233
387,subcell,HQ,std_ctrl__tvn_efaar_e0.2_c96,0.3013127972755362,-0.03202857532826187,-0.009650619624908811,370,49,1480,5721,7201
388,subcell,HQ,std_ctrl__tvn_efaar_e0.2_c96,0.31479563899985447,0.10756568409837922,0.03386120826020577,370,49,1480,5657,7137
389,subcell,HQ,std_ctrl__tvn_efaar_e0.2_c96,0.29391820294313786,0.07412035193449426,0.021785320642099485,370,59,1480,5721,7201
390,subcell,HQ,std_ctrl__tvn_efaar_e0.2_c96,0.3118994889492733,0.015861575238671426,0.004947217210872065,370,73,1480,5753,7233
391,subcell,HQ,std_ctrl__tvn_efaar_e0.2_c96,0.2775090001436825,0.005593783170263871,0.0015523251746004856,370,83,1480,5657,7137
392,subcell,HQ,std_ctrl__tvn_efaar_e0.2_c96,0.276657518821869,-0.003131051633352266,-0.0008662289761863982,370,57,1480,5945,7425
393,subcell,HQ,std_ctrl__tvn_efaar_e0.2_c96,0.2996902062433152,-0.0023375160989157714,-0.0007005306817811372,370,39,1480,5791,7271
394,subcell,HQ,std_ctrl__tvn_efaar_e0.2_c96,0.28263018785885247,0.00515451489298165,0.0014568215125246567,370,90,1480,5625,7105
395,subcell,HQ,std_ctrl__tvn_efaar_e0.2_c96,0.2911199775284202,0.12843615678363193,0.037390331076687586,370,47,1480,5689,7169
396,subcell,HQ,std_ctrl__tvn_efaar_e0.2_c96,0.2928813580604462,0.04740230601857197,0.01388325176191622,370,81,1480,5657,7137
397,subcell,HQ,std_ctrl__tvn_efaar_e0.2_c96,0.26481613989078356,0.07833064887475231,0.02074322007015226,370,73,1480,5625,7105
398,subcell,HQ,std_ctrl__tvn_efaar_e0.2_c96,0.29694289666416596,0.01473854927803629,0.0043765075152476475,370,87,1480,5913,7393
399,subcell,HQ,std_ctrl__tvn_efaar_e0.2_c96,0.3073530387530536,0.010601837932120644,0.0032585071048046696,370,59,1480,5625,7105
400,subcell,HQ,std_ctrl__tvn_efaar_e0.2_c96,0.2741436509994235,-0.001094771517705254,-0.00030012466087389833,370,49,1480,5497,6977
401,subcell,HQ,std_ctrl__tvn_efaar_e0.2_c96,0.3056859767476462,0.052931098890547756,0.016180294664683344,370,82,1480,5497,6977
402,subcell,HQ,std_ctrl__tvn_efaar_e0.2_c96,0.2641987436967878,0.08267684632808,0.02184311893269112,370,64,1480,5657,7137
403,subcell,HQ,std_ctrl__tvn_efaar_e0.2_c96,0.276911847580379,0.012696695496061162,0.003515865407979773,370,81,1480,5785,7265
404,subcell,HQ,std_ctrl__tvn_efaar_e0.2_c96,0.3030840419142022,-0.013117935060019735,-0.003975836779558804,370,49,1480,5817,7297
405,subcell,HQ,std_ctrl__tvn_efaar_e0.2_c96,0.28275889622983535,0.028707681788801512,0.008117352415918861,370,73,1480,5817,7297
406,subcell,HQ,std_ctrl__tvn_efaar_e0.2_c96,0.31106274940643136,0.006398486081673825,0.001990330672604244,370,85,1480,5529,7009
407,subcell,HQ,std_ctrl__tvn_efaar_e0.2_c96,0.2581332735939388,-0.010713169338396854,-0.002765425471886591,370,82,1480,5785,7265
408,subcell,HQ,std_ctrl__tvn_efaar_e0.2_c96,0.29792633359877113,0.009293618698254973,0.002768813744636088,370,78,1480,5433,6913
409,subcell,HQ,std_ctrl__tvn_efaar_e0.2_c96,0.27654346696671006,0.024959902784012004,0.006902498051042718,370,50,1480,5689,7169
410,subcell,HQ,std_ctrl__tvn_efaar_e0.2_c96,0.294541192956934,0.02469907649169044,0.007274895454797065,370,82,1480,5561,7041
411,subcell,HQ,std_ctrl__tvn_efaar_e0.2_c96,0.28701812431951285,0.04044293465666867,0.011607855247133663,370,94,1480,5657,7137
412,subcell,HQ,std_ctrl__tvn_efaar_e0.2_c96,0.2604863032622053,-0.010545446393154157,-0.0027469443472024828,370,64,1480,5753,7233
413,subcell,HQ,std_ctrl__tvn_efaar_e0.2_c96,0.33224460482363255,0.054350929086217685,0.01805780295604767,370,74,1480,5721,7201
414,subcell,HQ,std_ctrl__tvn_efaar_e0.2_c96,0.28584205610897123,-0.016072569726855605,-0.0045942163776792125,370,80,1480,5945,7425
415,subcell,HQ,std_ctrl__tvn_efaar_e0.2_c96,0.3041940367038151,0.018626701731090885,0.005666131590058477,370,82,1480,5785,7265
416,subcell,HQ,std_ctrl__tvn_efaar_e0.2_c96,0.33385170573861056,0.05748807201669108,0.019192490902396404,370,64,1480,5701,7181
417,subcell,HQ,std_ctrl__tvn_efaar_e0.2_c96,0.2797566408132252,0.11602566433886558,0.03245895010356385,370,71,1480,5625,7105
418,subcell,HQ,std_ctrl__tvn_efaar_e0.2_c96,0.27768413327808694,0.05909346070739642,0.01640931641893606,370,74,1480,5817,7297
419,subcell,HQ,std_ctrl__tvn_efaar_e0.2_c96,0.2944139070025778,0.1113841302108273,0.03279303695345352,370,60,1480,5625,7105
420,subcell,HQ,std_ctrl__tvn_efaar_e0.2_c96,0.2877467914338241,0.03852820778352458,0.011086368169404885,370,70,1480,5497,6977
421,subcell,HQ,std_ctrl__tvn_efaar_e0.2_c96,0.31448599929281135,0.05605779062588861,0.017629390303129773,370,63,1480,5657,7137
422,subcell,HQ,std_ctrl__tvn_efaar_e0.2_c96,0.2964121949295225,0.02954474352392389,0.008757422276556074,370,64,1480,5721,7201
423,subcell,HQ,std_ctrl__tvn_efaar_e0.2_c96,0.2683495137879537,-0.019531448048221444,-0.0052412545873149015,370,74,1480,5689,7169
424,subcell,HQ,std_ctrl__tvn_efaar_e0.2_c96,0.2992519775781889,0.04964432720600972,0.014856163091937092,370,56,1480,5689,7169
425,subcell,HQ,std_ctrl__tvn_efaar_e0.2_c96,0.3109079657433188,0.0050792306105400765,0.0015791732566642104,370,66,1480,5721,7201
426,subcell,HQ,std_ctrl__tvn_efaar_e0.2_c96,0.3339513443724334,0.028511511451906172,0.009521457579454096,370,46,1480,5625,7105
427,subcell,HQ,std_ctrl__tvn_efaar_e0.2_c96,0.29588907028601946,-0.024427236567215776,-0.007227752317530134,370,47,1480,5849,7329
428,subcell,HQ,std_ctrl__tvn_efaar_e0.2_c96,0.29716604120816686,-0.024807581896035737,-0.00737197090399233,370,88,1480,5689,7169
429,subcell,HQ,std_ctrl__tvn_efaar_e0.2_c96,0.30901030545781255,0.06497371994706333,0.020077549047572408,370,59,1480,5625,7105
430,subcell,HQ,std_ctrl__tvn_efaar_e0.2_c96,0.29610721763738546,0.04501906054001359,0.013330468757152436,370,56,1480,5625,7105
431,subcell,HQ,std_ctrl__tvn_efaar_e0.2_c96,0.2868840504668847,0.006658217100789477,0.001910136290762363,370,78,1480,5817,7297
432,subcell,HQ,std_ctrl__tvn_efaar_e0.2_c96,0.2599016244155472,0.03666556357697699,0.009529439533767841,370,74,1480,5727,7207
433,subcell,HQ,std_ctrl__tvn_efaar_e0.2_c96,0.2990595481859984,-0.018149739132369797,-0.005427852784620246,370,51,1480,5657,7137
434,subcell,HQ,std_ctrl__tvn_efaar_e0.2_c96,0.28123491625344166,-0.0014394102738363164,-0.0004048124278167,370,81,1480,5945,7425
435,subcell,HQ,std_ctrl__tvn_efaar_e0.2_c96,0.29847028194117337,0.019952254183447652,0.005955154931495577,370,89,1480,5881,7361
436,subcell,HQ,std_ctrl__tvn_efaar_e0.2_c96,0.2902670914371569,0.014650294456357496,0.004252498360544794,370,69,1480,5689,7169
437,subcell,HQ,std_ctrl__tvn_efaar_e0.2_c96,0.29020959230847637,-0.0133832993643351,-0.0038839618522659805,370,41,1480,5721,7201
438,subcell,HQ,std_ctrl__tvn_efaar_e0.2_c96,0.2984676335911164,-0.0016210830193496247,-0.0004838408126400244,370,77,1480,5753,7233
439,subcell,HQ,std_ctrl__tvn_efaar_e0.2_c96,0.28421605017646656,0.013359516600146306,0.0037969890403605207,370,45,1480,5689,7169
440,subcell,HQ,std_ctrl__tvn_efaar_e0.2_c96,0.33363670838742476,0.06438270557340463,0.021480433964587427,370,65,1480,5721,7201
441,subcell,HQ,std_ctrl__tvn_efaar_e0.2_c96,0.2864720398810321,0.014823620698141799,0.00424655285981937,370,74,1480,5657,7137
442,subcell,HQ,std_ctrl__tvn_efaar_e0.2_c96,0.2709596636120229,0.07239002711697494,0.019614777396480744,370,63,1480,5721,7201
443,subcell,HQ,std_ctrl__tvn_efaar_e0.2_c96,0.332159562206677,0.03922500672831027,0.0130289610624295,370,57,1480,5657,7137
444,subcell,HQ,std_ctrl__tvn_efaar_e0.2_c96,0.27188373348881445,0.013160008604512401,0.0035779922721397546,370,75,1480,5785,7265
445,subcell,HQ,std_ctrl__tvn_efaar_e0.2_c96,0.27220030143367485,-0.00976332817793454,-0.0026575808730296734,370,101,1480,5785,7265
446,subcell,HQ,std_ctrl__tvn_efaar_e0.2_c96,0.25972553171133583,-0.00940554803998271,-0.0024428609657210216,370,84,1480,5785,7265
447,subcell,HQ,std_ctrl__tvn_efaar_e0.2_c96,0.31338365284342895,0.09748624131372263,0.030550594404870395,370,73,1480,5561,7041
448,subcell,HQ,std_ctrl__tvn_efaar_e0.2_c96,0.3096940867244194,-0.007992512074713343,-0.0024752337276122433,370,66,1480,5529,7009
449,subcell,HQ,std_ctrl__tvn_efaar_e0.2_c96,0.2832420608053649,0.019008629391526127,0.005384043361941289,370,94,1480,5913,7393
450,subcell,HQ,std_ctrl__tvn_efaar_e0.2_c96,0.30324508994840005,-0.02628738873249164,-0.007971521560692986,370,76,1480,5625,7105
451,subcell,HQ,std_ctrl__tvn_efaar_e0.2_c96,0.26699569848610405,0.009288298086194196,0.002479935635270563,370,69,1480,5657,7137
452,subcell,HQ,std_ctrl__tvn_efaar_e0.2_c96,0.2794666574171842,0.02955443050491598,0.008259477905077332,370,67,1480,5817,7297
453,subcell,HQ,std_ctrl__tvn_efaar_e0.2_c96,0.299916937713828,0.02913588001248461,0.008738343910941913,370,77,1480,5753,7233
454,subcell,HQ,std_ctrl__tvn_efaar_e0.2_c96,0.2955473209111203,-0.021720181706776528,-0.006419341513140527,370,66,1480,5689,7169
455,subcell,HQ,std_ctrl__tvn_efaar_e0.2_c96,0.2922030120242183,0.0329541460014654,0.00962930072031404,370,66,1480,5817,7297
456,subcell,HQ,std_ctrl__tvn_efaar_e0.2_c96,0.2798173157585985,0.00938706689170957,0.0026266638604845825,370,87,1480,5881,7361
457,subcell,HQ,std_ctrl__tvn_efaar_e0.2_c96,0.2825258674908382,-0.010078834308072302,-0.002847531406184549,370,74,1480,5625,7105
458,subcell,HQ,std_ctrl__tvn_efaar_e0.2_c96,0.2675764786949816,-0.03800637175664255,-0.010169611122614814,370,124,1480,5465,6945
459,subcell,HQ,std_ctrl__tvn_efaar_e0.2_c96,0.2949605954617227,0.007685982623168701,0.0022670620112382935,370,84,1480,5689,7169
460,subcell,HQ,std_ctrl__tvn_efaar_e0.2_c96,0.27505749977965316,0.0253867521325048,0.0069828165690925485,370,75,1480,5657,7137
461,subcell,HQ,std_ctrl__tvn_efaar_e0.2_c96,0.28617078177497457,0.07262027993443555,0.02078180228155492,370,64,1480,5529,7009
462,subcell,HQ,std_ctrl__tvn_efaar_e0.2_c96,0.3107083513275264,0.1227045522741534,0.03812532913748448,370,86,1480,5785,7265
463,subcell,HQ,std_ctrl__tvn_efaar_e0.2_c96,0.28745994858376384,0.07561013689109115,0.021734886063124407,370,56,1480,5689,7169
464,subcell,HQ,std_ctrl__tvn_efaar_e0.2_c96,0.32118029390061836,-0.0029369985364336372,-0.0009433060531174416,370,51,1480,5561,7041
465,subcell,HQ,std_ctrl__tvn_efaar_e0.2_c96,0.30807088135483857,0.04981808641285799,0.015347501788620668,370,70,1480,5721,7201
466,subcell,HQ,std_ctrl__tvn_efaar_e0.2_c96,0.2615009452547668,0.03362675809717095,0.008793429028263588,370,88,1480,5657,7137
467,subcell,HQ,std_ctrl__tvn_efaar_e0.2_c96,0.2975101591839436,-0.01576673392345879,-0.004690763519379108,370,95,1480,5785,7265
468,subcell,HQ,std_ctrl__tvn_efaar_e0.2_c96,0.2645075636873177,0.0023939205464692326,0.0006332100914075889,370,73,1480,5657,7137
469,subcell,HQ,std_ctrl__tvn_efaar_e0.2_c96,0.2800185424867228,0.016349897679438473,0.004578274518003413,370,68,1480,5817,7297
470,subcell,HQ,std_ctrl__tvn_efaar_e0.2_c96,0.2718523558843323,0.006891185362961801,0.0018733849757567934,370,79,1480,5561,7041
471,subcell,HQ,std_ctrl__tvn_efaar_e0.2_c96,0.2666716029810705,-0.03341276346136254,-0.008910235192268889,370,72,1480,5881,7361
472,subcell,HQ,std_ctrl__tvn_efaar_e0.2_c96,0.3036980613015474,0.004625334882629879,0.0014047052367251146,370,100,1480,5753,7233
473,subcell,HQ,std_ctrl__tvn_efaar_e0.2_c96,0.2714000987783516,0.038344397790149545,0.010406673347842992,370,82,1480,5721,7201
474,subcell,HQ,std_ctrl__tvn_efaar_e0.2_c96,0.2917982093907381,0.052301862059116994,0.01526158969665172,370,65,1480,5881,7361
475,subcell,HQ,std_ctrl__tvn_efaar_e0.2_c96,0.27649856686177127,0.02053530299327823,0.005677981847713672,370,90,1480,5337,6817
476,subcell,HQ,std_ctrl__tvn_efaar_e0.2_c96,0.2821696646751515,0.011779189763601119,0.0033237300257403044,370,95,1480,5657,7137
477,subcell,HQ,std_ctrl__tvn_efaar_e0.2_c96,0.2748634582470492,0.009288325144730481,0.002553021170603644,370,80,1480,5660,7140
478,subcell,HQ,std_ctrl__tvn_efaar_e0.2_c96,0.29225568603786006,-0.005156361362481964,-0.0015069759274512812,370,50,1480,5817,7297
479,subcell,HQ,std_ctrl__tvn_efaar_e0.2_c96,0.2879157221862233,0.07896225684844564,0.022734475205974283,370,53,1480,5753,7233
480,subcell,HQ,std_ctrl__tvn_efaar_e0.2_c96,0.27902717109546155,0.05502020825020924,0.01535213306113906,370,63,1480,5721,7201
481,subcell,HQ,std_ctrl__tvn_efaar_e0.2_c96,0.27732041353113235,0.008306736058837659,0.002303627478930828,370,83,1480,5689,7169
482,subcell,HQ,std_ctrl__tvn_efaar_e0.2_c96,0.2972818971653336,0.0022879830859834187,0.0006801759524833453,370,68,1480,5785,7265
483,subcell,HQ,std_ctrl__tvn_efaar_e0.2_c96,0.32047046022084436,0.07488201968600905,0.023997475311041648,370,61,1480,5753,7233
484,subcell,HQ,std_ctrl__tvn_efaar_e0.2_c96,0.3075288837489438,0.067615397646184,0.02079368776237193,370,49,1480,5561,7041
485,subcell,HQ,std_ctrl__tvn_efaar_e0.2_c96,0.27886559275433714,-0.03475352778077835,-0.009691563124891079,370,75,1480,5433,6913
486,subcell,HQ,std_ctrl__tvn_efaar_e0.2_c96,0.2905694109077137,0.045695972084934595,0.013277851689574776,370,84,1480,5657,7137
487,subcell,HQ,std_ctrl__tvn_efaar_e0.2_c96,0.26997875256020254,-0.05449342571518882,-0.014712067097318742,370,40,1480,5529,7009
488,subcell,HQ,std_ctrl__tvn_efaar_e0.2_c96,0.28350672365517593,0.019623090659578176,0.005563278140885494,370,77,1480,5625,7105
489,subcell,HQ,std_ctrl__tvn_efaar_e0.2_c96,0.3233077670361234,0.0830142752651028,0.026839159968082477,370,57,1480,5849,7329
490,subcell,HQ,std_ctrl__tvn_efaar_e0.2_c96,0.3259643810849539,0.02700260540332089,0.008801887557974725,370,68,1480,5913,7393
491,subcell,HQ,std_ctrl__tvn_efaar_e0.2_c96,0.30801120946135946,0.04482197846906523,0.013805671798707795,370,75,1480,5913,7393
492,subcell,HQ,std_ctrl__tvn_efaar_e0.2_c96,0.272538553681617,0.008268301360385104,0.0022534308941631028,370,85,1480,5561,7041
493,subcell,HQ,std_ctrl__tvn_efaar_e0.2_c96,0.28008562663671355,-0.031200569148029027,-0.008738830961247822,370,112,1480,5529,7009
494,subcell,HQ,std_ctrl__tvn_efaar_e0.2_c96,0.29488235319712774,-0.007399940236094427,-0.0021821117903376335,370,68,1480,5689,7169
495,subcell,HQ,std_ctrl__tvn_efaar_e0.2_c96,0.3118821558973019,0.046659193413572296,0.014552169834254117,370,65,1480,5369,6849
496,subcell,HQ,std_ctrl__tvn_efaar_e0.2_c96,0.29551813622804013,0.019336685998599248,0.0057143414071328886,370,81,1480,5657,7137
497,subcell,HQ,std_ctrl__tvn_efaar_e0.2_c96,0.28259999146176584,0.045578893021208024,0.012880594778630126,370,98,1480,5753,7233
498,subcell,HQ,std_ctrl__tvn_efaar_e0.2_c96,0.31853549274350246,0.0020957631185679684,0.0006675749376467072,370,84,1480,5945,7425
499,subcell,HQ,std_ctrl__tvn_efaar_e0.2_c96,0.30309850515797765,0.06980436881213993,0.02115759984045577,370,65,1480,5817,7297
500,subcell,HQ,std_ctrl__tvn_efaar_e0.2_c96,0.30101213302327945,-0.00033495935035659445,-0.00010082682852693048,370,72,1480,5753,7233
501,subcell,HQ,std_ctrl__tvn_efaar_e0.2_c96,0.29228317246674246,-0.007375218003039058,-0.002155652115562089,370,83,1480,5593,7073
502,subcell,HQ,std_ctrl__tvn_efaar_e0.2_c96,0.3014404700268784,-0.0008225931531408399,-0.00024796286672366675,370,84,1480,5817,7297
503,subcell,HQ,std_ctrl__tvn_efaar_e0.2_c96,0.2924754965245567,0.08182159752679184,0.023930812363080884,370,83,1480,5785,7265
504,subcell,HQ,std_ctrl__tvn_efaar_e0.2_c96,0.2915131524393836,-0.024447937580946936,-0.007126895354863119,370,71,1480,5721,7201
505,subcell,HQ,std_ctrl__tvn_efaar_e0.2_c96,0.2812152199112335,0.017891054506828118,0.005031236827581534,370,62,1480,5625,7105
506,subcell,HQ,std_ctrl__tvn_efaar_e0.2_c96,0.29899894984553377,0.0037972261203011834,0.0011353666222960843,370,88,1480,5657,7137
507,subcell,HQ,std_ctrl__tvn_efaar_e0.2_c96,0.3058561301878704,0.005462154074636268,0.001670633307758157,370,83,1480,5657,7137
508,subcell,HQ,std_ctrl__tvn_efaar_e0.2_c96,0.29305873418233264,-0.004128376802080104,-0.0012098568798453017,370,81,1480,5881,7361
509,subcell,HQ,std_ctrl__tvn_efaar_e0.2_c96,0.31326217179915977,0.004532325940868747,0.0014198062675382138,370,61,1480,5593,7073
510,subcell,HQ,std_ctrl__tvn_efaar_e0.2_c96,0.2819015481812285,0.01783266172003281,0.005027054947069378,370,79,1480,5433,6913
511,subcell,HQ,std_ctrl__tvn_efaar_e0.2_c96,0.29484820492937475,0.08073686615961762,0.023805120058786437,370,73,1480,5593,7073
512,subcell,HQ,std_ctrl__tvn_efaar_e0.2_c96,0.2933151151960934,0.008769801219511228,0.002572315254947776,370,71,1480,5753,7233
513,subcell,HQ,std_ctrl__tvn_efaar_e0.2_c96,0.30183936652710824,0.0008460975735887209,0.00025538555563214284,370,73,1480,5497,6977
514,subcell,HQ,std_ctrl__tvn_efaar_e0.2_c96,0.31731015709992066,0.1077396373491324,0.034186881253141684,370,61,1480,5945,7425
515,subcell,HQ,std_ctrl__tvn_efaar_e0.2_c96,0.3395580778487779,-0.02031111115391769,-0.006896801862397164,370,61,1480,5497,6977
516,subcell,HQ,std_ctrl__tvn_efaar_e0.2_c96,0.2997222338494956,0.017702600266608692,0.0053058628968526336,370,47,1480,5657,7137
517,subcell,HQ,std_ctrl__tvn_efaar_e0.2_c96,0.2917483165383265,-0.006594181720786203,-0.0019238414159871795,370,82,1480,5753,7233
518,subcell,HQ,std_ctrl__tvn_efaar_e0.2_c96,0.3045235819070906,-0.025440116548889558,-0.0077471154156017,370,72,1480,5785,7265
519,subcell,HQ,std_ctrl__tvn_efaar_e0.2_c96,0.2906727063063583,0.005313206496012381,0.0015444041113604418,370,86,1480,5881,7361
520,subcell,HQ,std_ctrl__tvn_efaar_e0.2_c96,0.28174974938126723,-0.011677486647955669,-0.003290128936464604,370,75,1480,5753,7233
521,subcell,HQ,std_ctrl__tvn_efaar_e0.2_c96,0.2937653110585312,-0.013418763036753961,-0.003941967097512748,370,66,1480,5849,7329
522,subcell,HQ,std_ctrl__tvn_efaar_e0.2_c96,0.278031470998932,0.03702990298037894,0.010295478396582493,370,87,1480,5529,7009
523,subcell,HQ,std_ctrl__tvn_efaar_e0.2_c96,0.2681337151600376,0.04273233422833053,0.011457979534102703,370,63,1480,5433,6913
524,subcell,HQ,std_ctrl__tvn_efaar_e0.2_c96,0.2916420215124839,0.020337842962614334,0.005931369634820289,370,84,1480,5817,7297
525,subcell,HQ,std_ctrl__tvn_efaar_e0.2_c96,0.30688653161987706,-0.020204712092662742,-0.0062005540164954565,370,69,1480,5657,7137
526,subcell,HQ,std_ctrl__tvn_efaar_e0.2_c96,0.29422612991483793,-0.03260442310993783,-0.009593073229742913,370,55,1480,5913,7393
527,subcell,HQ,std_ctrl__tvn_efaar_e0.2_c96,0.2985339780318338,-0.013937247269111141,-0.004160741870061061,370,51,1480,5721,7201
528,subcell,HQ,std_ctrl__tvn_efaar_e0.2_c96,0.27488107881358975,-0.028090580440461425,-0.00772156905597396,370,88,1480,5913,7393
529,subcell,HQ,std_ctrl__tvn_efaar_e0.2_c96,0.2849609303704095,0.11079536871351818,0.0315723513493367,370,56,1480,5401,6881
530,subcell,HQ,std_ctrl__tvn_efaar_e0.2_c96,0.29420079818064004,0.00512719516032333,0.0015084249085950386,370,80,1480,5657,7137
531,subcell,HQ,std_ctrl__tvn_efaar_e0.2_c96,0.3048188115350901,0.008956096536096435,0.0027299867021264527,370,64,1480,5689,7169
532,subcell,HQ,std_ctrl__tvn_efaar_e0.2_c96,0.3163404985259002,-0.010514671711364913,-0.0033262164910093568,370,61,1480,5657,7137
533,subcell,HQ,std_ctrl__tvn_efaar_e0.2_c96,0.29606315768932606,-0.005471247893114288,-0.0016198349277364882,370,61,1480,5689,7169
534,subcell,HQ,std_ctrl__tvn_efaar_e0.2_c96,0.29532733684007667,0.0546308067065345,0.016133970654065834,370,74,1480,5689,7169
535,subcell,HQ,std_ctrl__tvn_efaar_e0.2_c96,0.27247593343688226,-0.004787461455575634,-0.001304468028901066,370,89,1480,5433,6913
536,subcell,HQ,std_ctrl__tvn_efaar_e0.2_c96,0.28816991517331025,0.03169607054997587,0.009133853961713803,370,90,1480,5593,7073
537,subcell,HQ,std_ctrl__tvn_efaar_e0.2_c96,0.2953567719784689,-0.017773443256283137,-0.005249506827118274,370,96,1480,5785,7265
538,subcell,HQ,std_ctrl__tvn_efaar_e0.2_c96,0.2976569709467111,-0.0339486064914956,-0.010105039376120435,370,92,1480,5561,7041
539,subcell,HQ,std_ctrl__tvn_efaar_e0.2_c96,0.31127019686522134,-0.011001285441490028,-0.0034243722851430946,370,68,1480,5721,7201
540,subcell,HQ,std_ctrl__tvn_efaar_e0.2_c96,0.3066307548353249,0.04335603482575911,0.01329429368528915,370,53,1480,5785,7265
541,subcell,HQ,std_ctrl__tvn_efaar_e0.2_c96,0.28779276322901476,-0.0031139965967244537,-0.0008961856852570785,370,63,1480,5849,7329
542,subcell,HQ,std_ctrl__tvn_efaar_e0.2_c96,0.2867450567206584,0.07638124381140782,0.021901944089096573,370,72,1480,5593,7073
543,subcell,HQ,std_ctrl__tvn_efaar_e0.2_c96,0.2683470370701649,-0.005425768297685459,-0.0014559888465131253,370,64,1480,5433,6913
544,subcell,HQ,std_ctrl__tvn_efaar_e0.2_c96,0.29859276006365865,0.0133320643398976,0.003980857888596304,370,50,1480,5817,7297
545,subcell,HQ,std_ctrl__tvn_efaar_e0.2_c96,0.3014867185983456,0.0393627485594074,0.011867345898187491,370,53,1480,5753,7233
546,subcell,HQ,std_ctrl__tvn_efaar_e0.2_c96,0.2652418766862324,0.05882574177673956,0.015603050146322104,370,85,1480,5785,7265
547,subcell,HQ,std_ctrl__tvn_efaar_e0.2_c96,0.30548590755863153,0.01885565307982075,0.005760136293699748,370,79,1480,5785,7265
548,subcell,HQ,std_ctrl__tvn_efaar_e0.2_c96,0.27804405843561864,-0.031614632060848545,-0.008790260604147155,370,84,1480,5786,7266
549,subcell,HQ,std_ctrl__tvn_efaar_e0.2_c96,0.2716059187064027,0.03856041530809194,0.010473237025454748,370,82,1480,5881,7361
550,subcell,HQ,std_ctrl__tvn_efaar_e0.2_c96,0.28978283399799915,-0.009509198995020667,-0.002755602633828014,370,77,1480,5561,7041
551,subcell,HQ,std_ctrl__tvn_efaar_e0.2_c96,0.2817112644786292,0.04848381978118526,0.013658438177311676,370,56,1480,5529,7009
552,subcell,HQ,std_ctrl__tvn_efaar_e0.2_c96,0.2836025452613905,0.01942807380995964,0.005509851182030715,370,78,1480,5785,7265
553,subcell,HQ,std_ctrl__tvn_efaar_e0.2_c96,0.2879537106272694,0.02088178947570498,0.006012988764066711,370,89,1480,5753,7233
554,subcell,HQ,std_ctrl__tvn_efaar_e0.2_c96,0.31681120277861907,0.01954257606491572,0.0061913070285186025,370,47,1480,5657,7137
555,subcell,HQ,std_ctrl__tvn_efaar_e0.2_c96,0.3102923055974627,-0.004474192298215277,-0.0013883074438996287,370,53,1480,5593,7073
556,subcell,HQ,std_ctrl__tvn_efaar_e0.2_c96,0.3047634877758087,-0.011291751193575013,-0.0034413134768505717,370,71,1480,5561,7041
557,subcell,HQ,std_ctrl__tvn_efaar_e0.2_c96,0.2895365577404177,0.09270429373268088,0.026841282095117002,370,60,1480,5465,6945
558,subcell,HQ,std_ctrl__tvn_efaar_e0.2_c96,0.31033821743587553,0.0504312375218048,0.01565074035560214,370,90,1480,5785,7265
559,subcell,HQ,std_ctrl__tvn_efaar_e0.2_c96,0.30907042789531486,0.02889239849511735,0.00892978596580787,370,79,1480,5753,7233
560,subcell,HQ,std_ctrl__tvn_efaar_e0.2_c96,0.3011425829991369,0.045139660657657635,0.013593474006151537,370,56,1480,5785,7265
561,subcell,HQ,std_ctrl__tvn_efaar_e0.2_c96,0.27432314368508465,0.06209761631814789,0.01703481332374454,370,78,1480,5465,6945
562,subcell,HQ,std_ctrl__tvn_efaar_e0.2_c96,0.29789973954207377,-0.022704322527164825,-0.0067636117673216395,370,67,1480,5785,7265
563,subcell,HQ,std_ctrl__tvn_efaar_e0.2_c96,0.2997196353877894,0.012974333782450737,0.0038886625906756132,370,87,1480,5913,7393
564,subcell,HQ,std_ctrl__tvn_efaar_e0.2_c96,0.27718789346093414,0.0012635832204700363,0.00035024997109467246,370,75,1480,5657,7137
565,subcell,HQ,std_ctrl__tvn_efaar_e0.2_c96,0.24070465582221273,-0.10890093395174588,-0.026212961825572513,370,78,1480,5625,7105
566,subcell,HQ,std_ctrl__tvn_efaar_e0.2_c96,0.30815721073567565,-0.02080481174297949,-0.00641115275659739,370,75,1480,5721,7201
567,subcell,HQ,std_ctrl__tvn_efaar_e0.2_c96,0.27107361214703224,-0.010654440955575283,-0.00288813779523507,370,66,1480,5657,7137
568,subcell,HQ,std_ctrl__tvn_efaar_e0.2_c96,0.27793233262086203,-0.006112924572519125,-0.001698979385575626,370,74,1480,5849,7329
569,subcell,HQ,std_ctrl__tvn_efaar_e0.2_c96,0.27531811843592446,0.14217278167129394,0.03914274274254213,370,104,1480,5881,7361
570,subcell,HQ,std_ctrl__tvn_efaar_e0.2_c96,0.2858222448736791,0.02146768248434175,0.006135941199909918,370,68,1480,5433,6913
571,subcell,HQ,std_ctrl__tvn_efaar_e0.2_c96,0.2859195270606392,0.056480375768278274,0.016148842327873312,370,88,1480,5657,7137
572,subcell,HQ,std_ctrl__tvn_efaar_e0.2_c96,0.29443947546171034,0.09232165749865118,0.02718314040765853,370,55,1480,5817,7297
573,subcell,HQ,std_ctrl__tvn_efaar_e0.2_c96,0.28563560192920034,-0.04361377202444062,-0.012457646024604014,370,52,1480,5753,7233
574,subcell,HQ,std_ctrl__tvn_efaar_e0.2_c96,0.28519125793847794,-0.011617449120024496,-0.0033131949285760496,370,72,1480,5657,7137
575,subcell,HQ,std_ctrl__tvn_efaar_e0.2_c96,0.2701551608163162,-0.017526260199727767,-0.004734809642766057,370,74,1480,5881,7361
576,subcell,HQ,std_ctrl__tvn_efaar_e0.2_c96,0.2990875302460129,0.008684110387887207,0.00259730912829693,370,119,1480,5721,7201
577,subcell,HQ,std_ctrl__tvn_efaar_e0.2_c96,0.32700279260925663,0.01236738254323989,0.004044168628906415,370,52,1480,5657,7137
578,subcell,HQ,std_ctrl__tvn_efaar_e0.2_c96,0.279480482671162,0.009636696031512917,0.0026932684582425016,370,57,1480,5785,7265
579,subcell,HQ,std_ctrl__tvn_efaar_e0.2_c96,0.27469328382864555,-0.03575523392278521,-0.009821722620311252,370,79,1480,5497,6977
580,subcell,HQ,std_ctrl__tvn_efaar_e0.2_c96,0.3016307629656698,0.06490138650036555,0.019576254727635082,370,53,1480,5657,7137
581,subcell,HQ,std_ctrl__tvn_efaar_e0.2_c96,0.2902927676275294,-0.03147044467950224,-0.009135642484481763,370,76,1480,5753,7233
582,subcell,HQ,std_ctrl__tvn_efaar_e0.2_c96,0.3229023639170328,-0.05579923177129959,-0.01801770384370704,370,63,1480,5913,7393
583,subcell,HQ,std_ctrl__tvn_efaar_e0.2_c96,0.27992321379334806,0.02453201718924028,0.006867081092445796,370,49,1480,5721,7201
584,subcell,HQ,std_ctrl__tvn_efaar_e0.2_c96,0.31101658610373967,0.006783998515699286,0.002109936058485629,370,86,1480,5945,7425
585,subcell,HQ,std_ctrl__tvn_efaar_e0.2_c96,0.31385716685809123,0.0016706850577037841,0.0005243564789230564,370,59,1480,5785,7265
586,subcell,HQ,std_ctrl__tvn_efaar_e0.2_c96,0.294063475354504,0.024304014418232798,0.0071469229448915105,370,57,1480,5721,7201
587,subcell,HQ,std_ctrl__tvn_efaar_e0.2_c96,0.29647113685235627,0.013045693278013538,0.003867671517159816,370,76,1480,5785,7265
588,subcell,HQ,std_ctrl__tvn_efaar_e0.2_c96,0.28767581556277255,0.08854074272530409,0.025471030374035475,370,96,1480,5817,7297
589,subcell,HQ,std_ctrl__tvn_efaar_e0.2_c96,0.29702480643368123,0.057468358162439656,0.017069527959260103,370,67,1480,5849,7329
590,subcell,HQ,std_ctrl__tvn_efaar_e0.2_c96,0.310641767474873,0.022790463616051894,0.007079669899262145,370,80,1480,5849,7329
591,subcell,HQ,std_ctrl__tvn_efaar_e0.2_c96,0.2936880603322453,0.07982010459721033,0.023442211694671637,370,85,1480,5785,7265
592,subcell,HQ,std_ctrl__tvn_efaar_e0.2_c96,0.27408005252355716,0.043671006100657106,0.011969351645824685,370,56,1480,5817,7297
593,subcell,HQ,std_ctrl__tvn_efaar_e0.2_c96,0.282273586328774,-0.03913610508212318,-0.011047088736470667,370,50,1480,5689,7169
594,subcell,HQ,std_ctrl__tvn_efaar_e0.2_c96,0.2770669511447152,-0.024185101586719562,-0.006700892359757603,370,75,1480,5657,7137
595,subcell,HQ,std_ctrl__tvn_efaar_e0.2_c96,0.3202532156871034,-0.02665443034017154,-0.00853616702874783,370,51,1480,5721,7201
596,subcell,HQ,std_ctrl__tvn_efaar_e0.2_c96,0.2892477662171601,0.020691673070332657,0.005985020214889487,370,66,1480,5785,7265
597,subcell,HQ,std_ctrl__tvn_efaar_e0.2_c96,0.2808174705813683,0.05734299253319068,0.016102914118736895,370,89,1480,5625,7105
598,subcell,HQ,std_ctrl__tvn_efaar_e0.2_c96,0.271089532992862,0.05856577294342333,0.01587656803659862,370,48,1480,5913,7393
599,subcell,HQ,std_ctrl__tvn_efaar_e0.2_c96,0.2890348763699613,0.08531179912469293,0.02465808531290459,370,63,1480,5721,7201
600,subcell,HQ,std_ctrl__tvn_efaar_e0.2_c96,0.2977230005008602,0.013908189953002387,0.0041407880443437885,370,77,1480,5849,7329
601,subcell,HQ,std_ctrl__tvn_efaar_e0.2_c96,0.2950852532766962,0.02399049501198295,0.007079241296844306,370,45,1480,5785,7265
602,subcell,HQ,std_ctrl__tvn_efaar_e0.2_c96,0.29938992369387757,0.12451756574179854,0.03727930450598445,370,95,1480,5721,7201
603,subcell,HQ,std_ctrl__tvn_efaar_e0.2_c96,0.32619214286316295,0.08309547766108635,0.027105091920507845,370,60,1480,5625,7105
604,subcell,HQ,std_ctrl__tvn_efaar_e0.2_c96,0.2769472065765119,0.04612884939295519,0.012775255981967566,370,66,1480,5369,6849
605,subcell,HQ,std_ctrl__tvn_efaar_e0.2_c96,0.2864975623139049,0.022246297035427225,0.006373509871160949,370,44,1480,5689,7169
606,subcell,HQ,std_ctrl__tvn_efaar_e0.2_c96,0.3054374991716211,-0.03322734330955489,-0.010148876644587341,370,92,1480,5561,7041
607,subcell,HQ,std_ctrl__tvn_efaar_e0.2_c96,0.3014959658543569,-0.0042778390690126535,-0.0012897512218814728,370,96,1480,5721,7201
608,subcell,HQ,std_ctrl__tvn_efaar_e0.2_c96,0.288202099388031,0.04442918081908579,0.012804583186150962,370,103,1480,5689,7169
609,subcell,HQ,std_ctrl__tvn_efaar_e0.2_c96,0.28028775189594524,-0.03233208222415919,-0.009062286640724433,370,57,1480,5663,7143
610,subcell,HQ,std_ctrl__tvn_efaar_e0.2_c96,0.23004605808947115,0.008838457475778315,0.002033252301894219,370,49,1480,5753,7233
611,subcell,HQ,std_ctrl__tvn_efaar_e0.2_c96,0.2927722621754887,0.024506571302058036,0.0071748443182684425,370,66,1480,5561,7041
612,subcell,HQ,std_ctrl__tvn_efaar_e0.2_c96,0.31048618116901083,0.052068918887172015,0.01616667978287702,370,61,1480,5529,7009
613,subcell,HQ,std_ctrl__tvn_efaar_e0.2_c96,0.3240896585016962,0.01879543584128836,0.006091406383193686,370,69,1480,5721,7201
614,subcell,HQ,std_ctrl__tvn_efaar_e0.2_c96,0.2975638813161768,0.013987335328409223,0.004162125789592329,370,84,1480,5593,7073
615,subcell,HQ,std_ctrl__tvn_efaar_e0.2_c96,0.2901168158921481,0.019118300460496625,0.00554654045486867,370,56,1480,5689,7169
616,subcell,HQ,std_ctrl__tvn_efaar_e0.2_c96,0.27778977182326997,-0.004524044980017197,-0.001256733422717187,370,68,1480,5625,7105
617,subcell,HQ,std_ctrl__tvn_efaar_e0.2_c96,0.2754177484760639,0.030733246261804462,0.008464481488786592,370,82,1480,5849,7329
618,subcell,HQ,std_ctrl__tvn_efaar_e0.2_c96,0.28533961613252723,0.017394180610652024,0.004963248818383297,370,63,1480,5823,7303
619,subcell,HQ,std_ctrl__tvn_efaar_e0.2_c96,0.3316953897221156,-0.008968975712016068,-0.002974967894205359,370,58,1480,5593,7073
620,subcell,HQ,std_ctrl__tvn_efaar_e0.2_c96,0.2910814987703809,0.02997776663145248,0.008725973240871902,370,71,1480,5657,7137
621,subcell,HQ,std_ctrl__tvn_efaar_e0.2_c96,0.3092806487603036,0.05317293088069301,0.016445358559267514,370,67,1480,5561,7041
622,subcell,HQ,std_ctrl__tvn_efaar_e0.2_c96,0.2941190740894103,0.06285693186918555,0.018487422601466,370,68,1480,5657,7137
623,subcell,HQ,std_ctrl__tvn_efaar_e0.2_c96,0.2789614091922106,0.016458468983856157,0.0045912777008828036,370,96,1480,5753,7233
624,subcell,HQ,std_ctrl__tvn_efaar_e0.2_c96,0.26349798511739286,-0.044580600528377264,-0.011746898414550788,370,86,1480,5593,7073
625,subcell,HQ,std_ctrl__tvn_efaar_e0.2_c96,0.3267401154307685,-0.034816705415739425,-0.011376014346457762,370,43,1480,5433,6913
626,subcell,HQ,std_ctrl__tvn_efaar_e0.2_c96,0.3099926510981832,0.03579357079584335,0.011095743903273989,370,80,1480,5881,7361
627,subcell,HQ,std_ctrl__tvn_efaar_e0.2_c96,0.3151913899209859,0.001642114297556289,0.0005175802878558901,370,83,1480,5657,7137
628,subcell,HQ,std_ctrl__tvn_efaar_e0.2_c96,0.30613229038722717,-0.0016627067779841833,-0.0005090082341866649,370,69,1480,5753,7233
629,subcell,HQ,std_ctrl__tvn_efaar_e0.2_c96,0.2912842778142805,0.07949752796497901,0.02315638002129948,370,61,1480,5529,7009
630,subcell,HQ,std_ctrl__tvn_efaar_e0.2_c96,0.2815937323047283,0.027521670987964778,0.007749930052763761,370,72,1480,5593,7073
631,subcell,HQ,std_ctrl__tvn_efaar_e0.2_c96,0.24285353695078463,0.019486218854283505,0.004732297170559815,370,75,1480,5561,7041
632,subcell,HQ,std_ctrl__tvn_efaar_e0.2_c96,0.3116561279837016,-0.06260635911122958,-0.01951165546776295,370,74,1480,5657,7137
633,subcell,HQ,std_ctrl__tvn_efaar_e0.2_c96,0.28364940773967706,0.04754508818318767,0.013486136104091901,370,75,1480,5625,7105
634,subcell,HQ,std_ctrl__tvn_efaar_e0.2_c96,0.2820417316178344,-0.0142295756527603,-0.004013334157291492,370,68,1480,5529,7009
635,subcell,HQ,std_ctrl__tvn_efaar_e0.2_c96,0.29505139357162924,0.029820159117537166,0.008798479504157066,370,80,1480,5657,7137
636,subcell,HQ,std_ctrl__tvn_efaar_e0.2_c96,0.31734229767790295,0.03644754108037526,0.011566346431156043,370,86,1480,5753,7233
637,subcell,HQ,std_ctrl__tvn_efaar_e0.2_c96,0.2985514057159501,0.06195454024998569,0.01849661508211864,370,74,1480,5561,7041
638,subcell,HQ,std_ctrl__tvn_efaar_e0.2_c96,0.3078586509909566,-0.001593233014193097,-0.0004904905664637425,370,94,1480,5721,7201
639,subcell,HQ,std_ctrl__tvn_efaar_e0.2_c96,0.28969380094971686,-0.022792089816409778,-0.006602727130503083,370,69,1480,5753,7233
640,subcell,HQ,std_ctrl__tvn_efaar_e0.2_c96,0.27225214086574595,-0.013943108814556316,-0.0037960412250870102,370,99,1480,5689,7169
641,subcell,HQ,std_ctrl__tvn_efaar_e0.2_c96,0.28697001388140914,0.004051598338653635,0.0011626872314853278,370,74,1480,5849,7329
642,subcell,HQ,std_ctrl__tvn_efaar_e0.2_c96,0.29461471952528806,-0.009802718864939974,-0.0028880252689795407,370,63,1480,5497,6977
643,subcell,HQ,std_ctrl__tvn_efaar_e0.2_c96,0.30116561588559526,0.000760852313556411,0.00022914255561019655,370,68,1480,5625,7105
644,subcell,HQ,std_ctrl__tvn_efaar_e0.2_c96,0.24587112671594524,0.01869180009395964,0.004595773949451068,370,74,1480,5753,7233
645,subcell,HQ,std_ctrl__tvn_efaar_e0.2_c96,0.26778687207177676,0.04482412013565332,0.012003310924496148,370,88,1480,5721,7201
646,subcell,HQ,std_ctrl__tvn_efaar_e0.2_c96,0.2784574093519201,0.037924917463190405,0.010560474266685393,370,50,1480,5817,7297
647,subcell,HQ,std_ctrl__tvn_efaar_e0.2_c96,0.3316740800008163,0.1171801879679917,0.03886563103860637,370,81,1480,5625,7105
648,subcell,HQ,std_ctrl__tvn_efaar_e0.2_c96,0.29304367046200086,0.048444202434812206,0.014196266894101568,370,74,1480,5593,7073
649,subcell,HQ,std_ctrl__tvn_efaar_e0.2_c96,0.297163337152283,0.00968002051724252,0.002876547200606356,370,83,1480,5785,7265
650,subcell,HQ,std_ctrl__tvn_efaar_e0.2_c96,0.2729088369960277,0.023091691137945403,0.006301926572728159,370,74,1480,5721,7201
651,subcell,HQ,std_ctrl__tvn_efaar_e0.2_c96,0.30291709447317255,0.033603849797259853,0.010179180543698863,370,104,1480,5881,7361
652,subcell,HQ,std_ctrl__tvn_efaar_e0.2_c96,0.2719057938818439,0.018876992073394872,0.0051327635158177065,370,82,1480,5497,6977
653,subcell,HQ,std_ctrl__tvn_efaar_e0.2_c96,0.28075572202325655,0.014974630544540781,0.004204213210564058,370,55,1480,5401,6881
654,subcell,HQ,std_ctrl__tvn_efaar_e0.2_c96,0.303315389937314,0.012726798132181515,0.0038602337381161158,370,72,1480,5785,7265
655,subcell,HQ,std_ctrl__tvn_efaar_e0.2_c96,0.3043494429801155,0.07005258366081855,0.02132046481648807,370,77,1480,5657,7137
656,subcell,HQ,std_ctrl__tvn_efaar_e0.2_c96,0.31816581555369255,0.011000448496812669,0.003499966667444794,370,56,1480,5625,7105
657,subcell,HQ,std_ctrl__tvn_efaar_e0.2_c96,0.2897877002483594,-0.05571429345766721,-0.016145316972059596,370,82,1480,5401,6881
658,subcell,HQ,std_ctrl__tvn_efaar_e0.2_c96,0.2979975481078208,0.003212125670102921,0.0009572055739048614,370,67,1480,5657,7137
659,subcell,HQ,std_ctrl__tvn_efaar_e0.2_c96,0.2898103776903486,-0.006710195159265125,-0.001944684193482575,370,61,1480,5561,7041
660,subcell,HQ,std_ctrl__tvn_efaar_e0.2_c96,0.2711457034268795,0.0027042195047588436,0.0007332374998385243,370,82,1480,5785,7265
661,subcell,HQ,std_ctrl__tvn_efaar_e0.2_c96,0.2674777085030666,0.01670195305185458,0.004467400129835864,370,73,1480,5689,7169
662,subcell,HQ,std_ctrl__tvn_efaar_e0.2_c96,0.28459116550552904,-0.010144362986082187,-0.0028869960855202785,370,71,1480,5628,7108
663,subcell,HQ,std_ctrl__tvn_efaar_e0.2_c96,0.2671521068220176,-0.01957082942815861,-0.005228388313986915,370,90,1480,5721,7201
664,subcell,HQ,std_ctrl__tvn_efaar_e0.2_c96,0.3145958256147587,0.052427255605164334,0.016493395761822658,370,61,1480,5593,7073
665,subcell,HQ,std_ctrl__tvn_efaar_e0.2_c96,0.293990738515162,-0.006889801130439856,-0.002025537722560611,370,66,1480,5785,7265
666,subcell,HQ,std_ctrl__tvn_efaar_e0.2_c96,0.33771734194689534,0.13821219327494094,0.04667665453746362,370,64,1480,5657,7137
667,subcell,HQ,std_ctrl__tvn_efaar_e0.2_c96,0.29856426948525217,0.009585351941702286,0.0028618436002333866,370,75,1480,5753,7233
668,subcell,HQ,std_ctrl__tvn_efaar_e0.2_c96,0.2805418291222706,0.026612891603055647,0.007466029288553947,370,76,1480,5625,7105
669,subcell,HQ,std_ctrl__tvn_efaar_e0.2_c96,0.3123064198716234,0.11947446207548604,0.037312641516883086,370,62,1480,5753,7233
670,subcell,HQ,std_ctrl__tvn_efaar_e0.2_c96,0.2912517268808794,0.03625390595048563,0.01055901271425593,370,65,1480,5721,7201
671,subcell,HQ,std_ctrl__tvn_efaar_e0.2_c96,0.2755871348774658,0.027999561391759586,0.007716318901780732,370,81,1480,5817,7297
672,subcell,HQ,std_ctrl__tvn_efaar_e0.2_c96,0.287335172427904,0.0008898853812393092,0.000255695369459468,370,71,1480,5625,7105
673,subcell,HQ,std_ctrl__tvn_efaar_e0.2_c96,0.33622633482168796,0.09915554390794341,0.03333870510541876,370,46,1480,5657,7137
674,subcell,HQ,std_ctrl__tvn_efaar_e0.2_c96,0.2788277345719397,0.04650399901097028,0.012966604692764568,370,67,1480,5753,7233
675,subcell,HQ,std_ctrl__tvn_efaar_e0.2_c96,0.31969978270143795,0.06255061548598857,0.019997418178711746,370,76,1480,5497,6977
676,subcell,HQ,std_ctrl__tvn_efaar_e0.2_c96,0.3007037500900876,0.02609763556901703,0.007847656884087877,370,80,1480,5593,7073
677,subcell,HQ,std_ctrl__tvn_efaar_e0.2_c96,0.25868543924571685,0.028613098435101618,0.007401791936865195,370,110,1480,5657,7137
678,subcell,HQ,std_ctrl__tvn_efaar_e0.2_c96,0.27098333060476076,-0.0050716419613163624,-0.001374330430312369,370,79,1480,5913,7393
679,subcell,HQ,std_ctrl__tvn_efaar_e0.2_c96,0.296865351036686,-0.05229807604307884,-0.015525486703071897,370,86,1480,5785,7265
680,subcell,HQ,std_ctrl__tvn_efaar_e0.2_c96,0.31798936942698963,-0.02274011896042882,-0.007231116088921492,370,79,1480,5625,7105
681,subcell,HQ,std_ctrl__tvn_efaar_e0.2_c96,0.30947003756897823,0.08534075311079652,0.026410406071363093,370,78,1480,5561,7041
682,subcell,HQ,std_ctrl__tvn_efaar_e0.2_c96,0.29191585940436293,0.029467317151376425,0.008601977210584973,370,71,1480,5657,7137
683,subcell,HQ,std_ctrl__tvn_efaar_e0.2_c96,0.2993223632769611,-0.0004913646250908649,-0.00014707642081289565,370,75,1480,5433,6913
684,subcell,HQ,std_ctrl__tvn_efaar_e0.2_c96,0.28750658961903064,0.06228726184834707,0.017907998230725825,370,86,1480,5721,7201
685,subcell,HQ,std_ctrl__tvn_efaar_e0.2_c96,0.3008629348378742,0.007539992005034626,0.002268504123288825,370,80,1480,5625,7105
686,subcell,HQ,std_ctrl__tvn_efaar_e0.2_c96,0.2816775991568446,0.010202930457753506,0.002873936955704253,370,93,1480,5369,6849
687,subcell,HQ,std_ctrl__tvn_efaar_e0.2_c96,0.277856153938948,0.04557943854555889,0.012664527492965632,370,49,1480,5497,6977
688,subcell,HQ,std_ctrl__tvn_efaar_e0.2_c96,0.30575261451828234,-0.00826056429823444,-0.00252568913158156,370,59,1480,5721,7201
689,subcell,HQ,std_ctrl__tvn_efaar_e0.2_c96,0.28685179121952986,0.054058261616377286,0.015506709174871782,370,73,1480,5881,7361
690,subcell,HQ,std_ctrl__tvn_efaar_e0.2_c96,0.31165650086372004,0.04641026919428873,0.014464062101235325,370,88,1480,5465,6945
691,subcell,HQ,std_ctrl__tvn_efaar_e0.2_c96,0.2855432734425514,0.03896783707200781,0.011127003756517118,370,77,1480,5561,7041
692,subcell,HQ,std_ctrl__tvn_efaar_e0.2_c96,0.30948527936236025,0.05628382834803751,0.01741901633987552,370,63,1480,5657,7137
693,subcell,HQ,std_ctrl__tvn_efaar_e0.2_c96,0.2932057368363025,0.011422662478684264,0.0033491901686950056,370,91,1480,5945,7425
694,subcell,HQ,std_ctrl__tvn_efaar_e0.2_c96,0.3022776108708832,-0.0026847463940344977,-0.0008115387257829667,370,73,1480,5337,6817
695,subcell,HQ,std_ctrl__tvn_efaar_e0.2_c96,0.2671252633296103,0.026232013088347873,0.007007233403890709,370,77,1480,5721,7201
696,subcell,HQ,std_ctrl__tvn_efaar_e0.2_c96,0.29744102854885607,-0.01481570369083877,-0.004406798144478166,370,92,1480,5849,7329
697,subcell,HQ,std_ctrl__tvn_efaar_e0.2_c96,0.29975103053018676,0.07750055377092997,0.023230870859496412,370,59,1480,5849,7329
698,subcell,HQ,std_ctrl__tvn_efaar_e0.2_c96,0.2883615606362488,0.043524846191635075,0.01255089257427258,370,76,1480,5657,7137
699,subcell,HQ,std_ctrl__tvn_efaar_e0.2_c96,0.2760372313069157,0.05422219932608408,0.01496734577734396,370,60,1480,5529,7009
700,subcell,HQ,std_ctrl__tvn_efaar_e0.2_c96,0.32281242336293414,0.033343971378279096,0.01076384820516659,370,74,1480,5913,7393
701,subcell,HQ,std_ctrl__tvn_efaar_e0.2_c96,0.2691577511732881,0.004509692390498853,0.001213818662309961,370,108,1480,5785,7265
702,subcell,HQ,std_ctrl__tvn_efaar_e0.2_c96,0.26133381709479775,0.04210086820381172,0.011002380590707118,370,97,1480,5689,7169
703,subcell,HQ,std_ctrl__tvn_efaar_e0.2_c96,0.27168601742494336,0.04792397124900732,0.013020272887830286,370,71,1480,5401,6881
704,subcell,HQ,std_ctrl__tvn_efaar_e0.2_c96,0.2924504817293344,0.05614020213476563,0.016418229158694415,370,63,1480,5689,7169
705,subcell,HQ,std_ctrl__tvn_efaar_e0.2_c96,0.2876711336387071,-0.009177668900190528,-0.0026401504166785154,370,84,1480,5529,7009
706,subcell,HQ,std_ctrl__tvn_efaar_e0.2_c96,0.2858569110598312,-0.01863047593639011,-0.005325650302750992,370,74,1480,5753,7233
707,subcell,HQ,std_ctrl__tvn_efaar_e0.2_c96,0.2593758270163748,-0.029981505679416647,-0.007776477830794831,370,71,1480,5593,7073
708,subcell,HQ,std_ctrl__tvn_efaar_e0.2_c96,0.3104027844303436,0.043455110063963284,0.01348858716158125,370,97,1480,5593,7073
709,subcell,HQ,std_ctrl__tvn_efaar_e0.2_c96,0.27653506663922395,0.01828173664661316,0.005055541261851913,370,67,1480,5785,7265
710,subcell,HQ,std_ctrl__tvn_efaar_e0.2_c96,0.31131790912607255,0.05443715491857514,0.01694726124802291,370,68,1480,5689,7169
711,subcell,HQ,std_ctrl__tvn_efaar_e0.2_c96,0.26869475146044963,0.0009671870149681491,0.000259878074602641,370,72,1480,5881,7361
712,subcell,HQ,std_ctrl__tvn_efaar_e0.2_c96,0.27913512761113396,0.043605959992721245,0.012171955207174246,370,75,1480,5753,7233
713,subcell,HQ,std_ctrl__tvn_efaar_e0.2_c96,0.2971455273931922,0.05273755966771133,0.015670729980892025,370,55,1480,5529,7009
714,subcell,HQ,std_ctrl__tvn_efaar_e0.2_c96,0.27091194355139403,0.010845484987058585,0.0029381714166015066,370,69,1480,5881,7361
715,subcell,HQ,std_ctrl__tvn_efaar_e0.2_c96,0.2396551643160138,-0.02037094576132847,-0.00488200235370378,370,65,1480,5561,7041
716,subcell,HQ,std_ctrl__tvn_efaar_e0.2_c96,0.28940931849961854,0.002954063571642741,0.0008549335250736746,370,72,1480,5721,7201
717,subcell,HQ,std_ctrl__tvn_efaar_e0.2_c96,0.2960077647508376,0.008210598587445871,0.002430400935136237,370,73,1480,5529,7009
718,subcell,HQ,std_ctrl__tvn_efaar_e0.2_c96,0.3007564983675607,-0.011368971904512295,-0.0034192921800402956,370,74,1480,5657,7137
719,subcell,HQ,std_ctrl__tvn_efaar_e0.2_c96,0.28364930138129146,-0.04290302346079954,-0.012169412631800948,370,76,1480,5529,7009
720,subcell,HQ,std_ctrl__tvn_efaar_e0.2_c96,0.2909883166588172,0.01655482359422539,0.004817260250267316,370,60,1480,5625,7105
721,subcell,HQ,std_ctrl__tvn_efaar_e0.2_c96,0.276509996665903,-0.01754181750338535,-0.004850487899374961,370,72,1480,5689,7169
722,subcell,HQ,std_ctrl__tvn_efaar_e0.2_c96,0.28165343578523694,0.025625794425868535,0.007217593044772046,370,86,1480,5593,7073
723,subcell,HQ,std_ctrl__tvn_efaar_e0.2_c96,0.2807049737701284,0.010497667764124526,0.002946747554376097,370,80,1480,5721,7201
724,subcell,HQ,std_ctrl__tvn_efaar_e0.2_c96,0.30747308802521833,0.013827969020539371,0.004251728335862294,370,53,1480,5913,7393
725,subcell,HQ,std_ctrl__tvn_efaar_e0.2_c96,0.292948044415052,0.008805673302292328,0.0025796047736643705,370,60,1480,5721,7201
726,subcell,HQ,std_ctrl__tvn_efaar_e0.2_c96,0.31119934852582204,0.022691045915639124,0.0070614387063164105,370,75,1480,5785,7265
727,subcell,HQ,std_ctrl__tvn_efaar_e0.2_c96,0.30405434190154995,0.16036186014930162,0.04875871985380429,370,51,1480,5913,7393
728,subcell,HQ,std_ctrl__tvn_efaar_e0.2_c96,0.29373751933807113,0.046141772192766856,0.013553569701765727,370,97,1480,5561,7041
729,subcell,HQ,std_ctrl__tvn_efaar_e0.2_c96,0.31375790825166266,-0.026251800236781506,-0.008236709930133068,370,75,1480,5535,7015
730,subcell,HQ,std_ctrl__tvn_efaar_e0.2_c96,0.2894709524550879,0.014483630580887155,0.004192590339257043,370,53,1480,5849,7329
731,subcell,HQ,std_ctrl__tvn_efaar_e0.2_c96,0.2950077820042,-0.026290785968536342,-0.00775598645572505,370,93,1480,5593,7073
732,subcell,HQ,std_ctrl__tvn_efaar_e0.2_c96,0.28713419127956674,-0.020469715998198676,-0.005877555348865186,370,59,1480,5753,7233
733,subcell,HQ,std_ctrl__tvn_efaar_e0.2_c96,0.29784128747745986,0.00044587017861749955,0.00013279854804724105,370,80,1480,5945,7425
734,subcell,HQ,std_ctrl__tvn_efaar_e0.2_c96,0.29320023979488696,-0.04059266530265454,-0.011901779200651899,370,64,1480,5625,7105
735,subcell,HQ,std_ctrl__tvn_efaar_e0.2_c96,0.28634324919031384,0.016282755306110074,0.004662457060122382,370,100,1480,5945,7425
736,subcell,HQ,std_ctrl__tvn_efaar_e0.2_c96,0.30156053414677847,-0.004575996829782857,-0.0013799400482432831,370,57,1480,5657,7137
737,subcell,HQ,std_ctrl__tvn_efaar_e0.2_c96,0.2840533674911603,0.017575533055102236,0.00499238934975399,370,79,1480,5753,7233
738,subcell,HQ,std_ctrl__tvn_efaar_e0.2_c96,0.2688128259042791,0.07681358767028165,0.0206484775694945,370,93,1480,5785,7265
739,subcell,HQ,std_ctrl__tvn_efaar_e0.2_c96,0.271770210345225,0.04946213995431354,0.013442336179508749,370,110,1480,5721,7201
740,subcell,HQ,std_ctrl__tvn_efaar_e0.2_c96,0.3249448149376186,-0.004664195665861051,-0.001515606197476062,370,67,1480,5497,6977
741,subcell,HQ,std_ctrl__tvn_efaar_e0.2_c96,0.27050470250733194,0.02502834110753337,0.006770283965545341,370,101,1480,5945,7425
742,subcell,HQ,std_ctrl__tvn_efaar_e0.2_c96,0.2918348078229599,0.002691091122836298,0.0007853540606670044,370,47,1480,5593,7073
743,subcell,HQ,std_ctrl__tvn_efaar_e0.2_c96,0.2878308253511541,0.02597178363565466,0.007475479919692079,370,64,1480,5625,7105
744,subcell,HQ,std_ctrl__tvn_efaar_e0.2_c96,0.302984124182105,0.046284357688443224,0.014023425577564249,370,74,1480,5593,7073
745,subcell,HQ,std_ctrl__tvn_efaar_e0.2_c96,0.2758654711161388,0.05090812495062937,0.014043793873144632,370,76,1480,5593,7073
746,subcell,HQ,std_ctrl__tvn_efaar_e0.2_c96,0.2957179501778208,-0.010761667068789527,-0.0031824181260785966,370,56,1480,5657,7137
747,subcell,HQ,std_ctrl__tvn_efaar_e0.2_c96,0.2777382114410764,0.05511769822306549,0.015308290923223205,370,77,1480,5913,7393
748,subcell,HQ,std_ctrl__tvn_efaar_e0.2_c96,0.27957337359940765,0.014604371554730582,0.004082993424855255,370,78,1480,5721,7201
749,subcell,HQ,std_ctrl__tvn_efaar_e0.2_c96,0.28882342889971907,0.04580973833451918,0.013230925702774735,370,85,1480,5724,7204
750,subcell,HQ,std_ctrl__tvn_efaar_e0.2_c96,0.29712919750551403,0.054948458598745156,0.01632679140761011,370,84,1480,5753,7233
751,subcell,HQ,std_ctrl__tvn_efaar_e0.2_c96,0.30989465290110335,-0.016546507740208643,-0.005127674272877377,370,78,1480,5753,7233
752,subcell,HQ,std_ctrl__tvn_efaar_e0.2_c96,0.35074956450068556,0.08556140074510513,0.030010624049414257,370,47,1480,5625,7105
753,subcell,HQ,std_ctrl__tvn_efaar_e0.2_c96,0.29190938299409813,0.12114238664496423,0.03536259933996398,370,71,1480,5401,6881
754,subcell,HQ,std_ctrl__tvn_efaar_e0.2_c96,0.2737777674105744,-0.009404885264778114,-0.0025748484905435613,370,72,1480,5785,7265
755,subcell,HQ,std_ctrl__tvn_efaar_e0.2_c96,0.30800978849334915,0.0023168022978975597,0.0007135977857563327,370,79,1480,5657,7137
756,subcell,HQ,std_ctrl__tvn_efaar_e0.2_c96,0.2962260550713146,-0.0034539429332672363,-0.0010231478895631984,370,69,1480,5593,7073
757,subcell,HQ,std_ctrl__tvn_efaar_e0.2_c96,0.3004935274977991,0.07922404072375698,0.023806311459711026,370,52,1480,5657,7137
758,subcell,HQ,std_ctrl__tvn_efaar_e0.2_c96,0.28212408363753433,0.06472658678577103,0.018260928983920992,370,95,1480,5593,7073
759,subcell,HQ,std_ctrl__tvn_efaar_e0.2_c96,0.2897383921367199,-0.020690953377961212,-0.005994963563506315,370,81,1480,5753,7233
760,subcell,HQ,std_ctrl__tvn_efaar_e0.2_c96,0.2834777004665981,0.06159343504471005,0.01746036533031318,370,62,1480,5593,7073
761,subcell,HQ,std_ctrl__tvn_efaar_e0.2_c96,0.29126624088363257,-0.013688418463633743,-0.00398697418954471,370,81,1480,5913,7393
762,subcell,HQ,std_ctrl__tvn_efaar_e0.2_c96,0.3160562870342315,0.09959134661697087,0.031476471232498984,370,88,1480,5721,7201
763,subcell,HQ,std_ctrl__tvn_efaar_e0.2_c96,0.29257382727155756,-0.025278657188038962,-0.007395873481790228,370,63,1480,5689,7169
764,subcell,HQ,std_ctrl__tvn_efaar_e0.2_c96,0.28038505082299775,0.005120007116872717,0.0014355734556784668,370,81,1480,5849,7329
765,subcell,HQ,std_ctrl__tvn_efaar_e0.2_c96,0.2990856286722515,-0.012337286168277147,-0.0036899049897486436,370,79,1480,5945,7425
766,subcell,HQ,std_ctrl__tvn_efaar_e0.2_c96,0.2737317485367666,-0.011396377081510298,-0.0031195502255061463,370,79,1480,5881,7361
767,subcell,HQ,std_ctrl__tvn_efaar_e0.2_c96,0.2562288524976547,0.017262209393332843,0.0044230761044279105,370,88,1480,5753,7233
768,subcell,HQ,std_ctrl__tvn_efaar_e0.2_c96,0.30604345950801437,0.02181718537639101,0.0066770068893183656,370,80,1480,5689,7169
769,subcell,HQ,std_ctrl__tvn_efaar_e0.2_c96,0.31646134650542906,-0.012918337811934038,-0.004088154578576644,370,90,1480,5785,7265
770,subcell,HQ,std_ctrl__tvn_efaar_e0.2_c96,0.27294093539305303,-0.01691652223097476,-0.004617211401319627,370,66,1480,5657,7137
771,subcell,HQ,std_ctrl__tvn_efaar_e0.2_c96,0.2714356558945309,0.0209811368175405,0.0056950286334819964,370,79,1480,5689,7169
772,subcell,HQ,std_ctrl__tvn_efaar_e0.2_c96,0.2587929620160668,-0.012187602354601028,-0.0031540657132211897,370,106,1480,5983,7463
773,subcell,HQ,std_ctrl__tvn_efaar_e0.2_c96,0.29954361377082006,0.002974241174000373,0.0008909149494860381,370,63,1480,5593,7073
774,subcell,HQ,std_ctrl__tvn_efaar_e0.2_c96,0.3262924146006413,-0.05507303952862382,-0.01796991504719123,370,91,1480,5593,7073
775,subcell,HQ,std_ctrl__tvn_efaar_e0.2_c96,0.2636798223999475,-0.0120417473310683,-0.0031751657976411313,370,77,1480,5689,7169
776,subcell,HQ,std_ctrl__tvn_efaar_e0.2_c96,0.2800319135018531,-0.05873856472471818,-0.01644867267621528,370,81,1480,5913,7393
777,subcell,HQ,std_ctrl__tvn_efaar_e0.2_c96,0.2844272739444211,0.03616361255333821,0.010285917734528234,370,45,1480,5529,7009
778,subcell,HQ,std_ctrl__tvn_efaar_e0.2_c96,0.31938761674004257,0.021175014851991122,0.00676303752801245,370,77,1480,5721,7201
779,subcell,HQ,std_ctrl__tvn_efaar_e0.2_c96,0.2816566661045582,0.024241001132480476,0.006827639562011271,370,83,1480,5721,7201
780,subcell,HQ,std_ctrl__tvn_efaar_e0.2_c96,0.28882727686530374,0.029746257285295688,0.008591530488646656,370,75,1480,5657,7137
781,subcell,HQ,std_ctrl__tvn_efaar_e0.2_c96,0.2969477008009842,0.029945021672661398,0.008892105336132444,370,55,1480,5689,7169
782,subcell,HQ,std_ctrl__tvn_efaar_e0.2_c96,0.3095913112534013,0.04702385212603581,0.014558176039885469,370,88,1480,5369,6849
783,subcell,HQ,std_ctrl__tvn_efaar_e0.2_c96,0.2609740215321681,0.00628395521250075,0.0016399490629343508,370,67,1480,5273,6753
784,subcell,HQ,std_ctrl__tvn_efaar_e0.2_c96,0.28056972200100805,0.1007140410274741,0.028257310492676525,370,62,1480,5785,7265
785,subcell,HQ,std_ctrl__tvn_efaar_e0.2_c96,0.286435858622627,8.921359184422136e-05,2.555397178070814e-05,370,73,1480,5401,6881
786,subcell,HQ,std_ctrl__tvn_efaar_e0.2_c96,0.29613790220715575,0.013238006817934172,0.003920275568467051,370,83,1480,5657,7137
787,subcell,HQ,std_ctrl__tvn_efaar_e0.2_c96,0.29397244461893685,-0.009184527449444885,-0.0026999979869830417,370,64,1480,5625,7105
788,subcell,HQ,std_ctrl__tvn_efaar_e0.2_c96,0.2983953580053513,-0.035613631781919855,-0.010626942405436731,370,90,1480,5756,7236
789,subcell,HQ,std_ctrl__tvn_efaar_e0.2_c96,0.27071934525723446,0.004737500609631936,0.0012825330631953066,370,63,1480,5593,7073
790,subcell,HQ,std_ctrl__tvn_efaar_e0.2_c96,0.27920158982899557,-0.017727678527922886,-0.004949596028973418,370,89,1480,6009,7489
791,subcell,HQ,std_ctrl__tvn_efaar_e0.2_c96,0.26928930420174724,0.18243203856592416,0.04912699672952404,370,85,1480,5465,6945
792,subcell,HQ,std_ctrl__tvn_efaar_e0.2_c96,0.2397246606035953,0.04371842406699332,0.010480384371584026,370,65,1480,5852,7332
793,subcell,HQ,std_ctrl__tvn_efaar_e0.2_c96,0.2727508347409205,0.02393835221566882,0.006529205549145834,370,70,1480,5625,7105
794,subcell,HQ,std_ctrl__tvn_efaar_e0.2_c96,0.32094311439826023,0.014346102028317634,0.00460428266444346,370,70,1480,5785,7265
795,subcell,HQ,std_ctrl__tvn_efaar_e0.2_c96,0.3066194996478405,-4.9563161276155306e-05,-1.5197031711459964e-05,370,71,1480,5785,7265
796,subcell,HQ,std_ctrl__tvn_efaar_e0.2_c96,0.2872254498563334,0.011081467447235316,0.0031828794726004783,370,88,1480,5689,7169
797,subcell,HQ,std_ctrl__tvn_efaar_e0.2_c96,0.3152453721937683,-0.0030468861778530426,-0.0009605167671693306,370,56,1480,5817,7297
798,subcell,HQ,std_ctrl__tvn_efaar_e0.2_c96,0.3060279246370791,-0.034758408032374184,-0.010637043473836252,370,67,1480,5753,7233
799,subcell,HQ,std_ctrl__tvn_efaar_e0.2_c96,0.2827830448041475,0.04299238552699416,0.012157517682717172,370,87,1480,5721,7201
800,subcell,HQ,std_ctrl__tvn_efaar_e0.2_c96,0.2791860700650849,0.0019510425830389004,0.0005447039112882626,370,49,1480,5625,7105
801,subcell,HQ,std_ctrl__tvn_efaar_e0.2_c96,0.30696649361329253,0.025242028114392405,0.0077484568619631865,370,67,1480,5695,7175
802,subcell,HQ,std_ctrl__tvn_efaar_e0.2_c96,0.2689029344249857,0.03212226669803707,0.008637771775484164,370,94,1480,5785,7265
803,subcell,HQ,std_ctrl__tvn_efaar_e0.2_c96,0.3027681321797932,0.033843729747683675,0.01024680284170389,370,50,1480,5721,7201
804,subcell,HQ,std_ctrl__tvn_efaar_e0.2_c96,0.3006629402733147,0.06288189856421422,0.018906256512284975,370,85,1480,5689,7169
805,subcell,HQ,std_ctrl__tvn_efaar_e0.2_c96,0.24385529967800693,0.04164791116312404,0.010156063857646622,370,52,1480,5753,7233
806,subcell,HQ,std_ctrl__tvn_efaar_e0.2_c96,0.31144970622542384,0.00036892026233145757,0.00011490010732373875,370,74,1480,5817,7297
807,subcell,HQ,std_ctrl__tvn_efaar_e0.2_c96,0.26834600264404646,-0.00622989877171981,-0.0016717684322680659,370,104,1480,5625,7105
808,subcell,HQ,std_ctrl__tvn_efaar_e0.2_c96,0.3064865481267715,0.006555033291265321,0.002009029526295978,370,76,1480,5691,7171
809,subcell,HQ,std_ctrl__tvn_efaar_e0.2_c96,0.2714386897615508,0.0015056338311357715,0.0004086872743841578,370,90,1480,5689,7169
810,subcell,HQ,std_ctrl__tvn_efaar_e0.2_c96,0.28218413549362015,0.024900701104309562,0.007026582814304626,370,85,1480,5657,7137
811,subcell,HQ,std_ctrl__tvn_efaar_e0.2_c96,0.28062020609019706,0.0014429853553187724,0.00040493084779469015,370,97,1480,5593,7073
812,subcell,HQ,std_ctrl__tvn_efaar_e0.2_c96,0.28895624321716473,-0.022946776096485676,-0.006630614214785937,370,102,1480,5561,7041
813,subcell,HQ,std_ctrl__tvn_efaar_e0.2_c96,0.2726571310667862,0.0059878954846665725,0.0016326424039769508,370,75,1480,5465,6945
814,subcell,HQ,std_ctrl__tvn_efaar_e0.2_c96,0.2995054483206663,0.039814596918010786,0.011924688699635439,370,104,1480,5785,7265
815,subcell,HQ,std_ctrl__tvn_efaar_e0.2_c96,0.30227743405687935,0.0121872786880758,0.0036839393299676437,370,89,1480,5817,7297
816,subcell,HQ,std_ctrl__tvn_efaar_e0.2_c96,0.2736457296808088,0.026120997161388798,0.007147899328218573,370,79,1480,5465,6945
817,subcell,HQ,std_ctrl__tvn_efaar_e0.2_c96,0.29935530937822324,0.06730390820998103,0.02014778226456241,370,53,1480,5913,7393
818,subcell,HQ,std_ctrl__tvn_efaar_e0.2_c96,0.25252327528789253,-0.007794990311743138,-0.0019684164843587677,370,83,1480,5657,7137
819,subcell,HQ,std_ctrl__tvn_efaar_e0.2_c96,0.270475061899472,0.06682244023688907,0.01807380365934634,370,61,1480,5689,7169
820,subcell,HQ,std_ctrl__tvn_efaar_e0.2_c96,0.26616023409934475,-0.01080613221798888,-0.002876162680848392,370,59,1480,5689,7169
821,subcell,HQ,std_ctrl__tvn_efaar_e0.2_c96,0.3119114668077385,0.024168655613780433,0.007538480823265339,370,75,1480,5465,6945
822,subcell,HQ,std_ctrl__tvn_efaar_e0.2_c96,0.2574210627265423,-0.03672796465239348,-0.00945455169260201,370,86,1480,5849,7329
823,subcell,HQ,std_ctrl__tvn_efaar_e0.2_c96,0.2742097629831697,0.0986357825853004,0.027046894564374677,370,85,1480,5691,7171
824,subcell,HQ,std_ctrl__tvn_efaar_e0.2_c96,0.30184709015953803,-0.012143887402077839,-0.0036655970755422674,370,69,1480,5977,7457
825,subcell,HQ,std_ctrl__tvn_efaar_e0.2_c96,0.3188045821816651,0.00016908099011319879,5.390379440790058e-05,370,51,1480,5497,6977
826,subcell,HQ,std_ctrl__tvn_efaar_e0.2_c96,0.30374311402088205,-0.013841143892296976,-0.004204152147457395,370,77,1480,5849,7329
827,subcell,HQ,std_ctrl__tvn_efaar_e0.2_c96,0.2993609684167511,0.035385372518284657,0.010592999384861185,370,67,1480,5721,7201
828,subcell,HQ,std_ctrl__tvn_efaar_e0.2_c96,0.28861401457333186,0.011150850459827066,0.003218291717117573,370,70,1480,5849,7329
829,subcell,HQ,std_ctrl__tvn_efaar_e0.2_c96,0.2641151743538755,0.027601671039953073,0.007290020159175522,370,55,1480,5561,7041
830,subcell,HQ,std_ctrl__tvn_efaar_e0.2_c96,0.279290331365071,0.005342573280635918,0.0014921290618909798,370,70,1480,5401,6881
831,subcell,HQ,std_ctrl__tvn_efaar_e0.2_c96,0.26996465399450875,0.09374192895922165,0.025307007416254093,370,69,1480,5753,7233
832,subcell,HQ,std_ctrl__tvn_efaar_e0.2_c96,0.29807563162957834,0.05901526027628323,0.017591010982637087,370,72,1480,5753,7233
833,subcell,HQ,std_ctrl__tvn_efaar_e0.2_c96,0.28914140561325363,0.03844742862954574,0.011116743556162106,370,68,1480,5881,7361
834,subcell,HQ,std_ctrl__tvn_efaar_e0.2_c96,0.2994386369636987,-0.02205592050631523,-0.006604394773390723,370,76,1480,5785,7265
835,subcell,HQ,std_ctrl__tvn_efaar_e0.2_c96,0.2859030906042059,0.05321345696558965,0.015213891808195988,370,69,1480,5881,7361
836,subcell,HQ,std_ctrl__tvn_efaar_e0.2_c96,0.2991867528505013,0.060412937213116275,0.01807475051495347,370,99,1480,5785,7265
837,subcell,HQ,std_ctrl__tvn_efaar_e0.2_c96,0.2582877280211114,0.004300538689863941,0.0011107763674718441,370,73,1480,5401,6881
838,subcell,HQ,std_ctrl__tvn_efaar_e0.2_c96,0.2881042117658959,0.00820553679102246,0.002364049709293585,370,69,1480,5817,7297
839,subcell,HQ,std_ctrl__tvn_efaar_e0.2_c96,0.2973574296533411,0.031557002398383896,0.009383709120747756,370,64,1480,5817,7297
840,subcell,HQ,std_ctrl__tvn_efaar_e0.2_c96,0.30306808978273636,-0.06018879040396232,-0.018241301734062354,370,60,1480,5849,7329
841,subcell,HQ,std_ctrl__tvn_efaar_e0.2_c96,0.28424726095659353,-0.009368454111194604,-0.002662957420504604,370,82,1480,5881,7361
842,subcell,HQ,std_ctrl__tvn_efaar_e0.2_c96,0.3033265483229211,-0.0017083844129002794,-0.0005181983471737218,370,68,1480,5753,7233
843,subcell,HQ,std_ctrl__tvn_efaar_e0.2_c96,0.2753427254481866,0.02647272931178395,0.00728907343875869,370,78,1480,5625,7105
844,subcell,HQ,std_ctrl__tvn_efaar_e0.2_c96,0.3148809702377256,-0.018249750354864442,-0.0057464990983359925,370,96,1480,5881,7361
845,subcell,HQ,std_ctrl__tvn_efaar_e0.2_c96,0.2803502572240517,0.007517030872311137,0.002107401538613565,370,71,1480,5785,7265
846,subcell,HQ,std_ctrl__tvn_efaar_e0.2_c96,0.25932005896233057,0.07712588103581829,0.02000028801773009,370,76,1480,5785,7265
847,subcell,HQ,std_ctrl__tvn_efaar_e0.2_c96,0.26712263353857923,0.05879510996558282,0.015705504613196846,370,57,1480,5625,7105
848,subcell,HQ,std_ctrl__tvn_efaar_e0.2_c96,0.2788043867801262,0.013181797181051984,0.0036751428797231946,370,41,1480,5660,7140
849,subcell,HQ,std_ctrl__tvn_efaar_e0.2_c96,0.3049373135835745,0.010519124501416004,0.0032076735667129538,370,70,1480,5663,7143
850,subcell,HQ,std_ctrl__tvn_efaar_e0.2_c96,0.30211699000182946,0.055791471578649,0.016855551461114053,370,75,1480,5881,7361
851,subcell,HQ,std_ctrl__tvn_efaar_e0.2_c96,0.25714252266125737,0.10604341460658268,0.027268271143550297,370,91,1480,5561,7041
852,subcell,HQ,std_ctrl__tvn_efaar_e0.2_c96,0.26465106228820995,-0.05794254189583359,-0.01533455526441147,370,82,1480,5657,7137
853,subcell,HQ,std_ctrl__tvn_efaar_e0.2_c96,0.28175776862298874,0.06448298624134235,0.018168582317507505,370,80,1480,5689,7169
854,subcell,HQ,std_ctrl__tvn_efaar_e0.2_c96,0.3212905821724955,0.031932733932752984,0.010259686675613609,370,103,1480,5785,7265
855,subcell,HQ,std_ctrl__tvn_efaar_e0.2_c96,0.29625972351348884,-0.0420814413037846,-0.012467036165708335,370,56,1480,5689,7169
856,subcell,HQ,std_ctrl__tvn_efaar_e0.2_c96,0.272140752642848,0.06845492537136921,0.01862937491267441,370,72,1480,5753,7233
857,subcell,HQ,std_ctrl__tvn_efaar_e0.2_c96,0.29399911403764656,0.02292862703452712,0.006740996034250605,370,83,1480,5625,7105
858,subcell,HQ,std_ctrl__tvn_efaar_e0.2_c96,0.3190050389410846,0.11718614056329996,0.03738296933375092,370,65,1480,5785,7265
859,subcell,HQ,std_ctrl__tvn_efaar_e0.2_c96,0.2898845797928318,0.06373221563510796,0.018474986548649413,370,53,1480,5689,7169
860,subcell,HQ,std_ctrl__tvn_efaar_e0.2_c96,0.3103917193019268,0.029032345275102067,0.009011399565306102,370,60,1480,5561,7041
861,subcell,HQ,std_ctrl__tvn_efaar_e0.2_c96,0.295440648934982,0.07511031590481924,0.022190640472631296,370,85,1480,5817,7297
862,subcell,HQ,std_ctrl__tvn_efaar_e0.2_c96,0.3078131698476364,0.0586072344650635,0.018040078616694842,370,58,1480,5625,7105
863,subcell,HQ,std_ctrl__tvn_efaar_e0.2_c96,0.2975900460077136,0.029824473151325047,0.00887546633725864,370,86,1480,5470,6950
864,subcell,HQ,std_ctrl__tvn_efaar_e0.2_c96,0.27760258241567626,0.011992414263809165,0.0033291251690320154,370,53,1480,5785,7265
865,subcell,HQ,std_ctrl__tvn_efaar_e0.2_c96,0.2854131336256055,0.15731891715051713,0.0449008851225161,370,61,1480,5881,7361
866,subcell,HQ,std_ctrl__tvn_efaar_e0.2_c96,0.2765445451258569,0.006787010530404282,0.0018769107398950529,370,80,1480,5817,7297
867,subcell,HQ,std_ctrl__tvn_efaar_e0.2_c96,0.2739111146944159,0.04502686535438881,0.012333358880416015,370,67,1480,6009,7489
868,subcell,HQ,std_ctrl__tvn_efaar_e0.2_c96,0.2782986955272788,0.02653212807970112,0.007383856634143506,370,83,1480,5689,7169
869,subcell,HQ,std_ctrl__tvn_efaar_e0.2_c96,0.3187457554766358,0.009891615762297197,0.0031529105390380187,370,64,1480,5625,7105
870,subcell,HQ,std_ctrl__tvn_efaar_e0.2_c96,0.2724580846863054,0.07843102582880648,0.021369167077298763,370,46,1480,6009,7489
871,subcell,HQ,std_ctrl__tvn_efaar_e0.2_c96,0.2869790222371805,0.011479971008863296,0.0032945108554347674,370,80,1480,5817,7297
872,subcell,HQ,std_ctrl__tvn_efaar_e0.2_c96,0.28634706272327803,-0.010940100018399115,-0.0031326655061674666,370,70,1480,5657,7137
873,subcell,HQ,std_ctrl__tvn_efaar_e0.2_c96,0.30453307922167805,0.0021118097165821045,0.0006431159157210075,370,84,1480,5657,7137
874,subcell,HQ,std_ctrl__tvn_efaar_e0.2_c96,0.27771571470822703,0.02278965329843033,0.006329044853726282,370,100,1480,5721,7201
875,subcell,HQ,std_ctrl__tvn_efaar_e0.2_c96,0.28853147884298497,0.022144975401448885,0.006389522501521572,370,71,1480,5561,7041
876,subcell,HQ,std_ctrl__tvn_efaar_e0.2_c96,0.28422955745297046,-0.021022253046417843,-0.005975145680047703,370,71,1480,5817,7297
877,subcell,HQ,std_ctrl__tvn_efaar_e0.2_c96,0.32452197745989086,0.02730176335451775,0.008860022231950085,370,53,1480,5657,7137
878,subcell,HQ,std_ctrl__tvn_efaar_e0.2_c96,0.2901743674122237,-0.022385914099110896,-0.0064958184626538835,370,79,1480,5753,7233
879,subcell,HQ,std_ctrl__tvn_efaar_e0.2_c96,0.3013008240814669,0.07196803880150612,0.021684029398420783,370,90,1480,5785,7265
880,subcell,HQ,std_ctrl__tvn_efaar_e0.2_c96,0.26846805962603937,0.05793065877434328,0.015552531554006132,370,53,1480,5753,7233
881,subcell,HQ,std_ctrl__tvn_efaar_e0.2_c96,0.27643190800099415,0.033613198114082025,0.009291760488691113,370,58,1480,5785,7265
882,subcell,HQ,std_ctrl__tvn_efaar_e0.2_c96,0.27887113882724024,0.011176257737101819,0.0031167357229723394,370,64,1480,5785,7265
883,subcell,HQ,std_ctrl__tvn_efaar_e0.2_c96,0.2397724791809495,0.006622142807941621,0.0015878075985504567,370,84,1480,5785,7265
884,subcell,HQ,std_ctrl__tvn_efaar_e0.2_c96,0.34430666941372473,0.046819903734618716,0.016120405117137783,370,81,1480,5561,7041
885,subcell,HQ,std_ctrl__tvn_efaar_e0.2_c96,0.2945124483690045,0.032875401048462816,0.009682214853895721,370,62,1480,5401,6881
886,subcell,HQ,std_ctrl__tvn_efaar_e0.2_c96,0.28405842455509017,0.019321908601547883,0.005488550916753137,370,67,1480,5561,7041
887,subcell,HQ,std_ctrl__tvn_efaar_e0.2_c96,0.3048299451485426,0.045626494189979466,0.013908321721251738,370,83,1480,5817,7297
888,subcell,HQ,std_ctrl__tvn_efaar_e0.2_c96,0.2947135715204907,0.03779341731303823,0.011138232996289844,370,46,1480,5593,7073
889,subcell,HQ,std_ctrl__tvn_efaar_e0.2_c96,0.28318536770201636,0.02243010073782344,0.006351876325033799,370,74,1480,5721,7201
890,subcell,HQ,std_ctrl__tvn_efaar_e0.2_c96,0.305580739071315,0.07359373033256861,0.02248882650604137,370,50,1480,5753,7233
891,subcell,HQ,std_ctrl__tvn_efaar_e0.2_c96,0.31184327494034236,0.10897374005111059,0.033982727980035876,370,82,1480,5401,6881
892,subcell,HQ,std_ctrl__tvn_efaar_e0.2_c96,0.29842598845140866,0.06870840475431314,0.020504373603725364,370,81,1480,5407,6887
893,subcell,HQ,std_ctrl__tvn_efaar_e0.2_c96,0.24466202353444053,0.013606719711092705,0.0033290475781818994,370,58,1480,5817,7297
894,subcell,HQ,std_ctrl__tvn_efaar_e0.2_c96,0.2733244271548463,0.014826542268626125,0.00405245617225935,370,63,1480,5753,7233
895,subcell,HQ,std_ctrl__tvn_efaar_e0.2_c96,0.281829871786734,0.004591281457043213,0.0012939602643752982,370,84,1480,5817,7297
896,subcell,HQ,std_ctrl__tvn_efaar_e0.2_c96,0.2691377005735804,0.08921608440224468,0.024011411810198606,370,84,1480,5529,7009
897,subcell,HQ,std_ctrl__tvn_efaar_e0.2_c96,0.2799742827102562,0.01944601504576584,0.005444384114011141,370,79,1480,5689,7169
898,subcell,HQ,std_ctrl__tvn_efaar_e0.2_c96,0.2907160308892525,-0.023241550910645257,-0.006756691432453281,370,79,1480,5977,7457
899,subcell,HQ,std_ctrl__tvn_efaar_e0.2_c96,0.32561407762033945,0.06155507571081757,0.020043199200428026,370,88,1480,5689,7169
900,subcell,HQ,std_ctrl__tvn_efaar_e0.2_c96,0.26440794582479166,0.022103298933005895,0.005844287866827398,370,65,1480,5849,7329
901,subcell,HQ,std_ctrl__tvn_efaar_e0.2_c96,0.3048515830851218,-0.03419939248208954,-0.010425738938714407,370,59,1480,5561,7041
902,subcell,HQ,std_ctrl__tvn_efaar_e0.2_c96,0.29426918701899885,0.0128654173441759,0.0037858959025307694,370,52,1480,5849,7329
903,subcell,HQ,std_ctrl__tvn_efaar_e0.2_c96,0.30142457122588695,0.03701096199590245,0.011156013350272494,370,75,1480,5786,7266
904,subcell,HQ,std_ctrl__tvn_efaar_e0.2_c96,0.3097005406011295,0.014873885057191219,0.004606450243051182,370,72,1480,5913,7393
905,subcell,HQ,std_ctrl__tvn_efaar_e0.2_c96,0.2936983347413645,0.025892276953724695,0.007604518623971153,370,65,1480,5753,7233
906,subcell,HQ,std_ctrl__tvn_efaar_e0.2_c96,0.3089304424856617,-0.012462167838232485,-0.0038499430245957436,370,90,1480,5913,7393
907,subcell,HQ,std_ctrl__tvn_efaar_e0.2_c96,0.3102938761535745,0.05182447917142693,0.01608081852174225,370,52,1480,5593,7073
908,subcell,HQ,std_ctrl__tvn_efaar_e0.2_c96,0.28548032098573145,-0.02094046783597253,-0.005978091479404824,370,70,1480,5593,7073
909,subcell,HQ,std_ctrl__tvn_efaar_e0.2_c96,0.2892298094049511,0.025770207849659662,0.007453512304683038,370,53,1480,5593,7073
910,subcell,HQ,std_ctrl__tvn_efaar_e0.2_c96,0.316246172381739,0.03408137577830692,0.010778104639393276,370,55,1480,5465,6945
911,subcell,HQ,std_ctrl__tvn_efaar_e0.2_c96,0.2920560486781643,0.009919667848997945,0.0028970989961781654,370,80,1480,5753,7233
912,subcell,HQ,std_ctrl__tvn_efaar_e0.2_c96,0.2859916481996236,0.07088365919494542,0.020272134523582844,370,54,1480,5497,6977
913,subcell,HQ,std_ctrl__tvn_efaar_e0.2_c96,0.24699627345692862,0.0595792493014309,0.01471585255281475,370,82,1480,5401,6881
914,subcell,HQ,std_ctrl__tvn_efaar_e0.2_c96,0.293399843824665,-0.030936763769369886,-0.009076841658373679,370,69,1480,5561,7041
915,subcell,HQ,std_ctrl__tvn_efaar_e0.2_c96,0.2763403614777801,0.02862691478338984,0.007910771979235556,370,101,1480,5849,7329
916,subcell,HQ,std_ctrl__tvn_efaar_e0.2_c96,0.3194174161971641,0.008343572061370683,0.0026650822296978697,370,74,1480,5657,7137
917,subcell,HQ,std_ctrl__tvn_efaar_e0.2_c96,0.31856529596545147,0.09162020044250577,0.029187016270380835,370,80,1480,5561,7041
918,subcell,HQ,std_ctrl__tvn_efaar_e0.2_c96,0.28961135747983363,-0.06930257951347317,-0.020070814129751074,370,107,1480,5209,6689
919,subcell,HQ,std_ctrl__tvn_efaar_e0.2_c96,0.2872811330628588,-0.007279136717437364,-0.0020911586439048644,370,70,1480,5599,7079
920,subcell,HQ,std_ctrl__tvn_efaar_e0.2_c96,0.2915322097805267,-0.0016180272599718886,-0.00047170706258473544,370,74,1480,5855,7335
921,subcell,HQ,std_ctrl__tvn_efaar_e0.2_c96,0.3038703914449581,0.04169918920413497,0.012671148946397863,370,46,1480,5785,7265
922,subcell,HQ,std_ctrl__tvn_efaar_e0.2_c96,0.3068228185326951,0.025644733503433558,0.00786838941404332,370,115,1480,5721,7201
923,subcell,HQ,std_ctrl__tvn_efaar_e0.2_c96,0.2810925139809057,0.09246779067576748,0.02599200374331163,370,81,1480,5721,7201
924,subcell,HQ,std_ctrl__tvn_efaar_e0.2_c96,0.28773615640756467,-0.003353553370796992,-0.000964938557220759,370,74,1480,5785,7265
925,subcell,HQ,std_ctrl__tvn_efaar_e0.2_c96,0.27944011272637115,0.029506227603795843,0.008245223567734675,370,92,1480,5497,6977
926,subcell,HQ,std_ctrl__tvn_efaar_e0.2_c96,0.27366035663382854,0.007421018864585514,0.002030838669068841,370,91,1480,5078,6558
927,subcell,HQ,std_ctrl__tvn_efaar_e0.2_c96,0.28920358344271085,0.011233693615113149,0.0032488244487882236,370,53,1480,5785,7265
928,subcell,HQ,std_ctrl__tvn_efaar_e0.2_c96,0.27646919274163045,0.02165315813320348,0.005986431149393637,370,72,1480,5721,7201
929,subcell,HQ,std_ctrl__tvn_efaar_e0.2_c96,0.28566404499243914,0.055868715215594736,0.015959683177017424,370,73,1480,5561,7041
930,subcell,HQ,std_ctrl__tvn_efaar_e0.2_c96,0.27678651798671755,-0.023355619614880897,-0.006464520628625165,370,77,1480,5657,7137
931,subcell,HQ,std_ctrl__tvn_efaar_e0.2_c96,0.2846015875324141,0.03499357627604153,0.009959227361598042,370,101,1480,5977,7457
932,subcell,HQ,std_ctrl__tvn_efaar_e0.2_c96,0.31201793610708606,-0.006425329014018247,-0.0020048178977629515,370,66,1480,5689,7169
933,subcell,HQ,std_ctrl__tvn_efaar_e0.2_c96,0.31925565821533153,0.012656031957092653,0.004040509812855885,370,67,1480,5593,7073
934,subcell,HQ,std_ctrl__tvn_efaar_e0.2_c96,0.2815468086937031,-0.0379259426273791,-0.010677928113439062,370,53,1480,5561,7041
935,subcell,HQ,std_ctrl__tvn_efaar_e0.2_c96,0.3274215028527929,-0.022328795693860353,-0.0073109278429767275,370,91,1480,5657,7137
936,subcell,HQ,std_ctrl__tvn_efaar_e0.2_c96,0.3005179221342524,0.05109115675079428,0.015353808266184078,370,88,1480,5753,7233
937,subcell,HQ,std_ctrl__tvn_efaar_e0.2_c96,0.29251400709972186,0.05685416388196847,0.016630639297418877,370,52,1480,5721,7201
938,subcell,HQ,std_ctrl__tvn_efaar_e0.2_c96,0.23826711041194198,0.03991639021012636,0.009510762953442336,370,75,1480,5566,7046
939,subcell,HQ,std_ctrl__tvn_efaar_e0.2_c96,0.26452971606957676,0.07034835391684106,0.018609230087584066,370,67,1480,5753,7233
940,subcell,HQ,std_ctrl__tvn_efaar_e0.2_c96,0.30658842196172914,0.033408273401446274,0.010242589822615422,370,58,1480,5785,7265
941,subcell,HQ,std_ctrl__tvn_efaar_e0.2_c96,0.28362843064233195,0.051853049861568495,0.01470699915625526,370,67,1480,5721,7201
942,subcell,HQ,std_ctrl__tvn_efaar_e0.2_c96,0.2944720075763274,0.019870777189104544,0.005851387650977507,370,84,1480,5881,7361
943,subcell,HQ,std_ctrl__tvn_efaar_e0.2_c96,0.3088045254840241,0.011864309784772225,0.003663752553282051,370,99,1480,5753,7233
944,subcell,HQ,std_ctrl__tvn_efaar_e0.2_c96,0.29699582995395046,0.014680060756438617,0.004359916828132904,370,56,1480,5593,7073
945,subcell,HQ,std_ctrl__tvn_efaar_e0.2_c96,0.2695019834438184,-0.0029867302823898757,-0.0008049297351157874,370,83,1480,5625,7105
946,subcell,HQ,std_ctrl__tvn_efaar_e0.2_c96,0.27259322467053326,-0.012826953437015294,-0.003496540600094779,370,81,1480,5625,7105
947,subcell,HQ,std_ctrl__tvn_efaar_e0.2_c96,0.23797689779615455,0.020871422150929755,0.004966916296072207,370,89,1480,5721,7201
948,subcell,HQ,std_ctrl__tvn_efaar_e0.2_c96,0.3052143339894166,0.009067254618668964,0.0027674560795495095,370,67,1480,5561,7041
949,subcell,HQ,std_ctrl__tvn_efaar_e0.2_c96,0.31120040386033737,-0.02407294854521242,-0.007491511309379226,370,60,1480,5849,7329
950,subcell,HQ,std_ctrl__tvn_efaar_e0.2_c96,0.2935712663637214,0.017332408499594346,0.00508829711235924,370,65,1480,5721,7201
951,subcell,HQ,std_ctrl__tvn_efaar_e0.2_c96,0.2888718301905284,0.12656958358540824,0.03656238725676994,370,70,1480,5689,7169
952,subcell,HQ,std_ctrl__tvn_efaar_e0.2_c96,0.30498367318171815,0.02901729385394177,0.008849800865368455,370,66,1480,5881,7361
953,subcell,HQ,std_ctrl__tvn_efaar_e0.2_c96,0.30834034580093134,0.038020186932164954,0.011723157586079792,370,64,1480,5785,7265
954,subcell,HQ,std_ctrl__tvn_efaar_e0.2_c96,0.28758799726271184,0.1626648604115583,0.04678046143077864,370,84,1480,5561,7041
955,subcell,HQ,std_ctrl__tvn_efaar_e0.2_c96,0.25378539305605313,-0.02652372436108316,-0.006731333812287901,370,58,1480,5785,7265
956,subcell,HQ,std_ctrl__tvn_efaar_e0.2_c96,0.3016143936264989,0.020375323895171635,0.006145490961585706,370,56,1480,5753,7233
957,subcell,HQ,std_ctrl__tvn_efaar_e0.2_c96,0.3005004279879691,0.014326120585389504,0.0043050053673168,370,61,1480,5721,7201
958,subcell,HQ,std_ctrl__tvn_efaar_e0.2_c96,0.25875197004659234,0.02360293550026972,0.006107306059577442,370,79,1480,5721,7201
959,subcell,HQ,std_ctrl__tvn_efaar_e0.2_c96,0.32889125717443496,0.025517367299376276,0.00839243901087368,370,62,1480,5881,7361
960,subcell,HQ,std_ctrl__tvn_efaar_e0.2_c96,0.30162949104745146,0.01760721243412038,0.005310854525268089,370,69,1480,5689,7169
961,subcell,HQ,std_ctrl__tvn_efaar_e0.2_c96,0.2939523756686766,0.1004980373650716,0.029541636833502225,370,64,1480,5657,7137
962,subcell,HQ,std_ctrl__tvn_efaar_e0.2_c96,0.3009531945983152,0.003891732539472998,0.0011712293402766126,370,82,1480,5785,7265
963,subcell,HQ,std_ctrl__tvn_efaar_e0.2_c96,0.27041449815247254,0.0034080074999666156,0.000921574637803335,370,82,1480,5689,7169
964,subcell,HQ,std_ctrl__tvn_efaar_e0.2_c96,0.2889200685639047,0.020184757879817907,0.005831781630582805,370,103,1480,5785,7265
965,subcell,HQ,std_ctrl__tvn_efaar_e0.2_c96,0.276422141154618,0.018736214456829596,0.005179104517288945,370,53,1480,5625,7105
966,subcell,HQ,std_ctrl__tvn_efaar_e0.2_c96,0.27811636181578353,-0.008238499540296736,-0.0022912615189683333,370,67,1480,5561,7041
967,subcell,HQ,std_ctrl__tvn_efaar_e0.2_c96,0.32900377311787826,0.004840961502875589,0.0015926945999644633,370,61,1480,5849,7329
968,subcell,HQ,std_ctrl__tvn_efaar_e0.2_c96,0.3303859070283873,0.006237085530181272,0.0020606451601025695,370,109,1480,5817,7297
969,subcell,HQ,std_ctrl__tvn_efaar_e0.2_c96,0.2923042902873669,0.036439498190673485,0.010651421657052603,370,88,1480,5657,7137
970,subcell,HQ,std_ctrl__tvn_efaar_e0.2_c96,0.2676035775273888,-0.00031053019389834345,-8.309899081747042e-05,370,61,1480,5593,7073
971,subcell,HQ,std_ctrl__tvn_efaar_e0.2_c96,0.2861510584034913,-0.047539340403409736,-0.013603432572239553,370,66,1480,5753,7233
972,subcell,HQ,std_ctrl__tvn_efaar_e0.2_c96,0.2892392118368978,-0.04220395542387107,-0.012207038803200038,370,46,1480,5817,7297
973,subcell,HQ,std_ctrl__tvn_efaar_e0.2_c96,0.3154682229544571,0.0045413755955498614,0.001432659688896854,370,58,1480,5657,7137
974,subcell,HQ,std_ctrl__tvn_efaar_e0.2_c96,0.28577745701297985,0.025331857940266933,0.0072392739435835456,370,83,1480,5753,7233
975,subcell,HQ,std_ctrl__tvn_efaar_e0.2_c96,0.29075988650497386,0.037202907711444105,0.010817113223834504,370,71,1480,5529,7009
976,subcell,HQ,std_ctrl__tvn_efaar_e0.2_c96,0.28636099487516414,0.15164356850592509,0.043424803143776815,370,90,1480,5785,7265
977,subcell,HQ,std_ctrl__tvn_efaar_e0.2_c96,0.2797830106269028,-0.003616707464595396,-0.0010118933030012923,370,84,1480,5753,7233
978,subcell,HQ,std_ctrl__tvn_efaar_e0.2_c96,0.3121880986828981,-0.0288018604998372,-0.00899159806797424,370,66,1480,5593,7073
979,subcell,HQ,std_ctrl__tvn_efaar_e0.2_c96,0.27780354610373914,-0.0012201191516173343,-0.00033895342698838125,370,96,1480,5753,7233
980,subcell,HQ,std_ctrl__tvn_efaar_e0.2_c96,0.2846736494448434,-0.015752607584771962,-0.004484352289429555,370,73,1480,5529,7009
981,subcell,HQ,std_ctrl__tvn_efaar_e0.2_c96,0.28367137874743653,-0.009917018870200228,-0.0028131744159740437,370,50,1480,5817,7297
982,subcell,HQ,std_ctrl__tvn_efaar_e0.2_c96,0.28984855797772296,0.127085170674384,0.036835453460323006,370,63,1480,5465,6945
983,subcell,HQ,std_ctrl__tvn_efaar_e0.2_c96,0.32589339322304,0.035576659177447595,0.011594198178878004,370,73,1480,5753,7233
984,subcell,HQ,std_ctrl__tvn_efaar_e0.2_c96,0.3231808350199336,-0.0006311432531576475,-0.00020397340357268588,370,90,1480,5753,7233
985,subcell,HQ,std_ctrl__tvn_efaar_e0.2_c96,0.27645745530262567,0.10071130296885132,0.027842390538980407,370,89,1480,5689,7169
986,subcell,HQ,std_ctrl__tvn_efaar_e0.2_c96,0.3194119393344391,0.03866578860131349,0.012350314523040992,370,92,1480,5721,7201
987,subcell,HQ,std_ctrl__tvn_efaar_e0.2_c96,0.2755010729925851,0.11526141880705973,0.03175464455599268,370,63,1480,5721,7201
988,subcell,HQ,std_ctrl__tvn_efaar_e0.2_c96,0.28794031548869514,0.003696081762546958,0.0010642509487797833,370,56,1480,5785,7265
989,subcell,HQ,std_ctrl__tvn_efaar_e0.2_c96,0.35295631103706915,0.10203491086758813,0.03601386573682006,370,107,1480,5689,7169
990,subcell,HQ,std_ctrl__tvn_efaar_e0.2_c96,0.2864978377599791,0.0942072076974094,0.026990161306713053,370,81,1480,5785,7265
991,subcell,HQ,std_ctrl__tvn_efaar_e0.2_c96,0.33010613906027564,0.050923606924598346,0.016810195268902275,370,60,1480,5593,7073
992,subcell,HQ,std_ctrl__tvn_efaar_e0.2_c96,0.29901057409989645,0.07686665231636179,0.022983941838252475,370,72,1480,5721,7201
993,subcell,HQ,std_ctrl__tvn_efaar_e0.2_c96,0.29329106323260073,0.008993526778889673,0.0026377210311914192,370,91,1480,5593,7073
994,subcell,HQ,std_ctrl__tvn_efaar_e0.2_c96,0.28354591317837685,0.04555335176453061,0.012916466724409657,370,66,1480,5401,6881
995,subcell,HQ,std_ctrl__tvn_efaar_e0.2_c96,0.29472576631480885,0.035807080084016646,0.010553269117257536,370,63,1480,5689,7169
996,subcell,HQ,std_ctrl__tvn_efaar_e0.2_c96,0.28922781346556087,0.0036072125476027846,0.0010433061978486887,370,50,1480,5721,7201
997,subcell,HQ,std_ctrl__tvn_efaar_e0.2_c96,0.3119170056229717,-0.0038506527216821684,-0.0012010840666410482,370,88,1480,5849,7329
998,subcell,HQ,std_ctrl__tvn_efaar_e0.2_c96,0.30466857079465676,-0.01881517320692004,-0.005732391930206248,370,69,1480,5913,7393
999,subcell,HQ,std_ctrl__tvn_efaar_e0.2_c96,0.3102412237684958,-0.025855371186961382,-0.008021401998031604,370,61,1480,5753,7233
1000,subcell,HQ,std_ctrl__tvn_efaar_e0.2_c96,0.31601558254989504,0.04030231244412505,0.012736158745138062,370,74,1480,5433,6913
1001,subcell,HQ,std_ctrl__tvn_efaar_e0.2_c96,0.294088793447482,0.007257708386777069,0.002134410702660939,370,50,1480,5817,7297
1002,subcell,HQ,std_ctrl__tvn_efaar_e0.2_c96,0.3043361239545472,-0.02092482187298724,-0.006368179183264265,370,64,1480,5561,7041
1003,subcell,HQ,std_ctrl__tvn_efaar_e0.2_c96,0.29201371055239117,0.07076422151931944,0.020664122900207835,370,107,1480,5753,7233
1004,subcell,HQ,std_ctrl__tvn_efaar_e0.2_c96,0.30215620170800955,0.010087849653769252,0.0030481063347843765,370,68,1480,5721,7201
1005,subcell,HQ,std_ctrl__tvn_efaar_e0.2_c96,0.27893912103815177,0.02585790643221281,0.007212781692088213,370,71,1480,5657,7137
1006,subcell,HQ,std_ctrl__tvn_efaar_e0.2_c96,0.25174444122661555,-0.012650519755210546,-0.00318469802700174,370,65,1480,5625,7105
1007,subcell,HQ,std_ctrl__tvn_efaar_e0.2_c96,0.27994013038982585,0.010031686610288474,0.0028082716577140254,370,59,1480,5625,7105
1008,subcell,HQ,std_ctrl__tvn_efaar_e0.2_c96,0.2949249130694972,0.024859663487258984,0.007331734092916809,370,71,1480,5945,7425
1009,subcell,HQ,std_ctrl__tvn_efaar_e0.2_c96,0.31700801615806967,-0.006448817162976853,-0.0020443267354014034,370,65,1480,5849,7329
1010,subcell,HQ,std_ctrl__tvn_efaar_e0.2_c96,0.2859865933719392,0.032144744880500134,0.009192966083184317,370,102,1480,5753,7233
1011,subcell,HQ,std_ctrl__tvn_efaar_e0.2_c96,0.2684449981270696,0.028027693542595843,0.007523894140548222,370,70,1480,5881,7361
1012,subcell,HQ,std_ctrl__tvn_efaar_e0.2_c96,0.30155618174073795,-0.009829748337341548,-0.0029642213760810846,370,56,1480,5849,7329
1013,subcell,HQ,std_ctrl__tvn_efaar_e0.2_c96,0.28442150689893103,0.0014460002907852427,0.0004112735816814312,370,91,1480,5791,7271
1014,subcell,HQ,std_ctrl__tvn_efaar_e0.2_c96,0.2623909178346585,-0.06618332373304275,-0.017365903059661427,370,83,1480,5881,7361
1015,subcell,HQ,std_ctrl__tvn_efaar_e0.2_c96,0.3085393045757238,0.07541407162697984,0.023268205215012185,370,56,1480,5945,7425
1016,subcell,HQ,std_ctrl__tvn_efaar_e0.2_c96,0.2992000633428652,0.031121270118872387,0.009311485990877036,370,77,1480,5625,7105
1017,subcell,HQ,std_ctrl__tvn_efaar_e0.2_c96,0.3068745677984342,-0.004000961605043062,-0.0012277933633257191,370,68,1480,5817,7297
1018,subcell,HQ,std_ctrl__tvn_efaar_e0.2_c96,0.2956820703492381,0.015676984141100532,0.0046354031276727775,370,77,1480,5657,7137
1019,subcell,HQ,std_ctrl__tvn_efaar_e0.2_c96,0.2961303277459576,0.09558501245238826,0.028305621065127174,370,64,1480,5561,7041
1020,subcell,HQ,std_ctrl__tvn_efaar_e0.2_c96,0.27290143592509936,-0.006096677756104356,-0.0016637921140134914,370,71,1480,5753,7233
1021,subcell,HQ,std_ctrl__tvn_efaar_e0.2_c96,0.3071013559135257,0.034534015119285416,0.010605442868270748,370,70,1480,5529,7009
1022,subcell,HQ,std_ctrl__tvn_efaar_e0.2_c96,0.3002011039031493,0.08542004308057735,0.025643191228243892,370,53,1480,5561,7041
1023,subcell,HQ,std_ctrl__tvn_efaar_e0.2_c96,0.3234069766066288,0.05090387195067445,0.0164626673251386,370,80,1480,5593,7073
1024,subcell,HQ,std_ctrl__tvn_efaar_e0.2_c96,0.26024631690259825,0.003846284773872972,0.0010009814461589839,370,85,1480,5529,7009
1025,subcell,HQ,std_ctrl__tvn_efaar_e0.2_c96,0.2921892581920831,0.11781467886106448,0.03442418362055292,370,80,1480,5593,7073
1026,subcell,HQ,std_ctrl__tvn_efaar_e0.2_c96,0.29357047641315603,-0.002883018967313756,-0.0008463692517424644,370,62,1480,5529,7009
1027,subcell,HQ,std_ctrl__tvn_efaar_e0.2_c96,0.2889326982985973,0.04755582977012886,0.013740434215312094,370,98,1480,5561,7041
1028,subcell,HQ,std_ctrl__tvn_efaar_e0.2_c96,0.29749120802792944,0.027907379163507755,0.00830219994024539,370,83,1480,5817,7297
1029,subcell,HQ,std_ctrl__tvn_efaar_e0.2_c96,0.29821923450594406,-0.019253823715198966,-0.005741860569659028,370,63,1480,5849,7329
1030,subcell,HQ,std_ctrl__tvn_efaar_e0.2_c96,0.2544820037192447,0.0003129034686475829,7.962830167213874e-05,370,51,1480,5593,7073
1031,subcell,HQ,std_ctrl__tvn_efaar_e0.2_c96,0.28552966153018333,-0.030356545969292922,-0.00866769429583766,370,58,1480,5625,7105
1032,subcell,HQ,std_ctrl__tvn_efaar_e0.2_c96,0.28424909402003656,0.031016648142894072,0.00881645413415589,370,85,1480,5465,6945
1033,subcell,HQ,std_ctrl__tvn_efaar_e0.2_c96,0.2959302256391775,-0.029457982775831,-0.008717507489726672,370,71,1480,5401,6881
1034,subcell,HQ,std_ctrl__tvn_efaar_e0.2_c96,0.2805702766708165,0.0822595039800345,0.023079571790482412,370,80,1480,5593,7073
1035,subcell,HQ,std_ctrl__tvn_efaar_e0.2_c96,0.31719658035936527,0.08571343740155425,0.027188009234619528,370,96,1480,5753,7233
1036,subcell,HQ,std_ctrl__tvn_efaar_e0.2_c96,0.30683483322622623,0.06944255637205511,0.021307395203222345,370,65,1480,5465,6945
1037,subcell,HQ,std_ctrl__tvn_efaar_e0.2_c96,0.2710455675881654,-0.009871489967457384,-0.0026756236011703668,370,42,1480,5753,7233
1038,subcell,HQ,std_ctrl__tvn_efaar_e0.2_c96,0.299700885815713,0.015538658877210919,0.004656949829888305,370,91,1480,5625,7105
1039,subcell,HQ,std_ctrl__tvn_efaar_e0.2_c96,0.27827964356532836,0.03996873913928158,0.011122486481434869,370,61,1480,5753,7233
1040,subcell,HQ,std_ctrl__tvn_efaar_e0.2_c96,0.29379082052137817,0.051649752590483086,0.015174223193284203,370,59,1480,5625,7105
1041,subcell,HQ,std_ctrl__tvn_efaar_e0.2_c96,0.26075692966646574,-0.0005230547680158075,-0.00013639015535520747,370,71,1480,5753,7233
1042,subcell,HQ,std_ctrl__tvn_efaar_e0.2_c96,0.27671956891207933,0.042491352646645,0.011758188786870745,370,84,1480,5561,7041
1043,subcell,HQ,std_ctrl__tvn_efaar_e0.2_c96,0.288431489792019,0.05286625085622217,0.015248291494178761,370,63,1480,5657,7137
1044,subcell,HQ,std_ctrl__tvn_efaar_e0.2_c96,0.3084181936073606,0.07172189284007228,0.022120336631835786,370,93,1480,5753,7233
1045,subcell,HQ,std_ctrl__tvn_efaar_e0.2_c96,0.2857350613988479,0.007193306327452943,0.002055379825135488,370,81,1480,5305,6785
1046,subcell,HQ,std_ctrl__tvn_efaar_e0.2_c96,0.2932491970973723,0.0870326731577334,0.025522261524743343,370,81,1480,5497,6977
1047,subcell,HQ,std_ctrl__tvn_efaar_e0.2_c96,0.27113993737120184,0.027066500661694175,0.007338809294269352,370,68,1480,5657,7137
1048,subcell,HQ,std_ctrl__tvn_efaar_e0.2_c96,0.3483307545276872,-0.005736460910065571,-0.0019981857571217234,370,65,1480,5849,7329
1049,subcell,HQ,std_ctrl__tvn_efaar_e0.2_c96,0.2906412318911547,-0.02612275582795118,-0.007592349934227572,370,60,1480,5593,7073
1050,subcell,HQ,std_ctrl__tvn_efaar_e0.2_c96,0.33194577732486347,0.017108740308235344,0.005679174100666405,370,52,1480,5817,7297
1051,subcell,HQ,std_ctrl__tvn_efaar_e0.2_c96,0.2920141389561155,0.059273804511916224,0.01730878898720033,370,65,1480,5529,7009
1052,subcell,HQ,std_ctrl__tvn_efaar_e0.2_c96,0.2789767204895592,-0.0028573623291521235,-0.0007971375718372678,370,85,1480,5689,7169
1053,subcell,HQ,std_ctrl__tvn_efaar_e0.2_c96,0.2801110875274265,0.023773294772279283,0.006659163452773234,370,69,1480,5593,7073
1054,subcell,HQ,std_ctrl__tvn_efaar_e0.2_c96,0.29558148545423796,0.028200269237356496,0.008335477471387282,370,127,1480,5657,7137
1055,subcell,HQ,std_ctrl__tvn_efaar_e0.2_c96,0.3039892396270507,0.018151588612790155,0.005517887620425111,370,59,1480,5465,6945
1056,subcell,HQ,std_ctrl__tvn_efaar_e0.2_c96,0.29122760314575497,-0.015543841687835134,-0.004526795758425292,370,66,1480,5689,7169
1057,subcell,HQ,std_ctrl__tvn_efaar_e0.2_c96,0.30061660631764847,0.004374080351015773,0.0013149211908830701,370,53,1480,5753,7233
1058,subcell,HQ,std_ctrl__tvn_efaar_e0.2_c96,0.2569985790614126,0.025437264905213,0.006537340935848479,370,72,1480,5753,7233
1059,subcell,HQ,std_ctrl__tvn_efaar_e0.2_c96,0.3072319755330216,0.04986794682189473,0.015321027817866385,370,70,1480,5689,7169
1060,subcell,HQ,std_ctrl__tvn_efaar_e0.2_c96,0.2755114531464305,0.02765840737769702,0.00762020800834526,370,87,1480,5849,7329
1061,subcell,HQ,std_ctrl__tvn_efaar_e0.2_c96,0.2751867935405599,0.03683273658429899,0.010135882677957314,370,70,1480,5945,7425
1062,subcell,HQ,std_ctrl__tvn_efaar_e0.2_c96,0.28615495065967134,0.00819172368772487,0.002344102287678571,370,61,1480,5433,6913
1063,subcell,HQ,std_ctrl__tvn_efaar_e0.2_c96,0.28033259547073663,0.05412957863968163,0.015174285271799298,370,75,1480,5561,7041
1064,subcell,HQ,std_ctrl__tvn_efaar_e0.2_c96,0.30305795375812455,0.059820708872340436,0.01812914162321198,370,63,1480,5657,7137
1065,subcell,HQ,std_ctrl__tvn_efaar_e0.2_c96,0.30987693673132544,0.002431876101756618,0.0007535823169224578,370,87,1480,5657,7137
1066,subcell,HQ,std_ctrl__tvn_efaar_e0.2_c96,0.2925479854706562,0.029407602038212088,0.008603134733801709,370,48,1480,5785,7265
1067,subcell,HQ,std_ctrl__tvn_efaar_e0.2_c96,0.2950953398397718,-0.01042321919725246,-0.0030758434112376485,370,75,1480,5535,7015
1068,subcell,HQ,std_ctrl__tvn_efaar_e0.2_c96,0.2943039347055398,-0.01978239417203379,-0.005822036442725483,370,53,1480,5401,6881
1069,subcell,HQ,std_ctrl__tvn_efaar_e0.2_c96,0.2885247638814483,0.007541004762111469,0.002175766618417089,370,57,1480,5689,7169
1070,subcell,HQ,std_ctrl__tvn_efaar_e0.2_c96,0.3321655007362275,0.020352675291216517,0.00676045657942878,370,102,1480,5689,7169
1071,subcell,HQ,std_ctrl__tvn_efaar_e0.2_c96,0.2774822550782332,0.0008507105178373636,0.00023605707290828316,370,94,1480,5593,7073
1072,subcell,HQ,std_ctrl__tvn_efaar_e0.2_c96,0.25886967411145945,0.03193535037663303,0.008267093744634267,370,67,1480,5561,7041
1073,subcell,HQ,std_ctrl__tvn_efaar_e0.2_c96,0.2964971700125826,0.060330749583575004,0.017887896516267782,370,84,1480,5849,7329
1074,subcell,HQ,std_ctrl__tvn_efaar_e0.2_c96,0.27735325370969455,0.06101495350943293,0.01692269588078697,370,74,1480,5785,7265
1075,subcell,HQ,std_ctrl__tvn_efaar_e0.2_c96,0.3198071840945845,0.07797599683233351,0.02493728397391682,370,64,1480,5561,7041
1076,subcell,HQ,std_ctrl__tvn_efaar_e0.2_c96,0.2866832711325998,0.015829132746190286,0.004537947554869984,370,74,1480,5913,7393
1077,subcell,HQ,std_ctrl__tvn_efaar_e0.2_c96,0.3038008781778101,-0.02082866008279825,-0.006327765224421207,370,60,1480,5689,7169
1078,subcell,HQ,std_ctrl__tvn_efaar_e0.2_c96,0.2864022154306367,0.1425790945249176,0.04083496854603057,370,55,1480,5689,7169
1079,subcell,HQ,std_ctrl__tvn_efaar_e0.2_c96,0.2794285918269278,0.011900038939656703,0.0033252111235938797,370,91,1480,5657,7137
1080,subcell,HQ,std_ctrl__tvn_efaar_e0.2_c96,0.2594530693198365,-0.017483549828816673,-0.004536160665692788,370,88,1480,5785,7265
1081,subcell,HQ,std_ctrl__tvn_efaar_e0.2_c96,0.2992065609160488,0.006498480603174201,0.001944388032455403,370,92,1480,5657,7137
1082,subcell,HQ,std_ctrl__tvn_efaar_e0.2_c96,0.2771764357252127,-0.008754535362175712,-0.0024265509081181982,370,54,1480,5721,7201
1083,subcell,HQ,std_ctrl__tvn_efaar_e0.2_c96,0.26346850330467203,-0.009577021891210616,-0.0025232436237933404,370,70,1480,5817,7297
1084,subcell,HQ,std_ctrl__tvn_efaar_e0.2_c96,0.279260352874448,-0.016571081243717152,-0.0046276459956315985,370,59,1480,5721,7201
1085,subcell,HQ,std_ctrl__tvn_efaar_e0.2_c96,0.33379944003975737,-0.0015713530866538553,-0.0005245167804298012,370,80,1480,5817,7297
1086,subcell,HQ,std_ctrl__tvn_efaar_e0.2_c96,0.305806648143583,0.058931996782683446,0.01802179640452084,370,81,1480,5561,7041
1087,subcell,HQ,std_ctrl__tvn_efaar_e0.2_c96,0.2779455503142548,-0.012591647609078853,-0.003499792424068592,370,96,1480,5849,7329
1088,subcell,HQ,std_ctrl__tvn_efaar_e0.2_c96,0.2828791834644599,0.04758153350014505,0.013459825344507877,370,86,1480,5497,6977
1089,subcell,HQ,std_ctrl__tvn_efaar_e0.2_c96,0.3021424822981249,0.07249218372586591,0.021902968338144858,370,44,1480,5753,7233
1090,subcell,HQ,std_ctrl__tvn_efaar_e0.2_c96,0.26575745999423916,0.04291260909548968,0.011404345994943024,370,73,1480,5785,7265
1091,subcell,HQ,std_ctrl__tvn_efaar_e0.2_c96,0.30970983366007554,0.06208142258579787,0.019227227062428316,370,73,1480,5753,7233
1092,subcell,HQ,std_ctrl__tvn_efaar_e0.2_c96,0.3267896514343087,0.052619316218753195,0.017195448005838023,370,57,1480,5657,7137
1093,subcell,HQ,std_ctrl__tvn_efaar_e0.2_c96,0.2899666908051433,0.038690811414448155,0.011219046550413397,370,80,1480,5689,7169
1094,subcell,HQ,std_ctrl__tvn_efaar_e0.2_c96,0.2894171509211704,0.02520027094268784,0.007293390618674271,370,79,1480,5625,7105
1095,subcell,HQ,std_ctrl__tvn_efaar_e0.2_c96,0.2530289578899465,-0.029385106390282682,-0.0074352828474184346,370,49,1480,5753,7233
1096,subcell,HQ,std_ctrl__tvn_efaar_e0.2_c96,0.285492114815679,-0.018805839387034607,-0.005368918857488502,370,84,1480,5593,7073
1097,subcell,HQ,std_ctrl__tvn_efaar_e0.2_c96,0.28518462596458394,0.06024281986812826,0.017180326051143963,370,87,1480,5657,7137
1098,subcell,HQ,std_ctrl__tvn_efaar_e0.2_c96,0.2679993091222363,0.08147266621971565,0.021834618259230353,370,86,1480,5753,7233
1099,subcell,HQ,std_ctrl__tvn_efaar_e0.2_c96,0.28131566189996865,0.02243024589453115,0.0063099794703990846,370,82,1480,5721,7201
1100,subcell,HQ,std_ctrl__tvn_efaar_e0.2_c96,0.2688631655187645,-0.008032521295656783,-0.0021596491026471703,370,76,1480,5817,7297
1101,subcell,HQ,std_ctrl__tvn_efaar_e0.2_c96,0.30482383555865455,0.048007383518603196,0.014633794779275964,370,77,1480,5593,7073
1102,subcell,HQ,std_ctrl__tvn_efaar_e0.2_c96,0.29412469448441914,0.026127341075031115,0.007684696211383742,370,56,1480,5753,7233
1103,subcell,HQ,std_ctrl__tvn_efaar_e0.2_c96,0.2982251969007777,0.034948748998860614,0.010422597551621064,370,57,1480,5977,7457
1104,subcell,HQ,std_ctrl__tvn_efaar_e0.2_c96,0.3052224300566252,-0.016528555347574886,-0.005044885828512234,370,89,1480,5689,7169
1105,subcell,HQ,std_ctrl__tvn_efaar_e0.2_c96,0.26480501744963086,0.04919122285045197,0.013026082625282615,370,65,1480,5721,7201
1106,subcell,HQ,std_ctrl__tvn_efaar_e0.2_c96,0.32298104510353354,0.020361851712148948,0.006576492146233041,370,79,1480,5593,7073
1107,subcell,HQ,std_ctrl__tvn_efaar_e0.2_c96,0.31347062277944593,0.004125678836035939,0.0012932791141201654,370,77,1480,5497,6977
1108,subcell,HQ,std_ctrl__tvn_efaar_e0.2_c96,0.29509456589659994,0.015057347251592147,0.004443341350762946,370,77,1480,5753,7233
1109,subcell,HQ,std_ctrl__tvn_efaar_e0.2_c96,0.27264113910623716,0.03443084485347314,0.00938726476124104,370,67,1480,5689,7169
1110,subcell,HQ,std_ctrl__tvn_efaar_e0.2_c96,0.2731543794100546,0.009130963217137019,0.002494162590993098,370,74,1480,5817,7297
1111,subcell,HQ,std_ctrl__tvn_efaar_e0.2_c96,0.2817320095587886,0.007444118235506383,0.0020972463898824368,370,76,1480,5785,7265
1112,subcell,HQ,std_ctrl__tvn_efaar_e0.2_c96,0.3098118860632864,-0.007611852703400373,-0.002358242442476395,370,90,1480,5817,7297
1113,subcell,HQ,std_ctrl__tvn_efaar_e0.2_c96,0.26129334107286334,0.020963439920631856,0.005477607257242139,370,64,1480,5689,7169
1114,subcell,HQ,std_ctrl__tvn_efaar_e0.2_c96,0.2875749983854937,0.002847122694680828,0.0008187613043261416,370,70,1480,5657,7137
1115,subcell,HQ,std_ctrl__tvn_efaar_e0.2_c96,0.3122085723522637,0.047407328990976834,0.014800974503306958,370,86,1480,5529,7009
1116,subcell,HQ,std_ctrl__tvn_efaar_e0.2_c96,0.2812777352601212,0.01481612132302704,0.004167445051080236,370,89,1480,5657,7137
1117,subcell,HQ,std_ctrl__tvn_efaar_e0.2_c96,0.29002397737484753,-0.025251158709097787,-0.00732344148213606,370,75,1480,5753,7233
1118,subcell,HQ,std_ctrl__tvn_efaar_e0.2_c96,0.28535338892143114,0.022390139608967463,0.006389102215842833,370,82,1480,5657,7137
1119,subcell,HQ,std_ctrl__tvn_efaar_e0.2_c96,0.2928355545725039,-0.013253721449041146,-0.0038811608706794537,370,60,1480,5785,7265
1120,subcell,HQ,std_ctrl__tvn_efaar_e0.2_c96,0.309210912700747,0.015042188817659096,0.00465120893332534,370,65,1480,5657,7137
1121,subcell,HQ,std_ctrl__tvn_efaar_e0.2_c96,0.2984395430169616,0.04577726906719858,0.013661747260979235,370,83,1480,5753,7233
1122,subcell,HQ,std_ctrl__tvn_efaar_e0.2_c96,0.28489193140282426,0.0008546415671621878,0.00024348048672597224,370,66,1480,5625,7105
1123,subcell,HQ,std_ctrl__tvn_efaar_e0.2_c96,0.3075953245630951,0.008266917335358908,0.002542865120906,370,102,1480,5273,6753
1124,subcell,HQ,std_ctrl__tvn_efaar_e0.2_c96,0.2962874612070883,0.025220047516800924,0.007472383850275078,370,81,1480,5913,7393
1125,subcell,HQ,std_ctrl__tvn_efaar_e0.2_c96,0.29655998229034386,0.03956330816338534,0.011732893968280972,370,64,1480,5657,7137
1126,subcell,HQ,std_ctrl__tvn_efaar_e0.2_c96,0.27758774886900556,-0.010019734551260087,-0.002781355558349283,370,104,1480,5817,7297
1127,subcell,HQ,std_ctrl__tvn_efaar_e0.2_c96,0.2764712223183881,0.0018843899788332846,0.0005209796007725597,370,93,1480,5593,7073
1128,subcell,HQ,std_ctrl__tvn_efaar_e0.2_c96,0.29234385726873685,0.014235130146062138,0.004161552855622283,370,81,1480,5593,7073
1129,subcell,HQ,std_ctrl__tvn_efaar_e0.2_c96,0.2898320083289128,0.0621003194880588,0.017998660315091206,370,64,1480,5721,7201
1130,subcell,HQ,std_ctrl__tvn_efaar_e0.2_c96,0.28581752910496716,0.017245369878065714,0.004929029007049971,370,85,1480,5625,7105
1131,subcell,HQ,std_ctrl__tvn_efaar_e0.2_c96,0.29520137855553213,0.05208728332431494,0.015376237842550352,370,57,1480,5689,7169
1132,subcell,HQ,std_ctrl__tvn_efaar_e0.2_c96,0.300428014823042,0.03656285730405376,0.010984506636115032,370,84,1480,5817,7297
1133,subcell,HQ,std_ctrl__tvn_efaar_e0.2_c96,0.29242927555001513,0.023422509169332237,0.006849427387951413,370,54,1480,5881,7361
1134,subcell,HQ,std_ctrl__tvn_efaar_e0.2_c96,0.28019278427900474,0.02314410491844421,0.006484811196744292,370,54,1480,5721,7201
1135,subcell,HQ,std_ctrl__tvn_efaar_e0.2_c96,0.2652243988454892,0.10585314296536963,0.028074836208895785,370,59,1480,5657,7137
1136,subcell,HQ,std_ctrl__tvn_efaar_e0.2_c96,0.28215950795636857,0.007184977198760465,0.00202730963107998,370,71,1480,5593,7073
1137,subcell,HQ,std_ctrl__tvn_efaar_e0.2_c96,0.25995867917243554,0.051064781663553535,0.013274733193486182,370,91,1480,5689,7169
1138,subcell,HQ,std_ctrl__tvn_efaar_e0.2_c96,0.2695879874082426,0.014179130139208818,0.00382252315742886,370,70,1480,5593,7073
1139,subcell,HQ,std_ctrl__tvn_efaar_e0.2_c96,0.2812019281884633,0.03787081198538142,0.01064934535235202,370,74,1480,5785,7265
1140,subcell,HQ,std_ctrl__tvn_efaar_e0.2_c96,0.2817793450584398,0.051031733733984536,0.014379688508758853,370,54,1480,5785,7265
1141,subcell,HQ,std_ctrl__tvn_efaar_e0.2_c96,0.22963007414203226,-0.04019482498578441,-0.009229940641611685,370,85,1480,5817,7297
1142,subcell,HQ,std_ctrl__tvn_efaar_e0.2_c96,0.343487871859501,-0.005673695278111837,-0.0019488455166579346,370,69,1480,5561,7041
1143,subcell,HQ,std_ctrl__tvn_efaar_e0.2_c96,0.2805089387846744,0.022880153179914244,0.006418087487728538,370,60,1480,5689,7169
1144,subcell,HQ,std_ctrl__tvn_efaar_e0.2_c96,0.3074204953828266,-0.013561009585790679,-0.0041689322847550305,370,61,1480,5631,7111
1145,subcell,HQ,std_ctrl__tvn_efaar_e0.2_c96,0.29680090278014126,0.009009140225503597,0.002673920952202353,370,91,1480,5785,7265
1146,subcell,HQ,std_ctrl__tvn_efaar_e0.2_c96,0.29318365890139014,0.03355715135451996,0.009838408416425902,370,77,1480,5625,7105
1147,subcell,HQ,std_ctrl__tvn_efaar_e0.2_c96,0.2688034447752434,0.007263821102103262,0.0019525401344764619,370,46,1480,5849,7329
1148,subcell,HQ,std_ctrl__tvn_efaar_e0.2_c96,0.26328706427219534,-0.006243999853447421,-0.0016439643907301895,370,75,1480,5529,7009
1149,subcell,HQ,std_ctrl__tvn_efaar_e0.2_c96,0.31279776049363106,-0.014136951428909925,-0.004422006747170262,370,69,1480,5625,7105
1150,subcell,HQ,std_ctrl__tvn_efaar_e0.2_c96,0.3189860409252561,0.04907775456021851,0.015655118624665537,370,53,1480,5785,7265
1151,subcell,HQ,std_ctrl__tvn_efaar_e0.2_c96,0.30582392391248636,0.023928056990468755,0.007317772280426754,370,87,1480,5657,7137
1152,subcell,HQ,std_ctrl__tvn_efaar_e0.2_c96,0.3148957856256854,0.032432176837595375,0.010212755804825752,370,80,1480,5849,7329
1153,subcell,HQ,std_ctrl__tvn_efaar_e0.2_c96,0.3021205069367859,0.06147189813316823,0.018571921026359246,370,75,1480,5497,6977
1154,subcell,HQ,std_ctrl__tvn_efaar_e0.2_c96,0.2798142635981522,-0.02470775942992867,-0.006913583510045791,370,71,1480,5401,6881
1155,subcell,HQ,std_ctrl__tvn_efaar_e0.2_c96,0.2823338529964562,-0.00017165096619501584,-4.8462878656403276e-05,370,70,1480,5881,7361
1156,subcell,HQ,std_ctrl__tvn_efaar_e0.2_c96,0.26710821460111656,0.00671899132024957,0.0017946977754722615,370,93,1480,5753,7233
1157,subcell,HQ,std_ctrl__tvn_efaar_e0.2_c96,0.33487904512254774,-0.011969977452303483,-0.004008494619365817,370,55,1480,5785,7265
1158,subcell,HQ,std_ctrl__tvn_efaar_e0.2_c96,0.2982898383451211,-0.0019589374196650744,-0.0005843311262401038,370,67,1480,5657,7137
1159,subcell,HQ,std_ctrl__tvn_efaar_e0.2_c96,0.2639068584944609,0.0034953077855045733,0.0009224356971437429,370,78,1480,5791,7271
1160,subcell,HQ,std_ctrl__tvn_efaar_e0.2_c96,0.2936347039046616,-0.01213961050770776,-0.0035646109369486868,370,34,1480,5689,7169
1161,subcell,HQ,std_ctrl__tvn_efaar_e0.2_c96,0.28053345118628237,0.03368190913034652,0.009448902210878865,370,65,1480,5817,7297
1162,subcell,HQ,std_ctrl__tvn_efaar_e0.2_c96,0.2985074389382706,0.005751046173998563,0.0017167300646160507,370,71,1480,5753,7233
1163,subcell,HQ,std_ctrl__tvn_efaar_e0.2_c96,0.3271804862711164,0.011825096752024093,0.003868940905530242,370,68,1480,5593,7073
1164,subcell,HQ,std_ctrl__tvn_efaar_e0.2_c96,0.2904817318007069,-0.007945271665111005,-0.0023079562729085307,370,83,1480,5753,7233
1165,subcell,HQ,std_ctrl__tvn_efaar_e0.2_c96,0.27585598602779127,0.047481982901431526,0.013098189211829118,370,81,1480,5721,7201
1166,subcell,HQ,std_ctrl__tvn_efaar_e0.2_c96,0.29163595812593135,0.0003743784057810907,0.0001091822050716271,370,87,1480,5625,7105
1167,subcell,HQ,std_ctrl__tvn_efaar_e0.2_c96,0.294554210426093,-0.012198298945906141,-0.0035930603145528255,370,64,1480,5721,7201
1168,subcell,HQ,std_ctrl__tvn_efaar_e0.2_c96,0.30203348788594264,0.06700093979575535,0.020236527538148044,370,63,1480,5913,7393
1169,subcell,HQ,std_ctrl__tvn_efaar_e0.2_c96,0.29130430029455046,-0.019772092700855864,-0.0057596956295818055,370,62,1480,5529,7009
1170,subcell,HQ,std_ctrl__tvn_efaar_e0.2_c96,0.32854518401655314,0.017713875564479384,0.0058198085069782034,370,97,1480,5468,6948
1171,subcell,HQ,std_ctrl__tvn_efaar_e0.2_c96,0.28674695538746486,0.026214592401647096,0.007516954557895675,370,102,1480,5817,7297
1172,subcell,HQ,std_ctrl__tvn_efaar_e0.2_c96,0.27858385724925216,-0.0022987369469505735,-0.0006403910054828603,370,81,1480,5881,7361
1173,subcell,HQ,std_ctrl__tvn_efaar_e0.2_c96,0.2916718968131205,0.0008743455600739967,0.0002550220279769128,370,89,1480,5657,7137
1174,subcell,HQ,std_ctrl__tvn_efaar_e0.2_c96,0.30449479577395433,-0.0019884349876061512,-0.0006054681054609204,370,87,1480,5913,7393
1175,subcell,HQ,std_ctrl__tvn_efaar_e0.2_c96,0.3057214490919368,0.02131932679722147,0.006517775482111108,370,77,1480,5785,7265
1176,subcell,HQ,std_ctrl__tvn_efaar_e0.2_c96,0.2517108691594509,0.025230792092103604,0.0063508646070847986,370,78,1480,5497,6977
1177,subcell,HQ,std_ctrl__tvn_efaar_e0.2_c96,0.3097996599592894,0.02249525646910395,0.006969022804825408,370,62,1480,5753,7233
1178,subcell,HQ,std_ctrl__tvn_efaar_e0.2_c96,0.2881165938377615,0.03408920267636873,0.009821664961760462,370,63,1480,5593,7073
1179,subcell,HQ,std_ctrl__tvn_efaar_e0.2_c96,0.31350649016934545,0.10154091901231077,0.03183373712811931,370,85,1480,5721,7201
1180,subcell,HQ,std_ctrl__tvn_efaar_e0.2_c96,0.30945355539055697,0.03951468979170209,0.012227961246197159,370,87,1480,5721,7201
1181,subcell,HQ,std_ctrl__tvn_efaar_e0.2_c96,0.27744948887298226,0.0038687979067672487,0.001073396001785437,370,70,1480,5401,6881
1182,subcell,HQ,std_ctrl__tvn_efaar_e0.2_c96,0.3349657819660913,0.10066728350507,0.033720095337677974,370,76,1480,5753,7233
1183,subcell,HQ,std_ctrl__tvn_efaar_e0.2_c96,0.26810768456285866,0.0015864209510587151,0.00042533164793036023,370,74,1480,5849,7329
1184,subcell,HQ,std_ctrl__tvn_efaar_e0.2_c96,0.3130996110755962,0.07135912506358699,0.022342514304103916,370,79,1480,5753,7233
1185,subcell,HQ,std_ctrl__tvn_efaar_e0.2_c96,0.2944823065162757,0.004667107032497919,0.001374380443688318,370,59,1480,5881,7361
1186,subcell,HQ,std_ctrl__tvn_efaar_e0.2_c96,0.2772889681958843,-0.006685500894579825,-0.0018538156449307008,370,65,1480,5561,7041
1187,subcell,HQ,std_ctrl__tvn_efaar_e0.2_c96,0.2446916877742431,0.014358095105751069,0.0035133065246493287,370,75,1480,5785,7265
1188,subcell,HQ,std_ctrl__tvn_efaar_e0.2_c96,0.32424251136708493,0.02444273995352809,0.007925375387224534,370,62,1480,5849,7329
1189,subcell,HQ,std_ctrl__tvn_efaar_e0.2_c96,0.3041527963648551,-0.032099660845358986,-0.009763201608479384,370,67,1480,5625,7105
1190,subcell,HQ,std_ctrl__tvn_efaar_e0.2_c96,0.29751448445055007,-0.026864984277425598,-0.00799272194707041,370,63,1480,5657,7137
1191,subcell,HQ,std_ctrl__tvn_efaar_e0.2_c96,0.2845422071988494,0.04726570690248534,0.013449088566847069,370,52,1480,5721,7201
1192,subcell,HQ,std_ctrl__tvn_efaar_e0.2_c96,0.29156994702784156,0.08898861799510718,0.02594640663491423,370,72,1480,5401,6881
1193,subcell,HQ,std_ctrl__tvn_efaar_e0.2_c96,0.3171753982936706,-0.011714221420217797,-0.0037154628446578273,370,67,1480,5689,7169
1194,subcell,HQ,std_ctrl__tvn_efaar_e0.2_c96,0.29350099866161694,0.07115081413304977,0.020882835003637197,370,70,1480,5721,7201
1195,subcell,HQ,std_ctrl__tvn_efaar_e0.2_c96,0.3225276519123759,0.012987550277063727,0.004188844094955291,370,43,1480,5593,7073
1196,subcell,HQ,std_ctrl__tvn_efaar_e0.2_c96,0.27827613475363977,0.04668156056243405,0.012990364237582094,370,75,1480,5721,7201
1197,subcell,HQ,std_ctrl__tvn_efaar_e0.2_c96,0.29985396590607377,-0.018381730753480013,-0.005511834866648624,370,51,1480,5657,7137
1198,subcell,HQ,std_ctrl__tvn_efaar_e0.2_c96,0.2701164553155262,0.014059357034656451,0.003797663686216808,370,72,1480,5593,7073
1199,subcell,HQ,std_ctrl__tvn_efaar_e0.2_c96,0.31490266034664266,-0.021125152668532352,-0.006652366775549815,370,89,1480,5689,7169
1200,subcell,HQ,std_ctrl__tvn_efaar_e0.2_c96,0.2975616066466329,0.003662521157655797,0.0010898256800493447,370,61,1480,5689,7169
1201,subcell,HQ,std_ctrl__tvn_efaar_e0.2_c96,0.30453950339083524,0.07872640432888303,0.02397530007806414,370,61,1480,5625,7105
1202,subcell,HQ,std_ctrl__tvn_efaar_e0.2_c96,0.3127953531812938,0.0002863628939016718,8.957298253599079e-05,370,96,1480,5817,7297
1203,subcell,HQ,std_ctrl__tvn_efaar_e0.2_c96,0.2805985680261528,-0.03571160187180843,-0.010020624347149521,370,41,1480,5625,7105
1204,subcell,HQ,std_ctrl__tvn_efaar_e0.2_c96,0.295885615364533,0.022002599968631867,0.0065102528313382944,370,73,1480,5657,7137
1205,subcell,HQ,std_ctrl__tvn_efaar_e0.2_c96,0.3246839061476227,0.02541992654135898,0.008253441043434062,370,84,1480,5849,7329
1206,subcell,HQ,std_ctrl__tvn_efaar_e0.2_c96,0.3220350047297237,0.0057046098975703265,0.0018370840753452887,370,46,1480,5625,7105
1207,subcell,HQ,std_ctrl__tvn_efaar_e0.2_c96,0.3040785890882782,0.02406095003879946,0.007316419739921692,370,67,1480,5465,6945
1208,subcell,HQ,std_ctrl__tvn_efaar_e0.2_c96,0.2951866033939245,0.048139643925390184,0.014210177978928899,370,86,1480,5625,7105
1209,subcell,HQ,std_ctrl__tvn_efaar_e0.2_c96,0.3162992085498223,0.007913552672726632,0.002503050447200765,370,60,1480,5753,7233
1210,subcell,HQ,std_ctrl__tvn_efaar_e0.2_c96,0.29704117067163444,-0.011413705130305006,-0.0033903403336066388,370,67,1480,5753,7233
1211,subcell,HQ,std_ctrl__tvn_efaar_e0.2_c96,0.2817217770101107,0.08010812922397276,0.022568204517933184,370,61,1480,5625,7105
1212,subcell,HQ,std_ctrl__tvn_efaar_e0.2_c96,0.30388376748198725,0.028895959158834677,0.008781012934192317,370,63,1480,5791,7271
1213,subcell,HQ,std_ctrl__tvn_efaar_e0.2_c96,0.31054549905255757,0.010450247461690387,0.003245277313213364,370,63,1480,5721,7201
1214,subcell,HQ,std_ctrl__tvn_efaar_e0.2_c96,0.26276196441616123,0.17769190855570477,0.04669067495295387,370,64,1480,5817,7297
1215,subcell,HQ,std_ctrl__tvn_efaar_e0.2_c96,0.2929353605178751,0.06536742844291897,0.019148431217052873,370,88,1480,5616,7096
1216,subcell,HQ,std_ctrl__tvn_efaar_e0.2_c96,0.2696874343053398,0.009484281603685998,0.0025577915719274106,370,98,1480,5657,7137
1217,subcell,HQ,std_ctrl__tvn_efaar_e0.2_c96,0.2828798571209945,0.0005816112073057738,0.0001645260952226264,370,88,1480,5721,7201
1218,subcell,HQ,std_ctrl__tvn_efaar_e0.2_c96,0.2867652638390278,0.025909669893184894,0.0074299933229012806,370,61,1480,5753,7233
1219,subcell,HQ,std_ctrl__tvn_efaar_e0.2_c96,0.3155055021686505,0.011724875873999422,0.0036992628504912825,370,68,1480,5849,7329
1220,subcell,HQ,std_ctrl__tvn_efaar_e0.2_c96,0.29889255468816944,0.09836737274358151,0.029401275337292483,370,62,1480,5817,7297
1221,subcell,HQ,std_ctrl__tvn_efaar_e0.2_c96,0.30893350345274706,0.017881503956141756,0.005524195664175029,370,63,1480,5849,7329
1222,subcell,HQ,std_ctrl__tvn_efaar_e0.2_c96,0.2625196779830075,0.008063253127950486,0.0021167626146450396,370,69,1480,5785,7265
1223,subcell,HQ,std_ctrl__tvn_efaar_e0.2_c96,0.30521447685402675,0.01503519677394268,0.004588959717756266,370,77,1480,5561,7041
1224,subcell,HQ,std_ctrl__tvn_efaar_e0.2_c96,0.2962044056532931,0.027272978988839097,0.008078376531783836,370,70,1480,5305,6785
1225,subcell,HQ,std_ctrl__tvn_efaar_e0.2_c96,0.3116700842964964,-0.020121934144055838,-0.006271404910886432,370,111,1480,5817,7297
1226,subcell,HQ,std_ctrl__tvn_efaar_e0.2_c96,0.27664007836499216,0.031676728251533226,0.008763052585850712,370,43,1480,5593,7073
1227,subcell,HQ,std_ctrl__tvn_efaar_e0.2_c96,0.24379606650274283,-0.018484239106801678,-0.004506384786534421,370,65,1480,5661,7141
1228,subcell,HQ,std_ctrl__tvn_efaar_e0.2_c96,0.29835754993581964,-0.025174188421239613,-0.00751090917898373,370,55,1480,5689,7169
1229,subcell,HQ,std_ctrl__tvn_efaar_e0.2_c96,0.34168673992019133,-0.027154125711091794,-0.009278204689606002,370,61,1480,5631,7111
1230,subcell,HQ,std_ctrl__tvn_efaar_e0.2_c96,0.29614925517703977,0.07118909523485971,0.021082597530531055,370,98,1480,5817,7297
1231,subcell,HQ,std_ctrl__tvn_efaar_e0.2_c96,0.2540777092412204,-0.015212811425206372,-0.0038652362780351003,370,61,1480,5561,7041
1232,subcell,HQ,std_ctrl__tvn_efaar_e0.2_c96,0.3100608330324764,0.09221616113871936,0.0285926197417284,370,59,1480,5689,7169
1233,subcell,HQ,std_ctrl__tvn_efaar_e0.2_c96,0.3347038039034357,-0.02010652669794076,-0.0067297309690867585,370,40,1480,5593,7073
1234,subcell,HQ,std_ctrl__tvn_efaar_e0.2_c96,0.2608030840431659,0.010975428536409572,0.0028624256109909866,370,71,1480,5433,6913
1235,subcell,HQ,std_ctrl__tvn_efaar_e0.2_c96,0.27615889022846835,0.08650578633589266,0.023889341952861118,370,73,1480,5753,7233
1236,subcell,HQ,std_ctrl__tvn_efaar_e0.2_c96,0.2964344857813519,0.01735613739867333,0.0051449576649262195,370,56,1480,5561,7041
1237,subcell,HQ,std_ctrl__tvn_efaar_e0.2_c96,0.2736414987469622,-0.006743043440804346,-0.001845176513257574,370,72,1480,5625,7105
1238,subcell,HQ,std_ctrl__tvn_efaar_e0.2_c96,0.27209622868891065,-0.014531299193919175,-0.003953911708615615,370,75,1480,5721,7201
1239,subcell,HQ,std_ctrl__tvn_efaar_e0.2_c96,0.28923667754346266,0.03251522406598755,0.009404595378427479,370,93,1480,5753,7233
1240,subcell,HQ,std_ctrl__tvn_efaar_e0.2_c96,0.2938511583324323,-0.01970865626837191,-0.005791411473636839,370,104,1480,5785,7265
1241,subcell,HQ,std_ctrl__tvn_efaar_e0.2_c96,0.26834998217023726,-0.03638569074729364,-0.009764099463288016,370,50,1480,5401,6881
1242,subcell,HQ,std_ctrl__tvn_efaar_e0.2_c96,0.2795040017388057,0.07351888557637569,0.020548822721974367,370,69,1480,5657,7137
1243,subcell,HQ,std_ctrl__tvn_efaar_e0.2_c96,0.31607712869818033,0.08630721853305307,0.027279737819853787,370,66,1480,5785,7265
1244,subcell,HQ,std_ctrl__tvn_efaar_e0.2_c96,0.30489657431750145,-0.001240313486364167,-0.0003781673330722316,370,68,1480,5721,7201
1245,subcell,HQ,std_ctrl__tvn_efaar_e0.2_c96,0.295597106009898,-0.028600313600197005,-0.008454169931193762,370,75,1480,5593,7073
1246,subcell,HQ,std_ctrl__tvn_efaar_e0.2_c96,0.3157911507783597,0.01669254044008426,0.005271356554988515,370,61,1480,5561,7041
1247,subcell,HQ,std_ctrl__tvn_efaar_e0.2_c96,0.28252831523926575,0.06690313586005892,0.01890203025876615,370,48,1480,5785,7265
1248,subcell,HQ,std_ctrl__tvn_efaar_e0.2_c96,0.3019754018475358,-0.005645790406643402,-0.0017048898267931038,370,71,1480,5785,7265
1249,subcell,HQ,std_ctrl__tvn_efaar_e0.2_c96,0.2979844938760996,-0.003022675477454248,-0.0009007104223009017,370,61,1480,5657,7137
1250,subcell,HQ,std_ctrl__tvn_efaar_e0.2_c96,0.31110484180044495,0.05529855193626823,0.017203647251926416,370,67,1480,5561,7041
1251,subcell,HQ,std_ctrl__tvn_efaar_e0.2_c96,0.28490643772823443,-0.020215381620680945,-0.00575949236486503,370,56,1480,5561,7041
1252,subcell,HQ,std_ctrl__tvn_efaar_e0.2_c96,0.28724539184179837,-0.05291676701499725,-0.015200097476224037,370,62,1480,5753,7233
1253,subcell,HQ,std_ctrl__tvn_efaar_e0.2_c96,0.26305661245945705,0.05717501641563584,0.015040266135611012,370,81,1480,5849,7329
1254,subcell,HQ,std_ctrl__tvn_efaar_e0.2_c96,0.30013726040713967,-0.026025249105495217,-0.007811146967936697,370,77,1480,5689,7169
1255,subcell,HQ,std_ctrl__tvn_efaar_e0.2_c96,0.29265290809302136,-0.002185661668811654,-0.0006396402434851766,370,101,1480,5657,7137
1256,subcell,HQ,std_ctrl__tvn_efaar_e0.2_c96,0.2689724669199275,-0.027234056698788554,-0.007325211414510334,370,100,1480,5625,7105
1257,subcell,HQ,std_ctrl__tvn_efaar_e0.2_c96,0.29711265191985564,0.08834912367206409,0.026249642429002254,370,78,1480,5625,7105
1258,subcell,HQ,std_ctrl__tvn_efaar_e0.2_c96,0.2690712860999658,0.09400057016564295,0.02529285430859962,370,70,1480,5849,7329
1259,subcell,HQ,std_ctrl__tvn_efaar_e0.2_c96,0.3019099964575714,-0.004983302266327195,-0.001504508769573851,370,66,1480,5657,7137
1260,subcell,HQ,std_ctrl__tvn_efaar_e0.2_c96,0.25877387112081823,-0.010506178592044996,-0.002718724504950151,370,63,1480,5785,7265
1261,subcell,HQ,std_ctrl__tvn_efaar_e0.2_c96,0.2782152826345817,0.03518134690306289,0.009787988372100907,370,64,1480,5369,6849
1262,subcell,HQ,std_ctrl__tvn_efaar_e0.2_c96,0.2924787330809028,0.009739202168606787,0.002848509511492894,370,79,1480,5689,7169
1263,subcell,HQ,std_ctrl__tvn_efaar_e0.2_c96,0.2931201910985117,0.03640148483981478,0.010670010192516084,370,83,1480,5817,7297
1264,subcell,HQ,std_ctrl__tvn_efaar_e0.2_c96,0.303685881674687,0.028887184307039796,0.008772630035382563,370,71,1480,5753,7233
1265,subcell,HQ,std_ctrl__tvn_efaar_e0.2_c96,0.27174645504734074,0.008855753016126107,0.002406519488907065,370,56,1480,5849,7329
1266,subcell,HQ,std_ctrl__tvn_efaar_e0.2_c96,0.27134655910673383,-0.0029748352612143777,-0.0008072113120399031,370,80,1480,5628,7108
1267,subcell,HQ,std_ctrl__tvn_efaar_e0.2_c96,0.3186584971710297,-0.025004538042753148,-0.007967908515159558,370,52,1480,5599,7079
1268,subcell,HQ,std_ctrl__tvn_efaar_e0.2_c96,0.25736183707242166,0.047851306675871084,0.012315100192418016,370,79,1480,5753,7233
1269,subcell,HQ,std_ctrl__tvn_efaar_e0.2_c96,0.2862953489844115,0.03489870855547077,0.00999133794499377,370,84,1480,5561,7041
1270,subcell,HQ,std_ctrl__tvn_efaar_e0.2_c96,0.31040818286288574,0.056822505903840845,0.017638170803326834,370,68,1480,5631,7111
1271,subcell,HQ,std_ctrl__tvn_efaar_e0.2_c96,0.32301461862828246,0.05736800260868014,0.01853070348410913,370,60,1480,5689,7169
1272,subcell,HQ,std_ctrl__tvn_efaar_e0.2_c96,0.31527312657580675,0.030564263064074164,0.009636090777696109,370,59,1480,5657,7137
1273,subcell,HQ,std_ctrl__tvn_efaar_e0.2_c96,0.30090148503324277,-0.0001859825098335088,-5.596241339911248e-05,370,61,1480,5753,7233
1274,subcell,HQ,std_ctrl__tvn_efaar_e0.2_c96,0.2890922116631564,0.06267235834503097,0.018118090684110882,370,85,1480,5785,7265
1275,subcell,HQ,std_ctrl__tvn_efaar_e0.2_c96,0.32914402381204505,-0.017741140086532735,-0.005839390235094557,370,57,1480,5785,7265
1276,subcell,HQ,std_ctrl__tvn_efaar_e0.2_c96,0.32188888208915256,0.028776724739892647,0.009262907756711304,370,72,1480,5689,7169
1277,subcell,HQ,std_ctrl__tvn_efaar_e0.2_c96,0.30669137379682143,0.1186411934390736,0.03638623060472392,370,62,1480,5721,7201
1278,subcell,HQ,std_ctrl__tvn_efaar_e0.2_c96,0.26469818054387184,0.055960168802981644,0.01481255486507718,370,70,1480,5465,6945
1279,subcell,HQ,std_ctrl__tvn_efaar_e0.2_c96,0.2853920707559974,-0.012897430699200204,-0.0036808244546767174,370,57,1480,5593,7073
1280,subcell,HQ,std_ctrl__tvn_efaar_e0.2_c96,0.2880211581904544,-0.0002851660169666322,-8.213384648328818e-05,370,54,1480,5881,7361
1281,subcell,HQ,std_ctrl__tvn_efaar_e0.2_c96,0.2945079305567441,0.07240329434469742,0.02132334438294765,370,88,1480,5881,7361
1282,subcell,HQ,std_ctrl__tvn_efaar_e0.2_c96,0.32954918021088786,0.03705804342683367,0.012212447831532518,370,59,1480,5593,7073
1283,subcell,HQ,std_ctrl__tvn_efaar_e0.2_c96,0.2827608543901942,0.010388593191608878,0.002937487486771481,370,78,1480,5657,7137
1284,subcell,HQ,std_ctrl__tvn_efaar_e0.2_c96,0.2544276965288705,0.09287039049485948,0.023628799529343807,370,75,1480,5669,7149
1285,subcell,HQ,std_ctrl__tvn_efaar_e0.2_c96,0.2773383482685657,0.07664528210262339,0.02125667594091983,370,75,1480,5657,7137
1286,subcell,HQ,std_ctrl__tvn_efaar_e0.2_c96,0.2798478891472192,0.010608181100195565,0.0029686770885811544,370,83,1480,5625,7105
1287,subcell,HQ,std_ctrl__tvn_efaar_e0.2_c96,0.295157816017989,-0.009208939913697933,-0.00271809059276797,370,94,1480,5502,6982
1288,subcell,HQ,std_ctrl__tvn_efaar_e0.2_c96,0.2664314783744774,0.015035684719771363,0.004005979708261224,370,56,1480,5561,7041
1289,subcell,HQ,std_ctrl__tvn_efaar_e0.2_c96,0.2717459254366221,0.028012694574818444,0.007612335611207482,370,57,1480,5913,7393
1290,subcell,HQ,std_ctrl__tvn_efaar_e0.2_c96,0.2902110447510745,0.05265415723063474,0.015280817980389853,370,49,1480,5433,6913
1291,subcell,HQ,std_ctrl__tvn_efaar_e0.2_c96,0.31694477062478577,0.02609698481764772,0.008271302867027873,370,62,1480,5561,7041
1292,subcell,HQ,std_ctrl__tvn_efaar_e0.2_c96,0.26299781893273033,-0.07253551368485808,-0.01907668189428289,370,94,1480,5593,7073
1293,subcell,HQ,std_ctrl__tvn_efaar_e0.2_c96,0.2826559382987052,0.0028046965222783913,0.0007927641271477141,370,61,1480,5561,7041
1294,subcell,HQ,std_ctrl__tvn_efaar_e0.2_c96,0.27597744526521883,-0.05304759074581838,-0.01463993857150582,370,49,1480,5881,7361
1295,subcell,HQ,std_ctrl__tvn_efaar_e0.2_c96,0.29324923924352464,0.00504010346900278,0.0014780065079937146,370,68,1480,5785,7265
1296,subcell,HQ,std_ctrl__tvn_efaar_e0.2_c96,0.2838937816053749,0.0666073085515943,0.01890940070726813,370,89,1480,5721,7201
1297,subcell,HQ,std_ctrl__tvn_efaar_e0.2_c96,0.29242366628639277,0.08030787699874564,0.023483923823649874,370,89,1480,5593,7073
1298,subcell,HQ,std_ctrl__tvn_efaar_e0.2_c96,0.33594874694579935,0.05973480370239567,0.02006783245287312,370,72,1480,5849,7329
1299,subcell,HQ,std_ctrl__tvn_efaar_e0.2_c96,0.28297602578391434,-0.016870578437905306,-0.0047739692390342415,370,52,1480,5753,7233
1300,subcell,HQ,std_ctrl__tvn_efaar_e0.2_c96,0.2828541296280745,-0.042356714479717894,-0.011980771608065465,370,70,1480,5753,7233
1301,subcell,HQ,std_ctrl__tvn_efaar_e0.2_c96,0.3084601661522871,0.014600394956749281,0.0045036402542478985,370,59,1480,5689,7169
1302,subcell,HQ,std_ctrl__tvn_efaar_e0.2_c96,0.2960820775717015,0.07501702000275083,0.022211195135652357,370,89,1480,5785,7265
1303,subcell,HQ,std_ctrl__tvn_efaar_e0.2_c96,0.2922074635682888,-0.009463818960353379,-0.002765398534074341,370,54,1480,5689,7169
1304,subcell,HQ,std_ctrl__tvn_efaar_e0.2_c96,0.2800283342344177,0.03994842135764597,0.011186689888076237,370,78,1480,5465,6945
1305,subcell,HQ,std_ctrl__tvn_efaar_e0.2_c96,0.2940363278095372,0.07816370316848073,0.02298296824765476,370,92,1480,5785,7265
1306,subcell,HQ,std_ctrl__tvn_efaar_e0.2_c96,0.2744571688314829,-0.008845634824467012,-0.0024277478904403873,370,75,1480,5817,7297
1307,subcell,HQ,std_ctrl__tvn_efaar_e0.2_c96,0.27137137633643005,0.03937847330214707,0.010686190498031016,370,91,1480,5593,7073
1308,subcell,HQ,std_ctrl__tvn_efaar_e0.2_c96,0.2979070320245547,0.03661723869927505,0.010908532901835697,370,57,1480,5817,7297
1309,subcell,HQ,std_ctrl__tvn_efaar_e0.2_c96,0.2578905195924778,0.07954908647529843,0.020514955244221658,370,97,1480,5721,7201
1310,subcell,HQ,std_ctrl__tvn_efaar_e0.2_c96,0.2834729667319613,0.0150321296553105,0.004261202389690363,370,63,1480,5945,7425
1311,subcell,HQ,std_ctrl__tvn_efaar_e0.2_c96,0.2841014275109234,0.0346457009559118,0.009842893098691106,370,68,1480,5561,7041
1312,subcell,HQ,std_ctrl__tvn_efaar_e0.2_c96,0.26304767077578467,0.03652355837839499,0.009607436959880197,370,67,1480,6009,7489
1313,subcell,HQ,std_ctrl__tvn_efaar_e0.2_c96,0.2787381295718073,0.018971068134375373,0.0052879600477551076,370,81,1480,5497,6977
1314,subcell,HQ,std_ctrl__tvn_efaar_e0.2_c96,0.29065522127808563,0.033371583930443156,0.009699625111703162,370,51,1480,5785,7265
1315,subcell,HQ,std_ctrl__tvn_efaar_e0.2_c96,0.28317715508447305,0.04125936190600394,0.011683708725142877,370,56,1480,5369,6849
1316,subcell,HQ,std_ctrl__tvn_efaar_e0.2_c96,0.2895787032205085,0.05240399341263978,0.015175080456008298,370,71,1480,5849,7329
1317,subcell,HQ,std_ctrl__tvn_efaar_e0.2_c96,0.27945684103437496,-0.008415385750977436,-0.0023517371180538454,370,78,1480,5689,7169
1318,subcell,HQ,std_ctrl__tvn_efaar_e0.2_c96,0.31718314397471337,0.03849088990102525,0.012208661473191731,370,55,1480,5913,7393
1319,subcell,HQ,std_ctrl__tvn_efaar_e0.2_c96,0.27407747002904853,0.01947553941232793,0.005337806569581861,370,71,1480,5689,7169
1320,subcell,HQ,std_ctrl__tvn_efaar_e0.2_c96,0.30827197909420645,-0.0017432499530902071,-0.0005373951130950007,370,62,1480,5689,7169
1321,subcell,HQ,std_ctrl__tvn_efaar_e0.2_c96,0.27715723248766366,0.06788210515407336,0.018814016399939543,370,75,1480,5721,7201
1322,subcell,HQ,std_ctrl__tvn_efaar_e0.2_c96,0.280423972077274,-0.013230806685812644,-0.0037102353646221347,370,65,1480,5689,7169
1323,subcell,HQ,std_ctrl__tvn_efaar_e0.2_c96,0.29345292034945697,-0.04390239714187828,-0.012883286651625836,370,85,1480,5657,7137
1324,subcell,HQ,std_ctrl__tvn_efaar_e0.2_c96,0.29613170268117545,-0.006040542289101107,-0.001788796073189156,370,85,1480,5593,7073
1325,subcell,HQ,std_ctrl__tvn_efaar_e0.2_c96,0.30472583207091053,0.06581041468159377,0.020054133372780326,370,60,1480,5465,6945
1326,subcell,HQ,std_ctrl__tvn_efaar_e0.2_c96,0.2831642033471497,-0.028945558551059666,-0.008196346027549086,370,93,1480,5593,7073
1327,subcell,HQ,std_ctrl__tvn_efaar_e0.2_c96,0.27752799320677274,-0.006722075955302727,-0.0018655642500586655,370,72,1480,5881,7361
1328,subcell,HQ,std_ctrl__tvn_efaar_e0.2_c96,0.3007475949799041,0.009535250886470208,0.0028677037716359137,370,64,1480,5817,7297
1329,subcell,HQ,std_ctrl__tvn_efaar_e0.2_c96,0.29526869978512293,0.01178225684048481,0.0034789316578243204,370,63,1480,5823,7303
1330,subcell,HQ,std_ctrl__tvn_efaar_e0.2_c96,0.2743561374365622,0.07047621307507257,0.01933558160043305,370,114,1480,5849,7329
1331,subcell,HQ,std_ctrl__tvn_efaar_e0.2_c96,0.3076106453155873,0.029761266558503967,0.009154882411470612,370,78,1480,5721,7201
1332,subcell,HQ,std_ctrl__tvn_efaar_e0.2_c96,0.2755587903579908,-0.00871160148505026,-0.0024005583673013258,370,74,1480,5977,7457
1333,subcell,HQ,std_ctrl__tvn_efaar_e0.2_c96,0.3263458189731698,-0.00977806523698294,-0.0031910307077362785,370,78,1480,5561,7041
1334,subcell,HQ,std_ctrl__tvn_efaar_e0.2_c96,0.25592369843947865,0.02396383418113542,0.006132913072426572,370,93,1480,5791,7271
1335,subcell,HQ,std_ctrl__tvn_efaar_e0.2_c96,0.3086227275069607,0.028423763969154345,0.008772219562174489,370,62,1480,5657,7137
1336,subcell,HQ,std_ctrl__tvn_efaar_e0.2_c96,0.29728426988694445,-0.02761503675871197,-0.00820951604071482,370,69,1480,5849,7329
1337,subcell,HQ,std_ctrl__tvn_efaar_e0.2_c96,0.2589657306791676,0.012031654469834674,0.0031157861910600096,370,64,1480,5657,7137
1338,subcell,HQ,std_ctrl__tvn_efaar_e0.2_c96,0.26422452516579803,0.10502069142333624,0.027749042323914817,370,54,1480,5721,7201
1339,subcell,HQ,std_ctrl__tvn_efaar_e0.2_c96,0.2831801521227367,-0.0024686610922956044,-0.0006990758236557505,370,71,1480,5785,7265
1340,subcell,HQ,std_ctrl__tvn_efaar_e0.2_c96,0.2791843533301086,0.012262686405983722,0.003423550174344479,370,87,1480,5689,7169
1341,subcell,HQ,std_ctrl__tvn_efaar_e0.2_c96,0.3088503036676013,0.11394111529939831,0.03519074806044434,370,63,1480,5529,7009
1342,subcell,HQ,std_ctrl__tvn_efaar_e0.2_c96,0.2664590782069453,0.05938723937547473,0.015824269061244203,370,71,1480,5849,7329
1343,subcell,HQ,std_ctrl__tvn_efaar_e0.2_c96,0.28615160325293576,-0.0012451095460071417,-0.0003562900928154786,370,103,1480,5561,7041
1344,subcell,HQ,std_ctrl__tvn_efaar_e0.2_c96,0.28001186349329593,0.01929210621218911,0.0054020186111856635,370,53,1480,5785,7265
1345,subcell,HQ,std_ctrl__tvn_efaar_e0.2_c96,0.2596319589152353,-0.02689446466119449,-0.006982662543962495,370,50,1480,5721,7201
1346,subcell,HQ,std_ctrl__tvn_efaar_e0.2_c96,0.33024140985697426,0.03742291924559012,0.012358597612627375,370,86,1480,5529,7009
1347,subcell,HQ,std_ctrl__tvn_efaar_e0.2_c96,0.3034227765463581,0.002087825661646481,0.0006334938592015124,370,65,1480,5529,7009
1348,subcell,HQ,std_ctrl__tvn_efaar_e0.2_c96,0.3170547555721911,0.04039674486755816,0.012807980069895818,370,72,1480,5657,7137
1349,subcell,HQ,std_ctrl__tvn_efaar_e0.2_c96,0.2870475945446851,0.09994655479369519,0.02868941813655877,370,83,1480,5913,7393
1350,subcell,HQ,std_ctrl__tvn_efaar_e0.2_c96,0.29933970248532593,0.09444480283488509,0.02827107918187977,370,53,1480,5593,7073
1351,subcell,HQ,std_ctrl__tvn_efaar_e0.2_c96,0.24802502877514035,0.03619696266239901,0.008977752705914195,370,66,1480,5689,7169
1352,subcell,HQ,std_ctrl__tvn_efaar_e0.2_c96,0.25848717385732245,0.04498496332690758,0.011628036036447634,370,61,1480,5529,7009
1353,subcell,HQ,std_ctrl__tvn_efaar_e0.2_c96,0.275708403582713,0.02118493286570825,0.005840864020411371,370,95,1480,5689,7169
1354,subcell,HQ,std_ctrl__tvn_efaar_e0.2_c96,0.2681950496224966,0.046965082089035576,0.012595802521393522,370,58,1480,5785,7265
1355,subcell,HQ,std_ctrl__tvn_efaar_e0.2_c96,0.3174843946634025,0.07771846121541913,0.024674398613148466,370,92,1480,5849,7329
1356,subcell,HQ,std_ctrl__tvn_efaar_e0.2_c96,0.3118589895227179,0.07824556362314333,0.024401582406149012,370,82,1480,5625,7105
1357,subcell,HQ,std_ctrl__tvn_efaar_e0.2_c96,0.29820775159074897,0.0679973624049771,0.020277340556889543,370,88,1480,5721,7201
1358,subcell,HQ,std_ctrl__tvn_efaar_e0.2_c96,0.2909866336189334,0.024634077576132778,0.007168187306186531,370,119,1480,5593,7073
1359,subcell,HQ,std_ctrl__tvn_efaar_e0.2_c96,0.2675158203544316,0.08749027971550571,0.0234050339511322,370,92,1480,5433,6913
1360,subcell,HQ,std_ctrl__tvn_efaar_e0.2_c96,0.2893528960945402,-0.026595812568651712,-0.007695575390726944,370,74,1480,5593,7073
1361,subcell,HQ,std_ctrl__tvn_efaar_e0.2_c96,0.30493283440794794,0.10478486980193677,0.03195234735177237,370,62,1480,5593,7073
1362,subcell,HQ,std_ctrl__tvn_efaar_e0.2_c96,0.2842819741213693,0.02988379748174453,0.008495424942353539,370,71,1480,5689,7169
1363,subcell,HQ,std_ctrl__tvn_efaar_e0.2_c96,0.2711046281428828,0.019548016910017806,0.005299557855321162,370,77,1480,5593,7073
1364,subcell,HQ,std_ctrl__tvn_efaar_e0.2_c96,0.2965907877494961,-0.031127482640424115,-0.009232124596982152,370,61,1480,5721,7201
1365,subcell,HQ,std_ctrl__tvn_efaar_e0.2_c96,0.2806502925642732,0.045652467475793886,0.01281237835336252,370,76,1480,5502,6982
1366,subcell,HQ,std_ctrl__tvn_efaar_e0.2_c96,0.28547796192402863,0.005185093703834976,0.001480229982955922,370,67,1480,5913,7393
1367,subcell,HQ,std_ctrl__tvn_efaar_e0.2_c96,0.2909872895685599,0.06643833444643851,0.01933271086401863,370,81,1480,5529,7009
1368,subcell,HQ,std_ctrl__tvn_efaar_e0.2_c96,0.2926484644358818,0.0045402758412433795,0.0013287047530552065,370,77,1480,5598,7078
1369,subcell,HQ,std_ctrl__tvn_efaar_e0.2_c96,0.3046110685583564,0.05685674550189271,0.017319194002082063,370,61,1480,5561,7041
1370,subcell,HQ,std_ctrl__tvn_efaar_e0.2_c96,0.27990183156663206,0.07678519579484565,0.02149231694017975,370,100,1480,5753,7233
1371,subcell,HQ,std_ctrl__tvn_efaar_e0.2_c96,0.2592091708387833,-0.0054886108503611,-0.0014226982675788502,370,62,1480,5721,7201
1372,subcell,HQ,std_ctrl__tvn_efaar_e0.2_c96,0.32818773907914295,-0.0010101938718926051,-0.00033153324284803943,370,61,1480,5561,7041
1373,subcell,HQ,std_ctrl__tvn_efaar_e0.2_c96,0.2607726807144224,-0.02973196804222673,-0.007753285009287001,370,43,1480,5753,7233
1374,subcell,HQ,std_ctrl__tvn_efaar_e0.2_c96,0.2759418123323269,0.044509230734175266,0.012281957794306029,370,57,1480,5817,7297
1375,subcell,HQ,std_ctrl__tvn_efaar_e0.2_c96,0.2939920672702237,0.008063043881985778,0.0023704709393555286,370,66,1480,5849,7329
1376,subcell,HQ,std_ctrl__tvn_efaar_e0.2_c96,0.2800447328394305,-0.0023102979729719966,-0.0006469867786204206,370,84,1480,5849,7329
1377,subcell,HQ,std_ctrl__tvn_efaar_e0.2_c96,0.3183469635831573,0.05294820907893554,0.01685590158744529,370,63,1480,5689,7169
1378,subcell,HQ,std_ctrl__tvn_efaar_e0.2_c96,0.26373719397043954,-0.011069132697026073,-0.0029193419972001,370,61,1480,5689,7169
1379,subcell,HQ,std_ctrl__tvn_efaar_e0.2_c96,0.26757681525564925,0.008514056534168013,0.0022781641323192277,370,75,1480,5401,6881
1380,subcell,HQ,std_ctrl__tvn_efaar_e0.2_c96,0.3257448098757614,0.11000508859964941,0.035833586671259084,370,76,1480,5849,7329
1381,subcell,HQ,std_ctrl__tvn_efaar_e0.2_c96,0.30136045035739806,0.05607575816093444,0.016899015733511744,370,76,1480,5785,7265
1382,subcell,HQ,std_ctrl__tvn_efaar_e0.2_c96,0.2851842883366322,0.028849127715423792,0.008227317956655746,370,79,1480,5817,7297
1383,subcell,HQ,std_ctrl__tvn_efaar_e0.2_c96,0.26290483443866364,0.028087756921965724,0.007384407083322828,370,89,1480,5817,7297
1384,subcell,HQ,std_ctrl__tvn_efaar_e0.2_c96,0.30134735685940933,0.050141885690802766,0.015110124720870052,370,75,1480,5689,7169
1385,subcell,HQ,std_ctrl__tvn_efaar_e0.2_c96,0.2708711951283572,0.05193721971532119,0.014068296775933128,370,60,1480,5721,7201
1386,subcell,HQ,std_ctrl__tvn_efaar_e0.2_c96,0.3048703742372743,0.039687297023624724,0.012099481096058332,370,70,1480,5785,7265
1387,subcell,HQ,std_ctrl__tvn_efaar_e0.2_c96,0.29160951820615305,-0.014163054357468919,-0.004130081457509068,370,79,1480,5657,7137
1388,subcell,HQ,std_ctrl__tvn_efaar_e0.2_c96,0.2688501914912565,0.04524933989663081,0.012165293696062146,370,68,1480,5785,7265
1389,subcell,HQ,std_ctrl__tvn_efaar_e0.2_c96,0.30705449357483144,0.02330564840723618,0.007156104069116983,370,62,1480,5625,7105
1390,subcell,HQ,std_ctrl__tvn_efaar_e0.2_c96,0.27847268672265346,-0.016359334264013262,-0.004555627765493736,370,82,1480,5689,7169
1391,subcell,HQ,std_ctrl__tvn_efaar_e0.2_c96,0.3223721470299494,0.040956539698893936,0.013203247637649794,370,82,1480,5753,7233
1392,subcell,HQ,std_ctrl__tvn_efaar_e0.2_c96,0.30122039954158175,0.03661769219424289,0.011029995873040504,370,65,1480,5561,7041
1393,subcell,HQ,std_ctrl__tvn_efaar_e0.2_c96,0.2646659266733166,-0.015025536594090758,-0.00397674756643886,370,53,1480,5561,7041
1394,subcell,HQ,std_ctrl__tvn_efaar_e0.2_c96,0.2779470476391818,0.041873423795198386,0.011638594518419655,370,62,1480,5753,7233
1395,subcell,HQ,std_ctrl__tvn_efaar_e0.2_c96,0.3014752133859394,0.025613495940972612,0.007721834154364612,370,75,1480,5721,7201
1396,subcell,HQ,std_ctrl__tvn_efaar_e0.2_c96,0.2563218237001647,0.08588667454483757,0.02201462905087528,370,111,1480,5849,7329
1397,subcell,HQ,std_ctrl__tvn_efaar_e0.2_c96,0.26890396370310543,-0.03550416140123616,-0.009547209728747206,370,87,1480,5593,7073
1398,subcell,HQ,std_ctrl__tvn_efaar_e0.2_c96,0.27596942230971283,-0.00012008007216193148,-3.3138428145436856e-05,370,80,1480,5849,7329
1399,subcell,HQ,std_ctrl__tvn_efaar_e0.2_c96,0.2946411328302425,0.00908617436065878,0.0026771607067176072,370,52,1480,5689,7169
1400,subcell,HQ,std_ctrl__tvn_efaar_e0.2_c96,0.27608230107139065,0.0029896048805444944,0.0008253769947149839,370,57,1480,5497,6977
1401,subcell,HQ,std_ctrl__tvn_efaar_e0.2_c96,0.2681953094430067,0.08330551660069872,0.022342148803033923,370,71,1480,5721,7201
1402,subcell,HQ,std_ctrl__tvn_efaar_e0.2_c96,0.27348941389380305,0.0609802367862044,0.01667744921776437,370,68,1480,5689,7169
1403,subcell,HQ,std_ctrl__tvn_efaar_e0.2_c96,0.29413682548391096,0.016568957808347193,0.004873540651324102,370,68,1480,5785,7265
1404,subcell,HQ,std_ctrl__tvn_efaar_e0.2_c96,0.2825671697984606,0.02530960728702196,0.007151664099804289,370,59,1480,5817,7297
1405,subcell,HQ,std_ctrl__tvn_efaar_e0.2_c96,0.2737100187128432,0.062155673200599844,0.01701263047484555,370,58,1480,5817,7297
1406,subcell,HQ,std_ctrl__tvn_efaar_e0.2_c96,0.2668515144403392,-0.00010071777807743358,-2.687669161102915e-05,370,58,1480,5657,7137
1407,subcell,HQ,std_ctrl__tvn_efaar_e0.2_c96,0.2992433366062839,0.0515467209152793,0.015425012757801098,370,80,1480,5753,7233
1408,subcell,HQ,std_ctrl__tvn_efaar_e0.2_c96,0.2905290057045979,-0.0030824804577663056,-0.0008955499824986985,370,66,1480,5849,7329
1409,subcell,HQ,std_ctrl__tvn_efaar_e0.2_c96,0.2849652169692072,-0.002265607204778767,-0.0006456192486767804,370,65,1480,5849,7329
1410,subcell,HQ,std_ctrl__tvn_efaar_e0.2_c96,0.3049293073637561,-0.001963273335612419,-0.0005986595783940261,370,69,1480,6041,7521
1411,subcell,HQ,std_ctrl__tvn_efaar_e0.2_c96,0.30189327350522466,0.01301537060008946,0.003929252836344667,370,58,1480,5817,7297
1412,subcell,HQ,std_ctrl__tvn_efaar_e0.2_c96,0.27080456715623896,-0.00989936294941468,-0.002680792698638752,370,65,1480,5689,7169
1413,subcell,HQ,std_ctrl__tvn_efaar_e0.2_c96,0.29489643534808524,0.012010025459935608,0.0035417136965747585,370,75,1480,5721,7201
1414,subcell,HQ,std_ctrl__tvn_efaar_e0.2_c96,0.2887337270629,-0.0029686989955331777,-0.000857163525508182,370,94,1480,5631,7111
1415,subcell,HQ,std_ctrl__tvn_efaar_e0.2_c96,0.2649646174386637,0.037716409517217116,0.009993514018889408,370,58,1480,5785,7265
1416,subcell,HQ,std_ctrl__tvn_efaar_e0.2_c96,0.2822724133136789,0.06389836773920421,0.018036746468550097,370,70,1480,5849,7329
1417,subcell,HQ,std_ctrl__tvn_efaar_e0.2_c96,0.3068714636634386,0.06138794735288941,0.018838209255475285,370,57,1480,5753,7233
1418,subcell,HQ,std_ctrl__tvn_efaar_e0.2_c96,0.28233809948690797,0.09179432315126813,0.02591703474221612,370,92,1480,5817,7297
1419,subcell,HQ,std_ctrl__tvn_efaar_e0.2_c96,0.3005519709757768,0.0007139937573241764,0.00021459223102818166,370,61,1480,5849,7329
1420,subcell,HQ,std_ctrl__tvn_efaar_e0.2_c96,0.30596177621936516,0.08693850595522093,0.02659985970391725,370,63,1480,5785,7265
1421,subcell,HQ,std_ctrl__tvn_efaar_e0.2_c96,0.3121477735628563,-0.01006383255620708,-0.003141402925929429,370,103,1480,5657,7137
1422,subcell,HQ,std_ctrl__tvn_efaar_e0.2_c96,0.28619965188355956,0.028636654795996568,0.008195800633723884,370,73,1480,5817,7297
1423,subcell,HQ,std_ctrl__tvn_efaar_e0.2_c96,0.27123406231841773,0.06868385293814402,0.018629400448093594,370,71,1480,5823,7303
1424,subcell,HQ,std_ctrl__tvn_efaar_e0.2_c96,0.27897516960484453,0.051020728880073946,0.014233516492681418,370,44,1480,5721,7201
1425,subcell,HQ,std_ctrl__tvn_efaar_e0.2_c96,0.3092069313818431,-0.0002072824642755623,-6.409317470791313e-05,370,86,1480,5497,6977
1426,subcell,HQ,std_ctrl__tvn_efaar_e0.2_c96,0.29193880714232984,0.03219347520132071,0.009398524748039745,370,63,1480,5497,6977
1427,subcell,HQ,std_ctrl__tvn_efaar_e0.2_c96,0.27613405752663933,0.03701112035007516,0.010220030835873025,370,73,1480,5721,7201
1428,subcell,HQ,std_ctrl__tvn_efaar_e0.2_c96,0.2685437493771909,0.056850778838442445,0.015266921304288795,370,94,1480,5657,7137
1429,subcell,HQ,std_ctrl__tvn_efaar_e0.2_c96,0.29696731604792054,0.017915918039006783,0.0053204420945783685,370,69,1480,5817,7297
1430,subcell,HQ,std_ctrl__tvn_efaar_e0.2_c96,0.28609206950056437,0.050979100095355855,0.014584716247556775,370,77,1480,5567,7047
1431,subcell,HQ,std_ctrl__tvn_efaar_e0.2_c96,0.2716455325235081,0.016178154893928133,0.004394723501408906,370,64,1480,5529,7009
1432,subcell,HQ,std_ctrl__tvn_efaar_e0.2_c96,0.2856878762217936,0.03423452313397713,0.009780388207611788,370,59,1480,5752,7232
1433,subcell,HQ,std_ctrl__tvn_efaar_e0.2_c96,0.28248179926295286,0.022496762426729544,0.006354925927893756,370,65,1480,5721,7201
1434,subcell,HQ,std_ctrl__tvn_efaar_e0.2_c96,0.29919970977071825,0.09725635227779274,0.02909907237487432,370,63,1480,5625,7105
1435,subcell,HQ,std_ctrl__tvn_efaar_e0.2_c96,0.30463973851961174,0.0031681526164929336,0.000965145184678631,370,88,1480,5785,7265
1436,subcell,HQ,std_ctrl__tvn_efaar_e0.2_c96,0.24675668221560781,0.027643041583166626,0.00682110522741028,370,92,1480,5721,7201
1437,subcell,HQ,std_ctrl__tvn_efaar_e0.2_c96,0.27028612669453317,0.07167086612507399,0.019371640801788676,370,52,1480,5753,7233
1438,subcell,HQ,std_ctrl__tvn_efaar_e0.2_c96,0.27152113573361425,0.009663018429813207,0.0026237137386777277,370,64,1480,5689,7169
1439,subcell,HQ,std_ctrl__tvn_efaar_e0.2_c96,0.27687714797897567,-0.01886125147622384,-0.005222249516051102,370,58,1480,5721,7201
1440,subcell,HQ,std_ctrl__tvn_efaar_e0.2_c96,0.28907837081340965,0.06415821619744044,0.018546752612650593,370,81,1480,5657,7137
1441,subcell,HQ,std_ctrl__tvn_efaar_e0.2_c96,0.34196057014937503,0.09252695350232236,0.03164056977383887,370,76,1480,5593,7073
1442,subcell,HQ,std_ctrl__tvn_efaar_e0.2_c96,0.29240696283928563,-0.004625596980344948,-0.001352556764341237,370,57,1480,5785,7265
1443,subcell,HQ,std_ctrl__tvn_efaar_e0.2_c96,0.2904188243447075,-0.001675144600877469,-0.0004864935255942188,370,62,1480,5657,7137
1444,subcell,HQ,std_ctrl__tvn_efaar_e0.2_c96,0.27577289026120294,-0.0034822540749158766,-0.0009603112708634028,370,82,1480,5721,7201
1445,subcell,HQ,std_ctrl__tvn_efaar_e0.2_c96,0.31939030148043485,0.050764238216950607,0.016213605348536466,370,85,1480,5817,7297
1446,subcell,HQ,std_ctrl__tvn_efaar_e0.2_c96,0.2953287285508485,0.04008534976615418,0.011838355379954367,370,87,1480,5657,7137
1447,subcell,HQ,std_ctrl__tvn_efaar_e0.2_c96,0.2928694182202543,0.04732623545746957,0.013860407044983885,370,55,1480,5721,7201
1448,subcell,HQ,std_ctrl__tvn_efaar_e0.2_c96,0.3023210110023849,0.01571151682972069,0.0047499216523421445,370,68,1480,5657,7137
1449,subcell,HQ,std_ctrl__tvn_efaar_e0.2_c96,0.30849575606469787,0.06842875052948662,0.02110997913115657,370,74,1480,5625,7105
1450,subcell,HQ,std_ctrl__tvn_efaar_e0.2_c96,0.29482367207266486,-0.03025820655331439,-0.00892083556638132,370,83,1480,5881,7361
1451,subcell,HQ,std_ctrl__tvn_efaar_e0.2_c96,0.30330368283357545,0.05349694969709371,0.01622582186349105,370,70,1480,5689,7169
1452,subcell,HQ,std_ctrl__tvn_efaar_e0.2_c96,0.29320921767515923,0.004831849441358414,0.0014167427946248558,370,63,1480,5913,7393
1453,subcell,HQ,std_ctrl__tvn_efaar_e0.2_c96,0.26386509909253114,0.04880704603460239,0.01287847603833409,370,56,1480,5657,7137
1454,subcell,HQ,std_ctrl__tvn_efaar_e0.2_c96,0.30531782379715483,0.07106255001054752,0.02169666312269685,370,79,1480,5785,7265
1455,subcell,HQ,std_ctrl__tvn_efaar_e0.2_c96,0.3568374595844752,0.026546026210277372,0.009472616554938272,370,81,1480,5657,7137
1456,subcell,HQ,std_ctrl__tvn_efaar_e0.2_c96,0.27924340843167206,0.017669540741141677,0.004934102781978695,370,79,1480,5753,7233
1457,subcell,HQ,std_ctrl__tvn_efaar_e0.2_c96,0.3043653786143856,0.02421548710385819,0.007370355900697571,370,76,1480,5887,7367
1458,subcell,HQ,std_ctrl__tvn_efaar_e0.2_c96,0.29460411122909963,-0.025582026980920786,-0.0075365703221530154,370,85,1480,5721,7201
1459,subcell,HQ,std_ctrl__tvn_efaar_e0.2_c96,0.29491991833692954,0.04169247864499908,0.012295942397247307,370,85,1480,5817,7297
1460,subcell,HQ,std_ctrl__tvn_efaar_e0.2_c96,0.2890863873740979,0.01554262616297979,0.004493161647761965,370,40,1480,5657,7137
1461,subcell,HQ,std_ctrl__tvn_efaar_e0.2_c96,0.2954403389266669,0.004107521614582133,0.0012135275779607553,370,81,1480,5785,7265
1462,subcell,HQ,std_ctrl__tvn_efaar_e0.2_c96,0.31717859448612584,-0.0023482793654277115,-0.000744823948587133,370,75,1480,5817,7297
1463,subcell,HQ,std_ctrl__tvn_efaar_e0.2_c96,0.26954125178210286,0.06795041196705383,0.01831543910070927,370,79,1480,5849,7329
1464,subcell,HQ,std_ctrl__tvn_efaar_e0.2_c96,0.3207290258272219,0.04144418380384885,0.01329235269761277,370,94,1480,5721,7201
1465,subcell,HQ,std_ctrl__tvn_efaar_e0.2_c96,0.2917647513773887,0.012623335796335336,0.0036830444301710705,370,78,1480,5561,7041
1466,subcell,HQ,std_ctrl__tvn_efaar_e0.2_c96,0.28583602244389766,-0.02028582463758016,-0.005798419426400335,370,57,1480,5625,7105
1467,subcell,HQ,std_ctrl__tvn_efaar_e0.2_c96,0.2738363747262031,-0.012120455919383969,-0.003319021708992855,370,75,1480,5657,7137
1468,subcell,HQ,std_ctrl__tvn_efaar_e0.2_c96,0.2934904787469082,0.04196664117552552,0.012316809610004694,370,90,1480,5785,7265
1469,subcell,HQ,std_ctrl__tvn_efaar_e0.2_c96,0.2891471919207379,0.010330691418218201,0.002987090414177458,370,70,1480,5881,7361
1470,subcell,HQ,std_ctrl__tvn_efaar_e0.2_c96,0.2812366903833507,-0.00960098113206401,-0.002700148158014678,370,102,1480,5689,7169
1471,subcell,HQ,std_ctrl__tvn_efaar_e0.2_c96,0.29785843145572866,-0.022439273387256545,-0.00668372677413451,370,67,1480,5881,7361
1472,subcell,HQ,std_ctrl__tvn_efaar_e0.2_c96,0.32848576988358635,0.021274160152094313,0.006988258876187415,370,67,1480,5657,7137
1473,subcell,HQ,std_ctrl__tvn_efaar_e0.2_c96,0.31760731727794583,0.007803520212966157,0.002478455120164406,370,82,1480,5497,6977
1474,subcell,HQ,std_ctrl__tvn_efaar_e0.2_c96,0.2647758074151939,-0.007629461875201686,-0.0020200969281499656,370,84,1480,5593,7073
1475,subcell,HQ,std_ctrl__tvn_efaar_e0.2_c96,0.27189690593601024,0.020387011840927675,0.005543165440829039,370,84,1480,5593,7073
1476,subcell,HQ,std_ctrl__tvn_efaar_e0.2_c96,0.29193765443953457,0.008177773944995068,0.002387400144038599,370,79,1480,5657,7137
1477,subcell,HQ,std_ctrl__tvn_efaar_e0.2_c96,0.28412759617653854,-0.02027280706740042,-0.005760063939811223,370,58,1480,5689,7169
1478,subcell,HQ,std_ctrl__tvn_efaar_e0.2_c96,0.29468051767395603,0.04701747521578892,0.013855133936311076,370,48,1480,5657,7137
1479,subcell,HQ,std_ctrl__tvn_efaar_e0.2_c96,0.2949948470841072,0.11037142773833528,0.032559002448124805,370,84,1480,5497,6977
1480,subcell,HQ,std_ctrl__tvn_efaar_e0.2_c96,0.2962088859079721,0.025631525866213645,0.007592285720952514,370,51,1480,5689,7169
1481,subcell,HQ,std_ctrl__tvn_efaar_e0.2_c96,0.3155318980683097,0.004065204429974683,0.0012827016698256128,370,50,1480,6041,7521
1482,subcell,HQ,std_ctrl__tvn_efaar_e0.2_c96,0.2900835600011118,0.05426958948846746,0.01574271571861356,370,70,1480,5689,7169
1483,subcell,HQ,std_ctrl__tvn_efaar_e0.2_c96,0.2850026844880415,-0.003140717358422165,-0.0008951128783685075,370,73,1480,5753,7233
1484,subcell,HQ,std_ctrl__tvn_efaar_e0.2_c96,0.3134575977429804,0.06100261451593753,0.019121733002206844,370,67,1480,5753,7233
1485,subcell,HQ,std_ctrl__tvn_efaar_e0.2_c96,0.30158620220672955,-0.022876220633835185,-0.006899152501801577,370,62,1480,5593,7073
1486,subcell,HQ,std_ctrl__tvn_efaar_e0.2_c96,0.2751963062666899,0.016254385231184203,0.004473146776257729,370,92,1480,5529,7009
1487,subcell,HQ,std_ctrl__tvn_efaar_e0.2_c96,0.29293916209736476,0.09077098623918801,0.026590376651659163,370,86,1480,5753,7233
1488,subcell,HQ,std_ctrl__tvn_efaar_e0.2_c96,0.2796515702880789,-0.014029087325782405,-0.003923256300363635,370,76,1480,5849,7329
1489,subcell,HQ,std_ctrl__tvn_efaar_e0.2_c96,0.31364455505964656,0.017506921508092604,0.005490950606869861,370,61,1480,5785,7265
1490,subcell,HQ,std_ctrl__tvn_efaar_e0.2_c96,0.3154336804728365,0.005443969482683961,0.0017172113303048056,370,70,1480,5497,6977
1491,subcell,HQ,std_ctrl__tvn_efaar_e0.2_c96,0.321764430682842,-0.010543353426784625,-0.003392476112857346,370,102,1480,5625,7105
1492,subcell,HQ,std_ctrl__tvn_efaar_e0.2_c96,0.3132597469362253,0.060793463766162584,0.019044145074764676,370,66,1480,5689,7169
1493,subcell,HQ,std_ctrl__tvn_efaar_e0.2_c96,0.28014046987419905,0.004919826820895985,0.0013782425973054883,370,62,1480,5477,6957
1494,subcell,HQ,std_ctrl__tvn_efaar_e0.2_c96,0.3047300912548255,0.04498197922602786,0.013707362634370134,370,52,1480,5497,6977
1495,subcell,HQ,std_ctrl__tvn_efaar_e0.2_c96,0.2786384175376603,0.06784634086397134,0.01890459705405767,370,65,1480,5657,7137
1496,subcell,HQ,std_ctrl__tvn_efaar_e0.2_c96,0.26025510502185206,-0.03425401753366113,-0.008914782930643338,370,97,1480,5785,7265
1497,subcell,HQ,std_ctrl__tvn_efaar_e0.2_c96,0.3021594557310447,0.046257132722208966,0.013977030047021359,370,65,1480,5497,6977
1498,subcell,HQ,std_ctrl__tvn_efaar_e0.2_c96,0.27329299230208504,0.01750255500882747,0.004783325631294306,370,58,1480,5433,6913
1499,subcell,HQ,std_ctrl__tvn_efaar_e0.2_c96,0.26476037454085205,0.11994283182240362,0.03175610907679001,370,70,1480,5657,7137
1500,subcell,HQ,std_ctrl__tvn_efaar_e0.2_c96,0.2857456323249871,0.16701682556380532,0.047724328429641624,370,71,1480,5721,7201
1501,subcell,HQ,std_ctrl__tvn_efaar_e0.2_c96,0.2770715634503853,-0.0014560933119331194,-0.00040344205046695896,370,44,1480,5913,7393
1502,subcell,HQ,std_ctrl__tvn_efaar_e0.2_c96,0.27946660629965464,-0.004587559489062331,-0.0012820696816060273,370,72,1480,5945,7425
1503,subcell,HQ,std_ctrl__tvn_efaar_e0.2_c96,0.2947587635435274,0.16301105048607778,0.04804893568520781,370,50,1480,5657,7137
1504,subcell,HQ,std_ctrl__tvn_efaar_e0.2_c96,0.291241896622542,0.010917138658347961,0.003179528168548534,370,67,1480,5657,7137
1505,subcell,HQ,std_ctrl__tvn_efaar_e0.2_c96,0.27792202113434705,-0.005469562482648676,-0.001520111859898317,370,83,1480,5529,7009
1506,subcell,HQ,std_ctrl__tvn_efaar_e0.2_c96,0.271376520608066,0.04384030090732562,0.011897228322640667,370,57,1480,5369,6849
1507,subcell,HQ,std_ctrl__tvn_efaar_e0.2_c96,0.29915391480694686,0.023714103773645655,0.007094166980024289,370,74,1480,5497,6977
1508,subcell,HQ,std_ctrl__tvn_efaar_e0.2_c96,0.2734725488055502,0.011415283526759953,0.0031217666814010547,370,74,1480,5945,7425
1509,subcell,HQ,std_ctrl__tvn_efaar_e0.2_c96,0.30811560194021204,0.05237815367289008,0.016138526347439456,370,57,1480,5721,7201
1510,subcell,HQ,std_ctrl__tvn_efaar_e0.2_c96,0.29010880252998184,0.042291266605744025,0.01226906871246861,370,50,1480,5721,7201
1511,subcell,HQ,std_ctrl__tvn_efaar_e0.2_c96,0.32840848146262996,0.10741317566040948,0.0352753979077138,370,72,1480,5945,7425
1512,subcell,HQ,std_ctrl__tvn_efaar_e0.2_c96,0.3064042416206503,0.05441939605965005,0.016674333779110876,370,58,1480,5311,6791
1513,subcell,HQ,std_ctrl__tvn_efaar_e0.2_c96,0.2789403799619879,0.12131976806265726,0.03384098220029786,370,97,1480,5724,7204
1514,subcell,HQ,std_ctrl__tvn_efaar_e0.2_c96,0.30655312306759036,-0.014162773027173118,-0.00434164230277735,370,59,1480,5753,7233
1515,subcell,HQ,std_ctrl__tvn_efaar_e0.2_c96,0.30510994654184226,0.045532523162418466,0.013892425708000693,370,61,1480,5689,7169
1516,subcell,HQ,std_ctrl__tvn_efaar_e0.2_c96,0.3042116316767131,0.020253022854446988,0.00616120512893708,370,99,1480,5593,7073
1517,subcell,HQ,std_ctrl__tvn_efaar_e0.2_c96,0.2993358001202874,0.07925368860586654,0.023723466291321164,370,70,1480,5721,7201
1518,subcell,HQ,std_ctrl__tvn_efaar_e0.2_c96,0.2877990396673839,0.01980732564238678,0.005700529298258063,370,96,1480,5849,7329
1519,subcell,HQ,std_ctrl__tvn_efaar_e0.2_c96,0.25016387690243697,0.016793881087131993,0.004201222400995452,370,96,1480,5913,7393
1520,subcell,HQ,std_ctrl__tvn_efaar_e0.2_c96,0.3015887277566668,0.08140238343307254,0.024550041255940718,370,69,1480,5657,7137
1521,subcell,HQ,std_ctrl__tvn_efaar_e0.2_c96,0.3080105395264825,0.0013750051879045674,0.00042351608977819825,370,57,1480,5849,7329
1522,subcell,HQ,std_ctrl__tvn_efaar_e0.2_c96,0.2828274736355473,0.03157328141952234,0.00892979141826767,370,47,1480,5785,7265
1523,subcell,HQ,std_ctrl__tvn_efaar_e0.2_c96,0.28609081118669105,0.05058070077804709,0.014470673715982787,370,77,1480,5497,6977
1524,subcell,HQ,std_ctrl__tvn_efaar_e0.2_c96,0.2576102092391002,0.11222127103120745,0.028909345111427127,370,90,1480,5822,7302
1525,subcell,HQ,std_ctrl__tvn_efaar_e0.2_c96,0.27388444179681154,0.0036079033542231417,0.0009881485962282492,370,51,1480,5625,7105
1526,subcell,HQ,std_ctrl__tvn_efaar_e0.2_c96,0.2702299250332976,-0.005801132787660581,-0.0015676396783177238,370,50,1480,5721,7201
1527,subcell,HQ,std_ctrl__tvn_efaar_e0.2_c96,0.2780063599365173,-0.011233473784854004,-0.0031229771563695535,370,59,1480,5753,7233
1528,subcell,HQ,std_ctrl__tvn_efaar_e0.2_c96,0.3144870130609175,0.031423966628406734,0.009882429403493584,370,69,1480,5369,6849
1529,subcell,HQ,std_ctrl__tvn_efaar_e0.2_c96,0.28517936771574454,0.003339111992989628,0.0009522458468928418,370,96,1480,5817,7297
1530,subcell,HQ,std_ctrl__tvn_efaar_e0.2_c96,0.30858776470524285,0.05846517364096734,0.018041637246969996,370,80,1480,5849,7329
1531,subcell,HQ,std_ctrl__tvn_efaar_e0.2_c96,0.2906436418215641,0.0011140606714131324,0.0003237946507496897,370,47,1480,5625,7105
1532,subcell,HQ,std_ctrl__tvn_efaar_e0.2_c96,0.2905192049801415,0.19131204700141047,0.05557982379797323,370,63,1480,5593,7073
1533,subcell,HQ,std_ctrl__tvn_efaar_e0.2_c96,0.2554377292614421,0.008345247342288805,0.002131691031239337,370,65,1480,5849,7329
1534,subcell,HQ,std_ctrl__tvn_efaar_e0.2_c96,0.31574614007829827,0.00977137570143643,0.003085274160983427,370,84,1480,5689,7169
1535,subcell,HQ,std_ctrl__tvn_efaar_e0.2_c96,0.2955052827693546,0.06990500613488712,0.020657298604883287,370,86,1480,5913,7393
1536,subcell,HQ,std_ctrl__tvn_efaar_e0.2_c96,0.28675588756968234,0.03859326457063777,0.011066845836164808,370,77,1480,5689,7169
1537,subcell,HQ,std_ctrl__tvn_efaar_e0.2_c96,0.2971960124463134,-0.023662421462739277,-0.007032377303550175,370,66,1480,5657,7137
1538,subcell,HQ,std_ctrl__tvn_efaar_e0.2_c96,0.28626537680036784,0.016989361167111933,0.004863465876100835,370,59,1480,5785,7265
1539,subcell,HQ,std_ctrl__tvn_efaar_e0.2_c96,0.2679354619096268,-0.004869824787523953,-0.0013047987538641805,370,66,1480,5689,7169
1540,subcell,HQ,std_ctrl__tvn_efaar_e0.2_c96,0.2933801511931779,0.016478595071773107,0.004834492713607951,370,92,1480,5753,7233
1541,subcell,HQ,std_ctrl__tvn_efaar_e0.2_c96,0.29951947122300077,0.04808962880085283,0.014403780189741828,370,75,1480,5849,7329
1542,subcell,HQ,std_ctrl__tvn_efaar_e0.2_c96,0.2672870453203561,0.08747119114166749,0.023379916230908408,370,85,1480,5625,7105
1543,subcell,HQ,std_ctrl__tvn_efaar_e0.2_c96,0.2909110469801147,-0.024080992667182458,-0.007005426789130514,370,64,1480,5817,7297
1544,subcell,HQ,std_ctrl__tvn_efaar_e0.2_c96,0.2873260002322996,0.015335428787482277,0.004406267415354547,370,60,1480,5497,6977
1545,subcell,HQ,std_ctrl__tvn_efaar_e0.2_c96,0.2856806705550773,0.014482540700217364,0.004137381938579295,370,103,1480,5465,6945
1546,subcell,HQ,std_ctrl__tvn_efaar_e0.2_c96,0.2735512621108615,-0.0009925503865489405,-0.0002715134109490861,370,57,1480,5529,7009
1547,subcell,HQ,std_ctrl__tvn_efaar_e0.2_c96,0.3088816510308378,-0.001439828512812335,-0.00044473660823874983,370,79,1480,5529,7009
1548,subcell,HQ,std_ctrl__tvn_efaar_e0.2_c96,0.30837713195152405,0.06585886244446226,0.02030936711421321,370,63,1480,5849,7329
1549,subcell,HQ,std_ctrl__tvn_efaar_e0.2_c96,0.32076616658907064,-0.0220287138853074,-0.007066066107877487,370,68,1480,5689,7169
1550,subcell,HQ,std_ctrl__tvn_efaar_e0.2_c96,0.29422367438311203,-0.011831168080237955,-0.0034810097448118005,370,66,1480,5593,7073
1551,subcell,HQ,std_ctrl__tvn_efaar_e0.2_c96,0.2952687652343958,0.08893830142804152,0.02626070244470232,370,64,1480,5625,7105
1552,subcell,HQ,std_ctrl__tvn_efaar_e0.2_c96,0.2808514513115747,0.018454636155055475,0.005183011347574389,370,79,1480,5657,7137
1553,subcell,HQ,std_ctrl__tvn_efaar_e0.2_c96,0.30653116784959383,0.023297874984248783,0.007141524827335617,370,64,1480,5817,7297
1554,subcell,HQ,std_ctrl__tvn_efaar_e0.2_c96,0.27988332018763523,0.03870136391862651,0.010831866229335137,370,80,1480,5625,7105
1555,subcell,HQ,std_ctrl__tvn_efaar_e0.2_c96,0.2616008210403491,0.03125937100648608,0.00817747712050164,370,91,1480,5881,7361
1556,subcell,HQ,std_ctrl__tvn_efaar_e0.2_c96,0.3120972029741942,0.01540843535115039,0.0048089295753027325,370,59,1480,5881,7361
1557,subcell,HQ,std_ctrl__tvn_efaar_e0.2_c96,0.3281699587212799,0.050124346925535274,0.016449304861484024,370,114,1480,5785,7265
1558,subcell,HQ,std_ctrl__tvn_efaar_e0.2_c96,0.2922812523192333,0.08697495818231309,0.025421149697939415,370,69,1480,5689,7169
1559,subcell,HQ,std_ctrl__tvn_efaar_e0.2_c96,0.3033782565471135,0.046842983523462785,0.014211142672813303,370,52,1480,5593,7073
1560,subcell,HQ,std_ctrl__tvn_efaar_e0.2_c96,0.2864411021550509,-0.025546186631405555,-0.007317477854558435,370,73,1480,5593,7073
1561,subcell,HQ,std_ctrl__tvn_efaar_e0.2_c96,0.32929964064435396,0.01787266838933988,0.0058854632779653275,370,90,1480,5721,7201
1562,subcell,HQ,std_ctrl__tvn_efaar_e0.2_c96,0.3154890124519757,0.06568416816062371,0.020722633346724677,370,106,1480,5849,7329
1563,subcell,HQ,std_ctrl__tvn_efaar_e0.2_c96,0.2907846922606061,0.08938507952908903,0.025991812843555957,370,78,1480,5689,7169
1564,subcell,HQ,std_ctrl__tvn_efaar_e0.2_c96,0.29242952632156205,0.0658858785203483,0.019266976246985434,370,78,1480,5305,6785
1565,subcell,HQ,std_ctrl__tvn_efaar_e0.2_c96,0.3326950803544045,0.05318555454801106,0.017694572344044104,370,84,1480,5785,7265
1566,subcell,HQ,std_ctrl__tvn_efaar_e0.2_c96,0.2541098305993666,-0.017249751155275002,-0.004383331343948159,370,76,1480,5625,7105
1567,subcell,HQ,std_ctrl__tvn_efaar_e0.2_c96,0.2837400865800519,0.024251154057613834,0.006881024551973526,370,70,1480,5689,7169
1568,subcell,HQ,std_ctrl__tvn_efaar_e0.2_c96,0.28531853549723013,-0.0011890092241873098,-0.000339246370537821,370,94,1480,5753,7233
1569,subcell,HQ,std_ctrl__tvn_efaar_e0.2_c96,0.3089380943155686,0.010683108842378808,0.0033004192871303093,370,58,1480,5689,7169
1570,subcell,HQ,std_ctrl__tvn_efaar_e0.2_c96,0.28878434315592955,-0.02839194219764454,-0.008199148378467897,370,75,1480,5497,6977
1571,subcell,HQ,std_ctrl__tvn_efaar_e0.2_c96,0.3083245980438684,0.03133891994996368,0.00966255989670152,370,55,1480,5497,6977
1572,subcell,HQ,std_ctrl__tvn_efaar_e0.2_c96,0.27984699511661637,-0.057977331490250285,-0.01622478200242652,370,96,1480,5753,7233
1573,subcell,HQ,std_ctrl__tvn_efaar_e0.2_c96,0.2795044885013662,0.050693842423009734,0.014169156496612196,370,42,1480,5785,7265
1574,subcell,HQ,std_ctrl__tvn_efaar_e0.2_c96,0.29640730589360026,0.021189332779553666,0.006280673042870454,370,81,1480,5689,7169
1575,subcell,HQ,std_ctrl__tvn_efaar_e0.2_c96,0.2870105097220698,-2.8551995822510175e-06,-8.194722874601053e-07,370,76,1480,5625,7105
1576,subcell,HQ,std_ctrl__tvn_efaar_e0.2_c96,0.31942081846714976,0.1783316799768343,0.05696285117682223,370,60,1480,5593,7073
1577,subcell,HQ,std_ctrl__tvn_efaar_e0.2_c96,0.2881062678789419,0.034103667316770156,0.009825480311619698,370,70,1480,5529,7009
1578,subcell,HQ,std_ctrl__tvn_efaar_e0.2_c96,0.2971584216758944,0.08092620770057471,0.024047904152518392,370,67,1480,5689,7169
1579,subcell,HQ,std_ctrl__tvn_efaar_e0.2_c96,0.26584741600744716,0.01273332403592169,0.0033851212921352995,370,50,1480,5529,7009
1580,subcell,HQ,std_ctrl__tvn_efaar_e0.2_c96,0.3112172068613351,-0.01956620508128071,-0.006089339694272245,370,53,1480,5625,7105
1581,subcell,HQ,std_ctrl__tvn_efaar_e0.2_c96,0.26643006139435615,0.018891120602034895,0.005033162421808343,370,53,1480,5657,7137
1582,subcell,HQ,std_ctrl__tvn_efaar_e0.2_c96,0.27696244878148407,-0.005656904377248372,-0.0015667500888454054,370,58,1480,5721,7201
1583,subcell,HQ,std_ctrl__tvn_efaar_e0.2_c96,0.2672031886365432,0.11947510931137448,0.03192413017069881,370,101,1480,5849,7329
1584,subcell,HQ,std_ctrl__tvn_efaar_e0.2_c96,0.25765830027822034,0.01288187790867111,0.003319122766339754,370,82,1480,5628,7108
1585,subcell,HQ,std_ctrl__tvn_efaar_e0.2_c96,0.2709081851312681,0.006077811770874188,0.0016465289564169849,370,120,1480,5913,7393
1586,subcell,HQ,std_ctrl__tvn_efaar_e0.2_c96,0.28366846064189793,0.0006601657015156642,0.00018726818831752714,370,69,1480,5849,7329
1587,subcell,HQ,std_ctrl__tvn_efaar_e0.2_c96,0.3004825642917777,0.04731653990695047,0.014217795244654712,370,57,1480,5785,7265
1588,subcell,HQ,std_ctrl__tvn_efaar_e0.2_c96,0.26320627207019476,0.04821948395972869,0.012691670614188742,370,68,1480,5689,7169
1589,subcell,HQ,std_ctrl__tvn_efaar_e0.2_c96,0.2715535215776744,-0.05084937577717826,-0.01380832706231925,370,80,1480,5625,7105
1590,subcell,HQ,std_ctrl__tvn_efaar_e0.2_c96,0.29862929874894545,0.013963771596652508,0.004169991319798781,370,100,1480,5689,7169
1591,subcell,HQ,std_ctrl__tvn_efaar_e0.2_c96,0.30063785895160633,0.019835615967461043,0.005963337115443783,370,86,1480,5785,7265
1592,subcell,HQ,std_ctrl__tvn_efaar_e0.2_c96,0.2888580818538397,0.09868406568236483,0.028505689922546235,370,74,1480,5753,7233
1593,subcell,HQ,std_ctrl__tvn_efaar_e0.2_c96,0.27405856158239567,0.04835893478326105,0.013253180106357405,370,67,1480,5689,7169
1594,subcell,HQ,std_ctrl__tvn_efaar_e0.2_c96,0.27927653961567894,0.0003551963583376725,9.919800984063588e-05,370,97,1480,5721,7201
1595,subcell,HQ,std_ctrl__tvn_efaar_e0.2_c96,0.3033855412243345,0.04913599251551743,0.014907149682915104,370,64,1480,5689,7169
1596,subcell,HQ,std_ctrl__tvn_efaar_e0.2_c96,0.29437860363018553,-0.01117876694894313,-0.003290789804737148,370,89,1480,5817,7297
1597,subcell,HQ,std_ctrl__tvn_efaar_e0.2_c96,0.32172598534508284,-0.048702283123574906,-0.015668790026487335,370,93,1480,5631,7111
1598,subcell,HQ,std_ctrl__tvn_efaar_e0.2_c96,0.29207769680241946,0.019078604432158825,0.005572434840749382,370,84,1480,5753,7233
1599,subcell,HQ,std_ctrl__tvn_efaar_e0.2_c96,0.2937711313606053,0.024486655325158882,0.007193472438109115,370,63,1480,5657,7137
1600,subcell,HQ,std_ctrl__tvn_efaar_e0.2_c96,0.2768749567297588,-0.013307063481462272,-0.0036843926256300203,370,63,1480,5625,7105
1601,subcell,HQ,std_ctrl__tvn_efaar_e0.2_c96,0.2925695528911407,0.11766170283058791,0.03442423178955537,370,68,1480,5753,7233
1602,subcell,HQ,std_ctrl__tvn_efaar_e0.2_c96,0.2782237654548727,0.004590735569012965,0.0012772517362184047,370,84,1480,5881,7361
1603,subcell,HQ,std_ctrl__tvn_efaar_e0.2_c96,0.27797037976043626,0.06548510150986597,0.018202918535348164,370,76,1480,5817,7297
1604,subcell,HQ,std_ctrl__tvn_efaar_e0.2_c96,0.252999008559231,-0.0053248013883977225,-0.0013471694720394406,370,64,1480,5625,7105
1605,subcell,HQ,std_ctrl__tvn_efaar_e0.2_c96,0.2625637108962115,0.018849969130876817,0.004949317845282052,370,74,1480,5503,6983
1606,subcell,HQ,std_ctrl__tvn_efaar_e0.2_c96,0.2751667059662392,0.007150761640142967,0.001967651525667882,370,84,1480,5881,7361
1607,subcell,HQ,std_ctrl__tvn_efaar_e0.2_c96,0.2769287545655746,0.011893381109763785,0.003293619218300616,370,73,1480,5753,7233
1608,subcell,HQ,std_ctrl__tvn_efaar_e0.2_c96,0.2989232922225417,0.025827941047102603,0.007720573169129632,370,72,1480,5785,7265
1609,subcell,HQ,std_ctrl__tvn_efaar_e0.2_c96,0.29239323074767076,0.010431959196478924,0.0030502342524863484,370,108,1480,5593,7073
1610,subcell,HQ,std_ctrl__tvn_efaar_e0.2_c96,0.28869936692441667,-0.008633931808215511,-0.002492610647100402,370,65,1480,5625,7105
1611,subcell,HQ,std_ctrl__tvn_efaar_e0.2_c96,0.30287660692159346,0.05162195724961838,0.01563508325441597,370,48,1480,5657,7137
1612,subcell,HQ,std_ctrl__tvn_efaar_e0.2_c96,0.2856271148117367,0.0015266949985430604,0.0004360654876313629,370,95,1480,5657,7137
1613,subcell,HQ,std_ctrl__tvn_efaar_e0.2_c96,0.25695790222905096,0.057301506059727274,0.014724074791672773,370,49,1480,5529,7009
1614,subcell,HQ,std_ctrl__tvn_efaar_e0.2_c96,0.2789689374627954,-0.019165013770553588,-0.005346443528031176,370,88,1480,5753,7233
1615,subcell,HQ,std_ctrl__tvn_efaar_e0.2_c96,0.3193715168692217,0.08328032806164161,0.026597364698412892,370,49,1480,5977,7457
1616,subcell,HQ,std_ctrl__tvn_efaar_e0.2_c96,0.2944970651588283,0.07831436159686517,0.02306334965006404,370,72,1480,5657,7137
1617,subcell,HQ,std_ctrl__tvn_efaar_e0.2_c96,0.2971174474646055,0.03393702281563264,0.01008328159352885,370,73,1480,5689,7169
1618,subcell,HQ,std_ctrl__tvn_efaar_e0.2_c96,0.2897658746193097,-0.05835918475288819,-0.016910500211990528,370,46,1480,5753,7233
1619,subcell,HQ,std_ctrl__tvn_efaar_e0.2_c96,0.2879998605278662,0.03629769637764987,0.010453731494245996,370,48,1480,5785,7265
1620,subcell,HQ,std_ctrl__tvn_efaar_e0.2_c96,0.25922864732646106,0.03550591791298547,0.009204151072667586,370,52,1480,5561,7041
1621,subcell,HQ,std_ctrl__tvn_efaar_e0.2_c96,0.28195660804928635,-0.0010985574848219393,-0.0003097455421675494,370,71,1480,5625,7105
1622,subcell,HQ,std_ctrl__tvn_efaar_e0.2_c96,0.24589509910787136,0.035143477541998584,0.008641608893184993,370,65,1480,5305,6785
1623,subcell,HQ,std_ctrl__tvn_efaar_e0.2_c96,0.2743912091773506,-0.01166743377756147,-0.0032014412622217553,370,68,1480,5753,7233
1624,subcell,HQ,std_ctrl__tvn_efaar_e0.2_c96,0.2827303040399322,0.04034978787312931,0.01140810779331662,370,72,1480,5689,7169
1625,subcell,HQ,std_ctrl__tvn_efaar_e0.2_c96,0.303538613545438,0.0027436725512752225,0.0008328105622367557,370,70,1480,5913,7393
1626,subcell,HQ,std_ctrl__tvn_efaar_e0.2_c96,0.3072411715792793,0.0379634965723057,0.01166394916412116,370,54,1480,5593,7073
1627,subcell,HQ,std_ctrl__tvn_efaar_e0.2_c96,0.2754472698199992,0.023785760583381877,0.006551722813284689,370,61,1480,5529,7009
1628,subcell,HQ,std_ctrl__tvn_efaar_e0.2_c96,0.27417716049221863,-0.02945994037153211,-0.008077242799336751,370,94,1480,5849,7329
1629,subcell,HQ,std_ctrl__tvn_efaar_e0.2_c96,0.285996308561795,0.03512653710554846,0.010046059944745778,370,70,1480,5817,7297
1630,subcell,HQ,std_ctrl__tvn_efaar_e0.2_c96,0.26614752713672574,-0.012339022359514989,-0.003284000288269681,370,69,1480,5657,7137
1631,subcell,HQ,std_ctrl__tvn_efaar_e0.2_c96,0.2996459816401696,0.2296638969926389,0.06881786386166608,370,50,1480,5881,7361
1632,subcell,HQ,std_ctrl__tvn_efaar_e0.2_c96,0.30999537718642955,-0.0198956962252354,-0.006167573855728471,370,73,1480,5721,7201
1633,subcell,HQ,std_ctrl__tvn_efaar_e0.2_c96,0.3010343693506176,-0.020751459849502458,-0.006246902628899635,370,72,1480,5721,7201
1634,subcell,HQ,std_ctrl__tvn_efaar_e0.2_c96,0.30080976222746986,0.11762148841116621,0.03538169196180401,370,53,1480,5663,7143
1635,subcell,HQ,std_ctrl__tvn_efaar_e0.2_c96,0.3080039061731262,0.013224192549126781,0.0040731029611166,370,77,1480,5753,7233
1636,subcell,HQ,std_ctrl__tvn_efaar_e0.2_c96,0.2772968093545081,0.06989123791856984,0.01938061727665623,370,56,1480,5753,7233
1637,subcell,HQ,std_ctrl__tvn_efaar_e0.2_c96,0.29694250368009706,-0.01580009582973273,-0.0046917200140662975,370,61,1480,5881,7361
1638,subcell,HQ,std_ctrl__tvn_efaar_e0.2_c96,0.2981286640593784,0.009860113293105011,0.002939582403547515,370,58,1480,5881,7361
1639,subcell,HQ,std_ctrl__tvn_efaar_e0.2_c96,0.27210021742994667,-0.032924137260268896,-0.008958664907212576,370,69,1480,5977,7457
1640,subcell,HQ,std_ctrl__tvn_efaar_e0.2_c96,0.28677807285812235,0.1004590371297991,0.028809449069266344,370,72,1480,5625,7105
1641,subcell,HQ,std_ctrl__tvn_efaar_e0.2_c96,0.30521614400978203,-0.0002535378708967548,-7.738385131555744e-05,370,78,1480,5657,7137
1642,subcell,HQ,std_ctrl__tvn_efaar_e0.2_c96,0.2998192623516586,-0.02358058133917695,-0.0070699125029353195,370,113,1480,5593,7073
1643,subcell,HQ,std_ctrl__tvn_efaar_e0.2_c96,0.2622362390025485,0.08794149460433441,0.023061446797303566,370,104,1480,5689,7169
1644,subcell,HQ,std_ctrl__tvn_efaar_e0.2_c96,0.2793212584007537,0.07427950070686432,0.020747843610821017,370,61,1480,5561,7041
1645,subcell,HQ,std_ctrl__tvn_efaar_e0.2_c96,0.2762062694378078,-0.020870930307883392,-0.005764681800036949,370,61,1480,5785,7265
1646,subcell,HQ,std_ctrl__tvn_efaar_e0.2_c96,0.31061446579111407,0.049097219403114435,0.015250306576727511,370,71,1480,5753,7233
1647,subcell,HQ,std_ctrl__tvn_efaar_e0.2_c96,0.29672759267826687,0.004898782354480961,0.0014536038950999077,370,70,1480,5881,7361
1648,subcell,HQ,std_ctrl__tvn_efaar_e0.2_c96,0.3104609391382047,0.0027732484272535015,0.0008609853111886713,370,87,1480,5817,7297
1649,subcell,HQ,std_ctrl__tvn_efaar_e0.2_c96,0.30498848368691184,0.006489436174306211,0.0019792032987846456,370,101,1480,5913,7393
1650,subcell,HQ,std_ctrl__tvn_efaar_e0.2_c96,0.291942981331805,0.03273472812943652,0.009556674123193798,370,48,1480,5625,7105
1651,subcell,HQ,std_ctrl__tvn_efaar_e0.2_c96,0.2661758511025427,0.03301975487339543,0.008789061356623362,370,79,1480,5689,7169
1652,subcell,HQ,std_ctrl__tvn_efaar_e0.2_c96,0.2854129099335516,0.013553758091622759,0.003868417537465473,370,77,1480,5535,7015
1653,subcell,HQ,std_ctrl__tvn_efaar_e0.2_c96,0.30565164891562013,-0.019736724756398084,-0.006032562465986815,370,61,1480,5753,7233
1654,subcell,HQ,std_ctrl__tvn_efaar_e0.2_c96,0.262608987805793,-0.02947820472189866,-0.007741241504349755,370,87,1480,5753,7233
1655,subcell,HQ,std_ctrl__tvn_efaar_e0.2_c96,0.2646718552088053,0.03809290836461051,0.010082120727160481,370,86,1480,5785,7265
1656,subcell,HQ,std_ctrl__tvn_efaar_e0.2_c96,0.29279729412217126,0.01995742145396297,0.005843478999376127,370,68,1480,5785,7265
1657,subcell,HQ,std_ctrl__tvn_efaar_e0.2_c96,0.290426384895676,0.08164399016491479,0.02371156891205433,370,64,1480,5753,7233
1658,subcell,HQ,std_ctrl__tvn_efaar_e0.2_c96,0.27658329799771125,0.013539395052732824,0.0037447705365787403,370,61,1480,5657,7137
1659,subcell,HQ,std_ctrl__tvn_efaar_e0.2_c96,0.303524982577269,-0.020625000045487507,-0.006260202779462768,370,50,1480,5785,7265
1660,subcell,HQ,std_ctrl__tvn_efaar_e0.2_c96,0.3054773714156072,-0.02721479540209533,-0.008313504163045634,370,72,1480,5625,7105
1661,subcell,HQ,std_ctrl__tvn_efaar_e0.2_c96,0.3212374623505775,0.09400695840225777,0.030198556760437586,370,87,1480,5913,7393
1662,subcell,HQ,std_ctrl__tvn_efaar_e0.2_c96,0.2972841983761301,-0.011899542699002683,-0.0035375460123155443,370,70,1480,5657,7137
1663,subcell,HQ,std_ctrl__tvn_efaar_e0.2_c96,0.26316444392482097,0.06809886431848348,0.017921199760285538,370,76,1480,5689,7169
1664,subcell,HQ,std_ctrl__tvn_efaar_e0.2_c96,0.2992993110204354,-0.034789764741655585,-0.010412552617740552,370,77,1480,5625,7105
1665,subcell,HQ,std_ctrl__tvn_efaar_e0.2_c96,0.2616864818978857,-0.048518172674226534,-0.012696549915232473,370,88,1480,5753,7233
1666,subcell,HQ,std_ctrl__tvn_efaar_e0.2_c96,0.32150331152341755,0.011188244851308838,0.0035970577698306175,370,100,1480,5561,7041
1667,subcell,HQ,std_ctrl__tvn_efaar_e0.2_c96,0.2810745466300581,-0.002897034420463503,-0.0008142826363034523,370,120,1480,5657,7137
1668,subcell,HQ,std_ctrl__tvn_efaar_e0.2_c96,0.30415687568902083,0.045353566671878794,0.013794599140272357,370,95,1480,5561,7041
1669,subcell,HQ,std_ctrl__tvn_efaar_e0.2_c96,0.2724208434279627,0.012345598966771626,0.003363198483151311,370,88,1480,5593,7073
1670,subcell,HQ,std_ctrl__tvn_efaar_e0.2_c96,0.30024290989816704,0.06514534936380827,0.0195594292593225,370,79,1480,5753,7233
1671,subcell,HQ,std_ctrl__tvn_efaar_e0.2_c96,0.2899842112441227,0.009017513195595751,0.0026149364514083022,370,54,1480,5785,7265
1672,subcell,HQ,std_ctrl__tvn_efaar_e0.2_c96,0.29426400396315366,0.03627252026572296,0.010673697047226273,370,58,1480,5529,7009
1673,subcell,HQ,std_ctrl__tvn_efaar_e0.2_c96,0.2776620978455485,0.009377072880819032,0.0026036577277388138,370,107,1480,5657,7137
1674,subcell,HQ,std_ctrl__tvn_efaar_e0.2_c96,0.29605496815523197,0.05193596965664444,0.015375901842808962,370,55,1480,5785,7265
1675,subcell,HQ,std_ctrl__tvn_efaar_e0.2_c96,0.3061412177042036,-0.033279793844309125,-0.010188316612441654,370,57,1480,5497,6977
1676,subcell,HQ,std_ctrl__tvn_efaar_e0.2_c96,0.27445006924391274,0.038867755033177645,0.010667258060211043,370,41,1480,5817,7297
1677,subcell,HQ,std_ctrl__tvn_efaar_e0.2_c96,0.2906524894364241,0.030092526129492786,0.008746467632967717,370,70,1480,5593,7073
1678,subcell,HQ,std_ctrl__tvn_efaar_e0.2_c96,0.29278196441780086,0.14453816377542922,0.04231816752351199,370,55,1480,5625,7105
1679,subcell,HQ,std_ctrl__tvn_efaar_e0.2_c96,0.32370683190706545,-0.008238243355939616,-0.0026667756572306437,370,77,1480,5721,7201
1680,subcell,HQ,std_ctrl__tvn_efaar_e0.2_c96,0.2651067426854643,-0.02649821742251395,-0.007024856107853893,370,89,1480,5913,7393
1681,subcell,HQ,std_ctrl__tvn_efaar_e0.2_c96,0.309944460944558,-0.004552159558498798,-0.001410916640492527,370,60,1480,5593,7073
1682,subcell,HQ,std_ctrl__tvn_efaar_e0.2_c96,0.299782377934687,0.02711088165923688,0.008127364571711924,370,73,1480,5849,7329
1683,subcell,HQ,std_ctrl__tvn_efaar_e0.2_c96,0.3069880245940277,-0.021688952459810746,-0.006658248671151079,370,84,1480,5689,7169
1684,subcell,HQ,std_ctrl__tvn_efaar_e0.2_c96,0.2838694495269136,0.05236903050974907,0.014865967863060613,370,84,1480,5721,7201
1685,subcell,HQ,std_ctrl__tvn_efaar_e0.2_c96,0.31759962691105736,0.027640916715703973,0.00877874483638719,370,69,1480,5657,7137
1686,subcell,HQ,std_ctrl__tvn_efaar_e0.2_c96,0.2675162137941023,0.0068146786743814875,0.0018230370371939476,370,95,1480,5689,7169
1687,subcell,HQ,std_ctrl__tvn_efaar_e0.2_c96,0.30144591668851434,0.026157062619214525,0.007884939719127994,370,52,1480,5721,7201
1688,subcell,HQ,std_ctrl__tvn_efaar_e0.2_c96,0.25724953178380094,0.07045193400191854,0.01812372703525679,370,72,1480,5529,7009
1689,subcell,HQ,std_ctrl__tvn_efaar_e0.2_c96,0.2806227506869474,0.005962002350398476,0.001673073499170866,370,52,1480,5529,7009
1690,subcell,HQ,std_ctrl__tvn_efaar_e0.2_c96,0.31644727861750943,0.034108189847040116,0.01079344385566521,370,61,1480,5849,7329
1691,subcell,HQ,std_ctrl__tvn_efaar_e0.2_c96,0.2713002234618077,0.00019144895340558298,5.194014384046387e-05,370,86,1480,5529,7009
1692,subcell,HQ,std_ctrl__tvn_efaar_e0.2_c96,0.2790855375714924,0.006445821163183525,0.0017989354644167765,370,80,1480,5497,6977
1693,subcell,HQ,std_ctrl__tvn_efaar_e0.2_c96,0.29092132276427146,0.04094119821230591,0.01191066753947826,370,79,1480,5817,7297
1694,subcell,HQ,std_ctrl__tvn_efaar_e0.2_c96,0.2779071475205014,0.0636190357871338,0.01768018476360705,370,50,1480,5753,7233
1695,subcell,HQ,std_ctrl__tvn_efaar_e0.2_c96,0.2541026994824631,0.012128806845455243,0.003081962560931555,370,86,1480,5721,7201
1696,subcell,HQ,std_ctrl__tvn_efaar_e0.2_c96,0.2741444430982166,0.06277838314980577,0.017210344887209968,370,76,1480,5689,7169
1697,subcell,HQ,std_ctrl__tvn_efaar_e0.2_c96,0.28754639043153357,0.025424136237282728,0.0073106186048702,370,74,1480,5913,7393
1698,subcell,HQ,std_ctrl__tvn_efaar_e0.2_c96,0.30145642246083465,0.016721395268570888,0.005040771996216907,370,65,1480,5625,7105
1699,subcell,HQ,std_ctrl__tvn_efaar_e0.2_c96,0.23143609172429722,0.04350096030250438,0.010067692238665415,370,57,1480,5561,7041
1700,subcell,HQ,std_ctrl__tvn_efaar_e0.2_c96,0.2891500386606179,0.028342921480391747,0.008195356841810131,370,85,1480,5753,7233
1701,subcell,HQ,std_ctrl__tvn_efaar_e0.2_c96,0.29766593104257305,0.10392909415566563,0.03093615057425745,370,95,1480,5689,7169
1702,subcell,HQ,std_ctrl__tvn_efaar_e0.2_c96,0.305213016948048,-0.027430120149270966,-0.008372029726006432,370,59,1480,5689,7169
1703,subcell,HQ,std_ctrl__tvn_efaar_e0.2_c96,0.2636523591117639,0.005902223955540665,0.0015561352698842629,370,81,1480,5529,7009
1704,subcell,HQ,std_ctrl__tvn_efaar_e0.2_c96,0.30363213750682183,0.007905096919653567,0.0024002414749130056,370,85,1480,5689,7169
1705,subcell,HQ,std_ctrl__tvn_efaar_e0.2_c96,0.2843427684414977,0.012399138268169895,0.003525605301460345,370,91,1480,5817,7297
1706,subcell,HQ,std_ctrl__tvn_efaar_e0.2_c96,0.25123845384124033,0.0231474202759037,0.005815522080531423,370,40,1480,5625,7105
1707,subcell,HQ,std_ctrl__tvn_efaar_e0.2_c96,0.2773506703445979,0.0063234076986009346,0.0017538013640691604,370,95,1480,5817,7297
1708,subcell,HQ,std_ctrl__tvn_efaar_e0.2_c96,0.29574623362758046,0.06311682912800187,0.018666564493122116,370,99,1480,5497,6977
1709,subcell,HQ,std_ctrl__tvn_efaar_e0.2_c96,0.29070800307924577,0.031146193086302332,0.009054447595639562,370,89,1480,5817,7297
1710,subcell,HQ,std_ctrl__tvn_efaar_e0.2_c96,0.2793530421900531,-0.036864402313163694,-0.010298182934700308,370,75,1480,5657,7137
1711,subcell,HQ,std_ctrl__tvn_efaar_e0.2_c96,0.27817690801611616,0.06322459789474316,0.0175876231529219,370,79,1480,5689,7169
1712,subcell,HQ,std_ctrl__tvn_efaar_e0.2_c96,0.2823779909093888,0.017492206406697068,0.004939414101695457,370,91,1480,5625,7105
1713,subcell,HQ,std_ctrl__tvn_efaar_e0.2_c96,0.33234391607874464,0.03895195332928588,0.012945444708371365,370,71,1480,5753,7233
1714,subcell,HQ,std_ctrl__tvn_efaar_e0.2_c96,0.28174691686281494,0.009002906024700396,0.0025365410152649983,370,87,1480,5817,7297
1715,subcell,HQ,std_ctrl__tvn_efaar_e0.2_c96,0.30232527222276956,0.006519885992856223,0.00197112630765168,370,71,1480,5529,7009
1716,subcell,HQ,std_ctrl__tvn_efaar_e0.2_c96,0.33539473186145063,-0.006363649209819608,-0.0021343344203877796,370,80,1480,5721,7201
1717,subcell,HQ,std_ctrl__tvn_efaar_e0.2_c96,0.3238003227161356,0.024339362409173074,0.007881093402795221,370,63,1480,5721,7201
1718,subcell,HQ,std_ctrl__tvn_efaar_e0.2_c96,0.28833241160724815,0.0007297234687112322,0.00021040292753991588,370,80,1480,5657,7137
1719,subcell,HQ,std_ctrl__tvn_efaar_e0.2_c96,0.30529523204520354,0.04053808054718506,0.012376082707320013,370,72,1480,5689,7169
1720,subcell,HQ,std_ctrl__tvn_efaar_e0.2_c96,0.3009863308051038,0.14314420669482344,0.043084449549082283,370,61,1480,5497,6977
1721,subcell,HQ,std_ctrl__tvn_efaar_e0.2_c96,0.27204197439270644,0.005551517329015771,0.0015102457350607745,370,61,1480,5721,7201
1722,subcell,HQ,std_ctrl__tvn_efaar_e0.2_c96,0.2719590562794079,0.026380166341830276,0.007174325142817963,370,68,1480,5497,6977
1723,subcell,HQ,std_ctrl__tvn_efaar_e0.2_c96,0.2878833298701225,0.17482380259224692,0.050328858430812994,370,70,1480,5817,7297
1724,subcell,HQ,std_ctrl__tvn_efaar_e0.2_c96,0.2932103307640071,0.04668170162014067,0.013687557172668131,370,65,1480,5401,6881
1725,subcell,HQ,std_ctrl__tvn_efaar_e0.2_c96,0.27813742762029275,0.03326335677545906,0.00925178448754222,370,78,1480,5721,7201
1726,subcell,HQ,std_ctrl__tvn_efaar_e0.2_c96,0.27380816363009075,0.05572611285130753,0.015258264626059717,370,61,1480,5593,7073
1727,subcell,HQ,std_ctrl__tvn_efaar_e0.2_c96,0.32977938085141273,0.047199004869754646,0.0155652586027505,370,97,1480,5529,7009
1728,subcell,HQ,std_ctrl__tvn_efaar_e0.2_c96,0.27089569468231317,-0.002447234936476636,-0.0006629454081676649,370,68,1480,5785,7265
1729,subcell,HQ,std_ctrl__tvn_efaar_e0.2_c96,0.32013933904729197,0.04728570827575587,0.015138015393783549,370,51,1480,5593,7073
1730,subcell,HQ,std_ctrl__tvn_efaar_e0.2_c96,0.292645795046501,0.005962790917694238,0.0017449856888046857,370,54,1480,5593,7073
1731,subcell,HQ,std_ctrl__tvn_efaar_e0.2_c96,0.266009154150204,0.021830435590088265,0.005807095706049889,370,70,1480,5593,7073
1732,subcell,HQ,std_ctrl__tvn_efaar_e0.2_c96,0.29556231418346723,0.04647051973563624,0.013734934354373134,370,52,1480,5433,6913
1733,subcell,HQ,std_ctrl__tvn_efaar_e0.2_c96,0.27737012938096145,0.011161078504105287,0.003095749788714751,370,80,1480,5753,7233
1734,subcell,HQ,std_ctrl__tvn_efaar_e0.2_c96,0.278300410032134,0.022549200787240105,0.0062754518249858405,370,57,1480,5721,7201
1735,subcell,HQ,std_ctrl__tvn_efaar_e0.2_c96,0.3001887559139677,0.01977846759156431,0.005937273580196419,370,65,1480,5753,7233
1736,subcell,HQ,std_ctrl__tvn_efaar_e0.2_c96,0.31460035084978216,0.018632216330137008,0.005861701794570144,370,65,1480,5625,7105
1737,subcell,HQ,std_ctrl__tvn_efaar_e0.2_c96,0.3009394034949555,0.021228875335953055,0.006388605080470486,370,85,1480,5721,7201
1738,subcell,HQ,std_ctrl__tvn_efaar_e0.2_c96,0.2912210216771495,0.03158120208420733,0.009197109936755384,370,86,1480,5593,7073
1739,subcell,HQ,std_ctrl__tvn_efaar_e0.2_c96,0.3013415548792568,-0.015515752257641935,-0.0046755409104391596,370,92,1480,5657,7137
1740,subcell,HQ,std_ctrl__tvn_efaar_e0.2_c96,0.25413630707471624,0.03944619903161049,0.010024711350027738,370,77,1480,5529,7009
1741,subcell,HQ,std_ctrl__tvn_efaar_e0.2_c96,0.28743327941432206,0.03397875607391827,0.009766625288745645,370,81,1480,5657,7137
1742,subcell,HQ,std_ctrl__tvn_efaar_e0.2_c96,0.29651582516117414,0.014190573873602603,0.004207729721641875,370,77,1480,5529,7009
1743,subcell,HQ,std_ctrl__tvn_efaar_e0.2_c96,0.2984213442465667,0.002493469984253663,0.0007441046645394435,370,44,1480,5625,7105
1744,subcell,HQ,std_ctrl__tvn_efaar_e0.2_c96,0.2817748902685888,0.034398883997335906,0.009692741763711241,370,92,1480,5657,7137
1745,subcell,HQ,std_ctrl__tvn_efaar_e0.2_c96,0.27759331063628506,0.07789158368210328,0.021622182585018287,370,70,1480,5785,7265
1746,subcell,HQ,std_ctrl__tvn_efaar_e0.2_c96,0.2895028976557832,-0.019781076462921262,-0.005726678954766316,370,82,1480,5721,7201
1747,subcell,HQ,std_ctrl__tvn_efaar_e0.2_c96,0.2942430847753075,0.04547908041523313,0.013381904914122469,370,57,1480,5785,7265
1748,subcell,HQ,std_ctrl__tvn_efaar_e0.2_c96,0.3010539721870462,0.0557259773126895,0.016776526823990393,370,73,1480,5817,7297
1749,subcell,HQ,std_ctrl__tvn_efaar_e0.2_c96,0.2991623161667069,0.07559428103814435,0.022614960204328235,370,68,1480,5881,7361
1750,subcell,HQ,std_ctrl__tvn_efaar_e0.2_c96,0.2812282175859378,-0.024873022649568408,-0.006994995825712783,370,59,1480,5497,6977
1751,subcell,HQ,std_ctrl__tvn_efaar_e0.2_c96,0.27986931256617914,0.013314483242599684,0.003726315272280285,370,60,1480,5625,7105
1752,subcell,HQ,std_ctrl__tvn_efaar_e0.2_c96,0.27237516817772944,0.09382357791808665,0.025555212814475155,370,62,1480,5625,7105
1753,subcell,HQ,std_ctrl__tvn_efaar_e0.2_c96,0.29067024862793506,0.01362276381628572,0.003959732145479408,370,86,1480,5529,7009
1754,subcell,HQ,std_ctrl__tvn_efaar_e0.2_c96,0.2997293918465523,0.007816909258752577,0.002342957458245594,370,66,1480,5465,6945
1755,subcell,HQ,std_ctrl__tvn_efaar_e0.2_c96,0.34063182128012676,0.06536461068817975,0.02226526638598111,370,56,1480,5689,7169
1756,subcell,HQ,std_ctrl__tvn_efaar_e0.2_c96,0.3278222141957688,-0.012566218677488458,-0.004119485630922492,370,66,1480,5753,7233
1757,subcell,HQ,std_ctrl__tvn_efaar_e0.2_c96,0.32130092914940833,-0.009949700656137919,-0.003196848065575591,370,64,1480,5657,7137
1758,subcell,HQ,std_ctrl__tvn_efaar_e0.2_c96,0.2837689305861631,-0.015063239838862682,-0.00427447946023695,370,66,1480,5721,7201
1759,subcell,HQ,std_ctrl__tvn_efaar_e0.2_c96,0.28945694724741455,0.07171742122685507,0.020759105812782397,370,99,1480,5625,7105
1760,subcell,HQ,std_ctrl__tvn_efaar_e0.2_c96,0.3159199605071426,0.015615955153950629,0.004933391935517392,370,100,1480,5977,7457
1761,subcell,HQ,std_ctrl__tvn_efaar_e0.2_c96,0.2675079745067727,0.1125437992808044,0.03010636378890477,370,58,1480,5689,7169
1762,subcell,HQ,std_ctrl__tvn_efaar_e0.2_c96,0.28922031995297653,0.0007244303145836762,0.00020951996736752628,370,58,1480,5657,7137
1763,subcell,HQ,std_ctrl__tvn_efaar_e0.2_c96,0.2833430992733485,0.025917764407581364,0.007343619693480585,370,61,1480,5465,6945
1764,subcell,HQ,std_ctrl__tvn_efaar_e0.2_c96,0.2772935837218499,-0.034528119363035355,-0.009574425957351872,370,67,1480,5433,6913
1765,subcell,HQ,std_ctrl__tvn_efaar_e0.2_c96,0.29696244100584,-0.007869365413393033,-0.0023369059623281263,370,58,1480,5817,7297
1766,subcell,HQ,std_ctrl__tvn_efaar_e0.2_c96,0.2803413273409317,0.046556370958998616,0.013051674830822478,370,67,1480,5913,7393
1767,subcell,HQ,std_ctrl__tvn_efaar_e0.2_c96,0.2868943170066026,0.0963968784334431,0.02765571659973116,370,75,1480,5945,7425
1768,subcell,HQ,std_ctrl__tvn_efaar_e0.2_c96,0.27253082223814007,-0.028695573486468683,-0.007820428236862282,370,82,1480,5753,7233
1769,subcell,HQ,std_ctrl__tvn_efaar_e0.2_c96,0.28660181489070274,-0.02222186652091922,-0.0063688272751543954,370,55,1480,5817,7297
1770,subcell,HQ,std_ctrl__tvn_efaar_e0.2_c96,0.2843445593598685,0.07229788527571084,0.020557510331372323,370,64,1480,5849,7329
1771,subcell,HQ,std_ctrl__tvn_efaar_e0.2_c96,0.3007567774060649,0.03090124200061179,0.009293757961948944,370,66,1480,5913,7393
1772,subcell,HQ,std_ctrl__tvn_efaar_e0.2_c96,0.26441421757945066,0.00020804022651596104,5.500879371926952e-05,370,51,1480,5753,7233
1773,subcell,HQ,std_ctrl__tvn_efaar_e0.2_c96,0.27786663973878106,-0.016206119727638305,-0.0045031400319232254,370,63,1480,5881,7361
1774,subcell,HQ,std_ctrl__tvn_efaar_e0.2_c96,0.2799806316035763,-0.037752892384508865,-0.010570078654676638,370,57,1480,5849,7329
1775,subcell,HQ,std_ctrl__tvn_efaar_e0.2_c96,0.2877927373006227,-0.026604935584337814,-0.007656707237523322,370,52,1480,5913,7393
1776,subcell,HQ,std_ctrl__tvn_efaar_e0.2_c96,0.2774694445700453,0.07039408112792557,0.019532206591584216,370,77,1480,5561,7041
1777,subcell,HQ,std_ctrl__tvn_efaar_e0.2_c96,0.2914667948267022,-0.003452273274054429,-0.0010062230260545297,370,81,1480,5593,7073
1778,subcell,HQ,std_ctrl__tvn_efaar_e0.2_c96,0.2822537978376498,-0.039738601404866875,-0.011216371167280241,370,86,1480,5913,7393
1779,subcell,HQ,std_ctrl__tvn_efaar_e0.2_c96,0.27039637104084135,0.020813745096828803,0.0056279611419516136,370,50,1480,5881,7361
1780,subcell,HQ,std_ctrl__tvn_efaar_e0.2_c96,0.2642333398260633,0.0318679289151581,0.008420569290591798,370,56,1480,5689,7169
1781,subcell,HQ,std_ctrl__tvn_efaar_e0.2_c96,0.28917949745511273,-0.039933280917839015,-0.01154788610755453,370,65,1480,5689,7169
1782,subcell,HQ,std_ctrl__tvn_efaar_e0.2_c96,0.29614054673640927,-0.038186966908419766,-0.011308709258464597,370,84,1480,5721,7201
1783,subcell,HQ,std_ctrl__tvn_efaar_e0.2_c96,0.2859767720719412,0.04016337223492004,0.01148579154726626,370,61,1480,5657,7137
1784,subcell,HQ,std_ctrl__tvn_efaar_e0.2_c96,0.29690655214330336,-0.003071126056469096,-0.0009118374486236993,370,42,1480,5762,7242
1785,subcell,HQ,std_ctrl__tvn_efaar_e0.2_c96,0.27679630827432106,0.12898589411149833,0.03570281930952522,370,66,1480,5433,6913
1786,subcell,HQ,std_ctrl__tvn_efaar_e0.2_c96,0.3047580716993318,0.022912541378224387,0.006982781928158814,370,98,1480,5817,7297
1787,subcell,HQ,std_ctrl__tvn_efaar_e0.2_c96,0.3045380155916952,0.06624041487527034,0.020172724498085437,370,86,1480,5657,7137
1788,subcell,HQ,std_ctrl__tvn_efaar_e0.2_c96,0.3065933149089043,0.05272230882195201,0.016164307431373235,370,93,1480,5625,7105
1789,subcell,HQ,std_ctrl__tvn_efaar_e0.2_c96,0.29040364778733924,-0.01698483978882636,-0.004932459431758716,370,84,1480,5689,7169
1790,subcell,HQ,std_ctrl__tvn_efaar_e0.2_c96,0.2984108649486397,0.04879323736998113,0.01456043216722036,370,94,1480,5471,6951
1791,subcell,HQ,std_ctrl__tvn_efaar_e0.2_c96,0.26686923255054357,0.03811562901800552,0.010171888664216361,370,103,1480,5689,7169
1792,subcell,HQ,std_ctrl__tvn_efaar_e0.2_c96,0.32203179031838336,0.03301535585600711,0.010631994154308492,370,67,1480,5721,7201
1793,subcell,HQ,std_ctrl__tvn_efaar_e0.2_c96,0.30182377788409104,0.03224273627157383,0.009731624470806824,370,58,1480,5593,7073
1794,subcell,HQ,std_ctrl__tvn_efaar_e0.2_c96,0.2917162454990968,0.005302029653629776,0.0015466881840817549,370,62,1480,5945,7425
1795,subcell,HQ,std_ctrl__tvn_efaar_e0.2_c96,0.28826195195341997,-0.0016324842866472869,-0.0004705831070022333,370,70,1480,5593,7073
1796,subcell,HQ,std_ctrl__tvn_efaar_e0.2_c96,0.2970836767002479,0.08385224032327222,0.024911131854790495,370,104,1480,5753,7233
1797,subcell,HQ,std_ctrl__tvn_efaar_e0.2_c96,0.3208459593828612,0.017638944936960336,0.005659384210800501,370,71,1480,5785,7265
1798,subcell,HQ,std_ctrl__tvn_efaar_e0.2_c96,0.31510465038374375,-0.06341583606777518,-0.019982624852929103,370,55,1480,5497,6977
1799,subcell,HQ,std_ctrl__tvn_efaar_e0.2_c96,0.2693520656742177,0.05723228365124096,0.015415633824714512,370,93,1480,5753,7233
1800,subcell,HQ,std_ctrl__tvn_efaar_e0.2_c96,0.2946237990571548,0.032558788500967405,0.009592593960853423,370,88,1480,5721,7201
1801,subcell,HQ,std_ctrl__tvn_efaar_e0.2_c96,0.29300745593046645,-0.02021000214787869,-0.0059216813136991975,370,73,1480,5753,7233
1802,subcell,HQ,std_ctrl__tvn_efaar_e0.2_c96,0.27389451648885305,-0.008617537338719772,-0.0023602962227132897,370,85,1480,5849,7329
1803,subcell,HQ,std_ctrl__tvn_efaar_e0.2_c96,0.29616268529829204,-0.016830623778866256,-0.0049846027335943175,370,70,1480,5753,7233
1804,subcell,HQ,std_ctrl__tvn_efaar_e0.2_c96,0.29903093488193283,0.052460169844109464,0.015687213632549032,370,49,1480,5657,7137
1805,subcell,HQ,std_ctrl__tvn_efaar_e0.2_c96,0.2812110577705583,0.020121001502590805,0.005658248115946554,370,50,1480,5657,7137
1806,subcell,HQ,std_ctrl__tvn_efaar_e0.2_c96,0.2928282331765787,0.06402217092728675,0.018747499196766302,370,50,1480,5625,7105
1807,subcell,HQ,std_ctrl__tvn_efaar_e0.2_c96,0.29220446049465043,0.034325566491394864,0.010030083637791287,370,92,1480,5785,7265
1808,subcell,HQ,std_ctrl__tvn_efaar_e0.2_c96,0.3068840705071157,-0.012281529575298532,-0.0037690057881211415,370,97,1480,5433,6913
1809,subcell,HQ,std_ctrl__tvn_efaar_e0.2_c96,0.30274912889578887,0.04797781645994835,0.014525242139571404,370,64,1480,5689,7169
1810,subcell,HQ,std_ctrl__tvn_efaar_e0.2_c96,0.3066377636581716,0.007488676714581557,0.002296311080518312,370,55,1480,5945,7425
1811,subcell,HQ,std_ctrl__tvn_efaar_e0.2_c96,0.28545495815820804,0.04381414433635373,0.012506964738271542,370,98,1480,5657,7137
1812,subcell,HQ,std_ctrl__tvn_efaar_e0.2_c96,0.3027167831603204,-0.03025115040938754,-0.009157530938828805,370,80,1480,5657,7137
1813,subcell,HQ,std_ctrl__tvn_efaar_e0.2_c96,0.3349352121970212,0.029651888934897456,0.009931461712452384,370,39,1480,5593,7073
1814,subcell,HQ,std_ctrl__tvn_efaar_e0.2_c96,0.3100079130827424,0.02455047158051904,0.0076108404598738836,370,85,1480,5721,7201
1815,subcell,HQ,std_ctrl__tvn_efaar_e0.2_c96,0.292395433293781,0.043768370888755403,0.012797671770580546,370,73,1480,5625,7105
1816,subcell,HQ,std_ctrl__tvn_efaar_e0.2_c96,0.28995900690943016,0.01694841475737594,0.004914345511737859,370,91,1480,5849,7329
1817,subcell,HQ,std_ctrl__tvn_efaar_e0.2_c96,0.29544973632981897,0.08360281098911494,0.0247004284631657,370,58,1480,5497,6977
1818,subcell,HQ,std_ctrl__tvn_efaar_e0.2_c96,0.29440092557342934,0.03914934652807677,0.011525603853460725,370,89,1480,5657,7137
1819,subcell,HQ,std_ctrl__tvn_efaar_e0.2_c96,0.2708887242358375,-0.04587519264242491,-0.01242707240897976,370,81,1480,5785,7265
1820,subcell,HQ,std_ctrl__tvn_efaar_e0.2_c96,0.2679001061115088,-0.012472188935115739,-0.003341300739160292,370,76,1480,5753,7233
1821,subcell,HQ,std_ctrl__tvn_efaar_e0.2_c96,0.2741689651387203,-0.02490601835623124,-0.006828457278453891,370,90,1480,5753,7233
1822,subcell,HQ,std_ctrl__tvn_efaar_e0.2_c96,0.3042738563809096,0.030092773428787627,0.009156444220374179,370,58,1480,5817,7297
1823,subcell,HQ,std_ctrl__tvn_efaar_e0.2_c96,0.30255842358560436,-0.029113202040235604,-0.008808444514822884,370,64,1480,5817,7297
1824,subcell,HQ,std_ctrl__tvn_efaar_e0.2_c96,0.3118053846835539,0.07547685535308307,0.02353408991807302,370,77,1480,5497,6977
1825,subcell,HQ,std_ctrl__tvn_efaar_e0.2_c96,0.2651428091797893,0.027236431564026675,0.007221543976919114,370,83,1480,5753,7233
1826,subcell,HQ,std_ctrl__tvn_efaar_e0.2_c96,0.3073072895407171,0.10346532850445819,0.03179564966414495,370,78,1480,5529,7009
1827,subcell,HQ,std_ctrl__tvn_efaar_e0.2_c96,0.2889954668269473,0.03969638117265949,0.01147207420833317,370,69,1480,5849,7329
1828,subcell,HQ,std_ctrl__tvn_efaar_e0.2_c96,0.2901251436454548,-0.05794420662111059,-0.016811071269371623,370,55,1480,5625,7105
1829,subcell,HQ,std_ctrl__tvn_efaar_e0.2_c96,0.29272041785444197,0.019554689095667828,0.005724056763097587,370,78,1480,5689,7169
1830,subcell,HQ,std_ctrl__tvn_efaar_e0.2_c96,0.32906317201376917,0.03234336572278552,0.010643010518341217,370,57,1480,5753,7233
1831,subcell,HQ,std_ctrl__tvn_efaar_e0.2_c96,0.3022861689747996,0.05255263834729734,0.01588593571552266,370,68,1480,5881,7361
1832,subcell,HQ,std_ctrl__tvn_efaar_e0.2_c96,0.30298437056474076,0.00024482054676344775,7.41767992624389e-05,370,66,1480,5753,7233
1833,subcell,HQ,std_ctrl__tvn_efaar_e0.2_c96,0.2776014511988642,0.0007858233682408655,0.00021814570740964371,370,64,1480,5689,7169
1834,subcell,HQ,std_ctrl__tvn_efaar_e0.2_c96,0.30800267781125823,-0.021626749304138722,-0.006661096698027492,370,66,1480,5721,7201
1835,subcell,HQ,std_ctrl__tvn_efaar_e0.2_c96,0.30717338971848723,0.014184186299577213,0.004357004586039659,370,53,1480,5657,7137
1836,subcell,HQ,std_ctrl__tvn_efaar_e0.2_c96,0.28151601167691426,0.03726632138262026,0.010491066165505365,370,76,1480,5721,7201
1837,subcell,HQ,std_ctrl__tvn_efaar_e0.2_c96,0.2627529748295124,0.11488823006505654,0.030187224222491028,370,83,1480,5881,7361
1838,subcell,HQ,std_ctrl__tvn_efaar_e0.2_c96,0.3020040151713966,0.08329854361521373,0.025156494629724246,370,44,1480,5593,7073
1839,subcell,HQ,std_ctrl__tvn_efaar_e0.2_c96,0.3171503552518019,0.09635907397692277,0.030560314543515717,370,52,1480,5945,7425
1840,subcell,HQ,std_ctrl__tvn_efaar_e0.2_c96,0.2986590945222315,0.010793855046317094,0.0032236829745372823,370,83,1480,5657,7137
1841,subcell,HQ,std_ctrl__tvn_efaar_e0.2_c96,0.3006938453465524,0.0976124185613351,0.029351453490785037,370,69,1480,5593,7073
1842,subcell,HQ,std_ctrl__tvn_efaar_e0.2_c96,0.294213119286942,-0.02464757309967092,-0.007251639364507103,370,71,1480,5497,6977
1843,subcell,HQ,std_ctrl__tvn_efaar_e0.2_c96,0.2923695178994938,0.006885348572710848,0.002013066042773438,370,60,1480,5625,7105
1844,subcell,HQ,std_ctrl__tvn_efaar_e0.2_c96,0.25512637456898984,-0.007580928139266137,-0.0019340947120390075,370,77,1480,5817,7297
1845,subcell,HQ,std_ctrl__tvn_efaar_e0.2_c96,0.31185688946210444,0.05139937650044432,0.016029249675720152,370,51,1480,5625,7105
1846,subcell,HQ,std_ctrl__tvn_efaar_e0.2_c96,0.29638824895134996,-0.014822956963423296,-0.00439335025867025,370,45,1480,5433,6913
1847,subcell,HQ,std_ctrl__tvn_efaar_e0.2_c96,0.30090957440297983,0.019062669496553882,0.005736139765192694,370,67,1480,5817,7297
1848,subcell,HQ,std_ctrl__tvn_efaar_e0.2_c96,0.32829225440576787,0.06663131192901021,0.0218745436071887,370,71,1480,5529,7009
1849,subcell,HQ,std_ctrl__tvn_efaar_e0.2_c96,0.2644441445463785,-0.01619690327562234,-0.004283176231022385,370,68,1480,5689,7169
1850,subcell,HQ,std_ctrl__tvn_efaar_e0.2_c96,0.27232256683455736,-0.027808320843088524,-0.007572833311348789,370,67,1480,5433,6913
1851,subcell,HQ,std_ctrl__tvn_efaar_e0.2_c96,0.2837168842037336,0.02207934868750271,0.006264284014866063,370,63,1480,5657,7137
1852,subcell,HQ,std_ctrl__tvn_efaar_e0.2_c96,0.30083579808620414,0.10148930723734641,0.03053161673996308,370,71,1480,6041,7521
1853,subcell,HQ,std_ctrl__tvn_efaar_e0.2_c96,0.3111890713302344,0.027869001140552727,0.008672528583829846,370,83,1480,5849,7329
1854,subcell,HQ,std_ctrl__tvn_efaar_e0.2_c96,0.2922407403579793,0.03232283864419128,0.009446050295849965,370,86,1480,5849,7329
1855,subcell,HQ,std_ctrl__tvn_efaar_e0.2_c96,0.28057489394964985,-0.007700213018972904,-0.002160486451188036,370,56,1480,5817,7297
1856,subcell,HQ,std_ctrl__tvn_efaar_e0.2_c96,0.3203126703731308,0.06250661261334434,0.020021660002159145,370,59,1480,5913,7393
1857,subcell,HQ,std_ctrl__tvn_efaar_e0.2_c96,0.30673153695935745,0.07713198960506543,0.0236588137202949,370,64,1480,5817,7297
1858,subcell,HQ,std_ctrl__tvn_efaar_e0.2_c96,0.2844691693281955,0.028015613205028534,0.007969578216654491,370,66,1480,5625,7105
1859,subcell,HQ,std_ctrl__tvn_efaar_e0.2_c96,0.2742570393039395,0.050874028171822544,0.013952560343869262,370,88,1480,5561,7041
1860,subcell,HQ,std_ctrl__tvn_efaar_e0.2_c96,0.30422565464406576,-0.029595580300048933,-0.009003734791353402,370,66,1480,5625,7105
1861,subcell,HQ,std_ctrl__tvn_efaar_e0.2_c96,0.28983377486256917,-0.026811703777869563,-0.007770937316436942,370,90,1480,5945,7425
1862,subcell,HQ,std_ctrl__tvn_efaar_e0.2_c96,0.2874569904698726,-0.0044456810260914735,-0.0012779420883492702,370,73,1480,5817,7297
1863,subcell,HQ,std_ctrl__tvn_efaar_e0.2_c96,0.2622634467568118,0.1383071445531911,0.0362729084416125,370,75,1480,5561,7041
1864,subcell,HQ,std_ctrl__tvn_efaar_e0.2_c96,0.3058616615630649,0.02472180643776636,0.007561452793895693,370,98,1480,5625,7105
1865,subcell,HQ,std_ctrl__tvn_efaar_e0.2_c96,0.2657712342035966,0.11678795710637017,0.031038879500276704,370,69,1480,5657,7137
1866,subcell,HQ,std_ctrl__tvn_efaar_e0.2_c96,0.2991000376416903,0.058508321508975725,0.017499841165686758,370,42,1480,5945,7425
1867,subcell,HQ,std_ctrl__tvn_efaar_e0.2_c96,0.29334510890685367,-0.07482502710544475,-0.021949555725204968,370,71,1480,5753,7233
1868,subcell,HQ,std_ctrl__tvn_efaar_e0.2_c96,0.2468544596674353,-0.026928387300195585,-0.0066473924967052084,370,62,1480,5913,7393
1869,subcell,HQ,std_ctrl__tvn_efaar_e0.2_c96,0.2601390737089924,-0.01796108045544354,-0.00467237883249177,370,72,1480,5689,7169
1870,subcell,HQ,std_ctrl__tvn_efaar_e0.2_c96,0.29273308637835477,0.003072710679787425,0.0008994840808419054,370,77,1480,5785,7265
1871,subcell,HQ,std_ctrl__tvn_efaar_e0.2_c96,0.2962062053161746,-0.028822212407924,-0.00853731816616793,370,74,1480,5593,7073
1872,subcell,HQ,std_ctrl__tvn_efaar_e0.2_c96,0.32158861205955325,0.056887337014043214,0.018294319754110208,370,82,1480,5881,7361
1873,subcell,HQ,std_ctrl__tvn_efaar_e0.2_c96,0.30588680217260383,0.02739887446113398,0.008380954092044897,370,63,1480,5529,7009
1874,subcell,HQ,std_ctrl__tvn_efaar_e0.2_c96,0.27488811113703754,0.054989081555766296,0.015115844762025106,370,94,1480,5529,7009
1875,subcell,HQ,std_ctrl__tvn_efaar_e0.2_c96,0.2629587221248787,-0.028080076973329777,-0.00738390115807503,370,62,1480,5593,7073
1876,subcell,HQ,std_ctrl__tvn_efaar_e0.2_c96,0.2699445266206187,0.036980674318875605,0.009982730623120146,370,61,1480,5721,7201
1877,subcell,HQ,std_ctrl__tvn_efaar_e0.2_c96,0.3160042621515122,0.05942228754914625,0.01877769613232295,370,70,1480,5657,7137
1878,subcell,HQ,std_ctrl__tvn_efaar_e0.2_c96,0.3267861530438226,0.10474843339628107,0.03423033758693776,370,74,1480,5817,7297
1879,subcell,HQ,std_ctrl__tvn_efaar_e0.2_c96,0.2568706095273871,0.006381575858994194,0.0016392392806450975,370,76,1480,5593,7073
1880,subcell,HQ,std_ctrl__tvn_efaar_e0.2_c96,0.3367608462664507,0.018555640593472197,0.006248813229273803,370,74,1480,5625,7105
1881,subcell,HQ,std_ctrl__tvn_efaar_e0.2_c96,0.27911197140245686,-0.009076334740371362,-0.0025333136824936572,370,76,1480,5785,7265
1882,subcell,HQ,std_ctrl__tvn_efaar_e0.2_c96,0.2799137795903035,-7.424725273663537e-05,-2.0782829137708112e-05,370,95,1480,5817,7297
1883,subcell,HQ,std_ctrl__tvn_efaar_e0.2_c96,0.29316648375622556,0.005911663886641159,0.0017331017147952507,370,79,1480,5753,7233
1884,subcell,HQ,std_ctrl__tvn_efaar_e0.2_c96,0.2850185933610486,-0.018924002088778924,-0.005393692456105315,370,72,1480,5625,7105
1885,subcell,HQ,std_ctrl__tvn_efaar_e0.2_c96,0.2956900011687982,0.08179403764034293,0.024185679085473723,370,110,1480,5881,7361
1886,subcell,HQ,std_ctrl__tvn_efaar_e0.2_c96,0.2733209476833837,0.016448266394779993,0.004495655758770021,370,84,1480,5273,6753
1887,subcell,HQ,std_ctrl__tvn_efaar_e0.2_c96,0.2550702510608652,0.000625853361177776,0.00015963657396290168,370,70,1480,5785,7265
1888,subcell,HQ,std_ctrl__tvn_efaar_e0.2_c96,0.27565492859449336,0.06085021789214129,0.01677366246801757,370,56,1480,5657,7137
1889,subcell,HQ,std_ctrl__tvn_efaar_e0.2_c96,0.2998950356691879,0.01179938723968906,0.003538577657121111,370,75,1480,5817,7297
1890,subcell,HQ,std_ctrl__tvn_efaar_e0.2_c96,0.25738664526131655,-0.016303656033946408,-0.004196343332071887,370,70,1480,5561,7041
1891,subcell,HQ,std_ctrl__tvn_efaar_e0.2_c96,0.275343492776528,0.003860967496602145,0.0010630922760110821,370,60,1480,5433,6913
1892,subcell,HQ,std_ctrl__tvn_efaar_e0.2_c96,0.2989143683983497,0.034310814203825486,0.01025599535696962,370,109,1480,5689,7169
1893,subcell,HQ,std_ctrl__tvn_efaar_e0.2_c96,0.28591427824226606,-1.4672039550211428e-05,-4.1949455983406825e-06,370,95,1480,5401,6881
1894,subcell,HQ,std_ctrl__tvn_efaar_e0.2_c96,0.2936662814895748,-0.024329967762101324,-0.0071448911614575275,370,50,1480,5753,7233
1895,subcell,HQ,std_ctrl__tvn_efaar_e0.2_c96,0.2824072772503224,0.12088023357127332,0.034137457636246316,370,85,1480,5753,7233
1896,subcell,HQ,std_ctrl__tvn_efaar_e0.2_c96,0.2968789788516495,0.030150384136042967,0.008951015254293409,370,66,1480,5817,7297
1897,subcell,HQ,std_ctrl__tvn_efaar_e0.2_c96,0.27750777815542615,-0.011687979423452751,-0.003243505200928712,370,79,1480,5435,6915
1898,subcell,HQ,std_ctrl__tvn_efaar_e0.2_c96,0.29178105624204814,0.04328469471722578,0.012629653943706739,370,106,1480,5625,7105
1899,subcell,HQ,std_ctrl__tvn_efaar_e0.2_c96,0.29410096397386165,-0.034016909999622334,-0.010004406022301023,370,49,1480,5657,7137
1900,subcell,HQ,std_ctrl__tvn_efaar_e0.2_c96,0.2873666438024834,-0.0015543826514654014,-0.00044667772573641766,370,74,1480,5529,7009
1901,subcell,HQ,std_ctrl__tvn_efaar_e0.2_c96,0.23493925852628178,-0.0188075595789611,-0.004418634102169989,370,106,1480,5721,7201
1902,subcell,HQ,std_ctrl__tvn_efaar_e0.2_c96,0.3073982558968808,-0.007970006023438133,-0.0024499659510925165,370,70,1480,5785,7265
1903,subcell,HQ,std_ctrl__tvn_efaar_e0.2_c96,0.284751246632069,0.010326146132834977,0.0029403829842296783,370,72,1480,5689,7169
1904,subcell,HQ,std_ctrl__tvn_efaar_e0.2_c96,0.28291989190300637,-0.038466443992471504,-0.010882922176243086,370,84,1480,5753,7233
1905,subcell,HQ,std_ctrl__tvn_efaar_e0.2_c96,0.2757765688760435,-0.010115435340628623,-0.0027896000509260344,370,80,1480,5593,7073
1906,subcell,HQ,std_ctrl__tvn_efaar_e0.2_c96,0.27632985436337293,-0.04475417569650392,-0.012366914852367732,370,66,1480,5404,6884
1907,subcell,HQ,std_ctrl__tvn_efaar_e0.2_c96,0.31404842102772634,0.07086042408482078,0.022253604297193037,370,99,1480,5817,7297
1908,subcell,HQ,std_ctrl__tvn_efaar_e0.2_c96,0.3118365502262895,0.05108697170805666,0.01593078501894844,370,74,1480,5625,7105
1909,subcell,HQ,std_ctrl__tvn_efaar_e0.2_c96,0.29522664691546374,0.023869022721877815,0.007046771543329003,370,42,1480,5721,7201
1910,subcell,HQ,std_ctrl__tvn_efaar_e0.2_c96,0.28559188627524285,-0.014958199106362839,-0.004271940298066815,370,54,1480,5657,7137
1911,subcell,HQ,std_ctrl__tvn_efaar_e0.2_c96,0.26729573087146236,0.019497186766901233,0.005211514786796269,370,76,1480,5497,6977
1912,subcell,HQ,std_ctrl__tvn_efaar_e0.2_c96,0.29610109793550865,0.036924496604152944,0.010933383985205648,370,75,1480,5657,7137
1913,subcell,HQ,std_ctrl__tvn_efaar_e0.2_c96,0.26421451877303226,0.0012750170283518348,0.0003368780105734017,370,58,1480,5657,7137
1914,subcell,HQ,std_ctrl__tvn_efaar_e0.2_c96,0.2975299231750619,-0.008199409200616188,-0.00243956958954023,370,80,1480,5913,7393
1915,subcell,HQ,std_ctrl__tvn_efaar_e0.2_c96,0.2836422392399201,0.07263377210697178,0.020602005764863526,370,75,1480,5721,7201
1916,subcell,HQ,std_ctrl__tvn_efaar_e0.2_c96,0.3220758260483682,0.037157733136965895,0.011967607594173115,370,79,1480,5817,7297
1917,subcell,HQ,std_ctrl__tvn_efaar_e0.2_c96,0.2787793697468982,0.008118114525636131,0.0022631628509899803,370,63,1480,5854,7334
1918,subcell,HQ,std_ctrl__tvn_efaar_e0.2_c96,0.3031552529102937,0.0705862803573445,0.02139860167372767,370,66,1480,5817,7297
1919,subcell,HQ,std_ctrl__tvn_efaar_e0.2_c96,0.30307659037322854,0.12241138950902103,0.03710002655524329,370,81,1480,5849,7329
1920,subcell,HQ,std_ctrl__tvn_efaar_e0.2_c96,0.3349581627917055,-0.01190173845377641,-0.00398658444650434,370,55,1480,5817,7297
1921,subcell,HQ,std_ctrl__tvn_efaar_e0.2_c96,0.3275957176299935,-0.028572075021616888,-0.009360089420884597,370,97,1480,5817,7297
1922,subcell,HQ,std_ctrl__tvn_efaar_e0.2_c96,0.3088576401217518,-0.01013776435308959,-0.0031311259742056686,370,69,1480,5817,7297
1923,subcell,HQ,std_ctrl__tvn_efaar_e0.2_c96,0.31830335789260356,0.07686438021293447,0.024466190324110838,370,50,1480,5753,7233
1924,subcell,HQ,std_ctrl__tvn_efaar_e0.2_c96,0.26786085524770104,0.037701980353173466,0.010098884701933066,370,83,1480,5721,7201
1925,subcell,HQ,std_ctrl__tvn_efaar_e0.2_c96,0.2619567803156331,-0.07248381757290237,-0.01898762747638321,370,78,1480,5849,7329
1926,subcell,HQ,std_ctrl__tvn_efaar_e0.2_c96,0.28792708260281014,0.0056577471721176815,0.0016290186373721432,370,62,1480,5657,7137
1927,subcell,HQ,std_ctrl__tvn_efaar_e0.2_c96,0.3235422151125671,0.04314393503086899,0.013958884308560033,370,67,1480,5593,7073
1928,subcell,HQ,std_ctrl__tvn_efaar_e0.2_c96,0.2747360052099322,0.1015868612584931,0.02790956844397402,370,81,1480,5369,6849
1929,subcell,HQ,std_ctrl__tvn_efaar_e0.2_c96,0.2726425118408278,0.025704021473264057,0.007008008978881287,370,88,1480,5881,7361
1930,subcell,HQ,std_ctrl__tvn_efaar_e0.2_c96,0.27191545087992175,0.01993881889665933,0.005421672930298225,370,68,1480,5721,7201
1931,subcell,HQ,std_ctrl__tvn_efaar_e0.2_c96,0.2891751091496436,0.005719023665447449,0.001653799292685161,370,77,1480,5689,7169
1932,subcell,HQ,std_ctrl__tvn_efaar_e0.2_c96,0.2937718545998431,0.004772908446710109,0.0014021461662252852,370,51,1480,5945,7425
1933,subcell,HQ,std_ctrl__tvn_efaar_e0.2_c96,0.2677423628083911,0.12488391186473907,0.03343671363942011,370,83,1480,5753,7233
1934,subcell,HQ,std_ctrl__tvn_efaar_e0.2_c96,0.33453256874768134,-0.014588126729794898,-0.004880203508135,370,60,1480,5689,7169
1935,subcell,HQ,std_ctrl__tvn_efaar_e0.2_c96,0.28693592811783686,-0.013361714461731341,-0.0038339559403224054,370,77,1480,5689,7169
1936,subcell,HQ,std_ctrl__tvn_efaar_e0.2_c96,0.30020928005065506,-0.005047771534362629,-0.0015153878581911954,370,49,1480,5593,7073
1937,subcell,HQ,std_ctrl__tvn_efaar_e0.2_c96,0.2954673447293954,-0.007890134871971459,-0.002331277200178215,370,94,1480,5689,7169
1938,subcell,HQ,std_ctrl__tvn_efaar_e0.2_c96,0.2900513666203077,0.0009817851328801667,0.0002847681195193928,370,68,1480,5785,7265
1939,subcell,HQ,std_ctrl__tvn_efaar_e0.2_c96,0.2827217840320738,-0.027306438341604157,-0.00772012496350015,370,90,1480,5657,7137
1940,subcell,HQ,std_ctrl__tvn_efaar_e0.2_c96,0.28046005674126606,0.044068623026300345,0.01235948851446566,370,91,1480,5849,7329
1941,subcell,HQ,std_ctrl__tvn_efaar_e0.2_c96,0.2846050047720425,-0.024450042213007367,-0.006958604380709602,370,57,1480,5689,7169
1942,subcell,HQ,std_ctrl__tvn_efaar_e0.2_c96,0.25516351249827013,-0.02679332777888023,-0.006836679627576554,370,69,1480,5625,7105
1943,subcell,HQ,std_ctrl__tvn_efaar_e0.2_c96,0.27696437462749923,0.02476410221987202,0.00685877408453832,370,111,1480,5497,6977
1944,subcell,HQ,std_ctrl__tvn_efaar_e0.2_c96,0.29746365075718056,0.014509764847935955,0.004316127623295236,370,84,1480,5689,7169
1945,subcell,HQ,std_ctrl__tvn_efaar_e0.2_c96,0.29058855505267395,0.007231474697326895,0.002101383783196195,370,76,1480,5625,7105
1946,subcell,HQ,std_ctrl__tvn_efaar_e0.2_c96,0.29992134575692575,0.040400651698429074,0.012117017826849676,370,80,1480,5305,6785
1947,subcell,HQ,std_ctrl__tvn_efaar_e0.2_c96,0.2773035689827462,0.021425563423435715,0.00594138520478491,370,90,1480,5721,7201
1948,subcell,HQ,std_ctrl__tvn_efaar_e0.2_c96,0.3122701276489155,0.016101293111716968,0.005027952855308462,370,64,1480,5529,7009
1949,subcell,HQ,std_ctrl__tvn_efaar_e0.2_c96,0.3484904287917998,0.11501543287591542,0.040081777520602234,370,70,1480,5689,7169
1950,subcell,HQ,std_ctrl__tvn_efaar_e0.2_c96,0.293522585029639,0.09559836504568608,0.028060279232816863,370,96,1480,5689,7169
1951,subcell,HQ,std_ctrl__tvn_efaar_e0.2_c96,0.3052332827181448,0.052549836955961465,0.0160399592403714,370,48,1480,5689,7169
1952,subcell,HQ,std_ctrl__tvn_efaar_e0.2_c96,0.3238909358118538,0.08385308804178876,0.027159255156568727,370,65,1480,5593,7073
1953,subcell,HQ,std_ctrl__tvn_efaar_e0.2_c96,0.31243188963721474,0.020698893302254755,0.006466994347822541,370,67,1480,5785,7265
1954,subcell,HQ,std_ctrl__tvn_efaar_e0.2_c96,0.28702106816055817,0.022324526274245315,0.0064076093774123365,370,79,1480,5817,7297
1955,subcell,HQ,std_ctrl__tvn_efaar_e0.2_c96,0.2974249244303825,-0.011685781466541327,-0.0034756426695960185,370,54,1480,5593,7073
1956,subcell,HQ,std_ctrl__tvn_efaar_e0.2_c96,0.27066531703481883,-0.020630620864131616,-0.0055839935368153315,370,62,1480,5593,7073
1957,subcell,HQ,std_ctrl__tvn_efaar_e0.2_c96,0.2931008552296998,0.1623489977804048,0.04758463009512128,370,64,1480,5721,7201
1958,subcell,HQ,std_ctrl__tvn_efaar_e0.2_c96,0.3059688004128754,0.03463294314482799,0.010596600068790336,370,68,1480,5657,7137
1959,subcell,HQ,std_ctrl__tvn_efaar_e0.2_c96,0.30552801260072154,0.016034026670877194,0.004898844302740073,370,86,1480,5945,7425
1960,subcell,HQ,std_ctrl__tvn_efaar_e0.2_c96,0.29601219007601437,0.041915659445081986,0.012407546150819095,370,74,1480,5657,7137
1961,subcell,HQ,std_ctrl__tvn_efaar_e0.2_c96,0.29416441262538534,0.07887416243463508,0.02320197166390366,370,65,1480,5817,7297
1962,subcell,HQ,std_ctrl__tvn_efaar_e0.2_c96,0.2752482249821712,-0.03739422273425942,-0.01029269343219286,370,82,1480,5564,7044
1963,subcell,HQ,std_ctrl__tvn_efaar_e0.2_c96,0.2893453362525492,-0.0017329698886795475,-0.0005014267551555265,370,72,1480,5689,7169
1964,subcell,HQ,std_ctrl__tvn_efaar_e0.2_c96,0.2847586313799798,-0.002750671214797058,-0.0007832773705019167,370,57,1480,5593,7073
1965,subcell,HQ,std_ctrl__tvn_efaar_e0.2_c96,0.2916568766676607,0.033994428363911575,0.009914708800720986,370,57,1480,5727,7207
1966,subcell,HQ,std_ctrl__tvn_efaar_e0.2_c96,0.3055751800848091,0.02815106657425483,0.00860226723800737,370,78,1480,5785,7265
1967,subcell,HQ,std_ctrl__tvn_efaar_e0.2_c96,0.2827719011784929,-0.030156681055250708,-0.008527462035226682,370,62,1480,5785,7265
1968,subcell,HQ,std_ctrl__tvn_efaar_e0.2_c96,0.2758844521079929,0.08587650882938155,0.023691993587341146,370,90,1480,5817,7297
1969,subcell,HQ,std_ctrl__tvn_efaar_e0.2_c96,0.307480824283213,0.02706828972318656,0.008322980036022228,370,45,1480,5689,7169
1970,subcell,HQ,std_ctrl__tvn_efaar_e0.2_c96,0.30447360894104475,0.026908468535200552,0.00819291852598906,370,79,1480,5701,7181
1971,subcell,HQ,std_ctrl__tvn_efaar_e0.2_c96,0.281294429409969,0.0227554908180706,0.006400992805612959,370,112,1480,5689,7169
1972,subcell,HQ,std_ctrl__tvn_efaar_e0.2_c96,0.305112143539616,0.07041088573594831,0.021483216275418163,370,55,1480,5689,7169
1973,subcell,HQ,std_ctrl__tvn_efaar_e0.2_c96,0.30250681864875345,0.04721405731973356,0.014282574275292491,370,58,1480,5721,7201
1974,subcell,HQ,std_ctrl__tvn_efaar_e0.2_c96,0.25630159218368515,0.03069571570602105,0.007867360808670947,370,67,1480,5849,7329
1975,subcell,HQ,std_ctrl__tvn_efaar_e0.2_c96,0.29265952861967603,0.02075891917531012,0.006075295500500214,370,82,1480,5721,7201
1976,subcell,HQ,std_ctrl__tvn_efaar_e0.2_c96,0.26893785404300613,0.03460588236146333,0.009306831739556666,370,65,1480,5497,6977
1977,subcell,HQ,std_ctrl__tvn_efaar_e0.2_c96,0.2679157870549745,-0.055348646994597725,-0.014828776321985598,370,53,1480,5753,7233
1978,subcell,HQ,std_ctrl__tvn_efaar_e0.2_c96,0.23900188389615346,0.037067521244718814,0.008859207408848487,370,67,1480,5663,7143
1979,subcell,HQ,std_ctrl__tvn_efaar_e0.2_c96,0.2805246453932807,0.022247441566226267,0.006240955656273357,370,65,1480,5561,7041
1980,subcell,HQ,std_ctrl__tvn_efaar_e0.2_c96,0.2641839725982733,-0.012040979221162118,-0.0031810337246198713,370,49,1480,5657,7137
1981,subcell,HQ,std_ctrl__tvn_efaar_e0.2_c96,0.2845708890111468,-0.04494078120791065,-0.012788838061190574,370,41,1480,5657,7137
1982,subcell,HQ,std_ctrl__tvn_efaar_e0.2_c96,0.28318529583823887,0.027336760083106686,0.007741368491393527,370,74,1480,5753,7233
1983,subcell,HQ,std_ctrl__tvn_efaar_e0.2_c96,0.2934114127406402,-0.02048757022914102,-0.006011286924555348,370,68,1480,5625,7105
1984,subcell,HQ,std_ctrl__tvn_efaar_e0.2_c96,0.2951967394497053,-0.021764244978372992,-0.006424734154200329,370,60,1480,5721,7201
1985,subcell,HQ,std_ctrl__tvn_efaar_e0.2_c96,0.2931296835905778,-0.03622713620941447,-0.010619248974458428,370,76,1480,5721,7201
1986,subcell,HQ,std_ctrl__tvn_efaar_e0.2_c96,0.2921682982294928,0.13046211093242036,0.03811689293455257,370,56,1480,5881,7361
1987,subcell,HQ,std_ctrl__tvn_efaar_e0.2_c96,0.24752619978147802,0.1526719261346801,0.03779030168943589,370,87,1480,5817,7297
1988,subcell,HQ,std_ctrl__tvn_efaar_e0.2_c96,0.2906613623834506,0.032473423917806825,0.009438769637205061,370,63,1480,5785,7265
1989,subcell,HQ,std_ctrl__tvn_efaar_e0.2_c96,0.2800862502718858,0.02387540869923854,0.006687173696278484,370,52,1480,5721,7201
1990,subcell,HQ,std_ctrl__tvn_efaar_e0.2_c96,0.29802560258758654,0.009782634360477695,0.002915475500175394,370,74,1480,5785,7265
1991,subcell,HQ,std_ctrl__tvn_efaar_e0.2_c96,0.2755768524816579,0.04654744327468537,0.01282739790870631,370,65,1480,5433,6913
1992,subcell,HQ,std_ctrl__tvn_efaar_e0.2_c96,0.3460641535988662,0.0427692680264391,0.014800910539612699,370,47,1480,5497,6977
1993,subcell,HQ,std_ctrl__tvn_efaar_e0.2_c96,0.29375244873265005,-0.014670704337737246,-0.004309555323843027,370,72,1480,5625,7105
1994,subcell,HQ,std_ctrl__tvn_efaar_e0.2_c96,0.298922158226656,0.010953932292526114,0.003274373081950568,370,66,1480,5561,7041
1995,subcell,HQ,std_ctrl__tvn_efaar_e0.2_c96,0.3213050815073785,0.03606834389617991,0.011588942175398244,370,93,1480,5497,6977
1996,subcell,HQ,std_ctrl__tvn_efaar_e0.2_c96,0.2830009873304641,0.007863918399717203,0.0022254966714061715,370,88,1480,5721,7201
1997,subcell,HQ,std_ctrl__tvn_efaar_e0.2_c96,0.2926864905500255,0.009117659425160875,0.0026686157391806993,370,100,1480,5849,7329
1998,subcell,HQ,std_ctrl__tvn_efaar_e0.2_c96,0.3016998411172052,-0.029571391930489768,-0.008921684247043368,370,73,1480,5817,7297
1999,subcell,HQ,std_ctrl__tvn_efaar_e0.2_c96,0.28076517708005283,0.01207457753855898,0.0033901209007803404,370,92,1480,5721,7201
