sample_id,family,codec,config,pa,pc,product,pa_units,pc_targets,treatment_wells,control_wells,total_wells
0,subcell,MQ,std_ctrl__tvn_efaar_e0.2_c96,0.31844733524994884,0.010440699425591086,0.003324812910225153,370,77,1480,5753,7233
1,subcell,MQ,std_ctrl__tvn_efaar_e0.2_c96,0.3069757560429482,-0.013824220825984862,-0.004243700639761373,370,65,1480,5753,7233
2,subcell,MQ,std_ctrl__tvn_efaar_e0.2_c96,0.2812771174689767,0.045817568946866866,0.012887433722810811,370,88,1480,5625,7105
3,subcell,MQ,std_ctrl__tvn_efaar_e0.2_c96,0.29882747783462016,0.006788042931836515,0.0020284537487538262,370,55,1480,5433,6913
4,subcell,MQ,std_ctrl__tvn_efaar_e0.2_c96,0.3113943759263513,0.0004094915369089537,0.00012751336158288608,370,56,1480,5657,7137
5,subcell,MQ,std_ctrl__tvn_efaar_e0.2_c96,0.27297780125600163,-0.020930751660271685,-0.00571363056685637,370,82,1480,5785,7265
6,subcell,MQ,std_ctrl__tvn_efaar_e0.2_c96,0.2912966105060433,-0.005363770888453879,-0.0015624482793376033,370,63,1480,5721,7201
7,subcell,MQ,std_ctrl__tvn_efaar_e0.2_c96,0.2848470374849914,-0.006663530189468574,-0.0018980868336619266,370,49,1480,5561,7041
8,subcell,MQ,std_ctrl__tvn_efaar_e0.2_c96,0.28469018423449083,0.012391021604957466,0.0035276022235688972,370,81,1480,5529,7009
9,subcell,MQ,std_ctrl__tvn_efaar_e0.2_c96,0.27189836360292685,0.03260388785595029,0.008864943755126222,370,77,1480,5753,7233
10,subcell,MQ,std_ctrl__tvn_efaar_e0.2_c96,0.27929170836406086,0.019071926924419964,0.005326631052515781,370,85,1480,5753,7233
11,subcell,MQ,std_ctrl__tvn_efaar_e0.2_c96,0.3179545762055059,0.026446796959314952,0.008408880119192047,370,44,1480,5433,6913
12,subcell,MQ,std_ctrl__tvn_efaar_e0.2_c96,0.3004635248279551,-0.011910522521123212,-0.003578677579239422,370,92,1480,5785,7265
13,subcell,MQ,std_ctrl__tvn_efaar_e0.2_c96,0.29192560822690833,0.07309583650435705,0.021338546530389083,370,80,1480,5849,7329
14,subcell,MQ,std_ctrl__tvn_efaar_e0.2_c96,0.29642903833392503,0.001711919273850523,0.0005074625840528218,370,93,1480,5753,7233
15,subcell,MQ,std_ctrl__tvn_efaar_e0.2_c96,0.28397499890430866,0.07878981530958945,0.022374337716211345,370,67,1480,5625,7105
16,subcell,MQ,std_ctrl__tvn_efaar_e0.2_c96,0.2781575516908262,0.02045248253074252,0.005689012466750732,370,58,1480,5785,7265
17,subcell,MQ,std_ctrl__tvn_efaar_e0.2_c96,0.2645745963839564,0.004351476975797575,0.0011512902645457227,370,76,1480,5689,7169
18,subcell,MQ,std_ctrl__tvn_efaar_e0.2_c96,0.29040233866087534,0.004429908469366724,0.0012864557795577154,370,54,1480,5785,7265
19,subcell,MQ,std_ctrl__tvn_efaar_e0.2_c96,0.30126099068726914,0.11052210370792415,0.03329599845589033,370,98,1480,5593,7073
20,subcell,MQ,std_ctrl__tvn_efaar_e0.2_c96,0.2595896337078264,0.04207412500195787,0.010922006697835544,370,59,1480,5689,7169
21,subcell,MQ,std_ctrl__tvn_efaar_e0.2_c96,0.29223925929678257,0.059047738685651205,0.01725606741664468,370,58,1480,5913,7393
22,subcell,MQ,std_ctrl__tvn_efaar_e0.2_c96,0.28091268215266785,-0.02849282495406938,-0.008003995879954094,370,87,1480,5785,7265
23,subcell,MQ,std_ctrl__tvn_efaar_e0.2_c96,0.3251865092873772,0.06781169012988929,0.022051446802215987,370,71,1480,5817,7297
24,subcell,MQ,std_ctrl__tvn_efaar_e0.2_c96,0.3131163388233178,0.049907391898060253,0.01562681983134114,370,77,1480,5465,6945
25,subcell,MQ,std_ctrl__tvn_efaar_e0.2_c96,0.28607924695612164,0.019437404333005164,0.005560637994367773,370,109,1480,5785,7265
26,subcell,MQ,std_ctrl__tvn_efaar_e0.2_c96,0.2753311190464468,0.022522262572880494,0.006201079757649093,370,74,1480,5066,6546
27,subcell,MQ,std_ctrl__tvn_efaar_e0.2_c96,0.29760771892647536,0.024109753216508097,0.007175248658645227,370,48,1480,5785,7265
28,subcell,MQ,std_ctrl__tvn_efaar_e0.2_c96,0.3017808832088898,-0.007666752644002302,-0.0023136793842511057,370,61,1480,5721,7201
29,subcell,MQ,std_ctrl__tvn_efaar_e0.2_c96,0.2789519469537848,0.018611609575408583,0.005191744727003928,370,101,1480,5753,7233
30,subcell,MQ,std_ctrl__tvn_efaar_e0.2_c96,0.29991749564891546,0.016056405557318364,0.004815596943874252,370,68,1480,5561,7041
31,subcell,MQ,std_ctrl__tvn_efaar_e0.2_c96,0.31524668755500973,-0.03292173280132252,-0.010378467214188034,370,72,1480,5913,7393
32,subcell,MQ,std_ctrl__tvn_efaar_e0.2_c96,0.3080605985116734,0.04213835496527949,0.012981166850901345,370,81,1480,5817,7297
33,subcell,MQ,std_ctrl__tvn_efaar_e0.2_c96,0.29517351154542515,0.004566322719604278,0.0013478575119952507,370,59,1480,5913,7393
34,subcell,MQ,std_ctrl__tvn_efaar_e0.2_c96,0.3090476294508889,-0.013894934480362234,-0.004294196562531367,370,80,1480,5785,7265
35,subcell,MQ,std_ctrl__tvn_efaar_e0.2_c96,0.2954249440633955,0.015834440411002224,0.004677888672695501,370,54,1480,5625,7105
36,subcell,MQ,std_ctrl__tvn_efaar_e0.2_c96,0.2929961348408055,0.06188599832096822,0.01813235830880827,370,57,1480,5657,7137
37,subcell,MQ,std_ctrl__tvn_efaar_e0.2_c96,0.31224759935798846,-0.010601472547177016,-0.0033102843525156423,370,64,1480,5593,7073
38,subcell,MQ,std_ctrl__tvn_efaar_e0.2_c96,0.28269189779925746,0.011212131395780056,0.0031695787026477015,370,86,1480,5561,7041
39,subcell,MQ,std_ctrl__tvn_efaar_e0.2_c96,0.30675304179435714,0.12363423399571222,0.03792517734810004,370,65,1480,5753,7233
40,subcell,MQ,std_ctrl__tvn_efaar_e0.2_c96,0.32177705793501526,0.04784890663804762,0.015396680403398186,370,84,1480,5753,7233
41,subcell,MQ,std_ctrl__tvn_efaar_e0.2_c96,0.2661817897098715,0.007468706656860156,0.0019880337047410673,370,103,1480,5945,7425
42,subcell,MQ,std_ctrl__tvn_efaar_e0.2_c96,0.29348412657967565,0.0061394327869350165,0.0018018260691682472,370,69,1480,5977,7457
43,subcell,MQ,std_ctrl__tvn_efaar_e0.2_c96,0.29144083725043385,0.004236989573031385,0.0012348317885856252,370,61,1480,5375,6855
44,subcell,MQ,std_ctrl__tvn_efaar_e0.2_c96,0.24754778494172908,0.02884579578198458,0.007140712850711755,370,72,1480,5785,7265
45,subcell,MQ,std_ctrl__tvn_efaar_e0.2_c96,0.3129973333064026,0.056455643409676654,0.017670465837325976,370,84,1480,5753,7233
46,subcell,MQ,std_ctrl__tvn_efaar_e0.2_c96,0.27548397562476157,-0.012368076241854178,-0.003407206813936149,370,71,1480,5753,7233
47,subcell,MQ,std_ctrl__tvn_efaar_e0.2_c96,0.27488088670230443,0.0024946691397592902,0.0006857368651659087,370,69,1480,5689,7169
48,subcell,MQ,std_ctrl__tvn_efaar_e0.2_c96,0.29356752200787833,-0.001446049057156613,-0.0004245130384112957,370,71,1480,5753,7233
49,subcell,MQ,std_ctrl__tvn_efaar_e0.2_c96,0.29276623472585767,0.033029940689426246,0.009670051368861721,370,64,1480,5529,7009
50,subcell,MQ,std_ctrl__tvn_efaar_e0.2_c96,0.28027586419809364,0.02396684897840459,0.0067173293095275435,370,65,1480,5881,7361
51,subcell,MQ,std_ctrl__tvn_efaar_e0.2_c96,0.26928145720838326,0.009481785819703825,0.0025532691024676307,370,69,1480,5625,7105
52,subcell,MQ,std_ctrl__tvn_efaar_e0.2_c96,0.3159548077554177,0.035790061989835475,0.01130804215555295,370,60,1480,5689,7169
53,subcell,MQ,std_ctrl__tvn_efaar_e0.2_c96,0.2574183053553315,0.02244472832334969,0.005777683929157488,370,64,1480,5913,7393
54,subcell,MQ,std_ctrl__tvn_efaar_e0.2_c96,0.23582191598752447,0.012433845716951102,0.0029321733200646837,370,64,1480,5753,7233
55,subcell,MQ,std_ctrl__tvn_efaar_e0.2_c96,0.30434280487141807,0.17786455392169606,0.054131797227732564,370,69,1480,5657,7137
56,subcell,MQ,std_ctrl__tvn_efaar_e0.2_c96,0.29191118293636925,0.05537144122643778,0.016163542909301096,370,70,1480,5913,7393
57,subcell,MQ,std_ctrl__tvn_efaar_e0.2_c96,0.2676174012195712,0.06728542084033169,0.018006749465254747,370,75,1480,5529,7009
58,subcell,MQ,std_ctrl__tvn_efaar_e0.2_c96,0.27648369460896494,-0.014305643863495303,-0.003955277269139248,370,68,1480,5849,7329
59,subcell,MQ,std_ctrl__tvn_efaar_e0.2_c96,0.3103386041305838,-0.012521062674425374,-0.003885769112612725,370,86,1480,5561,7041
60,subcell,MQ,std_ctrl__tvn_efaar_e0.2_c96,0.3030599276066111,-0.025554483363632034,-0.007744539878206672,370,52,1480,5689,7169
61,subcell,MQ,std_ctrl__tvn_efaar_e0.2_c96,0.27925904356932085,0.034173483645733825,0.009543254358339456,370,73,1480,5657,7137
62,subcell,MQ,std_ctrl__tvn_efaar_e0.2_c96,0.2717679651477959,0.03768936740450366,0.010242762687229625,370,48,1480,5849,7329
63,subcell,MQ,std_ctrl__tvn_efaar_e0.2_c96,0.2975008216498454,0.0005151070759246846,0.00015324477832524299,370,53,1480,5721,7201
64,subcell,MQ,std_ctrl__tvn_efaar_e0.2_c96,0.2783731292773438,0.022251969764272985,0.00619435045586551,370,82,1480,5753,7233
65,subcell,MQ,std_ctrl__tvn_efaar_e0.2_c96,0.29954455774892674,0.03184298305014136,0.009538392275161164,370,56,1480,5497,6977
66,subcell,MQ,std_ctrl__tvn_efaar_e0.2_c96,0.2928263724997093,-0.02734718111387578,-0.008007975843668804,370,81,1480,5785,7265
67,subcell,MQ,std_ctrl__tvn_efaar_e0.2_c96,0.31027823619954786,-0.024757478397535504,-0.007681706729935725,370,114,1480,6009,7489
68,subcell,MQ,std_ctrl__tvn_efaar_e0.2_c96,0.2883243148544369,-0.012982599237739648,-0.0037431990302510187,370,81,1480,5785,7265
69,subcell,MQ,std_ctrl__tvn_efaar_e0.2_c96,0.2907255822345393,0.01083106888614788,0.0031488688081477458,370,56,1480,5913,7393
70,subcell,MQ,std_ctrl__tvn_efaar_e0.2_c96,0.31747295339150416,0.0383622462118678,0.012178975603613713,370,60,1480,5785,7265
71,subcell,MQ,std_ctrl__tvn_efaar_e0.2_c96,0.2906779647905321,-0.015691116914242808,-0.004561061929922393,370,73,1480,5663,7143
72,subcell,MQ,std_ctrl__tvn_efaar_e0.2_c96,0.2863870039007831,-0.014305559850920205,-0.00409692642482837,370,75,1480,5881,7361
73,subcell,MQ,std_ctrl__tvn_efaar_e0.2_c96,0.2976957659223332,0.02642288418794303,0.007865980746206808,370,45,1480,5625,7105
74,subcell,MQ,std_ctrl__tvn_efaar_e0.2_c96,0.2970167778217432,-0.022190789250023817,-0.006591036720363451,370,130,1480,5657,7137
75,subcell,MQ,std_ctrl__tvn_efaar_e0.2_c96,0.2679575427433319,0.03014737538386598,0.00807821662802154,370,74,1480,5785,7265
76,subcell,MQ,std_ctrl__tvn_efaar_e0.2_c96,0.30032040490371137,0.0016637738221717416,0.0004996652279428129,370,77,1480,5625,7105
77,subcell,MQ,std_ctrl__tvn_efaar_e0.2_c96,0.28432503595757724,-0.01949604103163153,-0.005543212567349036,370,98,1480,5849,7329
78,subcell,MQ,std_ctrl__tvn_efaar_e0.2_c96,0.29478581093481715,-0.03533692464828748,-0.010416823988387952,370,98,1480,5849,7329
79,subcell,MQ,std_ctrl__tvn_efaar_e0.2_c96,0.28767726209237127,-0.045306328441386115,-0.013033600521475688,370,102,1480,5753,7233
80,subcell,MQ,std_ctrl__tvn_efaar_e0.2_c96,0.3210941098201274,0.13717749144237099,0.04404688450204626,370,68,1480,5817,7297
81,subcell,MQ,std_ctrl__tvn_efaar_e0.2_c96,0.2624706783832963,-0.010204934765375151,-0.0026784961507253006,370,69,1480,5625,7105
82,subcell,MQ,std_ctrl__tvn_efaar_e0.2_c96,0.297350291644718,-0.023683312016083577,-0.007042239735095305,370,67,1480,5689,7169
83,subcell,MQ,std_ctrl__tvn_efaar_e0.2_c96,0.28415371644073856,-0.03881909144045262,-0.011030589101657474,370,97,1480,5753,7233
84,subcell,MQ,std_ctrl__tvn_efaar_e0.2_c96,0.2744149613964043,0.006071215625742071,0.001666032401567257,370,77,1480,5817,7297
85,subcell,MQ,std_ctrl__tvn_efaar_e0.2_c96,0.26679917689377214,-0.013982511102168917,-0.0037305224529666976,370,90,1480,5785,7265
86,subcell,MQ,std_ctrl__tvn_efaar_e0.2_c96,0.28682618043407543,0.008305223980648358,0.0023821556720188563,370,117,1480,5945,7425
87,subcell,MQ,std_ctrl__tvn_efaar_e0.2_c96,0.2737812590766586,0.06183269144028462,0.016928632114619657,370,55,1480,5657,7137
88,subcell,MQ,std_ctrl__tvn_efaar_e0.2_c96,0.32702014302315346,0.10433434348486328,0.03411943192864681,370,80,1480,5753,7233
89,subcell,MQ,std_ctrl__tvn_efaar_e0.2_c96,0.32099671699780674,0.007082762052177468,0.002273543366025616,370,73,1480,5721,7201
90,subcell,MQ,std_ctrl__tvn_efaar_e0.2_c96,0.2730267640188891,0.023380718133255124,0.0063835618123604075,370,64,1480,5721,7201
91,subcell,MQ,std_ctrl__tvn_efaar_e0.2_c96,0.34519306241119824,0.01932679117427201,0.006671474232028673,370,83,1480,5849,7329
92,subcell,MQ,std_ctrl__tvn_efaar_e0.2_c96,0.24268296320462,0.08112290649559299,0.01968714733212182,370,58,1480,5625,7105
93,subcell,MQ,std_ctrl__tvn_efaar_e0.2_c96,0.2926589816762566,0.058847202953260604,0.01722216249079725,370,81,1480,5785,7265
94,subcell,MQ,std_ctrl__tvn_efaar_e0.2_c96,0.28511027925869425,-0.004658856534348005,-0.0013282878875341523,370,61,1480,5561,7041
95,subcell,MQ,std_ctrl__tvn_efaar_e0.2_c96,0.2890164727480752,0.01423908181538032,0.004115329201452479,370,66,1480,5753,7233
96,subcell,MQ,std_ctrl__tvn_efaar_e0.2_c96,0.30223595108245255,0.01848464126037782,0.005586723131748235,370,47,1480,5689,7169
97,subcell,MQ,std_ctrl__tvn_efaar_e0.2_c96,0.30554712341379514,0.06761396577777613,0.020659252745998287,370,85,1480,5689,7169
98,subcell,MQ,std_ctrl__tvn_efaar_e0.2_c96,0.32024199106677104,0.02284553425081262,0.0073160993754643475,370,73,1480,5625,7105
99,subcell,MQ,std_ctrl__tvn_efaar_e0.2_c96,0.30471189934264925,0.020616921449195347,0.006282221293382519,370,62,1480,5785,7265
100,subcell,MQ,std_ctrl__tvn_efaar_e0.2_c96,0.26453627720423395,0.029814757298699653,0.00788708490154577,370,52,1480,5689,7169
101,subcell,MQ,std_ctrl__tvn_efaar_e0.2_c96,0.29504264446698936,-0.013950962703230648,-0.004116128928821509,370,72,1480,5433,6913
102,subcell,MQ,std_ctrl__tvn_efaar_e0.2_c96,0.29051228487789726,0.051545532246655035,0.014974610348223087,370,72,1480,5753,7233
103,subcell,MQ,std_ctrl__tvn_efaar_e0.2_c96,0.27478791489472076,0.06368498373570329,0.017499863890838113,370,79,1480,5497,6977
104,subcell,MQ,std_ctrl__tvn_efaar_e0.2_c96,0.32759517687457346,0.08629012556157035,0.028268228945871793,370,78,1480,5625,7105
105,subcell,MQ,std_ctrl__tvn_efaar_e0.2_c96,0.28351310641250776,0.0009549250349782459,0.0002707337630577551,370,45,1480,5689,7169
106,subcell,MQ,std_ctrl__tvn_efaar_e0.2_c96,0.29892628025657914,-0.033803639955549226,-0.010104796351045005,370,53,1480,5625,7105
107,subcell,MQ,std_ctrl__tvn_efaar_e0.2_c96,0.2830702110309168,0.03949223973639418,0.011179076636264659,370,58,1480,5753,7233
108,subcell,MQ,std_ctrl__tvn_efaar_e0.2_c96,0.3135409496500483,0.08117129966573709,0.025450526381523855,370,61,1480,5657,7137
109,subcell,MQ,std_ctrl__tvn_efaar_e0.2_c96,0.2892016144472785,-0.006651226344565649,-0.0019235453969026564,370,76,1480,5913,7393
110,subcell,MQ,std_ctrl__tvn_efaar_e0.2_c96,0.2976990632333213,-0.013416849059667366,-0.003994183396605843,370,87,1480,5689,7169
111,subcell,MQ,std_ctrl__tvn_efaar_e0.2_c96,0.28034316916803204,-0.04130270088288574,-0.011578930060707463,370,78,1480,5599,7079
112,subcell,MQ,std_ctrl__tvn_efaar_e0.2_c96,0.31595075932355615,0.018495377054901264,0.005843628424471533,370,52,1480,5759,7239
113,subcell,MQ,std_ctrl__tvn_efaar_e0.2_c96,0.29910652446858166,0.045278253980936344,0.01354302118224359,370,67,1480,5593,7073
114,subcell,MQ,std_ctrl__tvn_efaar_e0.2_c96,0.3055949120594126,0.05336685424681484,0.016308639130442868,370,60,1480,5625,7105
115,subcell,MQ,std_ctrl__tvn_efaar_e0.2_c96,0.3060112841070754,0.033355647368917815,0.01020720448358533,370,59,1480,5913,7393
116,subcell,MQ,std_ctrl__tvn_efaar_e0.2_c96,0.2558515595670517,0.05304193246534504,0.01357086114370876,370,72,1480,5625,7105
117,subcell,MQ,std_ctrl__tvn_efaar_e0.2_c96,0.31128122099425776,-0.0022040734884133,-0.000686086686634365,370,60,1480,5945,7425
118,subcell,MQ,std_ctrl__tvn_efaar_e0.2_c96,0.31234950239523546,0.016467180473960237,0.005143515626894018,370,53,1480,5721,7201
119,subcell,MQ,std_ctrl__tvn_efaar_e0.2_c96,0.2957674742468867,0.10597709907608126,0.03134457892174462,370,84,1480,5794,7274
120,subcell,MQ,std_ctrl__tvn_efaar_e0.2_c96,0.3197044012199174,0.08529589527820029,0.027269473126433803,370,52,1480,5529,7009
121,subcell,MQ,std_ctrl__tvn_efaar_e0.2_c96,0.2833562907430281,0.09478783711144517,0.026858729931453447,370,61,1480,5721,7201
122,subcell,MQ,std_ctrl__tvn_efaar_e0.2_c96,0.3002490893746546,-0.0004373178368955716,-0.0001313042822951891,370,93,1480,5625,7105
123,subcell,MQ,std_ctrl__tvn_efaar_e0.2_c96,0.30934356970501226,0.020779794668335103,0.006428095860439962,370,75,1480,5721,7201
124,subcell,MQ,std_ctrl__tvn_efaar_e0.2_c96,0.2660161372247904,0.001926839847356115,0.0005125704932444785,370,75,1480,5561,7041
125,subcell,MQ,std_ctrl__tvn_efaar_e0.2_c96,0.2997312063534229,-0.011624205939384853,-0.0034841372691124454,370,61,1480,5593,7073
126,subcell,MQ,std_ctrl__tvn_efaar_e0.2_c96,0.30280023207255324,0.011000657083315967,0.0033310015177786517,370,60,1480,5689,7169
127,subcell,MQ,std_ctrl__tvn_efaar_e0.2_c96,0.2652252903627497,0.008011014191425213,0.0021247235650208606,370,82,1480,5881,7361
128,subcell,MQ,std_ctrl__tvn_efaar_e0.2_c96,0.3294468250928768,0.08924085681316903,0.02940011694566656,370,76,1480,5657,7137
129,subcell,MQ,std_ctrl__tvn_efaar_e0.2_c96,0.31304215114200956,0.05515846056749892,0.01726692314973157,370,77,1480,5689,7169
130,subcell,MQ,std_ctrl__tvn_efaar_e0.2_c96,0.24954384405030341,0.060894292973306556,0.015195795949284299,370,98,1480,5785,7265
131,subcell,MQ,std_ctrl__tvn_efaar_e0.2_c96,0.28591088249575797,0.03700284231703028,0.010579515301713504,370,86,1480,5753,7233
132,subcell,MQ,std_ctrl__tvn_efaar_e0.2_c96,0.34189833962477517,0.04665285309373449,0.01595053301150638,370,100,1480,5849,7329
133,subcell,MQ,std_ctrl__tvn_efaar_e0.2_c96,0.2774006714274447,-0.00563050326438414,-0.0015619053860145794,370,120,1480,5753,7233
134,subcell,MQ,std_ctrl__tvn_efaar_e0.2_c96,0.2863196410929798,-0.038201585519799346,-0.010937864255211724,370,63,1480,5337,6817
135,subcell,MQ,std_ctrl__tvn_efaar_e0.2_c96,0.2693159650542855,-0.050532343963578794,-0.013609166981006322,370,77,1480,5625,7105
136,subcell,MQ,std_ctrl__tvn_efaar_e0.2_c96,0.2907143425805452,0.015139435703629803,0.004401251097621172,370,68,1480,5529,7009
137,subcell,MQ,std_ctrl__tvn_efaar_e0.2_c96,0.286262290889575,-0.009507636112104334,-0.0027216776943954388,370,79,1480,5529,7009
138,subcell,MQ,std_ctrl__tvn_efaar_e0.2_c96,0.2660763104363761,0.0069292467774122665,0.0018437084166370047,370,87,1480,5497,6977
139,subcell,MQ,std_ctrl__tvn_efaar_e0.2_c96,0.3119728462297681,0.15156918941214023,0.04728547142164422,370,78,1480,5561,7041
140,subcell,MQ,std_ctrl__tvn_efaar_e0.2_c96,0.32514512547285396,0.05635145816600332,0.01832240193596343,370,43,1480,5625,7105
141,subcell,MQ,std_ctrl__tvn_efaar_e0.2_c96,0.3136185395282996,0.0038393544892137543,0.0012040927476386382,370,77,1480,5593,7073
142,subcell,MQ,std_ctrl__tvn_efaar_e0.2_c96,0.2858492217158201,0.03328098313823839,0.009513343128002777,370,68,1480,5913,7393
143,subcell,MQ,std_ctrl__tvn_efaar_e0.2_c96,0.2894407859230998,0.15590743021059555,0.04512596913140561,370,79,1480,5849,7329
144,subcell,MQ,std_ctrl__tvn_efaar_e0.2_c96,0.29473491732132323,-0.007862903162695705,-0.0023174721135626897,370,80,1480,5625,7105
145,subcell,MQ,std_ctrl__tvn_efaar_e0.2_c96,0.2938513852623349,0.01865188392234495,0.005480881928333336,370,95,1480,5753,7233
146,subcell,MQ,std_ctrl__tvn_efaar_e0.2_c96,0.28584471452312604,-0.002858943425168231,-0.0008172138672049811,370,69,1480,5529,7009
147,subcell,MQ,std_ctrl__tvn_efaar_e0.2_c96,0.2968103232663734,0.049337497501994405,0.01464387858272085,370,82,1480,5721,7201
148,subcell,MQ,std_ctrl__tvn_efaar_e0.2_c96,0.3070923494485244,0.05099400060171198,0.015659867452559203,370,75,1480,5657,7137
149,subcell,MQ,std_ctrl__tvn_efaar_e0.2_c96,0.27594788759996947,-0.022366486823475962,-0.006171984791970743,370,46,1480,5497,6977
150,subcell,MQ,std_ctrl__tvn_efaar_e0.2_c96,0.29093438560120904,0.07585523014728032,0.02206889477753731,370,84,1480,5849,7329
151,subcell,MQ,std_ctrl__tvn_efaar_e0.2_c96,0.3063979852306939,0.13513461216229594,0.0414049729014587,370,98,1480,5785,7265
152,subcell,MQ,std_ctrl__tvn_efaar_e0.2_c96,0.2724111585073335,-0.014200625175902913,-0.0038684087556961192,370,69,1480,5657,7137
153,subcell,MQ,std_ctrl__tvn_efaar_e0.2_c96,0.30405317269444776,0.03544410725481685,0.010776893264149356,370,85,1480,5753,7233
154,subcell,MQ,std_ctrl__tvn_efaar_e0.2_c96,0.2747807558240647,0.0626695730867911,0.01722039265995992,370,76,1480,5721,7201
155,subcell,MQ,std_ctrl__tvn_efaar_e0.2_c96,0.29574505270422374,0.019622280310234032,0.005803192324527215,370,83,1480,5497,6977
156,subcell,MQ,std_ctrl__tvn_efaar_e0.2_c96,0.2944434391787236,0.11048895796548663,0.03253274877463132,370,63,1480,5785,7265
157,subcell,MQ,std_ctrl__tvn_efaar_e0.2_c96,0.2989251623617641,0.0023569486034800517,0.0007045512439736076,370,95,1480,5593,7073
158,subcell,MQ,std_ctrl__tvn_efaar_e0.2_c96,0.2672971136653377,-0.007392472837450836,-0.0019759866523000177,370,78,1480,5625,7105
159,subcell,MQ,std_ctrl__tvn_efaar_e0.2_c96,0.2813999217620712,-0.015107072523887821,-0.004251129026275968,370,56,1480,5849,7329
160,subcell,MQ,std_ctrl__tvn_efaar_e0.2_c96,0.27501424130883334,0.02909639402525603,0.008001922727678659,370,76,1480,5817,7297
161,subcell,MQ,std_ctrl__tvn_efaar_e0.2_c96,0.31007709017429297,0.039243340119565664,0.012168460712995011,370,95,1480,5657,7137
162,subcell,MQ,std_ctrl__tvn_efaar_e0.2_c96,0.2908548277294227,0.03586176332191634,0.010430566993069308,370,108,1480,5849,7329
163,subcell,MQ,std_ctrl__tvn_efaar_e0.2_c96,0.3017886197120621,0.023986238934671257,0.0072387739401781614,370,75,1480,5785,7265
164,subcell,MQ,std_ctrl__tvn_efaar_e0.2_c96,0.29045710172749256,0.013346133625910831,0.0038764792922498913,370,49,1480,5785,7265
165,subcell,MQ,std_ctrl__tvn_efaar_e0.2_c96,0.3002563414847829,0.030846183184336063,0.009261762111698178,370,83,1480,5849,7329
166,subcell,MQ,std_ctrl__tvn_efaar_e0.2_c96,0.2922059563498314,0.026764909430615613,0.007820865956789656,370,84,1480,5631,7111
167,subcell,MQ,std_ctrl__tvn_efaar_e0.2_c96,0.28801506666045645,0.016473930761891815,0.004744740266546015,370,49,1480,5785,7265
168,subcell,MQ,std_ctrl__tvn_efaar_e0.2_c96,0.29961555052271965,-0.022285244451742688,-0.006677005784942269,370,49,1480,5721,7201
169,subcell,MQ,std_ctrl__tvn_efaar_e0.2_c96,0.296994087581051,-0.035083619970938736,-0.01041962770230929,370,53,1480,5689,7169
170,subcell,MQ,std_ctrl__tvn_efaar_e0.2_c96,0.27893224911603676,-0.051894183257788454,-0.014474961252134712,370,57,1480,5497,6977
171,subcell,MQ,std_ctrl__tvn_efaar_e0.2_c96,0.2813632924994353,0.01723766060378893,0.004850044942469858,370,78,1480,5561,7041
172,subcell,MQ,std_ctrl__tvn_efaar_e0.2_c96,0.304901934677207,-0.03456933825377135,-0.010540258114085665,370,58,1480,5689,7169
173,subcell,MQ,std_ctrl__tvn_efaar_e0.2_c96,0.2904124736518634,0.060868809529398445,0.01767706154367672,370,61,1480,5753,7233
174,subcell,MQ,std_ctrl__tvn_efaar_e0.2_c96,0.2980517158655903,0.13113093731187128,0.0390838008688664,370,81,1480,5497,6977
175,subcell,MQ,std_ctrl__tvn_efaar_e0.2_c96,0.2807153324413523,-0.03248796529284617,-0.009119869977524429,370,81,1480,5433,6913
176,subcell,MQ,std_ctrl__tvn_efaar_e0.2_c96,0.3016223140948272,-0.022089683934582226,-0.006662741585972019,370,67,1480,5497,6977
177,subcell,MQ,std_ctrl__tvn_efaar_e0.2_c96,0.28273382298903477,0.030785821610688897,0.008704193037848515,370,74,1480,5657,7137
178,subcell,MQ,std_ctrl__tvn_efaar_e0.2_c96,0.3058230497236413,0.010617444913000394,0.0032470593835665423,370,66,1480,5657,7137
179,subcell,MQ,std_ctrl__tvn_efaar_e0.2_c96,0.2823897722701364,0.0366457994657175,0.01034839896578105,370,99,1480,5561,7041
180,subcell,MQ,std_ctrl__tvn_efaar_e0.2_c96,0.2815046289066435,-0.027366592028463994,-0.007703822333412266,370,79,1480,5753,7233
181,subcell,MQ,std_ctrl__tvn_efaar_e0.2_c96,0.2915793387397134,-0.0008875552193441082,-0.00025879276395133637,370,73,1480,5593,7073
182,subcell,MQ,std_ctrl__tvn_efaar_e0.2_c96,0.2662757118449822,0.05229973260607464,0.013926148528984753,370,82,1480,5657,7137
183,subcell,MQ,std_ctrl__tvn_efaar_e0.2_c96,0.2970906855557506,0.03442092152453563,0.010226135173184981,370,126,1480,5593,7073
184,subcell,MQ,std_ctrl__tvn_efaar_e0.2_c96,0.30845933341609744,0.13121815166828152,0.04047546359569049,370,69,1480,5721,7201
185,subcell,MQ,std_ctrl__tvn_efaar_e0.2_c96,0.28071783640077996,0.012357710552138678,0.0034690297690634577,370,80,1480,5817,7297
186,subcell,MQ,std_ctrl__tvn_efaar_e0.2_c96,0.3067311324124619,0.02495073730557059,0.007653167908263526,370,62,1480,5721,7201
187,subcell,MQ,std_ctrl__tvn_efaar_e0.2_c96,0.2832513512255107,0.09192276387629955,0.026037247076345412,370,77,1480,5721,7201
188,subcell,MQ,std_ctrl__tvn_efaar_e0.2_c96,0.2777008345332129,0.031476352717409076,0.008741009417686265,370,50,1480,5657,7137
189,subcell,MQ,std_ctrl__tvn_efaar_e0.2_c96,0.27607210715012154,0.044396253203489174,0.012256567171457589,370,49,1480,5753,7233
190,subcell,MQ,std_ctrl__tvn_efaar_e0.2_c96,0.2927790414161517,0.001595699809424853,0.0004671874605913444,370,78,1480,5721,7201
191,subcell,MQ,std_ctrl__tvn_efaar_e0.2_c96,0.2975669374465742,0.008532061874367142,0.002538859522060108,370,90,1480,5465,6945
192,subcell,MQ,std_ctrl__tvn_efaar_e0.2_c96,0.26907859729606826,0.06521491144276016,0.017547936893805214,370,98,1480,5497,6977
193,subcell,MQ,std_ctrl__tvn_efaar_e0.2_c96,0.30694292255408345,0.029662883257835886,0.009104812078540738,370,85,1480,5721,7201
194,subcell,MQ,std_ctrl__tvn_efaar_e0.2_c96,0.31539054053744997,0.038684305103521284,0.012200663896915213,370,71,1480,5689,7169
195,subcell,MQ,std_ctrl__tvn_efaar_e0.2_c96,0.27881787572019257,0.045907794626227766,0.012799913776683698,370,88,1480,5881,7361
196,subcell,MQ,std_ctrl__tvn_efaar_e0.2_c96,0.26855385936125864,0.0062397620863070755,0.001675712189773824,370,54,1480,5625,7105
197,subcell,MQ,std_ctrl__tvn_efaar_e0.2_c96,0.2594199395961013,-0.013654006425170383,-0.00354212152206248,370,79,1480,5433,6913
198,subcell,MQ,std_ctrl__tvn_efaar_e0.2_c96,0.28323483795967924,-0.05883552510515103,-0.016664270419430093,370,82,1480,5753,7233
199,subcell,MQ,std_ctrl__tvn_efaar_e0.2_c96,0.30343153565774966,-0.0022792509970077294,-0.0006915966301715124,370,85,1480,5721,7201
200,subcell,MQ,std_ctrl__tvn_efaar_e0.2_c96,0.2929798229343345,0.03522148532807438,0.010319184534903492,370,51,1480,5561,7041
201,subcell,MQ,std_ctrl__tvn_efaar_e0.2_c96,0.2866634374214752,-0.00616713937131451,-0.001767893371238333,370,83,1480,5689,7169
202,subcell,MQ,std_ctrl__tvn_efaar_e0.2_c96,0.28810781491645815,0.03188293239683674,0.009185721985981787,370,34,1480,5657,7137
203,subcell,MQ,std_ctrl__tvn_efaar_e0.2_c96,0.3066437407428908,0.06692112327215913,0.020520943574891,370,71,1480,5465,6945
204,subcell,MQ,std_ctrl__tvn_efaar_e0.2_c96,0.2829491687923943,0.028048754404211024,0.007936371744333518,370,72,1480,5561,7041
205,subcell,MQ,std_ctrl__tvn_efaar_e0.2_c96,0.28669263438052467,-0.010468284024937807,-0.0030011799245529816,370,72,1480,5721,7201
206,subcell,MQ,std_ctrl__tvn_efaar_e0.2_c96,0.2560118615922196,-0.02735367416560333,-0.007002865044523113,370,70,1480,5337,6817
207,subcell,MQ,std_ctrl__tvn_efaar_e0.2_c96,0.31689074626985375,0.019255862353155177,0.006102004591160926,370,53,1480,5657,7137
208,subcell,MQ,std_ctrl__tvn_efaar_e0.2_c96,0.26542835757322747,-0.024992535881392344,-0.006633727750587925,370,60,1480,5881,7361
209,subcell,MQ,std_ctrl__tvn_efaar_e0.2_c96,0.257660258766169,0.028220262457776778,0.007271240127319969,370,54,1480,5881,7361
210,subcell,MQ,std_ctrl__tvn_efaar_e0.2_c96,0.2691049581654295,-0.037232445100284846,-0.010019435581108804,370,74,1480,5657,7137
211,subcell,MQ,std_ctrl__tvn_efaar_e0.2_c96,0.3141142696282775,0.0451007935803525,0.014166802835148132,370,65,1480,5817,7297
212,subcell,MQ,std_ctrl__tvn_efaar_e0.2_c96,0.30500415739304493,-0.026393844211175306,-0.008050232213992821,370,67,1480,5913,7393
213,subcell,MQ,std_ctrl__tvn_efaar_e0.2_c96,0.3276505406615029,0.02509657647129192,0.00822290684957155,370,67,1480,5753,7233
214,subcell,MQ,std_ctrl__tvn_efaar_e0.2_c96,0.2948301735942305,0.098995422136795,0.029186837493625405,370,96,1480,5657,7137
215,subcell,MQ,std_ctrl__tvn_efaar_e0.2_c96,0.24679431029290727,0.1418916959399699,0.03501806323579578,370,67,1480,5401,6881
216,subcell,MQ,std_ctrl__tvn_efaar_e0.2_c96,0.2900480946767353,-0.0030111868268331314,-0.0008733890018386343,370,60,1480,5657,7137
217,subcell,MQ,std_ctrl__tvn_efaar_e0.2_c96,0.3282855757462944,-0.013588552409938167,-0.004460925751455248,370,58,1480,5689,7169
218,subcell,MQ,std_ctrl__tvn_efaar_e0.2_c96,0.26197680781916666,0.021466534742049116,0.005623734246661265,370,96,1480,5785,7265
219,subcell,MQ,std_ctrl__tvn_efaar_e0.2_c96,0.24339887384992825,-0.008851248462863991,-0.002154383908027004,370,77,1480,5561,7041
220,subcell,MQ,std_ctrl__tvn_efaar_e0.2_c96,0.29438223363227745,0.000863126455843749,0.0002540890939783941,370,91,1480,5849,7329
221,subcell,MQ,std_ctrl__tvn_efaar_e0.2_c96,0.23796306722922164,0.018301403043478482,0.004355058002824351,370,74,1480,5945,7425
222,subcell,MQ,std_ctrl__tvn_efaar_e0.2_c96,0.29743775816573714,0.05426235660019824,0.016139673699952756,370,60,1480,5465,6945
223,subcell,MQ,std_ctrl__tvn_efaar_e0.2_c96,0.29466842403954546,-0.03127601248287118,-0.009216053308568803,370,61,1480,5625,7105
224,subcell,MQ,std_ctrl__tvn_efaar_e0.2_c96,0.2825431025181236,0.044829934046475964,0.012666388651174178,370,57,1480,5625,7105
225,subcell,MQ,std_ctrl__tvn_efaar_e0.2_c96,0.2785437018283639,0.021151218038687983,0.005891538570675018,370,86,1480,5786,7266
226,subcell,MQ,std_ctrl__tvn_efaar_e0.2_c96,0.2813662846651805,0.07137070669754467,0.020081310577416456,370,80,1480,5561,7041
227,subcell,MQ,std_ctrl__tvn_efaar_e0.2_c96,0.29231531818815787,0.07439481791508679,0.02174674487039866,370,45,1480,5721,7201
228,subcell,MQ,std_ctrl__tvn_efaar_e0.2_c96,0.2971727109401598,-0.027500662914725093,-0.008172446551020372,370,48,1480,5689,7169
229,subcell,MQ,std_ctrl__tvn_efaar_e0.2_c96,0.31555639065277946,0.045282778927844825,0.014289270277198451,370,63,1480,5721,7201
230,subcell,MQ,std_ctrl__tvn_efaar_e0.2_c96,0.3062813281091365,0.10041916799080859,0.030756516139839343,370,87,1480,5785,7265
231,subcell,MQ,std_ctrl__tvn_efaar_e0.2_c96,0.30700327861176346,-0.004827546537237086,-0.001482072614582651,370,45,1480,5657,7137
232,subcell,MQ,std_ctrl__tvn_efaar_e0.2_c96,0.2902309129426095,-0.02595952389368897,-0.007534256319220834,370,78,1480,5689,7169
233,subcell,MQ,std_ctrl__tvn_efaar_e0.2_c96,0.296430745946202,-0.016636762001472703,-0.004931647770225982,370,75,1480,5689,7169
234,subcell,MQ,std_ctrl__tvn_efaar_e0.2_c96,0.30223746243199384,0.05351775205875083,0.016175069577301467,370,76,1480,5721,7201
235,subcell,MQ,std_ctrl__tvn_efaar_e0.2_c96,0.28244981838329936,0.012553728482557345,0.0035457983299315744,370,75,1480,5721,7201
236,subcell,MQ,std_ctrl__tvn_efaar_e0.2_c96,0.30467945485075243,0.017883046075142562,0.005448596729245324,370,71,1480,5689,7169
237,subcell,MQ,std_ctrl__tvn_efaar_e0.2_c96,0.27238561591068305,0.013820008383807222,0.0037643714955141335,370,77,1480,5753,7233
238,subcell,MQ,std_ctrl__tvn_efaar_e0.2_c96,0.26913996898669024,0.009623090882465568,0.0025899583816628847,370,58,1480,5785,7265
239,subcell,MQ,std_ctrl__tvn_efaar_e0.2_c96,0.3177021792233028,0.0486928182617326,0.015469814474276682,370,58,1480,5657,7137
240,subcell,MQ,std_ctrl__tvn_efaar_e0.2_c96,0.2831898785495205,0.0232175813052596,0.006574984030050084,370,61,1480,5817,7297
241,subcell,MQ,std_ctrl__tvn_efaar_e0.2_c96,0.3112880054632861,0.014062023278395633,0.004377339179110076,370,86,1480,5785,7265
242,subcell,MQ,std_ctrl__tvn_efaar_e0.2_c96,0.275770604491471,0.018193009349746204,0.005017097185898494,370,72,1480,5753,7233
243,subcell,MQ,std_ctrl__tvn_efaar_e0.2_c96,0.2985233514098052,0.034643435545046196,0.010341874483256762,370,75,1480,5849,7329
244,subcell,MQ,std_ctrl__tvn_efaar_e0.2_c96,0.26556517148220604,0.02013048398325618,0.005345955431033229,370,76,1480,5721,7201
245,subcell,MQ,std_ctrl__tvn_efaar_e0.2_c96,0.3278924802398746,-0.010198258505488434,-0.0033439322754919994,370,83,1480,5529,7009
246,subcell,MQ,std_ctrl__tvn_efaar_e0.2_c96,0.29066417338600425,0.0032717118349276254,0.0009509694160564454,370,57,1480,5913,7393
247,subcell,MQ,std_ctrl__tvn_efaar_e0.2_c96,0.2782313866493153,-0.006060107056495365,-0.0016861119895720058,370,65,1480,5817,7297
248,subcell,MQ,std_ctrl__tvn_efaar_e0.2_c96,0.3161881359049576,0.06289626863549103,0.019887053935233358,370,72,1480,5721,7201
249,subcell,MQ,std_ctrl__tvn_efaar_e0.2_c96,0.2875260803561074,0.037486089016862165,0.010778228242898506,370,70,1480,5657,7137
250,subcell,MQ,std_ctrl__tvn_efaar_e0.2_c96,0.3205230247109359,0.06351595564829232,0.02035832622179631,370,81,1480,5817,7297
251,subcell,MQ,std_ctrl__tvn_efaar_e0.2_c96,0.29558743535632165,0.010617089818553242,0.003138278350413867,370,89,1480,5401,6881
252,subcell,MQ,std_ctrl__tvn_efaar_e0.2_c96,0.2882057284573221,0.014193587890526839,0.004090673337412314,370,56,1480,5753,7233
253,subcell,MQ,std_ctrl__tvn_efaar_e0.2_c96,0.2892433804494952,0.011808960053395413,0.003415663525437141,370,51,1480,5849,7329
254,subcell,MQ,std_ctrl__tvn_efaar_e0.2_c96,0.29323336901727987,0.005678827767149834,0.0016652217982302227,370,58,1480,5625,7105
255,subcell,MQ,std_ctrl__tvn_efaar_e0.2_c96,0.29123001308039886,-0.006631495236032316,-0.0019312904443322943,370,61,1480,5881,7361
256,subcell,MQ,std_ctrl__tvn_efaar_e0.2_c96,0.2753060413362891,-0.000870247647592976,-0.0002395844348410402,370,58,1480,5721,7201
257,subcell,MQ,std_ctrl__tvn_efaar_e0.2_c96,0.2904143811564157,-0.020447792015373285,-0.005938332864159731,370,69,1480,5817,7297
258,subcell,MQ,std_ctrl__tvn_efaar_e0.2_c96,0.3023819188254462,0.05573495219720377,0.016853241791034996,370,65,1480,5689,7169
259,subcell,MQ,std_ctrl__tvn_efaar_e0.2_c96,0.3097695843576797,0.11145504078436365,0.03452538165834057,370,77,1480,5529,7009
260,subcell,MQ,std_ctrl__tvn_efaar_e0.2_c96,0.29049229478073,-0.03893332640669926,-0.011309831331329262,370,92,1480,5721,7201
261,subcell,MQ,std_ctrl__tvn_efaar_e0.2_c96,0.2823771772996535,0.038758900050053766,0.010944628791373581,370,90,1480,5660,7140
262,subcell,MQ,std_ctrl__tvn_efaar_e0.2_c96,0.2569702384109077,0.035872901404433985,0.009218268026388388,370,83,1480,5721,7201
263,subcell,MQ,std_ctrl__tvn_efaar_e0.2_c96,0.3278848210421542,-0.020703709747578465,-0.006788432165493469,370,54,1480,5881,7361
264,subcell,MQ,std_ctrl__tvn_efaar_e0.2_c96,0.2976504505189715,0.04751240947045594,0.014142090084123057,370,94,1480,5593,7073
265,subcell,MQ,std_ctrl__tvn_efaar_e0.2_c96,0.2890209490272569,0.009163746697926831,0.0026485147672802045,370,81,1480,5529,7009
266,subcell,MQ,std_ctrl__tvn_efaar_e0.2_c96,0.2801997148642548,0.05134994344146172,0.014388239510593186,370,47,1480,5625,7105
267,subcell,MQ,std_ctrl__tvn_efaar_e0.2_c96,0.29725420387374274,0.003973244560905062,0.0011810636487475127,370,64,1480,5721,7201
268,subcell,MQ,std_ctrl__tvn_efaar_e0.2_c96,0.2926526851307649,0.008669650155522133,0.0025371963971579058,370,75,1480,5692,7172
269,subcell,MQ,std_ctrl__tvn_efaar_e0.2_c96,0.2758226909315716,0.12083358836602195,0.033328645498034014,370,80,1480,5593,7073
270,subcell,MQ,std_ctrl__tvn_efaar_e0.2_c96,0.3466420824299583,0.01021579648315428,0.003541224966601244,370,71,1480,5465,6945
271,subcell,MQ,std_ctrl__tvn_efaar_e0.2_c96,0.28897689043802616,0.04020968160763919,0.011619668756478666,370,79,1480,5822,7302
272,subcell,MQ,std_ctrl__tvn_efaar_e0.2_c96,0.24899640675877954,0.0024109761758605622,0.0006003244045703033,370,81,1480,5753,7233
273,subcell,MQ,std_ctrl__tvn_efaar_e0.2_c96,0.32303989202614086,0.07842542671875617,0.025334541379331017,370,78,1480,5721,7201
274,subcell,MQ,std_ctrl__tvn_efaar_e0.2_c96,0.2746033071759361,0.006619859032570152,0.0018178351833822567,370,69,1480,5721,7201
275,subcell,MQ,std_ctrl__tvn_efaar_e0.2_c96,0.25659022897445893,0.12489387054014243,0.03204654683940158,370,55,1480,5693,7173
276,subcell,MQ,std_ctrl__tvn_efaar_e0.2_c96,0.30849391559143463,-0.016493846765033175,-0.005088251371710202,370,47,1480,5817,7297
277,subcell,MQ,std_ctrl__tvn_efaar_e0.2_c96,0.3039256304332742,0.05190273156214679,0.01577457041123446,370,59,1480,5497,6977
278,subcell,MQ,std_ctrl__tvn_efaar_e0.2_c96,0.2839023368541635,-0.03241102956946119,-0.009201567034619424,370,55,1480,5657,7137
279,subcell,MQ,std_ctrl__tvn_efaar_e0.2_c96,0.25886105299853995,-0.04091238939169773,-0.01059062419862117,370,69,1480,5849,7329
280,subcell,MQ,std_ctrl__tvn_efaar_e0.2_c96,0.30474420153633797,-0.0118478457551631,-0.00361056229458287,370,60,1480,5785,7265
281,subcell,MQ,std_ctrl__tvn_efaar_e0.2_c96,0.26890807738145545,-0.02262372164103722,-0.006083701489704545,370,75,1480,5753,7233
282,subcell,MQ,std_ctrl__tvn_efaar_e0.2_c96,0.2911214039521194,-0.006349541072246187,-0.0018484873114039554,370,73,1480,5977,7457
283,subcell,MQ,std_ctrl__tvn_efaar_e0.2_c96,0.2679236264380108,0.011219274860079712,0.0030059088065173627,370,64,1480,5689,7169
284,subcell,MQ,std_ctrl__tvn_efaar_e0.2_c96,0.2771861352336839,0.03197383396647231,0.00886270346576995,370,61,1480,5561,7041
285,subcell,MQ,std_ctrl__tvn_efaar_e0.2_c96,0.31511811800566936,-0.006344924563614259,-0.001999400687374068,370,61,1480,5593,7073
286,subcell,MQ,std_ctrl__tvn_efaar_e0.2_c96,0.288148967253543,0.046555795249648035,0.013415004320853484,370,86,1480,5593,7073
287,subcell,MQ,std_ctrl__tvn_efaar_e0.2_c96,0.29245166417779056,0.05843732577115186,0.01709009317187305,370,58,1480,5881,7361
288,subcell,MQ,std_ctrl__tvn_efaar_e0.2_c96,0.3075086373816206,0.11905670844951073,0.03661096618644992,370,75,1480,5785,7265
289,subcell,MQ,std_ctrl__tvn_efaar_e0.2_c96,0.2974109212202173,0.02648393130790451,0.007876610407816835,370,97,1480,5785,7265
290,subcell,MQ,std_ctrl__tvn_efaar_e0.2_c96,0.30619406661134324,0.014500204712911972,0.004439876647743482,370,57,1480,5625,7105
291,subcell,MQ,std_ctrl__tvn_efaar_e0.2_c96,0.2683977121905426,-0.020751765218404175,-0.005569726308534956,370,76,1480,5849,7329
292,subcell,MQ,std_ctrl__tvn_efaar_e0.2_c96,0.29592967404359916,-0.0011615056199825076,-0.000343723979521232,370,74,1480,5657,7137
293,subcell,MQ,std_ctrl__tvn_efaar_e0.2_c96,0.313339037438805,0.012842217772452338,0.00402396815539973,370,61,1480,5817,7297
294,subcell,MQ,std_ctrl__tvn_efaar_e0.2_c96,0.3072398093551984,-0.007717728687527296,-0.002371193490611032,370,72,1480,5721,7201
295,subcell,MQ,std_ctrl__tvn_efaar_e0.2_c96,0.27265486950086254,0.04066643400371401,0.011087901256348082,370,65,1480,5724,7204
296,subcell,MQ,std_ctrl__tvn_efaar_e0.2_c96,0.28392120645414015,0.04643351248856844,0.013183458885657735,370,82,1480,5689,7169
297,subcell,MQ,std_ctrl__tvn_efaar_e0.2_c96,0.28517944275505885,-0.004599749530642068,-0.0013117540079613484,370,59,1480,5369,6849
298,subcell,MQ,std_ctrl__tvn_efaar_e0.2_c96,0.2986419242202743,-0.014856013792236564,-0.004436628545156461,370,62,1480,5689,7169
299,subcell,MQ,std_ctrl__tvn_efaar_e0.2_c96,0.3005060665873155,-0.024681208613595296,-0.007416852919092493,370,96,1480,5625,7105
300,subcell,MQ,std_ctrl__tvn_efaar_e0.2_c96,0.29495613991387704,0.023384415895495843,0.006897377046676162,370,49,1480,5625,7105
301,subcell,MQ,std_ctrl__tvn_efaar_e0.2_c96,0.26201461149340954,-0.0027805456454562737,-0.0007285435870339173,370,97,1480,5657,7137
302,subcell,MQ,std_ctrl__tvn_efaar_e0.2_c96,0.2669533138300713,0.12017178268982788,0.032080255617916754,370,118,1480,5689,7169
303,subcell,MQ,std_ctrl__tvn_efaar_e0.2_c96,0.28400644366524,-0.05727832507708979,-0.01626741340424581,370,102,1480,5689,7169
304,subcell,MQ,std_ctrl__tvn_efaar_e0.2_c96,0.3072772174508302,0.03077298954162466,0.009455838598993923,370,57,1480,5785,7265
305,subcell,MQ,std_ctrl__tvn_efaar_e0.2_c96,0.27069541536129776,0.14318923464179603,0.0387606693466273,370,70,1480,5849,7329
306,subcell,MQ,std_ctrl__tvn_efaar_e0.2_c96,0.2703644763313317,0.003159572104839178,0.0008542360575559278,370,74,1480,5657,7137
307,subcell,MQ,std_ctrl__tvn_efaar_e0.2_c96,0.3107520311848064,-0.0015596098505850095,-0.0004846519289251241,370,72,1480,5753,7233
308,subcell,MQ,std_ctrl__tvn_efaar_e0.2_c96,0.27555003511030735,0.017481298979689048,0.004816972547627097,370,75,1480,5753,7233
309,subcell,MQ,std_ctrl__tvn_efaar_e0.2_c96,0.2969118929539059,0.030241634825941114,0.008979101042190941,370,73,1480,5849,7329
310,subcell,MQ,std_ctrl__tvn_efaar_e0.2_c96,0.30767529544005423,0.004365995011002812,0.0013433088049000928,370,73,1480,5753,7233
311,subcell,MQ,std_ctrl__tvn_efaar_e0.2_c96,0.3060999396946303,0.07996573792600686,0.02447750755678731,370,67,1480,5724,7204
312,subcell,MQ,std_ctrl__tvn_efaar_e0.2_c96,0.28743910710891873,0.06060090353047292,0.01741906960079286,370,93,1480,5689,7169
313,subcell,MQ,std_ctrl__tvn_efaar_e0.2_c96,0.25251944672771487,0.02285789108103924,0.005772062009146397,370,100,1480,5721,7201
314,subcell,MQ,std_ctrl__tvn_efaar_e0.2_c96,0.3166653017540589,0.029955558887681897,0.009485886094379269,370,60,1480,5625,7105
315,subcell,MQ,std_ctrl__tvn_efaar_e0.2_c96,0.3004918883665149,0.011218498572741153,0.0033710678207600417,370,52,1480,5593,7073
316,subcell,MQ,std_ctrl__tvn_efaar_e0.2_c96,0.3026972541631066,0.0265757124357887,0.008044395181741566,370,61,1480,5561,7041
317,subcell,MQ,std_ctrl__tvn_efaar_e0.2_c96,0.2833007196185807,0.09267079444014412,0.0262537027525184,370,92,1480,5817,7297
318,subcell,MQ,std_ctrl__tvn_efaar_e0.2_c96,0.2722661543554302,0.03553002524137284,0.00967362333661995,370,80,1480,5657,7137
319,subcell,MQ,std_ctrl__tvn_efaar_e0.2_c96,0.28292187792238205,0.01056928396271697,0.0029902816670268006,370,86,1480,5881,7361
320,subcell,MQ,std_ctrl__tvn_efaar_e0.2_c96,0.2729796652275799,0.05712419848366493,0.015593744578464679,370,82,1480,5529,7009
321,subcell,MQ,std_ctrl__tvn_efaar_e0.2_c96,0.30965220965080853,0.03155159279764452,0.009770020427793163,370,73,1480,5529,7009
322,subcell,MQ,std_ctrl__tvn_efaar_e0.2_c96,0.26592826438152567,-0.036059310416621485,-0.00958918983388682,370,72,1480,5657,7137
323,subcell,MQ,std_ctrl__tvn_efaar_e0.2_c96,0.3137773792921219,0.051081434956385056,0.016028198791095488,370,92,1480,5625,7105
324,subcell,MQ,std_ctrl__tvn_efaar_e0.2_c96,0.2623449615198771,0.014946693886507302,0.00392118983250514,370,61,1480,5721,7201
325,subcell,MQ,std_ctrl__tvn_efaar_e0.2_c96,0.25941383322291495,0.04568212975971476,0.011850576390754203,370,100,1480,5689,7169
326,subcell,MQ,std_ctrl__tvn_efaar_e0.2_c96,0.2869191940742765,-0.01665788432476095,-0.004779466745442935,370,46,1480,5663,7143
327,subcell,MQ,std_ctrl__tvn_efaar_e0.2_c96,0.28730525262148054,0.013043044489560387,0.0037473351920263567,370,79,1480,5497,6977
328,subcell,MQ,std_ctrl__tvn_efaar_e0.2_c96,0.2794060684566569,-0.040877622698917385,-0.011421455846159102,370,67,1480,5727,7207
329,subcell,MQ,std_ctrl__tvn_efaar_e0.2_c96,0.3103079846841352,-0.03978192600810947,-0.01234464928642983,370,113,1480,5561,7041
330,subcell,MQ,std_ctrl__tvn_efaar_e0.2_c96,0.345169608385006,0.04272262693347623,0.014746552407806701,370,45,1480,5593,7073
331,subcell,MQ,std_ctrl__tvn_efaar_e0.2_c96,0.29553957330032615,-0.01606332593748193,-0.004747348493347471,370,95,1480,5817,7297
332,subcell,MQ,std_ctrl__tvn_efaar_e0.2_c96,0.307565920558885,0.021389256188298022,0.006578606269623709,370,100,1480,5689,7169
333,subcell,MQ,std_ctrl__tvn_efaar_e0.2_c96,0.28663314267794127,0.04541623769277361,0.01301779893848807,370,92,1480,5433,6913
334,subcell,MQ,std_ctrl__tvn_efaar_e0.2_c96,0.29517504766267827,0.02347543818732993,0.00692936358584737,370,53,1480,5497,6977
335,subcell,MQ,std_ctrl__tvn_efaar_e0.2_c96,0.2956764066812229,0.03563269264861588,0.01053574652271917,370,71,1480,5593,7073
336,subcell,MQ,std_ctrl__tvn_efaar_e0.2_c96,0.31073298501703156,0.028246708009454103,0.008777183896682167,370,53,1480,5593,7073
337,subcell,MQ,std_ctrl__tvn_efaar_e0.2_c96,0.2818915291118043,-0.025142299375554227,-0.007087401216361744,370,95,1480,5593,7073
338,subcell,MQ,std_ctrl__tvn_efaar_e0.2_c96,0.3199577925150468,0.038392763406554134,0.012284063828113529,370,87,1480,5561,7041
339,subcell,MQ,std_ctrl__tvn_efaar_e0.2_c96,0.2723957319186483,-0.0031861838334870333,-0.000867902877350065,370,86,1480,5817,7297
340,subcell,MQ,std_ctrl__tvn_efaar_e0.2_c96,0.3222693360523834,-0.006483487262354793,-0.002089429135343164,370,93,1480,5625,7105
341,subcell,MQ,std_ctrl__tvn_efaar_e0.2_c96,0.3010592148660372,0.042179233539925656,0.012698446933181241,370,52,1480,5561,7041
342,subcell,MQ,std_ctrl__tvn_efaar_e0.2_c96,0.2748867793579362,0.10259971516661007,0.028203305265191044,370,78,1480,5785,7265
343,subcell,MQ,std_ctrl__tvn_efaar_e0.2_c96,0.2880116054038826,-0.0002465383863378408,-7.100591644284417e-05,370,71,1480,5785,7265
344,subcell,MQ,std_ctrl__tvn_efaar_e0.2_c96,0.2986500757296287,0.04244034132781916,0.012674811151544483,370,48,1480,5561,7041
345,subcell,MQ,std_ctrl__tvn_efaar_e0.2_c96,0.31230143036617497,0.010872003219548955,0.0033953421564107984,370,77,1480,5785,7265
346,subcell,MQ,std_ctrl__tvn_efaar_e0.2_c96,0.2644055818971914,0.04939751973981608,0.013060979951084068,370,62,1480,5689,7169
347,subcell,MQ,std_ctrl__tvn_efaar_e0.2_c96,0.3069674660741965,0.018854681590488986,0.0057877738314682054,370,59,1480,5817,7297
348,subcell,MQ,std_ctrl__tvn_efaar_e0.2_c96,0.30675820817433513,0.03411685062231841,0.010465623965453846,370,125,1480,5791,7271
349,subcell,MQ,std_ctrl__tvn_efaar_e0.2_c96,0.2377039215358723,-0.005743416491245705,-0.001365232622982904,370,84,1480,5689,7169
350,subcell,MQ,std_ctrl__tvn_efaar_e0.2_c96,0.29931369849766065,-0.0002900854588474369,-8.682655156801728e-05,370,84,1480,5497,6977
351,subcell,MQ,std_ctrl__tvn_efaar_e0.2_c96,0.3014061438015428,-0.0011570008867171611,-0.00034872717564038517,370,91,1480,5689,7169
352,subcell,MQ,std_ctrl__tvn_efaar_e0.2_c96,0.2904154139532009,0.052010914376149,0.0151047712286338,370,69,1480,5433,6913
353,subcell,MQ,std_ctrl__tvn_efaar_e0.2_c96,0.30217730345628635,0.016212250001127294,0.004898973988299821,370,90,1480,5593,7073
354,subcell,MQ,std_ctrl__tvn_efaar_e0.2_c96,0.2866218157038608,0.01922549261869912,0.0055104456021727154,370,67,1480,5625,7105
355,subcell,MQ,std_ctrl__tvn_efaar_e0.2_c96,0.31296750828860986,0.013861927177831483,0.004338332808924081,370,67,1480,5561,7041
356,subcell,MQ,std_ctrl__tvn_efaar_e0.2_c96,0.3187028473636908,0.007031924286978648,0.002241094292705986,370,63,1480,5881,7361
357,subcell,MQ,std_ctrl__tvn_efaar_e0.2_c96,0.27510375503076107,0.05985614660503146,0.016466650692715894,370,87,1480,5497,6977
358,subcell,MQ,std_ctrl__tvn_efaar_e0.2_c96,0.2784265793251527,0.0009347044156350261,0.00026024655312537607,370,70,1480,5561,7041
359,subcell,MQ,std_ctrl__tvn_efaar_e0.2_c96,0.2956699886845088,-0.011755445372318464,-0.0034757324002147615,370,83,1480,5529,7009
360,subcell,MQ,std_ctrl__tvn_efaar_e0.2_c96,0.3156182350782296,0.007777053539164143,0.002454579912139886,370,63,1480,5657,7137
361,subcell,MQ,std_ctrl__tvn_efaar_e0.2_c96,0.2922128262142655,-0.0060664376597644835,-0.0017726908936124344,370,55,1480,5721,7201
362,subcell,MQ,std_ctrl__tvn_efaar_e0.2_c96,0.300573579962043,0.054458725032292064,0.01636885394312455,370,60,1480,5561,7041
363,subcell,MQ,std_ctrl__tvn_efaar_e0.2_c96,0.2547809482879603,0.0035083453514968502,0.0008938595555760249,370,75,1480,5689,7169
364,subcell,MQ,std_ctrl__tvn_efaar_e0.2_c96,0.2872275404920875,0.04830243184530351,0.013873788698713209,370,67,1480,5785,7265
365,subcell,MQ,std_ctrl__tvn_efaar_e0.2_c96,0.34038717474864905,0.022114482467296314,0.007527486208071526,370,62,1480,5753,7233
366,subcell,MQ,std_ctrl__tvn_efaar_e0.2_c96,0.2655143223827737,0.054246578736000375,0.014403243594672922,370,83,1480,5660,7140
367,subcell,MQ,std_ctrl__tvn_efaar_e0.2_c96,0.29683147309727,0.023139623740793716,0.006868568601896359,370,79,1480,5689,7169
368,subcell,MQ,std_ctrl__tvn_efaar_e0.2_c96,0.29298124057938046,0.0363492457844811,0.010649647124062089,370,76,1480,5785,7265
369,subcell,MQ,std_ctrl__tvn_efaar_e0.2_c96,0.30724017810466686,0.030914607307163455,0.009498209455088735,370,63,1480,5721,7201
370,subcell,MQ,std_ctrl__tvn_efaar_e0.2_c96,0.294267633412463,-0.011110958404637087,-0.0032695954346768706,370,56,1480,5817,7297
371,subcell,MQ,std_ctrl__tvn_efaar_e0.2_c96,0.3058227924807279,0.006590623178321773,0.002015562784582575,370,63,1480,5529,7009
372,subcell,MQ,std_ctrl__tvn_efaar_e0.2_c96,0.30540005816054455,-0.01048158791548835,-0.0032010775590050034,370,77,1480,5881,7361
373,subcell,MQ,std_ctrl__tvn_efaar_e0.2_c96,0.2944100632503365,0.0873133520614171,0.025705929503000706,370,74,1480,5721,7201
374,subcell,MQ,std_ctrl__tvn_efaar_e0.2_c96,0.30730234893459557,-0.04792073436312268,-0.01472615423245839,370,69,1480,5563,7043
375,subcell,MQ,std_ctrl__tvn_efaar_e0.2_c96,0.3014123737644172,0.01067113216593041,0.0032164112768869116,370,93,1480,5273,6753
376,subcell,MQ,std_ctrl__tvn_efaar_e0.2_c96,0.3178509880184103,0.07105177520706167,0.02258387695002654,370,86,1480,5593,7073
377,subcell,MQ,std_ctrl__tvn_efaar_e0.2_c96,0.2842280612113893,0.00910528100690322,0.002587976367376989,370,79,1480,5817,7297
378,subcell,MQ,std_ctrl__tvn_efaar_e0.2_c96,0.29847250109910217,0.06536968623814308,0.019511053747562127,370,97,1480,5465,6945
379,subcell,MQ,std_ctrl__tvn_efaar_e0.2_c96,0.27612714825252477,-0.01781325137939692,-0.004918722304498225,370,60,1480,5625,7105
380,subcell,MQ,std_ctrl__tvn_efaar_e0.2_c96,0.29498100967262064,0.09879575518440954,0.02914287161566617,370,58,1480,5689,7169
381,subcell,MQ,std_ctrl__tvn_efaar_e0.2_c96,0.27361483140433673,0.0073616780339043906,0.002014264294099759,370,87,1480,5369,6849
382,subcell,MQ,std_ctrl__tvn_efaar_e0.2_c96,0.27374287241728884,-0.017316665508945384,-0.004740313757108102,370,65,1480,5753,7233
383,subcell,MQ,std_ctrl__tvn_efaar_e0.2_c96,0.2883775275921969,0.04277945086511279,0.012336632272233096,370,84,1480,6009,7489
384,subcell,MQ,std_ctrl__tvn_efaar_e0.2_c96,0.277728849556561,0.055887371870821725,0.015521535494423026,370,65,1480,5561,7041
385,subcell,MQ,std_ctrl__tvn_efaar_e0.2_c96,0.32209792063986176,-0.028635793475367474,-0.009223529534288384,370,97,1480,5561,7041
386,subcell,MQ,std_ctrl__tvn_efaar_e0.2_c96,0.2856306396762188,-0.018156839777116296,-0.005186149760036342,370,59,1480,5753,7233
387,subcell,MQ,std_ctrl__tvn_efaar_e0.2_c96,0.3015348779235196,-0.003175720263253934,-0.0009575904218995225,370,49,1480,5721,7201
388,subcell,MQ,std_ctrl__tvn_efaar_e0.2_c96,0.30933876989489584,0.004110548444176093,0.0012715519993148105,370,49,1480,5657,7137
389,subcell,MQ,std_ctrl__tvn_efaar_e0.2_c96,0.2976415709961012,0.0900552624985184,0.026804189806525297,370,59,1480,5721,7201
390,subcell,MQ,std_ctrl__tvn_efaar_e0.2_c96,0.31363310975145886,0.0645453845572197,0.020243569678784604,370,73,1480,5753,7233
391,subcell,MQ,std_ctrl__tvn_efaar_e0.2_c96,0.27960813628535963,0.00471173947833056,0.0013174406941981603,370,83,1480,5657,7137
392,subcell,MQ,std_ctrl__tvn_efaar_e0.2_c96,0.27636778032116033,-0.008607015261240523,-0.002378701702939395,370,57,1480,5945,7425
393,subcell,MQ,std_ctrl__tvn_efaar_e0.2_c96,0.2944175834037523,-0.006020415471789159,-0.0017725161742907255,370,39,1480,5791,7271
394,subcell,MQ,std_ctrl__tvn_efaar_e0.2_c96,0.27699656545338486,0.023778348268033885,0.006586520802399828,370,90,1480,5625,7105
395,subcell,MQ,std_ctrl__tvn_efaar_e0.2_c96,0.2889851207197107,0.11271623048355373,0.03257331347336051,370,47,1480,5689,7169
396,subcell,MQ,std_ctrl__tvn_efaar_e0.2_c96,0.29037225028642355,0.028047639282689128,0.008144256133736332,370,81,1480,5657,7137
397,subcell,MQ,std_ctrl__tvn_efaar_e0.2_c96,0.2635591344230901,0.054033215868595816,0.01424094760442309,370,73,1480,5625,7105
398,subcell,MQ,std_ctrl__tvn_efaar_e0.2_c96,0.2850079301753913,-0.047786355832218075,-0.01361949036636521,370,87,1480,5913,7393
399,subcell,MQ,std_ctrl__tvn_efaar_e0.2_c96,0.3005660134074471,-0.01321876267570991,-0.003973110799617286,370,59,1480,5625,7105
400,subcell,MQ,std_ctrl__tvn_efaar_e0.2_c96,0.2723044974246749,0.017824950444085278,0.004853814172296377,370,49,1480,5497,6977
401,subcell,MQ,std_ctrl__tvn_efaar_e0.2_c96,0.30429620022046905,0.06329132622416384,0.01925931007692718,370,82,1480,5497,6977
402,subcell,MQ,std_ctrl__tvn_efaar_e0.2_c96,0.26677550207243333,0.043113811376657034,0.011501708676263869,370,64,1480,5657,7137
403,subcell,MQ,std_ctrl__tvn_efaar_e0.2_c96,0.26961800539989,0.02007801305617797,0.005413393832599654,370,81,1480,5785,7265
404,subcell,MQ,std_ctrl__tvn_efaar_e0.2_c96,0.30115707101999306,-0.019496143403696556,-0.005871401443643013,370,49,1480,5817,7297
405,subcell,MQ,std_ctrl__tvn_efaar_e0.2_c96,0.277463522321865,0.0024205835086099957,0.0006716236263731479,370,73,1480,5817,7297
406,subcell,MQ,std_ctrl__tvn_efaar_e0.2_c96,0.31269984991234523,0.014916128941006777,0.004664271281126008,370,85,1480,5529,7009
407,subcell,MQ,std_ctrl__tvn_efaar_e0.2_c96,0.2613926643820722,0.0001281057340197319,3.348589913803879e-05,370,82,1480,5785,7265
408,subcell,MQ,std_ctrl__tvn_efaar_e0.2_c96,0.31206845370286795,-0.015353045667862109,-0.004791201221199244,370,78,1480,5433,6913
409,subcell,MQ,std_ctrl__tvn_efaar_e0.2_c96,0.2765127106031313,-0.028820595507739015,-0.007969260985041344,370,50,1480,5689,7169
410,subcell,MQ,std_ctrl__tvn_efaar_e0.2_c96,0.29592229737729725,0.0014783052622008308,0.0004374634894154176,370,82,1480,5561,7041
411,subcell,MQ,std_ctrl__tvn_efaar_e0.2_c96,0.2794678733334056,0.04860921996079112,0.013584715326838026,370,94,1480,5657,7137
412,subcell,MQ,std_ctrl__tvn_efaar_e0.2_c96,0.26987645610775274,-0.004743435832499116,-0.0012801416522493893,370,64,1480,5753,7233
413,subcell,MQ,std_ctrl__tvn_efaar_e0.2_c96,0.32749940224603974,0.03392870871934115,0.011111631824564223,370,74,1480,5721,7201
414,subcell,MQ,std_ctrl__tvn_efaar_e0.2_c96,0.28739064798050096,0.003109941803555357,0.0008937681901054218,370,80,1480,5945,7425
415,subcell,MQ,std_ctrl__tvn_efaar_e0.2_c96,0.3030638423737599,-0.007393536446541413,-0.0022407135642192755,370,82,1480,5785,7265
416,subcell,MQ,std_ctrl__tvn_efaar_e0.2_c96,0.3237586875837035,0.05234031988354638,0.016945633273208197,370,64,1480,5701,7181
417,subcell,MQ,std_ctrl__tvn_efaar_e0.2_c96,0.28382182708078496,0.12261710383477689,0.034801410441740704,370,71,1480,5625,7105
418,subcell,MQ,std_ctrl__tvn_efaar_e0.2_c96,0.27996202626378014,0.03482504165510055,0.009749689226482498,370,74,1480,5817,7297
419,subcell,MQ,std_ctrl__tvn_efaar_e0.2_c96,0.2826412795917204,0.10696213979892073,0.030231916060635442,370,60,1480,5625,7105
420,subcell,MQ,std_ctrl__tvn_efaar_e0.2_c96,0.28791867063079,0.05016352059125036,0.014443014162793064,370,70,1480,5497,6977
421,subcell,MQ,std_ctrl__tvn_efaar_e0.2_c96,0.3154925828409412,0.03984944383426735,0.012572203960048026,370,63,1480,5657,7137
422,subcell,MQ,std_ctrl__tvn_efaar_e0.2_c96,0.3011652191061841,0.024635816866015715,0.007419451184313449,370,64,1480,5721,7201
423,subcell,MQ,std_ctrl__tvn_efaar_e0.2_c96,0.26455167551016645,-0.03414150488413046,-0.009032192321535244,370,74,1480,5689,7169
424,subcell,MQ,std_ctrl__tvn_efaar_e0.2_c96,0.2992553585925559,0.05287833145380132,0.01582412404098334,370,56,1480,5689,7169
425,subcell,MQ,std_ctrl__tvn_efaar_e0.2_c96,0.3070691429324409,0.025854987100894566,0.00793926872960101,370,66,1480,5721,7201
426,subcell,MQ,std_ctrl__tvn_efaar_e0.2_c96,0.3272478669065778,0.050061383541174606,0.01638248097824145,370,46,1480,5625,7105
427,subcell,MQ,std_ctrl__tvn_efaar_e0.2_c96,0.2959943701067419,0.022722309749041773,0.0067256757615379,370,47,1480,5849,7329
428,subcell,MQ,std_ctrl__tvn_efaar_e0.2_c96,0.3022801988036327,0.00995946125653393,0.003010547928602154,370,88,1480,5689,7169
429,subcell,MQ,std_ctrl__tvn_efaar_e0.2_c96,0.3118004355800796,0.0939369148984388,0.029289570982382086,370,59,1480,5625,7105
430,subcell,MQ,std_ctrl__tvn_efaar_e0.2_c96,0.29480553456206227,0.03251313520092402,0.00958505220319701,370,56,1480,5625,7105
431,subcell,MQ,std_ctrl__tvn_efaar_e0.2_c96,0.2900372521400833,0.014278445351215674,0.00414128105449894,370,78,1480,5817,7297
432,subcell,MQ,std_ctrl__tvn_efaar_e0.2_c96,0.2533527428521851,0.02396569607240507,0.006071774834305665,370,74,1480,5727,7207
433,subcell,MQ,std_ctrl__tvn_efaar_e0.2_c96,0.29682174549558255,-0.005324815571870818,-0.001580521052484755,370,51,1480,5657,7137
434,subcell,MQ,std_ctrl__tvn_efaar_e0.2_c96,0.2806767397379267,0.005732371099009688,0.0016089432310379549,370,81,1480,5945,7425
435,subcell,MQ,std_ctrl__tvn_efaar_e0.2_c96,0.29470708652978417,0.017617017358350088,0.005191859859023989,370,89,1480,5881,7361
436,subcell,MQ,std_ctrl__tvn_efaar_e0.2_c96,0.287583156975982,0.05297931916965,0.01523595986124611,370,69,1480,5689,7169
437,subcell,MQ,std_ctrl__tvn_efaar_e0.2_c96,0.28735099921406465,-0.013885778235266483,-0.003990092250768735,370,41,1480,5721,7201
438,subcell,MQ,std_ctrl__tvn_efaar_e0.2_c96,0.29380420862814033,0.003430262261141153,0.0010078254890215517,370,77,1480,5753,7233
439,subcell,MQ,std_ctrl__tvn_efaar_e0.2_c96,0.2742201866156725,-0.012229321713864028,-0.0033535268825588896,370,45,1480,5689,7169
440,subcell,MQ,std_ctrl__tvn_efaar_e0.2_c96,0.3271484366974913,0.01564359573107278,0.0051177778877480075,370,65,1480,5721,7201
441,subcell,MQ,std_ctrl__tvn_efaar_e0.2_c96,0.2821568722376075,0.010771313088915012,0.0030392000110602622,370,74,1480,5657,7137
442,subcell,MQ,std_ctrl__tvn_efaar_e0.2_c96,0.27614673956823255,0.04071561781064233,0.011243485107915138,370,63,1480,5721,7201
443,subcell,MQ,std_ctrl__tvn_efaar_e0.2_c96,0.3327020134698732,0.18185432046902453,0.060503298578240036,370,57,1480,5657,7137
444,subcell,MQ,std_ctrl__tvn_efaar_e0.2_c96,0.277180895717253,0.045017999029970966,0.01247812929452578,370,75,1480,5785,7265
445,subcell,MQ,std_ctrl__tvn_efaar_e0.2_c96,0.28029817733179874,-0.028873111703123545,-0.008093080584282956,370,101,1480,5785,7265
446,subcell,MQ,std_ctrl__tvn_efaar_e0.2_c96,0.2660840757013458,-0.00010798716276273503,-2.873366439133314e-05,370,84,1480,5785,7265
447,subcell,MQ,std_ctrl__tvn_efaar_e0.2_c96,0.3105526319947663,0.061880053490840824,0.019217013479557545,370,73,1480,5561,7041
448,subcell,MQ,std_ctrl__tvn_efaar_e0.2_c96,0.30539049206616664,0.012224706312072701,0.0037333090760082554,370,66,1480,5529,7009
449,subcell,MQ,std_ctrl__tvn_efaar_e0.2_c96,0.28606417273484225,0.029071058430986618,0.008316188280586449,370,94,1480,5913,7393
450,subcell,MQ,std_ctrl__tvn_efaar_e0.2_c96,0.29793389552133165,0.014390210457407229,0.004287331458947139,370,76,1480,5625,7105
451,subcell,MQ,std_ctrl__tvn_efaar_e0.2_c96,0.2679768086125594,0.049056548744920575,0.013146017374210272,370,69,1480,5657,7137
452,subcell,MQ,std_ctrl__tvn_efaar_e0.2_c96,0.2783581792248498,-0.0014109202769333605,-0.0003927411993185911,370,67,1480,5817,7297
453,subcell,MQ,std_ctrl__tvn_efaar_e0.2_c96,0.3052200640026447,0.005324409763348185,0.0016251166887454392,370,77,1480,5753,7233
454,subcell,MQ,std_ctrl__tvn_efaar_e0.2_c96,0.29473616025308685,0.010552071362949375,0.003110076996232256,370,66,1480,5689,7169
455,subcell,MQ,std_ctrl__tvn_efaar_e0.2_c96,0.2929871587038701,0.018879721336790712,0.0055315159115871424,370,66,1480,5817,7297
456,subcell,MQ,std_ctrl__tvn_efaar_e0.2_c96,0.2825457358013412,0.03661692470200912,0.010345955932711473,370,87,1480,5881,7361
457,subcell,MQ,std_ctrl__tvn_efaar_e0.2_c96,0.2840819302946349,-0.01522849166586046,-0.0043261393079134,370,74,1480,5625,7105
458,subcell,MQ,std_ctrl__tvn_efaar_e0.2_c96,0.26979663153440026,-0.028413963666953097,-0.007665991685884781,370,124,1480,5465,6945
459,subcell,MQ,std_ctrl__tvn_efaar_e0.2_c96,0.29926585165828784,-0.007988833816467703,-0.0023907851558417374,370,84,1480,5689,7169
460,subcell,MQ,std_ctrl__tvn_efaar_e0.2_c96,0.2788863258103386,0.024611273035097164,0.006863747510273309,370,75,1480,5657,7137
461,subcell,MQ,std_ctrl__tvn_efaar_e0.2_c96,0.28175177890113456,0.07260805645441701,0.020457449068585997,370,64,1480,5529,7009
462,subcell,MQ,std_ctrl__tvn_efaar_e0.2_c96,0.30386529128754536,0.09423689795392007,0.02863532244680261,370,86,1480,5785,7265
463,subcell,MQ,std_ctrl__tvn_efaar_e0.2_c96,0.28573015932467943,0.1431912441783543,0.04091405701298025,370,56,1480,5689,7169
464,subcell,MQ,std_ctrl__tvn_efaar_e0.2_c96,0.3155901021757107,0.012445531799939773,0.00392768665237405,370,51,1480,5561,7041
465,subcell,MQ,std_ctrl__tvn_efaar_e0.2_c96,0.305692115841189,0.02131894457945285,0.006517033275993988,370,70,1480,5721,7201
466,subcell,MQ,std_ctrl__tvn_efaar_e0.2_c96,0.26834329981073973,0.030224848827346197,0.008110635670610846,370,88,1480,5657,7137
467,subcell,MQ,std_ctrl__tvn_efaar_e0.2_c96,0.2908554914580642,0.035354671325391634,0.010283100303685115,370,95,1480,5785,7265
468,subcell,MQ,std_ctrl__tvn_efaar_e0.2_c96,0.2730604001904767,0.021075239418031518,0.005754813309597796,370,73,1480,5657,7137
469,subcell,MQ,std_ctrl__tvn_efaar_e0.2_c96,0.27336392060858794,-0.0017368066391693115,-0.00047478027222234813,370,68,1480,5817,7297
470,subcell,MQ,std_ctrl__tvn_efaar_e0.2_c96,0.27145920214440605,-0.007088126858656365,-0.001924137261749192,370,79,1480,5561,7041
471,subcell,MQ,std_ctrl__tvn_efaar_e0.2_c96,0.2754576727364238,-0.025480019804657972,-0.007018666956669073,370,72,1480,5881,7361
472,subcell,MQ,std_ctrl__tvn_efaar_e0.2_c96,0.3080852883198868,-0.003799089806581468,-0.0011704436784137945,370,100,1480,5753,7233
473,subcell,MQ,std_ctrl__tvn_efaar_e0.2_c96,0.2699316634789768,0.04460903631164367,0.012041391377796055,370,82,1480,5721,7201
474,subcell,MQ,std_ctrl__tvn_efaar_e0.2_c96,0.29753578646253076,0.054093006834339416,0.01609460533057823,370,65,1480,5881,7361
475,subcell,MQ,std_ctrl__tvn_efaar_e0.2_c96,0.28829904131347195,0.0035792478269982293,0.0010318937171469172,370,90,1480,5337,6817
476,subcell,MQ,std_ctrl__tvn_efaar_e0.2_c96,0.2793085521988301,0.004150582658006882,0.0011592932329894743,370,95,1480,5657,7137
477,subcell,MQ,std_ctrl__tvn_efaar_e0.2_c96,0.2791213401785561,-0.03577834051485126,-0.009986498353870015,370,80,1480,5660,7140
478,subcell,MQ,std_ctrl__tvn_efaar_e0.2_c96,0.3049831990796428,-0.009727929153601662,-0.002966854953685557,370,50,1480,5817,7297
479,subcell,MQ,std_ctrl__tvn_efaar_e0.2_c96,0.2902306016949188,0.020704524757691693,0.006009086678232203,370,53,1480,5753,7233
480,subcell,MQ,std_ctrl__tvn_efaar_e0.2_c96,0.28777286520494555,0.057923726299340846,0.01666887668050837,370,63,1480,5721,7201
481,subcell,MQ,std_ctrl__tvn_efaar_e0.2_c96,0.2793197229497636,0.024917775228051466,0.006960026073223818,370,83,1480,5689,7169
482,subcell,MQ,std_ctrl__tvn_efaar_e0.2_c96,0.2939323945528204,-0.014033225402259673,-0.004124819545785652,370,68,1480,5785,7265
483,subcell,MQ,std_ctrl__tvn_efaar_e0.2_c96,0.32332141176470264,0.10171387840260629,0.03288627476119396,370,61,1480,5753,7233
484,subcell,MQ,std_ctrl__tvn_efaar_e0.2_c96,0.3072413822425819,0.10383637808550059,0.03190283233005254,370,49,1480,5561,7041
485,subcell,MQ,std_ctrl__tvn_efaar_e0.2_c96,0.28486243523416976,-0.013172787988818624,-0.0037524324653182947,370,75,1480,5433,6913
486,subcell,MQ,std_ctrl__tvn_efaar_e0.2_c96,0.288394676643635,0.029093596974805767,0.008390438491949346,370,84,1480,5657,7137
487,subcell,MQ,std_ctrl__tvn_efaar_e0.2_c96,0.27391806691770115,-0.057734837003997695,-0.01581461494594361,370,40,1480,5529,7009
488,subcell,MQ,std_ctrl__tvn_efaar_e0.2_c96,0.27577372783105303,0.03642230167641613,0.010044313909492487,370,77,1480,5625,7105
489,subcell,MQ,std_ctrl__tvn_efaar_e0.2_c96,0.31851742974616803,0.0876829581502564,0.027928550462560483,370,57,1480,5849,7329
490,subcell,MQ,std_ctrl__tvn_efaar_e0.2_c96,0.33308637255608875,0.0016318195544778198,0.0005435368560671098,370,68,1480,5913,7393
491,subcell,MQ,std_ctrl__tvn_efaar_e0.2_c96,0.30692215519726,0.012000410825683604,0.0036831919538713423,370,75,1480,5913,7393
492,subcell,MQ,std_ctrl__tvn_efaar_e0.2_c96,0.283092559470494,0.004309540717571261,0.0012199989118795575,370,85,1480,5561,7041
493,subcell,MQ,std_ctrl__tvn_efaar_e0.2_c96,0.2858682652930211,-0.058785330232637316,-0.016804860378281418,370,112,1480,5529,7009
494,subcell,MQ,std_ctrl__tvn_efaar_e0.2_c96,0.30007774852077923,-0.013601116414469578,-0.004081392391023044,370,68,1480,5689,7169
495,subcell,MQ,std_ctrl__tvn_efaar_e0.2_c96,0.3037901686207221,0.03357759660318576,0.010200543733960388,370,65,1480,5369,6849
496,subcell,MQ,std_ctrl__tvn_efaar_e0.2_c96,0.2928082982759251,0.0014617318685828443,0.0004280072209754308,370,81,1480,5657,7137
497,subcell,MQ,std_ctrl__tvn_efaar_e0.2_c96,0.28327457166540165,0.03604431920967184,0.010210439085090799,370,98,1480,5753,7233
498,subcell,MQ,std_ctrl__tvn_efaar_e0.2_c96,0.3109603161279073,-0.00842481779604394,-0.002619784005177843,370,84,1480,5945,7425
499,subcell,MQ,std_ctrl__tvn_efaar_e0.2_c96,0.2955394801056418,0.08976282138962013,0.02652845756630392,370,65,1480,5817,7297
500,subcell,MQ,std_ctrl__tvn_efaar_e0.2_c96,0.2951928295207996,-0.010128167875288354,-0.0029897625329680343,370,72,1480,5753,7233
501,subcell,MQ,std_ctrl__tvn_efaar_e0.2_c96,0.2937675735182439,0.01622266594529235,0.004765693210745581,370,83,1480,5593,7073
502,subcell,MQ,std_ctrl__tvn_efaar_e0.2_c96,0.30326805051942973,-0.005420141258460555,-0.001643755672993261,370,84,1480,5817,7297
503,subcell,MQ,std_ctrl__tvn_efaar_e0.2_c96,0.2867609742349179,0.0489166427033242,0.014027384117906636,370,83,1480,5785,7265
504,subcell,MQ,std_ctrl__tvn_efaar_e0.2_c96,0.29570980079562914,-0.009094528896323369,-0.0026893413282618765,370,71,1480,5721,7201
505,subcell,MQ,std_ctrl__tvn_efaar_e0.2_c96,0.29065148949438985,-0.019170936846220735,-0.005572061349356937,370,62,1480,5625,7105
506,subcell,MQ,std_ctrl__tvn_efaar_e0.2_c96,0.3044262948274664,0.024589870975215363,0.007485803311270271,370,88,1480,5657,7137
507,subcell,MQ,std_ctrl__tvn_efaar_e0.2_c96,0.2972399465726765,0.0626458329225396,0.018620844030896488,370,83,1480,5657,7137
508,subcell,MQ,std_ctrl__tvn_efaar_e0.2_c96,0.2892933082169237,0.024339652255570207,0.007041298521863413,370,81,1480,5881,7361
509,subcell,MQ,std_ctrl__tvn_efaar_e0.2_c96,0.3072611894602082,0.040630409535683344,0.012484147962189449,370,61,1480,5593,7073
510,subcell,MQ,std_ctrl__tvn_efaar_e0.2_c96,0.2856825656265439,0.006261601859503552,0.001788830484154913,370,79,1480,5433,6913
511,subcell,MQ,std_ctrl__tvn_efaar_e0.2_c96,0.30387097715268635,0.118842328674351,0.03611273454137576,370,73,1480,5593,7073
512,subcell,MQ,std_ctrl__tvn_efaar_e0.2_c96,0.2936118803403582,0.01926693652760166,0.005657001462267454,370,71,1480,5753,7233
513,subcell,MQ,std_ctrl__tvn_efaar_e0.2_c96,0.30585026225218004,-0.011879984981429496,-0.003633496522122172,370,73,1480,5497,6977
514,subcell,MQ,std_ctrl__tvn_efaar_e0.2_c96,0.3180658768465965,0.10806526720590574,0.03437187397050816,370,61,1480,5945,7425
515,subcell,MQ,std_ctrl__tvn_efaar_e0.2_c96,0.3426493122818861,0.001941645268465849,0.0006653034159352013,370,61,1480,5497,6977
516,subcell,MQ,std_ctrl__tvn_efaar_e0.2_c96,0.29963157021394354,0.053566658158600615,0.016050261895175052,370,47,1480,5657,7137
517,subcell,MQ,std_ctrl__tvn_efaar_e0.2_c96,0.28448848833945745,-0.032088455166274704,-0.009128796103401945,370,82,1480,5753,7233
518,subcell,MQ,std_ctrl__tvn_efaar_e0.2_c96,0.30135150791906584,-0.0069229827662331545,-0.0020862512959020666,370,72,1480,5785,7265
519,subcell,MQ,std_ctrl__tvn_efaar_e0.2_c96,0.2891692723317236,-0.000867741232221962,-0.00025092410069385795,370,86,1480,5881,7361
520,subcell,MQ,std_ctrl__tvn_efaar_e0.2_c96,0.2919694905323703,0.04815721613525416,0.014060437860467399,370,75,1480,5753,7233
521,subcell,MQ,std_ctrl__tvn_efaar_e0.2_c96,0.3002804446218651,0.01818169586307878,0.005459607717744821,370,66,1480,5849,7329
522,subcell,MQ,std_ctrl__tvn_efaar_e0.2_c96,0.276451702109086,0.059021639959197854,0.01631663282798989,370,87,1480,5529,7009
523,subcell,MQ,std_ctrl__tvn_efaar_e0.2_c96,0.28266859250103155,-0.02619027703902365,-0.0074031687478329,370,63,1480,5433,6913
524,subcell,MQ,std_ctrl__tvn_efaar_e0.2_c96,0.29139115620473954,0.0025973264069844345,0.0007568379447722963,370,84,1480,5817,7297
525,subcell,MQ,std_ctrl__tvn_efaar_e0.2_c96,0.30825065325846673,-0.014343178951120346,-0.004421294281485936,370,69,1480,5657,7137
526,subcell,MQ,std_ctrl__tvn_efaar_e0.2_c96,0.2978772243971818,-0.01264900574933771,-0.003767850723996711,370,55,1480,5913,7393
527,subcell,MQ,std_ctrl__tvn_efaar_e0.2_c96,0.3023928833943727,0.003617698469730366,0.001093966271513175,370,51,1480,5721,7201
528,subcell,MQ,std_ctrl__tvn_efaar_e0.2_c96,0.27621093767411764,-0.02149775098658582,-0.005937913957889557,370,88,1480,5913,7393
529,subcell,MQ,std_ctrl__tvn_efaar_e0.2_c96,0.2866279447914806,0.04538315035051419,0.013008079113130646,370,56,1480,5401,6881
530,subcell,MQ,std_ctrl__tvn_efaar_e0.2_c96,0.2993159236610116,0.0012525128680735144,0.0003748970460047268,370,80,1480,5657,7137
531,subcell,MQ,std_ctrl__tvn_efaar_e0.2_c96,0.30341761750535456,0.004291974735411565,0.0013022607486117515,370,64,1480,5689,7169
532,subcell,MQ,std_ctrl__tvn_efaar_e0.2_c96,0.3162853022038301,0.01692275197244235,0.00535241772172439,370,61,1480,5657,7137
533,subcell,MQ,std_ctrl__tvn_efaar_e0.2_c96,0.29501935104264637,0.007960696698159818,0.002348559573738447,370,61,1480,5689,7169
534,subcell,MQ,std_ctrl__tvn_efaar_e0.2_c96,0.29535463841483767,0.055136368567946265,0.01628478220189299,370,74,1480,5689,7169
535,subcell,MQ,std_ctrl__tvn_efaar_e0.2_c96,0.2695426578928535,-0.015999667986378988,-0.004312593034451791,370,89,1480,5433,6913
536,subcell,MQ,std_ctrl__tvn_efaar_e0.2_c96,0.2861211278281993,0.01018480269293568,0.0029140872332104385,370,90,1480,5593,7073
537,subcell,MQ,std_ctrl__tvn_efaar_e0.2_c96,0.2937399102470899,5.891576715231703e-05,1.7305912155460052e-05,370,96,1480,5785,7265
538,subcell,MQ,std_ctrl__tvn_efaar_e0.2_c96,0.29316992876755904,-0.030871764933655177,-0.009050673126528515,370,92,1480,5561,7041
539,subcell,MQ,std_ctrl__tvn_efaar_e0.2_c96,0.31120363724099653,0.0038441957422523107,0.0011963276972552716,370,68,1480,5721,7201
540,subcell,MQ,std_ctrl__tvn_efaar_e0.2_c96,0.3040829864264154,0.02152675334323313,0.006545919444675152,370,53,1480,5785,7265
541,subcell,MQ,std_ctrl__tvn_efaar_e0.2_c96,0.28645826391344203,0.01201482985192017,0.0034417473005964494,370,63,1480,5849,7329
542,subcell,MQ,std_ctrl__tvn_efaar_e0.2_c96,0.284581724416736,0.03953057246343519,0.011249678478825128,370,72,1480,5593,7073
543,subcell,MQ,std_ctrl__tvn_efaar_e0.2_c96,0.26738952144350275,-0.00390645790048111,-0.0010445459085488345,370,64,1480,5433,6913
544,subcell,MQ,std_ctrl__tvn_efaar_e0.2_c96,0.30148640166242674,0.06737603279556437,0.020312957685824355,370,50,1480,5817,7297
545,subcell,MQ,std_ctrl__tvn_efaar_e0.2_c96,0.3007657820901121,0.04820064086888465,0.014497103448174713,370,53,1480,5753,7233
546,subcell,MQ,std_ctrl__tvn_efaar_e0.2_c96,0.2697169502373209,0.10839706878705065,0.02923652680790839,370,85,1480,5785,7265
547,subcell,MQ,std_ctrl__tvn_efaar_e0.2_c96,0.30270276610359675,0.018955129236505375,0.005737770051741335,370,79,1480,5785,7265
548,subcell,MQ,std_ctrl__tvn_efaar_e0.2_c96,0.290252869705217,-0.01321418084043822,-0.0038354539097408898,370,84,1480,5786,7266
549,subcell,MQ,std_ctrl__tvn_efaar_e0.2_c96,0.2825992853774144,0.025985073460299477,0.007343363190360249,370,82,1480,5881,7361
550,subcell,MQ,std_ctrl__tvn_efaar_e0.2_c96,0.28939635862832813,0.04335002571489239,0.012545339588334245,370,77,1480,5561,7041
551,subcell,MQ,std_ctrl__tvn_efaar_e0.2_c96,0.2762068979776647,0.008145884056113816,0.002249949366424914,370,56,1480,5529,7009
552,subcell,MQ,std_ctrl__tvn_efaar_e0.2_c96,0.2867844291787831,0.048145369803249925,0.01380734239662645,370,78,1480,5785,7265
553,subcell,MQ,std_ctrl__tvn_efaar_e0.2_c96,0.2909146776867155,0.015523090445452522,0.004515894853640553,370,89,1480,5753,7233
554,subcell,MQ,std_ctrl__tvn_efaar_e0.2_c96,0.3126033404957773,0.026800922656754447,0.008378057950870403,370,47,1480,5657,7137
555,subcell,MQ,std_ctrl__tvn_efaar_e0.2_c96,0.3061614158165085,0.003256040119531022,0.0009968738529509715,370,53,1480,5593,7073
556,subcell,MQ,std_ctrl__tvn_efaar_e0.2_c96,0.2982534178920634,0.007375106614281996,0.002199650755027969,370,71,1480,5561,7041
557,subcell,MQ,std_ctrl__tvn_efaar_e0.2_c96,0.2924301098966178,0.07599113071025113,0.022222094704766982,370,60,1480,5465,6945
558,subcell,MQ,std_ctrl__tvn_efaar_e0.2_c96,0.308286907415954,0.030478777524050708,0.00939620806470848,370,90,1480,5785,7265
559,subcell,MQ,std_ctrl__tvn_efaar_e0.2_c96,0.314014472366405,0.02430979290388061,0.007633626792048646,370,79,1480,5753,7233
560,subcell,MQ,std_ctrl__tvn_efaar_e0.2_c96,0.30241349685761443,0.032668831682195316,0.009879495627265507,370,56,1480,5785,7265
561,subcell,MQ,std_ctrl__tvn_efaar_e0.2_c96,0.2771295433764238,0.03350628926541656,0.009285582644363261,370,78,1480,5465,6945
562,subcell,MQ,std_ctrl__tvn_efaar_e0.2_c96,0.2984307605036475,-0.05434786027523453,-0.01621907327368421,370,67,1480,5785,7265
563,subcell,MQ,std_ctrl__tvn_efaar_e0.2_c96,0.309412856566467,0.04259868251353258,0.013180580042480123,370,87,1480,5913,7393
564,subcell,MQ,std_ctrl__tvn_efaar_e0.2_c96,0.27017439098268087,0.010443823614578816,0.0028216536845993723,370,75,1480,5657,7137
565,subcell,MQ,std_ctrl__tvn_efaar_e0.2_c96,0.24621869538303373,-0.07766601551198556,-0.019122825014959544,370,78,1480,5625,7105
566,subcell,MQ,std_ctrl__tvn_efaar_e0.2_c96,0.31011882523716366,5.5185250159938325e-05,1.711398495001907e-05,370,75,1480,5721,7201
567,subcell,MQ,std_ctrl__tvn_efaar_e0.2_c96,0.2709358827018697,0.004994862679053126,0.0013532875289238844,370,66,1480,5657,7137
568,subcell,MQ,std_ctrl__tvn_efaar_e0.2_c96,0.2795958796398627,-0.0014285100101480003,-0.00039940551286167937,370,74,1480,5849,7329
569,subcell,MQ,std_ctrl__tvn_efaar_e0.2_c96,0.28135537841663893,0.0739872014268189,0.02081669705543072,370,104,1480,5881,7361
570,subcell,MQ,std_ctrl__tvn_efaar_e0.2_c96,0.2958421558776167,-0.0014574728143514465,-0.00043118189953074936,370,68,1480,5433,6913
571,subcell,MQ,std_ctrl__tvn_efaar_e0.2_c96,0.28254969814637637,0.06811647020902506,0.01924628809635667,370,88,1480,5657,7137
572,subcell,MQ,std_ctrl__tvn_efaar_e0.2_c96,0.2908305228955179,0.057566560067673245,0.01674211276577765,370,55,1480,5817,7297
573,subcell,MQ,std_ctrl__tvn_efaar_e0.2_c96,0.28618046296924154,-0.04225075879783961,-0.012091341713567495,370,52,1480,5753,7233
574,subcell,MQ,std_ctrl__tvn_efaar_e0.2_c96,0.2965457114822626,-0.007964683976128546,-0.002361892876432416,370,72,1480,5657,7137
575,subcell,MQ,std_ctrl__tvn_efaar_e0.2_c96,0.2735026401996231,-0.021021265342690627,-0.005749371571562721,370,74,1480,5881,7361
576,subcell,MQ,std_ctrl__tvn_efaar_e0.2_c96,0.29728170873318577,-0.005345559772501367,-0.0015891371433045863,370,119,1480,5721,7201
577,subcell,MQ,std_ctrl__tvn_efaar_e0.2_c96,0.3227687678795565,0.07084198112024614,0.02286557896032865,370,52,1480,5657,7137
578,subcell,MQ,std_ctrl__tvn_efaar_e0.2_c96,0.282068277054426,0.028978687321049176,0.00817396840394728,370,57,1480,5785,7265
579,subcell,MQ,std_ctrl__tvn_efaar_e0.2_c96,0.2787846776578714,-0.012800122733223751,-0.0035684780901629755,370,79,1480,5497,6977
580,subcell,MQ,std_ctrl__tvn_efaar_e0.2_c96,0.2995373186721622,0.04261669471014679,0.01276529046414749,370,53,1480,5657,7137
581,subcell,MQ,std_ctrl__tvn_efaar_e0.2_c96,0.2836513012397586,-0.023310811385296212,-0.006612141982393851,370,76,1480,5753,7233
582,subcell,MQ,std_ctrl__tvn_efaar_e0.2_c96,0.3224115059984424,-0.030618210539133738,-0.009871663370899491,370,63,1480,5913,7393
583,subcell,MQ,std_ctrl__tvn_efaar_e0.2_c96,0.2731016502061585,0.08957403673222471,0.024462817247197625,370,49,1480,5721,7201
584,subcell,MQ,std_ctrl__tvn_efaar_e0.2_c96,0.308369721507694,-0.01142952220357485,-0.0035245185788823816,370,86,1480,5945,7425
585,subcell,MQ,std_ctrl__tvn_efaar_e0.2_c96,0.3155765802244065,0.0570954241228504,0.018017978691151213,370,59,1480,5785,7265
586,subcell,MQ,std_ctrl__tvn_efaar_e0.2_c96,0.2877010096592284,0.048635985017444726,0.013992621995289953,370,57,1480,5721,7201
587,subcell,MQ,std_ctrl__tvn_efaar_e0.2_c96,0.2984474298337375,0.013794705487687239,0.004116994398113611,370,76,1480,5785,7265
588,subcell,MQ,std_ctrl__tvn_efaar_e0.2_c96,0.28600495823214883,0.07216311170820343,0.020639007750006613,370,96,1480,5817,7297
589,subcell,MQ,std_ctrl__tvn_efaar_e0.2_c96,0.30129502392128754,0.0721130829251276,0.02172731304496411,370,67,1480,5849,7329
590,subcell,MQ,std_ctrl__tvn_efaar_e0.2_c96,0.30744864189341087,0.02522724926663574,0.007756083525733704,370,80,1480,5849,7329
591,subcell,MQ,std_ctrl__tvn_efaar_e0.2_c96,0.2929643083711222,0.0817598227219704,0.023952709916287618,370,85,1480,5785,7265
592,subcell,MQ,std_ctrl__tvn_efaar_e0.2_c96,0.2710190604317732,0.0421236881781745,0.011416322391969847,370,56,1480,5817,7297
593,subcell,MQ,std_ctrl__tvn_efaar_e0.2_c96,0.2882141076852903,-0.02051938611867995,-0.005913976560445274,370,50,1480,5689,7169
594,subcell,MQ,std_ctrl__tvn_efaar_e0.2_c96,0.2841823111091462,-0.032069976272992635,-0.00911371997447453,370,75,1480,5657,7137
595,subcell,MQ,std_ctrl__tvn_efaar_e0.2_c96,0.3219293245112833,0.008468221666418163,0.0027261688808818134,370,51,1480,5721,7201
596,subcell,MQ,std_ctrl__tvn_efaar_e0.2_c96,0.2897246208746998,0.010492889691740899,0.0030400484878196775,370,66,1480,5785,7265
597,subcell,MQ,std_ctrl__tvn_efaar_e0.2_c96,0.28578213584958945,0.05824812221153044,0.016646272774839082,370,89,1480,5625,7105
598,subcell,MQ,std_ctrl__tvn_efaar_e0.2_c96,0.2702460193709135,0.047194252973629336,0.012754059003307228,370,48,1480,5913,7393
599,subcell,MQ,std_ctrl__tvn_efaar_e0.2_c96,0.2862157668779091,0.03336823646159624,0.009550515388219178,370,63,1480,5721,7201
600,subcell,MQ,std_ctrl__tvn_efaar_e0.2_c96,0.29882459253714105,-0.001294898176765689,-0.0003869474200490939,370,77,1480,5849,7329
601,subcell,MQ,std_ctrl__tvn_efaar_e0.2_c96,0.30974727449687667,0.04615270338910699,0.014295674085438654,370,45,1480,5785,7265
602,subcell,MQ,std_ctrl__tvn_efaar_e0.2_c96,0.3088562484712448,0.1386058025684452,0.042809268197636016,370,95,1480,5721,7201
603,subcell,MQ,std_ctrl__tvn_efaar_e0.2_c96,0.32992093358121266,0.08296530099606117,0.027371989559466813,370,60,1480,5625,7105
604,subcell,MQ,std_ctrl__tvn_efaar_e0.2_c96,0.2785810218088273,0.02075487683985398,0.005781914797562886,370,66,1480,5369,6849
605,subcell,MQ,std_ctrl__tvn_efaar_e0.2_c96,0.28711737580513047,0.0063500566802135614,0.0018232116102367562,370,44,1480,5689,7169
606,subcell,MQ,std_ctrl__tvn_efaar_e0.2_c96,0.3085582672582618,0.012111855713430986,0.0037372132122183432,370,92,1480,5561,7041
607,subcell,MQ,std_ctrl__tvn_efaar_e0.2_c96,0.29645867970872036,-0.003114599833474985,-0.0009233501544529943,370,96,1480,5721,7201
608,subcell,MQ,std_ctrl__tvn_efaar_e0.2_c96,0.28151974443952765,0.025868127237573098,0.007282388569050763,370,103,1480,5689,7169
609,subcell,MQ,std_ctrl__tvn_efaar_e0.2_c96,0.2817291409306471,-0.026145327632474052,-0.007365900693247224,370,57,1480,5663,7143
610,subcell,MQ,std_ctrl__tvn_efaar_e0.2_c96,0.23399240769900018,-0.00722788564813605,-0.0016912703653804027,370,49,1480,5753,7233
611,subcell,MQ,std_ctrl__tvn_efaar_e0.2_c96,0.2862150558081237,0.007956471557809366,0.0022772619509541566,370,66,1480,5561,7041
612,subcell,MQ,std_ctrl__tvn_efaar_e0.2_c96,0.3042442211383987,0.021013417756825643,0.006393210918881216,370,61,1480,5529,7009
613,subcell,MQ,std_ctrl__tvn_efaar_e0.2_c96,0.3181361390668844,0.001253647349995479,0.00039883052767899287,370,69,1480,5721,7201
614,subcell,MQ,std_ctrl__tvn_efaar_e0.2_c96,0.29608619351102317,-0.0011634591646376051,-0.00034448419536306334,370,84,1480,5593,7073
615,subcell,MQ,std_ctrl__tvn_efaar_e0.2_c96,0.28887082557761173,-0.01638438824493132,-0.004732971758897427,370,56,1480,5689,7169
616,subcell,MQ,std_ctrl__tvn_efaar_e0.2_c96,0.28423030433050217,0.003753327499602251,0.0010668094174639906,370,68,1480,5625,7105
617,subcell,MQ,std_ctrl__tvn_efaar_e0.2_c96,0.28034051046088043,0.039492179074962164,0.011071257641087394,370,82,1480,5849,7329
618,subcell,MQ,std_ctrl__tvn_efaar_e0.2_c96,0.29001962569575657,0.005095749581913449,0.0014778673863858464,370,63,1480,5823,7303
619,subcell,MQ,std_ctrl__tvn_efaar_e0.2_c96,0.31710968214377144,0.01167301561251377,0.0037016262705435233,370,58,1480,5593,7073
620,subcell,MQ,std_ctrl__tvn_efaar_e0.2_c96,0.30026289290877317,0.021457694666516224,0.006442949475721314,370,71,1480,5657,7137
621,subcell,MQ,std_ctrl__tvn_efaar_e0.2_c96,0.31473453920407185,0.06917795407792462,0.02177269149979605,370,67,1480,5561,7041
622,subcell,MQ,std_ctrl__tvn_efaar_e0.2_c96,0.2958651926753072,0.04831114855427408,0.014293587275375691,370,68,1480,5657,7137
623,subcell,MQ,std_ctrl__tvn_efaar_e0.2_c96,0.27541364235325017,0.0021191381380355257,0.0005836395532460487,370,96,1480,5753,7233
624,subcell,MQ,std_ctrl__tvn_efaar_e0.2_c96,0.2656819740349462,-0.03892727602408767,-0.010342275537882846,370,86,1480,5593,7073
625,subcell,MQ,std_ctrl__tvn_efaar_e0.2_c96,0.32402436387669137,0.01574536181374522,0.005101880845707142,370,43,1480,5433,6913
626,subcell,MQ,std_ctrl__tvn_efaar_e0.2_c96,0.30678805113409024,-0.01793066250129499,-0.005500913004315403,370,80,1480,5881,7361
627,subcell,MQ,std_ctrl__tvn_efaar_e0.2_c96,0.3199222963581776,0.01678213611728016,0.00536897952443578,370,83,1480,5657,7137
628,subcell,MQ,std_ctrl__tvn_efaar_e0.2_c96,0.31015163878920965,-0.0002649913395557101,-8.218749822815141e-05,370,69,1480,5753,7233
629,subcell,MQ,std_ctrl__tvn_efaar_e0.2_c96,0.30159065088019626,0.06964577691958372,0.021004515192234206,370,61,1480,5529,7009
630,subcell,MQ,std_ctrl__tvn_efaar_e0.2_c96,0.290139537394231,-0.007447860281374488,-0.002160918736614861,370,72,1480,5593,7073
631,subcell,MQ,std_ctrl__tvn_efaar_e0.2_c96,0.23504970737392095,0.006363424089538133,0.0014957209701420976,370,75,1480,5561,7041
632,subcell,MQ,std_ctrl__tvn_efaar_e0.2_c96,0.3197401818035626,-0.032799456904278976,-0.010487304313632278,370,74,1480,5657,7137
633,subcell,MQ,std_ctrl__tvn_efaar_e0.2_c96,0.2884243967875561,0.01619550202495,0.004671177902217848,370,75,1480,5625,7105
634,subcell,MQ,std_ctrl__tvn_efaar_e0.2_c96,0.27779094454896697,-0.034002783680427966,-0.009445665395880284,370,68,1480,5529,7009
635,subcell,MQ,std_ctrl__tvn_efaar_e0.2_c96,0.3021431332842945,0.05588187344226221,0.016884324335641507,370,80,1480,5657,7137
636,subcell,MQ,std_ctrl__tvn_efaar_e0.2_c96,0.31946289398627936,0.08545377538071026,0.027299310385175173,370,86,1480,5753,7233
637,subcell,MQ,std_ctrl__tvn_efaar_e0.2_c96,0.30442743731290284,0.05138167132772688,0.015641990527153753,370,74,1480,5561,7041
638,subcell,MQ,std_ctrl__tvn_efaar_e0.2_c96,0.3078382448126393,-0.013965074995881297,-0.004298984175408974,370,94,1480,5721,7201
639,subcell,MQ,std_ctrl__tvn_efaar_e0.2_c96,0.29011067141440633,-0.02311410609741554,-0.0067056488390650456,370,69,1480,5753,7233
640,subcell,MQ,std_ctrl__tvn_efaar_e0.2_c96,0.26929917243797213,0.011529711511307801,0.0031049417684437517,370,99,1480,5689,7169
641,subcell,MQ,std_ctrl__tvn_efaar_e0.2_c96,0.28521536052532004,-0.014484634982476577,-0.00413124038860472,370,74,1480,5849,7329
642,subcell,MQ,std_ctrl__tvn_efaar_e0.2_c96,0.2950434636377396,0.0063330847282753915,0.0018685352537416444,370,63,1480,5497,6977
643,subcell,MQ,std_ctrl__tvn_efaar_e0.2_c96,0.30590584112494423,0.008544624194085564,0.0026138504511882934,370,68,1480,5625,7105
644,subcell,MQ,std_ctrl__tvn_efaar_e0.2_c96,0.2514757440930964,0.017581108268626636,0.004421222283834174,370,74,1480,5753,7233
645,subcell,MQ,std_ctrl__tvn_efaar_e0.2_c96,0.2660211184167026,0.04222456897191034,0.011232627062570787,370,88,1480,5721,7201
646,subcell,MQ,std_ctrl__tvn_efaar_e0.2_c96,0.27887393041020164,0.051631461973987644,0.014398668733510802,370,50,1480,5817,7297
647,subcell,MQ,std_ctrl__tvn_efaar_e0.2_c96,0.33290277499150733,0.10660241881971129,0.035488241045888776,370,81,1480,5625,7105
648,subcell,MQ,std_ctrl__tvn_efaar_e0.2_c96,0.2923220549527718,0.07742232271515077,0.022632252475309537,370,74,1480,5593,7073
649,subcell,MQ,std_ctrl__tvn_efaar_e0.2_c96,0.299891704640245,0.03276354821551906,0.009825516324414868,370,83,1480,5785,7265
650,subcell,MQ,std_ctrl__tvn_efaar_e0.2_c96,0.275268580516029,0.04357538375325441,0.011994934031199573,370,74,1480,5721,7201
651,subcell,MQ,std_ctrl__tvn_efaar_e0.2_c96,0.30447552395919747,0.07113685906060561,0.021659432435289477,370,104,1480,5881,7361
652,subcell,MQ,std_ctrl__tvn_efaar_e0.2_c96,0.27349709583740267,0.041125628475789655,0.01124773995261646,370,82,1480,5497,6977
653,subcell,MQ,std_ctrl__tvn_efaar_e0.2_c96,0.291866242814609,0.010305202562258526,0.0030077407532898776,370,55,1480,5401,6881
654,subcell,MQ,std_ctrl__tvn_efaar_e0.2_c96,0.3076058953467942,0.03610574355285481,0.011106339572737647,370,72,1480,5785,7265
655,subcell,MQ,std_ctrl__tvn_efaar_e0.2_c96,0.30983107840103263,0.015658148138743607,0.004851380923590054,370,77,1480,5657,7137
656,subcell,MQ,std_ctrl__tvn_efaar_e0.2_c96,0.30561414935302217,0.021716797181676434,0.006636960497350152,370,56,1480,5625,7105
657,subcell,MQ,std_ctrl__tvn_efaar_e0.2_c96,0.29371284619902155,-0.05648586747141772,-0.016590624905050828,370,82,1480,5401,6881
658,subcell,MQ,std_ctrl__tvn_efaar_e0.2_c96,0.30244263674092053,0.017985116409130534,0.005439466028869835,370,67,1480,5657,7137
659,subcell,MQ,std_ctrl__tvn_efaar_e0.2_c96,0.29042201892125397,0.044225345613919116,0.012844014160684614,370,61,1480,5561,7041
660,subcell,MQ,std_ctrl__tvn_efaar_e0.2_c96,0.2719870943417406,0.01773103254977373,0.004822612022891782,370,82,1480,5785,7265
661,subcell,MQ,std_ctrl__tvn_efaar_e0.2_c96,0.26818774943418516,0.025348125863515463,0.006798056827710674,370,73,1480,5689,7169
662,subcell,MQ,std_ctrl__tvn_efaar_e0.2_c96,0.29438564366863185,0.026887182602107935,0.007915200556757583,370,71,1480,5628,7108
663,subcell,MQ,std_ctrl__tvn_efaar_e0.2_c96,0.26428705987249707,-0.020267470417937833,-0.005356430167809599,370,90,1480,5721,7201
664,subcell,MQ,std_ctrl__tvn_efaar_e0.2_c96,0.3121744189195578,0.05387423853288669,0.016818159108737553,370,61,1480,5593,7073
665,subcell,MQ,std_ctrl__tvn_efaar_e0.2_c96,0.2938314180175775,0.012359846659749705,0.003631711270514075,370,66,1480,5785,7265
666,subcell,MQ,std_ctrl__tvn_efaar_e0.2_c96,0.3508403986254277,0.1194003765538848,0.041890475706191116,370,64,1480,5657,7137
667,subcell,MQ,std_ctrl__tvn_efaar_e0.2_c96,0.29644427316776817,0.01709933863778395,0.005069001014127398,370,75,1480,5753,7233
668,subcell,MQ,std_ctrl__tvn_efaar_e0.2_c96,0.28407313982127547,-0.0002288618073729023,-6.501349220559229e-05,370,76,1480,5625,7105
669,subcell,MQ,std_ctrl__tvn_efaar_e0.2_c96,0.30509547030122974,0.08933560065855536,0.0272558870975648,370,62,1480,5753,7233
670,subcell,MQ,std_ctrl__tvn_efaar_e0.2_c96,0.2931407280094312,0.04144676061556185,0.012149733580478422,370,65,1480,5721,7201
671,subcell,MQ,std_ctrl__tvn_efaar_e0.2_c96,0.2904783419452113,0.030339364771870714,0.00881292837460396,370,81,1480,5817,7297
672,subcell,MQ,std_ctrl__tvn_efaar_e0.2_c96,0.28669737041960397,0.0038676419560555422,0.0011088427785256574,370,71,1480,5625,7105
673,subcell,MQ,std_ctrl__tvn_efaar_e0.2_c96,0.3411018541575335,0.12106450824161252,0.04129532823388403,370,46,1480,5657,7137
674,subcell,MQ,std_ctrl__tvn_efaar_e0.2_c96,0.28215819616899923,0.03390931998413452,0.009567792560040794,370,67,1480,5753,7233
675,subcell,MQ,std_ctrl__tvn_efaar_e0.2_c96,0.32225273058220977,0.05149071810938662,0.016593024510388677,370,76,1480,5497,6977
676,subcell,MQ,std_ctrl__tvn_efaar_e0.2_c96,0.3064874170586329,0.014229751533877719,0.004361239793004301,370,80,1480,5593,7073
677,subcell,MQ,std_ctrl__tvn_efaar_e0.2_c96,0.2514361828860121,0.03367029382007065,0.008465930154769047,370,110,1480,5657,7137
678,subcell,MQ,std_ctrl__tvn_efaar_e0.2_c96,0.26738582289144525,0.0040200756840665175,0.0010749112448700155,370,79,1480,5913,7393
679,subcell,MQ,std_ctrl__tvn_efaar_e0.2_c96,0.2957271282083271,-0.05839277225756236,-0.01726832684785179,370,86,1480,5785,7265
680,subcell,MQ,std_ctrl__tvn_efaar_e0.2_c96,0.3141674732393029,0.007465852331574891,0.0023455279625886416,370,79,1480,5625,7105
681,subcell,MQ,std_ctrl__tvn_efaar_e0.2_c96,0.30405341018434306,0.06472981945865641,0.01968132234702133,370,78,1480,5561,7041
682,subcell,MQ,std_ctrl__tvn_efaar_e0.2_c96,0.2943161384904935,-0.00355008587186102,-0.0010448475651157923,370,71,1480,5657,7137
683,subcell,MQ,std_ctrl__tvn_efaar_e0.2_c96,0.3067889110157384,-0.0010347885611472,-0.0003174616558058923,370,75,1480,5433,6913
684,subcell,MQ,std_ctrl__tvn_efaar_e0.2_c96,0.28633624353719594,0.07044340851701945,0.020170500976719467,370,86,1480,5721,7201
685,subcell,MQ,std_ctrl__tvn_efaar_e0.2_c96,0.3052998110091206,-0.02884186612242719,-0.00880541627632738,370,80,1480,5625,7105
686,subcell,MQ,std_ctrl__tvn_efaar_e0.2_c96,0.2845450416055994,0.05074756222010274,0.014439967203301879,370,93,1480,5369,6849
687,subcell,MQ,std_ctrl__tvn_efaar_e0.2_c96,0.2805522003709329,0.034973563359816294,0.0098119101554087,370,49,1480,5497,6977
688,subcell,MQ,std_ctrl__tvn_efaar_e0.2_c96,0.3100031226947158,-0.020290233235622138,-0.00629003566324697,370,59,1480,5721,7201
689,subcell,MQ,std_ctrl__tvn_efaar_e0.2_c96,0.28396339732359277,0.05744631737079089,0.0163126514443391,370,73,1480,5881,7361
690,subcell,MQ,std_ctrl__tvn_efaar_e0.2_c96,0.3175435135937363,0.010459564088414532,0.003321366731294016,370,88,1480,5465,6945
691,subcell,MQ,std_ctrl__tvn_efaar_e0.2_c96,0.28587599527138735,0.023390857095805274,0.006686884552514126,370,77,1480,5561,7041
692,subcell,MQ,std_ctrl__tvn_efaar_e0.2_c96,0.2984737836044132,0.04464455470395492,0.013325229159823627,370,63,1480,5657,7137
693,subcell,MQ,std_ctrl__tvn_efaar_e0.2_c96,0.29367001663170395,0.013779679369763416,0.00404667866969797,370,91,1480,5945,7425
694,subcell,MQ,std_ctrl__tvn_efaar_e0.2_c96,0.30800480153030424,-0.012450174330523615,-0.0038347134736906145,370,73,1480,5337,6817
695,subcell,MQ,std_ctrl__tvn_efaar_e0.2_c96,0.2641142246355318,0.023768957450360808,0.006277719767396992,370,77,1480,5721,7201
696,subcell,MQ,std_ctrl__tvn_efaar_e0.2_c96,0.2936742490063732,-0.02132767488584527,-0.006263388905152696,370,92,1480,5849,7329
697,subcell,MQ,std_ctrl__tvn_efaar_e0.2_c96,0.29834140250171587,0.1336627241419801,0.039877124582718304,370,59,1480,5849,7329
698,subcell,MQ,std_ctrl__tvn_efaar_e0.2_c96,0.28125304580383603,-0.0375633671048951,-0.01056481140889937,370,76,1480,5657,7137
699,subcell,MQ,std_ctrl__tvn_efaar_e0.2_c96,0.27603411910492,0.08514240293309432,0.023502208192112847,370,60,1480,5529,7009
700,subcell,MQ,std_ctrl__tvn_efaar_e0.2_c96,0.30983744730699986,0.03573827981584721,0.011073057389285376,370,74,1480,5913,7393
701,subcell,MQ,std_ctrl__tvn_efaar_e0.2_c96,0.2747006181839068,0.05471037689280785,0.015028974353528846,370,108,1480,5785,7265
702,subcell,MQ,std_ctrl__tvn_efaar_e0.2_c96,0.2702082526665118,0.042764293014703365,0.01155526489202171,370,97,1480,5689,7169
703,subcell,MQ,std_ctrl__tvn_efaar_e0.2_c96,0.2767097721968823,0.05120044716988583,0.014167664072757616,370,71,1480,5401,6881
704,subcell,MQ,std_ctrl__tvn_efaar_e0.2_c96,0.29087069117227915,0.041985920596498215,0.012212473743407866,370,63,1480,5689,7169
705,subcell,MQ,std_ctrl__tvn_efaar_e0.2_c96,0.2915137786684046,0.022752422194970784,0.00663264456791481,370,84,1480,5529,7009
706,subcell,MQ,std_ctrl__tvn_efaar_e0.2_c96,0.28504747778797895,-0.01957801340478558,-0.005580663341133371,370,74,1480,5753,7233
707,subcell,MQ,std_ctrl__tvn_efaar_e0.2_c96,0.26860238400958036,0.00839037579170179,0.002253674940387371,370,71,1480,5593,7073
708,subcell,MQ,std_ctrl__tvn_efaar_e0.2_c96,0.31279326132371227,0.05887328438635345,0.018415166628045883,370,97,1480,5593,7073
709,subcell,MQ,std_ctrl__tvn_efaar_e0.2_c96,0.27597674983512693,0.04143220589503892,0.011434325521412627,370,67,1480,5785,7265
710,subcell,MQ,std_ctrl__tvn_efaar_e0.2_c96,0.3006506912299785,0.05093812367517576,0.015314582092899725,370,68,1480,5689,7169
711,subcell,MQ,std_ctrl__tvn_efaar_e0.2_c96,0.27008051820641876,0.0028269524206385194,0.0007635047747109413,370,72,1480,5881,7361
712,subcell,MQ,std_ctrl__tvn_efaar_e0.2_c96,0.27782806667636234,0.00300747236134317,0.0008355602317345671,370,75,1480,5753,7233
713,subcell,MQ,std_ctrl__tvn_efaar_e0.2_c96,0.30287010822688726,0.036030397780857176,0.010912530475346011,370,55,1480,5529,7009
714,subcell,MQ,std_ctrl__tvn_efaar_e0.2_c96,0.2685158356405643,-0.002558150914074609,-0.000686904030387417,370,69,1480,5881,7361
715,subcell,MQ,std_ctrl__tvn_efaar_e0.2_c96,0.23794435935810732,0.012432712369478172,0.0029582937798391003,370,65,1480,5561,7041
716,subcell,MQ,std_ctrl__tvn_efaar_e0.2_c96,0.29566965526926325,0.0009627465033421492,0.0002846549267548619,370,72,1480,5721,7201
717,subcell,MQ,std_ctrl__tvn_efaar_e0.2_c96,0.2969528640080647,0.0513311488348412,0.015242931659330328,370,73,1480,5529,7009
718,subcell,MQ,std_ctrl__tvn_efaar_e0.2_c96,0.30321919213264553,-0.029096854369868606,-0.008822724675632795,370,74,1480,5657,7137
719,subcell,MQ,std_ctrl__tvn_efaar_e0.2_c96,0.2869376886670825,-0.015061386621013738,-0.004321679465155002,370,76,1480,5529,7009
720,subcell,MQ,std_ctrl__tvn_efaar_e0.2_c96,0.28394688547145136,0.02962522555556973,0.008411990527893272,370,60,1480,5625,7105
721,subcell,MQ,std_ctrl__tvn_efaar_e0.2_c96,0.28916544438680813,-0.020420983368605303,-0.00590504273059837,370,72,1480,5689,7169
722,subcell,MQ,std_ctrl__tvn_efaar_e0.2_c96,0.2729519934390912,0.020659721912021225,0.005639112279783466,370,86,1480,5593,7073
723,subcell,MQ,std_ctrl__tvn_efaar_e0.2_c96,0.2847377617674361,0.022271506065318674,0.0063415387882287165,370,80,1480,5721,7201
724,subcell,MQ,std_ctrl__tvn_efaar_e0.2_c96,0.3084268245463336,0.008090965267108981,0.0024954707248491005,370,53,1480,5913,7393
725,subcell,MQ,std_ctrl__tvn_efaar_e0.2_c96,0.28974630293284964,-0.004582199752551282,-0.0013276754376015524,370,60,1480,5721,7201
726,subcell,MQ,std_ctrl__tvn_efaar_e0.2_c96,0.31341562567412573,0.021348018448857,0.006690802559051296,370,75,1480,5785,7265
727,subcell,MQ,std_ctrl__tvn_efaar_e0.2_c96,0.30379370801293726,0.18167169299962374,0.055190717257343674,370,51,1480,5913,7393
728,subcell,MQ,std_ctrl__tvn_efaar_e0.2_c96,0.2916696928926315,-0.01658837998162705,-0.0048383276948274385,370,97,1480,5561,7041
729,subcell,MQ,std_ctrl__tvn_efaar_e0.2_c96,0.30933160408312715,-0.007465761659127006,-0.0023093960297200654,370,75,1480,5535,7015
730,subcell,MQ,std_ctrl__tvn_efaar_e0.2_c96,0.28796978058370765,0.02718819524704585,0.007829378619758796,370,53,1480,5849,7329
731,subcell,MQ,std_ctrl__tvn_efaar_e0.2_c96,0.28866752685390407,-0.012439900145916439,-0.003590995209431219,370,93,1480,5593,7073
732,subcell,MQ,std_ctrl__tvn_efaar_e0.2_c96,0.2874212035951723,0.003721785626174053,0.0010697201041981585,370,59,1480,5753,7233
733,subcell,MQ,std_ctrl__tvn_efaar_e0.2_c96,0.2913606063472778,0.0008295790640941644,0.00024170665912748296,370,80,1480,5945,7425
734,subcell,MQ,std_ctrl__tvn_efaar_e0.2_c96,0.29472930942242853,-0.028290266999513813,-0.008337970856142825,370,64,1480,5625,7105
735,subcell,MQ,std_ctrl__tvn_efaar_e0.2_c96,0.28820453291027026,0.0006233127428703069,0.0001796415579159562,370,100,1480,5945,7425
736,subcell,MQ,std_ctrl__tvn_efaar_e0.2_c96,0.2988340462830043,-0.02530842656835604,-0.007563019516478125,370,57,1480,5657,7137
737,subcell,MQ,std_ctrl__tvn_efaar_e0.2_c96,0.29490229242486715,-0.020344340555792505,-0.005999592667775406,370,79,1480,5753,7233
738,subcell,MQ,std_ctrl__tvn_efaar_e0.2_c96,0.2739547393493752,0.08050190512639652,0.02205387843603009,370,93,1480,5785,7265
739,subcell,MQ,std_ctrl__tvn_efaar_e0.2_c96,0.2713949272828532,0.08870330360219793,0.024073626630867356,370,110,1480,5721,7201
740,subcell,MQ,std_ctrl__tvn_efaar_e0.2_c96,0.3232693351811964,-0.0028668041747267076,-0.0009267498796585812,370,67,1480,5497,6977
741,subcell,MQ,std_ctrl__tvn_efaar_e0.2_c96,0.27113850534918194,0.010818993095007135,0.0029334456171633545,370,101,1480,5945,7425
742,subcell,MQ,std_ctrl__tvn_efaar_e0.2_c96,0.29863928546669505,-0.0016638745487735345,-0.000496898306351948,370,47,1480,5593,7073
743,subcell,MQ,std_ctrl__tvn_efaar_e0.2_c96,0.2793951365090641,0.03424904840743924,0.009569017555102031,370,64,1480,5625,7105
744,subcell,MQ,std_ctrl__tvn_efaar_e0.2_c96,0.31013838317027015,0.036651665060354326,0.011367088142316573,370,74,1480,5593,7073
745,subcell,MQ,std_ctrl__tvn_efaar_e0.2_c96,0.2722668657532263,0.04198715724888193,0.01143171170604094,370,76,1480,5593,7073
746,subcell,MQ,std_ctrl__tvn_efaar_e0.2_c96,0.29029139416333716,-0.01080422488763017,-0.003136373505484387,370,56,1480,5657,7137
747,subcell,MQ,std_ctrl__tvn_efaar_e0.2_c96,0.278149445577724,0.036337261967307646,0.010107189270019138,370,77,1480,5913,7393
748,subcell,MQ,std_ctrl__tvn_efaar_e0.2_c96,0.27141182473105685,0.0030469689493855404,0.0008269834024516007,370,78,1480,5721,7201
749,subcell,MQ,std_ctrl__tvn_efaar_e0.2_c96,0.2914858440916736,0.04556754117540794,0.013282293202695876,370,85,1480,5724,7204
750,subcell,MQ,std_ctrl__tvn_efaar_e0.2_c96,0.2968859260374973,0.12200312591489729,0.03622101101671367,370,84,1480,5753,7233
751,subcell,MQ,std_ctrl__tvn_efaar_e0.2_c96,0.3094025035188107,0.0010688455178925699,0.0003307034791108209,370,78,1480,5753,7233
752,subcell,MQ,std_ctrl__tvn_efaar_e0.2_c96,0.3418505040955451,0.03419202477268766,0.011688560904590643,370,47,1480,5625,7105
753,subcell,MQ,std_ctrl__tvn_efaar_e0.2_c96,0.2899964413746022,0.11465406361994308,0.03324927043892073,370,71,1480,5401,6881
754,subcell,MQ,std_ctrl__tvn_efaar_e0.2_c96,0.27604887833053626,0.00039667455905154775,0.00010950156708843983,370,72,1480,5785,7265
755,subcell,MQ,std_ctrl__tvn_efaar_e0.2_c96,0.3080631234595962,0.06502838701766765,0.02003284801820215,370,79,1480,5657,7137
756,subcell,MQ,std_ctrl__tvn_efaar_e0.2_c96,0.29060833075148684,0.04346831604906142,0.012632254767595805,370,69,1480,5593,7073
757,subcell,MQ,std_ctrl__tvn_efaar_e0.2_c96,0.30285289127804293,0.05981866095232467,0.018116254421792495,370,52,1480,5657,7137
758,subcell,MQ,std_ctrl__tvn_efaar_e0.2_c96,0.2816960166429212,0.1307037277428871,0.036818719465552166,370,95,1480,5593,7073
759,subcell,MQ,std_ctrl__tvn_efaar_e0.2_c96,0.2968199516687664,0.030065646306165966,0.008924083683486407,370,81,1480,5753,7233
760,subcell,MQ,std_ctrl__tvn_efaar_e0.2_c96,0.28283005662220445,0.045797534748639575,0.012952919346115107,370,62,1480,5593,7073
761,subcell,MQ,std_ctrl__tvn_efaar_e0.2_c96,0.28494485419819854,-0.001518352161066755,-0.00043264663515668616,370,81,1480,5913,7393
762,subcell,MQ,std_ctrl__tvn_efaar_e0.2_c96,0.30791372131305716,0.10200590819485157,0.03140901878819482,370,88,1480,5721,7201
763,subcell,MQ,std_ctrl__tvn_efaar_e0.2_c96,0.28975279335287296,-0.032272239049805265,-0.009350971412432742,370,63,1480,5689,7169
764,subcell,MQ,std_ctrl__tvn_efaar_e0.2_c96,0.28385746720668925,-0.0021228360456848807,-0.0006025828632231739,370,81,1480,5849,7329
765,subcell,MQ,std_ctrl__tvn_efaar_e0.2_c96,0.31322126215759793,0.030316492013042425,0.009495769892515885,370,79,1480,5945,7425
766,subcell,MQ,std_ctrl__tvn_efaar_e0.2_c96,0.2829832479175645,0.012201912199620184,0.0034529367450534735,370,79,1480,5881,7361
767,subcell,MQ,std_ctrl__tvn_efaar_e0.2_c96,0.25795707731410294,0.048334450312443634,0.01246821353618169,370,88,1480,5753,7233
768,subcell,MQ,std_ctrl__tvn_efaar_e0.2_c96,0.30136433002130114,0.009307663664511337,0.002804997824319068,370,80,1480,5689,7169
769,subcell,MQ,std_ctrl__tvn_efaar_e0.2_c96,0.3130026207822716,-0.029901060823080236,-0.009359110401794222,370,90,1480,5785,7265
770,subcell,MQ,std_ctrl__tvn_efaar_e0.2_c96,0.277770454199141,0.015712967281959533,0.004364598058726141,370,66,1480,5657,7137
771,subcell,MQ,std_ctrl__tvn_efaar_e0.2_c96,0.2778778309477918,-0.009920204779678253,-0.0027566049867349097,370,79,1480,5689,7169
772,subcell,MQ,std_ctrl__tvn_efaar_e0.2_c96,0.2665221443271148,-0.0034041238018233423,-0.0009072743752169275,370,106,1480,5983,7463
773,subcell,MQ,std_ctrl__tvn_efaar_e0.2_c96,0.2950821987317393,0.01881597382827202,0.0055522589285253695,370,63,1480,5593,7073
774,subcell,MQ,std_ctrl__tvn_efaar_e0.2_c96,0.3261165125142158,-0.06251967694723787,-0.02038869900954863,370,91,1480,5593,7073
775,subcell,MQ,std_ctrl__tvn_efaar_e0.2_c96,0.2594407969234922,-0.006600866753509695,-0.00171253413091634,370,77,1480,5689,7169
776,subcell,MQ,std_ctrl__tvn_efaar_e0.2_c96,0.2784722936550871,0.02065319220410476,0.005751341804376416,370,81,1480,5913,7393
777,subcell,MQ,std_ctrl__tvn_efaar_e0.2_c96,0.28074160460890635,0.056838365496937215,0.015956893932957652,370,45,1480,5529,7009
778,subcell,MQ,std_ctrl__tvn_efaar_e0.2_c96,0.321723403196395,0.0751984066997858,0.024193087318401675,370,77,1480,5721,7201
779,subcell,MQ,std_ctrl__tvn_efaar_e0.2_c96,0.2798459826805185,0.030155420734006132,0.00843887334845243,370,83,1480,5721,7201
780,subcell,MQ,std_ctrl__tvn_efaar_e0.2_c96,0.2901234623811165,0.014372213476505682,0.004169716335884372,370,75,1480,5657,7137
781,subcell,MQ,std_ctrl__tvn_efaar_e0.2_c96,0.2977601043960202,-0.0019916606697024147,-0.0005930370889320385,370,55,1480,5689,7169
782,subcell,MQ,std_ctrl__tvn_efaar_e0.2_c96,0.3064996511686604,0.06362671791574263,0.019501566846181873,370,88,1480,5369,6849
783,subcell,MQ,std_ctrl__tvn_efaar_e0.2_c96,0.26049164609420294,0.015136794814668043,0.003943008597863075,370,67,1480,5273,6753
784,subcell,MQ,std_ctrl__tvn_efaar_e0.2_c96,0.28520138903292047,0.004484835067816257,0.0012790811909247487,370,62,1480,5785,7265
785,subcell,MQ,std_ctrl__tvn_efaar_e0.2_c96,0.2811925087672284,-0.010630511765631054,-0.0029892202728573347,370,73,1480,5401,6881
786,subcell,MQ,std_ctrl__tvn_efaar_e0.2_c96,0.2945708157074643,-0.011394006786226445,-0.0033563418731951075,370,83,1480,5657,7137
787,subcell,MQ,std_ctrl__tvn_efaar_e0.2_c96,0.27696371517487317,-0.018148751013849884,-0.00502654550657961,370,64,1480,5625,7105
788,subcell,MQ,std_ctrl__tvn_efaar_e0.2_c96,0.29344621266960796,0.016045665255570166,0.004708539699011382,370,90,1480,5756,7236
789,subcell,MQ,std_ctrl__tvn_efaar_e0.2_c96,0.27506094541310055,-0.014856727175218751,-0.0040865054225601724,370,63,1480,5593,7073
790,subcell,MQ,std_ctrl__tvn_efaar_e0.2_c96,0.2923100769453041,-0.0033931162844599494,-0.0009918420821948522,370,89,1480,6009,7489
791,subcell,MQ,std_ctrl__tvn_efaar_e0.2_c96,0.2728644804972935,0.130105670014618,0.03550121605829104,370,85,1480,5465,6945
792,subcell,MQ,std_ctrl__tvn_efaar_e0.2_c96,0.2410730774977601,0.04814717627648239,0.011606987957798756,370,65,1480,5852,7332
793,subcell,MQ,std_ctrl__tvn_efaar_e0.2_c96,0.268911470936237,0.02965965486655318,0.007975821417625937,370,70,1480,5625,7105
794,subcell,MQ,std_ctrl__tvn_efaar_e0.2_c96,0.3177119080624695,-0.009656806861909896,-0.0030680825338881418,370,70,1480,5785,7265
795,subcell,MQ,std_ctrl__tvn_efaar_e0.2_c96,0.30675048185702175,0.007870611159184897,0.00241431376558922,370,71,1480,5785,7265
796,subcell,MQ,std_ctrl__tvn_efaar_e0.2_c96,0.28980360062834615,0.06658314832705088,0.01929603612635059,370,88,1480,5689,7169
797,subcell,MQ,std_ctrl__tvn_efaar_e0.2_c96,0.3156974734978638,0.01981778775353371,0.006256425524107499,370,56,1480,5817,7297
798,subcell,MQ,std_ctrl__tvn_efaar_e0.2_c96,0.2999560009651363,0.0025921745833508655,0.000777538321825394,370,67,1480,5753,7233
799,subcell,MQ,std_ctrl__tvn_efaar_e0.2_c96,0.28057894306764586,0.04608640545726889,0.012930874932987493,370,87,1480,5721,7201
800,subcell,MQ,std_ctrl__tvn_efaar_e0.2_c96,0.2906517249703479,-0.02021347727189005,-0.005875082036723765,370,49,1480,5625,7105
801,subcell,MQ,std_ctrl__tvn_efaar_e0.2_c96,0.31316432547152684,0.03105292973135485,0.009724669793234463,370,67,1480,5695,7175
802,subcell,MQ,std_ctrl__tvn_efaar_e0.2_c96,0.26998771483438266,0.04978547010023337,0.013441465304317491,370,94,1480,5785,7265
803,subcell,MQ,std_ctrl__tvn_efaar_e0.2_c96,0.30626693939495475,0.031967564839182,0.00979060824320604,370,50,1480,5721,7201
804,subcell,MQ,std_ctrl__tvn_efaar_e0.2_c96,0.2977157930029521,0.04638221628753006,0.013808718303276452,370,85,1480,5689,7169
805,subcell,MQ,std_ctrl__tvn_efaar_e0.2_c96,0.2522928157672066,0.028745886272983176,0.007252380589534817,370,52,1480,5753,7233
806,subcell,MQ,std_ctrl__tvn_efaar_e0.2_c96,0.31435618383174946,0.0016987167949457896,0.0005340021290700589,370,74,1480,5817,7297
807,subcell,MQ,std_ctrl__tvn_efaar_e0.2_c96,0.26780109080500736,0.047495256640162964,0.01271928153629941,370,104,1480,5625,7105
808,subcell,MQ,std_ctrl__tvn_efaar_e0.2_c96,0.30492678464594347,0.013957126186141656,0.004255901610837875,370,76,1480,5691,7171
809,subcell,MQ,std_ctrl__tvn_efaar_e0.2_c96,0.2740939360824475,0.034586403092125025,0.00947992335845468,370,90,1480,5689,7169
810,subcell,MQ,std_ctrl__tvn_efaar_e0.2_c96,0.28402522035823813,0.006018818741143462,0.0017094963192495652,370,85,1480,5657,7137
811,subcell,MQ,std_ctrl__tvn_efaar_e0.2_c96,0.2833106677840668,0.035058669130783704,0.00993249496306298,370,97,1480,5593,7073
812,subcell,MQ,std_ctrl__tvn_efaar_e0.2_c96,0.2863356700716804,-0.0335271932621706,-0.009600031348346348,370,102,1480,5561,7041
813,subcell,MQ,std_ctrl__tvn_efaar_e0.2_c96,0.2677230842880682,0.005015137907058085,0.0013426681886075976,370,75,1480,5465,6945
814,subcell,MQ,std_ctrl__tvn_efaar_e0.2_c96,0.2997940230944558,0.03889427939816032,0.011660272496134291,370,104,1480,5785,7265
815,subcell,MQ,std_ctrl__tvn_efaar_e0.2_c96,0.30263901664356213,0.0009781123329962917,0.0002960149546249381,370,89,1480,5817,7297
816,subcell,MQ,std_ctrl__tvn_efaar_e0.2_c96,0.27977670243768726,0.006006249372384749,0.0016804086434242338,370,79,1480,5465,6945
817,subcell,MQ,std_ctrl__tvn_efaar_e0.2_c96,0.2988531403832401,0.07766880438613416,0.023211566100607768,370,53,1480,5913,7393
818,subcell,MQ,std_ctrl__tvn_efaar_e0.2_c96,0.2534824284182978,0.023149184010288554,0.005867911378829973,370,83,1480,5657,7137
819,subcell,MQ,std_ctrl__tvn_efaar_e0.2_c96,0.2726318326819086,-0.01667103804071882,-0.004545055653750987,370,61,1480,5689,7169
820,subcell,MQ,std_ctrl__tvn_efaar_e0.2_c96,0.2623163270669688,-0.009139794812499009,-0.0023975174053604744,370,59,1480,5689,7169
821,subcell,MQ,std_ctrl__tvn_efaar_e0.2_c96,0.3144836400067547,0.07435280066197274,0.02338273939687383,370,75,1480,5465,6945
822,subcell,MQ,std_ctrl__tvn_efaar_e0.2_c96,0.2583201157824673,0.0011657516997792782,0.00030113711406059115,370,86,1480,5849,7329
823,subcell,MQ,std_ctrl__tvn_efaar_e0.2_c96,0.2818159566381052,0.09894548460897584,0.027884416400099442,370,85,1480,5691,7171
824,subcell,MQ,std_ctrl__tvn_efaar_e0.2_c96,0.29951333839066646,0.022899484316036608,0.006858700994920832,370,69,1480,5977,7457
825,subcell,MQ,std_ctrl__tvn_efaar_e0.2_c96,0.31226869346764147,-0.002079256675417278,-0.0006492867654164252,370,51,1480,5497,6977
826,subcell,MQ,std_ctrl__tvn_efaar_e0.2_c96,0.3096163402357798,-0.003216586144207012,-0.0009959076300224932,370,77,1480,5849,7329
827,subcell,MQ,std_ctrl__tvn_efaar_e0.2_c96,0.30038461764934316,0.0008003968390587544,0.0002404268984684068,370,67,1480,5721,7201
828,subcell,MQ,std_ctrl__tvn_efaar_e0.2_c96,0.2961403812562377,0.00032808013322295173,9.715777573524219e-05,370,70,1480,5849,7329
829,subcell,MQ,std_ctrl__tvn_efaar_e0.2_c96,0.25819485042404666,0.01899887084319389,0.0049054106155842275,370,55,1480,5561,7041
830,subcell,MQ,std_ctrl__tvn_efaar_e0.2_c96,0.2768103918878855,-0.017237585146262595,-0.004771542699537743,370,70,1480,5401,6881
831,subcell,MQ,std_ctrl__tvn_efaar_e0.2_c96,0.27401403750549497,0.06233387274665202,0.01708035614466386,370,69,1480,5753,7233
832,subcell,MQ,std_ctrl__tvn_efaar_e0.2_c96,0.2931166235504065,0.05196093520132275,0.015230613882733187,370,72,1480,5753,7233
833,subcell,MQ,std_ctrl__tvn_efaar_e0.2_c96,0.2913141564483719,0.0086232942965837,0.0025120877038153373,370,68,1480,5881,7361
834,subcell,MQ,std_ctrl__tvn_efaar_e0.2_c96,0.3045284365509561,-0.006808587058904442,-0.002073408372169242,370,76,1480,5785,7265
835,subcell,MQ,std_ctrl__tvn_efaar_e0.2_c96,0.29537086450976474,0.07869997781783863,0.023245680484954307,370,69,1480,5881,7361
836,subcell,MQ,std_ctrl__tvn_efaar_e0.2_c96,0.29385464280652757,0.029408554408511773,0.008641840251169559,370,99,1480,5785,7265
837,subcell,MQ,std_ctrl__tvn_efaar_e0.2_c96,0.2665862115185921,-0.009539295923190319,-0.0025430447607180575,370,73,1480,5401,6881
838,subcell,MQ,std_ctrl__tvn_efaar_e0.2_c96,0.28649322049908743,0.02464606922890753,0.007060931746033179,370,69,1480,5817,7297
839,subcell,MQ,std_ctrl__tvn_efaar_e0.2_c96,0.29572786348933555,0.024525004672175,0.007252727233768285,370,64,1480,5817,7297
840,subcell,MQ,std_ctrl__tvn_efaar_e0.2_c96,0.3041913371504737,-0.03376291880103869,-0.010270387416190827,370,60,1480,5849,7329
841,subcell,MQ,std_ctrl__tvn_efaar_e0.2_c96,0.2808505196162522,-0.0014686753791689185,-0.00041247824338718695,370,82,1480,5881,7361
842,subcell,MQ,std_ctrl__tvn_efaar_e0.2_c96,0.29943171402268737,0.04301555249906894,0.012880220614429104,370,68,1480,5753,7233
843,subcell,MQ,std_ctrl__tvn_efaar_e0.2_c96,0.27452660443485133,0.052710916301362314,0.014470548868862648,370,78,1480,5625,7105
844,subcell,MQ,std_ctrl__tvn_efaar_e0.2_c96,0.30805602066052923,0.01720908603534966,0.0053013625632545,370,96,1480,5881,7361
845,subcell,MQ,std_ctrl__tvn_efaar_e0.2_c96,0.2752758832502496,-0.026198237942385624,-0.007211743089190404,370,71,1480,5785,7265
846,subcell,MQ,std_ctrl__tvn_efaar_e0.2_c96,0.26944622176166605,0.07211103847186351,0.019430046863553766,370,76,1480,5785,7265
847,subcell,MQ,std_ctrl__tvn_efaar_e0.2_c96,0.26219162433152154,0.06828056422073543,0.017902592043307394,370,57,1480,5625,7105
848,subcell,MQ,std_ctrl__tvn_efaar_e0.2_c96,0.28375520901108064,-0.010965861652489365,-0.0031116203651887137,370,41,1480,5660,7140
849,subcell,MQ,std_ctrl__tvn_efaar_e0.2_c96,0.3022427380736255,0.008611136096183478,0.002602653351635125,370,70,1480,5663,7143
850,subcell,MQ,std_ctrl__tvn_efaar_e0.2_c96,0.3093246655688487,0.10185652013933306,0.0315067340281059,370,75,1480,5881,7361
851,subcell,MQ,std_ctrl__tvn_efaar_e0.2_c96,0.25886231649775066,0.1202424130789627,0.031126229590899716,370,91,1480,5561,7041
852,subcell,MQ,std_ctrl__tvn_efaar_e0.2_c96,0.2593243029280664,-0.05397704510522469,-0.013997559596029193,370,82,1480,5657,7137
853,subcell,MQ,std_ctrl__tvn_efaar_e0.2_c96,0.2748308587746803,0.0835848833534669,0.022971705272614783,370,80,1480,5689,7169
854,subcell,MQ,std_ctrl__tvn_efaar_e0.2_c96,0.31977965530798025,0.0007311055137075204,0.0002337926691671547,370,103,1480,5785,7265
855,subcell,MQ,std_ctrl__tvn_efaar_e0.2_c96,0.294328478461416,-0.03750294335207834,-0.011038184254641896,370,56,1480,5689,7169
856,subcell,MQ,std_ctrl__tvn_efaar_e0.2_c96,0.27257587238889225,0.08408582382099146,0.022919766783545445,370,72,1480,5753,7233
857,subcell,MQ,std_ctrl__tvn_efaar_e0.2_c96,0.2946576420984896,0.03666770169588368,0.010804418522879874,370,83,1480,5625,7105
858,subcell,MQ,std_ctrl__tvn_efaar_e0.2_c96,0.3149621078571726,0.08448566405360203,0.02660978283403545,370,65,1480,5785,7265
859,subcell,MQ,std_ctrl__tvn_efaar_e0.2_c96,0.3014811614104002,0.03328619592805255,0.010035161007323417,370,53,1480,5689,7169
860,subcell,MQ,std_ctrl__tvn_efaar_e0.2_c96,0.30218364664497005,0.02208385699225322,0.006673380437905098,370,60,1480,5561,7041
861,subcell,MQ,std_ctrl__tvn_efaar_e0.2_c96,0.2955587902964015,0.08666839124425975,0.025615604873088643,370,85,1480,5817,7297
862,subcell,MQ,std_ctrl__tvn_efaar_e0.2_c96,0.30747312785480274,0.027090805733024206,0.008329694774839774,370,58,1480,5625,7105
863,subcell,MQ,std_ctrl__tvn_efaar_e0.2_c96,0.2993435528140174,0.027644914626627513,0.008275326961574877,370,86,1480,5470,6950
864,subcell,MQ,std_ctrl__tvn_efaar_e0.2_c96,0.27581572544187694,0.0010983853113424463,0.0003029519414626187,370,53,1480,5785,7265
865,subcell,MQ,std_ctrl__tvn_efaar_e0.2_c96,0.2853711074583616,0.14969688816405216,0.042719166758446066,370,61,1480,5881,7361
866,subcell,MQ,std_ctrl__tvn_efaar_e0.2_c96,0.2773964906788409,0.0015137835425989249,0.00041991824236432547,370,80,1480,5817,7297
867,subcell,MQ,std_ctrl__tvn_efaar_e0.2_c96,0.27293321256746395,0.035211614338552036,0.009610419021107585,370,67,1480,6009,7489
868,subcell,MQ,std_ctrl__tvn_efaar_e0.2_c96,0.28645330259435425,0.03994746831360768,0.01144308422871624,370,83,1480,5689,7169
869,subcell,MQ,std_ctrl__tvn_efaar_e0.2_c96,0.3191124177496953,-0.019846090924041028,-0.006333134057651017,370,64,1480,5625,7105
870,subcell,MQ,std_ctrl__tvn_efaar_e0.2_c96,0.2797090847005404,0.07828689510505708,0.021897555773882735,370,46,1480,6009,7489
871,subcell,MQ,std_ctrl__tvn_efaar_e0.2_c96,0.28685867700390244,0.017644177899762425,0.005061385529147343,370,80,1480,5817,7297
872,subcell,MQ,std_ctrl__tvn_efaar_e0.2_c96,0.2856038772206353,-0.02893603004962203,-0.008264242373544863,370,70,1480,5657,7137
873,subcell,MQ,std_ctrl__tvn_efaar_e0.2_c96,0.3107979940780603,0.015887876838567874,0.00493792025158617,370,84,1480,5657,7137
874,subcell,MQ,std_ctrl__tvn_efaar_e0.2_c96,0.2759992739173769,0.019862511185455824,0.005482038665361584,370,100,1480,5721,7201
875,subcell,MQ,std_ctrl__tvn_efaar_e0.2_c96,0.2843527987811808,0.0289028856347079,0.008218616423081576,370,71,1480,5561,7041
876,subcell,MQ,std_ctrl__tvn_efaar_e0.2_c96,0.28794545505188895,-0.04146672730327452,-0.011940155662853969,370,71,1480,5817,7297
877,subcell,MQ,std_ctrl__tvn_efaar_e0.2_c96,0.32625469029378923,0.007789501139931443,0.002541361281951451,370,53,1480,5657,7137
878,subcell,MQ,std_ctrl__tvn_efaar_e0.2_c96,0.2974074848806818,-0.02568337637201862,-0.007638428370045989,370,79,1480,5753,7233
879,subcell,MQ,std_ctrl__tvn_efaar_e0.2_c96,0.30018607526161606,0.05119069288446019,0.01536673318690884,370,90,1480,5785,7265
880,subcell,MQ,std_ctrl__tvn_efaar_e0.2_c96,0.26580034941267766,0.04979172514916077,0.013234657942506943,370,53,1480,5753,7233
881,subcell,MQ,std_ctrl__tvn_efaar_e0.2_c96,0.2847548719588922,0.011958109761545408,0.0034051300140192416,370,58,1480,5785,7265
882,subcell,MQ,std_ctrl__tvn_efaar_e0.2_c96,0.2869583802938338,0.09403928885571475,0.02698536201401988,370,64,1480,5785,7265
883,subcell,MQ,std_ctrl__tvn_efaar_e0.2_c96,0.2481175162070604,-0.016061719818659673,-0.0039851940274195545,370,84,1480,5785,7265
884,subcell,MQ,std_ctrl__tvn_efaar_e0.2_c96,0.3374899449458828,0.026800338080032616,0.009044844623161253,370,81,1480,5561,7041
885,subcell,MQ,std_ctrl__tvn_efaar_e0.2_c96,0.29665988516114344,0.02211803210174138,0.006561532863293081,370,62,1480,5401,6881
886,subcell,MQ,std_ctrl__tvn_efaar_e0.2_c96,0.28428843852062136,0.013942018463161208,0.003963554658717773,370,67,1480,5561,7041
887,subcell,MQ,std_ctrl__tvn_efaar_e0.2_c96,0.2986465279379912,0.0031404370183251793,0.0009378806117307524,370,83,1480,5817,7297
888,subcell,MQ,std_ctrl__tvn_efaar_e0.2_c96,0.29929118210111727,0.023974007612412175,0.007175209078020024,370,46,1480,5593,7073
889,subcell,MQ,std_ctrl__tvn_efaar_e0.2_c96,0.2931132277133106,-0.007568558794231083,-0.002218444697315035,370,74,1480,5721,7201
890,subcell,MQ,std_ctrl__tvn_efaar_e0.2_c96,0.31863643363922817,0.11072821694233798,0.03528204414973733,370,50,1480,5753,7233
891,subcell,MQ,std_ctrl__tvn_efaar_e0.2_c96,0.3165004174526164,0.09851826586941095,0.031181072274376418,370,82,1480,5401,6881
892,subcell,MQ,std_ctrl__tvn_efaar_e0.2_c96,0.2936865978216628,0.10097072811140176,0.02965374961861371,370,81,1480,5407,6887
893,subcell,MQ,std_ctrl__tvn_efaar_e0.2_c96,0.24145359344289538,-0.003000688950638869,-0.0007245271299361458,370,58,1480,5817,7297
894,subcell,MQ,std_ctrl__tvn_efaar_e0.2_c96,0.26889942076825973,0.03907234927440471,0.010506532087942558,370,63,1480,5753,7233
895,subcell,MQ,std_ctrl__tvn_efaar_e0.2_c96,0.28093383045997516,-0.011761000048353785,-0.003304062793623982,370,84,1480,5817,7297
896,subcell,MQ,std_ctrl__tvn_efaar_e0.2_c96,0.26592746078768986,0.08762587062220652,0.02330212527387401,370,84,1480,5529,7009
897,subcell,MQ,std_ctrl__tvn_efaar_e0.2_c96,0.27439037177692854,0.012913797028225003,0.003543421567626454,370,79,1480,5689,7169
898,subcell,MQ,std_ctrl__tvn_efaar_e0.2_c96,0.28952682447574823,-0.016634305504059758,-0.004816077649949882,370,79,1480,5977,7457
899,subcell,MQ,std_ctrl__tvn_efaar_e0.2_c96,0.3276132882058242,0.06986265317555937,0.02288793352962807,370,88,1480,5689,7169
900,subcell,MQ,std_ctrl__tvn_efaar_e0.2_c96,0.26972626257993465,0.015918956442523648,0.0042937606254146755,370,65,1480,5849,7329
901,subcell,MQ,std_ctrl__tvn_efaar_e0.2_c96,0.30542773922908517,-0.0323879907158603,-0.009892190782517811,370,59,1480,5561,7041
902,subcell,MQ,std_ctrl__tvn_efaar_e0.2_c96,0.2990825038956273,0.009978238398144398,0.00298431652458452,370,52,1480,5849,7329
903,subcell,MQ,std_ctrl__tvn_efaar_e0.2_c96,0.2995117047133894,0.10497734265097669,0.03144194285367563,370,75,1480,5786,7266
904,subcell,MQ,std_ctrl__tvn_efaar_e0.2_c96,0.3119627450647982,0.044422885643688514,0.013858285349104684,370,72,1480,5913,7393
905,subcell,MQ,std_ctrl__tvn_efaar_e0.2_c96,0.28542669581601304,0.0806063451861288,0.023007202768281734,370,65,1480,5753,7233
906,subcell,MQ,std_ctrl__tvn_efaar_e0.2_c96,0.3027828902138049,0.00856388670321578,0.0025929983674632473,370,90,1480,5913,7393
907,subcell,MQ,std_ctrl__tvn_efaar_e0.2_c96,0.3056373401998147,0.05399603079584232,0.01650320323378853,370,52,1480,5593,7073
908,subcell,MQ,std_ctrl__tvn_efaar_e0.2_c96,0.2861327482640281,-0.024956613865030536,-0.0071409045125653365,370,70,1480,5593,7073
909,subcell,MQ,std_ctrl__tvn_efaar_e0.2_c96,0.29000084722140596,0.043064338180875995,0.01248869455748318,370,53,1480,5593,7073
910,subcell,MQ,std_ctrl__tvn_efaar_e0.2_c96,0.3209703955902267,0.027405632225206544,0.00879639661672481,370,55,1480,5465,6945
911,subcell,MQ,std_ctrl__tvn_efaar_e0.2_c96,0.302199075136872,0.04062143332827957,0.012275759582540194,370,80,1480,5753,7233
912,subcell,MQ,std_ctrl__tvn_efaar_e0.2_c96,0.2906609244010578,0.02859757225821364,0.008312196788198422,370,54,1480,5497,6977
913,subcell,MQ,std_ctrl__tvn_efaar_e0.2_c96,0.24823760162965325,0.10405496193930854,0.025830354189478804,370,82,1480,5401,6881
914,subcell,MQ,std_ctrl__tvn_efaar_e0.2_c96,0.2907985053025499,-0.03394879158958064,-0.009872257851077829,370,69,1480,5561,7041
915,subcell,MQ,std_ctrl__tvn_efaar_e0.2_c96,0.28260819199598786,0.021152391944802586,0.0059778392439111564,370,101,1480,5849,7329
916,subcell,MQ,std_ctrl__tvn_efaar_e0.2_c96,0.3155475571011151,-0.00255915915117774,-0.0008075364183870991,370,74,1480,5657,7137
917,subcell,MQ,std_ctrl__tvn_efaar_e0.2_c96,0.3230527727775913,0.05174664578033211,0.016716897401276135,370,80,1480,5561,7041
918,subcell,MQ,std_ctrl__tvn_efaar_e0.2_c96,0.30195602651642006,-0.09503701632255004,-0.028696999820733367,370,107,1480,5209,6689
919,subcell,MQ,std_ctrl__tvn_efaar_e0.2_c96,0.289080007784282,0.004140346024259596,0.001196891260922585,370,70,1480,5599,7079
920,subcell,MQ,std_ctrl__tvn_efaar_e0.2_c96,0.29403651138221343,0.02158499371789323,0.006346776251016318,370,74,1480,5855,7335
921,subcell,MQ,std_ctrl__tvn_efaar_e0.2_c96,0.3006315928622473,0.021303858360057038,0.00640461287289565,370,46,1480,5785,7265
922,subcell,MQ,std_ctrl__tvn_efaar_e0.2_c96,0.3071067341850893,0.00949852603131361,0.0029170613090487804,370,115,1480,5721,7201
923,subcell,MQ,std_ctrl__tvn_efaar_e0.2_c96,0.28671852693361927,0.09537495334998539,0.027345766130870468,370,81,1480,5721,7201
924,subcell,MQ,std_ctrl__tvn_efaar_e0.2_c96,0.29389932519077194,-0.014526437542787313,-0.004269310191251086,370,74,1480,5785,7265
925,subcell,MQ,std_ctrl__tvn_efaar_e0.2_c96,0.2749680401999206,0.014994897706434368,0.004123117635336543,370,92,1480,5497,6977
926,subcell,MQ,std_ctrl__tvn_efaar_e0.2_c96,0.2753328304064844,0.027226246759421598,0.007496279581616922,370,91,1480,5078,6558
927,subcell,MQ,std_ctrl__tvn_efaar_e0.2_c96,0.289638354965557,0.037626528877588584,0.010898085927168785,370,53,1480,5785,7265
928,subcell,MQ,std_ctrl__tvn_efaar_e0.2_c96,0.2804115629251404,0.026642221105148443,0.007470786859891837,370,72,1480,5721,7201
929,subcell,MQ,std_ctrl__tvn_efaar_e0.2_c96,0.28905838221889457,0.05217470678405708,0.015081536335744722,370,73,1480,5561,7041
930,subcell,MQ,std_ctrl__tvn_efaar_e0.2_c96,0.28161488815414326,-0.017639085739753577,-0.004967429157742047,370,77,1480,5657,7137
931,subcell,MQ,std_ctrl__tvn_efaar_e0.2_c96,0.2933089420035716,0.05014235815953185,0.014707202021336444,370,101,1480,5977,7457
932,subcell,MQ,std_ctrl__tvn_efaar_e0.2_c96,0.31490911836689855,-0.014473361804891144,-0.004557793605783414,370,66,1480,5689,7169
933,subcell,MQ,std_ctrl__tvn_efaar_e0.2_c96,0.3178630528099789,0.01271429792494811,0.004041405552759586,370,67,1480,5593,7073
934,subcell,MQ,std_ctrl__tvn_efaar_e0.2_c96,0.29585315168054793,0.03731459146148153,0.011039639487551373,370,53,1480,5561,7041
935,subcell,MQ,std_ctrl__tvn_efaar_e0.2_c96,0.32222041650172156,-0.022421797363136937,-0.007224760885067186,370,91,1480,5657,7137
936,subcell,MQ,std_ctrl__tvn_efaar_e0.2_c96,0.3080776739203297,0.029901840408840804,0.009212089439092595,370,88,1480,5753,7233
937,subcell,MQ,std_ctrl__tvn_efaar_e0.2_c96,0.29132049289255685,0.025331232487101316,0.007379507133718304,370,52,1480,5721,7201
938,subcell,MQ,std_ctrl__tvn_efaar_e0.2_c96,0.23240269991119225,0.05378499832982011,0.01249977882656916,370,75,1480,5566,7046
939,subcell,MQ,std_ctrl__tvn_efaar_e0.2_c96,0.2549425132604639,0.020441106867651094,0.005211307158664699,370,67,1480,5753,7233
940,subcell,MQ,std_ctrl__tvn_efaar_e0.2_c96,0.30579152461783893,0.06565310477022952,0.0200761630035832,370,58,1480,5785,7265
941,subcell,MQ,std_ctrl__tvn_efaar_e0.2_c96,0.2896297188709826,0.02779013208021222,0.00804884814177934,370,67,1480,5721,7201
942,subcell,MQ,std_ctrl__tvn_efaar_e0.2_c96,0.3034234689587654,0.022957265111729325,0.00696577301800695,370,84,1480,5881,7361
943,subcell,MQ,std_ctrl__tvn_efaar_e0.2_c96,0.31012763127358484,0.00951472235554509,0.002950778306351022,370,99,1480,5753,7233
944,subcell,MQ,std_ctrl__tvn_efaar_e0.2_c96,0.2916853152844543,0.017048732302419763,0.004972864856831569,370,56,1480,5593,7073
945,subcell,MQ,std_ctrl__tvn_efaar_e0.2_c96,0.2670794075112328,0.039197609324166854,0.010468874274155259,370,83,1480,5625,7105
946,subcell,MQ,std_ctrl__tvn_efaar_e0.2_c96,0.27306272729767533,-0.009395690557464555,-0.002565612888466287,370,81,1480,5625,7105
947,subcell,MQ,std_ctrl__tvn_efaar_e0.2_c96,0.2390438039898192,0.08619497989163177,0.020604375878121632,370,89,1480,5721,7201
948,subcell,MQ,std_ctrl__tvn_efaar_e0.2_c96,0.31130662759601685,0.050847434466678755,0.015829143345731236,370,67,1480,5561,7041
949,subcell,MQ,std_ctrl__tvn_efaar_e0.2_c96,0.30731346674569376,-0.00672470410301459,-0.0020665921307364047,370,60,1480,5849,7329
950,subcell,MQ,std_ctrl__tvn_efaar_e0.2_c96,0.29118618907304117,0.040153385204587035,0.011692111216105534,370,65,1480,5721,7201
951,subcell,MQ,std_ctrl__tvn_efaar_e0.2_c96,0.2899445834640621,0.12704800264724228,0.036836880207495724,370,70,1480,5689,7169
952,subcell,MQ,std_ctrl__tvn_efaar_e0.2_c96,0.2984120562761333,0.03881567084108543,0.011583064151425852,370,66,1480,5881,7361
953,subcell,MQ,std_ctrl__tvn_efaar_e0.2_c96,0.30034535654645106,0.022473917739309082,0.006749936836408398,370,64,1480,5785,7265
954,subcell,MQ,std_ctrl__tvn_efaar_e0.2_c96,0.2892469957892483,0.1489992887556212,0.04309759664729816,370,84,1480,5561,7041
955,subcell,MQ,std_ctrl__tvn_efaar_e0.2_c96,0.2600073906599796,-0.012723686261716882,-0.0033082524644852365,370,58,1480,5785,7265
956,subcell,MQ,std_ctrl__tvn_efaar_e0.2_c96,0.3035266268612587,0.02124547580923471,0.0064485676084394825,370,56,1480,5753,7233
957,subcell,MQ,std_ctrl__tvn_efaar_e0.2_c96,0.29359477236199283,0.01526022429465653,0.004480322077982636,370,61,1480,5721,7201
958,subcell,MQ,std_ctrl__tvn_efaar_e0.2_c96,0.266519823823149,0.00927787385011819,0.0024727373039869008,370,79,1480,5721,7201
959,subcell,MQ,std_ctrl__tvn_efaar_e0.2_c96,0.3234890958676207,0.027969759869493713,0.009047912331816982,370,62,1480,5881,7361
960,subcell,MQ,std_ctrl__tvn_efaar_e0.2_c96,0.30723605686966915,0.05102947454546688,0.015678094543480396,370,69,1480,5689,7169
961,subcell,MQ,std_ctrl__tvn_efaar_e0.2_c96,0.296161965965383,0.09782983119084337,0.028973475135541722,370,64,1480,5657,7137
962,subcell,MQ,std_ctrl__tvn_efaar_e0.2_c96,0.3018973305388338,0.036433342386253516,0.01099912880901728,370,82,1480,5785,7265
963,subcell,MQ,std_ctrl__tvn_efaar_e0.2_c96,0.27550626666983263,-0.006876868533437903,-0.0018946203760267237,370,82,1480,5689,7169
964,subcell,MQ,std_ctrl__tvn_efaar_e0.2_c96,0.2829916768312795,0.02108174310764372,0.005965957832558366,370,103,1480,5785,7265
965,subcell,MQ,std_ctrl__tvn_efaar_e0.2_c96,0.27646318347157317,0.05294108555003961,0.014636261047604852,370,53,1480,5625,7105
966,subcell,MQ,std_ctrl__tvn_efaar_e0.2_c96,0.2784695188076037,0.012883413314661018,0.0035876379063331278,370,67,1480,5561,7041
967,subcell,MQ,std_ctrl__tvn_efaar_e0.2_c96,0.32536780906434454,0.013069280126493754,0.0042523230408054525,370,61,1480,5849,7329
968,subcell,MQ,std_ctrl__tvn_efaar_e0.2_c96,0.3490357899024558,0.007846582641848794,0.0027387381704325926,370,109,1480,5817,7297
969,subcell,MQ,std_ctrl__tvn_efaar_e0.2_c96,0.29004461469282644,0.04553804214895931,0.013208063888960593,370,88,1480,5657,7137
970,subcell,MQ,std_ctrl__tvn_efaar_e0.2_c96,0.2764170382247898,0.012047791926794208,0.0033302149615529885,370,61,1480,5593,7073
971,subcell,MQ,std_ctrl__tvn_efaar_e0.2_c96,0.29379807900246246,-0.04021521190100543,-0.011815152003192362,370,66,1480,5753,7233
972,subcell,MQ,std_ctrl__tvn_efaar_e0.2_c96,0.29263296056545063,-0.07790502223797215,-0.022797577300415057,370,46,1480,5817,7297
973,subcell,MQ,std_ctrl__tvn_efaar_e0.2_c96,0.31336318336949914,0.031889414127998075,0.009992968326937758,370,58,1480,5657,7137
974,subcell,MQ,std_ctrl__tvn_efaar_e0.2_c96,0.28408785924183116,0.022307106150086322,0.00633717803205831,370,83,1480,5753,7233
975,subcell,MQ,std_ctrl__tvn_efaar_e0.2_c96,0.29802241069540547,0.06637119583558533,0.019780103783657996,370,71,1480,5529,7009
976,subcell,MQ,std_ctrl__tvn_efaar_e0.2_c96,0.29366146135455706,0.13960036646174973,0.04099524762078912,370,90,1480,5785,7265
977,subcell,MQ,std_ctrl__tvn_efaar_e0.2_c96,0.284402002164104,0.0027640352224605966,0.0007860971513198983,370,84,1480,5753,7233
978,subcell,MQ,std_ctrl__tvn_efaar_e0.2_c96,0.3156601336851693,-0.045761512665200656,-0.014445085205532808,370,66,1480,5593,7073
979,subcell,MQ,std_ctrl__tvn_efaar_e0.2_c96,0.27034989449964064,0.018212424317699375,0.004923726992872716,370,96,1480,5753,7233
980,subcell,MQ,std_ctrl__tvn_efaar_e0.2_c96,0.2879747810458372,-0.003443816350582414,-0.0009917322595210448,370,73,1480,5529,7009
981,subcell,MQ,std_ctrl__tvn_efaar_e0.2_c96,0.29425288053219606,0.0013663254685870269,0.00040204520487623524,370,50,1480,5817,7297
982,subcell,MQ,std_ctrl__tvn_efaar_e0.2_c96,0.2867372884178509,0.03776782897301359,0.010829444869151062,370,63,1480,5465,6945
983,subcell,MQ,std_ctrl__tvn_efaar_e0.2_c96,0.32559595021033705,0.002983941824112437,0.0009715593735942553,370,73,1480,5753,7233
984,subcell,MQ,std_ctrl__tvn_efaar_e0.2_c96,0.32285268588761445,0.003410043403731972,0.00110094167188821,370,90,1480,5753,7233
985,subcell,MQ,std_ctrl__tvn_efaar_e0.2_c96,0.2702850733235303,0.10781448734621302,0.029140646617710014,370,89,1480,5689,7169
986,subcell,MQ,std_ctrl__tvn_efaar_e0.2_c96,0.31691979937854925,0.041260204969017666,0.0130761758810989,370,92,1480,5721,7201
987,subcell,MQ,std_ctrl__tvn_efaar_e0.2_c96,0.27609440225393034,0.12029772168203476,0.03321352756031106,370,63,1480,5721,7201
988,subcell,MQ,std_ctrl__tvn_efaar_e0.2_c96,0.29193478825250163,0.008312369446958165,0.002426669814374296,370,56,1480,5785,7265
989,subcell,MQ,std_ctrl__tvn_efaar_e0.2_c96,0.3517304658290359,0.08025851234356678,0.02822936393334817,370,107,1480,5689,7169
990,subcell,MQ,std_ctrl__tvn_efaar_e0.2_c96,0.28929122798338125,0.026723502859417707,0.007730874958218349,370,81,1480,5785,7265
991,subcell,MQ,std_ctrl__tvn_efaar_e0.2_c96,0.33141028551436297,0.03844597615177319,0.012741391933337542,370,60,1480,5593,7073
992,subcell,MQ,std_ctrl__tvn_efaar_e0.2_c96,0.30106233727280607,0.06082468190089771,0.01831202089695921,370,72,1480,5721,7201
993,subcell,MQ,std_ctrl__tvn_efaar_e0.2_c96,0.3016019859091514,0.017244280739006287,0.005200909316459225,370,91,1480,5593,7073
994,subcell,MQ,std_ctrl__tvn_efaar_e0.2_c96,0.27762857353121295,0.024128939226804366,0.006698882978359025,370,66,1480,5401,6881
995,subcell,MQ,std_ctrl__tvn_efaar_e0.2_c96,0.2899384740879175,0.11160410312390015,0.0323583233616942,370,63,1480,5689,7169
996,subcell,MQ,std_ctrl__tvn_efaar_e0.2_c96,0.29227940172696387,0.0310634424592945,0.009079204377582563,370,50,1480,5721,7201
997,subcell,MQ,std_ctrl__tvn_efaar_e0.2_c96,0.3064082774798141,0.0181791536149217,0.005570243145189093,370,88,1480,5849,7329
998,subcell,MQ,std_ctrl__tvn_efaar_e0.2_c96,0.30659996116535987,-0.009266635759475294,-0.00284115016398866,370,69,1480,5913,7393
999,subcell,MQ,std_ctrl__tvn_efaar_e0.2_c96,0.30525570466026203,-0.016343922573141465,-0.004989075601977061,370,61,1480,5753,7233
1000,subcell,MQ,std_ctrl__tvn_efaar_e0.2_c96,0.30143570730961744,0.04533741239408883,0.013666314972599984,370,74,1480,5433,6913
1001,subcell,MQ,std_ctrl__tvn_efaar_e0.2_c96,0.2904671937300632,0.010518867515196666,0.0030553859283574984,370,50,1480,5817,7297
1002,subcell,MQ,std_ctrl__tvn_efaar_e0.2_c96,0.31298781728455705,0.00769077475026334,0.002407118802312107,370,64,1480,5561,7041
1003,subcell,MQ,std_ctrl__tvn_efaar_e0.2_c96,0.2873650012310901,-0.04864040065863037,-0.013977548795148034,370,107,1480,5753,7233
1004,subcell,MQ,std_ctrl__tvn_efaar_e0.2_c96,0.2979266566870433,0.018177488600206286,0.005415558405626302,370,68,1480,5721,7201
1005,subcell,MQ,std_ctrl__tvn_efaar_e0.2_c96,0.2944617449841504,-0.0030718083008657647,-0.0009045300325297311,370,71,1480,5657,7137
1006,subcell,MQ,std_ctrl__tvn_efaar_e0.2_c96,0.25262731602910454,-0.021468223614735008,-0.0054234597117031455,370,65,1480,5625,7105
1007,subcell,MQ,std_ctrl__tvn_efaar_e0.2_c96,0.27591632918917836,0.002307901919792602,0.0006367878258378324,370,59,1480,5625,7105
1008,subcell,MQ,std_ctrl__tvn_efaar_e0.2_c96,0.2888651572625673,0.020311914764803197,0.0058674044528387375,370,71,1480,5945,7425
1009,subcell,MQ,std_ctrl__tvn_efaar_e0.2_c96,0.3145570588669767,0.00975260347754621,0.003067750266192785,370,65,1480,5849,7329
1010,subcell,MQ,std_ctrl__tvn_efaar_e0.2_c96,0.28321894135078934,0.040108017861078676,0.011359350358293253,370,102,1480,5753,7233
1011,subcell,MQ,std_ctrl__tvn_efaar_e0.2_c96,0.27839197311683517,0.03493164594413686,0.009724689838606955,370,70,1480,5881,7361
1012,subcell,MQ,std_ctrl__tvn_efaar_e0.2_c96,0.29475061321421153,-0.009155652986941872,-0.0026986343322776443,370,56,1480,5849,7329
1013,subcell,MQ,std_ctrl__tvn_efaar_e0.2_c96,0.2765847136517451,0.03869971420694186,0.010703749372331386,370,91,1480,5791,7271
1014,subcell,MQ,std_ctrl__tvn_efaar_e0.2_c96,0.24762680577689472,-0.04818676262820052,-0.01193233411035074,370,83,1480,5881,7361
1015,subcell,MQ,std_ctrl__tvn_efaar_e0.2_c96,0.3082736152199763,0.11040264543614746,0.03403422263845039,370,56,1480,5945,7425
1016,subcell,MQ,std_ctrl__tvn_efaar_e0.2_c96,0.2984563031043134,-0.002652921620941359,-0.0007917811794116607,370,77,1480,5625,7105
1017,subcell,MQ,std_ctrl__tvn_efaar_e0.2_c96,0.313374718138374,0.021700199169103734,0.00680029379816446,370,68,1480,5817,7297
1018,subcell,MQ,std_ctrl__tvn_efaar_e0.2_c96,0.2935017960144412,0.0043614478413535225,0.0012800927746605664,370,77,1480,5657,7137
1019,subcell,MQ,std_ctrl__tvn_efaar_e0.2_c96,0.3003104002623871,0.02523085291595496,0.00757708753815185,370,64,1480,5561,7041
1020,subcell,MQ,std_ctrl__tvn_efaar_e0.2_c96,0.2729687927181727,0.02011749749609014,0.005491449004018587,370,71,1480,5753,7233
1021,subcell,MQ,std_ctrl__tvn_efaar_e0.2_c96,0.3070681438846285,-0.005097989858082527,-0.0015654302832640622,370,70,1480,5529,7009
1022,subcell,MQ,std_ctrl__tvn_efaar_e0.2_c96,0.2947562372074177,0.06075516013597689,0.017907962392614656,370,53,1480,5561,7041
1023,subcell,MQ,std_ctrl__tvn_efaar_e0.2_c96,0.32440281838085655,0.019690909282779438,0.00638778646781542,370,80,1480,5593,7073
1024,subcell,MQ,std_ctrl__tvn_efaar_e0.2_c96,0.26694404660824733,0.00506522872790049,0.0013521326536221016,370,85,1480,5529,7009
1025,subcell,MQ,std_ctrl__tvn_efaar_e0.2_c96,0.3032727586112657,0.016204319635031435,0.004914328717134681,370,80,1480,5593,7073
1026,subcell,MQ,std_ctrl__tvn_efaar_e0.2_c96,0.28836840709688055,0.04458096493668686,0.012855741845634275,370,62,1480,5529,7009
1027,subcell,MQ,std_ctrl__tvn_efaar_e0.2_c96,0.28284759477940674,0.02331929138736221,0.006595805480875536,370,98,1480,5561,7041
1028,subcell,MQ,std_ctrl__tvn_efaar_e0.2_c96,0.29724574921636193,0.018502886274944372,0.00549990429346098,370,83,1480,5817,7297
1029,subcell,MQ,std_ctrl__tvn_efaar_e0.2_c96,0.293227706965542,0.03598310196805917,0.010551242479601272,370,63,1480,5849,7329
1030,subcell,MQ,std_ctrl__tvn_efaar_e0.2_c96,0.258329158241466,-0.011332746554556123,-0.0029275788780023576,370,51,1480,5593,7073
1031,subcell,MQ,std_ctrl__tvn_efaar_e0.2_c96,0.28933705450095515,0.010008292112177242,0.002895769760322506,370,58,1480,5625,7105
1032,subcell,MQ,std_ctrl__tvn_efaar_e0.2_c96,0.2866486627842611,0.045828567855727344,0.013136697693162015,370,85,1480,5465,6945
1033,subcell,MQ,std_ctrl__tvn_efaar_e0.2_c96,0.292734281398462,0.08266587549544419,0.024199135659333584,370,71,1480,5401,6881
1034,subcell,MQ,std_ctrl__tvn_efaar_e0.2_c96,0.2796734720019065,0.09462286858098598,0.026463506186824463,370,80,1480,5593,7073
1035,subcell,MQ,std_ctrl__tvn_efaar_e0.2_c96,0.3138940265671465,0.051224060424480335,0.016078926583758948,370,96,1480,5753,7233
1036,subcell,MQ,std_ctrl__tvn_efaar_e0.2_c96,0.30969212763188975,0.013152258697388144,0.004073150979159161,370,65,1480,5465,6945
1037,subcell,MQ,std_ctrl__tvn_efaar_e0.2_c96,0.2640661212679013,0.013032873689293642,0.003441540404106255,370,42,1480,5753,7233
1038,subcell,MQ,std_ctrl__tvn_efaar_e0.2_c96,0.29139560919217655,0.06853839689521243,0.01997178791633561,370,91,1480,5625,7105
1039,subcell,MQ,std_ctrl__tvn_efaar_e0.2_c96,0.2819196881120241,0.02473532656250671,0.006973375549850957,370,61,1480,5753,7233
1040,subcell,MQ,std_ctrl__tvn_efaar_e0.2_c96,0.28956053223366063,-0.010835103736983953,-0.003137418404887999,370,59,1480,5625,7105
1041,subcell,MQ,std_ctrl__tvn_efaar_e0.2_c96,0.2562537829781572,-0.009145225753786323,-0.0023434986955970147,370,71,1480,5753,7233
1042,subcell,MQ,std_ctrl__tvn_efaar_e0.2_c96,0.2721255151428459,0.02392263047747198,0.006509958142254008,370,84,1480,5561,7041
1043,subcell,MQ,std_ctrl__tvn_efaar_e0.2_c96,0.3001842602927309,0.06853144139779817,0.02057206004279268,370,63,1480,5657,7137
1044,subcell,MQ,std_ctrl__tvn_efaar_e0.2_c96,0.31443822912723357,0.06496464893217858,0.02042736916610666,370,93,1480,5753,7233
1045,subcell,MQ,std_ctrl__tvn_efaar_e0.2_c96,0.29183515458631126,0.07360276839809275,0.021479875293437863,370,81,1480,5305,6785
1046,subcell,MQ,std_ctrl__tvn_efaar_e0.2_c96,0.2982882235121102,0.04816984368764028,0.014368497100442256,370,81,1480,5497,6977
1047,subcell,MQ,std_ctrl__tvn_efaar_e0.2_c96,0.26442066986029883,0.04215233711869998,0.011145949217103787,370,68,1480,5657,7137
1048,subcell,MQ,std_ctrl__tvn_efaar_e0.2_c96,0.34779239487500196,-0.006635246652581731,-0.0023076883238877404,370,65,1480,5849,7329
1049,subcell,MQ,std_ctrl__tvn_efaar_e0.2_c96,0.28795166250790316,-0.04968819448804881,-0.014307798209849685,370,60,1480,5593,7073
1050,subcell,MQ,std_ctrl__tvn_efaar_e0.2_c96,0.3274804866161586,0.006236513708726438,0.0020423365441220778,370,52,1480,5817,7297
1051,subcell,MQ,std_ctrl__tvn_efaar_e0.2_c96,0.2875097776942345,0.05658742530058076,0.016269438068459076,370,65,1480,5529,7009
1052,subcell,MQ,std_ctrl__tvn_efaar_e0.2_c96,0.27897847823965216,-0.032713486105883365,-0.009126358571733346,370,85,1480,5689,7169
1053,subcell,MQ,std_ctrl__tvn_efaar_e0.2_c96,0.2841412456077575,0.02409451090320876,0.006846244340347431,370,69,1480,5593,7073
1054,subcell,MQ,std_ctrl__tvn_efaar_e0.2_c96,0.29131882080007815,0.0389006628606788,0.011332495232914344,370,127,1480,5657,7137
1055,subcell,MQ,std_ctrl__tvn_efaar_e0.2_c96,0.3000105421833392,0.02232776867872133,0.006698565987047366,370,59,1480,5465,6945
1056,subcell,MQ,std_ctrl__tvn_efaar_e0.2_c96,0.2785241299132602,-0.01124368448080327,-0.0031316374370349578,370,66,1480,5689,7169
1057,subcell,MQ,std_ctrl__tvn_efaar_e0.2_c96,0.3005190223221184,0.0038198145182104797,0.0011479269244644471,370,53,1480,5753,7233
1058,subcell,MQ,std_ctrl__tvn_efaar_e0.2_c96,0.2623421962584903,0.04672765481961464,0.012258635591386334,370,72,1480,5753,7233
1059,subcell,MQ,std_ctrl__tvn_efaar_e0.2_c96,0.3068593161720855,0.022229176436250636,0.0068212298802965065,370,70,1480,5689,7169
1060,subcell,MQ,std_ctrl__tvn_efaar_e0.2_c96,0.2701273447997927,0.0013103504127572809,0.00035396147775543674,370,87,1480,5849,7329
1061,subcell,MQ,std_ctrl__tvn_efaar_e0.2_c96,0.28050160459028206,0.03432228673842215,0.009627456503335172,370,70,1480,5945,7425
1062,subcell,MQ,std_ctrl__tvn_efaar_e0.2_c96,0.2865398413559936,0.05730780962934759,0.01642097067965274,370,61,1480,5433,6913
1063,subcell,MQ,std_ctrl__tvn_efaar_e0.2_c96,0.27349755585849067,0.03869335966810807,0.010582539297181058,370,75,1480,5561,7041
1064,subcell,MQ,std_ctrl__tvn_efaar_e0.2_c96,0.3020925948670816,0.034623085576928135,0.010459377764239249,370,63,1480,5657,7137
1065,subcell,MQ,std_ctrl__tvn_efaar_e0.2_c96,0.3069467846307966,-0.01281033613939037,-0.0039320914880255665,370,87,1480,5657,7137
1066,subcell,MQ,std_ctrl__tvn_efaar_e0.2_c96,0.29767965507254124,0.12725530961360132,0.037881316671926284,370,48,1480,5785,7265
1067,subcell,MQ,std_ctrl__tvn_efaar_e0.2_c96,0.2942142478745662,0.014688540162211904,0.0043215777962005335,370,75,1480,5535,7015
1068,subcell,MQ,std_ctrl__tvn_efaar_e0.2_c96,0.2980084545926367,-0.0032366031545274006,-0.0009645351042103635,370,53,1480,5401,6881
1069,subcell,MQ,std_ctrl__tvn_efaar_e0.2_c96,0.295281275605036,0.008920584885930552,0.002634081684260578,370,57,1480,5689,7169
1070,subcell,MQ,std_ctrl__tvn_efaar_e0.2_c96,0.330380965083302,0.03907900443705533,0.01291095920040898,370,102,1480,5689,7169
1071,subcell,MQ,std_ctrl__tvn_efaar_e0.2_c96,0.2838792307131417,-0.007732804690525825,-0.002195182646801445,370,94,1480,5593,7073
1072,subcell,MQ,std_ctrl__tvn_efaar_e0.2_c96,0.25901988890341815,-0.016672686780450464,-0.004318557477593767,370,67,1480,5561,7041
1073,subcell,MQ,std_ctrl__tvn_efaar_e0.2_c96,0.29321077474751517,0.04879492663683199,0.014307198242933673,370,84,1480,5849,7329
1074,subcell,MQ,std_ctrl__tvn_efaar_e0.2_c96,0.27732810201167724,0.07265242553743016,0.020148559280840216,370,74,1480,5785,7265
1075,subcell,MQ,std_ctrl__tvn_efaar_e0.2_c96,0.3227553301695977,0.06203232367240462,0.020021263108074304,370,64,1480,5561,7041
1076,subcell,MQ,std_ctrl__tvn_efaar_e0.2_c96,0.28767251775319336,-0.0033165016732516,-0.0009540663864769665,370,74,1480,5913,7393
1077,subcell,MQ,std_ctrl__tvn_efaar_e0.2_c96,0.2994832111865735,-0.03245751444007114,-0.009720480651647084,370,60,1480,5689,7169
1078,subcell,MQ,std_ctrl__tvn_efaar_e0.2_c96,0.29324559302968267,0.05160510331689885,0.015132969125522047,370,55,1480,5689,7169
1079,subcell,MQ,std_ctrl__tvn_efaar_e0.2_c96,0.28057618876672313,-0.007231252932469593,-0.002028917387800509,370,91,1480,5657,7137
1080,subcell,MQ,std_ctrl__tvn_efaar_e0.2_c96,0.2656929347927656,-0.007655665198809184,-0.0020340561544624535,370,88,1480,5785,7265
1081,subcell,MQ,std_ctrl__tvn_efaar_e0.2_c96,0.3060824448019157,0.008139740705461886,0.002491431735181444,370,92,1480,5657,7137
1082,subcell,MQ,std_ctrl__tvn_efaar_e0.2_c96,0.2815170979794622,0.00037606546202117286,0.00010586885751850625,370,54,1480,5721,7201
1083,subcell,MQ,std_ctrl__tvn_efaar_e0.2_c96,0.2694903753112336,0.005766040393702428,0.0015538923897586005,370,70,1480,5817,7297
1084,subcell,MQ,std_ctrl__tvn_efaar_e0.2_c96,0.2790142499973035,-0.020479983205220247,-0.0057142071539618994,370,59,1480,5721,7201
1085,subcell,MQ,std_ctrl__tvn_efaar_e0.2_c96,0.33667251096246575,0.005758652136156553,0.0019387798744391939,370,80,1480,5817,7297
1086,subcell,MQ,std_ctrl__tvn_efaar_e0.2_c96,0.30417702797523877,0.050269930674268895,0.015290958109020402,370,81,1480,5561,7041
1087,subcell,MQ,std_ctrl__tvn_efaar_e0.2_c96,0.27294415878605555,0.0028638995866743593,0.0007816846635325652,370,96,1480,5849,7329
1088,subcell,MQ,std_ctrl__tvn_efaar_e0.2_c96,0.28898306806094104,0.10437331256086722,0.030162120087522965,370,86,1480,5497,6977
1089,subcell,MQ,std_ctrl__tvn_efaar_e0.2_c96,0.2981484868509573,0.07281567114201473,0.02170988217002861,370,44,1480,5753,7233
1090,subcell,MQ,std_ctrl__tvn_efaar_e0.2_c96,0.2690538889696883,0.005732853150823907,0.0015424464351213032,370,73,1480,5785,7265
1091,subcell,MQ,std_ctrl__tvn_efaar_e0.2_c96,0.31258386840463237,0.08143609064778115,0.025455608242433737,370,73,1480,5753,7233
1092,subcell,MQ,std_ctrl__tvn_efaar_e0.2_c96,0.3227053332038357,0.0613756070702113,0.019806235730180234,370,57,1480,5657,7137
1093,subcell,MQ,std_ctrl__tvn_efaar_e0.2_c96,0.2934744124550213,0.02081515317299459,0.00610871484760586,370,80,1480,5689,7169
1094,subcell,MQ,std_ctrl__tvn_efaar_e0.2_c96,0.29438625732349477,0.049690804582915825,0.01462828998455775,370,79,1480,5625,7105
1095,subcell,MQ,std_ctrl__tvn_efaar_e0.2_c96,0.25264514654222997,0.0008564564545666579,0.000216379566471032,370,49,1480,5753,7233
1096,subcell,MQ,std_ctrl__tvn_efaar_e0.2_c96,0.2835396988052815,0.023747908887180622,0.006733474933126462,370,84,1480,5593,7073
1097,subcell,MQ,std_ctrl__tvn_efaar_e0.2_c96,0.28921751953681746,0.03956954912955057,0.011444206848438849,370,87,1480,5657,7137
1098,subcell,MQ,std_ctrl__tvn_efaar_e0.2_c96,0.26494640136797654,0.04154916380695803,0.011008301430502106,370,86,1480,5753,7233
1099,subcell,MQ,std_ctrl__tvn_efaar_e0.2_c96,0.27941433343573524,0.03157320539758532,0.00882200614059586,370,82,1480,5721,7201
1100,subcell,MQ,std_ctrl__tvn_efaar_e0.2_c96,0.27564191264381765,-0.0327437824991655,-0.009025558835263141,370,76,1480,5817,7297
1101,subcell,MQ,std_ctrl__tvn_efaar_e0.2_c96,0.3059596230624331,0.03631929867728047,0.011112238933192657,370,77,1480,5593,7073
1102,subcell,MQ,std_ctrl__tvn_efaar_e0.2_c96,0.29042127226321907,0.03759961626797451,0.010919728393153987,370,56,1480,5753,7233
1103,subcell,MQ,std_ctrl__tvn_efaar_e0.2_c96,0.30004144497803664,0.03639315801595561,0.010919455718421338,370,57,1480,5977,7457
1104,subcell,MQ,std_ctrl__tvn_efaar_e0.2_c96,0.29940066253339637,-0.03275390132998673,-0.009806539758751518,370,89,1480,5689,7169
1105,subcell,MQ,std_ctrl__tvn_efaar_e0.2_c96,0.2617040413892676,0.036379480610829594,0.009520657099496607,370,65,1480,5721,7201
1106,subcell,MQ,std_ctrl__tvn_efaar_e0.2_c96,0.3191822574943443,0.023395063661466323,0.0074672892336907215,370,79,1480,5593,7073
1107,subcell,MQ,std_ctrl__tvn_efaar_e0.2_c96,0.31423996704271817,-0.0014069882434274946,-0.00044213193924414786,370,77,1480,5497,6977
1108,subcell,MQ,std_ctrl__tvn_efaar_e0.2_c96,0.3066360899677722,0.010310512442506437,0.0031615752209342386,370,77,1480,5753,7233
1109,subcell,MQ,std_ctrl__tvn_efaar_e0.2_c96,0.27266574344504224,0.052255088200064345,0.014248172472856799,370,67,1480,5689,7169
1110,subcell,MQ,std_ctrl__tvn_efaar_e0.2_c96,0.276824000753436,0.012961567869727195,0.003588073073735073,370,74,1480,5817,7297
1111,subcell,MQ,std_ctrl__tvn_efaar_e0.2_c96,0.2833010618082146,0.029525442892170045,0.008364589321709578,370,76,1480,5785,7265
1112,subcell,MQ,std_ctrl__tvn_efaar_e0.2_c96,0.3103728216068908,-0.009054102492847552,-0.0028101473378230784,370,90,1480,5817,7297
1113,subcell,MQ,std_ctrl__tvn_efaar_e0.2_c96,0.26051071350730826,0.037448036656832245,0.009755614748919202,370,64,1480,5689,7169
1114,subcell,MQ,std_ctrl__tvn_efaar_e0.2_c96,0.2853582836821699,0.037001945007541205,0.010558811520253994,370,70,1480,5657,7137
1115,subcell,MQ,std_ctrl__tvn_efaar_e0.2_c96,0.30728082979714616,0.06525983208486609,0.020053095355460075,370,86,1480,5529,7009
1116,subcell,MQ,std_ctrl__tvn_efaar_e0.2_c96,0.2760914038190526,0.024633144690135444,0.006800999497977337,370,89,1480,5657,7137
1117,subcell,MQ,std_ctrl__tvn_efaar_e0.2_c96,0.2884121278698641,-0.03749848858919111,-0.010815018885912426,370,75,1480,5753,7233
1118,subcell,MQ,std_ctrl__tvn_efaar_e0.2_c96,0.29506786966826937,0.05165993742997334,0.015243187684658323,370,82,1480,5657,7137
1119,subcell,MQ,std_ctrl__tvn_efaar_e0.2_c96,0.29238963964404274,0.00930077633709847,0.002719450641614062,370,60,1480,5785,7265
1120,subcell,MQ,std_ctrl__tvn_efaar_e0.2_c96,0.3115959200377375,-0.002315101215970098,-0.0007213760933706875,370,65,1480,5657,7137
1121,subcell,MQ,std_ctrl__tvn_efaar_e0.2_c96,0.29950759999493803,0.03954925832284688,0.011845303441855696,370,83,1480,5753,7233
1122,subcell,MQ,std_ctrl__tvn_efaar_e0.2_c96,0.2863159974084679,-0.0023014599105029673,-0.0006589447897712604,370,66,1480,5625,7105
1123,subcell,MQ,std_ctrl__tvn_efaar_e0.2_c96,0.3080900302144707,-0.019269037289051757,-0.005936598280587718,370,102,1480,5273,6753
1124,subcell,MQ,std_ctrl__tvn_efaar_e0.2_c96,0.2978832171508827,0.03551802792048659,0.01058022442380942,370,81,1480,5913,7393
1125,subcell,MQ,std_ctrl__tvn_efaar_e0.2_c96,0.30933496923285253,0.047706967929892756,0.014757433456786057,370,64,1480,5657,7137
1126,subcell,MQ,std_ctrl__tvn_efaar_e0.2_c96,0.27170964090434135,0.01649381058072545,0.004481527350033139,370,104,1480,5817,7297
1127,subcell,MQ,std_ctrl__tvn_efaar_e0.2_c96,0.28068534787165,-0.01312275477541363,-0.003683364989171331,370,93,1480,5593,7073
1128,subcell,MQ,std_ctrl__tvn_efaar_e0.2_c96,0.2803586056310614,0.013922939703485005,0.0039034159615543994,370,81,1480,5593,7073
1129,subcell,MQ,std_ctrl__tvn_efaar_e0.2_c96,0.29329357767897024,0.040984247353275466,0.012020416534722028,370,64,1480,5721,7201
1130,subcell,MQ,std_ctrl__tvn_efaar_e0.2_c96,0.28808399878377633,0.013969705536821165,0.004024448632879302,370,85,1480,5625,7105
1131,subcell,MQ,std_ctrl__tvn_efaar_e0.2_c96,0.29496838618755805,0.05201281626515293,0.015342136474802131,370,57,1480,5689,7169
1132,subcell,MQ,std_ctrl__tvn_efaar_e0.2_c96,0.29659776862260817,0.03797584382750726,0.0112635505407993,370,84,1480,5817,7297
1133,subcell,MQ,std_ctrl__tvn_efaar_e0.2_c96,0.29952563944438076,-0.010640945291257146,-0.003187235942656469,370,54,1480,5881,7361
1134,subcell,MQ,std_ctrl__tvn_efaar_e0.2_c96,0.28176663637008564,0.015806439294075318,0.0044537272328795535,370,54,1480,5721,7201
1135,subcell,MQ,std_ctrl__tvn_efaar_e0.2_c96,0.27206452597081027,0.08619263185516568,0.02344995752785221,370,59,1480,5657,7137
1136,subcell,MQ,std_ctrl__tvn_efaar_e0.2_c96,0.2777294738813247,-0.008193595082067228,-0.0022756028513391405,370,71,1480,5593,7073
1137,subcell,MQ,std_ctrl__tvn_efaar_e0.2_c96,0.2576677998980527,0.05297855891901236,0.013650868718431273,370,91,1480,5689,7169
1138,subcell,MQ,std_ctrl__tvn_efaar_e0.2_c96,0.2796167651881983,6.679445596515074e-05,1.8676849709481005e-05,370,70,1480,5593,7073
1139,subcell,MQ,std_ctrl__tvn_efaar_e0.2_c96,0.2803382030232517,-0.001838495735304254,-0.0005154005907011064,370,74,1480,5785,7265
1140,subcell,MQ,std_ctrl__tvn_efaar_e0.2_c96,0.27711362606431655,0.04307138961225559,0.011935668955081084,370,54,1480,5785,7265
1141,subcell,MQ,std_ctrl__tvn_efaar_e0.2_c96,0.2327831797337536,-0.029480770741188742,-0.006862627554135723,370,85,1480,5817,7297
1142,subcell,MQ,std_ctrl__tvn_efaar_e0.2_c96,0.33909338437748937,0.026894963314121407,0.009119904132893845,370,69,1480,5561,7041
1143,subcell,MQ,std_ctrl__tvn_efaar_e0.2_c96,0.28273059505847137,0.018364996577940558,0.005192346410727924,370,60,1480,5689,7169
1144,subcell,MQ,std_ctrl__tvn_efaar_e0.2_c96,0.3015972058417901,0.0436477789698528,0.013164048178507652,370,61,1480,5631,7111
1145,subcell,MQ,std_ctrl__tvn_efaar_e0.2_c96,0.2959822993561887,0.009095014969514863,0.0026919634433559656,370,91,1480,5785,7265
1146,subcell,MQ,std_ctrl__tvn_efaar_e0.2_c96,0.2956974776739208,0.05475970172782526,0.01619230567909417,370,77,1480,5625,7105
1147,subcell,MQ,std_ctrl__tvn_efaar_e0.2_c96,0.2651677765555338,0.011852951300518002,0.0031430207419793814,370,46,1480,5849,7329
1148,subcell,MQ,std_ctrl__tvn_efaar_e0.2_c96,0.27080708049796787,0.007338740295892715,0.001987382834063499,370,75,1480,5529,7009
1149,subcell,MQ,std_ctrl__tvn_efaar_e0.2_c96,0.30911008851974725,0.0046199289001339645,0.0014280666312753484,370,69,1480,5625,7105
1150,subcell,MQ,std_ctrl__tvn_efaar_e0.2_c96,0.31755670949526593,0.0626973292465013,0.019909957569660255,370,53,1480,5785,7265
1151,subcell,MQ,std_ctrl__tvn_efaar_e0.2_c96,0.30824843670166024,0.005932310835407887,0.0018286255410428012,370,87,1480,5657,7137
1152,subcell,MQ,std_ctrl__tvn_efaar_e0.2_c96,0.31324726034527295,0.01296572853685098,0.004061478942549094,370,80,1480,5849,7329
1153,subcell,MQ,std_ctrl__tvn_efaar_e0.2_c96,0.30484380555183965,0.07351021896445921,0.02240913489607476,370,75,1480,5497,6977
1154,subcell,MQ,std_ctrl__tvn_efaar_e0.2_c96,0.28388220416536175,-0.007399133942213369,-0.0021004824524302737,370,71,1480,5401,6881
1155,subcell,MQ,std_ctrl__tvn_efaar_e0.2_c96,0.28935977029738175,-0.011220375903362717,-0.0032467253940473132,370,70,1480,5881,7361
1156,subcell,MQ,std_ctrl__tvn_efaar_e0.2_c96,0.27149416262556086,0.057092720923648047,0.015500340459180664,370,93,1480,5753,7233
1157,subcell,MQ,std_ctrl__tvn_efaar_e0.2_c96,0.33112627991722227,-0.016898673489521038,-0.0055955948881208865,370,55,1480,5785,7265
1158,subcell,MQ,std_ctrl__tvn_efaar_e0.2_c96,0.30129146851285815,-0.016252065423553494,-0.004896608657829479,370,67,1480,5657,7137
1159,subcell,MQ,std_ctrl__tvn_efaar_e0.2_c96,0.2763453418261408,0.025433263856647625,0.00702836399421972,370,78,1480,5791,7271
1160,subcell,MQ,std_ctrl__tvn_efaar_e0.2_c96,0.29237333450364217,0.07043271083911036,0.020592646526161516,370,34,1480,5689,7169
1161,subcell,MQ,std_ctrl__tvn_efaar_e0.2_c96,0.2832065778885709,0.054734663574061454,0.01550121676269216,370,65,1480,5817,7297
1162,subcell,MQ,std_ctrl__tvn_efaar_e0.2_c96,0.2994333544630855,0.013081314143046837,0.003916981774637917,370,71,1480,5753,7233
1163,subcell,MQ,std_ctrl__tvn_efaar_e0.2_c96,0.32339079448577573,0.0019292796384659788,0.0006239112750687431,370,68,1480,5593,7073
1164,subcell,MQ,std_ctrl__tvn_efaar_e0.2_c96,0.29476780509527156,0.00841452446512171,0.0024803309075043904,370,83,1480,5753,7233
1165,subcell,MQ,std_ctrl__tvn_efaar_e0.2_c96,0.27846803234756096,0.02573851060055351,0.007167352402492975,370,81,1480,5721,7201
1166,subcell,MQ,std_ctrl__tvn_efaar_e0.2_c96,0.290559223259772,0.035300790684906026,0.01025697032186209,370,87,1480,5625,7105
1167,subcell,MQ,std_ctrl__tvn_efaar_e0.2_c96,0.2926958884086671,-0.010317960699479326,-0.0030200246734998137,370,64,1480,5721,7201
1168,subcell,MQ,std_ctrl__tvn_efaar_e0.2_c96,0.30310089121920253,0.0902425464160692,0.027352596244600826,370,63,1480,5913,7393
1169,subcell,MQ,std_ctrl__tvn_efaar_e0.2_c96,0.2944286820662165,-0.0027168688607309903,-0.0007999241180117685,370,62,1480,5529,7009
1170,subcell,MQ,std_ctrl__tvn_efaar_e0.2_c96,0.3309235550762176,0.04072831604475916,0.013477959137799457,370,97,1480,5468,6948
1171,subcell,MQ,std_ctrl__tvn_efaar_e0.2_c96,0.28381885813314894,0.036530291502234316,0.010367985621435217,370,102,1480,5817,7297
1172,subcell,MQ,std_ctrl__tvn_efaar_e0.2_c96,0.27946183518276296,0.05113724593328152,0.014290908594707136,370,81,1480,5881,7361
1173,subcell,MQ,std_ctrl__tvn_efaar_e0.2_c96,0.29413293908156607,0.04646036924811172,0.01366552495776191,370,89,1480,5657,7137
1174,subcell,MQ,std_ctrl__tvn_efaar_e0.2_c96,0.30311571910894036,0.011081635654419485,0.003359017960292635,370,87,1480,5913,7393
1175,subcell,MQ,std_ctrl__tvn_efaar_e0.2_c96,0.3001378925350075,0.019964435221094118,0.005992083512910865,370,77,1480,5785,7265
1176,subcell,MQ,std_ctrl__tvn_efaar_e0.2_c96,0.2505716581635183,0.008363254258169231,0.002095594487112569,370,78,1480,5497,6977
1177,subcell,MQ,std_ctrl__tvn_efaar_e0.2_c96,0.3152958035021163,0.03605737870249513,0.011368740190183298,370,62,1480,5753,7233
1178,subcell,MQ,std_ctrl__tvn_efaar_e0.2_c96,0.2893107889174563,0.010591417377707125,0.0030642113172985046,370,63,1480,5593,7073
1179,subcell,MQ,std_ctrl__tvn_efaar_e0.2_c96,0.31191782022637526,0.08622890506790411,0.026896332109287692,370,85,1480,5721,7201
1180,subcell,MQ,std_ctrl__tvn_efaar_e0.2_c96,0.3092597459757023,0.011377499963260106,0.003518602748476383,370,87,1480,5721,7201
1181,subcell,MQ,std_ctrl__tvn_efaar_e0.2_c96,0.2843217051215075,0.03313630905049775,0.00942137189067076,370,70,1480,5401,6881
1182,subcell,MQ,std_ctrl__tvn_efaar_e0.2_c96,0.3420886020135536,0.07577017050228992,0.025920111701456954,370,76,1480,5753,7233
1183,subcell,MQ,std_ctrl__tvn_efaar_e0.2_c96,0.26159226574655225,0.003087180598351898,0.0008075825674916699,370,74,1480,5849,7329
1184,subcell,MQ,std_ctrl__tvn_efaar_e0.2_c96,0.310734525928995,0.020659094922225403,0.006419494066779818,370,79,1480,5753,7233
1185,subcell,MQ,std_ctrl__tvn_efaar_e0.2_c96,0.28817816145455705,-0.017558195655002797,-0.005059888542318098,370,59,1480,5881,7361
1186,subcell,MQ,std_ctrl__tvn_efaar_e0.2_c96,0.27268022357776506,-0.007383866049836444,-0.0020134342453376705,370,65,1480,5561,7041
1187,subcell,MQ,std_ctrl__tvn_efaar_e0.2_c96,0.24674909256156957,-0.009508151709942646,-0.002346127806366084,370,75,1480,5785,7265
1188,subcell,MQ,std_ctrl__tvn_efaar_e0.2_c96,0.32501864045633166,-0.0019013014057257084,-0.000617958397986682,370,62,1480,5849,7329
1189,subcell,MQ,std_ctrl__tvn_efaar_e0.2_c96,0.30441071383051055,-0.015355507588138988,-0.00467438102613521,370,67,1480,5625,7105
1190,subcell,MQ,std_ctrl__tvn_efaar_e0.2_c96,0.3059566859682059,0.003562492177685589,0.0010899683004723397,370,63,1480,5657,7137
1191,subcell,MQ,std_ctrl__tvn_efaar_e0.2_c96,0.28959925778316126,0.022403150019454,0.006487935617638693,370,52,1480,5721,7201
1192,subcell,MQ,std_ctrl__tvn_efaar_e0.2_c96,0.29438982292897814,0.007071879529685957,0.002081889362519314,370,72,1480,5401,6881
1193,subcell,MQ,std_ctrl__tvn_efaar_e0.2_c96,0.3213476486618897,-0.02415501879186209,-0.007762158492148642,370,67,1480,5689,7169
1194,subcell,MQ,std_ctrl__tvn_efaar_e0.2_c96,0.29020119626514534,0.08556150147977,0.024830050083671257,370,70,1480,5721,7201
1195,subcell,MQ,std_ctrl__tvn_efaar_e0.2_c96,0.3188292346523401,-0.01703632174865762,-0.005431677424415525,370,43,1480,5593,7073
1196,subcell,MQ,std_ctrl__tvn_efaar_e0.2_c96,0.2798404177723865,-0.0033108027869969796,-0.0009264964350752163,370,75,1480,5721,7201
1197,subcell,MQ,std_ctrl__tvn_efaar_e0.2_c96,0.3054101203123795,-0.0003290862112950819,-0.0001005062593847761,370,51,1480,5657,7137
1198,subcell,MQ,std_ctrl__tvn_efaar_e0.2_c96,0.27001702119129795,-0.015111849614983942,-0.004080456617728827,370,72,1480,5593,7073
1199,subcell,MQ,std_ctrl__tvn_efaar_e0.2_c96,0.32156564757093975,0.05495722739973817,0.017672356417500198,370,89,1480,5689,7169
1200,subcell,MQ,std_ctrl__tvn_efaar_e0.2_c96,0.29923268123745206,0.031459219000648006,0.0094136264512001,370,61,1480,5689,7169
1201,subcell,MQ,std_ctrl__tvn_efaar_e0.2_c96,0.3048222050927539,0.15863028655227215,0.04835403374135902,370,61,1480,5625,7105
1202,subcell,MQ,std_ctrl__tvn_efaar_e0.2_c96,0.31070306327521174,0.09391959501367046,0.029181105872314716,370,96,1480,5817,7297
1203,subcell,MQ,std_ctrl__tvn_efaar_e0.2_c96,0.2845435519124234,-0.017479499178926168,-0.004973678782021941,370,41,1480,5625,7105
1204,subcell,MQ,std_ctrl__tvn_efaar_e0.2_c96,0.3041057701977294,0.03297206519512343,0.010026995281172757,370,73,1480,5657,7137
1205,subcell,MQ,std_ctrl__tvn_efaar_e0.2_c96,0.32349253627637625,0.07048967573592801,0.02280288398511469,370,84,1480,5849,7329
1206,subcell,MQ,std_ctrl__tvn_efaar_e0.2_c96,0.3289651010032536,0.013274598181064598,0.004366879531411522,370,46,1480,5625,7105
1207,subcell,MQ,std_ctrl__tvn_efaar_e0.2_c96,0.30000387239121057,0.05203957144137348,0.015612072949991096,370,67,1480,5465,6945
1208,subcell,MQ,std_ctrl__tvn_efaar_e0.2_c96,0.28995361176988305,0.042383829686566094,0.01228934449825943,370,86,1480,5625,7105
1209,subcell,MQ,std_ctrl__tvn_efaar_e0.2_c96,0.3105640454563505,-0.0015855935957275755,-0.000492428361538837,370,60,1480,5753,7233
1210,subcell,MQ,std_ctrl__tvn_efaar_e0.2_c96,0.2998828035622156,0.0385760250241603,0.011568286534531376,370,67,1480,5753,7233
1211,subcell,MQ,std_ctrl__tvn_efaar_e0.2_c96,0.29286003008582706,0.02656455491698528,0.0077796963522049145,370,61,1480,5625,7105
1212,subcell,MQ,std_ctrl__tvn_efaar_e0.2_c96,0.30440910757104234,0.05126235186043806,0.01560472678182871,370,63,1480,5791,7271
1213,subcell,MQ,std_ctrl__tvn_efaar_e0.2_c96,0.30454680616582896,0.006462526365898133,0.0019681417644967377,370,63,1480,5721,7201
1214,subcell,MQ,std_ctrl__tvn_efaar_e0.2_c96,0.26457214817701585,0.15741969921638937,0.041648867987059836,370,64,1480,5817,7297
1215,subcell,MQ,std_ctrl__tvn_efaar_e0.2_c96,0.29324987266822494,-0.0208959155088525,-0.0061277245622569825,370,88,1480,5616,7096
1216,subcell,MQ,std_ctrl__tvn_efaar_e0.2_c96,0.279549145462086,0.0164225846839859,0.004590919514686999,370,98,1480,5657,7137
1217,subcell,MQ,std_ctrl__tvn_efaar_e0.2_c96,0.2822846975558413,0.015406609105634468,0.004349049991745096,370,88,1480,5721,7201
1218,subcell,MQ,std_ctrl__tvn_efaar_e0.2_c96,0.28553907807777107,0.04435957594124112,0.012666392418182862,370,61,1480,5753,7233
1219,subcell,MQ,std_ctrl__tvn_efaar_e0.2_c96,0.31260459248749134,0.03251835272103433,0.010165386400723442,370,68,1480,5849,7329
1220,subcell,MQ,std_ctrl__tvn_efaar_e0.2_c96,0.30702249715174246,0.07232173018071045,0.02220439819841626,370,62,1480,5817,7297
1221,subcell,MQ,std_ctrl__tvn_efaar_e0.2_c96,0.3149753925433098,0.0015952656531686023,0.00050246942531764,370,63,1480,5849,7329
1222,subcell,MQ,std_ctrl__tvn_efaar_e0.2_c96,0.2688624990558159,0.04627604664502905,0.012441893547406015,370,69,1480,5785,7265
1223,subcell,MQ,std_ctrl__tvn_efaar_e0.2_c96,0.30196607752288945,0.025253757721733976,0.00762577816194539,370,77,1480,5561,7041
1224,subcell,MQ,std_ctrl__tvn_efaar_e0.2_c96,0.3003301607488304,0.02197372032822612,0.0065993709584259925,370,70,1480,5305,6785
1225,subcell,MQ,std_ctrl__tvn_efaar_e0.2_c96,0.313140912729385,-0.059678308444154816,-0.018687719976348403,370,111,1480,5817,7297
1226,subcell,MQ,std_ctrl__tvn_efaar_e0.2_c96,0.2655321061840332,0.03938963031772584,0.010459211500076192,370,43,1480,5593,7073
1227,subcell,MQ,std_ctrl__tvn_efaar_e0.2_c96,0.25153530667458046,0.01483045033792354,0.0037303818738717333,370,65,1480,5661,7141
1228,subcell,MQ,std_ctrl__tvn_efaar_e0.2_c96,0.297572271485322,-0.02240941037402035,-0.006668419147643975,370,55,1480,5689,7169
1229,subcell,MQ,std_ctrl__tvn_efaar_e0.2_c96,0.3388772273627899,-0.025474540844934904,-0.008632741769871683,370,61,1480,5631,7111
1230,subcell,MQ,std_ctrl__tvn_efaar_e0.2_c96,0.30312671969719124,0.07115859827473126,0.021570072473269496,370,98,1480,5817,7297
1231,subcell,MQ,std_ctrl__tvn_efaar_e0.2_c96,0.258546366313077,-0.0036429117308963044,-0.0009418615908225212,370,61,1480,5561,7041
1232,subcell,MQ,std_ctrl__tvn_efaar_e0.2_c96,0.30582910665441493,0.08883705565831022,0.027168957369789554,370,59,1480,5689,7169
1233,subcell,MQ,std_ctrl__tvn_efaar_e0.2_c96,0.33783444127970286,0.00729795613668215,0.002465500933919793,370,40,1480,5593,7073
1234,subcell,MQ,std_ctrl__tvn_efaar_e0.2_c96,0.26097504176271474,0.04241845249718141,0.01107015741196165,370,71,1480,5433,6913
1235,subcell,MQ,std_ctrl__tvn_efaar_e0.2_c96,0.2806934993846311,0.05894195635131424,0.016544623988826578,370,73,1480,5753,7233
1236,subcell,MQ,std_ctrl__tvn_efaar_e0.2_c96,0.30448056242399146,-0.009050954440147066,-0.0027558396984099015,370,56,1480,5561,7041
1237,subcell,MQ,std_ctrl__tvn_efaar_e0.2_c96,0.27161629985142904,0.02524091240704451,0.006855843232875457,370,72,1480,5625,7105
1238,subcell,MQ,std_ctrl__tvn_efaar_e0.2_c96,0.274444709526762,-0.029863946802593622,-0.00819600220556048,370,75,1480,5721,7201
1239,subcell,MQ,std_ctrl__tvn_efaar_e0.2_c96,0.29273635634376044,0.023540763008733027,0.006891237188728486,370,93,1480,5753,7233
1240,subcell,MQ,std_ctrl__tvn_efaar_e0.2_c96,0.28966374275004964,-0.007937924894803645,-0.0022993290346976177,370,104,1480,5785,7265
1241,subcell,MQ,std_ctrl__tvn_efaar_e0.2_c96,0.2624254692819571,0.028225800374026333,0.007407168909012701,370,50,1480,5401,6881
1242,subcell,MQ,std_ctrl__tvn_efaar_e0.2_c96,0.29331049491525485,0.07578972238985154,0.022229920983657128,370,69,1480,5657,7137
1243,subcell,MQ,std_ctrl__tvn_efaar_e0.2_c96,0.3122557530274707,0.11168038473621879,0.03487284263420565,370,66,1480,5785,7265
1244,subcell,MQ,std_ctrl__tvn_efaar_e0.2_c96,0.2993512826426986,-0.0056270541321125815,-0.0016844658719477985,370,68,1480,5721,7201
1245,subcell,MQ,std_ctrl__tvn_efaar_e0.2_c96,0.3111791124589137,-0.024065258783052254,-0.007488605869204279,370,75,1480,5593,7073
1246,subcell,MQ,std_ctrl__tvn_efaar_e0.2_c96,0.31982906590526083,0.04401028730015494,0.014075769077430718,370,61,1480,5561,7041
1247,subcell,MQ,std_ctrl__tvn_efaar_e0.2_c96,0.27905905482450305,0.042689330789062695,0.011912844301086392,370,48,1480,5785,7265
1248,subcell,MQ,std_ctrl__tvn_efaar_e0.2_c96,0.3035516860208888,-0.016272714361556587,-0.004939609880586833,370,71,1480,5785,7265
1249,subcell,MQ,std_ctrl__tvn_efaar_e0.2_c96,0.2961496769276767,0.02437216682316715,0.007217809330708392,370,61,1480,5657,7137
1250,subcell,MQ,std_ctrl__tvn_efaar_e0.2_c96,0.323147603991346,0.09034744555288725,0.029195560557154103,370,67,1480,5561,7041
1251,subcell,MQ,std_ctrl__tvn_efaar_e0.2_c96,0.28947865088576163,0.013201287803030388,0.003821490983175897,370,56,1480,5561,7041
1252,subcell,MQ,std_ctrl__tvn_efaar_e0.2_c96,0.2790999739827589,0.00112794102475999,0.0003148083106645996,370,62,1480,5753,7233
1253,subcell,MQ,std_ctrl__tvn_efaar_e0.2_c96,0.2612506536734388,0.08255701745493527,0.021568074775431337,370,81,1480,5849,7329
1254,subcell,MQ,std_ctrl__tvn_efaar_e0.2_c96,0.30070992901087,0.011494426661616224,0.003456488225435266,370,77,1480,5689,7169
1255,subcell,MQ,std_ctrl__tvn_efaar_e0.2_c96,0.29408136694073994,-0.04065177112402478,-0.011954928420715308,370,101,1480,5657,7137
1256,subcell,MQ,std_ctrl__tvn_efaar_e0.2_c96,0.2576486394666499,0.024715664764247136,0.006367957400022093,370,100,1480,5625,7105
1257,subcell,MQ,std_ctrl__tvn_efaar_e0.2_c96,0.30473034668457105,0.08002619872531241,0.02438641128141283,370,78,1480,5625,7105
1258,subcell,MQ,std_ctrl__tvn_efaar_e0.2_c96,0.26996482971318786,0.09706941972203005,0.0262053293656158,370,70,1480,5849,7329
1259,subcell,MQ,std_ctrl__tvn_efaar_e0.2_c96,0.30299383124023804,0.01270851908981854,0.003850602888413822,370,66,1480,5657,7137
1260,subcell,MQ,std_ctrl__tvn_efaar_e0.2_c96,0.261118312936936,0.008958179023708896,0.0023391445936579154,370,63,1480,5785,7265
1261,subcell,MQ,std_ctrl__tvn_efaar_e0.2_c96,0.2730484711331052,0.032322082202792826,0.00882549512931113,370,64,1480,5369,6849
1262,subcell,MQ,std_ctrl__tvn_efaar_e0.2_c96,0.2942934072748063,0.009197075262212114,0.0027066386158792356,370,79,1480,5689,7169
1263,subcell,MQ,std_ctrl__tvn_efaar_e0.2_c96,0.2866611763921046,0.02711978748508843,0.007774190183979325,370,83,1480,5817,7297
1264,subcell,MQ,std_ctrl__tvn_efaar_e0.2_c96,0.30522784102402634,0.0606475237521231,0.01851131273831389,370,71,1480,5753,7233
1265,subcell,MQ,std_ctrl__tvn_efaar_e0.2_c96,0.2746929728019241,0.01135542436206732,0.003119255275443665,370,56,1480,5849,7329
1266,subcell,MQ,std_ctrl__tvn_efaar_e0.2_c96,0.26378997100005264,0.016820867106040267,0.004437176046098101,370,80,1480,5628,7108
1267,subcell,MQ,std_ctrl__tvn_efaar_e0.2_c96,0.3211450239621624,-0.011876981553119599,-0.003814233525474754,370,52,1480,5599,7079
1268,subcell,MQ,std_ctrl__tvn_efaar_e0.2_c96,0.2673901414876456,0.08442523994267159,0.02257447685339939,370,79,1480,5753,7233
1269,subcell,MQ,std_ctrl__tvn_efaar_e0.2_c96,0.28605580277748066,0.02650231960524898,0.007581142310144861,370,84,1480,5561,7041
1270,subcell,MQ,std_ctrl__tvn_efaar_e0.2_c96,0.30871012446481316,0.11812943686560666,0.03646775315773972,370,68,1480,5631,7111
1271,subcell,MQ,std_ctrl__tvn_efaar_e0.2_c96,0.31971719492640843,0.10113133855890714,0.03233342788320672,370,60,1480,5689,7169
1272,subcell,MQ,std_ctrl__tvn_efaar_e0.2_c96,0.30375766110706504,0.024341035265762406,0.007393775941252576,370,59,1480,5657,7137
1273,subcell,MQ,std_ctrl__tvn_efaar_e0.2_c96,0.29889437539165276,-0.009558486144353855,-0.002856977745806413,370,61,1480,5753,7233
1274,subcell,MQ,std_ctrl__tvn_efaar_e0.2_c96,0.28524568331263817,0.05499566360255117,0.015687275643541693,370,85,1480,5785,7265
1275,subcell,MQ,std_ctrl__tvn_efaar_e0.2_c96,0.3289129351483686,-0.01014368079834669,-0.0033363878245923568,370,57,1480,5785,7265
1276,subcell,MQ,std_ctrl__tvn_efaar_e0.2_c96,0.3203814451442626,0.05193697236717642,0.016639642263413613,370,72,1480,5689,7169
1277,subcell,MQ,std_ctrl__tvn_efaar_e0.2_c96,0.3021154954651735,0.11082798485552468,0.03348285155603359,370,62,1480,5721,7201
1278,subcell,MQ,std_ctrl__tvn_efaar_e0.2_c96,0.2556938227262756,0.04834521995553557,0.012361574100973514,370,70,1480,5465,6945
1279,subcell,MQ,std_ctrl__tvn_efaar_e0.2_c96,0.29334070029339043,0.005077088943556151,0.0014893168261545912,370,57,1480,5593,7073
1280,subcell,MQ,std_ctrl__tvn_efaar_e0.2_c96,0.28645694008055417,0.02998728224630895,0.008590065113609588,370,54,1480,5881,7361
1281,subcell,MQ,std_ctrl__tvn_efaar_e0.2_c96,0.290051876417118,0.062345316765267465,0.018083376113585434,370,88,1480,5881,7361
1282,subcell,MQ,std_ctrl__tvn_efaar_e0.2_c96,0.32599910489746564,0.0034205738654627506,0.0011151040183765208,370,59,1480,5593,7073
1283,subcell,MQ,std_ctrl__tvn_efaar_e0.2_c96,0.2848471057893162,0.014635841526061823,0.004168977099489799,370,78,1480,5657,7137
1284,subcell,MQ,std_ctrl__tvn_efaar_e0.2_c96,0.25685231508260975,0.08532558982573135,0.02191607528252827,370,75,1480,5669,7149
1285,subcell,MQ,std_ctrl__tvn_efaar_e0.2_c96,0.28429076534622766,0.09133068583570614,0.025964470575828773,370,75,1480,5657,7137
1286,subcell,MQ,std_ctrl__tvn_efaar_e0.2_c96,0.2854864610275327,0.05733128330919346,0.016367305178108495,370,83,1480,5625,7105
1287,subcell,MQ,std_ctrl__tvn_efaar_e0.2_c96,0.2871207825718887,-0.03863965681710932,-0.011094248503637643,370,94,1480,5502,6982
1288,subcell,MQ,std_ctrl__tvn_efaar_e0.2_c96,0.26342612048331754,0.025267097056011403,0.006656013353340538,370,56,1480,5561,7041
1289,subcell,MQ,std_ctrl__tvn_efaar_e0.2_c96,0.27962150309874745,0.06590209272298884,0.018427642224555167,370,57,1480,5913,7393
1290,subcell,MQ,std_ctrl__tvn_efaar_e0.2_c96,0.28355913717328757,0.06447106512409062,0.018281359599229968,370,49,1480,5433,6913
1291,subcell,MQ,std_ctrl__tvn_efaar_e0.2_c96,0.31867767003421765,-0.02979855497330163,-0.009496134069278312,370,62,1480,5561,7041
1292,subcell,MQ,std_ctrl__tvn_efaar_e0.2_c96,0.26835589984329705,-0.07560408718828507,-0.020288802849243327,370,94,1480,5593,7073
1293,subcell,MQ,std_ctrl__tvn_efaar_e0.2_c96,0.28257901699534915,0.011865237945371468,0.0033528672750189857,370,61,1480,5561,7041
1294,subcell,MQ,std_ctrl__tvn_efaar_e0.2_c96,0.2701765445539546,-0.018770526174376745,-0.00507135590125267,370,49,1480,5881,7361
1295,subcell,MQ,std_ctrl__tvn_efaar_e0.2_c96,0.29748941915575183,0.022890699780712613,0.006809740981832891,370,68,1480,5785,7265
1296,subcell,MQ,std_ctrl__tvn_efaar_e0.2_c96,0.27907889714961837,0.057709645829897065,0.016105544313102745,370,89,1480,5721,7201
1297,subcell,MQ,std_ctrl__tvn_efaar_e0.2_c96,0.28448130442577896,0.020254761624964042,0.005762101007902981,370,89,1480,5593,7073
1298,subcell,MQ,std_ctrl__tvn_efaar_e0.2_c96,0.33319959858569737,0.06420663236573573,0.02139362413080259,370,72,1480,5849,7329
1299,subcell,MQ,std_ctrl__tvn_efaar_e0.2_c96,0.2822075824894701,0.021880728599632773,0.006174907521210573,370,52,1480,5753,7233
1300,subcell,MQ,std_ctrl__tvn_efaar_e0.2_c96,0.2820615713807907,-0.04898531003781349,-0.013816873523840893,370,70,1480,5753,7233
1301,subcell,MQ,std_ctrl__tvn_efaar_e0.2_c96,0.3052736605132939,0.05036271050592197,0.015374408989514124,370,59,1480,5689,7169
1302,subcell,MQ,std_ctrl__tvn_efaar_e0.2_c96,0.29606764926763846,0.104282030854232,0.030874535735867813,370,89,1480,5785,7265
1303,subcell,MQ,std_ctrl__tvn_efaar_e0.2_c96,0.2884645229933835,0.025559819493772198,0.0073731011380679815,370,54,1480,5689,7169
1304,subcell,MQ,std_ctrl__tvn_efaar_e0.2_c96,0.2926498156885451,0.015591890327124451,0.00456296383046898,370,78,1480,5465,6945
1305,subcell,MQ,std_ctrl__tvn_efaar_e0.2_c96,0.28872999808207805,0.0612401706679686,0.017681874359508708,370,92,1480,5785,7265
1306,subcell,MQ,std_ctrl__tvn_efaar_e0.2_c96,0.2778870306398812,0.03705036670957523,0.010295816389042567,370,75,1480,5817,7297
1307,subcell,MQ,std_ctrl__tvn_efaar_e0.2_c96,0.27461841396662057,0.019371916046866455,0.005319884860284992,370,91,1480,5593,7073
1308,subcell,MQ,std_ctrl__tvn_efaar_e0.2_c96,0.29890124297192594,0.016148054798344975,0.004826673650804086,370,57,1480,5817,7297
1309,subcell,MQ,std_ctrl__tvn_efaar_e0.2_c96,0.25361078108432483,0.15186465022794193,0.03851451256340614,370,97,1480,5721,7201
1310,subcell,MQ,std_ctrl__tvn_efaar_e0.2_c96,0.2817385547346867,-0.0030485415459336022,-0.0008588916891999805,370,63,1480,5945,7425
1311,subcell,MQ,std_ctrl__tvn_efaar_e0.2_c96,0.28426948198923063,0.04350394090183768,0.0123668427446555,370,68,1480,5561,7041
1312,subcell,MQ,std_ctrl__tvn_efaar_e0.2_c96,0.268162385710687,0.08544645089056187,0.02291352412132413,370,67,1480,6009,7489
1313,subcell,MQ,std_ctrl__tvn_efaar_e0.2_c96,0.2825112742994688,-0.010241819868228185,-0.0028934295821187624,370,81,1480,5497,6977
1314,subcell,MQ,std_ctrl__tvn_efaar_e0.2_c96,0.29341916711533467,0.07427775462201336,0.02179451689638836,370,51,1480,5785,7265
1315,subcell,MQ,std_ctrl__tvn_efaar_e0.2_c96,0.28652924180083356,-0.018957664272196934,-0.005431925170227339,370,56,1480,5369,6849
1316,subcell,MQ,std_ctrl__tvn_efaar_e0.2_c96,0.28534008512277853,0.013944199910520488,0.003978839189436957,370,71,1480,5849,7329
1317,subcell,MQ,std_ctrl__tvn_efaar_e0.2_c96,0.2794161021527977,-0.033949383918817196,-0.009486004525084774,370,78,1480,5689,7169
1318,subcell,MQ,std_ctrl__tvn_efaar_e0.2_c96,0.31169776486347706,0.06354867725790847,0.019807980661320546,370,55,1480,5913,7393
1319,subcell,MQ,std_ctrl__tvn_efaar_e0.2_c96,0.28163761194079845,0.035129004576076955,0.009893648958663695,370,71,1480,5689,7169
1320,subcell,MQ,std_ctrl__tvn_efaar_e0.2_c96,0.31214375833939617,0.04764461641497945,0.014871969632410572,370,62,1480,5689,7169
1321,subcell,MQ,std_ctrl__tvn_efaar_e0.2_c96,0.2765116345501396,0.08901121721557283,0.02461263716557557,370,75,1480,5721,7201
1322,subcell,MQ,std_ctrl__tvn_efaar_e0.2_c96,0.2829903300945733,0.0031949686865649697,0.0009041452432528461,370,65,1480,5689,7169
1323,subcell,MQ,std_ctrl__tvn_efaar_e0.2_c96,0.2873890114626859,-0.050904786230013474,-0.014629476193362918,370,85,1480,5657,7137
1324,subcell,MQ,std_ctrl__tvn_efaar_e0.2_c96,0.2973813870462886,0.04903783953895643,0.014582940739848196,370,85,1480,5593,7073
1325,subcell,MQ,std_ctrl__tvn_efaar_e0.2_c96,0.29980319791156496,0.06735217639132668,0.020192397868423546,370,60,1480,5465,6945
1326,subcell,MQ,std_ctrl__tvn_efaar_e0.2_c96,0.2831566946735472,-0.013779196203714048,-0.003901671652301959,370,93,1480,5593,7073
1327,subcell,MQ,std_ctrl__tvn_efaar_e0.2_c96,0.27945682099973607,-0.007911912712782269,-0.002211037974741531,370,72,1480,5881,7361
1328,subcell,MQ,std_ctrl__tvn_efaar_e0.2_c96,0.3067676968587067,0.04610355782163022,0.014143082249933716,370,64,1480,5817,7297
1329,subcell,MQ,std_ctrl__tvn_efaar_e0.2_c96,0.2930348465035496,0.03321647413638279,0.009733584399944057,370,63,1480,5823,7303
1330,subcell,MQ,std_ctrl__tvn_efaar_e0.2_c96,0.28392381565365166,0.030865574620808543,0.008763471718682475,370,114,1480,5849,7329
1331,subcell,MQ,std_ctrl__tvn_efaar_e0.2_c96,0.30829838133296394,0.016173110501465145,0.004986143788720865,370,78,1480,5721,7201
1332,subcell,MQ,std_ctrl__tvn_efaar_e0.2_c96,0.25949755010944753,0.007795395387501908,0.0020228860051912326,370,74,1480,5977,7457
1333,subcell,MQ,std_ctrl__tvn_efaar_e0.2_c96,0.3334761592112851,-0.01669201351803377,-0.005566388557496753,370,78,1480,5561,7041
1334,subcell,MQ,std_ctrl__tvn_efaar_e0.2_c96,0.25123387683492227,0.018585608795583707,0.004669334551051725,370,93,1480,5791,7271
1335,subcell,MQ,std_ctrl__tvn_efaar_e0.2_c96,0.3073223135118659,0.038546695517982565,0.011846259644823874,370,62,1480,5657,7137
1336,subcell,MQ,std_ctrl__tvn_efaar_e0.2_c96,0.2983725529554253,-0.03798839021899775,-0.011334692972309266,370,69,1480,5849,7329
1337,subcell,MQ,std_ctrl__tvn_efaar_e0.2_c96,0.2581354939068011,0.020176511587950315,0.005208273784071849,370,64,1480,5657,7137
1338,subcell,MQ,std_ctrl__tvn_efaar_e0.2_c96,0.27791251790037547,0.05827163140144847,0.01619441580493913,370,54,1480,5721,7201
1339,subcell,MQ,std_ctrl__tvn_efaar_e0.2_c96,0.2899120064818499,0.003684146443723707,0.0010680782876729116,370,71,1480,5785,7265
1340,subcell,MQ,std_ctrl__tvn_efaar_e0.2_c96,0.2878556785024143,0.010173017441588893,0.0029283608380654656,370,87,1480,5689,7169
1341,subcell,MQ,std_ctrl__tvn_efaar_e0.2_c96,0.3183246334410741,0.03635230415392475,0.011571833894536532,370,63,1480,5529,7009
1342,subcell,MQ,std_ctrl__tvn_efaar_e0.2_c96,0.26229874615078586,0.042551572657340844,0.011161224154764567,370,71,1480,5849,7329
1343,subcell,MQ,std_ctrl__tvn_efaar_e0.2_c96,0.2874600249774652,0.01695366703517023,0.004873501549389663,370,103,1480,5561,7041
1344,subcell,MQ,std_ctrl__tvn_efaar_e0.2_c96,0.288366469194577,0.006303207094728525,0.0018176335745090724,370,53,1480,5785,7265
1345,subcell,MQ,std_ctrl__tvn_efaar_e0.2_c96,0.2658349753516177,-0.032861532926008935,-0.00873574479540196,370,50,1480,5721,7201
1346,subcell,MQ,std_ctrl__tvn_efaar_e0.2_c96,0.33496364889726277,0.018346017410351,0.006145248934503882,370,86,1480,5529,7009
1347,subcell,MQ,std_ctrl__tvn_efaar_e0.2_c96,0.3059793427314831,-0.034744906560564406,-0.010631223672668291,370,65,1480,5529,7009
1348,subcell,MQ,std_ctrl__tvn_efaar_e0.2_c96,0.3118411275811628,0.035927371019325735,0.011203631889693326,370,72,1480,5657,7137
1349,subcell,MQ,std_ctrl__tvn_efaar_e0.2_c96,0.28690851381623605,0.07957203525715786,0.0228298943769643,370,83,1480,5913,7393
1350,subcell,MQ,std_ctrl__tvn_efaar_e0.2_c96,0.3043704928627584,0.03357428415063868,0.010219021414444193,370,53,1480,5593,7073
1351,subcell,MQ,std_ctrl__tvn_efaar_e0.2_c96,0.24573936201293942,0.026369136111470126,0.006479934684865031,370,66,1480,5689,7169
1352,subcell,MQ,std_ctrl__tvn_efaar_e0.2_c96,0.25819219560091494,0.053233885681948166,0.013744573824590307,370,61,1480,5529,7009
1353,subcell,MQ,std_ctrl__tvn_efaar_e0.2_c96,0.2806658828590825,0.02704754500438262,0.007591323097825814,370,95,1480,5689,7169
1354,subcell,MQ,std_ctrl__tvn_efaar_e0.2_c96,0.2760729774916504,-0.004799281184001291,-0.0013249518462868895,370,58,1480,5785,7265
1355,subcell,MQ,std_ctrl__tvn_efaar_e0.2_c96,0.30839731149666344,0.04780216187655594,0.014742058206458153,370,92,1480,5849,7329
1356,subcell,MQ,std_ctrl__tvn_efaar_e0.2_c96,0.3124964050255553,0.08381930965979345,0.026193232940409254,370,82,1480,5625,7105
1357,subcell,MQ,std_ctrl__tvn_efaar_e0.2_c96,0.2957715134980591,0.07312114593088957,0.021627152000691652,370,88,1480,5721,7201
1358,subcell,MQ,std_ctrl__tvn_efaar_e0.2_c96,0.2907908980083113,0.04265810269628804,0.012404587990384365,370,119,1480,5593,7073
1359,subcell,MQ,std_ctrl__tvn_efaar_e0.2_c96,0.2840098927539721,0.09363657633828584,0.026593714003685685,370,92,1480,5433,6913
1360,subcell,MQ,std_ctrl__tvn_efaar_e0.2_c96,0.277831500140764,-0.020887071479185233,-0.0058030864026094005,370,74,1480,5593,7073
1361,subcell,MQ,std_ctrl__tvn_efaar_e0.2_c96,0.31082759872077503,0.03966052961009547,0.01232758718270017,370,62,1480,5593,7073
1362,subcell,MQ,std_ctrl__tvn_efaar_e0.2_c96,0.281989342103744,0.03309283623488945,0.009331827118223416,370,71,1480,5689,7169
1363,subcell,MQ,std_ctrl__tvn_efaar_e0.2_c96,0.2647860318182205,-0.01597897184953582,-0.004231008548573642,370,77,1480,5593,7073
1364,subcell,MQ,std_ctrl__tvn_efaar_e0.2_c96,0.3003062839533428,-9.990167898484936e-05,-3.000110197663987e-05,370,61,1480,5721,7201
1365,subcell,MQ,std_ctrl__tvn_efaar_e0.2_c96,0.28078197696954144,0.014200005979493292,0.003987105751901436,370,76,1480,5502,6982
1366,subcell,MQ,std_ctrl__tvn_efaar_e0.2_c96,0.2848348085208453,-0.007373032762071892,-0.0021000963750026666,370,67,1480,5913,7393
1367,subcell,MQ,std_ctrl__tvn_efaar_e0.2_c96,0.28718760525427395,0.07180490336479113,0.020621478242848924,370,81,1480,5529,7009
1368,subcell,MQ,std_ctrl__tvn_efaar_e0.2_c96,0.29286894780405115,0.014823045994146926,0.004341209883556865,370,77,1480,5598,7078
1369,subcell,MQ,std_ctrl__tvn_efaar_e0.2_c96,0.30202277431604857,0.06455902123398835,0.019498294700217852,370,61,1480,5561,7041
1370,subcell,MQ,std_ctrl__tvn_efaar_e0.2_c96,0.2777162883454105,0.0844312693930907,0.02344793875614061,370,100,1480,5753,7233
1371,subcell,MQ,std_ctrl__tvn_efaar_e0.2_c96,0.2624900821975092,-0.019975002459686027,-0.005243240037538434,370,62,1480,5721,7201
1372,subcell,MQ,std_ctrl__tvn_efaar_e0.2_c96,0.3286208877228953,0.007829421938590967,0.0025729115878168757,370,61,1480,5561,7041
1373,subcell,MQ,std_ctrl__tvn_efaar_e0.2_c96,0.26457550791901707,0.0019861397960050414,0.0005254839453262068,370,43,1480,5753,7233
1374,subcell,MQ,std_ctrl__tvn_efaar_e0.2_c96,0.28033687942269464,0.05563311132134066,0.015596012820400025,370,57,1480,5817,7297
1375,subcell,MQ,std_ctrl__tvn_efaar_e0.2_c96,0.2858742106937925,0.002598801098700477,0.0007429302128411596,370,66,1480,5849,7329
1376,subcell,MQ,std_ctrl__tvn_efaar_e0.2_c96,0.2770379945224184,0.008295349119315391,0.002298126883878446,370,84,1480,5849,7329
1377,subcell,MQ,std_ctrl__tvn_efaar_e0.2_c96,0.3229676872816822,0.030951855732194007,0.009996449262902976,370,63,1480,5689,7169
1378,subcell,MQ,std_ctrl__tvn_efaar_e0.2_c96,0.26737890739156217,-0.006136258003794486,-0.001640705960527298,370,61,1480,5689,7169
1379,subcell,MQ,std_ctrl__tvn_efaar_e0.2_c96,0.2720626993183387,-0.059227188673481417,-0.01611350882354389,370,75,1480,5401,6881
1380,subcell,MQ,std_ctrl__tvn_efaar_e0.2_c96,0.3196420853910606,0.09197530790658581,0.02939917922374599,370,76,1480,5849,7329
1381,subcell,MQ,std_ctrl__tvn_efaar_e0.2_c96,0.30517425763935924,0.02408245459664714,0.007349345203665366,370,76,1480,5785,7265
1382,subcell,MQ,std_ctrl__tvn_efaar_e0.2_c96,0.2930079666508737,0.03573903761572485,0.010471822741842626,370,79,1480,5817,7297
1383,subcell,MQ,std_ctrl__tvn_efaar_e0.2_c96,0.2568888193318398,0.0469086147190823,0.012050298651677215,370,89,1480,5817,7297
1384,subcell,MQ,std_ctrl__tvn_efaar_e0.2_c96,0.2933438253447263,0.04253457361995141,0.012477254535083429,370,75,1480,5689,7169
1385,subcell,MQ,std_ctrl__tvn_efaar_e0.2_c96,0.26651774403800876,0.08448217749237551,0.02251599935668656,370,60,1480,5721,7201
1386,subcell,MQ,std_ctrl__tvn_efaar_e0.2_c96,0.30101374135856296,0.09421203159384314,0.02835911611105386,370,70,1480,5785,7265
1387,subcell,MQ,std_ctrl__tvn_efaar_e0.2_c96,0.28743089933045013,-0.0027715800941214824,-0.0007966377590197113,370,79,1480,5657,7137
1388,subcell,MQ,std_ctrl__tvn_efaar_e0.2_c96,0.266425861588489,0.034628145098486295,0.009225833393075424,370,68,1480,5785,7265
1389,subcell,MQ,std_ctrl__tvn_efaar_e0.2_c96,0.30793899572730393,0.02928935254363861,0.00901933380779103,370,62,1480,5625,7105
1390,subcell,MQ,std_ctrl__tvn_efaar_e0.2_c96,0.2802643572665053,-0.004758959701886085,-0.0013337667821063032,370,82,1480,5689,7169
1391,subcell,MQ,std_ctrl__tvn_efaar_e0.2_c96,0.32495372416255547,0.018861689972855856,0.00612917640067904,370,82,1480,5753,7233
1392,subcell,MQ,std_ctrl__tvn_efaar_e0.2_c96,0.30293426118784555,0.023822493030418293,0.007216649325822366,370,65,1480,5561,7041
1393,subcell,MQ,std_ctrl__tvn_efaar_e0.2_c96,0.26416327782875115,-0.025232091490953294,-0.006665391994725163,370,53,1480,5561,7041
1394,subcell,MQ,std_ctrl__tvn_efaar_e0.2_c96,0.2806277196951191,0.07101461807108128,0.019928670334307338,370,62,1480,5753,7233
1395,subcell,MQ,std_ctrl__tvn_efaar_e0.2_c96,0.2962153068171643,0.019921488007281416,0.005901049682331324,370,75,1480,5721,7201
1396,subcell,MQ,std_ctrl__tvn_efaar_e0.2_c96,0.26777335570396904,0.09993343984909527,0.026759512535432982,370,111,1480,5849,7329
1397,subcell,MQ,std_ctrl__tvn_efaar_e0.2_c96,0.2662929418761126,-0.03138653973404087,-0.008358014001089242,370,87,1480,5593,7073
1398,subcell,MQ,std_ctrl__tvn_efaar_e0.2_c96,0.2792274891974415,0.029981232524035905,0.008371584280731217,370,80,1480,5849,7329
1399,subcell,MQ,std_ctrl__tvn_efaar_e0.2_c96,0.2962976860413641,-0.0007677641948563457,-0.0002274867543613462,370,52,1480,5689,7169
1400,subcell,MQ,std_ctrl__tvn_efaar_e0.2_c96,0.2754405375153078,0.007830664234445143,0.0021568823658374664,370,57,1480,5497,6977
1401,subcell,MQ,std_ctrl__tvn_efaar_e0.2_c96,0.27667870369393144,0.07279021921911472,0.020139503495141754,370,71,1480,5721,7201
1402,subcell,MQ,std_ctrl__tvn_efaar_e0.2_c96,0.2735550371636731,0.08507265397548769,0.023272053019876834,370,68,1480,5689,7169
1403,subcell,MQ,std_ctrl__tvn_efaar_e0.2_c96,0.2898883195850663,0.042537341017009254,0.012331078307037727,370,68,1480,5785,7265
1404,subcell,MQ,std_ctrl__tvn_efaar_e0.2_c96,0.28212414711571765,0.015679312282894015,0.0044235126051724695,370,59,1480,5817,7297
1405,subcell,MQ,std_ctrl__tvn_efaar_e0.2_c96,0.2737024012872799,0.012381577000515454,0.003388867356764436,370,58,1480,5817,7297
1406,subcell,MQ,std_ctrl__tvn_efaar_e0.2_c96,0.27357097051778256,0.007817709798328508,0.002138698456755108,370,58,1480,5657,7137
1407,subcell,MQ,std_ctrl__tvn_efaar_e0.2_c96,0.2906227117926188,0.04355988143674632,0.01265949086851217,370,80,1480,5753,7233
1408,subcell,MQ,std_ctrl__tvn_efaar_e0.2_c96,0.29816010868832743,0.061388163230475704,0.01830350142097542,370,66,1480,5849,7329
1409,subcell,MQ,std_ctrl__tvn_efaar_e0.2_c96,0.283245732091794,-0.03920091292837403,-0.011103491281063972,370,65,1480,5849,7329
1410,subcell,MQ,std_ctrl__tvn_efaar_e0.2_c96,0.30644849514928474,0.011942181899541571,0.0036596636719135414,370,69,1480,6041,7521
1411,subcell,MQ,std_ctrl__tvn_efaar_e0.2_c96,0.2974307825080168,0.008116445041389109,0.0024140805998436755,370,58,1480,5817,7297
1412,subcell,MQ,std_ctrl__tvn_efaar_e0.2_c96,0.27206088782991944,-0.017821012291288272,-0.004848400425995794,370,65,1480,5689,7169
1413,subcell,MQ,std_ctrl__tvn_efaar_e0.2_c96,0.2953391231655339,0.009235582348080492,0.0027276287926051752,370,75,1480,5721,7201
1414,subcell,MQ,std_ctrl__tvn_efaar_e0.2_c96,0.28621042241414885,-0.008562987155560225,-0.002450816170919823,370,94,1480,5631,7111
1415,subcell,MQ,std_ctrl__tvn_efaar_e0.2_c96,0.26650398598280367,0.04709077852452741,0.012549880179819964,370,58,1480,5785,7265
1416,subcell,MQ,std_ctrl__tvn_efaar_e0.2_c96,0.3013500315062184,0.04676451815448466,0.014092489019227075,370,70,1480,5849,7329
1417,subcell,MQ,std_ctrl__tvn_efaar_e0.2_c96,0.3078334471864297,0.06717293164623979,0.02067807510628041,370,57,1480,5753,7233
1418,subcell,MQ,std_ctrl__tvn_efaar_e0.2_c96,0.2848568666147081,0.01335032172413551,0.003802930814635509,370,92,1480,5817,7297
1419,subcell,MQ,std_ctrl__tvn_efaar_e0.2_c96,0.2942018080191228,0.012221157338044172,0.0035954865849387656,370,61,1480,5849,7329
1420,subcell,MQ,std_ctrl__tvn_efaar_e0.2_c96,0.3069942895561938,0.007780108184190133,0.002388448784675779,370,63,1480,5785,7265
1421,subcell,MQ,std_ctrl__tvn_efaar_e0.2_c96,0.30750316165224956,-0.013887731921317998,-0.004270521473984154,370,103,1480,5657,7137
1422,subcell,MQ,std_ctrl__tvn_efaar_e0.2_c96,0.28182910722746307,0.04155755420508611,0.011712128400176323,370,73,1480,5817,7297
1423,subcell,MQ,std_ctrl__tvn_efaar_e0.2_c96,0.2749861646520977,0.06441607737526746,0.017713530059357562,370,71,1480,5823,7303
1424,subcell,MQ,std_ctrl__tvn_efaar_e0.2_c96,0.28141143748182496,-0.012794535315676935,-0.0036005285750966213,370,44,1480,5721,7201
1425,subcell,MQ,std_ctrl__tvn_efaar_e0.2_c96,0.30506722806009073,0.0030776518083766528,0.000938890706115591,370,86,1480,5497,6977
1426,subcell,MQ,std_ctrl__tvn_efaar_e0.2_c96,0.2897902127245823,0.0026701591593921614,0.0007737859908087463,370,63,1480,5497,6977
1427,subcell,MQ,std_ctrl__tvn_efaar_e0.2_c96,0.2863294910376035,0.12377162384376675,0.03543946606008345,370,73,1480,5721,7201
1428,subcell,MQ,std_ctrl__tvn_efaar_e0.2_c96,0.2637449694001316,0.056797670097699066,0.014980099761916409,370,94,1480,5657,7137
1429,subcell,MQ,std_ctrl__tvn_efaar_e0.2_c96,0.29464547008366593,-0.008190122965632186,-0.0024131826312517235,370,69,1480,5817,7297
1430,subcell,MQ,std_ctrl__tvn_efaar_e0.2_c96,0.2935061113513995,0.0543751424084566,0.015959436602484667,370,77,1480,5567,7047
1431,subcell,MQ,std_ctrl__tvn_efaar_e0.2_c96,0.2734965454820402,0.04407556594303301,0.01205451502558539,370,64,1480,5529,7009
1432,subcell,MQ,std_ctrl__tvn_efaar_e0.2_c96,0.28292140047205366,0.04302522796674084,0.012172757751979688,370,59,1480,5752,7232
1433,subcell,MQ,std_ctrl__tvn_efaar_e0.2_c96,0.278884128965227,-0.006452891845829607,-0.0017996091217310061,370,65,1480,5721,7201
1434,subcell,MQ,std_ctrl__tvn_efaar_e0.2_c96,0.29883390492921424,0.10380311605779187,0.03101989051537037,370,63,1480,5625,7105
1435,subcell,MQ,std_ctrl__tvn_efaar_e0.2_c96,0.3118292381721031,-0.021605993761168438,-0.0067373805744963666,370,88,1480,5785,7265
1436,subcell,MQ,std_ctrl__tvn_efaar_e0.2_c96,0.24509695001713688,0.04569258791693979,0.011199113936831824,370,92,1480,5721,7201
1437,subcell,MQ,std_ctrl__tvn_efaar_e0.2_c96,0.265402250189966,0.05723123785552287,0.015189299308012934,370,52,1480,5753,7233
1438,subcell,MQ,std_ctrl__tvn_efaar_e0.2_c96,0.2641749011963581,-0.004853065265463584,-0.0012820580370033199,370,64,1480,5689,7169
1439,subcell,MQ,std_ctrl__tvn_efaar_e0.2_c96,0.2746779894436552,-0.032788653586128376,-0.009006321443602236,370,58,1480,5721,7201
1440,subcell,MQ,std_ctrl__tvn_efaar_e0.2_c96,0.29312872020024516,0.03145140321970329,0.009219309574293497,370,81,1480,5657,7137
1441,subcell,MQ,std_ctrl__tvn_efaar_e0.2_c96,0.34446734337716267,0.13101914764754186,0.04513181772168898,370,76,1480,5593,7073
1442,subcell,MQ,std_ctrl__tvn_efaar_e0.2_c96,0.2888654050601386,-0.0032285577477350114,-0.0009326186415595228,370,57,1480,5785,7265
1443,subcell,MQ,std_ctrl__tvn_efaar_e0.2_c96,0.2936414782681475,0.03982297493669565,0.011693677229446699,370,62,1480,5657,7137
1444,subcell,MQ,std_ctrl__tvn_efaar_e0.2_c96,0.27921418509986123,-0.022984365190211107,-0.006417560796622411,370,82,1480,5721,7201
1445,subcell,MQ,std_ctrl__tvn_efaar_e0.2_c96,0.32399689163573464,0.019884857695269355,0.006442632083886189,370,85,1480,5817,7297
1446,subcell,MQ,std_ctrl__tvn_efaar_e0.2_c96,0.3044353089051964,0.07583689072771238,0.02308742725510074,370,87,1480,5657,7137
1447,subcell,MQ,std_ctrl__tvn_efaar_e0.2_c96,0.2948613525490462,0.02005858215963851,0.005914500665807179,370,55,1480,5721,7201
1448,subcell,MQ,std_ctrl__tvn_efaar_e0.2_c96,0.30700131922443374,0.04782418342774846,0.01468208740315008,370,68,1480,5657,7137
1449,subcell,MQ,std_ctrl__tvn_efaar_e0.2_c96,0.3070265130514392,0.0328892083263561,0.010097858949463473,370,74,1480,5625,7105
1450,subcell,MQ,std_ctrl__tvn_efaar_e0.2_c96,0.2988617854491469,-0.029906856973336348,-0.00893801667222357,370,83,1480,5881,7361
1451,subcell,MQ,std_ctrl__tvn_efaar_e0.2_c96,0.29882992506759054,0.0623203363121012,0.018623181430332245,370,70,1480,5689,7169
1452,subcell,MQ,std_ctrl__tvn_efaar_e0.2_c96,0.2916817892807831,-0.017959138534047125,-0.005238353661552325,370,63,1480,5913,7393
1453,subcell,MQ,std_ctrl__tvn_efaar_e0.2_c96,0.25936641848456576,-0.005304593442010704,-0.0013758334025710313,370,56,1480,5657,7137
1454,subcell,MQ,std_ctrl__tvn_efaar_e0.2_c96,0.3135447406031829,0.06573984782044645,0.0206123835321546,370,79,1480,5785,7265
1455,subcell,MQ,std_ctrl__tvn_efaar_e0.2_c96,0.36258363890526035,0.01785469986113292,0.006473822047210821,370,81,1480,5657,7137
1456,subcell,MQ,std_ctrl__tvn_efaar_e0.2_c96,0.27604402769151126,0.0229580064400534,0.006337420565479994,370,79,1480,5753,7233
1457,subcell,MQ,std_ctrl__tvn_efaar_e0.2_c96,0.30559636878424923,0.030596304134494125,0.009350119441719916,370,76,1480,5887,7367
1458,subcell,MQ,std_ctrl__tvn_efaar_e0.2_c96,0.29943367352435185,-0.021889308631255974,-0.006554396094365278,370,85,1480,5721,7201
1459,subcell,MQ,std_ctrl__tvn_efaar_e0.2_c96,0.3101618628244418,0.03526134150401001,0.010936723366572549,370,85,1480,5817,7297
1460,subcell,MQ,std_ctrl__tvn_efaar_e0.2_c96,0.2859055450699271,0.0810500036640736,0.02317264547549655,370,40,1480,5657,7137
1461,subcell,MQ,std_ctrl__tvn_efaar_e0.2_c96,0.30120502190082993,-0.0014693512593735372,-0.00044257597825961834,370,81,1480,5785,7265
1462,subcell,MQ,std_ctrl__tvn_efaar_e0.2_c96,0.3135195635407138,0.0016807985150679786,0.0005269632168439925,370,75,1480,5817,7297
1463,subcell,MQ,std_ctrl__tvn_efaar_e0.2_c96,0.2791777140573684,0.029211280258007767,0.008155138447119743,370,79,1480,5849,7329
1464,subcell,MQ,std_ctrl__tvn_efaar_e0.2_c96,0.3161734112775439,0.031225857522979693,0.009872785893107047,370,94,1480,5721,7201
1465,subcell,MQ,std_ctrl__tvn_efaar_e0.2_c96,0.2911726442080933,0.0033307961465841654,0.0009698367213190394,370,78,1480,5561,7041
1466,subcell,MQ,std_ctrl__tvn_efaar_e0.2_c96,0.29371967441286,-0.018451857731938897,-0.005419673645337506,370,57,1480,5625,7105
1467,subcell,MQ,std_ctrl__tvn_efaar_e0.2_c96,0.26993880396007197,-0.015208580300333887,-0.004105385976202842,370,75,1480,5657,7137
1468,subcell,MQ,std_ctrl__tvn_efaar_e0.2_c96,0.3017141949538753,0.12430617536111413,0.0375049376268738,370,90,1480,5785,7265
1469,subcell,MQ,std_ctrl__tvn_efaar_e0.2_c96,0.2951217573645481,0.03145964088605486,0.0092844245043501,370,70,1480,5881,7361
1470,subcell,MQ,std_ctrl__tvn_efaar_e0.2_c96,0.28557675806835225,-0.003192974695262625,-0.0009118393620673854,370,102,1480,5689,7169
1471,subcell,MQ,std_ctrl__tvn_efaar_e0.2_c96,0.29566554339066764,-0.014199332160367568,-0.00419825325897966,370,67,1480,5881,7361
1472,subcell,MQ,std_ctrl__tvn_efaar_e0.2_c96,0.3175894074807208,0.035483906784475674,0.011269312930782758,370,67,1480,5657,7137
1473,subcell,MQ,std_ctrl__tvn_efaar_e0.2_c96,0.3184791106948446,0.015663041611268486,0.004988351563133133,370,82,1480,5497,6977
1474,subcell,MQ,std_ctrl__tvn_efaar_e0.2_c96,0.266790793637218,0.001955298228875393,0.0005216555662791129,370,84,1480,5593,7073
1475,subcell,MQ,std_ctrl__tvn_efaar_e0.2_c96,0.25968375476018435,0.015700650855512484,0.004077203966338183,370,84,1480,5593,7073
1476,subcell,MQ,std_ctrl__tvn_efaar_e0.2_c96,0.29725102802796854,-0.026705890292124897,-0.00793835334373627,370,79,1480,5657,7137
1477,subcell,MQ,std_ctrl__tvn_efaar_e0.2_c96,0.28805526149298044,-0.019922306845687326,-0.005738725307977857,370,58,1480,5689,7169
1478,subcell,MQ,std_ctrl__tvn_efaar_e0.2_c96,0.29621642829645595,0.05264000891185986,0.015592835425364738,370,48,1480,5657,7137
1479,subcell,MQ,std_ctrl__tvn_efaar_e0.2_c96,0.29362659013990733,0.13335329888944777,0.03915607443681644,370,84,1480,5497,6977
1480,subcell,MQ,std_ctrl__tvn_efaar_e0.2_c96,0.2943893355068875,0.016698717723524645,0.004915924414445505,370,51,1480,5689,7169
1481,subcell,MQ,std_ctrl__tvn_efaar_e0.2_c96,0.32483248184320673,0.028101030140828636,0.009128127362996123,370,50,1480,6041,7521
1482,subcell,MQ,std_ctrl__tvn_efaar_e0.2_c96,0.2913850280159114,0.03796678834716371,0.011062953686212474,370,70,1480,5689,7169
1483,subcell,MQ,std_ctrl__tvn_efaar_e0.2_c96,0.28911287320119405,-0.011229848547584924,-0.003246693779206533,370,73,1480,5753,7233
1484,subcell,MQ,std_ctrl__tvn_efaar_e0.2_c96,0.3003230391840521,0.06625166378643808,0.01989690101934309,370,67,1480,5753,7233
1485,subcell,MQ,std_ctrl__tvn_efaar_e0.2_c96,0.29664261065744385,0.004874403449090383,0.00144595576453582,370,62,1480,5593,7073
1486,subcell,MQ,std_ctrl__tvn_efaar_e0.2_c96,0.2776162811136447,0.00013967063135392462,3.8774841257271376e-05,370,92,1480,5529,7009
1487,subcell,MQ,std_ctrl__tvn_efaar_e0.2_c96,0.28755879384516053,0.07436209913164647,0.021383475534090517,370,86,1480,5753,7233
1488,subcell,MQ,std_ctrl__tvn_efaar_e0.2_c96,0.28109632883220925,-0.005597941268598415,-0.0015735607396213346,370,76,1480,5849,7329
1489,subcell,MQ,std_ctrl__tvn_efaar_e0.2_c96,0.3164199296119727,0.02505161233314855,0.007926829411121291,370,61,1480,5785,7265
1490,subcell,MQ,std_ctrl__tvn_efaar_e0.2_c96,0.30790966064465547,0.003492439430605297,0.0010753558398996909,370,70,1480,5497,6977
1491,subcell,MQ,std_ctrl__tvn_efaar_e0.2_c96,0.3192261289227218,0.019877800192201766,0.0063455132068559045,370,102,1480,5625,7105
1492,subcell,MQ,std_ctrl__tvn_efaar_e0.2_c96,0.32425414625469995,0.038186712190596564,0.012382199759635832,370,66,1480,5689,7169
1493,subcell,MQ,std_ctrl__tvn_efaar_e0.2_c96,0.2824454302645562,-0.0011927431604318891,-0.00033688485514329154,370,62,1480,5477,6957
1494,subcell,MQ,std_ctrl__tvn_efaar_e0.2_c96,0.3074955729691927,0.03261115408730514,0.010027785511262525,370,52,1480,5497,6977
1495,subcell,MQ,std_ctrl__tvn_efaar_e0.2_c96,0.27597534519862094,0.06171939121973753,0.017033030297315798,370,65,1480,5657,7137
1496,subcell,MQ,std_ctrl__tvn_efaar_e0.2_c96,0.2548912269221093,-0.020310648607685233,-0.00517700614319672,370,97,1480,5785,7265
1497,subcell,MQ,std_ctrl__tvn_efaar_e0.2_c96,0.3071749465857512,0.08454196758237699,0.02596917437637096,370,65,1480,5497,6977
1498,subcell,MQ,std_ctrl__tvn_efaar_e0.2_c96,0.2847472752638216,0.04173622399969839,0.011884276063714635,370,58,1480,5433,6913
1499,subcell,MQ,std_ctrl__tvn_efaar_e0.2_c96,0.2666809568688111,0.0719682624358237,0.019192565090571177,370,70,1480,5657,7137
1500,subcell,MQ,std_ctrl__tvn_efaar_e0.2_c96,0.2878009411087583,0.19552284561396163,0.05627165897596061,370,71,1480,5721,7201
1501,subcell,MQ,std_ctrl__tvn_efaar_e0.2_c96,0.2833455948814198,0.0029608950445530104,0.0008389565677803208,370,44,1480,5913,7393
1502,subcell,MQ,std_ctrl__tvn_efaar_e0.2_c96,0.2737129671305268,0.015738533399269082,0.0043078406749968365,370,72,1480,5945,7425
1503,subcell,MQ,std_ctrl__tvn_efaar_e0.2_c96,0.2973191746513937,0.11815079345141033,0.03512849639338061,370,50,1480,5657,7137
1504,subcell,MQ,std_ctrl__tvn_efaar_e0.2_c96,0.2929631708045985,0.0018378301332535988,0.0005384165432382121,370,67,1480,5657,7137
1505,subcell,MQ,std_ctrl__tvn_efaar_e0.2_c96,0.2784341224757031,-0.030305210100234636,-0.008438004580700645,370,83,1480,5529,7009
1506,subcell,MQ,std_ctrl__tvn_efaar_e0.2_c96,0.2681910601904373,0.040527496664813575,0.010869112297400766,370,57,1480,5369,6849
1507,subcell,MQ,std_ctrl__tvn_efaar_e0.2_c96,0.2966930198313608,0.016260988212796944,0.004824521698296888,370,74,1480,5497,6977
1508,subcell,MQ,std_ctrl__tvn_efaar_e0.2_c96,0.27442011172904446,0.010871137729433742,0.0029832588303330384,370,74,1480,5945,7425
1509,subcell,MQ,std_ctrl__tvn_efaar_e0.2_c96,0.31602100873211286,0.02704208334544141,0.008545866457044263,370,57,1480,5721,7201
1510,subcell,MQ,std_ctrl__tvn_efaar_e0.2_c96,0.2920363754274519,0.044588041958365424,0.013021330160928183,370,50,1480,5721,7201
1511,subcell,MQ,std_ctrl__tvn_efaar_e0.2_c96,0.32051968661976954,-0.008458027766215024,-0.0027109644090485487,370,72,1480,5945,7425
1512,subcell,MQ,std_ctrl__tvn_efaar_e0.2_c96,0.3050727322901818,0.0790714873291856,0.02412255468576314,370,58,1480,5311,6791
1513,subcell,MQ,std_ctrl__tvn_efaar_e0.2_c96,0.2809595933329966,0.09990289439006263,0.028068676580621302,370,97,1480,5724,7204
1514,subcell,MQ,std_ctrl__tvn_efaar_e0.2_c96,0.3044900626192875,0.047843449934095755,0.014567855066355564,370,59,1480,5753,7233
1515,subcell,MQ,std_ctrl__tvn_efaar_e0.2_c96,0.3093390211982509,0.038411064864984745,0.011882041208516906,370,61,1480,5689,7169
1516,subcell,MQ,std_ctrl__tvn_efaar_e0.2_c96,0.3037443960161942,0.034455380108899376,0.010465628620686031,370,99,1480,5593,7073
1517,subcell,MQ,std_ctrl__tvn_efaar_e0.2_c96,0.29604226039090864,0.059549796332548144,0.017629256312105795,370,70,1480,5721,7201
1518,subcell,MQ,std_ctrl__tvn_efaar_e0.2_c96,0.2860536843631907,0.018713046165697366,0.00535293580135621,370,96,1480,5849,7329
1519,subcell,MQ,std_ctrl__tvn_efaar_e0.2_c96,0.251107303590361,-0.00993322006640769,-0.0024943041068453014,370,96,1480,5913,7393
1520,subcell,MQ,std_ctrl__tvn_efaar_e0.2_c96,0.3005125956190262,0.04139257508512002,0.012438990178184853,370,69,1480,5657,7137
1521,subcell,MQ,std_ctrl__tvn_efaar_e0.2_c96,0.29991044376392567,0.04225650695197558,0.012673167751880406,370,57,1480,5849,7329
1522,subcell,MQ,std_ctrl__tvn_efaar_e0.2_c96,0.29796659716504603,0.0616733684800506,0.018376603741706684,370,47,1480,5785,7265
1523,subcell,MQ,std_ctrl__tvn_efaar_e0.2_c96,0.29216667342278513,0.06616542960381375,0.01933133346293573,370,77,1480,5497,6977
1524,subcell,MQ,std_ctrl__tvn_efaar_e0.2_c96,0.2633794579000357,0.03460649172297303,0.009114639029818709,370,90,1480,5822,7302
1525,subcell,MQ,std_ctrl__tvn_efaar_e0.2_c96,0.2714609472194185,0.023500729963720584,0.00637953041629936,370,51,1480,5625,7105
1526,subcell,MQ,std_ctrl__tvn_efaar_e0.2_c96,0.2761795856348569,0.022430526658529005,0.006194853558124152,370,50,1480,5721,7201
1527,subcell,MQ,std_ctrl__tvn_efaar_e0.2_c96,0.2793938591289587,0.002274179160051513,0.0006353916918774461,370,59,1480,5753,7233
1528,subcell,MQ,std_ctrl__tvn_efaar_e0.2_c96,0.3110888706170305,0.0694184043632906,0.021595293013412415,370,69,1480,5369,6849
1529,subcell,MQ,std_ctrl__tvn_efaar_e0.2_c96,0.28679721917163997,0.011471768050484984,0.0032900711758611593,370,96,1480,5817,7297
1530,subcell,MQ,std_ctrl__tvn_efaar_e0.2_c96,0.31309788086107077,0.11202954726012218,0.03507621384096943,370,80,1480,5849,7329
1531,subcell,MQ,std_ctrl__tvn_efaar_e0.2_c96,0.2901064586373907,0.0010565150535080856,0.0003065018406703241,370,47,1480,5625,7105
1532,subcell,MQ,std_ctrl__tvn_efaar_e0.2_c96,0.28713570837456565,0.1743136591433897,0.05005167599749978,370,63,1480,5593,7073
1533,subcell,MQ,std_ctrl__tvn_efaar_e0.2_c96,0.2567580799825978,-0.021456141817217177,-0.005509037776823009,370,65,1480,5849,7329
1534,subcell,MQ,std_ctrl__tvn_efaar_e0.2_c96,0.316026528312009,0.036740068305305074,0.011610836236471639,370,84,1480,5689,7169
1535,subcell,MQ,std_ctrl__tvn_efaar_e0.2_c96,0.30033855523435765,0.11124864118343734,0.033412256164819035,370,86,1480,5913,7393
1536,subcell,MQ,std_ctrl__tvn_efaar_e0.2_c96,0.28801994235216744,0.028123941065371673,0.008100255884364103,370,77,1480,5689,7169
1537,subcell,MQ,std_ctrl__tvn_efaar_e0.2_c96,0.2984310069053786,-0.02852954515024232,-0.008514100885739275,370,66,1480,5657,7137
1538,subcell,MQ,std_ctrl__tvn_efaar_e0.2_c96,0.28900667751790926,0.039854061311904804,0.011518089845348656,370,59,1480,5785,7265
1539,subcell,MQ,std_ctrl__tvn_efaar_e0.2_c96,0.2678747668796198,0.015901322497651773,0.004259563057136122,370,66,1480,5689,7169
1540,subcell,MQ,std_ctrl__tvn_efaar_e0.2_c96,0.29286688996637006,0.009306233362443628,0.0027254876221601398,370,92,1480,5753,7233
1541,subcell,MQ,std_ctrl__tvn_efaar_e0.2_c96,0.2935576498327826,0.020093281096466964,0.005898536376108319,370,75,1480,5849,7329
1542,subcell,MQ,std_ctrl__tvn_efaar_e0.2_c96,0.2706072124285371,0.0715333587791823,0.01935744281488494,370,85,1480,5625,7105
1543,subcell,MQ,std_ctrl__tvn_efaar_e0.2_c96,0.28678985874038665,0.03770955302656481,0.010814717385651642,370,64,1480,5817,7297
1544,subcell,MQ,std_ctrl__tvn_efaar_e0.2_c96,0.28759295837882554,0.008790426192821676,0.002528064674204302,370,60,1480,5497,6977
1545,subcell,MQ,std_ctrl__tvn_efaar_e0.2_c96,0.29068635119148195,0.022576749535948414,0.006562752944368828,370,103,1480,5465,6945
1546,subcell,MQ,std_ctrl__tvn_efaar_e0.2_c96,0.27270924263054563,-0.004420642144875921,-0.0012055499712697831,370,57,1480,5529,7009
1547,subcell,MQ,std_ctrl__tvn_efaar_e0.2_c96,0.3026431160396692,0.008804410966310289,0.002664594369737981,370,79,1480,5529,7009
1548,subcell,MQ,std_ctrl__tvn_efaar_e0.2_c96,0.30279537063301026,0.028778414284769797,0.008713970619587187,370,63,1480,5849,7329
1549,subcell,MQ,std_ctrl__tvn_efaar_e0.2_c96,0.32781836866716557,-0.008907279688621181,-0.002919969896785974,370,68,1480,5689,7169
1550,subcell,MQ,std_ctrl__tvn_efaar_e0.2_c96,0.29024314323042805,0.02599708929552059,0.007545476911974011,370,66,1480,5593,7073
1551,subcell,MQ,std_ctrl__tvn_efaar_e0.2_c96,0.2994605404987802,0.03318851140576536,0.009938649563920427,370,64,1480,5625,7105
1552,subcell,MQ,std_ctrl__tvn_efaar_e0.2_c96,0.28425268470172765,0.061304882880099804,0.017426077543993352,370,79,1480,5657,7137
1553,subcell,MQ,std_ctrl__tvn_efaar_e0.2_c96,0.3015123592106406,0.015313283586554208,0.00461714426144354,370,64,1480,5817,7297
1554,subcell,MQ,std_ctrl__tvn_efaar_e0.2_c96,0.2796012280511449,-0.010558597366319662,-0.0029521967901205617,370,80,1480,5625,7105
1555,subcell,MQ,std_ctrl__tvn_efaar_e0.2_c96,0.26549683870317314,0.04185741463540083,0.011113011261986853,370,91,1480,5881,7361
1556,subcell,MQ,std_ctrl__tvn_efaar_e0.2_c96,0.3131529986319251,0.024579528207918522,0.007697152963267673,370,59,1480,5881,7361
1557,subcell,MQ,std_ctrl__tvn_efaar_e0.2_c96,0.3333277965104004,0.05499783217504309,0.018332306211755914,370,114,1480,5785,7265
1558,subcell,MQ,std_ctrl__tvn_efaar_e0.2_c96,0.303230231968062,0.0652694948484318,0.0197916840633282,370,69,1480,5689,7169
1559,subcell,MQ,std_ctrl__tvn_efaar_e0.2_c96,0.2966350655918379,0.03974915722022039,0.011790993859240352,370,52,1480,5593,7073
1560,subcell,MQ,std_ctrl__tvn_efaar_e0.2_c96,0.29324635392091086,0.0005044384552558772,0.00014792473778128253,370,73,1480,5593,7073
1561,subcell,MQ,std_ctrl__tvn_efaar_e0.2_c96,0.31873487769693026,0.01352791621859122,0.004311818721426992,370,90,1480,5721,7201
1562,subcell,MQ,std_ctrl__tvn_efaar_e0.2_c96,0.3162041656032489,0.0810152542194107,0.02561736086158385,370,106,1480,5849,7329
1563,subcell,MQ,std_ctrl__tvn_efaar_e0.2_c96,0.2966251451396625,0.05189778110314652,0.01539418685214727,370,78,1480,5689,7169
1564,subcell,MQ,std_ctrl__tvn_efaar_e0.2_c96,0.2934359691847963,0.05531318720964528,0.016230878697562342,370,78,1480,5305,6785
1565,subcell,MQ,std_ctrl__tvn_efaar_e0.2_c96,0.3365539979458447,0.060311480674915485,0.02029806994317636,370,84,1480,5785,7265
1566,subcell,MQ,std_ctrl__tvn_efaar_e0.2_c96,0.26804203057117715,0.05073039306296705,0.013597877568271646,370,76,1480,5625,7105
1567,subcell,MQ,std_ctrl__tvn_efaar_e0.2_c96,0.28427714199460313,0.03635573507509476,0.010335104462260885,370,70,1480,5689,7169
1568,subcell,MQ,std_ctrl__tvn_efaar_e0.2_c96,0.2733449508247455,0.026201495060001894,0.0071620463787110305,370,94,1480,5753,7233
1569,subcell,MQ,std_ctrl__tvn_efaar_e0.2_c96,0.3059554249707897,0.019892240616838607,0.0060861389315460595,370,58,1480,5689,7169
1570,subcell,MQ,std_ctrl__tvn_efaar_e0.2_c96,0.2964316886960555,-0.04038590606314388,-0.011971662333818007,370,75,1480,5497,6977
1571,subcell,MQ,std_ctrl__tvn_efaar_e0.2_c96,0.3106153773607031,0.034439055990431476,0.010697300372414256,370,55,1480,5497,6977
1572,subcell,MQ,std_ctrl__tvn_efaar_e0.2_c96,0.2784309102349274,-0.037201229739569346,-0.010357972258246943,370,96,1480,5753,7233
1573,subcell,MQ,std_ctrl__tvn_efaar_e0.2_c96,0.2733119404739284,-0.00012829912206744986,-3.5065682013356134e-05,370,42,1480,5785,7265
1574,subcell,MQ,std_ctrl__tvn_efaar_e0.2_c96,0.3048844832463925,0.020036891307597313,0.00610893725218094,370,81,1480,5689,7169
1575,subcell,MQ,std_ctrl__tvn_efaar_e0.2_c96,0.2854925124697355,-0.023147860494407833,-0.006608540850847426,370,76,1480,5625,7105
1576,subcell,MQ,std_ctrl__tvn_efaar_e0.2_c96,0.3158394381103369,0.18224966964608033,0.05756163325681253,370,60,1480,5593,7073
1577,subcell,MQ,std_ctrl__tvn_efaar_e0.2_c96,0.2938482205116811,-0.001666993545469773,-0.0004898430869407509,370,70,1480,5529,7009
1578,subcell,MQ,std_ctrl__tvn_efaar_e0.2_c96,0.2937739405583024,0.06890500191334291,0.020242493936260115,370,67,1480,5689,7169
1579,subcell,MQ,std_ctrl__tvn_efaar_e0.2_c96,0.27123009865171205,0.005550066061159206,0.0015053449652917305,370,50,1480,5529,7009
1580,subcell,MQ,std_ctrl__tvn_efaar_e0.2_c96,0.32087044475860454,-0.022790903933864824,-0.0073129274817098355,370,53,1480,5625,7105
1581,subcell,MQ,std_ctrl__tvn_efaar_e0.2_c96,0.270334053385544,0.02094197625330662,0.005661329326460187,370,53,1480,5657,7137
1582,subcell,MQ,std_ctrl__tvn_efaar_e0.2_c96,0.27940867599326363,-0.03342401974129941,-0.009338961102289173,370,58,1480,5721,7201
1583,subcell,MQ,std_ctrl__tvn_efaar_e0.2_c96,0.26047057940111057,0.026394918817158934,0.0068750997975506635,370,101,1480,5849,7329
1584,subcell,MQ,std_ctrl__tvn_efaar_e0.2_c96,0.2632881541442416,0.014082043757555236,0.0037076353075051584,370,82,1480,5628,7108
1585,subcell,MQ,std_ctrl__tvn_efaar_e0.2_c96,0.27088672250596973,-0.0716575143509341,-0.019411069205449032,370,120,1480,5913,7393
1586,subcell,MQ,std_ctrl__tvn_efaar_e0.2_c96,0.28838189508970963,-0.037409859361665514,-0.010788326137756616,370,69,1480,5849,7329
1587,subcell,MQ,std_ctrl__tvn_efaar_e0.2_c96,0.3082461725815166,0.023611060058475648,0.007278018893617438,370,57,1480,5785,7265
1588,subcell,MQ,std_ctrl__tvn_efaar_e0.2_c96,0.2681805100729923,0.11066607117683991,0.029678483415979,370,68,1480,5689,7169
1589,subcell,MQ,std_ctrl__tvn_efaar_e0.2_c96,0.2739267775575811,-0.026003811188129285,-0.0071231402029800295,370,80,1480,5625,7105
1590,subcell,MQ,std_ctrl__tvn_efaar_e0.2_c96,0.3077355177592712,0.03302652532322847,0.010163434870133397,370,100,1480,5689,7169
1591,subcell,MQ,std_ctrl__tvn_efaar_e0.2_c96,0.3104140334756989,0.05141798335536384,0.01596086360652484,370,86,1480,5785,7265
1592,subcell,MQ,std_ctrl__tvn_efaar_e0.2_c96,0.2876758474810007,0.08126810320386012,0.02337887046234389,370,74,1480,5753,7233
1593,subcell,MQ,std_ctrl__tvn_efaar_e0.2_c96,0.27835791552534106,0.05871541091471722,0.016343899391434543,370,67,1480,5689,7169
1594,subcell,MQ,std_ctrl__tvn_efaar_e0.2_c96,0.279069691460424,-0.01697908603525329,-0.004738348301138129,370,97,1480,5721,7201
1595,subcell,MQ,std_ctrl__tvn_efaar_e0.2_c96,0.3057683610629385,0.07378041465491347,0.0225597164675769,370,64,1480,5689,7169
1596,subcell,MQ,std_ctrl__tvn_efaar_e0.2_c96,0.28523077381961043,-0.019285509475595163,-0.005500820791229438,370,89,1480,5817,7297
1597,subcell,MQ,std_ctrl__tvn_efaar_e0.2_c96,0.3187142596990832,-0.026813142155242844,-0.008545730752214502,370,93,1480,5631,7111
1598,subcell,MQ,std_ctrl__tvn_efaar_e0.2_c96,0.2944444701585965,0.08258587317157817,0.024316953668590383,370,84,1480,5753,7233
1599,subcell,MQ,std_ctrl__tvn_efaar_e0.2_c96,0.29228926880615996,0.007142126431918048,0.0020875669125064744,370,63,1480,5657,7137
1600,subcell,MQ,std_ctrl__tvn_efaar_e0.2_c96,0.273424740120952,0.015861584373344062,0.004336949585188154,370,63,1480,5625,7105
1601,subcell,MQ,std_ctrl__tvn_efaar_e0.2_c96,0.29299219662782416,0.11158629427389251,0.03269391347286656,370,68,1480,5753,7233
1602,subcell,MQ,std_ctrl__tvn_efaar_e0.2_c96,0.2863050677720797,-0.005022197143081573,-0.0014378804934147148,370,84,1480,5881,7361
1603,subcell,MQ,std_ctrl__tvn_efaar_e0.2_c96,0.2763215593397735,0.02709440554155435,0.007486768388626498,370,76,1480,5817,7297
1604,subcell,MQ,std_ctrl__tvn_efaar_e0.2_c96,0.2534341721909229,0.014168238746291133,0.0035907158580696526,370,64,1480,5625,7105
1605,subcell,MQ,std_ctrl__tvn_efaar_e0.2_c96,0.2636420197730257,0.028505052859758104,0.007515129709683489,370,74,1480,5503,6983
1606,subcell,MQ,std_ctrl__tvn_efaar_e0.2_c96,0.2803232196754501,-0.022741464373933984,-0.006374960513435718,370,84,1480,5881,7361
1607,subcell,MQ,std_ctrl__tvn_efaar_e0.2_c96,0.28448339485849056,0.033672504187131046,0.009579268304541777,370,73,1480,5753,7233
1608,subcell,MQ,std_ctrl__tvn_efaar_e0.2_c96,0.2978128265946477,0.05020104971510169,0.014950516513672869,370,72,1480,5785,7265
1609,subcell,MQ,std_ctrl__tvn_efaar_e0.2_c96,0.28973354526456024,-0.006880567373835049,-0.0019935311786528935,370,108,1480,5593,7073
1610,subcell,MQ,std_ctrl__tvn_efaar_e0.2_c96,0.3000959695667345,0.016110560486307268,0.004834714269401901,370,65,1480,5625,7105
1611,subcell,MQ,std_ctrl__tvn_efaar_e0.2_c96,0.3034720478154225,0.05281119564366051,0.016026721689562574,370,48,1480,5657,7137
1612,subcell,MQ,std_ctrl__tvn_efaar_e0.2_c96,0.29231068253276643,0.06046946020601327,0.017675869185207697,370,95,1480,5657,7137
1613,subcell,MQ,std_ctrl__tvn_efaar_e0.2_c96,0.2586440537090427,0.0028413203674663872,0.0007348906177275732,370,49,1480,5529,7009
1614,subcell,MQ,std_ctrl__tvn_efaar_e0.2_c96,0.2864469710662428,0.009269726345185879,0.0026552850341914477,370,88,1480,5753,7233
1615,subcell,MQ,std_ctrl__tvn_efaar_e0.2_c96,0.3166657080380144,0.0824117408031219,0.02609697225206592,370,49,1480,5977,7457
1616,subcell,MQ,std_ctrl__tvn_efaar_e0.2_c96,0.3018060053805532,0.050614515202013925,0.015275764647393105,370,72,1480,5657,7137
1617,subcell,MQ,std_ctrl__tvn_efaar_e0.2_c96,0.29493097653481987,0.04577958879686807,0.013501818829222799,370,73,1480,5689,7169
1618,subcell,MQ,std_ctrl__tvn_efaar_e0.2_c96,0.29466298640001565,0.008397513418169083,0.0024744363821319055,370,46,1480,5753,7233
1619,subcell,MQ,std_ctrl__tvn_efaar_e0.2_c96,0.29359705125685287,0.0542962916480479,0.01594123112204895,370,48,1480,5785,7265
1620,subcell,MQ,std_ctrl__tvn_efaar_e0.2_c96,0.2614063652993123,0.013727943817403578,0.003588571896340636,370,52,1480,5561,7041
1621,subcell,MQ,std_ctrl__tvn_efaar_e0.2_c96,0.29386260919528717,0.0037750668787056418,0.0011093510028631485,370,71,1480,5625,7105
1622,subcell,MQ,std_ctrl__tvn_efaar_e0.2_c96,0.2505888873257318,0.03553725083541551,0.008905240145462205,370,65,1480,5305,6785
1623,subcell,MQ,std_ctrl__tvn_efaar_e0.2_c96,0.27545302255006837,-0.0010579384922753243,-0.00029141235536930024,370,68,1480,5753,7233
1624,subcell,MQ,std_ctrl__tvn_efaar_e0.2_c96,0.2866944931630922,0.06355705488301701,0.018221457636625395,370,72,1480,5689,7169
1625,subcell,MQ,std_ctrl__tvn_efaar_e0.2_c96,0.30291213684950735,0.017588875767009376,0.005327883943365328,370,70,1480,5913,7393
1626,subcell,MQ,std_ctrl__tvn_efaar_e0.2_c96,0.30189250245935223,0.02800125493863209,0.008453368925425937,370,54,1480,5593,7073
1627,subcell,MQ,std_ctrl__tvn_efaar_e0.2_c96,0.2843976532092095,0.01756816233046267,0.0049963441379820206,370,61,1480,5529,7009
1628,subcell,MQ,std_ctrl__tvn_efaar_e0.2_c96,0.28450984830713255,-0.018453755386158843,-0.005250275145612983,370,94,1480,5849,7329
1629,subcell,MQ,std_ctrl__tvn_efaar_e0.2_c96,0.29427260389328336,0.025966209814628143,0.007641144175389954,370,70,1480,5817,7297
1630,subcell,MQ,std_ctrl__tvn_efaar_e0.2_c96,0.27108361071849085,0.02317004557693401,0.006281019615507271,370,69,1480,5657,7137
1631,subcell,MQ,std_ctrl__tvn_efaar_e0.2_c96,0.2937472852795499,0.18160884209003658,0.05334710434671071,370,50,1480,5881,7361
1632,subcell,MQ,std_ctrl__tvn_efaar_e0.2_c96,0.3134448784159122,-0.024617169210334196,-0.007716125610077139,370,73,1480,5721,7201
1633,subcell,MQ,std_ctrl__tvn_efaar_e0.2_c96,0.3058839552805245,0.0036207468343195264,0.0011075283627510946,370,72,1480,5721,7201
1634,subcell,MQ,std_ctrl__tvn_efaar_e0.2_c96,0.2995277549896474,0.057428163024819526,0.01720132874400367,370,53,1480,5663,7143
1635,subcell,MQ,std_ctrl__tvn_efaar_e0.2_c96,0.30770697890729737,0.02939707804172755,0.009045686072922034,370,77,1480,5753,7233
1636,subcell,MQ,std_ctrl__tvn_efaar_e0.2_c96,0.2797267239420226,0.03317364840476529,0.009279555989469498,370,56,1480,5753,7233
1637,subcell,MQ,std_ctrl__tvn_efaar_e0.2_c96,0.29592500368904395,-0.008326747308348344,-0.0024640927279407205,370,61,1480,5881,7361
1638,subcell,MQ,std_ctrl__tvn_efaar_e0.2_c96,0.29712578655815497,0.04220724921043094,0.012540862120105358,370,58,1480,5881,7361
1639,subcell,MQ,std_ctrl__tvn_efaar_e0.2_c96,0.282145787437376,-0.03598992910505767,-0.010154406887161833,370,69,1480,5977,7457
1640,subcell,MQ,std_ctrl__tvn_efaar_e0.2_c96,0.2940491698755825,0.10441837351071616,0.0307041360505846,370,72,1480,5625,7105
1641,subcell,MQ,std_ctrl__tvn_efaar_e0.2_c96,0.3005922131590344,0.02797419964333221,0.008408826582141898,370,78,1480,5657,7137
1642,subcell,MQ,std_ctrl__tvn_efaar_e0.2_c96,0.3016718231336975,-0.013059548817176454,-0.003939697900981144,370,113,1480,5593,7073
1643,subcell,MQ,std_ctrl__tvn_efaar_e0.2_c96,0.2645266381689714,0.05058401055571638,0.013380818257407416,370,104,1480,5689,7169
1644,subcell,MQ,std_ctrl__tvn_efaar_e0.2_c96,0.27729190784782376,0.054198276941065125,0.015028743615052662,370,61,1480,5561,7041
1645,subcell,MQ,std_ctrl__tvn_efaar_e0.2_c96,0.27845047224009234,-0.013136453970738602,-0.0036578518117123997,370,61,1480,5785,7265
1646,subcell,MQ,std_ctrl__tvn_efaar_e0.2_c96,0.31260286933609444,0.009900361937404742,0.0030948815490985772,370,71,1480,5753,7233
1647,subcell,MQ,std_ctrl__tvn_efaar_e0.2_c96,0.2897702567662642,-0.01961244992572048,-0.0056831046507915236,370,70,1480,5881,7361
1648,subcell,MQ,std_ctrl__tvn_efaar_e0.2_c96,0.311312900572238,0.0163715847709902,0.005096685542021238,370,87,1480,5817,7297
1649,subcell,MQ,std_ctrl__tvn_efaar_e0.2_c96,0.3029582874934546,0.01563137583817407,0.00473565485509978,370,101,1480,5913,7393
1650,subcell,MQ,std_ctrl__tvn_efaar_e0.2_c96,0.2882681408895006,0.010517472176793809,0.0030318521512614,370,48,1480,5625,7105
1651,subcell,MQ,std_ctrl__tvn_efaar_e0.2_c96,0.27682897144947,0.10164066398878562,0.028137080469456704,370,79,1480,5689,7169
1652,subcell,MQ,std_ctrl__tvn_efaar_e0.2_c96,0.29095913469167384,0.022507153422338052,0.006548661884136225,370,77,1480,5535,7015
1653,subcell,MQ,std_ctrl__tvn_efaar_e0.2_c96,0.3088934865005822,-0.021903941710234177,-0.0067659849229797595,370,61,1480,5753,7233
1654,subcell,MQ,std_ctrl__tvn_efaar_e0.2_c96,0.26454358580052384,-0.01687067022503715,-0.004463027596189458,370,87,1480,5753,7233
1655,subcell,MQ,std_ctrl__tvn_efaar_e0.2_c96,0.2634452719884484,0.015917835046099053,0.004193478383186821,370,86,1480,5785,7265
1656,subcell,MQ,std_ctrl__tvn_efaar_e0.2_c96,0.29805388767024643,0.024266120219518565,0.007232611470101082,370,68,1480,5785,7265
1657,subcell,MQ,std_ctrl__tvn_efaar_e0.2_c96,0.28598721989980685,0.0971667075779041,0.02778843656702229,370,64,1480,5753,7233
1658,subcell,MQ,std_ctrl__tvn_efaar_e0.2_c96,0.28054536388298734,0.0587346918836708,0.01647774550705957,370,61,1480,5657,7137
1659,subcell,MQ,std_ctrl__tvn_efaar_e0.2_c96,0.30467425982790647,-0.005948159357394066,-0.001812251049552473,370,50,1480,5785,7265
1660,subcell,MQ,std_ctrl__tvn_efaar_e0.2_c96,0.3064644945302225,-0.03493101848897738,-0.01070511692465031,370,72,1480,5625,7105
1661,subcell,MQ,std_ctrl__tvn_efaar_e0.2_c96,0.3206950286947097,0.04418407798384436,0.014169614156878261,370,87,1480,5913,7393
1662,subcell,MQ,std_ctrl__tvn_efaar_e0.2_c96,0.2979872355610155,0.009474590322834764,0.0028233069783746806,370,70,1480,5657,7137
1663,subcell,MQ,std_ctrl__tvn_efaar_e0.2_c96,0.27181018476139673,0.1286261579211365,0.0349618997496927,370,76,1480,5689,7169
1664,subcell,MQ,std_ctrl__tvn_efaar_e0.2_c96,0.30213769734952484,-0.04012312207778703,-0.012122707715056457,370,77,1480,5625,7105
1665,subcell,MQ,std_ctrl__tvn_efaar_e0.2_c96,0.2770546452459505,-0.056110204813618704,-0.015545592889314756,370,88,1480,5753,7233
1666,subcell,MQ,std_ctrl__tvn_efaar_e0.2_c96,0.32226694166693637,0.048307763571910786,0.015567995225089127,370,100,1480,5561,7041
1667,subcell,MQ,std_ctrl__tvn_efaar_e0.2_c96,0.2788897369941846,0.01737099263198746,0.004844591566462901,370,120,1480,5657,7137
1668,subcell,MQ,std_ctrl__tvn_efaar_e0.2_c96,0.30826596712935905,0.05270170004811146,0.01624614053469247,370,95,1480,5561,7041
1669,subcell,MQ,std_ctrl__tvn_efaar_e0.2_c96,0.27271722191008585,0.025943285511380244,0.007075180751883801,370,88,1480,5593,7073
1670,subcell,MQ,std_ctrl__tvn_efaar_e0.2_c96,0.29787302154797923,0.03935912716822009,0.011724022135088878,370,79,1480,5753,7233
1671,subcell,MQ,std_ctrl__tvn_efaar_e0.2_c96,0.28924438966645827,0.01331985867571599,0.003852694393100951,370,54,1480,5785,7265
1672,subcell,MQ,std_ctrl__tvn_efaar_e0.2_c96,0.2962299755050048,0.011814920829507502,0.003499933707918578,370,58,1480,5529,7009
1673,subcell,MQ,std_ctrl__tvn_efaar_e0.2_c96,0.271733013578651,0.024058755001632102,0.006537557999543933,370,107,1480,5657,7137
1674,subcell,MQ,std_ctrl__tvn_efaar_e0.2_c96,0.3018411404430595,0.0697745203441844,0.021060820794556075,370,55,1480,5785,7265
1675,subcell,MQ,std_ctrl__tvn_efaar_e0.2_c96,0.3032218482487432,-0.02910633039408673,-0.00882567529783355,370,57,1480,5497,6977
1676,subcell,MQ,std_ctrl__tvn_efaar_e0.2_c96,0.27959142791952935,0.04592527513965107,0.012840313253892306,370,41,1480,5817,7297
1677,subcell,MQ,std_ctrl__tvn_efaar_e0.2_c96,0.2953786973072907,0.014800185077876568,0.004371659388209984,370,70,1480,5593,7073
1678,subcell,MQ,std_ctrl__tvn_efaar_e0.2_c96,0.29810132316783494,0.1519630195322019,0.04530037719512893,370,55,1480,5625,7105
1679,subcell,MQ,std_ctrl__tvn_efaar_e0.2_c96,0.332518825946938,0.0018664409070600961,0.0006206267391149612,370,77,1480,5721,7201
1680,subcell,MQ,std_ctrl__tvn_efaar_e0.2_c96,0.2623040553688479,-0.013647118120713213,-0.003579694427160766,370,89,1480,5913,7393
1681,subcell,MQ,std_ctrl__tvn_efaar_e0.2_c96,0.3104223214225454,0.004065730524897728,0.0012620935078172567,370,60,1480,5593,7073
1682,subcell,MQ,std_ctrl__tvn_efaar_e0.2_c96,0.314774103445684,0.015453548723071605,0.00486437694435906,370,73,1480,5849,7329
1683,subcell,MQ,std_ctrl__tvn_efaar_e0.2_c96,0.3095572700723461,-0.022260236654372698,-0.006890818089891988,370,84,1480,5689,7169
1684,subcell,MQ,std_ctrl__tvn_efaar_e0.2_c96,0.28849946828627215,0.037072655222959154,0.010695441319784007,370,84,1480,5721,7201
1685,subcell,MQ,std_ctrl__tvn_efaar_e0.2_c96,0.32334768288781707,0.04810612425205396,0.01555500380961507,370,69,1480,5657,7137
1686,subcell,MQ,std_ctrl__tvn_efaar_e0.2_c96,0.2673464103439229,-0.0005914522661465369,-0.00015812264024405516,370,95,1480,5689,7169
1687,subcell,MQ,std_ctrl__tvn_efaar_e0.2_c96,0.3061305120267445,0.029792987841610656,0.009120542622758843,370,52,1480,5721,7201
1688,subcell,MQ,std_ctrl__tvn_efaar_e0.2_c96,0.2659662413074963,0.02444822988929484,0.006502403810277335,370,72,1480,5529,7009
1689,subcell,MQ,std_ctrl__tvn_efaar_e0.2_c96,0.27812384557702463,-0.01354100774919097,-0.0037660771481932832,370,52,1480,5529,7009
1690,subcell,MQ,std_ctrl__tvn_efaar_e0.2_c96,0.32946804914240113,0.016402911799575322,0.005404235350860953,370,61,1480,5849,7329
1691,subcell,MQ,std_ctrl__tvn_efaar_e0.2_c96,0.277644341387189,0.020541888814420785,0.0057033391907287245,370,86,1480,5529,7009
1692,subcell,MQ,std_ctrl__tvn_efaar_e0.2_c96,0.28963318345261313,0.009818623982458375,0.0028437993211635937,370,80,1480,5497,6977
1693,subcell,MQ,std_ctrl__tvn_efaar_e0.2_c96,0.2978328856182879,0.03481974989068382,0.010370466586449427,370,79,1480,5817,7297
1694,subcell,MQ,std_ctrl__tvn_efaar_e0.2_c96,0.2775277178733848,0.0339071329340967,0.009410169222829345,370,50,1480,5753,7233
1695,subcell,MQ,std_ctrl__tvn_efaar_e0.2_c96,0.26044503935536634,-0.01916501409455396,-0.0049914328501022565,370,86,1480,5721,7201
1696,subcell,MQ,std_ctrl__tvn_efaar_e0.2_c96,0.271874729874746,0.062443410996671334,0.016976785497177762,370,76,1480,5689,7169
1697,subcell,MQ,std_ctrl__tvn_efaar_e0.2_c96,0.2855495624377425,0.027058920336398205,0.0077266628620962395,370,74,1480,5913,7393
1698,subcell,MQ,std_ctrl__tvn_efaar_e0.2_c96,0.3011191670090064,0.011259081276830302,0.0033903251753658412,370,65,1480,5625,7105
1699,subcell,MQ,std_ctrl__tvn_efaar_e0.2_c96,0.2372906374966135,0.025221406002835633,0.005984803508973782,370,57,1480,5561,7041
1700,subcell,MQ,std_ctrl__tvn_efaar_e0.2_c96,0.29136607566777095,0.04110415735408238,0.01197635702188953,370,85,1480,5753,7233
1701,subcell,MQ,std_ctrl__tvn_efaar_e0.2_c96,0.3120659752350183,0.06957995093970033,0.02171353524680231,370,95,1480,5689,7169
1702,subcell,MQ,std_ctrl__tvn_efaar_e0.2_c96,0.30966408916908944,0.006165531364148421,0.0019092436541224742,370,59,1480,5689,7169
1703,subcell,MQ,std_ctrl__tvn_efaar_e0.2_c96,0.27240859861691463,0.019072937042585864,0.005195632051279455,370,81,1480,5529,7009
1704,subcell,MQ,std_ctrl__tvn_efaar_e0.2_c96,0.2999049872280297,0.03548263757806237,0.010641419969665604,370,85,1480,5689,7169
1705,subcell,MQ,std_ctrl__tvn_efaar_e0.2_c96,0.2892492749009209,-0.023824053664681898,-0.006891090247709866,370,91,1480,5817,7297
1706,subcell,MQ,std_ctrl__tvn_efaar_e0.2_c96,0.2571467634043482,0.0018357889086446449,0.00047206717615157115,370,40,1480,5625,7105
1707,subcell,MQ,std_ctrl__tvn_efaar_e0.2_c96,0.2823983376740628,0.007821588827342116,0.002208803682811436,370,95,1480,5817,7297
1708,subcell,MQ,std_ctrl__tvn_efaar_e0.2_c96,0.29457038334845237,0.07939481171516277,0.023387360122813696,370,99,1480,5497,6977
1709,subcell,MQ,std_ctrl__tvn_efaar_e0.2_c96,0.29189117445711554,0.0013984805804817969,0.0004082041390923004,370,89,1480,5817,7297
1710,subcell,MQ,std_ctrl__tvn_efaar_e0.2_c96,0.29555680895259984,-0.006215503797868718,-0.0018370344685308434,370,75,1480,5657,7137
1711,subcell,MQ,std_ctrl__tvn_efaar_e0.2_c96,0.2804523512738499,0.006179001824623286,0.0017329155902410093,370,79,1480,5689,7169
1712,subcell,MQ,std_ctrl__tvn_efaar_e0.2_c96,0.29410096145582226,-0.010818490385049942,-0.0031817284237437567,370,91,1480,5625,7105
1713,subcell,MQ,std_ctrl__tvn_efaar_e0.2_c96,0.3335260766487363,0.024932937595032404,0.008315784855398937,370,71,1480,5753,7233
1714,subcell,MQ,std_ctrl__tvn_efaar_e0.2_c96,0.28598039272919606,0.025427626067133436,0.007271802488849963,370,87,1480,5817,7297
1715,subcell,MQ,std_ctrl__tvn_efaar_e0.2_c96,0.30413719513950743,0.007334861894214048,0.002230804323241915,370,71,1480,5529,7009
1716,subcell,MQ,std_ctrl__tvn_efaar_e0.2_c96,0.32216245566410306,-0.023891951117200796,-0.007697089642524119,370,80,1480,5721,7201
1717,subcell,MQ,std_ctrl__tvn_efaar_e0.2_c96,0.31099083440767705,0.028995694186017697,0.009017395129139474,370,63,1480,5721,7201
1718,subcell,MQ,std_ctrl__tvn_efaar_e0.2_c96,0.2948073588623302,0.036348259787575846,0.010715734467217079,370,80,1480,5657,7137
1719,subcell,MQ,std_ctrl__tvn_efaar_e0.2_c96,0.30582191761736516,-0.04661090936650435,-0.014254637684353566,370,72,1480,5689,7169
1720,subcell,MQ,std_ctrl__tvn_efaar_e0.2_c96,0.29833787188484334,0.10244856241460085,0.030564286088433566,370,61,1480,5497,6977
1721,subcell,MQ,std_ctrl__tvn_efaar_e0.2_c96,0.27332677058864613,0.02131876464451882,0.005826989093225736,370,61,1480,5721,7201
1722,subcell,MQ,std_ctrl__tvn_efaar_e0.2_c96,0.27457312603740514,0.04365471904024433,0.011986412673164516,370,68,1480,5497,6977
1723,subcell,MQ,std_ctrl__tvn_efaar_e0.2_c96,0.2895089313095303,0.16557583324184383,0.047935682532531214,370,70,1480,5817,7297
1724,subcell,MQ,std_ctrl__tvn_efaar_e0.2_c96,0.29245426974279215,0.05762324818565216,0.016852164968342576,370,65,1480,5401,6881
1725,subcell,MQ,std_ctrl__tvn_efaar_e0.2_c96,0.2848035174776516,0.01482288132984165,0.004221608741892712,370,78,1480,5721,7201
1726,subcell,MQ,std_ctrl__tvn_efaar_e0.2_c96,0.2786150135874914,0.04857183667921818,0.013532842936349787,370,61,1480,5593,7073
1727,subcell,MQ,std_ctrl__tvn_efaar_e0.2_c96,0.3282256540422129,0.021486785697709985,0.007052514288895725,370,97,1480,5529,7009
1728,subcell,MQ,std_ctrl__tvn_efaar_e0.2_c96,0.2713317355467574,-0.005378210438656914,-0.001459279172456468,370,68,1480,5785,7265
1729,subcell,MQ,std_ctrl__tvn_efaar_e0.2_c96,0.31457447314091036,0.03639195976415236,0.011447981569373437,370,51,1480,5593,7073
1730,subcell,MQ,std_ctrl__tvn_efaar_e0.2_c96,0.29429541341897186,0.00645772352891094,0.0019004784156862668,370,54,1480,5593,7073
1731,subcell,MQ,std_ctrl__tvn_efaar_e0.2_c96,0.2808014328301091,0.04051252433820092,0.011375974881731487,370,70,1480,5593,7073
1732,subcell,MQ,std_ctrl__tvn_efaar_e0.2_c96,0.29961725277010615,0.041020400588371614,0.012290419731817149,370,52,1480,5433,6913
1733,subcell,MQ,std_ctrl__tvn_efaar_e0.2_c96,0.2845084299704068,-0.02428692673711956,-0.0069098353947841815,370,80,1480,5753,7233
1734,subcell,MQ,std_ctrl__tvn_efaar_e0.2_c96,0.28176897511091353,0.027416150106230597,0.007725020516919558,370,57,1480,5721,7201
1735,subcell,MQ,std_ctrl__tvn_efaar_e0.2_c96,0.2925859570245748,0.02734352748413161,0.00800033215737241,370,65,1480,5753,7233
1736,subcell,MQ,std_ctrl__tvn_efaar_e0.2_c96,0.3098934981772247,0.01859960898813992,0.005763897894063231,370,65,1480,5625,7105
1737,subcell,MQ,std_ctrl__tvn_efaar_e0.2_c96,0.3052380163255295,0.07439641061079766,0.02270861279657945,370,85,1480,5721,7201
1738,subcell,MQ,std_ctrl__tvn_efaar_e0.2_c96,0.2898374341632511,0.004616629793074961,0.0013380721337064676,370,86,1480,5593,7073
1739,subcell,MQ,std_ctrl__tvn_efaar_e0.2_c96,0.29747924296593586,0.008038688811493283,0.0023913430620817605,370,92,1480,5657,7137
1740,subcell,MQ,std_ctrl__tvn_efaar_e0.2_c96,0.26126054309570756,0.038894048201614975,0.010161480156344556,370,77,1480,5529,7009
1741,subcell,MQ,std_ctrl__tvn_efaar_e0.2_c96,0.29247968760423715,0.030772843727359257,0.009000431720072045,370,81,1480,5657,7137
1742,subcell,MQ,std_ctrl__tvn_efaar_e0.2_c96,0.3120232654663533,0.000436898127933454,0.0001363223805539329,370,77,1480,5529,7009
1743,subcell,MQ,std_ctrl__tvn_efaar_e0.2_c96,0.3004724073373529,-0.0032794035504097596,-0.0009853702794222826,370,44,1480,5625,7105
1744,subcell,MQ,std_ctrl__tvn_efaar_e0.2_c96,0.28152754309029404,0.046541661570934,0.013102759633405004,370,92,1480,5657,7137
1745,subcell,MQ,std_ctrl__tvn_efaar_e0.2_c96,0.2822111801055039,0.09358202472765144,0.02640989363505296,370,70,1480,5785,7265
1746,subcell,MQ,std_ctrl__tvn_efaar_e0.2_c96,0.2907437621006467,0.003313608178110545,0.0009634109078313296,370,82,1480,5721,7201
1747,subcell,MQ,std_ctrl__tvn_efaar_e0.2_c96,0.2873159812071838,0.04656517756499321,0.013378919682172767,370,57,1480,5785,7265
1748,subcell,MQ,std_ctrl__tvn_efaar_e0.2_c96,0.2986185937418918,0.026405664021144016,0.007885222256814895,370,73,1480,5817,7297
1749,subcell,MQ,std_ctrl__tvn_efaar_e0.2_c96,0.30410824428239536,0.07724320695136737,0.023490296048722048,370,68,1480,5881,7361
1750,subcell,MQ,std_ctrl__tvn_efaar_e0.2_c96,0.2784132687032902,-0.03222679397800763,-0.008972367051244613,370,59,1480,5497,6977
1751,subcell,MQ,std_ctrl__tvn_efaar_e0.2_c96,0.27916688199517237,-0.026313642684165025,-0.007345897582073428,370,60,1480,5625,7105
1752,subcell,MQ,std_ctrl__tvn_efaar_e0.2_c96,0.2681182655750055,0.09123368033334694,0.024461416133001474,370,62,1480,5625,7105
1753,subcell,MQ,std_ctrl__tvn_efaar_e0.2_c96,0.28372106533424546,-0.01870854171192834,-0.005308007385358477,370,86,1480,5529,7009
1754,subcell,MQ,std_ctrl__tvn_efaar_e0.2_c96,0.2994301373693744,0.003491873708502524,0.0010455722242134176,370,66,1480,5465,6945
1755,subcell,MQ,std_ctrl__tvn_efaar_e0.2_c96,0.3368282902033683,0.11459784019554085,0.03859979457406286,370,56,1480,5689,7169
1756,subcell,MQ,std_ctrl__tvn_efaar_e0.2_c96,0.3346223499890358,-0.012033793481717753,-0.004026776254135136,370,66,1480,5753,7233
1757,subcell,MQ,std_ctrl__tvn_efaar_e0.2_c96,0.3179648073922455,0.01279998355414158,0.004069944305416537,370,64,1480,5657,7137
1758,subcell,MQ,std_ctrl__tvn_efaar_e0.2_c96,0.28397645302265695,-0.022713296749151943,-0.0064500414472752135,370,66,1480,5721,7201
1759,subcell,MQ,std_ctrl__tvn_efaar_e0.2_c96,0.286556554312212,0.02565521397020768,0.007351669715445238,370,99,1480,5625,7105
1760,subcell,MQ,std_ctrl__tvn_efaar_e0.2_c96,0.31739982573740294,0.005903141845337579,0.0018736561930133189,370,100,1480,5977,7457
1761,subcell,MQ,std_ctrl__tvn_efaar_e0.2_c96,0.27296392334458636,0.09413605467830162,0.025695746813169714,370,58,1480,5689,7169
1762,subcell,MQ,std_ctrl__tvn_efaar_e0.2_c96,0.2869817479005198,-0.008636384677004616,-0.002478484770148051,370,58,1480,5657,7137
1763,subcell,MQ,std_ctrl__tvn_efaar_e0.2_c96,0.27952900515833523,0.03036484062719516,0.008487853692311264,370,61,1480,5465,6945
1764,subcell,MQ,std_ctrl__tvn_efaar_e0.2_c96,0.2830827638707813,-0.025254621072284385,-0.007149147933651538,370,67,1480,5433,6913
1765,subcell,MQ,std_ctrl__tvn_efaar_e0.2_c96,0.29239966801620915,0.02281320127001366,0.006670572477738955,370,58,1480,5817,7297
1766,subcell,MQ,std_ctrl__tvn_efaar_e0.2_c96,0.28222461746692307,0.06334834415754098,0.017878462197024995,370,67,1480,5913,7393
1767,subcell,MQ,std_ctrl__tvn_efaar_e0.2_c96,0.2923904077105067,0.11436596245442182,0.0334395103902529,370,75,1480,5945,7425
1768,subcell,MQ,std_ctrl__tvn_efaar_e0.2_c96,0.2669121087930725,-0.01853700018260143,-0.004947749809435717,370,82,1480,5753,7233
1769,subcell,MQ,std_ctrl__tvn_efaar_e0.2_c96,0.2854640179778161,-0.027430920357864205,-0.00783054074218539,370,55,1480,5817,7297
1770,subcell,MQ,std_ctrl__tvn_efaar_e0.2_c96,0.2861245847342368,0.033974150227195556,0.009720839625454905,370,64,1480,5849,7329
1771,subcell,MQ,std_ctrl__tvn_efaar_e0.2_c96,0.3020426933663818,0.014377988621349976,0.004342766408383737,370,66,1480,5913,7393
1772,subcell,MQ,std_ctrl__tvn_efaar_e0.2_c96,0.27250896384773377,0.008645572048759992,0.0023559958808785143,370,51,1480,5753,7233
1773,subcell,MQ,std_ctrl__tvn_efaar_e0.2_c96,0.28629639090979014,-0.026004455963179424,-0.00744498188983084,370,63,1480,5881,7361
1774,subcell,MQ,std_ctrl__tvn_efaar_e0.2_c96,0.2809078929653146,0.0032629811368013752,0.0009165971559244412,370,57,1480,5849,7329
1775,subcell,MQ,std_ctrl__tvn_efaar_e0.2_c96,0.28931624028236813,-0.017085114007731182,-0.004943000949512408,370,52,1480,5913,7393
1776,subcell,MQ,std_ctrl__tvn_efaar_e0.2_c96,0.28133498947078145,0.08616411414470258,0.024240980145659112,370,77,1480,5561,7041
1777,subcell,MQ,std_ctrl__tvn_efaar_e0.2_c96,0.2864892152313795,0.0250525285753417,0.007177279251111353,370,81,1480,5593,7073
1778,subcell,MQ,std_ctrl__tvn_efaar_e0.2_c96,0.27521857398777266,-0.007984984414819735,-0.002197616023961277,370,86,1480,5913,7393
1779,subcell,MQ,std_ctrl__tvn_efaar_e0.2_c96,0.27035043386055624,0.06520712873405347,0.0176287755440525,370,50,1480,5881,7361
1780,subcell,MQ,std_ctrl__tvn_efaar_e0.2_c96,0.2610127174341662,0.026875861841001596,0.0070149417325050395,370,56,1480,5689,7169
1781,subcell,MQ,std_ctrl__tvn_efaar_e0.2_c96,0.2940832482092296,-0.03178080856059976,-0.009346203412216869,370,65,1480,5689,7169
1782,subcell,MQ,std_ctrl__tvn_efaar_e0.2_c96,0.2985848015045837,7.201425865075314e-05,2.1502363124734876e-05,370,84,1480,5721,7201
1783,subcell,MQ,std_ctrl__tvn_efaar_e0.2_c96,0.29009707532240897,-0.0034316696087258337,-0.0009955173169641598,370,61,1480,5657,7137
1784,subcell,MQ,std_ctrl__tvn_efaar_e0.2_c96,0.2932196904710474,0.08678110067959907,0.025445927480008842,370,42,1480,5762,7242
1785,subcell,MQ,std_ctrl__tvn_efaar_e0.2_c96,0.28382606133079125,0.11189380551857196,0.03175837810764983,370,66,1480,5433,6913
1786,subcell,MQ,std_ctrl__tvn_efaar_e0.2_c96,0.3054532186364538,0.02161791728906294,0.006603262416160917,370,98,1480,5817,7297
1787,subcell,MQ,std_ctrl__tvn_efaar_e0.2_c96,0.30619376997782294,-0.010599782844944554,-0.0032455874702398265,370,86,1480,5657,7137
1788,subcell,MQ,std_ctrl__tvn_efaar_e0.2_c96,0.3083769987174449,0.036361427101935774,0.011213027758778114,370,93,1480,5625,7105
1789,subcell,MQ,std_ctrl__tvn_efaar_e0.2_c96,0.29702635349355555,-0.02259526822517202,-0.006711390127131648,370,84,1480,5689,7169
1790,subcell,MQ,std_ctrl__tvn_efaar_e0.2_c96,0.2966190527315637,0.058667031128997175,0.0174017592000563,370,94,1480,5471,6951
1791,subcell,MQ,std_ctrl__tvn_efaar_e0.2_c96,0.2705869944704304,0.0018816223424994217,0.0005091425343853293,370,103,1480,5689,7169
1792,subcell,MQ,std_ctrl__tvn_efaar_e0.2_c96,0.3180603938858704,0.02903536010206834,0.00923499807068194,370,67,1480,5721,7201
1793,subcell,MQ,std_ctrl__tvn_efaar_e0.2_c96,0.30968098926516663,0.04800127149751939,0.01486508124333765,370,58,1480,5593,7073
1794,subcell,MQ,std_ctrl__tvn_efaar_e0.2_c96,0.29366445387517504,0.007432182370355912,0.0021825677768912725,370,62,1480,5945,7425
1795,subcell,MQ,std_ctrl__tvn_efaar_e0.2_c96,0.2930059309842319,-0.012039898784161677,-0.0035277617522092137,370,70,1480,5593,7073
1796,subcell,MQ,std_ctrl__tvn_efaar_e0.2_c96,0.2935668253068298,0.10510499540580899,0.030855339825172277,370,104,1480,5753,7233
1797,subcell,MQ,std_ctrl__tvn_efaar_e0.2_c96,0.3170477518724638,0.027603814124505393,0.008751727211279798,370,71,1480,5785,7265
1798,subcell,MQ,std_ctrl__tvn_efaar_e0.2_c96,0.3163933593656522,-0.05114331980007032,-0.016181406760656127,370,55,1480,5497,6977
1799,subcell,MQ,std_ctrl__tvn_efaar_e0.2_c96,0.27089149621552977,0.09088065202744917,0.024618795804758627,370,93,1480,5753,7233
1800,subcell,MQ,std_ctrl__tvn_efaar_e0.2_c96,0.2940494022134281,0.056116357891704084,0.016500981492450377,370,88,1480,5721,7201
1801,subcell,MQ,std_ctrl__tvn_efaar_e0.2_c96,0.2855010957847214,0.019284191160433617,0.005505657707625835,370,73,1480,5753,7233
1802,subcell,MQ,std_ctrl__tvn_efaar_e0.2_c96,0.27619619451603566,-0.010207887961389463,-0.002819379808981823,370,85,1480,5849,7329
1803,subcell,MQ,std_ctrl__tvn_efaar_e0.2_c96,0.2975391320138549,0.007584750000963463,0.002256759931828754,370,70,1480,5753,7233
1804,subcell,MQ,std_ctrl__tvn_efaar_e0.2_c96,0.30097138578395494,-0.021621141160847474,-0.006507344817410773,370,49,1480,5657,7137
1805,subcell,MQ,std_ctrl__tvn_efaar_e0.2_c96,0.2680167802526432,-0.03089349038320589,-0.008279973823272838,370,50,1480,5657,7137
1806,subcell,MQ,std_ctrl__tvn_efaar_e0.2_c96,0.28466705697137845,0.059738208307101776,0.017005499947525815,370,50,1480,5625,7105
1807,subcell,MQ,std_ctrl__tvn_efaar_e0.2_c96,0.3015390721798789,0.03624263462479496,0.010928570418115027,370,92,1480,5785,7265
1808,subcell,MQ,std_ctrl__tvn_efaar_e0.2_c96,0.30851515924369144,-0.002810232260367051,-0.0008669992533188997,370,97,1480,5433,6913
1809,subcell,MQ,std_ctrl__tvn_efaar_e0.2_c96,0.29842309787266835,0.06555095610751208,0.019561919390119063,370,64,1480,5689,7169
1810,subcell,MQ,std_ctrl__tvn_efaar_e0.2_c96,0.3156032498165668,0.04029744715149903,0.012718005280324445,370,55,1480,5945,7425
1811,subcell,MQ,std_ctrl__tvn_efaar_e0.2_c96,0.2944192879002721,0.021006115498937845,0.006184605566748149,370,98,1480,5657,7137
1812,subcell,MQ,std_ctrl__tvn_efaar_e0.2_c96,0.3039733805293702,-0.025850849528991936,-0.007857970120883755,370,80,1480,5657,7137
1813,subcell,MQ,std_ctrl__tvn_efaar_e0.2_c96,0.3310459961376022,0.04016287617700608,0.01329575935176815,370,39,1480,5593,7073
1814,subcell,MQ,std_ctrl__tvn_efaar_e0.2_c96,0.31024045352254354,0.009568506724034415,0.0029685378655979443,370,85,1480,5721,7201
1815,subcell,MQ,std_ctrl__tvn_efaar_e0.2_c96,0.289523838996989,0.06472442596983165,0.01873926428366207,370,73,1480,5625,7105
1816,subcell,MQ,std_ctrl__tvn_efaar_e0.2_c96,0.28063542086822363,0.004168342605077014,0.0011697845812987354,370,91,1480,5849,7329
1817,subcell,MQ,std_ctrl__tvn_efaar_e0.2_c96,0.27988556741658144,0.0620497399520752,0.01736682667453789,370,58,1480,5497,6977
1818,subcell,MQ,std_ctrl__tvn_efaar_e0.2_c96,0.2967417273326728,0.04419226591317487,0.013113689321820308,370,89,1480,5657,7137
1819,subcell,MQ,std_ctrl__tvn_efaar_e0.2_c96,0.2750917828939916,-0.035338194106649644,-0.009721246821052198,370,81,1480,5785,7265
1820,subcell,MQ,std_ctrl__tvn_efaar_e0.2_c96,0.2651215058576133,0.012904409185117949,0.003421236395361287,370,76,1480,5753,7233
1821,subcell,MQ,std_ctrl__tvn_efaar_e0.2_c96,0.2866902973480279,-0.017606186902330036,-0.005047522958193953,370,90,1480,5753,7233
1822,subcell,MQ,std_ctrl__tvn_efaar_e0.2_c96,0.302463254062651,0.03049422847821292,0.009223383575650241,370,58,1480,5817,7297
1823,subcell,MQ,std_ctrl__tvn_efaar_e0.2_c96,0.3028671581638733,-0.01231823561675826,-0.0037307890148405806,370,64,1480,5817,7297
1824,subcell,MQ,std_ctrl__tvn_efaar_e0.2_c96,0.3034755333461173,0.09541960453911867,0.028957515379184635,370,77,1480,5497,6977
1825,subcell,MQ,std_ctrl__tvn_efaar_e0.2_c96,0.27189145981309887,0.04766476593788874,0.01295964279250224,370,83,1480,5753,7233
1826,subcell,MQ,std_ctrl__tvn_efaar_e0.2_c96,0.30938211016786676,0.11044817941602417,0.0341706908119287,370,78,1480,5529,7009
1827,subcell,MQ,std_ctrl__tvn_efaar_e0.2_c96,0.2926936285833923,0.05346775437865755,0.01564967104129484,370,69,1480,5849,7329
1828,subcell,MQ,std_ctrl__tvn_efaar_e0.2_c96,0.29137735373014473,-0.049385258397606484,-0.014389745905173985,370,55,1480,5625,7105
1829,subcell,MQ,std_ctrl__tvn_efaar_e0.2_c96,0.2948674449355529,0.07661603684212928,0.022591575024726848,370,78,1480,5689,7169
1830,subcell,MQ,std_ctrl__tvn_efaar_e0.2_c96,0.32028375035002266,0.05151101034009081,0.01649813957604308,370,57,1480,5753,7233
1831,subcell,MQ,std_ctrl__tvn_efaar_e0.2_c96,0.3023528801807014,0.04816702650360777,0.014563439193105987,370,68,1480,5881,7361
1832,subcell,MQ,std_ctrl__tvn_efaar_e0.2_c96,0.3040561424301212,-0.030408860639138686,-0.009246000861631659,370,66,1480,5753,7233
1833,subcell,MQ,std_ctrl__tvn_efaar_e0.2_c96,0.2709874909847315,0.03483468824654137,0.009439764767165564,370,64,1480,5689,7169
1834,subcell,MQ,std_ctrl__tvn_efaar_e0.2_c96,0.30477719275637466,0.0010796389777956454,0.0003290493368429187,370,66,1480,5721,7201
1835,subcell,MQ,std_ctrl__tvn_efaar_e0.2_c96,0.29623523238550525,0.03778913363120814,0.011194472782887854,370,53,1480,5657,7137
1836,subcell,MQ,std_ctrl__tvn_efaar_e0.2_c96,0.27604902217153854,0.021065831114994826,0.005815202080525093,370,76,1480,5721,7201
1837,subcell,MQ,std_ctrl__tvn_efaar_e0.2_c96,0.2622810092276791,0.09027837528442562,0.023678303381034313,370,83,1480,5881,7361
1838,subcell,MQ,std_ctrl__tvn_efaar_e0.2_c96,0.29802493199160585,0.07238589926077256,0.021572802704342975,370,44,1480,5593,7073
1839,subcell,MQ,std_ctrl__tvn_efaar_e0.2_c96,0.31617202502641434,0.12738251449541155,0.040274787560970846,370,52,1480,5945,7425
1840,subcell,MQ,std_ctrl__tvn_efaar_e0.2_c96,0.2947415453455148,-0.01490474810224869,-0.004393048488642407,370,83,1480,5657,7137
1841,subcell,MQ,std_ctrl__tvn_efaar_e0.2_c96,0.2988768405562757,0.06172550461917527,0.018448323802320907,370,69,1480,5593,7073
1842,subcell,MQ,std_ctrl__tvn_efaar_e0.2_c96,0.29919807868299436,-0.008681046148520985,-0.002597352328595887,370,71,1480,5497,6977
1843,subcell,MQ,std_ctrl__tvn_efaar_e0.2_c96,0.28953088805430854,0.03498217052333265,0.010128418897687758,370,60,1480,5625,7105
1844,subcell,MQ,std_ctrl__tvn_efaar_e0.2_c96,0.25874744992602194,-0.01950257829658858,-0.005046242401224876,370,77,1480,5817,7297
1845,subcell,MQ,std_ctrl__tvn_efaar_e0.2_c96,0.3149946903684748,0.054328892674524384,0.017113312726073904,370,51,1480,5625,7105
1846,subcell,MQ,std_ctrl__tvn_efaar_e0.2_c96,0.3000805847794518,0.02123897670637095,0.006373404550164951,370,45,1480,5433,6913
1847,subcell,MQ,std_ctrl__tvn_efaar_e0.2_c96,0.29669659868556714,0.007304303337319366,0.002167161955950293,370,67,1480,5817,7297
1848,subcell,MQ,std_ctrl__tvn_efaar_e0.2_c96,0.33136811032472485,0.06719907865340856,0.02226763170894255,370,71,1480,5529,7009
1849,subcell,MQ,std_ctrl__tvn_efaar_e0.2_c96,0.2583424727300546,0.05138730579541788,0.013275523646123721,370,68,1480,5689,7169
1850,subcell,MQ,std_ctrl__tvn_efaar_e0.2_c96,0.27396603871746045,-0.04347961962252733,-0.011911939152925776,370,67,1480,5433,6913
1851,subcell,MQ,std_ctrl__tvn_efaar_e0.2_c96,0.27505917586725626,0.020024634584770506,0.005507959485929932,370,63,1480,5657,7137
1852,subcell,MQ,std_ctrl__tvn_efaar_e0.2_c96,0.29149815538537643,0.04048485908430006,0.011801261744110367,370,71,1480,6041,7521
1853,subcell,MQ,std_ctrl__tvn_efaar_e0.2_c96,0.31922119806183774,0.03453757555268705,0.011025126246079998,370,83,1480,5849,7329
1854,subcell,MQ,std_ctrl__tvn_efaar_e0.2_c96,0.2959074941780907,0.044227663135022535,0.013087296971637238,370,86,1480,5849,7329
1855,subcell,MQ,std_ctrl__tvn_efaar_e0.2_c96,0.2820766974341468,-0.008510851708842986,-0.002400712942382194,370,56,1480,5817,7297
1856,subcell,MQ,std_ctrl__tvn_efaar_e0.2_c96,0.31578203851724285,0.036667063858900686,0.01157880017180558,370,59,1480,5913,7393
1857,subcell,MQ,std_ctrl__tvn_efaar_e0.2_c96,0.29819753640536417,0.053918541532998396,0.01607837625171043,370,64,1480,5817,7297
1858,subcell,MQ,std_ctrl__tvn_efaar_e0.2_c96,0.2834846126133943,0.03792165890859996,0.010750206785361734,370,66,1480,5625,7105
1859,subcell,MQ,std_ctrl__tvn_efaar_e0.2_c96,0.274620860908423,0.05150442668297541,0.014144189996273463,370,88,1480,5561,7041
1860,subcell,MQ,std_ctrl__tvn_efaar_e0.2_c96,0.29715520166026477,-0.05094076408550825,-0.015137313024557177,370,66,1480,5625,7105
1861,subcell,MQ,std_ctrl__tvn_efaar_e0.2_c96,0.2862462107771458,-0.038943793849718966,-0.011147513422768368,370,90,1480,5945,7425
1862,subcell,MQ,std_ctrl__tvn_efaar_e0.2_c96,0.28408277502438506,0.019009153121434932,0.005400172969600687,370,73,1480,5817,7297
1863,subcell,MQ,std_ctrl__tvn_efaar_e0.2_c96,0.26535251346041017,0.15539257096309597,0.041233809278132666,370,75,1480,5561,7041
1864,subcell,MQ,std_ctrl__tvn_efaar_e0.2_c96,0.2986971286029602,0.02115516500621721,0.006318987042478906,370,98,1480,5625,7105
1865,subcell,MQ,std_ctrl__tvn_efaar_e0.2_c96,0.2721634710560789,0.10466869181414477,0.028486994475036633,370,69,1480,5657,7137
1866,subcell,MQ,std_ctrl__tvn_efaar_e0.2_c96,0.3005292191711995,0.05729303555421866,0.017218231239057108,370,42,1480,5945,7425
1867,subcell,MQ,std_ctrl__tvn_efaar_e0.2_c96,0.2904303320625203,-0.05177289665333404,-0.01503641956686635,370,71,1480,5753,7233
1868,subcell,MQ,std_ctrl__tvn_efaar_e0.2_c96,0.2500953990641715,-0.010829387694350424,-0.0027083800370391975,370,62,1480,5913,7393
1869,subcell,MQ,std_ctrl__tvn_efaar_e0.2_c96,0.2678068825927413,-0.024111739834118046,-0.006457289878862376,370,72,1480,5689,7169
1870,subcell,MQ,std_ctrl__tvn_efaar_e0.2_c96,0.2859777460367615,0.007918773316700788,0.0022645929444861414,370,77,1480,5785,7265
1871,subcell,MQ,std_ctrl__tvn_efaar_e0.2_c96,0.2994115507480386,0.002988144143989498,0.0008946848720105659,370,74,1480,5593,7073
1872,subcell,MQ,std_ctrl__tvn_efaar_e0.2_c96,0.31793671152306097,0.03943943605239621,0.012539244602822902,370,82,1480,5881,7361
1873,subcell,MQ,std_ctrl__tvn_efaar_e0.2_c96,0.30224779938177093,0.021043479162153288,0.006360345268096984,370,63,1480,5529,7009
1874,subcell,MQ,std_ctrl__tvn_efaar_e0.2_c96,0.2783331689366475,0.06768104903149007,0.018837880853891247,370,94,1480,5529,7009
1875,subcell,MQ,std_ctrl__tvn_efaar_e0.2_c96,0.26978426077223555,-0.01922952746394139,-0.0051878238518588285,370,62,1480,5593,7073
1876,subcell,MQ,std_ctrl__tvn_efaar_e0.2_c96,0.270373572037624,0.02895209005182789,0.007827880005267665,370,61,1480,5721,7201
1877,subcell,MQ,std_ctrl__tvn_efaar_e0.2_c96,0.31735588057394737,0.050958168928715936,0.01617187457280861,370,70,1480,5657,7137
1878,subcell,MQ,std_ctrl__tvn_efaar_e0.2_c96,0.32652658011763375,0.10458129046612422,0.034148571120192435,370,74,1480,5817,7297
1879,subcell,MQ,std_ctrl__tvn_efaar_e0.2_c96,0.25808899398115787,0.006440048850538325,0.0016621057290249484,370,76,1480,5593,7073
1880,subcell,MQ,std_ctrl__tvn_efaar_e0.2_c96,0.3277649040752187,0.07662844892000452,0.025116116209698076,370,74,1480,5625,7105
1881,subcell,MQ,std_ctrl__tvn_efaar_e0.2_c96,0.28054747668234237,0.0025075026909227886,0.0007034735527125718,370,76,1480,5785,7265
1882,subcell,MQ,std_ctrl__tvn_efaar_e0.2_c96,0.2674678396841349,0.04906632783597765,0.013123664707522475,370,95,1480,5817,7297
1883,subcell,MQ,std_ctrl__tvn_efaar_e0.2_c96,0.28555103965405665,0.021305285723028314,0.006083746488337465,370,79,1480,5753,7233
1884,subcell,MQ,std_ctrl__tvn_efaar_e0.2_c96,0.28554976344604593,-0.016612240837446002,-0.00474362144144145,370,72,1480,5625,7105
1885,subcell,MQ,std_ctrl__tvn_efaar_e0.2_c96,0.28992036595981047,0.08824419528693163,0.0255837893914162,370,110,1480,5881,7361
1886,subcell,MQ,std_ctrl__tvn_efaar_e0.2_c96,0.27025778434476927,0.023209574720968615,0.006272568239673345,370,84,1480,5273,6753
1887,subcell,MQ,std_ctrl__tvn_efaar_e0.2_c96,0.2562186892943616,-0.02437839559753774,-0.006246200567100554,370,70,1480,5785,7265
1888,subcell,MQ,std_ctrl__tvn_efaar_e0.2_c96,0.26795760962418,0.029689430931582276,0.007955508943528979,370,56,1480,5657,7137
1889,subcell,MQ,std_ctrl__tvn_efaar_e0.2_c96,0.2955924602753108,0.030397960993634753,0.008985408077461426,370,75,1480,5817,7297
1890,subcell,MQ,std_ctrl__tvn_efaar_e0.2_c96,0.2572859480995209,-0.023364242965847142,-0.006011291403095543,370,70,1480,5561,7041
1891,subcell,MQ,std_ctrl__tvn_efaar_e0.2_c96,0.26812821402921355,-0.022908052332621835,-0.006142295158833652,370,60,1480,5433,6913
1892,subcell,MQ,std_ctrl__tvn_efaar_e0.2_c96,0.29463559146234797,0.03318942209318626,0.009778785008719452,370,109,1480,5689,7169
1893,subcell,MQ,std_ctrl__tvn_efaar_e0.2_c96,0.2904323432978925,-0.012579517576755113,-0.003653498767374014,370,95,1480,5401,6881
1894,subcell,MQ,std_ctrl__tvn_efaar_e0.2_c96,0.3043425074361218,-0.01788297234423276,-0.005442548643654619,370,50,1480,5753,7233
1895,subcell,MQ,std_ctrl__tvn_efaar_e0.2_c96,0.2847211949330993,0.025043529693067716,0.007130423699552793,370,85,1480,5753,7233
1896,subcell,MQ,std_ctrl__tvn_efaar_e0.2_c96,0.3009179936284847,0.06823158592367393,0.020532111938241518,370,66,1480,5817,7297
1897,subcell,MQ,std_ctrl__tvn_efaar_e0.2_c96,0.2778714862148264,-0.0014648988621011939,-0.00040705362396646676,370,79,1480,5435,6915
1898,subcell,MQ,std_ctrl__tvn_efaar_e0.2_c96,0.2983979857007449,0.018186139002563537,0.005426707246038713,370,106,1480,5625,7105
1899,subcell,MQ,std_ctrl__tvn_efaar_e0.2_c96,0.294935544774831,-0.02707017059479546,-0.00798395551152361,370,49,1480,5657,7137
1900,subcell,MQ,std_ctrl__tvn_efaar_e0.2_c96,0.2963182563491461,-0.0009025078557512568,-0.0002674295541576191,370,74,1480,5529,7009
1901,subcell,MQ,std_ctrl__tvn_efaar_e0.2_c96,0.23085322150186569,0.0039405623155568505,0.0009096915050751503,370,106,1480,5721,7201
1902,subcell,MQ,std_ctrl__tvn_efaar_e0.2_c96,0.304487853952261,-0.001686243674368628,-0.0005134407176490788,370,70,1480,5785,7265
1903,subcell,MQ,std_ctrl__tvn_efaar_e0.2_c96,0.29177816299534404,0.01860846275551401,0.005429543078971156,370,72,1480,5689,7169
1904,subcell,MQ,std_ctrl__tvn_efaar_e0.2_c96,0.2805364437353467,-0.03867503517858929,-0.01084975683034087,370,84,1480,5753,7233
1905,subcell,MQ,std_ctrl__tvn_efaar_e0.2_c96,0.2650615552423491,0.00040095186776899666,0.00010627692564817496,370,80,1480,5593,7073
1906,subcell,MQ,std_ctrl__tvn_efaar_e0.2_c96,0.27929855819237376,-0.009279358367855357,-0.00259171141309234,370,66,1480,5404,6884
1907,subcell,MQ,std_ctrl__tvn_efaar_e0.2_c96,0.3060804213497861,0.03582860540585257,0.010966434638998579,370,99,1480,5817,7297
1908,subcell,MQ,std_ctrl__tvn_efaar_e0.2_c96,0.3186482572554509,0.04713275269066506,0.015018769504532584,370,74,1480,5625,7105
1909,subcell,MQ,std_ctrl__tvn_efaar_e0.2_c96,0.29374477267555843,0.041703578219872195,0.012250208103953728,370,42,1480,5721,7201
1910,subcell,MQ,std_ctrl__tvn_efaar_e0.2_c96,0.29082247116139864,0.005723511073393678,0.0016645256340839787,370,54,1480,5657,7137
1911,subcell,MQ,std_ctrl__tvn_efaar_e0.2_c96,0.2666243048699054,0.04144007123623477,0.011048930187120456,370,76,1480,5497,6977
1912,subcell,MQ,std_ctrl__tvn_efaar_e0.2_c96,0.2899860310624207,0.046791493196403786,0.013568879399509395,370,75,1480,5657,7137
1913,subcell,MQ,std_ctrl__tvn_efaar_e0.2_c96,0.26975583802223513,0.024298643317278882,0.006554700890855948,370,58,1480,5657,7137
1914,subcell,MQ,std_ctrl__tvn_efaar_e0.2_c96,0.3037856906557469,-0.005386777379468996,-0.0016364258866307434,370,80,1480,5913,7393
1915,subcell,MQ,std_ctrl__tvn_efaar_e0.2_c96,0.28973661783663707,0.026444953879838667,0.007662071495990309,370,75,1480,5721,7201
1916,subcell,MQ,std_ctrl__tvn_efaar_e0.2_c96,0.31934916899859345,0.012607231743426038,0.0040261089806357935,370,79,1480,5817,7297
1917,subcell,MQ,std_ctrl__tvn_efaar_e0.2_c96,0.2809087389627874,0.008310746946971162,0.0023345614447125044,370,63,1480,5854,7334
1918,subcell,MQ,std_ctrl__tvn_efaar_e0.2_c96,0.29426013871044154,0.0607982471546694,0.017890500641084727,370,66,1480,5817,7297
1919,subcell,MQ,std_ctrl__tvn_efaar_e0.2_c96,0.29487760135446395,0.07196469412262507,0.021220776385087372,370,81,1480,5849,7329
1920,subcell,MQ,std_ctrl__tvn_efaar_e0.2_c96,0.33257753682017716,-0.022802835425292614,-0.007583710838259695,370,55,1480,5817,7297
1921,subcell,MQ,std_ctrl__tvn_efaar_e0.2_c96,0.336101324629269,-0.05343553469666065,-0.01795975399382091,370,97,1480,5817,7297
1922,subcell,MQ,std_ctrl__tvn_efaar_e0.2_c96,0.315241665713698,0.014393662305743246,0.004537482080982968,370,69,1480,5817,7297
1923,subcell,MQ,std_ctrl__tvn_efaar_e0.2_c96,0.3241299849381407,0.10478697179356905,0.03396459958916291,370,50,1480,5753,7233
1924,subcell,MQ,std_ctrl__tvn_efaar_e0.2_c96,0.27693327623606323,0.03281606056233497,0.00908785916468849,370,83,1480,5721,7201
1925,subcell,MQ,std_ctrl__tvn_efaar_e0.2_c96,0.2685143673039696,-0.019241264796524337,-0.005166556042966876,370,78,1480,5849,7329
1926,subcell,MQ,std_ctrl__tvn_efaar_e0.2_c96,0.2883743503427029,0.02707510504932921,0.007807765829060747,370,62,1480,5657,7137
1927,subcell,MQ,std_ctrl__tvn_efaar_e0.2_c96,0.32312924275095073,0.025625416805769446,0.008280321527625768,370,67,1480,5593,7073
1928,subcell,MQ,std_ctrl__tvn_efaar_e0.2_c96,0.2731301262785552,0.05418963847904093,0.014800822800769704,370,81,1480,5369,6849
1929,subcell,MQ,std_ctrl__tvn_efaar_e0.2_c96,0.2792447649320481,0.027643911614909256,0.007719417600707649,370,88,1480,5881,7361
1930,subcell,MQ,std_ctrl__tvn_efaar_e0.2_c96,0.262170415367232,0.03463675560773667,0.009080732604653625,370,68,1480,5721,7201
1931,subcell,MQ,std_ctrl__tvn_efaar_e0.2_c96,0.28834168301843854,0.03415041451414883,0.009846987996786986,370,77,1480,5689,7169
1932,subcell,MQ,std_ctrl__tvn_efaar_e0.2_c96,0.28651577818362506,-0.007288098582163068,-0.002088155236747426,370,51,1480,5945,7425
1933,subcell,MQ,std_ctrl__tvn_efaar_e0.2_c96,0.2703197422421652,0.17921879303455038,0.048446377938051614,370,83,1480,5753,7233
1934,subcell,MQ,std_ctrl__tvn_efaar_e0.2_c96,0.33759392615072664,0.004348731561372574,0.001468105361579347,370,60,1480,5689,7169
1935,subcell,MQ,std_ctrl__tvn_efaar_e0.2_c96,0.2915921514950644,-0.012777571263638429,-0.003725839495645838,370,77,1480,5689,7169
1936,subcell,MQ,std_ctrl__tvn_efaar_e0.2_c96,0.30643323551285306,0.011952267328979702,0.0036625719493338163,370,49,1480,5593,7073
1937,subcell,MQ,std_ctrl__tvn_efaar_e0.2_c96,0.2995033658432701,-0.012048076237302295,-0.0036084393850083583,370,94,1480,5689,7169
1938,subcell,MQ,std_ctrl__tvn_efaar_e0.2_c96,0.2922624398522374,0.026890489129039137,0.007859079961673043,370,68,1480,5785,7265
1939,subcell,MQ,std_ctrl__tvn_efaar_e0.2_c96,0.28439125226995166,-0.02835155971683728,-0.008062935571677669,370,90,1480,5657,7137
1940,subcell,MQ,std_ctrl__tvn_efaar_e0.2_c96,0.28363477496730055,0.019163797486939933,0.005435519387727128,370,91,1480,5849,7329
1941,subcell,MQ,std_ctrl__tvn_efaar_e0.2_c96,0.2857893065956414,-0.018312404482934263,-0.005233489379276698,370,57,1480,5689,7169
1942,subcell,MQ,std_ctrl__tvn_efaar_e0.2_c96,0.25632019201889367,0.03083665388992698,0.007904057046286248,370,69,1480,5625,7105
1943,subcell,MQ,std_ctrl__tvn_efaar_e0.2_c96,0.27754901991965153,0.019269894355408563,0.005348340292298872,370,111,1480,5497,6977
1944,subcell,MQ,std_ctrl__tvn_efaar_e0.2_c96,0.29097112659353175,0.0099816473064917,0.0029043711620291815,370,84,1480,5689,7169
1945,subcell,MQ,std_ctrl__tvn_efaar_e0.2_c96,0.2955002133621643,0.019928124857373043,0.005888765147261585,370,76,1480,5625,7105
1946,subcell,MQ,std_ctrl__tvn_efaar_e0.2_c96,0.2957470866427277,0.02435813491933764,0.0072038474384446,370,80,1480,5305,6785
1947,subcell,MQ,std_ctrl__tvn_efaar_e0.2_c96,0.2733904144083592,0.021345247274511793,0.005835585998027679,370,90,1480,5721,7201
1948,subcell,MQ,std_ctrl__tvn_efaar_e0.2_c96,0.30682109701936494,0.024841282294957613,0.0076218294851066225,370,64,1480,5529,7009
1949,subcell,MQ,std_ctrl__tvn_efaar_e0.2_c96,0.34819729624864504,0.10056819041369573,0.035017571990667754,370,70,1480,5689,7169
1950,subcell,MQ,std_ctrl__tvn_efaar_e0.2_c96,0.302660175669766,0.0371288146461819,0.011237413563223594,370,96,1480,5689,7169
1951,subcell,MQ,std_ctrl__tvn_efaar_e0.2_c96,0.30092523815740524,0.051439154991963824,0.015479339966572395,370,48,1480,5689,7169
1952,subcell,MQ,std_ctrl__tvn_efaar_e0.2_c96,0.3221194705444195,0.07660831693953314,0.0246770304918615,370,65,1480,5593,7073
1953,subcell,MQ,std_ctrl__tvn_efaar_e0.2_c96,0.31438159439856356,0.022765689736232973,0.007157113836859936,370,67,1480,5785,7265
1954,subcell,MQ,std_ctrl__tvn_efaar_e0.2_c96,0.28990055362911665,0.020154532453374313,0.005842810116369212,370,79,1480,5817,7297
1955,subcell,MQ,std_ctrl__tvn_efaar_e0.2_c96,0.30294051867379285,0.012862345531876615,0.0038965256267882438,370,54,1480,5593,7073
1956,subcell,MQ,std_ctrl__tvn_efaar_e0.2_c96,0.27802317814004174,-0.024649909537982292,-0.006853246190614365,370,62,1480,5593,7073
1957,subcell,MQ,std_ctrl__tvn_efaar_e0.2_c96,0.2974447965748942,0.06095681440696499,0.01813128726113328,370,64,1480,5721,7201
1958,subcell,MQ,std_ctrl__tvn_efaar_e0.2_c96,0.3056256714631535,0.04883122448496563,0.014924075771585603,370,68,1480,5657,7137
1959,subcell,MQ,std_ctrl__tvn_efaar_e0.2_c96,0.3125454621993936,0.010649275348449908,0.0033283826858698847,370,86,1480,5945,7425
1960,subcell,MQ,std_ctrl__tvn_efaar_e0.2_c96,0.3017446872114288,0.04607140799760507,0.01390180259562746,370,74,1480,5657,7137
1961,subcell,MQ,std_ctrl__tvn_efaar_e0.2_c96,0.2965347298816589,0.03885204110091582,0.011520979513211183,370,65,1480,5817,7297
1962,subcell,MQ,std_ctrl__tvn_efaar_e0.2_c96,0.2784367917599605,-0.007396578050420725,-0.00205947946236129,370,82,1480,5564,7044
1963,subcell,MQ,std_ctrl__tvn_efaar_e0.2_c96,0.2918004932477339,0.022630421279121564,0.006603568091651685,370,72,1480,5689,7169
1964,subcell,MQ,std_ctrl__tvn_efaar_e0.2_c96,0.272212211185551,0.03739872353493473,0.01018038922896169,370,57,1480,5593,7073
1965,subcell,MQ,std_ctrl__tvn_efaar_e0.2_c96,0.29701228929145895,0.04388573760427007,0.013034603393088522,370,57,1480,5727,7207
1966,subcell,MQ,std_ctrl__tvn_efaar_e0.2_c96,0.3019442817953186,-0.005275112679557196,-0.0015927901094182765,370,78,1480,5785,7265
1967,subcell,MQ,std_ctrl__tvn_efaar_e0.2_c96,0.29191092566555366,-0.02301215576510218,-0.006717499690950884,370,62,1480,5785,7265
1968,subcell,MQ,std_ctrl__tvn_efaar_e0.2_c96,0.27082941493200285,0.061016564473598364,0.016525080457545475,370,90,1480,5817,7297
1969,subcell,MQ,std_ctrl__tvn_efaar_e0.2_c96,0.3126070909812817,0.01791905615789984,0.005601624018651292,370,45,1480,5689,7169
1970,subcell,MQ,std_ctrl__tvn_efaar_e0.2_c96,0.3036226173139874,0.002025150841252803,0.0006148815988767993,370,79,1480,5701,7181
1971,subcell,MQ,std_ctrl__tvn_efaar_e0.2_c96,0.2839409049239033,0.009851027473882168,0.0027971096553643356,370,112,1480,5689,7169
1972,subcell,MQ,std_ctrl__tvn_efaar_e0.2_c96,0.3187823273468562,0.07127402622361947,0.022720899958946276,370,55,1480,5689,7169
1973,subcell,MQ,std_ctrl__tvn_efaar_e0.2_c96,0.2933515157460307,0.04248325786861407,0.012462528089587423,370,58,1480,5721,7201
1974,subcell,MQ,std_ctrl__tvn_efaar_e0.2_c96,0.25258965060090705,0.025683197127631487,0.0064873097887826565,370,67,1480,5849,7329
1975,subcell,MQ,std_ctrl__tvn_efaar_e0.2_c96,0.3023716103028132,0.02728780146513688,0.008251056470636904,370,82,1480,5721,7201
1976,subcell,MQ,std_ctrl__tvn_efaar_e0.2_c96,0.2706609539016846,-0.0077028849746506815,-0.002084870195033907,370,65,1480,5497,6977
1977,subcell,MQ,std_ctrl__tvn_efaar_e0.2_c96,0.27048096401391397,-0.03556480889944996,-0.009619603796093853,370,53,1480,5753,7233
1978,subcell,MQ,std_ctrl__tvn_efaar_e0.2_c96,0.23348431912255516,0.06053882046806488,0.014134865277468734,370,67,1480,5663,7143
1979,subcell,MQ,std_ctrl__tvn_efaar_e0.2_c96,0.29962563163051864,0.021325276059169663,0.0063895993089238875,370,65,1480,5561,7041
1980,subcell,MQ,std_ctrl__tvn_efaar_e0.2_c96,0.27900987761216905,0.017580540506147498,0.004905144454975994,370,49,1480,5657,7137
1981,subcell,MQ,std_ctrl__tvn_efaar_e0.2_c96,0.28432523967678713,-0.03509004863104763,-0.009976986487292734,370,41,1480,5657,7137
1982,subcell,MQ,std_ctrl__tvn_efaar_e0.2_c96,0.2730703179457327,0.03553301056087775,0.009703010491427966,370,74,1480,5753,7233
1983,subcell,MQ,std_ctrl__tvn_efaar_e0.2_c96,0.2989788243511581,0.007248868011846595,0.002167258036058612,370,68,1480,5625,7105
1984,subcell,MQ,std_ctrl__tvn_efaar_e0.2_c96,0.29176597134077226,-0.009943302589543741,-0.002901117338373446,370,60,1480,5721,7201
1985,subcell,MQ,std_ctrl__tvn_efaar_e0.2_c96,0.2933343990495392,-0.016314054596722954,-0.0047854734011911,370,76,1480,5721,7201
1986,subcell,MQ,std_ctrl__tvn_efaar_e0.2_c96,0.29751195680744363,0.1121286393874605,0.03335961091831957,370,56,1480,5881,7361
1987,subcell,MQ,std_ctrl__tvn_efaar_e0.2_c96,0.25040515911893685,0.09733386686196357,0.024372902419231405,370,87,1480,5817,7297
1988,subcell,MQ,std_ctrl__tvn_efaar_e0.2_c96,0.28837340712773896,0.0020296073071860766,0.0005852847743046044,370,63,1480,5785,7265
1989,subcell,MQ,std_ctrl__tvn_efaar_e0.2_c96,0.2820461725701108,0.045896603976486476,0.012944961485534137,370,52,1480,5721,7201
1990,subcell,MQ,std_ctrl__tvn_efaar_e0.2_c96,0.2969960073602643,0.03205997341774219,0.009521684101145638,370,74,1480,5785,7265
1991,subcell,MQ,std_ctrl__tvn_efaar_e0.2_c96,0.2786062318577476,0.06733716037071767,0.018760552514886498,370,65,1480,5433,6913
1992,subcell,MQ,std_ctrl__tvn_efaar_e0.2_c96,0.3565915683477514,0.050708785761587896,0.018082325443734754,370,47,1480,5497,6977
1993,subcell,MQ,std_ctrl__tvn_efaar_e0.2_c96,0.29500699110413736,-0.011976522199299962,-0.0035331577779073873,370,72,1480,5625,7105
1994,subcell,MQ,std_ctrl__tvn_efaar_e0.2_c96,0.30696562209996286,0.048546395535698166,0.014902074506326447,370,66,1480,5561,7041
1995,subcell,MQ,std_ctrl__tvn_efaar_e0.2_c96,0.32302319093678217,0.03964836369886513,0.012807340957429494,370,93,1480,5497,6977
1996,subcell,MQ,std_ctrl__tvn_efaar_e0.2_c96,0.27605898374067034,0.017635291035038123,0.004868380521103578,370,88,1480,5721,7201
1997,subcell,MQ,std_ctrl__tvn_efaar_e0.2_c96,0.292325439143419,0.02240127969160659,0.006548463923223451,370,100,1480,5849,7329
1998,subcell,MQ,std_ctrl__tvn_efaar_e0.2_c96,0.29631509615828305,-0.0040599677939644925,-0.0012030297472681209,370,73,1480,5817,7297
1999,subcell,MQ,std_ctrl__tvn_efaar_e0.2_c96,0.2832844248569584,0.052687147701961555,0.014925448334103796,370,92,1480,5721,7201
