sample_id,family,codec,config,pa,pc,product,pa_units,pc_targets,treatment_wells,control_wells,total_wells
0,subcell,Raw,std_ctrl__tvn_efaar_e0.2_c96,0.3051622745613475,-0.0077080704064295446,-0.00235221229770505,370,77,1480,5753,7233
1,subcell,Raw,std_ctrl__tvn_efaar_e0.2_c96,0.3037893431441549,-0.022279214227817222,-0.006768187856036504,370,65,1480,5753,7233
2,subcell,Raw,std_ctrl__tvn_efaar_e0.2_c96,0.2781213908180561,-0.016094532239858957,-0.004476233691115617,370,88,1480,5625,7105
3,subcell,Raw,std_ctrl__tvn_efaar_e0.2_c96,0.29749120621224373,0.014429377308706172,0.004292612860458578,370,55,1480,5433,6913
4,subcell,Raw,std_ctrl__tvn_efaar_e0.2_c96,0.315650194008547,0.005121029419320556,0.0016164539297320102,370,56,1480,5657,7137
5,subcell,Raw,std_ctrl__tvn_efaar_e0.2_c96,0.2691152392162389,-0.02289568913908318,-0.006161578859685013,370,82,1480,5785,7265
6,subcell,Raw,std_ctrl__tvn_efaar_e0.2_c96,0.28644576781617487,-0.009532787121506429,-0.0027306265264480526,370,63,1480,5721,7201
7,subcell,Raw,std_ctrl__tvn_efaar_e0.2_c96,0.28264284621634905,-0.004972490772824197,-0.0014054389448155643,370,49,1480,5561,7041
8,subcell,Raw,std_ctrl__tvn_efaar_e0.2_c96,0.27427278804638755,0.013682999523410257,0.0037528744281231236,370,81,1480,5529,7009
9,subcell,Raw,std_ctrl__tvn_efaar_e0.2_c96,0.2808539103950677,0.026803889879262265,0.007527977286389586,370,77,1480,5753,7233
10,subcell,Raw,std_ctrl__tvn_efaar_e0.2_c96,0.27564397397731194,0.05762606190546834,0.01588427670828588,370,85,1480,5753,7233
11,subcell,Raw,std_ctrl__tvn_efaar_e0.2_c96,0.31414803944795905,0.02109970102965591,0.006628429711404487,370,44,1480,5433,6913
12,subcell,Raw,std_ctrl__tvn_efaar_e0.2_c96,0.29052442464660255,-0.02354792150752341,-0.006841246347596597,370,92,1480,5785,7265
13,subcell,Raw,std_ctrl__tvn_efaar_e0.2_c96,0.28098508619265017,0.05904519980210173,0.016590820555655805,370,80,1480,5849,7329
14,subcell,Raw,std_ctrl__tvn_efaar_e0.2_c96,0.28955964656609295,-0.00679357816288827,-0.0019671460917650547,370,93,1480,5753,7233
15,subcell,Raw,std_ctrl__tvn_efaar_e0.2_c96,0.27662910191348067,0.023644744678286804,0.00654082448532803,370,67,1480,5625,7105
16,subcell,Raw,std_ctrl__tvn_efaar_e0.2_c96,0.28694368291884287,0.037199443395140815,0.01067414529033273,370,58,1480,5785,7265
17,subcell,Raw,std_ctrl__tvn_efaar_e0.2_c96,0.2557417425021942,0.010481139703984668,0.002680464931305971,370,76,1480,5689,7169
18,subcell,Raw,std_ctrl__tvn_efaar_e0.2_c96,0.28640720293565086,-0.0219332312010713,-0.006281835399639777,370,54,1480,5785,7265
19,subcell,Raw,std_ctrl__tvn_efaar_e0.2_c96,0.28811302020934365,0.038268894127382755,0.01102576666711186,370,98,1480,5593,7073
20,subcell,Raw,std_ctrl__tvn_efaar_e0.2_c96,0.2431875969126415,0.00912704187267234,0.0022195833799362416,370,59,1480,5689,7169
21,subcell,Raw,std_ctrl__tvn_efaar_e0.2_c96,0.29546027740129926,0.10479896584734254,0.030963931520625113,370,58,1480,5913,7393
22,subcell,Raw,std_ctrl__tvn_efaar_e0.2_c96,0.2712835967135433,-0.0434500107771065,-0.01178727520085567,370,87,1480,5785,7265
23,subcell,Raw,std_ctrl__tvn_efaar_e0.2_c96,0.30962978947320646,0.060843322296621934,0.0188389050735535,370,71,1480,5817,7297
24,subcell,Raw,std_ctrl__tvn_efaar_e0.2_c96,0.29813336131373197,0.02886538532663468,0.008605734353045675,370,77,1480,5465,6945
25,subcell,Raw,std_ctrl__tvn_efaar_e0.2_c96,0.2777091874975453,0.023565199395214894,0.006544272377262774,370,109,1480,5785,7265
26,subcell,Raw,std_ctrl__tvn_efaar_e0.2_c96,0.2754063131625511,-0.016809811359166083,-0.004629528171385903,370,74,1480,5066,6546
27,subcell,Raw,std_ctrl__tvn_efaar_e0.2_c96,0.2966577320996712,0.0116032736992591,0.003442200860553967,370,48,1480,5785,7265
28,subcell,Raw,std_ctrl__tvn_efaar_e0.2_c96,0.28639162158477144,0.019113416078996085,0.005473922224888132,370,61,1480,5721,7201
29,subcell,Raw,std_ctrl__tvn_efaar_e0.2_c96,0.2717732906088064,0.024183237761065013,0.006572358103899782,370,101,1480,5753,7233
30,subcell,Raw,std_ctrl__tvn_efaar_e0.2_c96,0.28804967112775826,0.007023290585671699,0.0020230565434374136,370,68,1480,5561,7041
31,subcell,Raw,std_ctrl__tvn_efaar_e0.2_c96,0.30768577336104197,-0.0023177799899124964,-0.0007131479286769745,370,72,1480,5913,7393
32,subcell,Raw,std_ctrl__tvn_efaar_e0.2_c96,0.2939962399516954,0.03841024595697716,0.011292467886971094,370,81,1480,5817,7297
33,subcell,Raw,std_ctrl__tvn_efaar_e0.2_c96,0.28513132651415285,-0.014895508082686696,-0.004247175978718743,370,59,1480,5913,7393
34,subcell,Raw,std_ctrl__tvn_efaar_e0.2_c96,0.3006413861229697,-0.011258371149718942,-0.0033847323079383546,370,80,1480,5785,7265
35,subcell,Raw,std_ctrl__tvn_efaar_e0.2_c96,0.2868522011977582,-0.03808989929199909,-0.01092617145531087,370,54,1480,5625,7105
36,subcell,Raw,std_ctrl__tvn_efaar_e0.2_c96,0.2764578587121784,0.11193989188122415,0.03094666281395599,370,57,1480,5657,7137
37,subcell,Raw,std_ctrl__tvn_efaar_e0.2_c96,0.30195214533716025,-0.008966578307192176,-0.00270747755619032,370,64,1480,5593,7073
38,subcell,Raw,std_ctrl__tvn_efaar_e0.2_c96,0.28143571022126307,-0.009618182164630807,-0.0027068999285403566,370,86,1480,5561,7041
39,subcell,Raw,std_ctrl__tvn_efaar_e0.2_c96,0.29596079538645415,0.04873893647729221,0.014424814406109265,370,65,1480,5753,7233
40,subcell,Raw,std_ctrl__tvn_efaar_e0.2_c96,0.30810533642962534,0.06056833549100826,0.018661427383439518,370,84,1480,5753,7233
41,subcell,Raw,std_ctrl__tvn_efaar_e0.2_c96,0.2587848272138454,-0.024102025612286124,-0.00623723853357914,370,103,1480,5945,7425
42,subcell,Raw,std_ctrl__tvn_efaar_e0.2_c96,0.27967861448433073,-0.0076217870801325045,-0.0021316508504660315,370,69,1480,5977,7457
43,subcell,Raw,std_ctrl__tvn_efaar_e0.2_c96,0.2854329024004429,0.021747688721257638,0.006207505912209944,370,61,1480,5375,6855
44,subcell,Raw,std_ctrl__tvn_efaar_e0.2_c96,0.24240710216201206,-0.006403310061239917,-0.0015522078361900242,370,72,1480,5785,7265
45,subcell,Raw,std_ctrl__tvn_efaar_e0.2_c96,0.2994970187561427,0.00174588581883644,0.0005228875978301408,370,84,1480,5753,7233
46,subcell,Raw,std_ctrl__tvn_efaar_e0.2_c96,0.27361802419620734,-0.003131819098662495,-0.0008569221539159788,370,71,1480,5753,7233
47,subcell,Raw,std_ctrl__tvn_efaar_e0.2_c96,0.2685896881351532,0.03337622004130174,0.008964508532023484,370,69,1480,5689,7169
48,subcell,Raw,std_ctrl__tvn_efaar_e0.2_c96,0.2830468987605926,-0.012347573879499299,-0.0034949424938095753,370,71,1480,5753,7233
49,subcell,Raw,std_ctrl__tvn_efaar_e0.2_c96,0.2946555860483419,-0.02270297396001895,-0.00668955809722963,370,64,1480,5529,7009
50,subcell,Raw,std_ctrl__tvn_efaar_e0.2_c96,0.26863237477170754,-0.006534685132956865,-0.0017554279856515742,370,65,1480,5881,7361
51,subcell,Raw,std_ctrl__tvn_efaar_e0.2_c96,0.2580046380567044,0.005822668531014508,0.001502275486868561,370,69,1480,5625,7105
52,subcell,Raw,std_ctrl__tvn_efaar_e0.2_c96,0.3122721991131047,0.02781599273644441,0.008686161222323643,370,60,1480,5689,7169
53,subcell,Raw,std_ctrl__tvn_efaar_e0.2_c96,0.2616964918228378,0.01720512736078956,0.004502521471683747,370,64,1480,5913,7393
54,subcell,Raw,std_ctrl__tvn_efaar_e0.2_c96,0.22614655868519853,-0.01488299415071183,-0.0033657379101154194,370,64,1480,5753,7233
55,subcell,Raw,std_ctrl__tvn_efaar_e0.2_c96,0.2942529350585259,0.1805352174029131,0.05312301760223624,370,69,1480,5657,7137
56,subcell,Raw,std_ctrl__tvn_efaar_e0.2_c96,0.2880516313761057,0.06038577532973266,0.01739422109564049,370,70,1480,5913,7393
57,subcell,Raw,std_ctrl__tvn_efaar_e0.2_c96,0.2713525216182617,0.045222192996521776,0.012271156102713877,370,75,1480,5529,7009
58,subcell,Raw,std_ctrl__tvn_efaar_e0.2_c96,0.2661311938258642,0.00391680413956517,0.0010423837616445654,370,68,1480,5849,7329
59,subcell,Raw,std_ctrl__tvn_efaar_e0.2_c96,0.30138036988000516,-0.016201479834616974,-0.004882807985160309,370,86,1480,5561,7041
60,subcell,Raw,std_ctrl__tvn_efaar_e0.2_c96,0.3002808216738021,-0.03753908518609131,-0.01127226734456235,370,52,1480,5689,7169
61,subcell,Raw,std_ctrl__tvn_efaar_e0.2_c96,0.2694788259510054,-0.0035365982794728973,-0.0009530383522127021,370,73,1480,5657,7137
62,subcell,Raw,std_ctrl__tvn_efaar_e0.2_c96,0.264027389438825,-0.01174661364853564,-0.003101427736369336,370,48,1480,5849,7329
63,subcell,Raw,std_ctrl__tvn_efaar_e0.2_c96,0.28903529742306705,-0.016013401098529095,-0.004628438149268226,370,53,1480,5721,7201
64,subcell,Raw,std_ctrl__tvn_efaar_e0.2_c96,0.2711801713492172,0.05299216657973891,0.014370424813259858,370,82,1480,5753,7233
65,subcell,Raw,std_ctrl__tvn_efaar_e0.2_c96,0.29813083532888174,0.03777549960288056,0.011262041251572623,370,56,1480,5497,6977
66,subcell,Raw,std_ctrl__tvn_efaar_e0.2_c96,0.28728824816069,0.04695514847143354,0.013489662346483243,370,81,1480,5785,7265
67,subcell,Raw,std_ctrl__tvn_efaar_e0.2_c96,0.30762139286105505,-0.044576740539704125,-0.013712759014029642,370,114,1480,6009,7489
68,subcell,Raw,std_ctrl__tvn_efaar_e0.2_c96,0.28512027062066275,-0.008009132940986355,-0.002283566151570894,370,81,1480,5785,7265
69,subcell,Raw,std_ctrl__tvn_efaar_e0.2_c96,0.2806054676293181,0.015271157446011588,0.004285170276379024,370,56,1480,5913,7393
70,subcell,Raw,std_ctrl__tvn_efaar_e0.2_c96,0.30969107180902655,-0.010286141153800634,-0.0031855260786994555,370,60,1480,5785,7265
71,subcell,Raw,std_ctrl__tvn_efaar_e0.2_c96,0.28787898629620984,-0.02415297585934741,-0.00695313420642576,370,73,1480,5663,7143
72,subcell,Raw,std_ctrl__tvn_efaar_e0.2_c96,0.27178090133629135,-0.03708692086518368,-0.01007951678052733,370,75,1480,5881,7361
73,subcell,Raw,std_ctrl__tvn_efaar_e0.2_c96,0.28555158364709476,0.03016076930633693,0.008612455439439198,370,45,1480,5625,7105
74,subcell,Raw,std_ctrl__tvn_efaar_e0.2_c96,0.2878265124233061,-0.000907167840194281,-0.00026110695562570296,370,130,1480,5657,7137
75,subcell,Raw,std_ctrl__tvn_efaar_e0.2_c96,0.26191461893503754,0.03261611308565109,0.008542636829970397,370,74,1480,5785,7265
76,subcell,Raw,std_ctrl__tvn_efaar_e0.2_c96,0.29420519752399604,0.0019265691463994416,0.0005668066562600841,370,77,1480,5625,7105
77,subcell,Raw,std_ctrl__tvn_efaar_e0.2_c96,0.2760208939677385,-0.005992516094829777,-0.0016540596496109762,370,98,1480,5849,7329
78,subcell,Raw,std_ctrl__tvn_efaar_e0.2_c96,0.28840055448167073,-0.026265088761640243,-0.007574866162367345,370,98,1480,5849,7329
79,subcell,Raw,std_ctrl__tvn_efaar_e0.2_c96,0.2827394784043287,-0.028710741903180993,-0.008117660190306698,370,102,1480,5753,7233
80,subcell,Raw,std_ctrl__tvn_efaar_e0.2_c96,0.30555381480410426,0.03544806173322081,0.010831290489997007,370,68,1480,5817,7297
81,subcell,Raw,std_ctrl__tvn_efaar_e0.2_c96,0.2536586930167945,-0.024603719844341464,-0.006240947419067027,370,69,1480,5625,7105
82,subcell,Raw,std_ctrl__tvn_efaar_e0.2_c96,0.28915204780202053,-0.0041676062798488645,-0.0012050718902508598,370,67,1480,5689,7169
83,subcell,Raw,std_ctrl__tvn_efaar_e0.2_c96,0.2766058836316252,-0.03726078592804919,-0.010306552616436872,370,97,1480,5753,7233
84,subcell,Raw,std_ctrl__tvn_efaar_e0.2_c96,0.2636427424509341,0.08897696114288223,0.02345813005065967,370,77,1480,5817,7297
85,subcell,Raw,std_ctrl__tvn_efaar_e0.2_c96,0.25315914043855847,-0.026361535675773713,-0.006673663712319267,370,90,1480,5785,7265
86,subcell,Raw,std_ctrl__tvn_efaar_e0.2_c96,0.27374392271232806,-0.01575992319042589,-0.004314183195792171,370,117,1480,5945,7425
87,subcell,Raw,std_ctrl__tvn_efaar_e0.2_c96,0.2595281467436941,0.032283253573747846,0.008378412970851519,370,55,1480,5657,7137
88,subcell,Raw,std_ctrl__tvn_efaar_e0.2_c96,0.3111198004440781,0.11630953976688418,0.036186200802015574,370,80,1480,5753,7233
89,subcell,Raw,std_ctrl__tvn_efaar_e0.2_c96,0.3094686046317859,0.004077053063474636,0.0012617199225632436,370,73,1480,5721,7201
90,subcell,Raw,std_ctrl__tvn_efaar_e0.2_c96,0.269237575474061,0.016265082237984473,0.004379171306641154,370,64,1480,5721,7201
91,subcell,Raw,std_ctrl__tvn_efaar_e0.2_c96,0.33808217038977895,0.018927649740080793,0.00639910090450405,370,83,1480,5849,7329
92,subcell,Raw,std_ctrl__tvn_efaar_e0.2_c96,0.22886368409721,0.05139030063682539,0.011761373530607057,370,58,1480,5625,7105
93,subcell,Raw,std_ctrl__tvn_efaar_e0.2_c96,0.2828440823676006,0.03383820338956102,0.009570935586688619,370,81,1480,5785,7265
94,subcell,Raw,std_ctrl__tvn_efaar_e0.2_c96,0.2814816450139839,-0.007336142381203738,-0.0020649894255180333,370,61,1480,5561,7041
95,subcell,Raw,std_ctrl__tvn_efaar_e0.2_c96,0.2887588080918336,0.026733404694907297,0.007719506075938059,370,66,1480,5753,7233
96,subcell,Raw,std_ctrl__tvn_efaar_e0.2_c96,0.281389321985327,0.013251722291231708,0.0037288931506675345,370,47,1480,5689,7169
97,subcell,Raw,std_ctrl__tvn_efaar_e0.2_c96,0.2939568979580922,0.07331439157712252,0.02155127112369582,370,85,1480,5689,7169
98,subcell,Raw,std_ctrl__tvn_efaar_e0.2_c96,0.29806035905428324,0.044749316911802034,0.013337997466165624,370,73,1480,5625,7105
99,subcell,Raw,std_ctrl__tvn_efaar_e0.2_c96,0.2960422594317845,0.01837868367262676,0.005440867039826474,370,62,1480,5785,7265
100,subcell,Raw,std_ctrl__tvn_efaar_e0.2_c96,0.25977021851968707,0.017967587078527563,0.0046674440216606106,370,52,1480,5689,7169
101,subcell,Raw,std_ctrl__tvn_efaar_e0.2_c96,0.2871902093053752,0.013870285450988777,0.003983410181794767,370,72,1480,5433,6913
102,subcell,Raw,std_ctrl__tvn_efaar_e0.2_c96,0.28551591389118786,0.018574329893725792,0.00530326677452353,370,72,1480,5753,7233
103,subcell,Raw,std_ctrl__tvn_efaar_e0.2_c96,0.2630531421018416,0.07426096945101773,0.019534581349619086,370,79,1480,5497,6977
104,subcell,Raw,std_ctrl__tvn_efaar_e0.2_c96,0.31809748960024203,0.07130320404824896,0.02268137020820181,370,78,1480,5625,7105
105,subcell,Raw,std_ctrl__tvn_efaar_e0.2_c96,0.28759721920794273,-0.062169681916575494,-0.017879827638249437,370,45,1480,5689,7169
106,subcell,Raw,std_ctrl__tvn_efaar_e0.2_c96,0.28375107674625105,-0.02249568282102359,-0.006383174222607586,370,53,1480,5625,7105
107,subcell,Raw,std_ctrl__tvn_efaar_e0.2_c96,0.2749446268590223,0.023934692653905753,0.0065807151407135,370,58,1480,5753,7233
108,subcell,Raw,std_ctrl__tvn_efaar_e0.2_c96,0.31249377569859926,0.08685407720484296,0.02714135852055902,370,61,1480,5657,7137
109,subcell,Raw,std_ctrl__tvn_efaar_e0.2_c96,0.28290307429290945,0.00928091669231104,0.0026255998645111737,370,76,1480,5913,7393
110,subcell,Raw,std_ctrl__tvn_efaar_e0.2_c96,0.2934792079506001,0.002446388755178589,0.0007179642342090668,370,87,1480,5689,7169
111,subcell,Raw,std_ctrl__tvn_efaar_e0.2_c96,0.27782039411292814,0.02334025823356962,0.006484399741147828,370,78,1480,5599,7079
112,subcell,Raw,std_ctrl__tvn_efaar_e0.2_c96,0.3070346230549904,0.012809868556719324,0.003933073163696291,370,52,1480,5759,7239
113,subcell,Raw,std_ctrl__tvn_efaar_e0.2_c96,0.29649605093887776,0.06114504297898032,0.01812926377775562,370,67,1480,5593,7073
114,subcell,Raw,std_ctrl__tvn_efaar_e0.2_c96,0.30712516965392106,0.048752719059432466,0.014973187112218147,370,60,1480,5625,7105
115,subcell,Raw,std_ctrl__tvn_efaar_e0.2_c96,0.2924849492598961,0.11436487949772166,0.03345000597700525,370,59,1480,5913,7393
116,subcell,Raw,std_ctrl__tvn_efaar_e0.2_c96,0.24954199180948367,0.03423730876190277,0.008543646222641504,370,72,1480,5625,7105
117,subcell,Raw,std_ctrl__tvn_efaar_e0.2_c96,0.30088462449290465,0.017756454629031748,0.005342644183381516,370,60,1480,5945,7425
118,subcell,Raw,std_ctrl__tvn_efaar_e0.2_c96,0.30883231855076115,-0.008876714451969369,-0.0027414163053147496,370,53,1480,5721,7201
119,subcell,Raw,std_ctrl__tvn_efaar_e0.2_c96,0.2900656511169487,-0.015000234461261122,-0.0043510527759126,370,84,1480,5794,7274
120,subcell,Raw,std_ctrl__tvn_efaar_e0.2_c96,0.3147378406323031,0.11436188605359093,0.03599401306714471,370,52,1480,5529,7009
121,subcell,Raw,std_ctrl__tvn_efaar_e0.2_c96,0.2692775690622842,0.04890698384797023,0.013169553720749823,370,61,1480,5721,7201
122,subcell,Raw,std_ctrl__tvn_efaar_e0.2_c96,0.30134170404557553,-0.0028299446956987578,-0.0008527803569566014,370,93,1480,5625,7105
123,subcell,Raw,std_ctrl__tvn_efaar_e0.2_c96,0.3019158859559736,0.017231008423250652,0.005202315174020564,370,75,1480,5721,7201
124,subcell,Raw,std_ctrl__tvn_efaar_e0.2_c96,0.26454991699550134,-0.0012092591311364757,-0.0003199094027682067,370,75,1480,5561,7041
125,subcell,Raw,std_ctrl__tvn_efaar_e0.2_c96,0.28773082769743896,-0.008084134346127418,-0.0023260546666285364,370,61,1480,5593,7073
126,subcell,Raw,std_ctrl__tvn_efaar_e0.2_c96,0.2976887974917188,-0.0183430966303741,-0.005460534378170465,370,60,1480,5689,7169
127,subcell,Raw,std_ctrl__tvn_efaar_e0.2_c96,0.25941821679978616,0.04123825739478056,0.01069795519728457,370,82,1480,5881,7361
128,subcell,Raw,std_ctrl__tvn_efaar_e0.2_c96,0.3251780483852049,0.08694278503299151,0.028271885158202583,370,76,1480,5657,7137
129,subcell,Raw,std_ctrl__tvn_efaar_e0.2_c96,0.3080109452930913,0.06968557323908753,0.021463919286662296,370,77,1480,5689,7169
130,subcell,Raw,std_ctrl__tvn_efaar_e0.2_c96,0.25272958003902696,0.0751070465346459,0.01898177232867271,370,98,1480,5785,7265
131,subcell,Raw,std_ctrl__tvn_efaar_e0.2_c96,0.2850106577025771,0.04155363274103081,0.011843228197452534,370,86,1480,5753,7233
132,subcell,Raw,std_ctrl__tvn_efaar_e0.2_c96,0.33472440853842084,0.026457958248555652,0.008856124425882024,370,100,1480,5849,7329
133,subcell,Raw,std_ctrl__tvn_efaar_e0.2_c96,0.2712556422450533,0.00775709839958349,0.0021041567083370945,370,120,1480,5753,7233
134,subcell,Raw,std_ctrl__tvn_efaar_e0.2_c96,0.2801951422634931,-0.04619173266138502,-0.012942699104454019,370,63,1480,5337,6817
135,subcell,Raw,std_ctrl__tvn_efaar_e0.2_c96,0.27144341193572014,0.003621881907765351,0.0009831359826720822,370,77,1480,5625,7105
136,subcell,Raw,std_ctrl__tvn_efaar_e0.2_c96,0.2844693410557637,0.05594673206537866,0.015915130004861635,370,68,1480,5529,7009
137,subcell,Raw,std_ctrl__tvn_efaar_e0.2_c96,0.27695197032728736,-0.002776435868193914,-0.0007689393841836573,370,79,1480,5529,7009
138,subcell,Raw,std_ctrl__tvn_efaar_e0.2_c96,0.2550075220822603,0.013285600642388663,0.0033879280991900187,370,87,1480,5497,6977
139,subcell,Raw,std_ctrl__tvn_efaar_e0.2_c96,0.31084076768640023,0.022149228302934944,0.006884883129345642,370,78,1480,5561,7041
140,subcell,Raw,std_ctrl__tvn_efaar_e0.2_c96,0.31374795684959506,0.10860839457648369,0.0340756618950864,370,43,1480,5625,7105
141,subcell,Raw,std_ctrl__tvn_efaar_e0.2_c96,0.3082995936748359,0.006988064285487133,0.0021544173797893155,370,77,1480,5593,7073
142,subcell,Raw,std_ctrl__tvn_efaar_e0.2_c96,0.28039491937543287,0.0005587371122412364,0.00015666704753894366,370,68,1480,5913,7393
143,subcell,Raw,std_ctrl__tvn_efaar_e0.2_c96,0.2892449239000433,0.11330442661820367,0.03277273025472036,370,79,1480,5849,7329
144,subcell,Raw,std_ctrl__tvn_efaar_e0.2_c96,0.2843785473991722,-0.03930933752896176,-0.01117873230570991,370,80,1480,5625,7105
145,subcell,Raw,std_ctrl__tvn_efaar_e0.2_c96,0.2840485133077623,0.04339566356231994,0.012326473718880812,370,95,1480,5753,7233
146,subcell,Raw,std_ctrl__tvn_efaar_e0.2_c96,0.28083894556103783,-0.01967760422810944,-0.005526237622589675,370,69,1480,5529,7009
147,subcell,Raw,std_ctrl__tvn_efaar_e0.2_c96,0.28619257543409254,0.02975399118559835,0.00851537136684968,370,82,1480,5721,7201
148,subcell,Raw,std_ctrl__tvn_efaar_e0.2_c96,0.29993838949476526,0.03650678706003324,0.010949786916414706,370,75,1480,5657,7137
149,subcell,Raw,std_ctrl__tvn_efaar_e0.2_c96,0.27013850877180595,0.003407869071528375,0.0009205966690722341,370,46,1480,5497,6977
150,subcell,Raw,std_ctrl__tvn_efaar_e0.2_c96,0.2837981477630729,0.07000802793471479,0.019868148656417523,370,84,1480,5849,7329
151,subcell,Raw,std_ctrl__tvn_efaar_e0.2_c96,0.2979341398210943,0.06506112679403579,0.019383930847172205,370,98,1480,5785,7265
152,subcell,Raw,std_ctrl__tvn_efaar_e0.2_c96,0.2655934797435028,-0.024933795868266596,-0.006622253607867098,370,69,1480,5657,7137
153,subcell,Raw,std_ctrl__tvn_efaar_e0.2_c96,0.3063100230518047,-0.012065693298838472,-0.003695842792503218,370,85,1480,5753,7233
154,subcell,Raw,std_ctrl__tvn_efaar_e0.2_c96,0.27676059149648835,0.05891014931588769,0.016304007769811526,370,76,1480,5721,7201
155,subcell,Raw,std_ctrl__tvn_efaar_e0.2_c96,0.28064462658139333,0.021796910623153736,0.0061171858424629855,370,83,1480,5497,6977
156,subcell,Raw,std_ctrl__tvn_efaar_e0.2_c96,0.29456240898251557,0.08878275762037414,0.026152062960768198,370,63,1480,5785,7265
157,subcell,Raw,std_ctrl__tvn_efaar_e0.2_c96,0.29359485848833033,-0.030487160675065215,-0.008950873624106761,370,95,1480,5593,7073
158,subcell,Raw,std_ctrl__tvn_efaar_e0.2_c96,0.2585434238040166,-0.010670062578369686,-0.0027586745112148123,370,78,1480,5625,7105
159,subcell,Raw,std_ctrl__tvn_efaar_e0.2_c96,0.276890174926502,-0.023952870535977666,-0.006632314512698711,370,56,1480,5849,7329
160,subcell,Raw,std_ctrl__tvn_efaar_e0.2_c96,0.2637221291428078,0.01304928910084033,0.0034413863054736475,370,76,1480,5817,7297
161,subcell,Raw,std_ctrl__tvn_efaar_e0.2_c96,0.3046938653734408,0.045849977033157685,0.0139702067295163,370,95,1480,5657,7137
162,subcell,Raw,std_ctrl__tvn_efaar_e0.2_c96,0.28394070068319793,0.02175566046819695,0.006177317477165592,370,108,1480,5849,7329
163,subcell,Raw,std_ctrl__tvn_efaar_e0.2_c96,0.2929347795937563,0.050299947821957305,0.014734604128802505,370,75,1480,5785,7265
164,subcell,Raw,std_ctrl__tvn_efaar_e0.2_c96,0.28941215702645956,0.007544388885295669,0.0021834378607398664,370,49,1480,5785,7265
165,subcell,Raw,std_ctrl__tvn_efaar_e0.2_c96,0.29398838471605243,-0.009656220848854672,-0.002838816769816254,370,83,1480,5849,7329
166,subcell,Raw,std_ctrl__tvn_efaar_e0.2_c96,0.2875248287913985,0.055832202161653056,0.016053144367576044,370,84,1480,5631,7111
167,subcell,Raw,std_ctrl__tvn_efaar_e0.2_c96,0.26813074302163425,-0.00849795744057565,-0.002278563642707774,370,49,1480,5785,7265
168,subcell,Raw,std_ctrl__tvn_efaar_e0.2_c96,0.2853330151459259,-0.012150035619723375,-0.003466806297506069,370,49,1480,5721,7201
169,subcell,Raw,std_ctrl__tvn_efaar_e0.2_c96,0.29019993151956264,-0.027448959646507967,-0.00796568620969985,370,53,1480,5689,7169
170,subcell,Raw,std_ctrl__tvn_efaar_e0.2_c96,0.27927767020685323,-0.04254700966790103,-0.01188242973431986,370,57,1480,5497,6977
171,subcell,Raw,std_ctrl__tvn_efaar_e0.2_c96,0.26930679482213904,0.019659227899244795,0.005294363654223589,370,78,1480,5561,7041
172,subcell,Raw,std_ctrl__tvn_efaar_e0.2_c96,0.296086241765233,-0.01556693877999744,-0.0046091563991589035,370,58,1480,5689,7169
173,subcell,Raw,std_ctrl__tvn_efaar_e0.2_c96,0.2847650625577914,0.06346536681071868,0.018072719150107483,370,61,1480,5753,7233
174,subcell,Raw,std_ctrl__tvn_efaar_e0.2_c96,0.2923967593483827,0.1772615496828632,0.05183070268434154,370,81,1480,5497,6977
175,subcell,Raw,std_ctrl__tvn_efaar_e0.2_c96,0.2875874954483109,0.005663521640180164,0.0016287580039167232,370,81,1480,5433,6913
176,subcell,Raw,std_ctrl__tvn_efaar_e0.2_c96,0.29254376082768857,-0.011362343837361179,-0.00332398279799895,370,67,1480,5497,6977
177,subcell,Raw,std_ctrl__tvn_efaar_e0.2_c96,0.27469331855944085,-0.0033513740490988897,-0.0009206000592809645,370,74,1480,5657,7137
178,subcell,Raw,std_ctrl__tvn_efaar_e0.2_c96,0.299082947592124,0.0011962562617934928,0.0003577798488527334,370,66,1480,5657,7137
179,subcell,Raw,std_ctrl__tvn_efaar_e0.2_c96,0.27967882824064333,0.006933151757632936,0.0019390557595893362,370,99,1480,5561,7041
180,subcell,Raw,std_ctrl__tvn_efaar_e0.2_c96,0.2715657420491058,-0.011395277714063868,-0.003094567048275392,370,79,1480,5753,7233
181,subcell,Raw,std_ctrl__tvn_efaar_e0.2_c96,0.2901517753688885,-0.02151477831974224,-0.006242551126141283,370,73,1480,5593,7073
182,subcell,Raw,std_ctrl__tvn_efaar_e0.2_c96,0.27368444799836217,0.027327869499406566,0.007479212878916364,370,82,1480,5657,7137
183,subcell,Raw,std_ctrl__tvn_efaar_e0.2_c96,0.2907928517200428,0.020038446637565276,0.0058270370417775105,370,126,1480,5593,7073
184,subcell,Raw,std_ctrl__tvn_efaar_e0.2_c96,0.29017941339766984,0.14059275288127493,0.040797122559051914,370,69,1480,5721,7201
185,subcell,Raw,std_ctrl__tvn_efaar_e0.2_c96,0.2713099835947102,0.04101616811153006,0.011128095897457098,370,80,1480,5817,7297
186,subcell,Raw,std_ctrl__tvn_efaar_e0.2_c96,0.2936869598308961,-0.019240601522322643,-0.005650713766408648,370,62,1480,5721,7201
187,subcell,Raw,std_ctrl__tvn_efaar_e0.2_c96,0.2784815947458058,0.0907817700808522,0.0252810521059628,370,77,1480,5721,7201
188,subcell,Raw,std_ctrl__tvn_efaar_e0.2_c96,0.27697282372612614,0.012593832506955827,0.0034881493509854337,370,50,1480,5657,7137
189,subcell,Raw,std_ctrl__tvn_efaar_e0.2_c96,0.2699947944278127,0.03522647766524684,0.009510965595644258,370,49,1480,5753,7233
190,subcell,Raw,std_ctrl__tvn_efaar_e0.2_c96,0.2894126295035449,-0.006295773648975845,-0.001822076406509227,370,78,1480,5721,7201
191,subcell,Raw,std_ctrl__tvn_efaar_e0.2_c96,0.2942115893333942,0.005884184674053167,0.0017311953248843825,370,90,1480,5465,6945
192,subcell,Raw,std_ctrl__tvn_efaar_e0.2_c96,0.25815343622227005,0.07241744661029768,0.018694812684891128,370,98,1480,5497,6977
193,subcell,Raw,std_ctrl__tvn_efaar_e0.2_c96,0.3033323203153792,0.022989051163460606,0.006973322231261474,370,85,1480,5721,7201
194,subcell,Raw,std_ctrl__tvn_efaar_e0.2_c96,0.3079991479093511,0.048219291925806415,0.01485150082594063,370,71,1480,5689,7169
195,subcell,Raw,std_ctrl__tvn_efaar_e0.2_c96,0.26966908353282126,0.03481823404095002,0.009389401264054272,370,88,1480,5881,7361
196,subcell,Raw,std_ctrl__tvn_efaar_e0.2_c96,0.2597272360937568,-0.0003909770775026963,-0.00010154739571578986,370,54,1480,5625,7105
197,subcell,Raw,std_ctrl__tvn_efaar_e0.2_c96,0.2501975609706059,-0.0033197569385469855,-0.0008305950890397014,370,79,1480,5433,6913
198,subcell,Raw,std_ctrl__tvn_efaar_e0.2_c96,0.27867044782597133,-0.05529510104407875,-0.01540911057053576,370,82,1480,5753,7233
199,subcell,Raw,std_ctrl__tvn_efaar_e0.2_c96,0.2891062968995694,-0.01091619191876311,-0.0031559398218786077,370,85,1480,5721,7201
200,subcell,Raw,std_ctrl__tvn_efaar_e0.2_c96,0.2790967386054772,0.01805137798447641,0.005038080722802078,370,51,1480,5561,7041
201,subcell,Raw,std_ctrl__tvn_efaar_e0.2_c96,0.28334171584696277,0.02324147449568037,0.0065852792624195,370,83,1480,5689,7169
202,subcell,Raw,std_ctrl__tvn_efaar_e0.2_c96,0.2816713140340602,0.03767140722073323,0.010610954773376112,370,34,1480,5657,7137
203,subcell,Raw,std_ctrl__tvn_efaar_e0.2_c96,0.2854762917102224,0.07758143761029188,0.0221476611145341,370,71,1480,5465,6945
204,subcell,Raw,std_ctrl__tvn_efaar_e0.2_c96,0.2710126768352847,0.008669322191500912,0.0023494962134661987,370,72,1480,5561,7041
205,subcell,Raw,std_ctrl__tvn_efaar_e0.2_c96,0.28076290298286943,0.009155765755638541,0.002570599372584222,370,72,1480,5721,7201
206,subcell,Raw,std_ctrl__tvn_efaar_e0.2_c96,0.24829293548022097,-0.03219820321094334,-0.007994586392433799,370,70,1480,5337,6817
207,subcell,Raw,std_ctrl__tvn_efaar_e0.2_c96,0.31929834379429406,0.002101018838418536,0.0006708518353876501,370,53,1480,5657,7137
208,subcell,Raw,std_ctrl__tvn_efaar_e0.2_c96,0.25885654849976153,-0.01372453028559374,-0.003552684539509242,370,60,1480,5881,7361
209,subcell,Raw,std_ctrl__tvn_efaar_e0.2_c96,0.2558854769552473,0.02415721356435334,0.006181480114824324,370,54,1480,5881,7361
210,subcell,Raw,std_ctrl__tvn_efaar_e0.2_c96,0.2710468874681651,-0.038321635068595886,-0.010386959908033797,370,74,1480,5657,7137
211,subcell,Raw,std_ctrl__tvn_efaar_e0.2_c96,0.31611941365112356,0.03218127077999364,0.010173124449519625,370,65,1480,5817,7297
212,subcell,Raw,std_ctrl__tvn_efaar_e0.2_c96,0.30852632411992725,-0.030670445902850018,-0.0094626399335254,370,67,1480,5913,7393
213,subcell,Raw,std_ctrl__tvn_efaar_e0.2_c96,0.3193110374140677,0.0367292125729815,0.011728042970080541,370,67,1480,5753,7233
214,subcell,Raw,std_ctrl__tvn_efaar_e0.2_c96,0.2880098619604851,0.04786355251663263,0.013785175153253794,370,96,1480,5657,7137
215,subcell,Raw,std_ctrl__tvn_efaar_e0.2_c96,0.2416853388211434,0.11389489380671414,0.027526725999673853,370,67,1480,5401,6881
216,subcell,Raw,std_ctrl__tvn_efaar_e0.2_c96,0.2762170502591916,-0.00404486308058986,-0.0011172601488228379,370,60,1480,5657,7137
217,subcell,Raw,std_ctrl__tvn_efaar_e0.2_c96,0.32083951891468077,-0.01528916314299743,-0.004905367747407364,370,58,1480,5689,7169
218,subcell,Raw,std_ctrl__tvn_efaar_e0.2_c96,0.25457411005724984,0.02198919281373078,0.005597879191432786,370,96,1480,5785,7265
219,subcell,Raw,std_ctrl__tvn_efaar_e0.2_c96,0.2353238303831268,-0.010436311103170693,-0.002455912703868083,370,77,1480,5561,7041
220,subcell,Raw,std_ctrl__tvn_efaar_e0.2_c96,0.2907381879327336,-0.0012347374192760577,-0.00035898531985306095,370,91,1480,5849,7329
221,subcell,Raw,std_ctrl__tvn_efaar_e0.2_c96,0.23222874878466462,0.059099668202919634,0.013724642000352855,370,74,1480,5945,7425
222,subcell,Raw,std_ctrl__tvn_efaar_e0.2_c96,0.29202919461298626,0.038749501411708374,0.01131598568891597,370,60,1480,5465,6945
223,subcell,Raw,std_ctrl__tvn_efaar_e0.2_c96,0.2972177795128063,-0.0006477160848447927,-0.00019251273649229772,370,61,1480,5625,7105
224,subcell,Raw,std_ctrl__tvn_efaar_e0.2_c96,0.27988123292681366,0.0480890539319058,0.013459223704745832,370,57,1480,5625,7105
225,subcell,Raw,std_ctrl__tvn_efaar_e0.2_c96,0.2705971609134509,0.032069806640622804,0.008677998627995865,370,86,1480,5786,7266
226,subcell,Raw,std_ctrl__tvn_efaar_e0.2_c96,0.2742534914991989,0.03307801131860492,0.009071760095977419,370,80,1480,5561,7041
227,subcell,Raw,std_ctrl__tvn_efaar_e0.2_c96,0.2809372380181657,0.06539105764101893,0.01837078312475453,370,45,1480,5721,7201
228,subcell,Raw,std_ctrl__tvn_efaar_e0.2_c96,0.3013433031240243,-0.0087004251500342,-0.0026218148532946403,370,48,1480,5689,7169
229,subcell,Raw,std_ctrl__tvn_efaar_e0.2_c96,0.3013414311141305,0.03957414544762061,0.011925329624304747,370,63,1480,5721,7201
230,subcell,Raw,std_ctrl__tvn_efaar_e0.2_c96,0.2972719239810054,0.04923193293890351,0.014635271426051678,370,87,1480,5785,7265
231,subcell,Raw,std_ctrl__tvn_efaar_e0.2_c96,0.29559029886919613,-0.00934925118357071,-0.0027635479515548517,370,45,1480,5657,7137
232,subcell,Raw,std_ctrl__tvn_efaar_e0.2_c96,0.2859950087196736,-0.025073104721513965,-0.007170782803458676,370,78,1480,5689,7169
233,subcell,Raw,std_ctrl__tvn_efaar_e0.2_c96,0.2897810730224009,0.0011937147570140127,0.0003459159431701952,370,75,1480,5689,7169
234,subcell,Raw,std_ctrl__tvn_efaar_e0.2_c96,0.28669502174641875,0.06392623649040524,0.018327333760783437,370,76,1480,5721,7201
235,subcell,Raw,std_ctrl__tvn_efaar_e0.2_c96,0.28463882961192344,0.01522886292083065,0.004334725718105654,370,75,1480,5721,7201
236,subcell,Raw,std_ctrl__tvn_efaar_e0.2_c96,0.30256543637255134,0.02997525523134234,0.009069476179449698,370,71,1480,5689,7169
237,subcell,Raw,std_ctrl__tvn_efaar_e0.2_c96,0.26370579113655246,0.025280405620857878,0.006666589364501274,370,77,1480,5753,7233
238,subcell,Raw,std_ctrl__tvn_efaar_e0.2_c96,0.26051973618007973,-0.05583492417370019,-0.014546099715367128,370,58,1480,5785,7265
239,subcell,Raw,std_ctrl__tvn_efaar_e0.2_c96,0.30736950446015254,0.013469562470792168,0.004140132741942457,370,58,1480,5657,7137
240,subcell,Raw,std_ctrl__tvn_efaar_e0.2_c96,0.2716416406254399,-0.007736424849857063,-0.0021015351387905948,370,61,1480,5817,7297
241,subcell,Raw,std_ctrl__tvn_efaar_e0.2_c96,0.3010135575563244,0.00996368190593971,0.002999203336866491,370,86,1480,5785,7265
242,subcell,Raw,std_ctrl__tvn_efaar_e0.2_c96,0.2710606450847518,0.03138207010196443,0.00850644416593338,370,72,1480,5753,7233
243,subcell,Raw,std_ctrl__tvn_efaar_e0.2_c96,0.2963682900343239,0.06522692703762631,0.01933119283033492,370,75,1480,5849,7329
244,subcell,Raw,std_ctrl__tvn_efaar_e0.2_c96,0.2561544972259399,0.009238152641609538,0.00236639434520798,370,76,1480,5721,7201
245,subcell,Raw,std_ctrl__tvn_efaar_e0.2_c96,0.31610974117995505,0.026484490751121144,0.008372005516619818,370,83,1480,5529,7009
246,subcell,Raw,std_ctrl__tvn_efaar_e0.2_c96,0.2701679158800136,-0.026357663468543013,-0.007120995006763036,370,57,1480,5913,7393
247,subcell,Raw,std_ctrl__tvn_efaar_e0.2_c96,0.27196510137393515,0.007120637993705936,0.001936565033805329,370,65,1480,5817,7297
248,subcell,Raw,std_ctrl__tvn_efaar_e0.2_c96,0.31355390880261674,0.09534289593479678,0.029895137696916648,370,72,1480,5721,7201
249,subcell,Raw,std_ctrl__tvn_efaar_e0.2_c96,0.2782247348842532,0.025914529826115845,0.007210063190521153,370,70,1480,5657,7137
250,subcell,Raw,std_ctrl__tvn_efaar_e0.2_c96,0.3247195143245089,0.01614716839515961,0.005243300678992289,370,81,1480,5817,7297
251,subcell,Raw,std_ctrl__tvn_efaar_e0.2_c96,0.2963457821664436,0.02990988819190276,0.008863669210740298,370,89,1480,5401,6881
252,subcell,Raw,std_ctrl__tvn_efaar_e0.2_c96,0.28166336685391274,-0.03203876553695525,-0.009024146570981923,370,56,1480,5753,7233
253,subcell,Raw,std_ctrl__tvn_efaar_e0.2_c96,0.2864703375703207,0.026516734481577427,0.007596257878200049,370,51,1480,5849,7329
254,subcell,Raw,std_ctrl__tvn_efaar_e0.2_c96,0.28358151197768316,0.03798532637779216,0.01077193628718007,370,58,1480,5625,7105
255,subcell,Raw,std_ctrl__tvn_efaar_e0.2_c96,0.28890892566546555,-0.003003056947290757,-0.0008676099563539852,370,61,1480,5881,7361
256,subcell,Raw,std_ctrl__tvn_efaar_e0.2_c96,0.26477743438050294,0.008776839608743106,0.002323909073572177,370,58,1480,5721,7201
257,subcell,Raw,std_ctrl__tvn_efaar_e0.2_c96,0.29087229031218176,0.012676485777469678,0.0036872384512024034,370,69,1480,5817,7297
258,subcell,Raw,std_ctrl__tvn_efaar_e0.2_c96,0.2996625575792322,0.04213767495767707,0.012627083448259876,370,65,1480,5689,7169
259,subcell,Raw,std_ctrl__tvn_efaar_e0.2_c96,0.2946540054404719,0.1070652448695795,0.03154720324428653,370,77,1480,5529,7009
260,subcell,Raw,std_ctrl__tvn_efaar_e0.2_c96,0.2775455789574567,-0.060381971077884934,-0.01675874912140398,370,92,1480,5721,7201
261,subcell,Raw,std_ctrl__tvn_efaar_e0.2_c96,0.2772736132967944,0.0077154428172657025,0.00213928870812806,370,90,1480,5660,7140
262,subcell,Raw,std_ctrl__tvn_efaar_e0.2_c96,0.2589071408292629,0.01690904161601315,0.004377871618964984,370,83,1480,5721,7201
263,subcell,Raw,std_ctrl__tvn_efaar_e0.2_c96,0.30711179885679313,-0.0203687128455452,-0.006255472042392856,370,54,1480,5881,7361
264,subcell,Raw,std_ctrl__tvn_efaar_e0.2_c96,0.2904372675708946,-0.018433691132590198,-0.005353830883795326,370,94,1480,5593,7073
265,subcell,Raw,std_ctrl__tvn_efaar_e0.2_c96,0.290835037185084,0.06862122106944718,0.01995745538141854,370,81,1480,5529,7009
266,subcell,Raw,std_ctrl__tvn_efaar_e0.2_c96,0.271141551448268,0.02099535464856385,0.005692713032618208,370,47,1480,5625,7105
267,subcell,Raw,std_ctrl__tvn_efaar_e0.2_c96,0.2862555275824213,-0.01951448477583337,-0.0055861291350053095,370,64,1480,5721,7201
268,subcell,Raw,std_ctrl__tvn_efaar_e0.2_c96,0.29090763477134685,-0.06599030385077609,-0.019197083211071775,370,75,1480,5692,7172
269,subcell,Raw,std_ctrl__tvn_efaar_e0.2_c96,0.27205881855986846,0.08599882988037914,0.023396740054787063,370,80,1480,5593,7073
270,subcell,Raw,std_ctrl__tvn_efaar_e0.2_c96,0.3355483851341021,-0.010925978877659089,-0.0036661945684078167,370,71,1480,5465,6945
271,subcell,Raw,std_ctrl__tvn_efaar_e0.2_c96,0.2845908121922957,0.038356250729028714,0.010915836547625617,370,79,1480,5822,7302
272,subcell,Raw,std_ctrl__tvn_efaar_e0.2_c96,0.2428931564165087,0.05207851214507251,0.012649514196392144,370,81,1480,5753,7233
273,subcell,Raw,std_ctrl__tvn_efaar_e0.2_c96,0.3212393366650574,0.05890054046179698,0.018921170547161033,370,78,1480,5721,7201
274,subcell,Raw,std_ctrl__tvn_efaar_e0.2_c96,0.26889432961031307,0.008891751850950213,0.0023909416530225177,370,69,1480,5721,7201
275,subcell,Raw,std_ctrl__tvn_efaar_e0.2_c96,0.2577208134993964,0.1572023354595124,0.040514313778630545,370,55,1480,5693,7173
276,subcell,Raw,std_ctrl__tvn_efaar_e0.2_c96,0.3042320914868768,-0.061979344963826365,-0.01885610574733152,370,47,1480,5817,7297
277,subcell,Raw,std_ctrl__tvn_efaar_e0.2_c96,0.2936164965718133,0.014961361875506651,0.004392902657829358,370,59,1480,5497,6977
278,subcell,Raw,std_ctrl__tvn_efaar_e0.2_c96,0.2794935677170198,-0.04473436444365492,-0.012502967117910508,370,55,1480,5657,7137
279,subcell,Raw,std_ctrl__tvn_efaar_e0.2_c96,0.253496923142461,-0.024307421285822858,-0.006161856505483657,370,69,1480,5849,7329
280,subcell,Raw,std_ctrl__tvn_efaar_e0.2_c96,0.29582074048124524,0.008791425117053981,0.002600685888012327,370,60,1480,5785,7265
281,subcell,Raw,std_ctrl__tvn_efaar_e0.2_c96,0.26003178909792174,-0.04072802622788096,-0.010590581526462967,370,75,1480,5753,7233
282,subcell,Raw,std_ctrl__tvn_efaar_e0.2_c96,0.28591792535078,0.009320668715434273,0.002664946261998887,370,73,1480,5977,7457
283,subcell,Raw,std_ctrl__tvn_efaar_e0.2_c96,0.263674058263142,-0.01180978561231211,-0.0031139340996159995,370,64,1480,5689,7169
284,subcell,Raw,std_ctrl__tvn_efaar_e0.2_c96,0.27218869462807865,-0.023510344593035814,-0.006399250005034726,370,61,1480,5561,7041
285,subcell,Raw,std_ctrl__tvn_efaar_e0.2_c96,0.3047807730196982,0.01400909289131555,0.004269702160719912,370,61,1480,5593,7073
286,subcell,Raw,std_ctrl__tvn_efaar_e0.2_c96,0.28246271634842496,0.011640518534207755,0.0032880124848765086,370,86,1480,5593,7073
287,subcell,Raw,std_ctrl__tvn_efaar_e0.2_c96,0.28269784556266164,0.0661016697184082,0.018686799617488627,370,58,1480,5881,7361
288,subcell,Raw,std_ctrl__tvn_efaar_e0.2_c96,0.29089421800246545,0.10795008882554809,0.0314020566722045,370,75,1480,5785,7265
289,subcell,Raw,std_ctrl__tvn_efaar_e0.2_c96,0.29436870540044446,0.01722729310407054,0.00507117596859925,370,97,1480,5785,7265
290,subcell,Raw,std_ctrl__tvn_efaar_e0.2_c96,0.30157255980289666,0.05376284405373774,0.01621339850356963,370,57,1480,5625,7105
291,subcell,Raw,std_ctrl__tvn_efaar_e0.2_c96,0.26071067792291464,-0.017150559941907284,-0.004471334109212232,370,76,1480,5849,7329
292,subcell,Raw,std_ctrl__tvn_efaar_e0.2_c96,0.29455782368600075,-0.0030410516607965073,-0.0008957655589209173,370,74,1480,5657,7137
293,subcell,Raw,std_ctrl__tvn_efaar_e0.2_c96,0.30278085617530576,0.0004325443056412564,0.00013096613519581274,370,61,1480,5817,7297
294,subcell,Raw,std_ctrl__tvn_efaar_e0.2_c96,0.30420582357984427,-0.02340767791400277,-0.007120751937920944,370,72,1480,5721,7201
295,subcell,Raw,std_ctrl__tvn_efaar_e0.2_c96,0.26135991591764596,0.0431310879593733,0.011272737522498398,370,65,1480,5724,7204
296,subcell,Raw,std_ctrl__tvn_efaar_e0.2_c96,0.2763948296132539,-0.012093138278724396,-0.003342480894037548,370,82,1480,5689,7169
297,subcell,Raw,std_ctrl__tvn_efaar_e0.2_c96,0.27399713017119115,-0.014089864188000347,-0.0038605823520139354,370,59,1480,5369,6849
298,subcell,Raw,std_ctrl__tvn_efaar_e0.2_c96,0.29201159619050027,0.019206267068780352,0.005608452703615591,370,62,1480,5689,7169
299,subcell,Raw,std_ctrl__tvn_efaar_e0.2_c96,0.28857385850109857,-0.007048806582923582,-0.002034101313462202,370,96,1480,5625,7105
300,subcell,Raw,std_ctrl__tvn_efaar_e0.2_c96,0.29237747399744046,0.00767710745952943,0.002244613286624122,370,49,1480,5625,7105
301,subcell,Raw,std_ctrl__tvn_efaar_e0.2_c96,0.2514075252276807,0.007491962401272976,0.0018835357264028708,370,97,1480,5657,7137
302,subcell,Raw,std_ctrl__tvn_efaar_e0.2_c96,0.26238612538855516,0.07551497787036175,0.019814082452206706,370,118,1480,5689,7169
303,subcell,Raw,std_ctrl__tvn_efaar_e0.2_c96,0.26283973063657345,-0.06889820364807935,-0.018109185288204956,370,102,1480,5689,7169
304,subcell,Raw,std_ctrl__tvn_efaar_e0.2_c96,0.30504811304698504,0.032911514687945925,0.010039595453076037,370,57,1480,5785,7265
305,subcell,Raw,std_ctrl__tvn_efaar_e0.2_c96,0.2719072110998141,0.11705985567037584,0.03182941888707865,370,70,1480,5849,7329
306,subcell,Raw,std_ctrl__tvn_efaar_e0.2_c96,0.26631733287041076,-0.00874583125428397,-0.002329166453375586,370,74,1480,5657,7137
307,subcell,Raw,std_ctrl__tvn_efaar_e0.2_c96,0.3038177186036122,-0.014774290896519882,-0.0044886913541667866,370,72,1480,5753,7233
308,subcell,Raw,std_ctrl__tvn_efaar_e0.2_c96,0.2701788902382855,0.008106638551643008,0.00219024260744581,370,75,1480,5753,7233
309,subcell,Raw,std_ctrl__tvn_efaar_e0.2_c96,0.28452025602340375,0.012224941935111608,0.0034782436092491995,370,73,1480,5849,7329
310,subcell,Raw,std_ctrl__tvn_efaar_e0.2_c96,0.2938830835513862,0.013409787717216761,0.003940909764105166,370,73,1480,5753,7233
311,subcell,Raw,std_ctrl__tvn_efaar_e0.2_c96,0.29829625229497614,0.09779807611063229,0.02917279958546045,370,67,1480,5724,7204
312,subcell,Raw,std_ctrl__tvn_efaar_e0.2_c96,0.2899532437692234,0.011675605339454977,0.003385379641144235,370,93,1480,5689,7169
313,subcell,Raw,std_ctrl__tvn_efaar_e0.2_c96,0.2476269859444367,-0.01541248785710821,-0.003816547913960936,370,100,1480,5721,7201
314,subcell,Raw,std_ctrl__tvn_efaar_e0.2_c96,0.30860783740148934,0.030685478093968037,0.00946977903421025,370,60,1480,5625,7105
315,subcell,Raw,std_ctrl__tvn_efaar_e0.2_c96,0.29517857763459804,0.011046378102752758,0.003260654176384529,370,52,1480,5593,7073
316,subcell,Raw,std_ctrl__tvn_efaar_e0.2_c96,0.29875357198032276,0.004595848230179373,0.0013730260750455324,370,61,1480,5561,7041
317,subcell,Raw,std_ctrl__tvn_efaar_e0.2_c96,0.2717863792187477,0.08509578521552606,0.023127875350504073,370,92,1480,5817,7297
318,subcell,Raw,std_ctrl__tvn_efaar_e0.2_c96,0.26893171007435596,0.07663922340547011,0.020610717409203682,370,80,1480,5657,7137
319,subcell,Raw,std_ctrl__tvn_efaar_e0.2_c96,0.2819209766902768,0.0070740285994839456,0.001994317051901465,370,86,1480,5881,7361
320,subcell,Raw,std_ctrl__tvn_efaar_e0.2_c96,0.2727538518430718,0.0665326390537789,0.018147033575202986,370,82,1480,5529,7009
321,subcell,Raw,std_ctrl__tvn_efaar_e0.2_c96,0.296162120735828,0.07979418652843172,0.023632015504650574,370,73,1480,5529,7009
322,subcell,Raw,std_ctrl__tvn_efaar_e0.2_c96,0.2651655592764323,-0.013356966530420405,-0.0035418075002755143,370,72,1480,5657,7137
323,subcell,Raw,std_ctrl__tvn_efaar_e0.2_c96,0.31321210259472004,0.07379830203353537,0.023114521347843815,370,92,1480,5625,7105
324,subcell,Raw,std_ctrl__tvn_efaar_e0.2_c96,0.2655961375619877,0.022799048623186904,0.006055339254406395,370,61,1480,5721,7201
325,subcell,Raw,std_ctrl__tvn_efaar_e0.2_c96,0.26006001408572266,0.057498595911843406,0.014953085662743271,370,100,1480,5689,7169
326,subcell,Raw,std_ctrl__tvn_efaar_e0.2_c96,0.273209759796427,-0.010411828257111521,-0.0028446130971670897,370,46,1480,5663,7143
327,subcell,Raw,std_ctrl__tvn_efaar_e0.2_c96,0.2813804906201618,0.008252182426251134,0.002322003139785621,370,79,1480,5497,6977
328,subcell,Raw,std_ctrl__tvn_efaar_e0.2_c96,0.2624880557755793,-0.03847051669086063,-0.01009805113086598,370,67,1480,5727,7207
329,subcell,Raw,std_ctrl__tvn_efaar_e0.2_c96,0.3032210233862896,-0.03873517638630703,-0.011745319824904456,370,113,1480,5561,7041
330,subcell,Raw,std_ctrl__tvn_efaar_e0.2_c96,0.3459238494422006,0.01974674049686393,0.006830868486611364,370,45,1480,5593,7073
331,subcell,Raw,std_ctrl__tvn_efaar_e0.2_c96,0.29806486527680276,-0.0162254432267934,-0.004836234549450587,370,95,1480,5817,7297
332,subcell,Raw,std_ctrl__tvn_efaar_e0.2_c96,0.3044749812166121,0.01099639049247073,0.0033481257886455577,370,100,1480,5689,7169
333,subcell,Raw,std_ctrl__tvn_efaar_e0.2_c96,0.2758389662724593,0.05281041016358756,0.01456716894794857,370,92,1480,5433,6913
334,subcell,Raw,std_ctrl__tvn_efaar_e0.2_c96,0.2932847544384253,0.011268655604638796,0.003304924891857674,370,53,1480,5497,6977
335,subcell,Raw,std_ctrl__tvn_efaar_e0.2_c96,0.2871576168610994,0.028116187801263525,0.008073777484229949,370,71,1480,5593,7073
336,subcell,Raw,std_ctrl__tvn_efaar_e0.2_c96,0.30435951145515633,-0.011353024738119884,-0.003455401062832472,370,53,1480,5593,7073
337,subcell,Raw,std_ctrl__tvn_efaar_e0.2_c96,0.28211699053184436,-0.006799986771337776,-0.0019183918035861661,370,95,1480,5593,7073
338,subcell,Raw,std_ctrl__tvn_efaar_e0.2_c96,0.3128883134586793,0.023142882858908306,0.007241137586295598,370,87,1480,5561,7041
339,subcell,Raw,std_ctrl__tvn_efaar_e0.2_c96,0.27539684866173597,-0.011499351067151187,-0.0031668850455484074,370,86,1480,5817,7297
340,subcell,Raw,std_ctrl__tvn_efaar_e0.2_c96,0.3169693810656009,-0.024943570953719033,-0.007906348246766223,370,93,1480,5625,7105
341,subcell,Raw,std_ctrl__tvn_efaar_e0.2_c96,0.29169966944509096,0.019575025877511545,0.00571002857784922,370,52,1480,5561,7041
342,subcell,Raw,std_ctrl__tvn_efaar_e0.2_c96,0.26082308490088163,0.08356012503983508,0.02179440958759319,370,78,1480,5785,7265
343,subcell,Raw,std_ctrl__tvn_efaar_e0.2_c96,0.2837820849130532,-0.010264089933141362,-0.0029127648409619364,370,71,1480,5785,7265
344,subcell,Raw,std_ctrl__tvn_efaar_e0.2_c96,0.29363879747562127,0.0694088141208105,0.020381120712643717,370,48,1480,5561,7041
345,subcell,Raw,std_ctrl__tvn_efaar_e0.2_c96,0.3104773634964996,0.02854941148988517,0.00886394600875622,370,77,1480,5785,7265
346,subcell,Raw,std_ctrl__tvn_efaar_e0.2_c96,0.25692672311977593,0.0644349896096531,0.016555070734664983,370,62,1480,5689,7169
347,subcell,Raw,std_ctrl__tvn_efaar_e0.2_c96,0.3043537157568617,0.03747082531187377,0.011404384916145049,370,59,1480,5817,7297
348,subcell,Raw,std_ctrl__tvn_efaar_e0.2_c96,0.29683438357102593,0.024692321027943775,0.0073295298912675715,370,125,1480,5791,7271
349,subcell,Raw,std_ctrl__tvn_efaar_e0.2_c96,0.22998630874239806,-0.007603731848339111,-0.0017487542204665237,370,84,1480,5689,7169
350,subcell,Raw,std_ctrl__tvn_efaar_e0.2_c96,0.294705108999077,-0.006837779722451731,-0.0020151286184168157,370,84,1480,5497,6977
351,subcell,Raw,std_ctrl__tvn_efaar_e0.2_c96,0.297242540625687,0.0015991252246364996,0.0004753280445495756,370,91,1480,5689,7169
352,subcell,Raw,std_ctrl__tvn_efaar_e0.2_c96,0.29705228873409617,0.04216508296200993,0.012525234398528092,370,69,1480,5433,6913
353,subcell,Raw,std_ctrl__tvn_efaar_e0.2_c96,0.28658691461274344,-0.0008417811012166093,-0.00024124344857698554,370,90,1480,5593,7073
354,subcell,Raw,std_ctrl__tvn_efaar_e0.2_c96,0.2848464209511932,0.023404194315614694,0.006666600986049107,370,67,1480,5625,7105
355,subcell,Raw,std_ctrl__tvn_efaar_e0.2_c96,0.3062409516675461,0.011284076932387642,0.0034556464584641956,370,67,1480,5561,7041
356,subcell,Raw,std_ctrl__tvn_efaar_e0.2_c96,0.32223048484485856,-0.014405609668692273,-0.004641926588028493,370,63,1480,5881,7361
357,subcell,Raw,std_ctrl__tvn_efaar_e0.2_c96,0.2692053823708154,0.047198146913201525,0.01270599518696234,370,87,1480,5497,6977
358,subcell,Raw,std_ctrl__tvn_efaar_e0.2_c96,0.27163059070867374,0.004609930899081015,0.0012521982532435437,370,70,1480,5561,7041
359,subcell,Raw,std_ctrl__tvn_efaar_e0.2_c96,0.2865922856616549,0.014913631330662067,0.0042741316905697095,370,83,1480,5529,7009
360,subcell,Raw,std_ctrl__tvn_efaar_e0.2_c96,0.316914437652397,-0.024907002328616562,-0.007893388636580461,370,63,1480,5657,7137
361,subcell,Raw,std_ctrl__tvn_efaar_e0.2_c96,0.28975435434531366,0.01923466647309273,0.005573328364958435,370,55,1480,5721,7201
362,subcell,Raw,std_ctrl__tvn_efaar_e0.2_c96,0.2951322590117595,0.024004480040601104,0.007084496420785296,370,60,1480,5561,7041
363,subcell,Raw,std_ctrl__tvn_efaar_e0.2_c96,0.24841644739561622,-0.004550010565854801,-0.001130297460382167,370,75,1480,5689,7169
364,subcell,Raw,std_ctrl__tvn_efaar_e0.2_c96,0.2748068315993129,0.032479951320497996,0.008925712512885974,370,67,1480,5785,7265
365,subcell,Raw,std_ctrl__tvn_efaar_e0.2_c96,0.33088139825563767,0.05978245838584369,0.019780903421867432,370,62,1480,5753,7233
366,subcell,Raw,std_ctrl__tvn_efaar_e0.2_c96,0.2517124691380288,0.0021004999969018107,0.0005287220406445766,370,83,1480,5660,7140
367,subcell,Raw,std_ctrl__tvn_efaar_e0.2_c96,0.2784962468072739,0.0037103054324392486,0.00103330613744297,370,79,1480,5689,7169
368,subcell,Raw,std_ctrl__tvn_efaar_e0.2_c96,0.2875770314693472,-0.007846000644497886,-0.002256329574251287,370,76,1480,5785,7265
369,subcell,Raw,std_ctrl__tvn_efaar_e0.2_c96,0.28935841609337576,-0.009989581954247187,-0.0028905696117159352,370,63,1480,5721,7201
370,subcell,Raw,std_ctrl__tvn_efaar_e0.2_c96,0.29106301681990693,-0.017465478397663638,-0.0050835548326268925,370,56,1480,5817,7297
371,subcell,Raw,std_ctrl__tvn_efaar_e0.2_c96,0.2984504160833634,0.0013525772462846997,0.00040367724193855856,370,63,1480,5529,7009
372,subcell,Raw,std_ctrl__tvn_efaar_e0.2_c96,0.30867659127617286,0.0357447773118313,0.011033576016541967,370,77,1480,5881,7361
373,subcell,Raw,std_ctrl__tvn_efaar_e0.2_c96,0.29215595656077537,0.09192953669844692,0.026857761730323663,370,74,1480,5721,7201
374,subcell,Raw,std_ctrl__tvn_efaar_e0.2_c96,0.30349966594064937,-0.027391506459313528,-0.008313313060012794,370,69,1480,5563,7043
375,subcell,Raw,std_ctrl__tvn_efaar_e0.2_c96,0.28600652891632733,-0.013238672202998866,-0.003786346684240774,370,93,1480,5273,6753
376,subcell,Raw,std_ctrl__tvn_efaar_e0.2_c96,0.30788853794259535,0.04301974147643151,0.013245285305846927,370,86,1480,5593,7073
377,subcell,Raw,std_ctrl__tvn_efaar_e0.2_c96,0.2830629488431838,-0.01788632302965364,-0.0050629553407355084,370,79,1480,5817,7297
378,subcell,Raw,std_ctrl__tvn_efaar_e0.2_c96,0.2914312865594879,0.03229638048214925,0.00941217571512749,370,97,1480,5465,6945
379,subcell,Raw,std_ctrl__tvn_efaar_e0.2_c96,0.2611315962306691,-0.018283741305183072,-0.0047744625520910735,370,60,1480,5625,7105
380,subcell,Raw,std_ctrl__tvn_efaar_e0.2_c96,0.2889800924104438,0.13665673400081016,0.03949107562006356,370,58,1480,5689,7169
381,subcell,Raw,std_ctrl__tvn_efaar_e0.2_c96,0.2628611705260583,0.0006826216364891535,0.00017943472239395235,370,87,1480,5369,6849
382,subcell,Raw,std_ctrl__tvn_efaar_e0.2_c96,0.2812542802170379,0.010185981915994348,0.002864851012086755,370,65,1480,5753,7233
383,subcell,Raw,std_ctrl__tvn_efaar_e0.2_c96,0.28775764280132937,0.01743210389107944,0.005016221124764901,370,84,1480,6009,7489
384,subcell,Raw,std_ctrl__tvn_efaar_e0.2_c96,0.27801544517246657,-0.0010911806843799557,-0.0003033650837314901,370,65,1480,5561,7041
385,subcell,Raw,std_ctrl__tvn_efaar_e0.2_c96,0.31758444633561767,-0.03726695701660445,-0.011835405910731586,370,97,1480,5561,7041
386,subcell,Raw,std_ctrl__tvn_efaar_e0.2_c96,0.28012617279976165,-1.8809837551135013e-05,-5.269127804184692e-06,370,59,1480,5753,7233
387,subcell,Raw,std_ctrl__tvn_efaar_e0.2_c96,0.2906517813439461,-0.017680502121969734,-0.005138869436805922,370,49,1480,5721,7201
388,subcell,Raw,std_ctrl__tvn_efaar_e0.2_c96,0.3080441645458702,0.052494135065752984,0.016170511979887947,370,49,1480,5657,7137
389,subcell,Raw,std_ctrl__tvn_efaar_e0.2_c96,0.29114005666155957,0.04496152016200714,0.013090099527556612,370,59,1480,5721,7201
390,subcell,Raw,std_ctrl__tvn_efaar_e0.2_c96,0.31084608869938607,0.011569550845914761,0.003596349628461277,370,73,1480,5753,7233
391,subcell,Raw,std_ctrl__tvn_efaar_e0.2_c96,0.27106097558025083,0.010329278176555608,0.0027998642195769573,370,83,1480,5657,7137
392,subcell,Raw,std_ctrl__tvn_efaar_e0.2_c96,0.2731608924946469,0.018896545364860965,0.005161797196931005,370,57,1480,5945,7425
393,subcell,Raw,std_ctrl__tvn_efaar_e0.2_c96,0.2992832713835083,-0.008037670572966527,-0.0024055403433803795,370,39,1480,5791,7271
394,subcell,Raw,std_ctrl__tvn_efaar_e0.2_c96,0.2756863510697469,-0.01669070619567501,-0.004601399887862861,370,90,1480,5625,7105
395,subcell,Raw,std_ctrl__tvn_efaar_e0.2_c96,0.2921416744280755,0.15075386015836256,0.044041485133159974,370,47,1480,5689,7169
396,subcell,Raw,std_ctrl__tvn_efaar_e0.2_c96,0.288676969005546,0.05628878507053317,0.016249275863166147,370,81,1480,5657,7137
397,subcell,Raw,std_ctrl__tvn_efaar_e0.2_c96,0.2584124258201922,0.059286741143143376,0.015320430597773474,370,73,1480,5625,7105
398,subcell,Raw,std_ctrl__tvn_efaar_e0.2_c96,0.28403143485203186,-0.029892566898600433,-0.008490428667619832,370,87,1480,5913,7393
399,subcell,Raw,std_ctrl__tvn_efaar_e0.2_c96,0.30274701971381085,-0.007976934095602137,-0.00241499302389703,370,59,1480,5625,7105
400,subcell,Raw,std_ctrl__tvn_efaar_e0.2_c96,0.2682612773841738,-0.0012372589754752455,-0.00033190867321602357,370,49,1480,5497,6977
401,subcell,Raw,std_ctrl__tvn_efaar_e0.2_c96,0.30155842733129534,0.06845430536201531,0.020642972669025594,370,82,1480,5497,6977
402,subcell,Raw,std_ctrl__tvn_efaar_e0.2_c96,0.25598090824055564,0.06365601734344642,0.016294725134551977,370,64,1480,5657,7137
403,subcell,Raw,std_ctrl__tvn_efaar_e0.2_c96,0.2642603763302375,0.03013326116857073,0.007963026936463833,370,81,1480,5785,7265
404,subcell,Raw,std_ctrl__tvn_efaar_e0.2_c96,0.2982736268867532,-0.015383691802329805,-0.004588549548788924,370,49,1480,5817,7297
405,subcell,Raw,std_ctrl__tvn_efaar_e0.2_c96,0.27143320258563297,0.02047846204910896,0.005558534538017989,370,73,1480,5817,7297
406,subcell,Raw,std_ctrl__tvn_efaar_e0.2_c96,0.30067883650885013,0.006679630644639965,0.0020084235705392054,370,85,1480,5529,7009
407,subcell,Raw,std_ctrl__tvn_efaar_e0.2_c96,0.25193549888501204,0.010890837708625265,0.0027437886313982076,370,82,1480,5785,7265
408,subcell,Raw,std_ctrl__tvn_efaar_e0.2_c96,0.29314029093504324,0.003542578560606541,0.0010384725099164482,370,78,1480,5433,6913
409,subcell,Raw,std_ctrl__tvn_efaar_e0.2_c96,0.2692060217313386,-0.0026079181332077407,-0.000702067265641875,370,50,1480,5689,7169
410,subcell,Raw,std_ctrl__tvn_efaar_e0.2_c96,0.29590355105250243,-0.008788773406266137,-0.0026006292603099473,370,82,1480,5561,7041
411,subcell,Raw,std_ctrl__tvn_efaar_e0.2_c96,0.2809188607452327,0.03464857747164133,0.009733438909776418,370,94,1480,5657,7137
412,subcell,Raw,std_ctrl__tvn_efaar_e0.2_c96,0.2573176399029677,-0.007623611293872547,-0.0019616896656768933,370,64,1480,5753,7233
413,subcell,Raw,std_ctrl__tvn_efaar_e0.2_c96,0.32860542680351484,0.01826900436150821,0.00600329397548868,370,74,1480,5721,7201
414,subcell,Raw,std_ctrl__tvn_efaar_e0.2_c96,0.27928606132668976,-0.010637171053805251,-0.0029708136072755425,370,80,1480,5945,7425
415,subcell,Raw,std_ctrl__tvn_efaar_e0.2_c96,0.29755033669546804,0.012878779045134169,0.0038320850411062103,370,82,1480,5785,7265
416,subcell,Raw,std_ctrl__tvn_efaar_e0.2_c96,0.32818262844644436,0.04066107468644921,0.013344258366056084,370,64,1480,5701,7181
417,subcell,Raw,std_ctrl__tvn_efaar_e0.2_c96,0.27006128190196493,0.08050635922207518,0.021741650572773698,370,71,1480,5625,7105
418,subcell,Raw,std_ctrl__tvn_efaar_e0.2_c96,0.277663524159666,0.04539310705313243,0.012604010076929741,370,74,1480,5817,7297
419,subcell,Raw,std_ctrl__tvn_efaar_e0.2_c96,0.28806785265013035,0.12277668558197825,0.0353680161711007,370,60,1480,5625,7105
420,subcell,Raw,std_ctrl__tvn_efaar_e0.2_c96,0.27505825728355526,0.07659296917079177,0.021067528620291057,370,70,1480,5497,6977
421,subcell,Raw,std_ctrl__tvn_efaar_e0.2_c96,0.3081295581686274,0.06291743735839954,0.019386722174345943,370,63,1480,5657,7137
422,subcell,Raw,std_ctrl__tvn_efaar_e0.2_c96,0.29510412718355455,0.014655744917020192,0.00432497081196206,370,64,1480,5721,7201
423,subcell,Raw,std_ctrl__tvn_efaar_e0.2_c96,0.26307257343879686,-0.04035433251729524,-0.010616118104729781,370,74,1480,5689,7169
424,subcell,Raw,std_ctrl__tvn_efaar_e0.2_c96,0.28779808288703307,0.025158371543247106,0.007240531098706204,370,56,1480,5689,7169
425,subcell,Raw,std_ctrl__tvn_efaar_e0.2_c96,0.30871003321849566,0.009468253549289605,0.0029229448677223335,370,66,1480,5721,7201
426,subcell,Raw,std_ctrl__tvn_efaar_e0.2_c96,0.3297426467799595,0.03686901833021663,0.012157287688384474,370,46,1480,5625,7105
427,subcell,Raw,std_ctrl__tvn_efaar_e0.2_c96,0.2945279855425096,0.01998296135733614,0.005885541353750027,370,47,1480,5849,7329
428,subcell,Raw,std_ctrl__tvn_efaar_e0.2_c96,0.2905710010257925,-0.013219505702938821,-0.0038412050051691055,370,88,1480,5689,7169
429,subcell,Raw,std_ctrl__tvn_efaar_e0.2_c96,0.3044969504430164,0.06824158325086668,0.02077935399329213,370,59,1480,5625,7105
430,subcell,Raw,std_ctrl__tvn_efaar_e0.2_c96,0.2914849589551148,0.04115211046512136,0.011995221229842248,370,56,1480,5625,7105
431,subcell,Raw,std_ctrl__tvn_efaar_e0.2_c96,0.2792507873132916,0.018933154183424054,0.005287098212045108,370,78,1480,5817,7297
432,subcell,Raw,std_ctrl__tvn_efaar_e0.2_c96,0.25263194141385764,0.0006371398415921585,0.00016096187513354473,370,74,1480,5727,7207
433,subcell,Raw,std_ctrl__tvn_efaar_e0.2_c96,0.29402719742031025,0.007366303772347165,0.002165893653529896,370,51,1480,5657,7137
434,subcell,Raw,std_ctrl__tvn_efaar_e0.2_c96,0.27194893261580544,-0.0029760187224106976,-0.0008093251150042422,370,81,1480,5945,7425
435,subcell,Raw,std_ctrl__tvn_efaar_e0.2_c96,0.2928170855076202,0.018108988067772936,0.005302621107497542,370,89,1480,5881,7361
436,subcell,Raw,std_ctrl__tvn_efaar_e0.2_c96,0.285535386647954,0.013477008997661351,0.0038481629750051895,370,69,1480,5689,7169
437,subcell,Raw,std_ctrl__tvn_efaar_e0.2_c96,0.281429596182696,0.045038159937330534,0.012675071163974608,370,41,1480,5721,7201
438,subcell,Raw,std_ctrl__tvn_efaar_e0.2_c96,0.29257437730638564,0.007208246299868456,0.002108948172655072,370,77,1480,5753,7233
439,subcell,Raw,std_ctrl__tvn_efaar_e0.2_c96,0.27629850785841775,0.007002054059015755,0.0019346570884500305,370,45,1480,5689,7169
440,subcell,Raw,std_ctrl__tvn_efaar_e0.2_c96,0.3277182081559216,0.032122331138944936,0.0105270728026462,370,65,1480,5721,7201
441,subcell,Raw,std_ctrl__tvn_efaar_e0.2_c96,0.2776320147054301,0.00885430055558612,0.0024582373020547834,370,74,1480,5657,7137
442,subcell,Raw,std_ctrl__tvn_efaar_e0.2_c96,0.262132102542337,0.08028975315803273,0.02104652180792036,370,63,1480,5721,7201
443,subcell,Raw,std_ctrl__tvn_efaar_e0.2_c96,0.33259785790266877,0.13440044067283297,0.044701298668958965,370,57,1480,5657,7137
444,subcell,Raw,std_ctrl__tvn_efaar_e0.2_c96,0.2649165344205745,0.03985252666547868,0.010557593252122145,370,75,1480,5785,7265
445,subcell,Raw,std_ctrl__tvn_efaar_e0.2_c96,0.26644933600675297,-0.02381232674706701,-0.006344778650531849,370,101,1480,5785,7265
446,subcell,Raw,std_ctrl__tvn_efaar_e0.2_c96,0.2544874176590351,-0.03579960229929355,-0.00911054834236767,370,84,1480,5785,7265
447,subcell,Raw,std_ctrl__tvn_efaar_e0.2_c96,0.30533364169923244,0.11002846779109593,0.03359539276124202,370,73,1480,5561,7041
448,subcell,Raw,std_ctrl__tvn_efaar_e0.2_c96,0.30466196237284615,-0.01938091135790892,-0.005904626486874714,370,66,1480,5529,7009
449,subcell,Raw,std_ctrl__tvn_efaar_e0.2_c96,0.27390747569954293,0.027291945042813147,0.007475467773607604,370,94,1480,5913,7393
450,subcell,Raw,std_ctrl__tvn_efaar_e0.2_c96,0.3000788815683545,-0.023770244069788806,-0.007132948255069036,370,76,1480,5625,7105
451,subcell,Raw,std_ctrl__tvn_efaar_e0.2_c96,0.2630316567599695,0.031848414793100896,0.008377141308208049,370,69,1480,5657,7137
452,subcell,Raw,std_ctrl__tvn_efaar_e0.2_c96,0.27440956991670895,0.01647252838359719,0.004520219429183686,370,67,1480,5817,7297
453,subcell,Raw,std_ctrl__tvn_efaar_e0.2_c96,0.29353961392053035,0.03154177394011067,0.009258760144748732,370,77,1480,5753,7233
454,subcell,Raw,std_ctrl__tvn_efaar_e0.2_c96,0.29347548110995375,-0.022225713723406395,-0.006522702027988794,370,66,1480,5689,7169
455,subcell,Raw,std_ctrl__tvn_efaar_e0.2_c96,0.2862470567192542,0.02634930926472514,0.007542412223612948,370,66,1480,5817,7297
456,subcell,Raw,std_ctrl__tvn_efaar_e0.2_c96,0.27388692335191983,0.013211853634828814,0.0036185539438191427,370,87,1480,5881,7361
457,subcell,Raw,std_ctrl__tvn_efaar_e0.2_c96,0.2808177467398737,-0.012525965938409218,-0.003517513530564484,370,74,1480,5625,7105
458,subcell,Raw,std_ctrl__tvn_efaar_e0.2_c96,0.26104271954250285,-0.026379421994495413,-0.006886156057402397,370,124,1480,5465,6945
459,subcell,Raw,std_ctrl__tvn_efaar_e0.2_c96,0.29094869976589716,0.0067514746226621765,0.0019643327629660116,370,84,1480,5689,7169
460,subcell,Raw,std_ctrl__tvn_efaar_e0.2_c96,0.26410472653393374,0.005968133449173827,0.0015762122525120764,370,75,1480,5657,7137
461,subcell,Raw,std_ctrl__tvn_efaar_e0.2_c96,0.28356253614021887,0.09090125535537064,0.02577619050689855,370,64,1480,5529,7009
462,subcell,Raw,std_ctrl__tvn_efaar_e0.2_c96,0.30333277157545363,0.11867777239209479,0.035998857624094965,370,86,1480,5785,7265
463,subcell,Raw,std_ctrl__tvn_efaar_e0.2_c96,0.285625015686929,0.08967200620604678,0.025612568179280506,370,56,1480,5689,7169
464,subcell,Raw,std_ctrl__tvn_efaar_e0.2_c96,0.31486706523777425,-0.0036843169860145742,-0.0011600700767920907,370,51,1480,5561,7041
465,subcell,Raw,std_ctrl__tvn_efaar_e0.2_c96,0.30040210169719905,0.04003979840818336,0.012028039593350446,370,70,1480,5721,7201
466,subcell,Raw,std_ctrl__tvn_efaar_e0.2_c96,0.25868630065934606,0.02729071801613027,0.007059734885930107,370,88,1480,5657,7137
467,subcell,Raw,std_ctrl__tvn_efaar_e0.2_c96,0.28853464281669194,-0.03737572637356258,-0.010784191859210292,370,95,1480,5785,7265
468,subcell,Raw,std_ctrl__tvn_efaar_e0.2_c96,0.26340240327911435,0.002656333012860059,0.0006996844994969901,370,73,1480,5657,7137
469,subcell,Raw,std_ctrl__tvn_efaar_e0.2_c96,0.27029816963593845,0.015203882811121077,0.004109581695205334,370,68,1480,5817,7297
470,subcell,Raw,std_ctrl__tvn_efaar_e0.2_c96,0.2641721658805561,-0.0018047197054850339,-0.0004767567134053007,370,79,1480,5561,7041
471,subcell,Raw,std_ctrl__tvn_efaar_e0.2_c96,0.2588820672530628,-0.04185558915927165,-0.01083566144764713,370,72,1480,5881,7361
472,subcell,Raw,std_ctrl__tvn_efaar_e0.2_c96,0.29322623725871894,-0.0013992192115826006,-0.0004102877845124773,370,100,1480,5753,7233
473,subcell,Raw,std_ctrl__tvn_efaar_e0.2_c96,0.268702931896616,0.08666681567174443,0.023287627469141314,370,82,1480,5721,7201
474,subcell,Raw,std_ctrl__tvn_efaar_e0.2_c96,0.2911815090364398,0.026153900279957887,0.007615532150706703,370,65,1480,5881,7361
475,subcell,Raw,std_ctrl__tvn_efaar_e0.2_c96,0.2667250292845298,0.005714798041138849,0.0015242796748779332,370,90,1480,5337,6817
476,subcell,Raw,std_ctrl__tvn_efaar_e0.2_c96,0.2793923538311706,0.01887317827217645,0.005273021701738684,370,95,1480,5657,7137
477,subcell,Raw,std_ctrl__tvn_efaar_e0.2_c96,0.26555509650767906,0.04710126463003601,0.012507980874462943,370,80,1480,5660,7140
478,subcell,Raw,std_ctrl__tvn_efaar_e0.2_c96,0.29279709333355913,0.009947691037807247,0.002912655021250258,370,50,1480,5817,7297
479,subcell,Raw,std_ctrl__tvn_efaar_e0.2_c96,0.2815483355765824,0.06700339506653466,0.018864694358963024,370,53,1480,5753,7233
480,subcell,Raw,std_ctrl__tvn_efaar_e0.2_c96,0.27545159783526446,0.05506968214727869,0.015169031939748053,370,63,1480,5721,7201
481,subcell,Raw,std_ctrl__tvn_efaar_e0.2_c96,0.27820553200346,0.0029783881574063018,0.0008286040618440251,370,83,1480,5689,7169
482,subcell,Raw,std_ctrl__tvn_efaar_e0.2_c96,0.2885891620784587,-0.013820981252161541,-0.003988585398663386,370,68,1480,5785,7265
483,subcell,Raw,std_ctrl__tvn_efaar_e0.2_c96,0.31284626374135194,0.07342958147050614,0.022972170211139054,370,61,1480,5753,7233
484,subcell,Raw,std_ctrl__tvn_efaar_e0.2_c96,0.3011483189995176,0.0626059816467613,0.018853686132236817,370,49,1480,5561,7041
485,subcell,Raw,std_ctrl__tvn_efaar_e0.2_c96,0.28098706015426717,-0.04496581323253775,-0.012634811667656629,370,75,1480,5433,6913
486,subcell,Raw,std_ctrl__tvn_efaar_e0.2_c96,0.2856320577647154,0.035240519619397545,0.010065822135586346,370,84,1480,5657,7137
487,subcell,Raw,std_ctrl__tvn_efaar_e0.2_c96,0.2676142664213983,-0.05201922681009441,-0.013921087222591751,370,40,1480,5529,7009
488,subcell,Raw,std_ctrl__tvn_efaar_e0.2_c96,0.27341939180651376,0.02396600311070958,0.00655276999456323,370,77,1480,5625,7105
489,subcell,Raw,std_ctrl__tvn_efaar_e0.2_c96,0.3219154027671619,0.08449002171475228,0.027198639370110737,370,57,1480,5849,7329
490,subcell,Raw,std_ctrl__tvn_efaar_e0.2_c96,0.31850411034375115,0.035037198348368714,0.011159491688884724,370,68,1480,5913,7393
491,subcell,Raw,std_ctrl__tvn_efaar_e0.2_c96,0.30037772103230853,0.05567200008880936,0.016722628511987036,370,75,1480,5913,7393
492,subcell,Raw,std_ctrl__tvn_efaar_e0.2_c96,0.2683531098163579,-0.01709091307666359,-0.004586399673723732,370,85,1480,5561,7041
493,subcell,Raw,std_ctrl__tvn_efaar_e0.2_c96,0.27098511145372217,-0.04056262985789954,-0.010991868772898985,370,112,1480,5529,7009
494,subcell,Raw,std_ctrl__tvn_efaar_e0.2_c96,0.29279517047616294,-0.001214379612741778,-0.0003555644857355056,370,68,1480,5689,7169
495,subcell,Raw,std_ctrl__tvn_efaar_e0.2_c96,0.30124491837743045,0.06907786288847384,0.020809355167525634,370,65,1480,5369,6849
496,subcell,Raw,std_ctrl__tvn_efaar_e0.2_c96,0.28513077381484164,0.007370605443141653,0.0021015864334868635,370,81,1480,5657,7137
497,subcell,Raw,std_ctrl__tvn_efaar_e0.2_c96,0.28675832940169166,0.052050142015800195,0.014925811769571664,370,98,1480,5753,7233
498,subcell,Raw,std_ctrl__tvn_efaar_e0.2_c96,0.3092440659656542,0.0022644370746980557,0.0007002637281029985,370,84,1480,5945,7425
499,subcell,Raw,std_ctrl__tvn_efaar_e0.2_c96,0.2894067454093754,0.072321406827831,0.02093030297346995,370,65,1480,5817,7297
500,subcell,Raw,std_ctrl__tvn_efaar_e0.2_c96,0.29026186771774193,-0.023060378529251538,-0.006693548542178666,370,72,1480,5753,7233
501,subcell,Raw,std_ctrl__tvn_efaar_e0.2_c96,0.2851435299346872,-0.005027132900124545,-0.0014334544205923143,370,83,1480,5593,7073
502,subcell,Raw,std_ctrl__tvn_efaar_e0.2_c96,0.29878859333856644,-0.017366488441707757,-0.005188908652728333,370,84,1480,5817,7297
503,subcell,Raw,std_ctrl__tvn_efaar_e0.2_c96,0.2868979230955723,0.08068535960066962,0.023148462093651512,370,83,1480,5785,7265
504,subcell,Raw,std_ctrl__tvn_efaar_e0.2_c96,0.2870144832584834,-0.01493652086978704,-0.00428699781912148,370,71,1480,5721,7201
505,subcell,Raw,std_ctrl__tvn_efaar_e0.2_c96,0.27843922936476406,0.028694995062668375,0.007989812311875092,370,62,1480,5625,7105
506,subcell,Raw,std_ctrl__tvn_efaar_e0.2_c96,0.29510265847078404,0.008430037621417296,0.002487726513088969,370,88,1480,5657,7137
507,subcell,Raw,std_ctrl__tvn_efaar_e0.2_c96,0.2930905349372473,0.014321245471770518,0.004197421496288852,370,83,1480,5657,7137
508,subcell,Raw,std_ctrl__tvn_efaar_e0.2_c96,0.28774031666599575,-0.014455653550516865,-0.004159474330239649,370,81,1480,5881,7361
509,subcell,Raw,std_ctrl__tvn_efaar_e0.2_c96,0.3049292409659077,0.009193692796675333,0.002803425766163942,370,61,1480,5593,7073
510,subcell,Raw,std_ctrl__tvn_efaar_e0.2_c96,0.2751458346619291,0.012758239530339157,0.0035103764643919858,370,79,1480,5433,6913
511,subcell,Raw,std_ctrl__tvn_efaar_e0.2_c96,0.29146853863342914,0.017911527492714952,0.0052206467429941165,370,73,1480,5593,7073
512,subcell,Raw,std_ctrl__tvn_efaar_e0.2_c96,0.281848577379872,0.01044113056178463,0.002942817795076502,370,71,1480,5753,7233
513,subcell,Raw,std_ctrl__tvn_efaar_e0.2_c96,0.2981680708983733,-0.016855902369301227,-0.005025891892705868,370,73,1480,5497,6977
514,subcell,Raw,std_ctrl__tvn_efaar_e0.2_c96,0.31533834671501404,0.11681231864793609,0.03683540343838757,370,61,1480,5945,7425
515,subcell,Raw,std_ctrl__tvn_efaar_e0.2_c96,0.33273103679178945,-0.012680779695059608,-0.004219288975265455,370,61,1480,5497,6977
516,subcell,Raw,std_ctrl__tvn_efaar_e0.2_c96,0.2933475185214407,0.014504316995902567,0.004254805398596375,370,47,1480,5657,7137
517,subcell,Raw,std_ctrl__tvn_efaar_e0.2_c96,0.28240517154489647,-0.029253176811012423,-0.008261248415547151,370,82,1480,5753,7233
518,subcell,Raw,std_ctrl__tvn_efaar_e0.2_c96,0.2932520065781023,-0.021416082984660818,-0.006280309308294939,370,72,1480,5785,7265
519,subcell,Raw,std_ctrl__tvn_efaar_e0.2_c96,0.2816537006273631,-0.012102783796882855,-0.0034087938442849447,370,86,1480,5881,7361
520,subcell,Raw,std_ctrl__tvn_efaar_e0.2_c96,0.2743582642967511,-0.017547664490464833,-0.004814346772065665,370,75,1480,5753,7233
521,subcell,Raw,std_ctrl__tvn_efaar_e0.2_c96,0.29193326960376403,-0.016036696951289,-0.004681645374634512,370,66,1480,5849,7329
522,subcell,Raw,std_ctrl__tvn_efaar_e0.2_c96,0.2667931378525019,0.02075718019310121,0.0055378732366872735,370,87,1480,5529,7009
523,subcell,Raw,std_ctrl__tvn_efaar_e0.2_c96,0.26863770607984,0.013436311174026376,0.0036094998119653677,370,63,1480,5433,6913
524,subcell,Raw,std_ctrl__tvn_efaar_e0.2_c96,0.28228915362669793,0.01618244516656469,0.004568128749679995,370,84,1480,5817,7297
525,subcell,Raw,std_ctrl__tvn_efaar_e0.2_c96,0.2987404582191173,-0.025895396257782775,-0.007736002543815642,370,69,1480,5657,7137
526,subcell,Raw,std_ctrl__tvn_efaar_e0.2_c96,0.2913963821127064,-0.031160743432848595,-0.009080127900274355,370,55,1480,5913,7393
527,subcell,Raw,std_ctrl__tvn_efaar_e0.2_c96,0.2935204747264673,-0.005933099942994946,-0.0017414863118674526,370,51,1480,5721,7201
528,subcell,Raw,std_ctrl__tvn_efaar_e0.2_c96,0.26683373671866545,-0.03157807522526877,-0.00842609581074158,370,88,1480,5913,7393
529,subcell,Raw,std_ctrl__tvn_efaar_e0.2_c96,0.28027133339101135,0.09408045107331213,0.026368053468344994,370,56,1480,5401,6881
530,subcell,Raw,std_ctrl__tvn_efaar_e0.2_c96,0.2904765066115509,-0.0007841247832907038,-0.00022776982779782303,370,80,1480,5657,7137
531,subcell,Raw,std_ctrl__tvn_efaar_e0.2_c96,0.3058857859851326,0.0059379055269900265,0.0018163208992288073,370,64,1480,5689,7169
532,subcell,Raw,std_ctrl__tvn_efaar_e0.2_c96,0.30629121180703933,0.03461992348424958,0.010603778316657785,370,61,1480,5657,7137
533,subcell,Raw,std_ctrl__tvn_efaar_e0.2_c96,0.288821382066936,0.005795107100202823,0.0016737508419064934,370,61,1480,5689,7169
534,subcell,Raw,std_ctrl__tvn_efaar_e0.2_c96,0.2906146063001596,0.03722092684007504,0.010816944999755452,370,74,1480,5689,7169
535,subcell,Raw,std_ctrl__tvn_efaar_e0.2_c96,0.25913720556446534,-0.003462269602877546,-0.0008972028698004784,370,89,1480,5433,6913
536,subcell,Raw,std_ctrl__tvn_efaar_e0.2_c96,0.2766489938930744,0.02124340640619539,0.005876967009135646,370,90,1480,5593,7073
537,subcell,Raw,std_ctrl__tvn_efaar_e0.2_c96,0.28773389780191,-0.012320387508942592,-0.0035449931203780163,370,96,1480,5785,7265
538,subcell,Raw,std_ctrl__tvn_efaar_e0.2_c96,0.28978801655211234,-0.025041878241178307,-0.007256836226250561,370,92,1480,5561,7041
539,subcell,Raw,std_ctrl__tvn_efaar_e0.2_c96,0.30768997176512575,-0.011777392525171054,-0.0036237855735366843,370,68,1480,5721,7201
540,subcell,Raw,std_ctrl__tvn_efaar_e0.2_c96,0.2961149036033743,0.06399911636651352,0.018951092173571285,370,53,1480,5785,7265
541,subcell,Raw,std_ctrl__tvn_efaar_e0.2_c96,0.282026428151556,0.04830861315904788,0.013624305618201528,370,63,1480,5849,7329
542,subcell,Raw,std_ctrl__tvn_efaar_e0.2_c96,0.28557085014511946,0.06735556227714096,0.01923478518148568,370,72,1480,5593,7073
543,subcell,Raw,std_ctrl__tvn_efaar_e0.2_c96,0.26513638990478083,-0.01407282409445966,-0.0037312177761700508,370,64,1480,5433,6913
544,subcell,Raw,std_ctrl__tvn_efaar_e0.2_c96,0.29110981319215257,-0.013200313814576911,-0.0038427408886392753,370,50,1480,5817,7297
545,subcell,Raw,std_ctrl__tvn_efaar_e0.2_c96,0.29265307871081114,0.006321427182761563,0.0018499851268813808,370,53,1480,5753,7233
546,subcell,Raw,std_ctrl__tvn_efaar_e0.2_c96,0.26186207107894366,0.05788406819488682,0.015157641979987873,370,85,1480,5785,7265
547,subcell,Raw,std_ctrl__tvn_efaar_e0.2_c96,0.29896711460986036,0.0033444383848683624,0.000999877093914556,370,79,1480,5785,7265
548,subcell,Raw,std_ctrl__tvn_efaar_e0.2_c96,0.2758810221828552,-0.022749307374553863,-0.006276102172443886,370,84,1480,5786,7266
549,subcell,Raw,std_ctrl__tvn_efaar_e0.2_c96,0.27006776435684493,0.030189334671124363,0.008153166122051143,370,82,1480,5881,7361
550,subcell,Raw,std_ctrl__tvn_efaar_e0.2_c96,0.28728980959515904,-0.007907478949334135,-0.002271738121731932,370,77,1480,5561,7041
551,subcell,Raw,std_ctrl__tvn_efaar_e0.2_c96,0.2713272473598436,0.04309272671951481,0.011692230922035935,370,56,1480,5529,7009
552,subcell,Raw,std_ctrl__tvn_efaar_e0.2_c96,0.2791969597785633,0.014255489842383482,0.003980089424147659,370,78,1480,5785,7265
553,subcell,Raw,std_ctrl__tvn_efaar_e0.2_c96,0.2810988956836498,0.01648434037743665,0.004633729876170842,370,89,1480,5753,7233
554,subcell,Raw,std_ctrl__tvn_efaar_e0.2_c96,0.3137566561901842,0.04973329744973173,0.015604153109139643,370,47,1480,5657,7137
555,subcell,Raw,std_ctrl__tvn_efaar_e0.2_c96,0.30709911917833815,-0.006165032845111925,-0.001893276156439396,370,53,1480,5593,7073
556,subcell,Raw,std_ctrl__tvn_efaar_e0.2_c96,0.29853249176034446,-0.007645336415371575,-0.002282381330426976,370,71,1480,5561,7041
557,subcell,Raw,std_ctrl__tvn_efaar_e0.2_c96,0.28119133592467876,0.0969659942841004,0.027265997472010955,370,60,1480,5465,6945
558,subcell,Raw,std_ctrl__tvn_efaar_e0.2_c96,0.3023335304416983,0.0809768563318796,0.024482018858887348,370,90,1480,5785,7265
559,subcell,Raw,std_ctrl__tvn_efaar_e0.2_c96,0.3047079514302055,0.017327082003986662,0.005279699661697956,370,79,1480,5753,7233
560,subcell,Raw,std_ctrl__tvn_efaar_e0.2_c96,0.29968514427038767,0.027045621957938266,0.008105171118347094,370,56,1480,5785,7265
561,subcell,Raw,std_ctrl__tvn_efaar_e0.2_c96,0.27001749458998847,0.054211638941432716,0.014638090924582717,370,78,1480,5465,6945
562,subcell,Raw,std_ctrl__tvn_efaar_e0.2_c96,0.2881105369819349,-0.042467850569696854,-0.012235435232103931,370,67,1480,5785,7265
563,subcell,Raw,std_ctrl__tvn_efaar_e0.2_c96,0.294316243127708,0.04059887101968286,0.01194890719373944,370,87,1480,5913,7393
564,subcell,Raw,std_ctrl__tvn_efaar_e0.2_c96,0.2733573835464849,-0.016855193384658077,-0.004607491562800154,370,75,1480,5657,7137
565,subcell,Raw,std_ctrl__tvn_efaar_e0.2_c96,0.22962951745311644,0.010306404122272473,0.002366654605274238,370,78,1480,5625,7105
566,subcell,Raw,std_ctrl__tvn_efaar_e0.2_c96,0.30226631494720935,0.004199354076619707,0.0012693232818983798,370,75,1480,5721,7201
567,subcell,Raw,std_ctrl__tvn_efaar_e0.2_c96,0.2640281604209836,-0.03696048316383887,-0.009758608378019113,370,66,1480,5657,7137
568,subcell,Raw,std_ctrl__tvn_efaar_e0.2_c96,0.27671395185030145,-0.021225441596702727,-0.005873375823991384,370,74,1480,5849,7329
569,subcell,Raw,std_ctrl__tvn_efaar_e0.2_c96,0.2750079149023058,0.13046000547915465,0.03587753408496571,370,104,1480,5881,7361
570,subcell,Raw,std_ctrl__tvn_efaar_e0.2_c96,0.2823054006436526,0.007208855103424993,0.0020350987281544325,370,68,1480,5433,6913
571,subcell,Raw,std_ctrl__tvn_efaar_e0.2_c96,0.28115193632958063,0.05754294334653664,0.016178309943982134,370,88,1480,5657,7137
572,subcell,Raw,std_ctrl__tvn_efaar_e0.2_c96,0.28632735530964043,0.07040002147307994,0.020157451962128876,370,55,1480,5817,7297
573,subcell,Raw,std_ctrl__tvn_efaar_e0.2_c96,0.27031857250002045,-0.025432946637744345,-0.006874997829584246,370,52,1480,5753,7233
574,subcell,Raw,std_ctrl__tvn_efaar_e0.2_c96,0.2785867962602297,-0.007876809370237178,-0.002194375087206933,370,72,1480,5657,7137
575,subcell,Raw,std_ctrl__tvn_efaar_e0.2_c96,0.26818537807406445,-0.018443746971429163,-0.004946343254635111,370,74,1480,5881,7361
576,subcell,Raw,std_ctrl__tvn_efaar_e0.2_c96,0.289830125146147,0.004495137576486552,0.001302826286342245,370,119,1480,5721,7201
577,subcell,Raw,std_ctrl__tvn_efaar_e0.2_c96,0.3223504582881804,0.112328626888863,0.03620918435650701,370,52,1480,5657,7137
578,subcell,Raw,std_ctrl__tvn_efaar_e0.2_c96,0.27587410674948754,0.023213202264916133,0.006403921439628919,370,57,1480,5785,7265
579,subcell,Raw,std_ctrl__tvn_efaar_e0.2_c96,0.27261504028365174,-0.03241506461233012,-0.00883683414508755,370,79,1480,5497,6977
580,subcell,Raw,std_ctrl__tvn_efaar_e0.2_c96,0.29146511558987126,0.029767664237013387,0.008676235697681584,370,53,1480,5657,7137
581,subcell,Raw,std_ctrl__tvn_efaar_e0.2_c96,0.28378028545764855,-0.018672283347845237,-0.005298825898597619,370,76,1480,5753,7233
582,subcell,Raw,std_ctrl__tvn_efaar_e0.2_c96,0.31355471646456695,-0.04827555831214165,-0.015137028998732243,370,63,1480,5913,7393
583,subcell,Raw,std_ctrl__tvn_efaar_e0.2_c96,0.27225390711468256,0.0058336248327450725,0.0015882271533560826,370,49,1480,5721,7201
584,subcell,Raw,std_ctrl__tvn_efaar_e0.2_c96,0.3011975058768572,-0.00357623934360203,-0.0010771543707116201,370,86,1480,5945,7425
585,subcell,Raw,std_ctrl__tvn_efaar_e0.2_c96,0.3091768036482582,0.03485988955351813,0.010777869227688044,370,59,1480,5785,7265
586,subcell,Raw,std_ctrl__tvn_efaar_e0.2_c96,0.2883793336413756,0.029112608506573802,0.008395474641687994,370,57,1480,5721,7201
587,subcell,Raw,std_ctrl__tvn_efaar_e0.2_c96,0.28962232429303025,0.013869708759841755,0.004016977288292771,370,76,1480,5785,7265
588,subcell,Raw,std_ctrl__tvn_efaar_e0.2_c96,0.28452281166182297,0.026892595836841057,0.007651556980383053,370,96,1480,5817,7297
589,subcell,Raw,std_ctrl__tvn_efaar_e0.2_c96,0.2924701366614413,0.06006119594576539,0.017566106186307606,370,67,1480,5849,7329
590,subcell,Raw,std_ctrl__tvn_efaar_e0.2_c96,0.2984090278479912,0.024408490435718057,0.007283713902159617,370,80,1480,5849,7329
591,subcell,Raw,std_ctrl__tvn_efaar_e0.2_c96,0.29109629062630515,0.054198630991544386,0.015777020438662474,370,85,1480,5785,7265
592,subcell,Raw,std_ctrl__tvn_efaar_e0.2_c96,0.2638910222153559,0.022214299718626866,0.005862154260546736,370,56,1480,5817,7297
593,subcell,Raw,std_ctrl__tvn_efaar_e0.2_c96,0.2749772527713495,-0.026699587532736654,-0.007341779229880098,370,50,1480,5689,7169
594,subcell,Raw,std_ctrl__tvn_efaar_e0.2_c96,0.27256735828681633,-0.01379696190506399,-0.0037606014588471327,370,75,1480,5657,7137
595,subcell,Raw,std_ctrl__tvn_efaar_e0.2_c96,0.31723627132112947,-0.013871822529348555,-0.004400645255638975,370,51,1480,5721,7201
596,subcell,Raw,std_ctrl__tvn_efaar_e0.2_c96,0.2846780999097769,0.04891685970787538,0.013925558675191088,370,66,1480,5785,7265
597,subcell,Raw,std_ctrl__tvn_efaar_e0.2_c96,0.27824466891107597,0.05784970784430109,0.01609637280574003,370,89,1480,5625,7105
598,subcell,Raw,std_ctrl__tvn_efaar_e0.2_c96,0.26864466139609683,0.05680201442040531,0.015259557930585994,370,48,1480,5913,7393
599,subcell,Raw,std_ctrl__tvn_efaar_e0.2_c96,0.285391742464865,0.053164603027487024,0.015172738695467359,370,63,1480,5721,7201
600,subcell,Raw,std_ctrl__tvn_efaar_e0.2_c96,0.291656982313638,0.00042023289960252543,0.0001225638593669826,370,77,1480,5849,7329
601,subcell,Raw,std_ctrl__tvn_efaar_e0.2_c96,0.2883163864670346,0.031666398565571914,0.009129941606850583,370,45,1480,5785,7265
602,subcell,Raw,std_ctrl__tvn_efaar_e0.2_c96,0.29013125330962486,0.12035836394604144,0.03491972297796097,370,95,1480,5721,7201
603,subcell,Raw,std_ctrl__tvn_efaar_e0.2_c96,0.3232105589947255,0.08399808928599758,0.027149069392616142,370,60,1480,5625,7105
604,subcell,Raw,std_ctrl__tvn_efaar_e0.2_c96,0.27723494940338816,0.04369584292890024,0.012114014803532054,370,66,1480,5369,6849
605,subcell,Raw,std_ctrl__tvn_efaar_e0.2_c96,0.2831810516864723,0.016761046879347853,0.00474641088265999,370,44,1480,5689,7169
606,subcell,Raw,std_ctrl__tvn_efaar_e0.2_c96,0.29830915294214755,-0.03531816550828666,-0.010535732036247566,370,92,1480,5561,7041
607,subcell,Raw,std_ctrl__tvn_efaar_e0.2_c96,0.2941200273670171,-0.021000599315018447,-0.006176696845256986,370,96,1480,5721,7201
608,subcell,Raw,std_ctrl__tvn_efaar_e0.2_c96,0.28462880628178383,0.024398030918138816,0.006944382415855906,370,103,1480,5689,7169
609,subcell,Raw,std_ctrl__tvn_efaar_e0.2_c96,0.271730393926735,-0.01535460410343014,-0.0041723126216141335,370,57,1480,5663,7143
610,subcell,Raw,std_ctrl__tvn_efaar_e0.2_c96,0.2233237646485418,0.00904485228933729,0.0020199304639447854,370,49,1480,5753,7233
611,subcell,Raw,std_ctrl__tvn_efaar_e0.2_c96,0.28622882452019716,0.009670674339780692,0.002768025748593061,370,66,1480,5561,7041
612,subcell,Raw,std_ctrl__tvn_efaar_e0.2_c96,0.3011354399408486,0.03987427108345512,0.012007556165036917,370,61,1480,5529,7009
613,subcell,Raw,std_ctrl__tvn_efaar_e0.2_c96,0.3130761595663598,0.014171850975447263,0.004436868677339799,370,69,1480,5721,7201
614,subcell,Raw,std_ctrl__tvn_efaar_e0.2_c96,0.292733726468603,0.012839911296961961,0.0037586750814859885,370,84,1480,5593,7073
615,subcell,Raw,std_ctrl__tvn_efaar_e0.2_c96,0.2850295528893292,-0.004079156240360851,-0.0011626800793557704,370,56,1480,5689,7169
616,subcell,Raw,std_ctrl__tvn_efaar_e0.2_c96,0.26957027268531203,-0.004910464241463767,-0.0013237151845828616,370,68,1480,5625,7105
617,subcell,Raw,std_ctrl__tvn_efaar_e0.2_c96,0.2736238239760326,0.09337736889082097,0.02555027274872706,370,82,1480,5849,7329
618,subcell,Raw,std_ctrl__tvn_efaar_e0.2_c96,0.280285818841926,0.02948269760211273,0.008263582039077054,370,63,1480,5823,7303
619,subcell,Raw,std_ctrl__tvn_efaar_e0.2_c96,0.3245006369905553,0.0017656522062877748,0.0005729552656441623,370,58,1480,5593,7073
620,subcell,Raw,std_ctrl__tvn_efaar_e0.2_c96,0.2875119069015782,0.029457427715045906,0.008469361214768248,370,71,1480,5657,7137
621,subcell,Raw,std_ctrl__tvn_efaar_e0.2_c96,0.3039333439901104,0.08013572055671021,0.024355917521857968,370,67,1480,5561,7041
622,subcell,Raw,std_ctrl__tvn_efaar_e0.2_c96,0.2863830472438266,0.06713146246727189,0.0192253127873119,370,68,1480,5657,7137
623,subcell,Raw,std_ctrl__tvn_efaar_e0.2_c96,0.274136543399573,0.007261948008179166,0.0019907653253096506,370,96,1480,5753,7233
624,subcell,Raw,std_ctrl__tvn_efaar_e0.2_c96,0.2632716625549132,-0.030033935189946053,-0.00790708405052361,370,86,1480,5593,7073
625,subcell,Raw,std_ctrl__tvn_efaar_e0.2_c96,0.3189057731086352,-0.013602881264153136,-0.004338037366049725,370,43,1480,5433,6913
626,subcell,Raw,std_ctrl__tvn_efaar_e0.2_c96,0.3015939239062355,-0.004622164151844895,-0.001394016623493639,370,80,1480,5881,7361
627,subcell,Raw,std_ctrl__tvn_efaar_e0.2_c96,0.30564916243391016,-0.0022424608751954534,-0.0006854062882943034,370,83,1480,5657,7137
628,subcell,Raw,std_ctrl__tvn_efaar_e0.2_c96,0.30445271898515336,0.0003208124403994809,9.767221976388441e-05,370,69,1480,5753,7233
629,subcell,Raw,std_ctrl__tvn_efaar_e0.2_c96,0.28784178360069296,0.019465653096731546,0.00560302830631556,370,61,1480,5529,7009
630,subcell,Raw,std_ctrl__tvn_efaar_e0.2_c96,0.2769128686717439,0.006059259511480411,0.0016778869333505904,370,72,1480,5593,7073
631,subcell,Raw,std_ctrl__tvn_efaar_e0.2_c96,0.23478446944940734,-0.014862363129965856,-0.0034894520422334664,370,75,1480,5561,7041
632,subcell,Raw,std_ctrl__tvn_efaar_e0.2_c96,0.3094250810881817,-0.0776194488402552,-0.024017404251415936,370,74,1480,5657,7137
633,subcell,Raw,std_ctrl__tvn_efaar_e0.2_c96,0.2796063224309204,0.026778980046566182,0.007487572129271367,370,75,1480,5625,7105
634,subcell,Raw,std_ctrl__tvn_efaar_e0.2_c96,0.28000226515166676,-0.02163992294015391,-0.006059227440950611,370,68,1480,5529,7009
635,subcell,Raw,std_ctrl__tvn_efaar_e0.2_c96,0.28894366788577464,0.04641379289041413,0.013410971558246948,370,80,1480,5657,7137
636,subcell,Raw,std_ctrl__tvn_efaar_e0.2_c96,0.3130309859524873,0.052722742481752426,0.01650385206118205,370,86,1480,5753,7233
637,subcell,Raw,std_ctrl__tvn_efaar_e0.2_c96,0.29281958275415787,0.06738512101714086,0.019731683020077623,370,74,1480,5561,7041
638,subcell,Raw,std_ctrl__tvn_efaar_e0.2_c96,0.3043046575869181,-0.01778444956960687,-0.005411890836651031,370,94,1480,5721,7201
639,subcell,Raw,std_ctrl__tvn_efaar_e0.2_c96,0.2796960705363975,-0.00297975835764155,-0.000833426703780331,370,69,1480,5753,7233
640,subcell,Raw,std_ctrl__tvn_efaar_e0.2_c96,0.2670142057257885,-0.014107306904837687,-0.0037668513481251666,370,99,1480,5689,7169
641,subcell,Raw,std_ctrl__tvn_efaar_e0.2_c96,0.2845058127537314,-0.011357707380248511,-0.003231333769236656,370,74,1480,5849,7329
642,subcell,Raw,std_ctrl__tvn_efaar_e0.2_c96,0.28836847834666296,-0.012412925726666354,-0.003579496503628922,370,63,1480,5497,6977
643,subcell,Raw,std_ctrl__tvn_efaar_e0.2_c96,0.2949396789885413,0.006984159421972504,0.0020599057379213663,370,68,1480,5625,7105
644,subcell,Raw,std_ctrl__tvn_efaar_e0.2_c96,0.2356436864102396,0.008828260567098956,0.0020803238646213505,370,74,1480,5753,7233
645,subcell,Raw,std_ctrl__tvn_efaar_e0.2_c96,0.2612218535061547,0.06850176788416501,0.017894158775149962,370,88,1480,5721,7201
646,subcell,Raw,std_ctrl__tvn_efaar_e0.2_c96,0.2744565600115546,0.03052743786961611,0.008378455583661298,370,50,1480,5817,7297
647,subcell,Raw,std_ctrl__tvn_efaar_e0.2_c96,0.3233180171823653,0.06971900026484071,0.0225414089255651,370,81,1480,5625,7105
648,subcell,Raw,std_ctrl__tvn_efaar_e0.2_c96,0.2882483099778774,0.032802605513964814,0.00945529560227136,370,74,1480,5593,7073
649,subcell,Raw,std_ctrl__tvn_efaar_e0.2_c96,0.2920643198523835,0.02428988560897048,0.007094208919676161,370,83,1480,5785,7265
650,subcell,Raw,std_ctrl__tvn_efaar_e0.2_c96,0.26415742131921416,0.03179262092171578,0.008398256759659738,370,74,1480,5721,7201
651,subcell,Raw,std_ctrl__tvn_efaar_e0.2_c96,0.2997903216400511,0.03889905462165967,0.011661560096521268,370,104,1480,5881,7361
652,subcell,Raw,std_ctrl__tvn_efaar_e0.2_c96,0.2644107779781148,0.03688407988148835,0.009752548256471266,370,82,1480,5497,6977
653,subcell,Raw,std_ctrl__tvn_efaar_e0.2_c96,0.2771346724606095,0.014362070290482259,0.003980227645809052,370,55,1480,5401,6881
654,subcell,Raw,std_ctrl__tvn_efaar_e0.2_c96,0.30136197268257947,0.021228704411233968,0.006397524238864845,370,72,1480,5785,7265
655,subcell,Raw,std_ctrl__tvn_efaar_e0.2_c96,0.3005413605859604,0.01480873974203536,0.004450638790634692,370,77,1480,5657,7137
656,subcell,Raw,std_ctrl__tvn_efaar_e0.2_c96,0.31047836459909733,0.02155360705728308,0.006691928670356813,370,56,1480,5625,7105
657,subcell,Raw,std_ctrl__tvn_efaar_e0.2_c96,0.28356159301586564,-0.058195202104452844,-0.016501924214618904,370,82,1480,5401,6881
658,subcell,Raw,std_ctrl__tvn_efaar_e0.2_c96,0.29176485457107976,-0.01734969189378294,-0.005062030332242621,370,67,1480,5657,7137
659,subcell,Raw,std_ctrl__tvn_efaar_e0.2_c96,0.28156996128302064,0.014848603410896034,0.0041809206875129245,370,61,1480,5561,7041
660,subcell,Raw,std_ctrl__tvn_efaar_e0.2_c96,0.26123579466656704,-0.013960598197389726,-0.0036470079641157485,370,82,1480,5785,7265
661,subcell,Raw,std_ctrl__tvn_efaar_e0.2_c96,0.2666924728076118,0.003559422989472438,0.0009492713188306665,370,73,1480,5689,7169
662,subcell,Raw,std_ctrl__tvn_efaar_e0.2_c96,0.2811390964881962,-0.023269998590841005,-0.0065421063791106385,370,71,1480,5628,7108
663,subcell,Raw,std_ctrl__tvn_efaar_e0.2_c96,0.26151541422291624,-0.037701487698617746,-0.0098595201723242,370,90,1480,5721,7201
664,subcell,Raw,std_ctrl__tvn_efaar_e0.2_c96,0.30798623079192566,0.057465117933035985,0.017698465074209246,370,61,1480,5593,7073
665,subcell,Raw,std_ctrl__tvn_efaar_e0.2_c96,0.287481592563945,0.0034876689477827487,0.001002640623444403,370,66,1480,5785,7265
666,subcell,Raw,std_ctrl__tvn_efaar_e0.2_c96,0.33808161233385237,0.10272274801357173,0.03472867227179236,370,64,1480,5657,7137
667,subcell,Raw,std_ctrl__tvn_efaar_e0.2_c96,0.29168382462110265,-0.0037136010807556114,-0.001083197366351857,370,75,1480,5753,7233
668,subcell,Raw,std_ctrl__tvn_efaar_e0.2_c96,0.2762205628328422,0.0658707159128471,0.01819484622364888,370,76,1480,5625,7105
669,subcell,Raw,std_ctrl__tvn_efaar_e0.2_c96,0.3093156738830903,0.12208643706287074,0.037763248552087354,370,62,1480,5753,7233
670,subcell,Raw,std_ctrl__tvn_efaar_e0.2_c96,0.2848009577775742,0.05180446359117007,0.014753960847918707,370,65,1480,5721,7201
671,subcell,Raw,std_ctrl__tvn_efaar_e0.2_c96,0.2709855840227871,0.031491925419925765,0.008533857801920638,370,81,1480,5817,7297
672,subcell,Raw,std_ctrl__tvn_efaar_e0.2_c96,0.2856158698983411,0.0030696968658953405,0.0008767541406769089,370,71,1480,5625,7105
673,subcell,Raw,std_ctrl__tvn_efaar_e0.2_c96,0.3345947930479588,0.16016648809499887,0.0535908729373645,370,46,1480,5657,7137
674,subcell,Raw,std_ctrl__tvn_efaar_e0.2_c96,0.26992441553907703,0.04389527191543154,0.011848405616701722,370,67,1480,5753,7233
675,subcell,Raw,std_ctrl__tvn_efaar_e0.2_c96,0.3132832981999895,0.0566960528835253,0.01776192644227183,370,76,1480,5497,6977
676,subcell,Raw,std_ctrl__tvn_efaar_e0.2_c96,0.299479245119996,0.02427153398235122,0.0072688206749388735,370,80,1480,5593,7073
677,subcell,Raw,std_ctrl__tvn_efaar_e0.2_c96,0.25769457269482304,0.0867781544408074,0.022362259427869225,370,110,1480,5657,7137
678,subcell,Raw,std_ctrl__tvn_efaar_e0.2_c96,0.26457376264780513,-0.0051176406843644745,-0.0013539934517417976,370,79,1480,5913,7393
679,subcell,Raw,std_ctrl__tvn_efaar_e0.2_c96,0.2898674928579106,-0.038567005497945936,-0.011179321190726841,370,86,1480,5785,7265
680,subcell,Raw,std_ctrl__tvn_efaar_e0.2_c96,0.31139659872002057,-0.022605413483442624,-0.007039248871403725,370,79,1480,5625,7105
681,subcell,Raw,std_ctrl__tvn_efaar_e0.2_c96,0.2963466685026239,0.04367932835521725,0.012944223440500828,370,78,1480,5561,7041
682,subcell,Raw,std_ctrl__tvn_efaar_e0.2_c96,0.28881536533671315,0.010104653801557001,0.0029183792792976926,370,71,1480,5657,7137
683,subcell,Raw,std_ctrl__tvn_efaar_e0.2_c96,0.29634780644130426,-0.02357903628083085,-0.006987595679824151,370,75,1480,5433,6913
684,subcell,Raw,std_ctrl__tvn_efaar_e0.2_c96,0.28214686005749573,0.08638787350188387,0.024374067255600672,370,86,1480,5721,7201
685,subcell,Raw,std_ctrl__tvn_efaar_e0.2_c96,0.2960318610629751,0.006218206954044162,0.0018407873770804268,370,80,1480,5625,7105
686,subcell,Raw,std_ctrl__tvn_efaar_e0.2_c96,0.27498063943667594,-0.017349111311719862,-0.004770669722154795,370,93,1480,5369,6849
687,subcell,Raw,std_ctrl__tvn_efaar_e0.2_c96,0.27486160929845066,0.019327746478722454,0.005312455501254117,370,49,1480,5497,6977
688,subcell,Raw,std_ctrl__tvn_efaar_e0.2_c96,0.3000456068994332,-0.008413898236757264,-0.0025245532028379046,370,59,1480,5721,7201
689,subcell,Raw,std_ctrl__tvn_efaar_e0.2_c96,0.27796755416961366,0.078154467884016,0.02172440628514755,370,73,1480,5881,7361
690,subcell,Raw,std_ctrl__tvn_efaar_e0.2_c96,0.306717693397691,0.035279455479735974,0.010820833209071148,370,88,1480,5465,6945
691,subcell,Raw,std_ctrl__tvn_efaar_e0.2_c96,0.2795398703907047,0.036341743529901126,0.010158966276120793,370,77,1480,5561,7041
692,subcell,Raw,std_ctrl__tvn_efaar_e0.2_c96,0.3011348653543921,0.042800077016766684,0.012888595429601647,370,63,1480,5657,7137
693,subcell,Raw,std_ctrl__tvn_efaar_e0.2_c96,0.2862407201136714,-0.013075199825614057,-0.0037426546137139184,370,91,1480,5945,7425
694,subcell,Raw,std_ctrl__tvn_efaar_e0.2_c96,0.29785602633450897,0.002945964582651387,0.0008774733043107422,370,73,1480,5337,6817
695,subcell,Raw,std_ctrl__tvn_efaar_e0.2_c96,0.2648759883204557,0.02620040058120099,0.006939856998337455,370,77,1480,5721,7201
696,subcell,Raw,std_ctrl__tvn_efaar_e0.2_c96,0.2911140922853408,-0.015201533571052299,-0.004425380646882025,370,92,1480,5849,7329
697,subcell,Raw,std_ctrl__tvn_efaar_e0.2_c96,0.2886752260623508,0.10996079129432122,0.031742956284883155,370,59,1480,5849,7329
698,subcell,Raw,std_ctrl__tvn_efaar_e0.2_c96,0.2802722318257189,-0.0035297859393116668,-0.0009893009830779225,370,76,1480,5657,7137
699,subcell,Raw,std_ctrl__tvn_efaar_e0.2_c96,0.27083819900261275,0.05288781962867843,0.014324041817406298,370,60,1480,5529,7009
700,subcell,Raw,std_ctrl__tvn_efaar_e0.2_c96,0.31605562700090567,0.03413545746468725,0.010788703411964473,370,74,1480,5913,7393
701,subcell,Raw,std_ctrl__tvn_efaar_e0.2_c96,0.25985692780086417,0.044138484408658786,0.011469690956220415,370,108,1480,5785,7265
702,subcell,Raw,std_ctrl__tvn_efaar_e0.2_c96,0.2538614789249213,0.053807656275403244,0.01365969119955769,370,97,1480,5689,7169
703,subcell,Raw,std_ctrl__tvn_efaar_e0.2_c96,0.26546173354165986,0.04565730604887579,0.01212026761257668,370,71,1480,5401,6881
704,subcell,Raw,std_ctrl__tvn_efaar_e0.2_c96,0.28410266873558526,0.050569450593482335,0.014366915870100657,370,63,1480,5689,7169
705,subcell,Raw,std_ctrl__tvn_efaar_e0.2_c96,0.28341737042492493,-0.01118610732191387,-0.003170337122467828,370,84,1480,5529,7009
706,subcell,Raw,std_ctrl__tvn_efaar_e0.2_c96,0.27846484732652094,-0.023626179789161192,-0.006579060547897706,370,74,1480,5753,7233
707,subcell,Raw,std_ctrl__tvn_efaar_e0.2_c96,0.2586622914818321,-0.006545954443601769,-0.0016931915763177148,370,71,1480,5593,7073
708,subcell,Raw,std_ctrl__tvn_efaar_e0.2_c96,0.29989796587347556,0.03914965635580775,0.011740902305752327,370,97,1480,5593,7073
709,subcell,Raw,std_ctrl__tvn_efaar_e0.2_c96,0.2738361274911688,0.016358573149714586,0.0044795683225988545,370,67,1480,5785,7265
710,subcell,Raw,std_ctrl__tvn_efaar_e0.2_c96,0.30075941393430844,0.06921842377608166,0.02081809256835092,370,68,1480,5689,7169
711,subcell,Raw,std_ctrl__tvn_efaar_e0.2_c96,0.2634639185427131,0.005269664851791461,0.0013883665512597837,370,72,1480,5881,7361
712,subcell,Raw,std_ctrl__tvn_efaar_e0.2_c96,0.27130747524428467,0.037376031609902265,0.01014039677073316,370,75,1480,5753,7233
713,subcell,Raw,std_ctrl__tvn_efaar_e0.2_c96,0.29525423470069917,0.06187677628210641,0.0182693802269197,370,55,1480,5529,7009
714,subcell,Raw,std_ctrl__tvn_efaar_e0.2_c96,0.2631573170040356,0.03273025384899026,0.008613205787761287,370,69,1480,5881,7361
715,subcell,Raw,std_ctrl__tvn_efaar_e0.2_c96,0.232351925736818,-0.01633855965960309,-0.0037962958006746675,370,65,1480,5561,7041
716,subcell,Raw,std_ctrl__tvn_efaar_e0.2_c96,0.2790731178095464,-0.024063840743205347,-0.006715571062678709,370,72,1480,5721,7201
717,subcell,Raw,std_ctrl__tvn_efaar_e0.2_c96,0.28673903303252296,0.01679085977591062,0.004814594895929296,370,73,1480,5529,7009
718,subcell,Raw,std_ctrl__tvn_efaar_e0.2_c96,0.2980809760578015,-0.00675152163603148,-0.0020125001591436284,370,74,1480,5657,7137
719,subcell,Raw,std_ctrl__tvn_efaar_e0.2_c96,0.2775576061840194,-0.02224005819998622,-0.006172897315381447,370,76,1480,5529,7009
720,subcell,Raw,std_ctrl__tvn_efaar_e0.2_c96,0.2856072547966784,0.050209997906600086,0.014340339665451021,370,60,1480,5625,7105
721,subcell,Raw,std_ctrl__tvn_efaar_e0.2_c96,0.2734348880487033,-0.031196177083872036,-0.008530123188476074,370,72,1480,5689,7169
722,subcell,Raw,std_ctrl__tvn_efaar_e0.2_c96,0.27109129311409547,0.03573433951830842,0.009687268308596354,370,86,1480,5593,7073
723,subcell,Raw,std_ctrl__tvn_efaar_e0.2_c96,0.279397649070499,0.04223751434390048,0.011801062210267275,370,80,1480,5721,7201
724,subcell,Raw,std_ctrl__tvn_efaar_e0.2_c96,0.2976278318214385,-0.008287791304062413,-0.0024666773564166683,370,53,1480,5913,7393
725,subcell,Raw,std_ctrl__tvn_efaar_e0.2_c96,0.28526835643403825,-0.023868327262437206,-0.006808878488985209,370,60,1480,5721,7201
726,subcell,Raw,std_ctrl__tvn_efaar_e0.2_c96,0.30524047675138677,0.019835074340533342,0.0060544675481035955,370,75,1480,5785,7265
727,subcell,Raw,std_ctrl__tvn_efaar_e0.2_c96,0.2990430766716924,0.17211647327360083,0.05147023971361871,370,51,1480,5913,7393
728,subcell,Raw,std_ctrl__tvn_efaar_e0.2_c96,0.2859809027946658,0.020230682926738287,0.005785588967541247,370,97,1480,5561,7041
729,subcell,Raw,std_ctrl__tvn_efaar_e0.2_c96,0.31512912065839177,-0.006362888693663805,-0.002005131518881498,370,75,1480,5535,7015
730,subcell,Raw,std_ctrl__tvn_efaar_e0.2_c96,0.28300665160346583,0.01574431313428395,0.00445574534193017,370,53,1480,5849,7329
731,subcell,Raw,std_ctrl__tvn_efaar_e0.2_c96,0.289206070439901,-0.08218891407048338,-0.023769532872047187,370,93,1480,5593,7073
732,subcell,Raw,std_ctrl__tvn_efaar_e0.2_c96,0.2742192881769345,-4.235287452987081e-05,-1.1613975105828192e-05,370,59,1480,5753,7233
733,subcell,Raw,std_ctrl__tvn_efaar_e0.2_c96,0.2886588728556359,0.007136079300441982,0.0020598926074740175,370,80,1480,5945,7425
734,subcell,Raw,std_ctrl__tvn_efaar_e0.2_c96,0.2864415388205901,-0.03500171343959048,-0.010025944658993625,370,64,1480,5625,7105
735,subcell,Raw,std_ctrl__tvn_efaar_e0.2_c96,0.28617276947313774,0.01026989663042308,0.0029389647609310184,370,100,1480,5945,7425
736,subcell,Raw,std_ctrl__tvn_efaar_e0.2_c96,0.2969397055974767,-0.002747266368546271,-0.0008157724666739786,370,57,1480,5657,7137
737,subcell,Raw,std_ctrl__tvn_efaar_e0.2_c96,0.27994483523896035,0.019771906720490885,0.005535043169227914,370,79,1480,5753,7233
738,subcell,Raw,std_ctrl__tvn_efaar_e0.2_c96,0.2592851158571204,0.09310663211547654,0.02414116389512762,370,93,1480,5785,7265
739,subcell,Raw,std_ctrl__tvn_efaar_e0.2_c96,0.2693317947989792,0.058844705691189256,0.015848750198225705,370,110,1480,5721,7201
740,subcell,Raw,std_ctrl__tvn_efaar_e0.2_c96,0.31712445457751054,0.00998482752717483,0.003166432983605831,370,67,1480,5497,6977
741,subcell,Raw,std_ctrl__tvn_efaar_e0.2_c96,0.2609088244568119,0.01344830371105045,0.003508781112188354,370,101,1480,5945,7425
742,subcell,Raw,std_ctrl__tvn_efaar_e0.2_c96,0.28349557149495197,-0.004526737866119721,-0.0012833101383634498,370,47,1480,5593,7073
743,subcell,Raw,std_ctrl__tvn_efaar_e0.2_c96,0.28019381461963827,0.0009444239221841804,0.00026462174137482594,370,64,1480,5625,7105
744,subcell,Raw,std_ctrl__tvn_efaar_e0.2_c96,0.29833476648860136,0.03373236300005948,0.010063536638731482,370,74,1480,5593,7073
745,subcell,Raw,std_ctrl__tvn_efaar_e0.2_c96,0.26900979365227834,0.038700015582936065,0.010410683206305588,370,76,1480,5593,7073
746,subcell,Raw,std_ctrl__tvn_efaar_e0.2_c96,0.2905680446810762,-0.0026048724108109805,-0.0007568926830530278,370,56,1480,5657,7137
747,subcell,Raw,std_ctrl__tvn_efaar_e0.2_c96,0.27349020692241705,0.05917145392494929,0.016182813177834647,370,77,1480,5913,7393
748,subcell,Raw,std_ctrl__tvn_efaar_e0.2_c96,0.27098008629830667,0.02345219649478513,0.00635507823004172,370,78,1480,5721,7201
749,subcell,Raw,std_ctrl__tvn_efaar_e0.2_c96,0.28136462949011737,0.06975949016642687,0.01962785310409618,370,85,1480,5724,7204
750,subcell,Raw,std_ctrl__tvn_efaar_e0.2_c96,0.2918263313159927,0.05413952046050609,0.015799337635196618,370,84,1480,5753,7233
751,subcell,Raw,std_ctrl__tvn_efaar_e0.2_c96,0.29867853426259716,-0.00689634818720776,-0.0020597911683197328,370,78,1480,5753,7233
752,subcell,Raw,std_ctrl__tvn_efaar_e0.2_c96,0.34259735987525364,0.0954303720172966,0.0326941935050391,370,47,1480,5625,7105
753,subcell,Raw,std_ctrl__tvn_efaar_e0.2_c96,0.2857559278734534,0.11699987685554111,0.03343340837193493,370,71,1480,5401,6881
754,subcell,Raw,std_ctrl__tvn_efaar_e0.2_c96,0.27031344198379764,0.00940938339778317,0.0025434828131999697,370,72,1480,5785,7265
755,subcell,Raw,std_ctrl__tvn_efaar_e0.2_c96,0.3043461926591469,0.008244823075646368,0.00250928051222125,370,79,1480,5657,7137
756,subcell,Raw,std_ctrl__tvn_efaar_e0.2_c96,0.28861797815935336,-0.01947697314189712,-0.005621404608878375,370,69,1480,5593,7073
757,subcell,Raw,std_ctrl__tvn_efaar_e0.2_c96,0.2957200018655407,0.06350076895425895,0.018778447513616726,370,52,1480,5657,7137
758,subcell,Raw,std_ctrl__tvn_efaar_e0.2_c96,0.2784826943432524,0.06159436134172489,0.017152963702795416,370,95,1480,5593,7073
759,subcell,Raw,std_ctrl__tvn_efaar_e0.2_c96,0.28569689026323386,-0.014956799470598537,-0.004273111097040785,370,81,1480,5753,7233
760,subcell,Raw,std_ctrl__tvn_efaar_e0.2_c96,0.2771390642386562,0.03150795270705254,0.008732084529308376,370,62,1480,5593,7073
761,subcell,Raw,std_ctrl__tvn_efaar_e0.2_c96,0.2852819853527879,-0.04324182860574183,-0.012336114714931005,370,81,1480,5913,7393
762,subcell,Raw,std_ctrl__tvn_efaar_e0.2_c96,0.30780793522737643,0.08435790986974932,0.025966034057104657,370,88,1480,5721,7201
763,subcell,Raw,std_ctrl__tvn_efaar_e0.2_c96,0.2870845149077844,0.003453745628439047,0.000991516888355305,370,63,1480,5689,7169
764,subcell,Raw,std_ctrl__tvn_efaar_e0.2_c96,0.2765765526318582,-0.008086776977576808,-0.002236612898360871,370,81,1480,5849,7329
765,subcell,Raw,std_ctrl__tvn_efaar_e0.2_c96,0.29711334317649946,-0.004391226233390853,-0.0013046919068471037,370,79,1480,5945,7425
766,subcell,Raw,std_ctrl__tvn_efaar_e0.2_c96,0.2650857935479246,0.011083869956621967,0.0029381764630331346,370,79,1480,5881,7361
767,subcell,Raw,std_ctrl__tvn_efaar_e0.2_c96,0.2508764855833452,0.08605412166996605,0.021588955614522672,370,88,1480,5753,7233
768,subcell,Raw,std_ctrl__tvn_efaar_e0.2_c96,0.29326441888891935,0.02466303929617366,0.0072327918872269505,370,80,1480,5689,7169
769,subcell,Raw,std_ctrl__tvn_efaar_e0.2_c96,0.30853319525910117,-0.02296030690223819,-0.007084016852677144,370,90,1480,5785,7265
770,subcell,Raw,std_ctrl__tvn_efaar_e0.2_c96,0.26574035457108924,-0.027383429062441022,-0.007276882148425347,370,66,1480,5657,7137
771,subcell,Raw,std_ctrl__tvn_efaar_e0.2_c96,0.2634452087708737,0.021859636194004082,0.005758816420784752,370,79,1480,5689,7169
772,subcell,Raw,std_ctrl__tvn_efaar_e0.2_c96,0.2576063169664119,-0.021149164894380634,-0.005448158475356729,370,106,1480,5983,7463
773,subcell,Raw,std_ctrl__tvn_efaar_e0.2_c96,0.2895606883095046,0.009859361861974888,0.0028548836070459273,370,63,1480,5593,7073
774,subcell,Raw,std_ctrl__tvn_efaar_e0.2_c96,0.31532618644246346,-0.03529961004686181,-0.011130891418983003,370,91,1480,5593,7073
775,subcell,Raw,std_ctrl__tvn_efaar_e0.2_c96,0.2555895841518217,0.004887801355889265,0.0012492711159684475,370,77,1480,5689,7169
776,subcell,Raw,std_ctrl__tvn_efaar_e0.2_c96,0.27541019348734586,-0.06540510865137947,-0.0180132336287373,370,81,1480,5913,7393
777,subcell,Raw,std_ctrl__tvn_efaar_e0.2_c96,0.2749052877676431,0.03713444027158694,0.010208453988950962,370,45,1480,5529,7009
778,subcell,Raw,std_ctrl__tvn_efaar_e0.2_c96,0.3173489421673089,0.035844799703117235,0.011375309267983323,370,77,1480,5721,7201
779,subcell,Raw,std_ctrl__tvn_efaar_e0.2_c96,0.2750516716359691,0.016377120709818338,0.004504554427819583,370,83,1480,5721,7201
780,subcell,Raw,std_ctrl__tvn_efaar_e0.2_c96,0.283563458467792,0.021097848358656395,0.005982578846809637,370,75,1480,5657,7137
781,subcell,Raw,std_ctrl__tvn_efaar_e0.2_c96,0.29526241901268524,0.03490570928108374,0.010306344159686323,370,55,1480,5689,7169
782,subcell,Raw,std_ctrl__tvn_efaar_e0.2_c96,0.29899091400900074,0.11000985801425163,0.03289194799768149,370,88,1480,5369,6849
783,subcell,Raw,std_ctrl__tvn_efaar_e0.2_c96,0.2509075491500003,-0.003991635788601344,-0.001001531552817392,370,67,1480,5273,6753
784,subcell,Raw,std_ctrl__tvn_efaar_e0.2_c96,0.273366720899467,0.002389552153958031,0.0006532240367457653,370,62,1480,5785,7265
785,subcell,Raw,std_ctrl__tvn_efaar_e0.2_c96,0.2784676338050611,-0.018360585257223935,-0.0051128287318552386,370,73,1480,5401,6881
786,subcell,Raw,std_ctrl__tvn_efaar_e0.2_c96,0.29062456475022547,0.005652914097372627,0.0016428756991193332,370,83,1480,5657,7137
787,subcell,Raw,std_ctrl__tvn_efaar_e0.2_c96,0.29185917838168013,0.0025471222443409457,0.0007434010054710495,370,64,1480,5625,7105
788,subcell,Raw,std_ctrl__tvn_efaar_e0.2_c96,0.290897180920634,-0.025505609806649183,-0.007419509990415924,370,90,1480,5756,7236
789,subcell,Raw,std_ctrl__tvn_efaar_e0.2_c96,0.2667130846981263,-0.017636038149356163,-0.004703762136668618,370,63,1480,5593,7073
790,subcell,Raw,std_ctrl__tvn_efaar_e0.2_c96,0.2763423659920804,0.0028809794756457256,0.0007961366846745629,370,89,1480,6009,7489
791,subcell,Raw,std_ctrl__tvn_efaar_e0.2_c96,0.2626348479301574,0.15506408412909356,0.04072523215467362,370,85,1480,5465,6945
792,subcell,Raw,std_ctrl__tvn_efaar_e0.2_c96,0.22956752367314073,0.020997500295123497,0.004820344146077543,370,65,1480,5852,7332
793,subcell,Raw,std_ctrl__tvn_efaar_e0.2_c96,0.2612341965653292,0.05785081900508993,0.015112612223440946,370,70,1480,5625,7105
794,subcell,Raw,std_ctrl__tvn_efaar_e0.2_c96,0.31355134236491805,0.005972087123597704,0.0018725559343243023,370,70,1480,5785,7265
795,subcell,Raw,std_ctrl__tvn_efaar_e0.2_c96,0.3007728714144333,0.000771678723717257,0.00023210002554186453,370,71,1480,5785,7265
796,subcell,Raw,std_ctrl__tvn_efaar_e0.2_c96,0.284896805002569,0.07115360523525491,0.020271434795938188,370,88,1480,5689,7169
797,subcell,Raw,std_ctrl__tvn_efaar_e0.2_c96,0.31224945750400157,0.0018627609092399552,0.0005816460833698368,370,56,1480,5817,7297
798,subcell,Raw,std_ctrl__tvn_efaar_e0.2_c96,0.3008333674095913,-0.015217229008004134,-0.004577850245120798,370,67,1480,5753,7233
799,subcell,Raw,std_ctrl__tvn_efaar_e0.2_c96,0.2721940615221148,0.035881759433996734,0.009766801834899029,370,87,1480,5721,7201
800,subcell,Raw,std_ctrl__tvn_efaar_e0.2_c96,0.273853808078562,-0.016446716429260096,-0.004503995924541127,370,49,1480,5625,7105
801,subcell,Raw,std_ctrl__tvn_efaar_e0.2_c96,0.30526896856027425,-0.004116447909295437,-0.0012566238074027155,370,67,1480,5695,7175
802,subcell,Raw,std_ctrl__tvn_efaar_e0.2_c96,0.26343612039815323,0.0027266381601371765,0.0007182949786360963,370,94,1480,5785,7265
803,subcell,Raw,std_ctrl__tvn_efaar_e0.2_c96,0.29145772436522066,0.04685203009514329,0.013655386073421297,370,50,1480,5721,7201
804,subcell,Raw,std_ctrl__tvn_efaar_e0.2_c96,0.2904028014419396,0.06982857341015246,0.020278413339002408,370,85,1480,5689,7169
805,subcell,Raw,std_ctrl__tvn_efaar_e0.2_c96,0.24049934978808235,0.045906876742944455,0.011040574007479782,370,52,1480,5753,7233
806,subcell,Raw,std_ctrl__tvn_efaar_e0.2_c96,0.3020770124474828,-0.005612405562868106,-0.0016953787050748308,370,74,1480,5817,7297
807,subcell,Raw,std_ctrl__tvn_efaar_e0.2_c96,0.25830371739260655,0.0050544541693400705,0.0013055843013310994,370,104,1480,5625,7105
808,subcell,Raw,std_ctrl__tvn_efaar_e0.2_c96,0.3045995778172891,0.00583403553220824,0.0017770447600816933,370,76,1480,5691,7171
809,subcell,Raw,std_ctrl__tvn_efaar_e0.2_c96,0.2670591986323581,0.010125221671423724,0.0027040335855454053,370,90,1480,5689,7169
810,subcell,Raw,std_ctrl__tvn_efaar_e0.2_c96,0.2779602593427627,0.04002940498764443,0.011126583791702125,370,85,1480,5657,7137
811,subcell,Raw,std_ctrl__tvn_efaar_e0.2_c96,0.2686119793933596,0.01671615146741996,0.004490158533502888,370,97,1480,5593,7073
812,subcell,Raw,std_ctrl__tvn_efaar_e0.2_c96,0.27149164818383265,-0.03587279219676866,-0.009739163478456853,370,102,1480,5561,7041
813,subcell,Raw,std_ctrl__tvn_efaar_e0.2_c96,0.2653499164465915,0.02815813670852264,0.007471759222898184,370,75,1480,5465,6945
814,subcell,Raw,std_ctrl__tvn_efaar_e0.2_c96,0.2983446148366506,0.034956100041540754,0.010428964203084902,370,104,1480,5785,7265
815,subcell,Raw,std_ctrl__tvn_efaar_e0.2_c96,0.29542104392745727,-0.0228025235703044,-0.006736345317319776,370,89,1480,5817,7297
816,subcell,Raw,std_ctrl__tvn_efaar_e0.2_c96,0.2666365375828309,0.006490858016709048,0.0017306999075170613,370,79,1480,5465,6945
817,subcell,Raw,std_ctrl__tvn_efaar_e0.2_c96,0.2958590958112527,0.09239483605145123,0.027335852651811293,370,53,1480,5913,7393
818,subcell,Raw,std_ctrl__tvn_efaar_e0.2_c96,0.2468664705207957,-0.00032995441411428646,-8.145468164515091e-05,370,83,1480,5657,7137
819,subcell,Raw,std_ctrl__tvn_efaar_e0.2_c96,0.2642073375595422,0.05252457701227091,0.013877378648853229,370,61,1480,5689,7169
820,subcell,Raw,std_ctrl__tvn_efaar_e0.2_c96,0.2565403436545361,0.00990777179275288,0.002541743180563543,370,59,1480,5689,7169
821,subcell,Raw,std_ctrl__tvn_efaar_e0.2_c96,0.3049590631616102,0.01580058254245125,0.004818530849553627,370,75,1480,5465,6945
822,subcell,Raw,std_ctrl__tvn_efaar_e0.2_c96,0.24728789757402003,-0.03556107042160603,-0.008793822340040626,370,86,1480,5849,7329
823,subcell,Raw,std_ctrl__tvn_efaar_e0.2_c96,0.2669083423530945,0.08783091001403659,0.023442802599210315,370,85,1480,5691,7171
824,subcell,Raw,std_ctrl__tvn_efaar_e0.2_c96,0.28804444522889955,-0.006293746334479655,-0.0018128786713266123,370,69,1480,5977,7457
825,subcell,Raw,std_ctrl__tvn_efaar_e0.2_c96,0.3163054351700822,-0.014841668063568278,-0.004694500275496875,370,51,1480,5497,6977
826,subcell,Raw,std_ctrl__tvn_efaar_e0.2_c96,0.30125387477186105,0.00023001231226381694,6.929210031471011e-05,370,77,1480,5849,7329
827,subcell,Raw,std_ctrl__tvn_efaar_e0.2_c96,0.29632005714441223,0.02838545299920855,0.008411179054795506,370,67,1480,5721,7201
828,subcell,Raw,std_ctrl__tvn_efaar_e0.2_c96,0.2839745892112008,-0.008036341415793359,-0.002282116752310879,370,70,1480,5849,7329
829,subcell,Raw,std_ctrl__tvn_efaar_e0.2_c96,0.25886290222493924,0.024381380050776415,0.006311434800193219,370,55,1480,5561,7041
830,subcell,Raw,std_ctrl__tvn_efaar_e0.2_c96,0.2730470745670229,0.0012370342670339751,0.0003377685877527883,370,70,1480,5401,6881
831,subcell,Raw,std_ctrl__tvn_efaar_e0.2_c96,0.2655610296272231,0.09336606919829264,0.024794389468545154,370,69,1480,5753,7233
832,subcell,Raw,std_ctrl__tvn_efaar_e0.2_c96,0.29593040036799584,0.07680376326771886,0.022728568413584813,370,72,1480,5753,7233
833,subcell,Raw,std_ctrl__tvn_efaar_e0.2_c96,0.28444737926590535,0.028202130929894573,0.008022022232722442,370,68,1480,5881,7361
834,subcell,Raw,std_ctrl__tvn_efaar_e0.2_c96,0.29533879502043414,0.015321130299781452,0.004524924161088517,370,76,1480,5785,7265
835,subcell,Raw,std_ctrl__tvn_efaar_e0.2_c96,0.2857878722227339,0.0490051200239856,0.014005068979674533,370,69,1480,5881,7361
836,subcell,Raw,std_ctrl__tvn_efaar_e0.2_c96,0.295546916636122,0.03851612042063555,0.01138332063110441,370,99,1480,5785,7265
837,subcell,Raw,std_ctrl__tvn_efaar_e0.2_c96,0.25625194832999465,0.003791273538994955,0.0009715212310194111,370,73,1480,5401,6881
838,subcell,Raw,std_ctrl__tvn_efaar_e0.2_c96,0.2798555904989712,0.016621475503016722,0.0046516128418609285,370,69,1480,5817,7297
839,subcell,Raw,std_ctrl__tvn_efaar_e0.2_c96,0.2929922644501954,0.10171093339629972,0.029800516695124856,370,64,1480,5817,7297
840,subcell,Raw,std_ctrl__tvn_efaar_e0.2_c96,0.3017366441127392,-0.04914272496813759,-0.014828160914441155,370,60,1480,5849,7329
841,subcell,Raw,std_ctrl__tvn_efaar_e0.2_c96,0.2803299342076536,-0.03403281540778712,-0.009540416904166182,370,82,1480,5881,7361
842,subcell,Raw,std_ctrl__tvn_efaar_e0.2_c96,0.29466686396706804,0.06698378162782659,0.01973790086892657,370,68,1480,5753,7233
843,subcell,Raw,std_ctrl__tvn_efaar_e0.2_c96,0.2698371585687244,0.031617747969531665,0.00853164327244048,370,78,1480,5625,7105
844,subcell,Raw,std_ctrl__tvn_efaar_e0.2_c96,0.30635625643111375,-0.026209909200084966,-0.008029569663937437,370,96,1480,5881,7361
845,subcell,Raw,std_ctrl__tvn_efaar_e0.2_c96,0.27537883030409943,0.0037441437240678973,0.0010310579192242524,370,71,1480,5785,7265
846,subcell,Raw,std_ctrl__tvn_efaar_e0.2_c96,0.2594091792292871,0.08571215351318595,0.02223451939283022,370,76,1480,5785,7265
847,subcell,Raw,std_ctrl__tvn_efaar_e0.2_c96,0.25705586912870737,0.053236704675893115,0.013684807390010024,370,57,1480,5625,7105
848,subcell,Raw,std_ctrl__tvn_efaar_e0.2_c96,0.2783954716735712,-0.019405625655456768,-0.005402438307471641,370,41,1480,5660,7140
849,subcell,Raw,std_ctrl__tvn_efaar_e0.2_c96,0.29697002948590495,0.056093794319167264,0.01665817575293939,370,70,1480,5663,7143
850,subcell,Raw,std_ctrl__tvn_efaar_e0.2_c96,0.30141778539683967,0.03128013187148214,0.009428388075623248,370,75,1480,5881,7361
851,subcell,Raw,std_ctrl__tvn_efaar_e0.2_c96,0.2506117155246611,0.1056490519537414,0.026476890153681182,370,91,1480,5561,7041
852,subcell,Raw,std_ctrl__tvn_efaar_e0.2_c96,0.2594383304361214,-0.08060400800311972,-0.02091176926278915,370,82,1480,5657,7137
853,subcell,Raw,std_ctrl__tvn_efaar_e0.2_c96,0.27215575974212197,0.07607430816011493,0.020704061134172388,370,80,1480,5689,7169
854,subcell,Raw,std_ctrl__tvn_efaar_e0.2_c96,0.3100467619217254,0.030649681714571157,0.009502834569534305,370,103,1480,5785,7265
855,subcell,Raw,std_ctrl__tvn_efaar_e0.2_c96,0.289935738988336,-0.03779154341399708,-0.010957119067247025,370,56,1480,5689,7169
856,subcell,Raw,std_ctrl__tvn_efaar_e0.2_c96,0.2637101941328974,0.058560192006800994,0.015442919602573239,370,72,1480,5753,7233
857,subcell,Raw,std_ctrl__tvn_efaar_e0.2_c96,0.2887900143323462,0.0005261877692629155,0.00015195777342694264,370,83,1480,5625,7105
858,subcell,Raw,std_ctrl__tvn_efaar_e0.2_c96,0.3114695875185524,0.10566339001097166,0.03291093250252928,370,65,1480,5785,7265
859,subcell,Raw,std_ctrl__tvn_efaar_e0.2_c96,0.2786465392052438,0.05799799548399025,0.01616094072245524,370,53,1480,5689,7169
860,subcell,Raw,std_ctrl__tvn_efaar_e0.2_c96,0.3025885827139261,0.025073479249701512,0.007586948549874215,370,60,1480,5561,7041
861,subcell,Raw,std_ctrl__tvn_efaar_e0.2_c96,0.2905133918605794,0.10646850312939463,0.030930525970439146,370,85,1480,5817,7297
862,subcell,Raw,std_ctrl__tvn_efaar_e0.2_c96,0.3075846502857767,0.06887321712116458,0.021184344402269774,370,58,1480,5625,7105
863,subcell,Raw,std_ctrl__tvn_efaar_e0.2_c96,0.2929632774955351,0.041436871608979284,0.012139481715728257,370,86,1480,5470,6950
864,subcell,Raw,std_ctrl__tvn_efaar_e0.2_c96,0.2712857562773003,-0.0017174547032517721,-0.0004659209980436633,370,53,1480,5785,7265
865,subcell,Raw,std_ctrl__tvn_efaar_e0.2_c96,0.2782940204075843,0.1578574338369825,0.04393077991371809,370,61,1480,5881,7361
866,subcell,Raw,std_ctrl__tvn_efaar_e0.2_c96,0.27164706854707743,-0.006700243479647891,-0.0018201014997980191,370,80,1480,5817,7297
867,subcell,Raw,std_ctrl__tvn_efaar_e0.2_c96,0.2661469662720222,0.047751936540861066,0.012709033043964296,370,67,1480,6009,7489
868,subcell,Raw,std_ctrl__tvn_efaar_e0.2_c96,0.2702742080449851,-0.014412254056150106,-0.003895260551169094,370,83,1480,5689,7169
869,subcell,Raw,std_ctrl__tvn_efaar_e0.2_c96,0.31563202333236856,-0.0013664510328647301,-0.0004312957042876996,370,64,1480,5625,7105
870,subcell,Raw,std_ctrl__tvn_efaar_e0.2_c96,0.2698853724219791,0.05260342179577871,0.01419689408202419,370,46,1480,6009,7489
871,subcell,Raw,std_ctrl__tvn_efaar_e0.2_c96,0.2829268521376638,0.00497586126958759,0.001407804765678136,370,80,1480,5817,7297
872,subcell,Raw,std_ctrl__tvn_efaar_e0.2_c96,0.2799803771996054,-0.016550969136229048,-0.004633946581780435,370,70,1480,5657,7137
873,subcell,Raw,std_ctrl__tvn_efaar_e0.2_c96,0.300860827567543,-0.023123135847842202,-0.006956845787138525,370,84,1480,5657,7137
874,subcell,Raw,std_ctrl__tvn_efaar_e0.2_c96,0.2696720876057294,0.02502916197846333,0.006749666361754155,370,100,1480,5721,7201
875,subcell,Raw,std_ctrl__tvn_efaar_e0.2_c96,0.2718495827996467,0.03055067882307524,0.008305189292299005,370,71,1480,5561,7041
876,subcell,Raw,std_ctrl__tvn_efaar_e0.2_c96,0.27820970915614784,-0.0298261364100427,-0.008297920735889572,370,71,1480,5817,7297
877,subcell,Raw,std_ctrl__tvn_efaar_e0.2_c96,0.3208142313920553,0.02795654366940383,0.008968857069678218,370,53,1480,5657,7137
878,subcell,Raw,std_ctrl__tvn_efaar_e0.2_c96,0.2845882574805676,-0.01568085657138212,-0.004462587647452345,370,79,1480,5753,7233
879,subcell,Raw,std_ctrl__tvn_efaar_e0.2_c96,0.3001071237701313,0.061494998328375336,0.018455087074577756,370,90,1480,5785,7265
880,subcell,Raw,std_ctrl__tvn_efaar_e0.2_c96,0.26505989249416984,0.11635330869076327,0.03084059549291467,370,53,1480,5753,7233
881,subcell,Raw,std_ctrl__tvn_efaar_e0.2_c96,0.27216593680247086,-0.007621947254522239,-0.002074434414786066,370,58,1480,5785,7265
882,subcell,Raw,std_ctrl__tvn_efaar_e0.2_c96,0.27709157337592827,-0.019984947224139814,-0.005537660470171791,370,64,1480,5785,7265
883,subcell,Raw,std_ctrl__tvn_efaar_e0.2_c96,0.23390419539381876,0.0035336134429638766,0.0008265270092092473,370,84,1480,5785,7265
884,subcell,Raw,std_ctrl__tvn_efaar_e0.2_c96,0.33897296496623347,0.04274695858988434,0.014490063296501897,370,81,1480,5561,7041
885,subcell,Raw,std_ctrl__tvn_efaar_e0.2_c96,0.2880147428517117,0.02693668791201634,0.007758163242256196,370,62,1480,5401,6881
886,subcell,Raw,std_ctrl__tvn_efaar_e0.2_c96,0.2750813958705164,0.024334068236161393,0.006693849457611671,370,67,1480,5561,7041
887,subcell,Raw,std_ctrl__tvn_efaar_e0.2_c96,0.2987164360627873,0.010378782697439574,0.003100312978049272,370,83,1480,5817,7297
888,subcell,Raw,std_ctrl__tvn_efaar_e0.2_c96,0.2890650450151484,0.01219861699630673,0.0035261937711599596,370,46,1480,5593,7073
889,subcell,Raw,std_ctrl__tvn_efaar_e0.2_c96,0.27413898225873,-0.004015027895912657,-0.001100675661125906,370,74,1480,5721,7201
890,subcell,Raw,std_ctrl__tvn_efaar_e0.2_c96,0.29991625673122296,0.09253111159316983,0.027751584620202566,370,50,1480,5753,7233
891,subcell,Raw,std_ctrl__tvn_efaar_e0.2_c96,0.30784006522559937,0.09464878244904158,0.029136687362636526,370,82,1480,5401,6881
892,subcell,Raw,std_ctrl__tvn_efaar_e0.2_c96,0.2911139067272911,0.08015626020447643,0.023334602056774425,370,81,1480,5407,6887
893,subcell,Raw,std_ctrl__tvn_efaar_e0.2_c96,0.24021909142235115,0.02169026491771405,0.005210415731243367,370,58,1480,5817,7297
894,subcell,Raw,std_ctrl__tvn_efaar_e0.2_c96,0.26548887082966394,-0.008965973450250058,-0.002380366167195634,370,63,1480,5753,7233
895,subcell,Raw,std_ctrl__tvn_efaar_e0.2_c96,0.282564643198668,-0.0054508216179311175,-0.0015402094656102924,370,84,1480,5817,7297
896,subcell,Raw,std_ctrl__tvn_efaar_e0.2_c96,0.26490527383986023,0.11390571567935481,0.03017422480396475,370,84,1480,5529,7009
897,subcell,Raw,std_ctrl__tvn_efaar_e0.2_c96,0.27181318699233903,0.016534438435837226,0.004494278406373542,370,79,1480,5689,7169
898,subcell,Raw,std_ctrl__tvn_efaar_e0.2_c96,0.28264266212255146,-0.06916165607007504,-0.019548034588450332,370,79,1480,5977,7457
899,subcell,Raw,std_ctrl__tvn_efaar_e0.2_c96,0.31638307622735923,0.08269881778499906,0.026164506371183848,370,88,1480,5689,7169
900,subcell,Raw,std_ctrl__tvn_efaar_e0.2_c96,0.262332569407681,0.024326184998364017,0.006381550614507417,370,65,1480,5849,7329
901,subcell,Raw,std_ctrl__tvn_efaar_e0.2_c96,0.29936473076177317,-0.015478167409161086,-0.004633617419129161,370,59,1480,5561,7041
902,subcell,Raw,std_ctrl__tvn_efaar_e0.2_c96,0.283887226768919,0.006694432086874817,0.0019004637599357589,370,52,1480,5849,7329
903,subcell,Raw,std_ctrl__tvn_efaar_e0.2_c96,0.2933722534373617,0.06168879892227008,0.018097781951670663,370,75,1480,5786,7266
904,subcell,Raw,std_ctrl__tvn_efaar_e0.2_c96,0.3043663563216187,0.006055735025052683,0.0018431620044244911,370,72,1480,5913,7393
905,subcell,Raw,std_ctrl__tvn_efaar_e0.2_c96,0.2853786179116633,0.027785450948782407,0.007929373589815837,370,65,1480,5753,7233
906,subcell,Raw,std_ctrl__tvn_efaar_e0.2_c96,0.30277006385008814,-0.014707635654626057,-0.004453031786234964,370,90,1480,5913,7393
907,subcell,Raw,std_ctrl__tvn_efaar_e0.2_c96,0.2994342889721159,0.03846712333250545,0.011518375723871458,370,52,1480,5593,7073
908,subcell,Raw,std_ctrl__tvn_efaar_e0.2_c96,0.27652136056500454,-0.02977837309782709,-0.008234356244423476,370,70,1480,5593,7073
909,subcell,Raw,std_ctrl__tvn_efaar_e0.2_c96,0.2787945152963125,0.04519157298882603,0.01259916268689768,370,53,1480,5593,7073
910,subcell,Raw,std_ctrl__tvn_efaar_e0.2_c96,0.3094963684006809,0.03974002264359732,0.012299392688354198,370,55,1480,5465,6945
911,subcell,Raw,std_ctrl__tvn_efaar_e0.2_c96,0.28632882399676657,0.01709491099618764,0.0048947657618678,370,80,1480,5753,7233
912,subcell,Raw,std_ctrl__tvn_efaar_e0.2_c96,0.2790299425066191,0.07125286007839003,0.019881681451105346,370,54,1480,5497,6977
913,subcell,Raw,std_ctrl__tvn_efaar_e0.2_c96,0.24137487972583943,0.08425718749418429,0.020337568497446234,370,82,1480,5401,6881
914,subcell,Raw,std_ctrl__tvn_efaar_e0.2_c96,0.2883712305447549,-0.02711795422744844,-0.007820037830425645,370,69,1480,5561,7041
915,subcell,Raw,std_ctrl__tvn_efaar_e0.2_c96,0.26638404995028847,0.02585973929471348,0.006888622083984393,370,101,1480,5849,7329
916,subcell,Raw,std_ctrl__tvn_efaar_e0.2_c96,0.30862346935724044,-0.008611989459771874,-0.0026578620651427826,370,74,1480,5657,7137
917,subcell,Raw,std_ctrl__tvn_efaar_e0.2_c96,0.30992212468341346,0.08390078966530654,0.02600271099568798,370,80,1480,5561,7041
918,subcell,Raw,std_ctrl__tvn_efaar_e0.2_c96,0.2842942220656791,-0.0642297945053141,-0.018260159462326703,370,107,1480,5209,6689
919,subcell,Raw,std_ctrl__tvn_efaar_e0.2_c96,0.27941401944502364,-0.004289884793394746,-0.0011986539530785107,370,70,1480,5599,7079
920,subcell,Raw,std_ctrl__tvn_efaar_e0.2_c96,0.2888284637134105,0.005164254295432127,0.0014915836343750422,370,74,1480,5855,7335
921,subcell,Raw,std_ctrl__tvn_efaar_e0.2_c96,0.2999356216485207,0.01233258251849894,0.0036989808042176588,370,46,1480,5785,7265
922,subcell,Raw,std_ctrl__tvn_efaar_e0.2_c96,0.2957321095409719,0.012097633778950762,0.0035776587579032285,370,115,1480,5721,7201
923,subcell,Raw,std_ctrl__tvn_efaar_e0.2_c96,0.277987371417559,0.08591044865036333,0.023882019797617685,370,81,1480,5721,7201
924,subcell,Raw,std_ctrl__tvn_efaar_e0.2_c96,0.27889440264355553,3.918125916210256e-05,1.092743386883693e-05,370,74,1480,5785,7265
925,subcell,Raw,std_ctrl__tvn_efaar_e0.2_c96,0.26935809403474065,0.03388268189718668,0.009126574616611614,370,92,1480,5497,6977
926,subcell,Raw,std_ctrl__tvn_efaar_e0.2_c96,0.2751434762316888,0.014741409058388711,0.004056002532878376,370,91,1480,5078,6558
927,subcell,Raw,std_ctrl__tvn_efaar_e0.2_c96,0.28130088405454184,0.014339520851637753,0.0040337198924842365,370,53,1480,5785,7265
928,subcell,Raw,std_ctrl__tvn_efaar_e0.2_c96,0.2692394215664597,0.022657509742068805,0.00610029481709103,370,72,1480,5721,7201
929,subcell,Raw,std_ctrl__tvn_efaar_e0.2_c96,0.2805910171188062,0.04663213830263005,0.013084559116759806,370,73,1480,5561,7041
930,subcell,Raw,std_ctrl__tvn_efaar_e0.2_c96,0.27647520567519346,0.0008332980623308028,0.0002303862531716489,370,77,1480,5657,7137
931,subcell,Raw,std_ctrl__tvn_efaar_e0.2_c96,0.28076875834135406,0.042709863692966,0.011991595398002541,370,101,1480,5977,7457
932,subcell,Raw,std_ctrl__tvn_efaar_e0.2_c96,0.31383270438874433,-0.02365503150007179,-0.0074237225080684656,370,66,1480,5689,7169
933,subcell,Raw,std_ctrl__tvn_efaar_e0.2_c96,0.31046093624185694,0.033955241646040205,0.010541776111748134,370,67,1480,5593,7073
934,subcell,Raw,std_ctrl__tvn_efaar_e0.2_c96,0.2752154033092604,-0.03773374064978004,-0.010384906651296247,370,53,1480,5561,7041
935,subcell,Raw,std_ctrl__tvn_efaar_e0.2_c96,0.319759192775242,-0.0040864327620713185,-0.0013066744413302274,370,91,1480,5657,7137
936,subcell,Raw,std_ctrl__tvn_efaar_e0.2_c96,0.2926397590592303,0.03831124974650216,0.01121139489507439,370,88,1480,5753,7233
937,subcell,Raw,std_ctrl__tvn_efaar_e0.2_c96,0.282370793457471,0.019157862070348527,0.005409620713753102,370,52,1480,5721,7201
938,subcell,Raw,std_ctrl__tvn_efaar_e0.2_c96,0.23206072217490584,0.09934073513672899,0.02305308273721537,370,75,1480,5566,7046
939,subcell,Raw,std_ctrl__tvn_efaar_e0.2_c96,0.2561392285976245,0.044416888112853825,0.011376907457933376,370,67,1480,5753,7233
940,subcell,Raw,std_ctrl__tvn_efaar_e0.2_c96,0.2959908036728569,0.07996470237048967,0.02366881652010204,370,58,1480,5785,7265
941,subcell,Raw,std_ctrl__tvn_efaar_e0.2_c96,0.27477524308006906,0.03178315067189325,0.008733222951719929,370,67,1480,5721,7201
942,subcell,Raw,std_ctrl__tvn_efaar_e0.2_c96,0.28895497715576196,0.028280596537387497,0.008171819126412126,370,84,1480,5881,7361
943,subcell,Raw,std_ctrl__tvn_efaar_e0.2_c96,0.3057040678509635,0.03825764863243668,0.011695518813348743,370,99,1480,5753,7233
944,subcell,Raw,std_ctrl__tvn_efaar_e0.2_c96,0.29511285844176965,0.034743504004863986,0.010253254779158482,370,56,1480,5593,7073
945,subcell,Raw,std_ctrl__tvn_efaar_e0.2_c96,0.26736900338542335,-0.009551744977091922,-0.0025538405351167907,370,83,1480,5625,7105
946,subcell,Raw,std_ctrl__tvn_efaar_e0.2_c96,0.26487057280581977,-0.01467717695511186,-0.003887552267272856,370,81,1480,5625,7105
947,subcell,Raw,std_ctrl__tvn_efaar_e0.2_c96,0.2302476172512361,-0.0047143844084816585,-0.00108547577685928,370,89,1480,5721,7201
948,subcell,Raw,std_ctrl__tvn_efaar_e0.2_c96,0.2990760263477248,-0.0036290418084247433,-0.0010853594035134333,370,67,1480,5561,7041
949,subcell,Raw,std_ctrl__tvn_efaar_e0.2_c96,0.3017832193768894,-0.008047842623735058,-0.002428703856029318,370,60,1480,5849,7329
950,subcell,Raw,std_ctrl__tvn_efaar_e0.2_c96,0.288162316675309,0.001318885123166651,0.0003800529925203024,370,65,1480,5721,7201
951,subcell,Raw,std_ctrl__tvn_efaar_e0.2_c96,0.29114997401136816,0.1095661332658575,0.03190017685288051,370,70,1480,5689,7169
952,subcell,Raw,std_ctrl__tvn_efaar_e0.2_c96,0.2946101927160341,0.02399869807489683,0.007070261064779272,370,66,1480,5881,7361
953,subcell,Raw,std_ctrl__tvn_efaar_e0.2_c96,0.30145990368113007,0.014073791437684557,0.0042426838112327,370,64,1480,5785,7265
954,subcell,Raw,std_ctrl__tvn_efaar_e0.2_c96,0.2826891751912036,0.15447207817010547,0.04366758436797825,370,84,1480,5561,7041
955,subcell,Raw,std_ctrl__tvn_efaar_e0.2_c96,0.24947422993041718,0.013113394080303086,0.0032714538899577036,370,58,1480,5785,7265
956,subcell,Raw,std_ctrl__tvn_efaar_e0.2_c96,0.2937266262529751,-0.019706049119673386,-0.005788191324697073,370,56,1480,5753,7233
957,subcell,Raw,std_ctrl__tvn_efaar_e0.2_c96,0.2920859578885005,0.04898904977929499,0.01430901353083281,370,61,1480,5721,7201
958,subcell,Raw,std_ctrl__tvn_efaar_e0.2_c96,0.259442814493605,0.020976541297290107,0.005442212912510282,370,79,1480,5721,7201
959,subcell,Raw,std_ctrl__tvn_efaar_e0.2_c96,0.3273399043835866,0.024121262642705393,0.007895851807074564,370,62,1480,5881,7361
960,subcell,Raw,std_ctrl__tvn_efaar_e0.2_c96,0.2959527496694401,0.011775301651651218,0.003484932901993277,370,69,1480,5689,7169
961,subcell,Raw,std_ctrl__tvn_efaar_e0.2_c96,0.288482332219721,0.11776373610657008,0.033972757242931105,370,64,1480,5657,7137
962,subcell,Raw,std_ctrl__tvn_efaar_e0.2_c96,0.30265321231097814,-0.01228537405202934,-0.0037182079212886177,370,82,1480,5785,7265
963,subcell,Raw,std_ctrl__tvn_efaar_e0.2_c96,0.2624917751416892,0.009543609215744145,0.002505118924299265,370,82,1480,5689,7169
964,subcell,Raw,std_ctrl__tvn_efaar_e0.2_c96,0.28582931998525674,-0.034450584625041164,-0.009846987176470057,370,103,1480,5785,7265
965,subcell,Raw,std_ctrl__tvn_efaar_e0.2_c96,0.2655235119037165,0.03553689508949891,0.009435881186317687,370,53,1480,5625,7105
966,subcell,Raw,std_ctrl__tvn_efaar_e0.2_c96,0.2751599129766304,-0.0059624243453059375,-0.0016406201639841242,370,67,1480,5561,7041
967,subcell,Raw,std_ctrl__tvn_efaar_e0.2_c96,0.3250352986026916,0.015153778308729372,0.004925512857536842,370,61,1480,5849,7329
968,subcell,Raw,std_ctrl__tvn_efaar_e0.2_c96,0.3299685293777339,-0.0018742209020201524,-0.0006184339147685996,370,109,1480,5817,7297
969,subcell,Raw,std_ctrl__tvn_efaar_e0.2_c96,0.28795362505119415,0.029980932048748708,0.008633118065850716,370,88,1480,5657,7137
970,subcell,Raw,std_ctrl__tvn_efaar_e0.2_c96,0.2622236884677792,-0.0040890773310110805,-0.0010722529401677077,370,61,1480,5593,7073
971,subcell,Raw,std_ctrl__tvn_efaar_e0.2_c96,0.2832933291204046,-0.05251976735643193,-0.014878499739032753,370,66,1480,5753,7233
972,subcell,Raw,std_ctrl__tvn_efaar_e0.2_c96,0.2903265357881798,-0.043732472862644166,-0.012696697347662064,370,46,1480,5817,7297
973,subcell,Raw,std_ctrl__tvn_efaar_e0.2_c96,0.31368583592259974,-0.008666018397016816,-0.002718407224988848,370,58,1480,5657,7137
974,subcell,Raw,std_ctrl__tvn_efaar_e0.2_c96,0.276150752210628,0.04543134563256735,0.012545900270374504,370,83,1480,5753,7233
975,subcell,Raw,std_ctrl__tvn_efaar_e0.2_c96,0.28474129396623665,0.03919399355388699,0.01116014844023812,370,71,1480,5529,7009
976,subcell,Raw,std_ctrl__tvn_efaar_e0.2_c96,0.2777223690476456,0.08009351074884982,0.02224375955051364,370,90,1480,5785,7265
977,subcell,Raw,std_ctrl__tvn_efaar_e0.2_c96,0.27766906406615705,-0.005330822070790613,-0.0014802043750996427,370,84,1480,5753,7233
978,subcell,Raw,std_ctrl__tvn_efaar_e0.2_c96,0.2985540602194968,-0.01793880010799621,-0.005355701607708216,370,66,1480,5593,7073
979,subcell,Raw,std_ctrl__tvn_efaar_e0.2_c96,0.26780006789857325,0.006306164651897821,0.001688791321957819,370,96,1480,5753,7233
980,subcell,Raw,std_ctrl__tvn_efaar_e0.2_c96,0.28110264956313796,-0.025336150157900125,-0.007122058939115242,370,73,1480,5529,7009
981,subcell,Raw,std_ctrl__tvn_efaar_e0.2_c96,0.2742279774142087,0.001519926420417117,0.0004168063480894042,370,50,1480,5817,7297
982,subcell,Raw,std_ctrl__tvn_efaar_e0.2_c96,0.2857280666247561,0.1279837716933353,0.03656855564528088,370,63,1480,5465,6945
983,subcell,Raw,std_ctrl__tvn_efaar_e0.2_c96,0.31699012080425615,0.04857968732576757,0.015399280954028052,370,73,1480,5753,7233
984,subcell,Raw,std_ctrl__tvn_efaar_e0.2_c96,0.3219161170964932,0.04586004405381636,0.014763087311678684,370,90,1480,5753,7233
985,subcell,Raw,std_ctrl__tvn_efaar_e0.2_c96,0.2631113774452899,0.08188712202648553,0.021545433471419146,370,89,1480,5689,7169
986,subcell,Raw,std_ctrl__tvn_efaar_e0.2_c96,0.3087848852523416,0.05163149588072276,0.015943025530935725,370,92,1480,5721,7201
987,subcell,Raw,std_ctrl__tvn_efaar_e0.2_c96,0.27509074701687397,0.11279455873043968,0.031028739420595315,370,63,1480,5721,7201
988,subcell,Raw,std_ctrl__tvn_efaar_e0.2_c96,0.2753509308085781,0.017201664838070695,0.004736494424619955,370,56,1480,5785,7265
989,subcell,Raw,std_ctrl__tvn_efaar_e0.2_c96,0.34474162233308747,0.11354676589943329,0.039144296286845924,370,107,1480,5689,7169
990,subcell,Raw,std_ctrl__tvn_efaar_e0.2_c96,0.2798631283284284,0.09474158686470179,0.026514676882754985,370,81,1480,5785,7265
991,subcell,Raw,std_ctrl__tvn_efaar_e0.2_c96,0.32710000394383854,0.047729333092418974,0.01561226504276703,370,60,1480,5593,7073
992,subcell,Raw,std_ctrl__tvn_efaar_e0.2_c96,0.29019932228223294,0.056937659208038775,0.016523270114509592,370,72,1480,5721,7201
993,subcell,Raw,std_ctrl__tvn_efaar_e0.2_c96,0.29200822551418365,0.008025729396892136,0.002343578999643492,370,91,1480,5593,7073
994,subcell,Raw,std_ctrl__tvn_efaar_e0.2_c96,0.27538160343467916,0.01765507696794455,0.004861883404195243,370,66,1480,5401,6881
995,subcell,Raw,std_ctrl__tvn_efaar_e0.2_c96,0.28585546648136584,0.05497883781460577,0.015716001330097488,370,63,1480,5689,7169
996,subcell,Raw,std_ctrl__tvn_efaar_e0.2_c96,0.2898274928680138,0.008552567246737494,0.0024787691227070195,370,50,1480,5721,7201
997,subcell,Raw,std_ctrl__tvn_efaar_e0.2_c96,0.3056639571138817,0.007837332544654305,0.002395590078816443,370,88,1480,5849,7329
998,subcell,Raw,std_ctrl__tvn_efaar_e0.2_c96,0.3015787352670237,-0.014001417637115623,-0.004222529822946729,370,69,1480,5913,7393
999,subcell,Raw,std_ctrl__tvn_efaar_e0.2_c96,0.3038301004250094,-0.03536715625622493,-0.010745606637075819,370,61,1480,5753,7233
1000,subcell,Raw,std_ctrl__tvn_efaar_e0.2_c96,0.3047455620451954,0.04936232860779596,0.015042950575442407,370,74,1480,5433,6913
1001,subcell,Raw,std_ctrl__tvn_efaar_e0.2_c96,0.2831106611894148,-0.012900785114714423,-0.0036523498036893608,370,50,1480,5817,7297
1002,subcell,Raw,std_ctrl__tvn_efaar_e0.2_c96,0.2915181144794048,-0.019223815985734874,-0.005604090589260471,370,64,1480,5561,7041
1003,subcell,Raw,std_ctrl__tvn_efaar_e0.2_c96,0.2840381666925719,-0.0322053625696668,-0.009147552141957735,370,107,1480,5753,7233
1004,subcell,Raw,std_ctrl__tvn_efaar_e0.2_c96,0.2978922234809102,0.006581940315935214,0.0019607088355325856,370,68,1480,5721,7201
1005,subcell,Raw,std_ctrl__tvn_efaar_e0.2_c96,0.27366512865865295,-0.005951156342264253,-0.0016286239660735053,370,71,1480,5657,7137
1006,subcell,Raw,std_ctrl__tvn_efaar_e0.2_c96,0.2475030502256749,-0.008710776237976232,-0.002155943688732447,370,65,1480,5625,7105
1007,subcell,Raw,std_ctrl__tvn_efaar_e0.2_c96,0.27378353116240967,-0.009006026231450697,-0.002465701663387861,370,59,1480,5625,7105
1008,subcell,Raw,std_ctrl__tvn_efaar_e0.2_c96,0.28927830568145424,0.027451593993826642,0.007941150598789356,370,71,1480,5945,7425
1009,subcell,Raw,std_ctrl__tvn_efaar_e0.2_c96,0.30821356618656603,0.008605563772777726,0.0026523514994537425,370,65,1480,5849,7329
1010,subcell,Raw,std_ctrl__tvn_efaar_e0.2_c96,0.27468223026528926,0.05540563450505744,0.015218943255112645,370,102,1480,5753,7233
1011,subcell,Raw,std_ctrl__tvn_efaar_e0.2_c96,0.2643683129306685,0.03836753778929266,0.01014316123665897,370,70,1480,5881,7361
1012,subcell,Raw,std_ctrl__tvn_efaar_e0.2_c96,0.29257707215228335,-0.019093588545274327,-0.005586346233456737,370,56,1480,5849,7329
1013,subcell,Raw,std_ctrl__tvn_efaar_e0.2_c96,0.27345630064917864,0.00037391615036142553,0.00010224972723081747,370,91,1480,5791,7271
1014,subcell,Raw,std_ctrl__tvn_efaar_e0.2_c96,0.2604422555013323,-0.0477542194440439,-0.012437216621712373,370,83,1480,5881,7361
1015,subcell,Raw,std_ctrl__tvn_efaar_e0.2_c96,0.3072835567856053,0.10357880580760882,0.03182806385616755,370,56,1480,5945,7425
1016,subcell,Raw,std_ctrl__tvn_efaar_e0.2_c96,0.2889166186526987,0.0030187937468397993,0.0008721796817468657,370,77,1480,5625,7105
1017,subcell,Raw,std_ctrl__tvn_efaar_e0.2_c96,0.2945936918738644,0.023517176214483636,0.006928011763472966,370,68,1480,5817,7297
1018,subcell,Raw,std_ctrl__tvn_efaar_e0.2_c96,0.2923046805488148,0.027015721808104652,0.00789682193291368,370,77,1480,5657,7137
1019,subcell,Raw,std_ctrl__tvn_efaar_e0.2_c96,0.2944360990620227,0.008508093463212928,0.0025050898497635094,370,64,1480,5561,7041
1020,subcell,Raw,std_ctrl__tvn_efaar_e0.2_c96,0.26723880198929895,-0.014113821259538655,-0.0037717606848902082,370,71,1480,5753,7233
1021,subcell,Raw,std_ctrl__tvn_efaar_e0.2_c96,0.3011900019817886,-0.009011641188489555,-0.0027142162274203367,370,70,1480,5529,7009
1022,subcell,Raw,std_ctrl__tvn_efaar_e0.2_c96,0.29095990867018096,0.08099488914758658,0.02356626554913322,370,53,1480,5561,7041
1023,subcell,Raw,std_ctrl__tvn_efaar_e0.2_c96,0.3216699357889042,0.02940846828218212,0.009459820103979548,370,80,1480,5593,7073
1024,subcell,Raw,std_ctrl__tvn_efaar_e0.2_c96,0.25470880710554067,-0.004085538840328996,-0.0010406227244035525,370,85,1480,5529,7009
1025,subcell,Raw,std_ctrl__tvn_efaar_e0.2_c96,0.29104805367398584,0.0290506259619125,0.008455128144225596,370,80,1480,5593,7073
1026,subcell,Raw,std_ctrl__tvn_efaar_e0.2_c96,0.28397333809208286,0.0021344729706832396,0.0006061334145522441,370,62,1480,5529,7009
1027,subcell,Raw,std_ctrl__tvn_efaar_e0.2_c96,0.2835922816698342,0.0660944967190609,0.01874388913037785,370,98,1480,5561,7041
1028,subcell,Raw,std_ctrl__tvn_efaar_e0.2_c96,0.2892791825150691,0.029306155395491622,0.008477660675467399,370,83,1480,5817,7297
1029,subcell,Raw,std_ctrl__tvn_efaar_e0.2_c96,0.29310425843926813,-0.016555043933562573,-0.0048523538755763625,370,63,1480,5849,7329
1030,subcell,Raw,std_ctrl__tvn_efaar_e0.2_c96,0.24731037790851546,-0.008207919954857954,-0.0020299037858787657,370,51,1480,5593,7073
1031,subcell,Raw,std_ctrl__tvn_efaar_e0.2_c96,0.28429844491955797,-0.034266368686245836,-0.009741875330539928,370,58,1480,5625,7105
1032,subcell,Raw,std_ctrl__tvn_efaar_e0.2_c96,0.2797306468400779,0.04108677412977897,0.011493229903895251,370,85,1480,5465,6945
1033,subcell,Raw,std_ctrl__tvn_efaar_e0.2_c96,0.2898096132439563,-0.024093963780467433,-0.006982662324731158,370,71,1480,5401,6881
1034,subcell,Raw,std_ctrl__tvn_efaar_e0.2_c96,0.2709739612455105,0.05683480231745919,0.015400751520567435,370,80,1480,5593,7073
1035,subcell,Raw,std_ctrl__tvn_efaar_e0.2_c96,0.3077024494951753,0.08067626080793218,0.02482428306671234,370,96,1480,5753,7233
1036,subcell,Raw,std_ctrl__tvn_efaar_e0.2_c96,0.30191936959154353,0.039709518395321046,0.011989072760699132,370,65,1480,5465,6945
1037,subcell,Raw,std_ctrl__tvn_efaar_e0.2_c96,0.26484999144702515,0.003951393263393958,0.0010465264720137225,370,42,1480,5753,7233
1038,subcell,Raw,std_ctrl__tvn_efaar_e0.2_c96,0.29525026974025875,0.00934695419809401,0.0027596907482371003,370,91,1480,5625,7105
1039,subcell,Raw,std_ctrl__tvn_efaar_e0.2_c96,0.2781082478544549,0.06534961993432727,0.018174268297890317,370,61,1480,5753,7233
1040,subcell,Raw,std_ctrl__tvn_efaar_e0.2_c96,0.2888555998196333,0.0149793400915242,0.004326866267039504,370,59,1480,5625,7105
1041,subcell,Raw,std_ctrl__tvn_efaar_e0.2_c96,0.25608848467436746,-0.002186904768258559,-0.0005600411282304831,370,71,1480,5753,7233
1042,subcell,Raw,std_ctrl__tvn_efaar_e0.2_c96,0.2705044389019027,0.018207686128700655,0.0049252599199461275,370,84,1480,5561,7041
1043,subcell,Raw,std_ctrl__tvn_efaar_e0.2_c96,0.2887968819379147,0.05607289127049855,0.016193676160163695,370,63,1480,5657,7137
1044,subcell,Raw,std_ctrl__tvn_efaar_e0.2_c96,0.30688631710440506,0.048552070667037796,0.014899966154800045,370,93,1480,5753,7233
1045,subcell,Raw,std_ctrl__tvn_efaar_e0.2_c96,0.2831720965269293,0.005842990027931674,0.0016545717361953532,370,81,1480,5305,6785
1046,subcell,Raw,std_ctrl__tvn_efaar_e0.2_c96,0.29446284582283394,0.0314121386387463,0.009249707736946637,370,81,1480,5497,6977
1047,subcell,Raw,std_ctrl__tvn_efaar_e0.2_c96,0.26258440693043095,0.021625313311463345,0.005678470070575356,370,68,1480,5657,7137
1048,subcell,Raw,std_ctrl__tvn_efaar_e0.2_c96,0.3390399097000141,0.003023658021726409,0.001025140742649845,370,65,1480,5849,7329
1049,subcell,Raw,std_ctrl__tvn_efaar_e0.2_c96,0.2859892924288798,-0.03853304018311905,-0.011020036897103812,370,60,1480,5593,7073
1050,subcell,Raw,std_ctrl__tvn_efaar_e0.2_c96,0.32499945024339605,0.014964844469102649,0.0048635662254362865,370,52,1480,5817,7297
1051,subcell,Raw,std_ctrl__tvn_efaar_e0.2_c96,0.2859729209876026,0.048286950415545725,0.013808760255917141,370,65,1480,5529,7009
1052,subcell,Raw,std_ctrl__tvn_efaar_e0.2_c96,0.27579776309729964,-0.0027383558295672903,-0.000755232412359109,370,85,1480,5689,7169
1053,subcell,Raw,std_ctrl__tvn_efaar_e0.2_c96,0.27436269521847206,0.007931271574647774,0.002176045045730018,370,69,1480,5593,7073
1054,subcell,Raw,std_ctrl__tvn_efaar_e0.2_c96,0.2899998308441056,0.024791036311710472,0.007189396336846116,370,127,1480,5657,7137
1055,subcell,Raw,std_ctrl__tvn_efaar_e0.2_c96,0.2956055458621092,0.010455195049619954,0.0030906136397377284,370,59,1480,5465,6945
1056,subcell,Raw,std_ctrl__tvn_efaar_e0.2_c96,0.2866890590671482,-0.03264505048734803,-0.009358978807417356,370,66,1480,5689,7169
1057,subcell,Raw,std_ctrl__tvn_efaar_e0.2_c96,0.2980728827314189,-0.013605217444995743,-0.0040553463840176706,370,53,1480,5753,7233
1058,subcell,Raw,std_ctrl__tvn_efaar_e0.2_c96,0.2512572010919164,0.06370847286010105,0.01600721257666931,370,72,1480,5753,7233
1059,subcell,Raw,std_ctrl__tvn_efaar_e0.2_c96,0.3006377136300416,0.038126215447951535,0.011462178241638522,370,70,1480,5689,7169
1060,subcell,Raw,std_ctrl__tvn_efaar_e0.2_c96,0.263744249029049,0.007788336050701354,0.002054128842878098,370,87,1480,5849,7329
1061,subcell,Raw,std_ctrl__tvn_efaar_e0.2_c96,0.26609951156613637,0.04658244394731557,0.012395565581937598,370,70,1480,5945,7425
1062,subcell,Raw,std_ctrl__tvn_efaar_e0.2_c96,0.28075076091830053,0.01627777897036195,0.0045699988319890285,370,61,1480,5433,6913
1063,subcell,Raw,std_ctrl__tvn_efaar_e0.2_c96,0.27961997070904165,0.049363398845169944,0.01380299213918516,370,75,1480,5561,7041
1064,subcell,Raw,std_ctrl__tvn_efaar_e0.2_c96,0.2998126953935568,0.05364678277230749,0.01608398654215814,370,63,1480,5657,7137
1065,subcell,Raw,std_ctrl__tvn_efaar_e0.2_c96,0.30211372404531506,0.04236836058672942,0.012800063198551575,370,87,1480,5657,7137
1066,subcell,Raw,std_ctrl__tvn_efaar_e0.2_c96,0.28759558251272155,0.1270268886661858,0.036532372040730336,370,48,1480,5785,7265
1067,subcell,Raw,std_ctrl__tvn_efaar_e0.2_c96,0.2874225838469967,0.0036441936002186244,0.0010474235406135264,370,75,1480,5535,7015
1068,subcell,Raw,std_ctrl__tvn_efaar_e0.2_c96,0.28728764185926103,-0.012846298682484424,-0.003690582855110682,370,53,1480,5401,6881
1069,subcell,Raw,std_ctrl__tvn_efaar_e0.2_c96,0.27958471201549656,0.030948913957768286,0.008652843196075028,370,57,1480,5689,7169
1070,subcell,Raw,std_ctrl__tvn_efaar_e0.2_c96,0.322875278388571,0.013633078350271857,0.004401783967637226,370,102,1480,5689,7169
1071,subcell,Raw,std_ctrl__tvn_efaar_e0.2_c96,0.2740572862296472,-0.014208242919690204,-0.0038938724966618966,370,94,1480,5593,7073
1072,subcell,Raw,std_ctrl__tvn_efaar_e0.2_c96,0.2507972520433286,-0.053804056339001656,-0.013493909478606049,370,67,1480,5561,7041
1073,subcell,Raw,std_ctrl__tvn_efaar_e0.2_c96,0.2872569513084504,0.06878970968556067,0.019760322285667542,370,84,1480,5849,7329
1074,subcell,Raw,std_ctrl__tvn_efaar_e0.2_c96,0.27182270866408165,0.06921651989545473,0.0188146219222838,370,74,1480,5785,7265
1075,subcell,Raw,std_ctrl__tvn_efaar_e0.2_c96,0.31185483720673574,0.06886942984005939,0.02147726483129243,370,64,1480,5561,7041
1076,subcell,Raw,std_ctrl__tvn_efaar_e0.2_c96,0.27786069407696623,0.01119185864916245,0.0031097776122675762,370,74,1480,5913,7393
1077,subcell,Raw,std_ctrl__tvn_efaar_e0.2_c96,0.3051251075129726,-0.03605947448279135,-0.011002651028423004,370,60,1480,5689,7169
1078,subcell,Raw,std_ctrl__tvn_efaar_e0.2_c96,0.2849542564273155,0.12620054756479215,0.03596138319204541,370,55,1480,5689,7169
1079,subcell,Raw,std_ctrl__tvn_efaar_e0.2_c96,0.26957416991223465,-0.019586383563277746,-0.005279983090653235,370,91,1480,5657,7137
1080,subcell,Raw,std_ctrl__tvn_efaar_e0.2_c96,0.2531511063019457,-0.03860575783270238,-0.009773090304973612,370,88,1480,5785,7265
1081,subcell,Raw,std_ctrl__tvn_efaar_e0.2_c96,0.29286960959995006,0.009179831211731344,0.002688493583173195,370,92,1480,5657,7137
1082,subcell,Raw,std_ctrl__tvn_efaar_e0.2_c96,0.2724612777113967,0.0035548974641883176,0.0009685719052257532,370,54,1480,5721,7201
1083,subcell,Raw,std_ctrl__tvn_efaar_e0.2_c96,0.2562628613902477,-0.010415200811939402,-0.002669029162021622,370,70,1480,5817,7297
1084,subcell,Raw,std_ctrl__tvn_efaar_e0.2_c96,0.2752694851211993,-0.02942537506864071,-0.008099907844642904,370,59,1480,5721,7201
1085,subcell,Raw,std_ctrl__tvn_efaar_e0.2_c96,0.3287742093213041,0.04244569350958797,0.013955049322709193,370,80,1480,5817,7297
1086,subcell,Raw,std_ctrl__tvn_efaar_e0.2_c96,0.2953924783737535,0.08059246748487918,0.023806408708614606,370,81,1480,5561,7041
1087,subcell,Raw,std_ctrl__tvn_efaar_e0.2_c96,0.2677349816505845,-0.01057851500340567,-0.00283223852032725,370,96,1480,5849,7329
1088,subcell,Raw,std_ctrl__tvn_efaar_e0.2_c96,0.28018373817460973,0.049885929454324414,0.013977226196827484,370,86,1480,5497,6977
1089,subcell,Raw,std_ctrl__tvn_efaar_e0.2_c96,0.29605682835643626,0.06762830527630176,0.020021821567222743,370,44,1480,5753,7233
1090,subcell,Raw,std_ctrl__tvn_efaar_e0.2_c96,0.2636387117441643,0.021844123416588226,0.005758956556729853,370,73,1480,5785,7265
1091,subcell,Raw,std_ctrl__tvn_efaar_e0.2_c96,0.307281615951157,0.05493251440362688,0.016879751794206675,370,73,1480,5753,7233
1092,subcell,Raw,std_ctrl__tvn_efaar_e0.2_c96,0.3252327818884614,0.015616486775608873,0.0050789934373556425,370,57,1480,5657,7137
1093,subcell,Raw,std_ctrl__tvn_efaar_e0.2_c96,0.27946908647589724,0.04849960251690445,0.013554139609843413,370,80,1480,5689,7169
1094,subcell,Raw,std_ctrl__tvn_efaar_e0.2_c96,0.2796570228954669,0.033820158192054736,0.009458044753843764,370,79,1480,5625,7105
1095,subcell,Raw,std_ctrl__tvn_efaar_e0.2_c96,0.24720335851373879,-0.010483335562083836,-0.0025915157593736377,370,49,1480,5753,7233
1096,subcell,Raw,std_ctrl__tvn_efaar_e0.2_c96,0.27731853210570784,0.01476455366577115,0.004094484349787603,370,84,1480,5593,7073
1097,subcell,Raw,std_ctrl__tvn_efaar_e0.2_c96,0.27896325987238113,0.02896156105427312,0.008079211482693026,370,87,1480,5657,7137
1098,subcell,Raw,std_ctrl__tvn_efaar_e0.2_c96,0.26097217569908115,0.07414256976937239,0.019349147744634036,370,86,1480,5753,7233
1099,subcell,Raw,std_ctrl__tvn_efaar_e0.2_c96,0.27238172168231267,0.032344064032966316,0.00880993184750233,370,82,1480,5721,7201
1100,subcell,Raw,std_ctrl__tvn_efaar_e0.2_c96,0.25983935955935417,-0.03355191268290669,-0.008718107503517848,370,76,1480,5817,7297
1101,subcell,Raw,std_ctrl__tvn_efaar_e0.2_c96,0.30226072166891377,0.030586200999212755,0.009245007187132498,370,77,1480,5593,7073
1102,subcell,Raw,std_ctrl__tvn_efaar_e0.2_c96,0.2892822838108538,0.030123290050513896,0.008714134141709429,370,56,1480,5753,7233
1103,subcell,Raw,std_ctrl__tvn_efaar_e0.2_c96,0.29338368413172494,0.0345650260116636,0.01014081467341077,370,57,1480,5977,7457
1104,subcell,Raw,std_ctrl__tvn_efaar_e0.2_c96,0.28879501206760405,-0.030548687167528926,-0.008822308479195977,370,89,1480,5689,7169
1105,subcell,Raw,std_ctrl__tvn_efaar_e0.2_c96,0.26091285960919697,0.057847841511962456,0.015093245751105737,370,65,1480,5721,7201
1106,subcell,Raw,std_ctrl__tvn_efaar_e0.2_c96,0.3177372670906566,0.01674926805528049,0.005321866657653659,370,79,1480,5593,7073
1107,subcell,Raw,std_ctrl__tvn_efaar_e0.2_c96,0.30814314291623446,-0.007343541859832722,-0.0022628620688257845,370,77,1480,5497,6977
1108,subcell,Raw,std_ctrl__tvn_efaar_e0.2_c96,0.2914285564722666,0.02743382416547295,0.007994999775057767,370,77,1480,5753,7233
1109,subcell,Raw,std_ctrl__tvn_efaar_e0.2_c96,0.26204593118599284,0.019016132760221297,0.004983100216708654,370,67,1480,5689,7169
1110,subcell,Raw,std_ctrl__tvn_efaar_e0.2_c96,0.27131089065757175,0.024744847375430784,0.006713546580613803,370,74,1480,5817,7297
1111,subcell,Raw,std_ctrl__tvn_efaar_e0.2_c96,0.2787880443050879,0.011108608082692347,0.003096947122325492,370,76,1480,5785,7265
1112,subcell,Raw,std_ctrl__tvn_efaar_e0.2_c96,0.3086293975475194,0.01161071247373374,0.0035834071958659127,370,90,1480,5817,7297
1113,subcell,Raw,std_ctrl__tvn_efaar_e0.2_c96,0.26251462020143007,0.03379423115651861,0.008871479757052818,370,64,1480,5689,7169
1114,subcell,Raw,std_ctrl__tvn_efaar_e0.2_c96,0.28539254876704956,-0.004398486398643135,-0.001255295244025965,370,70,1480,5657,7137
1115,subcell,Raw,std_ctrl__tvn_efaar_e0.2_c96,0.30541776261874765,0.05919961899299616,0.018080615180723205,370,86,1480,5529,7009
1116,subcell,Raw,std_ctrl__tvn_efaar_e0.2_c96,0.27490102553732704,0.029641136445598293,0.008148378806986812,370,89,1480,5657,7137
1117,subcell,Raw,std_ctrl__tvn_efaar_e0.2_c96,0.2857868559056389,-0.03322435374143602,-0.009495083595261751,370,75,1480,5753,7233
1118,subcell,Raw,std_ctrl__tvn_efaar_e0.2_c96,0.27648445832349344,0.021885811730276893,0.006051086801215565,370,82,1480,5657,7137
1119,subcell,Raw,std_ctrl__tvn_efaar_e0.2_c96,0.2877943016312316,-0.011518625121790848,-0.003314994672677757,370,60,1480,5785,7265
1120,subcell,Raw,std_ctrl__tvn_efaar_e0.2_c96,0.30421383279110337,-0.014156519927873592,-0.004306609186242059,370,65,1480,5657,7137
1121,subcell,Raw,std_ctrl__tvn_efaar_e0.2_c96,0.2925018138352431,0.05716857898475589,0.016721913047424458,370,83,1480,5753,7233
1122,subcell,Raw,std_ctrl__tvn_efaar_e0.2_c96,0.28047280749660325,-0.02637456807702614,-0.00739734915507381,370,66,1480,5625,7105
1123,subcell,Raw,std_ctrl__tvn_efaar_e0.2_c96,0.30196144534957536,-0.0037090075312136107,-0.0011199772749377222,370,102,1480,5273,6753
1124,subcell,Raw,std_ctrl__tvn_efaar_e0.2_c96,0.28829999830650366,0.01457530238751799,0.004202059653638215,370,81,1480,5913,7393
1125,subcell,Raw,std_ctrl__tvn_efaar_e0.2_c96,0.28633396363255603,0.06859482503975743,0.019641028138315447,370,64,1480,5657,7137
1126,subcell,Raw,std_ctrl__tvn_efaar_e0.2_c96,0.2682186035758012,-0.006677314672296898,-0.0017909800170396826,370,104,1480,5817,7297
1127,subcell,Raw,std_ctrl__tvn_efaar_e0.2_c96,0.2707228223664563,-0.0011823877281802206,-0.00032009934290441164,370,93,1480,5593,7073
1128,subcell,Raw,std_ctrl__tvn_efaar_e0.2_c96,0.28822353602583,-0.025678482674526347,-0.007401143076229996,370,81,1480,5593,7073
1129,subcell,Raw,std_ctrl__tvn_efaar_e0.2_c96,0.2819031004613759,0.07565910803018142,0.021328537131850324,370,64,1480,5721,7201
1130,subcell,Raw,std_ctrl__tvn_efaar_e0.2_c96,0.27783905908149664,-0.0015036477943796828,-0.0004177720883804188,370,85,1480,5625,7105
1131,subcell,Raw,std_ctrl__tvn_efaar_e0.2_c96,0.28818977707217686,0.036745552365528046,0.01058969254461553,370,57,1480,5689,7169
1132,subcell,Raw,std_ctrl__tvn_efaar_e0.2_c96,0.2936694160201761,0.013305795591364987,0.0039075052209999895,370,84,1480,5817,7297
1133,subcell,Raw,std_ctrl__tvn_efaar_e0.2_c96,0.28855729875745545,0.0458586350144324,0.013232843844468678,370,54,1480,5881,7361
1134,subcell,Raw,std_ctrl__tvn_efaar_e0.2_c96,0.26491368330092924,0.02318676393898125,0.006142491038904685,370,54,1480,5721,7201
1135,subcell,Raw,std_ctrl__tvn_efaar_e0.2_c96,0.26279429983384706,0.10732335065683961,0.028203964791686614,370,59,1480,5657,7137
1136,subcell,Raw,std_ctrl__tvn_efaar_e0.2_c96,0.2758578738253637,-0.00989936371257139,-0.0027308174259739024,370,71,1480,5593,7073
1137,subcell,Raw,std_ctrl__tvn_efaar_e0.2_c96,0.258910816323039,0.049048850636411595,0.012699277957980136,370,91,1480,5689,7169
1138,subcell,Raw,std_ctrl__tvn_efaar_e0.2_c96,0.2663400894829733,0.03683720071967702,0.009811223335981025,370,70,1480,5593,7073
1139,subcell,Raw,std_ctrl__tvn_efaar_e0.2_c96,0.27630000919437764,0.014642588809701467,0.004045747422750007,370,74,1480,5785,7265
1140,subcell,Raw,std_ctrl__tvn_efaar_e0.2_c96,0.27305649574129437,0.041724868198721766,0.01139324629561034,370,54,1480,5785,7265
1141,subcell,Raw,std_ctrl__tvn_efaar_e0.2_c96,0.22226118103112416,0.043092900448156474,0.009577878947663918,370,85,1480,5817,7297
1142,subcell,Raw,std_ctrl__tvn_efaar_e0.2_c96,0.33310291316363033,-0.006238281036802591,-0.002077989586492375,370,69,1480,5561,7041
1143,subcell,Raw,std_ctrl__tvn_efaar_e0.2_c96,0.27244955589749753,0.012993255825313464,0.003540006779269226,370,60,1480,5689,7169
1144,subcell,Raw,std_ctrl__tvn_efaar_e0.2_c96,0.29979594067792253,-0.004941166932983322,-0.0014813417887203804,370,61,1480,5631,7111
1145,subcell,Raw,std_ctrl__tvn_efaar_e0.2_c96,0.28952860214385484,0.018973119934409335,0.005493260892917242,370,91,1480,5785,7265
1146,subcell,Raw,std_ctrl__tvn_efaar_e0.2_c96,0.2873025186844207,-0.0037199070757946043,-0.001068738672147788,370,77,1480,5625,7105
1147,subcell,Raw,std_ctrl__tvn_efaar_e0.2_c96,0.2606775929216276,0.04706520914801623,0.01226884543105784,370,46,1480,5849,7329
1148,subcell,Raw,std_ctrl__tvn_efaar_e0.2_c96,0.2617805190587583,-0.0016319088668915436,-0.00042720195023145845,370,75,1480,5529,7009
1149,subcell,Raw,std_ctrl__tvn_efaar_e0.2_c96,0.3040800476176708,-0.01850084764736954,-0.005625738633579403,370,69,1480,5625,7105
1150,subcell,Raw,std_ctrl__tvn_efaar_e0.2_c96,0.3115502248719549,0.08943496248622185,0.027863482673997266,370,53,1480,5785,7265
1151,subcell,Raw,std_ctrl__tvn_efaar_e0.2_c96,0.2968007392867062,0.028522532055897925,0.00846550860051928,370,87,1480,5657,7137
1152,subcell,Raw,std_ctrl__tvn_efaar_e0.2_c96,0.31768534647974633,0.004605545794034988,0.0014631144113063435,370,80,1480,5849,7329
1153,subcell,Raw,std_ctrl__tvn_efaar_e0.2_c96,0.29958141627919566,0.07300219043785236,0.021870099602855363,370,75,1480,5497,6977
1154,subcell,Raw,std_ctrl__tvn_efaar_e0.2_c96,0.26885084382736724,-0.014386645911949613,-0.0038678618932731965,370,71,1480,5401,6881
1155,subcell,Raw,std_ctrl__tvn_efaar_e0.2_c96,0.2830583176309929,0.00688088385613483,0.0019476914081317837,370,70,1480,5881,7361
1156,subcell,Raw,std_ctrl__tvn_efaar_e0.2_c96,0.25823522684548245,0.045024088367544325,0.011626805673103856,370,93,1480,5753,7233
1157,subcell,Raw,std_ctrl__tvn_efaar_e0.2_c96,0.3306076095148917,-0.03319401971310145,-0.010974195507538663,370,55,1480,5785,7265
1158,subcell,Raw,std_ctrl__tvn_efaar_e0.2_c96,0.2940338926397043,0.019525913929872893,0.005741280480148353,370,67,1480,5657,7137
1159,subcell,Raw,std_ctrl__tvn_efaar_e0.2_c96,0.26088830378295524,-0.005359646331392788,-0.0013982690402736034,370,78,1480,5791,7271
1160,subcell,Raw,std_ctrl__tvn_efaar_e0.2_c96,0.2821165654386217,-0.020700935934801424,-0.005840076947291121,370,34,1480,5689,7169
1161,subcell,Raw,std_ctrl__tvn_efaar_e0.2_c96,0.27127979908308886,-0.012021186306944978,-0.0032611050060884126,370,65,1480,5817,7297
1162,subcell,Raw,std_ctrl__tvn_efaar_e0.2_c96,0.28915512825041256,0.006106098568776033,0.0017656097147640945,370,71,1480,5753,7233
1163,subcell,Raw,std_ctrl__tvn_efaar_e0.2_c96,0.3238315734323123,-0.02866666138336708,-0.009283170060827068,370,68,1480,5593,7073
1164,subcell,Raw,std_ctrl__tvn_efaar_e0.2_c96,0.28989621223951856,-0.025572798478389083,-0.007413457415249519,370,83,1480,5753,7233
1165,subcell,Raw,std_ctrl__tvn_efaar_e0.2_c96,0.273402036638983,0.09434490938824075,0.025794090373265327,370,81,1480,5721,7201
1166,subcell,Raw,std_ctrl__tvn_efaar_e0.2_c96,0.2854382491091943,0.008681535093205175,0.002478042176584511,370,87,1480,5625,7105
1167,subcell,Raw,std_ctrl__tvn_efaar_e0.2_c96,0.2906635254339918,-0.015535679401209234,-0.004515655344767723,370,64,1480,5721,7201
1168,subcell,Raw,std_ctrl__tvn_efaar_e0.2_c96,0.30086939749815655,0.08440109571135261,0.025393706814858905,370,63,1480,5913,7393
1169,subcell,Raw,std_ctrl__tvn_efaar_e0.2_c96,0.2878448724180031,-0.01269795801277005,-0.0036550421041549553,370,62,1480,5529,7009
1170,subcell,Raw,std_ctrl__tvn_efaar_e0.2_c96,0.3238188062373499,0.0818868153083605,0.026516490779731648,370,97,1480,5468,6948
1171,subcell,Raw,std_ctrl__tvn_efaar_e0.2_c96,0.2771320067557288,-0.006455599865643993,-0.001789053345577933,370,102,1480,5817,7297
1172,subcell,Raw,std_ctrl__tvn_efaar_e0.2_c96,0.2791600292326314,0.005626472473170915,0.0015706862200869885,370,81,1480,5881,7361
1173,subcell,Raw,std_ctrl__tvn_efaar_e0.2_c96,0.2897370399954145,0.025916283612972144,0.007508907301704216,370,89,1480,5657,7137
1174,subcell,Raw,std_ctrl__tvn_efaar_e0.2_c96,0.29162251729683275,-0.006354881976683349,-0.0018532266791646708,370,87,1480,5913,7393
1175,subcell,Raw,std_ctrl__tvn_efaar_e0.2_c96,0.29994727948354233,0.008949632674601585,0.002684417973123764,370,77,1480,5785,7265
1176,subcell,Raw,std_ctrl__tvn_efaar_e0.2_c96,0.2475418303203097,0.00902609577996969,0.0022343362700201204,370,78,1480,5497,6977
1177,subcell,Raw,std_ctrl__tvn_efaar_e0.2_c96,0.3006798445435741,0.011141605050194387,0.0033500560744583485,370,62,1480,5753,7233
1178,subcell,Raw,std_ctrl__tvn_efaar_e0.2_c96,0.2770452941352804,0.039173548973752734,0.010852847397756138,370,63,1480,5593,7073
1179,subcell,Raw,std_ctrl__tvn_efaar_e0.2_c96,0.3042525199834428,0.07763415334536099,0.02362038679210711,370,85,1480,5721,7201
1180,subcell,Raw,std_ctrl__tvn_efaar_e0.2_c96,0.3018568671120079,0.03561469310854408,0.010750539684900733,370,87,1480,5721,7201
1181,subcell,Raw,std_ctrl__tvn_efaar_e0.2_c96,0.2748869069212537,0.019223971336519263,0.00528441801943862,370,70,1480,5401,6881
1182,subcell,Raw,std_ctrl__tvn_efaar_e0.2_c96,0.33219789019360774,0.08850765034385157,0.02940205471022103,370,76,1480,5753,7233
1183,subcell,Raw,std_ctrl__tvn_efaar_e0.2_c96,0.26066255417420403,0.009869061681618985,0.00257249482523357,370,74,1480,5849,7329
1184,subcell,Raw,std_ctrl__tvn_efaar_e0.2_c96,0.3050448713268637,0.027435732258473358,0.00836912941654429,370,79,1480,5753,7233
1185,subcell,Raw,std_ctrl__tvn_efaar_e0.2_c96,0.29007718633671886,-0.009679439525472316,-0.0028077845828654345,370,59,1480,5881,7361
1186,subcell,Raw,std_ctrl__tvn_efaar_e0.2_c96,0.27132390911743587,-0.01761717450583959,-0.004779960654528429,370,65,1480,5561,7041
1187,subcell,Raw,std_ctrl__tvn_efaar_e0.2_c96,0.23501567704864448,0.006123773584193479,0.0014391827949818347,370,75,1480,5785,7265
1188,subcell,Raw,std_ctrl__tvn_efaar_e0.2_c96,0.32692409996068705,0.02945415483913916,0.009629273060888285,370,62,1480,5849,7329
1189,subcell,Raw,std_ctrl__tvn_efaar_e0.2_c96,0.29897003067538447,-0.03561908981505581,-0.01064904037463651,370,67,1480,5625,7105
1190,subcell,Raw,std_ctrl__tvn_efaar_e0.2_c96,0.2960930482805183,-0.012043009937940245,-0.0035658515229973027,370,63,1480,5657,7137
1191,subcell,Raw,std_ctrl__tvn_efaar_e0.2_c96,0.27763636012911574,0.07184240814957146,0.019946064701557343,370,52,1480,5721,7201
1192,subcell,Raw,std_ctrl__tvn_efaar_e0.2_c96,0.2864520047507145,0.09320870251418967,0.02669981969540259,370,72,1480,5401,6881
1193,subcell,Raw,std_ctrl__tvn_efaar_e0.2_c96,0.30590983647663805,-0.003014922863767427,-0.000922294560244771,370,67,1480,5689,7169
1194,subcell,Raw,std_ctrl__tvn_efaar_e0.2_c96,0.28416726864023195,0.08618939988209924,0.02449220635023687,370,70,1480,5721,7201
1195,subcell,Raw,std_ctrl__tvn_efaar_e0.2_c96,0.314298755575747,-0.020232298706227055,-0.006358986305803959,370,43,1480,5593,7073
1196,subcell,Raw,std_ctrl__tvn_efaar_e0.2_c96,0.27463235966937016,0.04126063079140201,0.011331504395689408,370,75,1480,5721,7201
1197,subcell,Raw,std_ctrl__tvn_efaar_e0.2_c96,0.2970054198278175,-0.014066340700110974,-0.004177779425077576,370,51,1480,5657,7137
1198,subcell,Raw,std_ctrl__tvn_efaar_e0.2_c96,0.26448605945885173,0.010223254471063,0.0027039082898965405,370,72,1480,5593,7073
1199,subcell,Raw,std_ctrl__tvn_efaar_e0.2_c96,0.30423439580039685,-0.029166938253795228,-0.008873585836990872,370,89,1480,5689,7169
1200,subcell,Raw,std_ctrl__tvn_efaar_e0.2_c96,0.2952429323665786,-0.02574226652916407,-0.0076002222558324275,370,61,1480,5689,7169
1201,subcell,Raw,std_ctrl__tvn_efaar_e0.2_c96,0.2945704212881341,0.09522921085444368,0.028051708760330026,370,61,1480,5625,7105
1202,subcell,Raw,std_ctrl__tvn_efaar_e0.2_c96,0.3056881006672176,0.007344824853105652,0.002245225559079242,370,96,1480,5817,7297
1203,subcell,Raw,std_ctrl__tvn_efaar_e0.2_c96,0.2762185625857848,-0.02156246842131844,-0.005955954033137956,370,41,1480,5625,7105
1204,subcell,Raw,std_ctrl__tvn_efaar_e0.2_c96,0.2894497902133127,-0.016955997895135973,-0.004907910033604479,370,73,1480,5657,7137
1205,subcell,Raw,std_ctrl__tvn_efaar_e0.2_c96,0.3201781568830945,0.025154081028251653,0.008053787301713628,370,84,1480,5849,7329
1206,subcell,Raw,std_ctrl__tvn_efaar_e0.2_c96,0.3177421813485865,-0.013072931175865585,-0.004153821668439473,370,46,1480,5625,7105
1207,subcell,Raw,std_ctrl__tvn_efaar_e0.2_c96,0.2978237543761162,-0.002527437172053544,-0.0007527308275307404,370,67,1480,5465,6945
1208,subcell,Raw,std_ctrl__tvn_efaar_e0.2_c96,0.28107134659360916,0.04363261223178907,0.012263877075385735,370,86,1480,5625,7105
1209,subcell,Raw,std_ctrl__tvn_efaar_e0.2_c96,0.3090338974287497,0.012889579360067007,0.003983316945858677,370,60,1480,5753,7233
1210,subcell,Raw,std_ctrl__tvn_efaar_e0.2_c96,0.28999413778596506,-0.03184791552366895,-0.00923570880256663,370,67,1480,5753,7233
1211,subcell,Raw,std_ctrl__tvn_efaar_e0.2_c96,0.27297796584847644,0.04625518439417675,0.012626646145868562,370,61,1480,5625,7105
1212,subcell,Raw,std_ctrl__tvn_efaar_e0.2_c96,0.2983227558284417,0.08053970544758425,0.024026826882734293,370,63,1480,5791,7271
1213,subcell,Raw,std_ctrl__tvn_efaar_e0.2_c96,0.30730137722676476,0.02139243724301599,0.006573925427015948,370,63,1480,5721,7201
1214,subcell,Raw,std_ctrl__tvn_efaar_e0.2_c96,0.2479566930851128,0.18693917033270552,0.04635281848377229,370,64,1480,5817,7297
1215,subcell,Raw,std_ctrl__tvn_efaar_e0.2_c96,0.28146551105972006,0.01734078640198046,0.004880833306810875,370,88,1480,5616,7096
1216,subcell,Raw,std_ctrl__tvn_efaar_e0.2_c96,0.2639709156810329,0.018104601125961333,0.004779088137259873,370,98,1480,5657,7137
1217,subcell,Raw,std_ctrl__tvn_efaar_e0.2_c96,0.27578217573713576,-0.005091589545334655,-0.001404169642772845,370,88,1480,5721,7201
1218,subcell,Raw,std_ctrl__tvn_efaar_e0.2_c96,0.2840154513387318,0.01743818054334692,0.004952712717544967,370,61,1480,5753,7233
1219,subcell,Raw,std_ctrl__tvn_efaar_e0.2_c96,0.30060541047822353,-0.0009341064482191896,-0.00028079745229728497,370,68,1480,5849,7329
1220,subcell,Raw,std_ctrl__tvn_efaar_e0.2_c96,0.28803418790251256,0.1213169783274415,0.03494343733133133,370,62,1480,5817,7297
1221,subcell,Raw,std_ctrl__tvn_efaar_e0.2_c96,0.30355296922922564,-0.015357684918560622,-0.004661870857515975,370,63,1480,5849,7329
1222,subcell,Raw,std_ctrl__tvn_efaar_e0.2_c96,0.25767841083696785,0.019602400749878075,0.005051115473817969,370,69,1480,5785,7265
1223,subcell,Raw,std_ctrl__tvn_efaar_e0.2_c96,0.2993088546916682,0.024510143846706002,0.007336103083085611,370,77,1480,5561,7041
1224,subcell,Raw,std_ctrl__tvn_efaar_e0.2_c96,0.2921745993741726,0.009233434845645285,0.0026977751268739366,370,70,1480,5305,6785
1225,subcell,Raw,std_ctrl__tvn_efaar_e0.2_c96,0.3039996459407123,-0.040303264451381694,-0.012252178123474932,370,111,1480,5817,7297
1226,subcell,Raw,std_ctrl__tvn_efaar_e0.2_c96,0.2652642113397904,0.051881777969212665,0.013762378915909309,370,43,1480,5593,7073
1227,subcell,Raw,std_ctrl__tvn_efaar_e0.2_c96,0.23929245943715155,-0.01989335647136885,-0.004760330196493827,370,65,1480,5661,7141
1228,subcell,Raw,std_ctrl__tvn_efaar_e0.2_c96,0.2994974206652392,-0.029466981506033763,-0.008825284955847418,370,55,1480,5689,7169
1229,subcell,Raw,std_ctrl__tvn_efaar_e0.2_c96,0.3442345749853663,0.0021760433576108957,0.0007490693603569162,370,61,1480,5631,7111
1230,subcell,Raw,std_ctrl__tvn_efaar_e0.2_c96,0.29089506460202014,0.08496372862064892,0.024715529325932177,370,98,1480,5817,7297
1231,subcell,Raw,std_ctrl__tvn_efaar_e0.2_c96,0.24994642531311836,0.014960955509635094,0.0037394373489018948,370,61,1480,5561,7041
1232,subcell,Raw,std_ctrl__tvn_efaar_e0.2_c96,0.3058335102773983,0.10677441404228191,0.032655193854363405,370,59,1480,5689,7169
1233,subcell,Raw,std_ctrl__tvn_efaar_e0.2_c96,0.32759315875107,-0.016615350345308318,-0.005443075103375233,370,40,1480,5593,7073
1234,subcell,Raw,std_ctrl__tvn_efaar_e0.2_c96,0.25141413494969167,0.03161782386600789,0.00794916783626409,370,71,1480,5433,6913
1235,subcell,Raw,std_ctrl__tvn_efaar_e0.2_c96,0.27129803282568016,0.08863992901805245,0.024047838372405553,370,73,1480,5753,7233
1236,subcell,Raw,std_ctrl__tvn_efaar_e0.2_c96,0.28856677603595093,0.03483687232794836,0.01005276393485209,370,56,1480,5561,7041
1237,subcell,Raw,std_ctrl__tvn_efaar_e0.2_c96,0.2608433790016544,0.028109229885537386,0.0073321065044778585,370,72,1480,5625,7105
1238,subcell,Raw,std_ctrl__tvn_efaar_e0.2_c96,0.26987618160427435,-0.04669434810743196,-0.012601692369734513,370,75,1480,5721,7201
1239,subcell,Raw,std_ctrl__tvn_efaar_e0.2_c96,0.28087643445059424,0.05726339575951379,0.01608393842546551,370,93,1480,5753,7233
1240,subcell,Raw,std_ctrl__tvn_efaar_e0.2_c96,0.2892963937943799,-0.019120991854687394,-0.005531633989332775,370,104,1480,5785,7265
1241,subcell,Raw,std_ctrl__tvn_efaar_e0.2_c96,0.264095308292428,-0.014856952810879523,-0.003923651532875282,370,50,1480,5401,6881
1242,subcell,Raw,std_ctrl__tvn_efaar_e0.2_c96,0.27537921529680937,0.06418741034023229,0.017675878691427473,370,69,1480,5657,7137
1243,subcell,Raw,std_ctrl__tvn_efaar_e0.2_c96,0.30768327562760733,0.09661589630049021,0.029727095451432057,370,66,1480,5785,7265
1244,subcell,Raw,std_ctrl__tvn_efaar_e0.2_c96,0.3006910743135505,-0.00896490087451078,-0.0026956656750711347,370,68,1480,5721,7201
1245,subcell,Raw,std_ctrl__tvn_efaar_e0.2_c96,0.29042321794453585,-0.01351280702406099,-0.0039244328993913195,370,75,1480,5593,7073
1246,subcell,Raw,std_ctrl__tvn_efaar_e0.2_c96,0.3118928821997912,0.026311152447444815,0.008206261170831654,370,61,1480,5561,7041
1247,subcell,Raw,std_ctrl__tvn_efaar_e0.2_c96,0.2770563453870034,0.08384966439239187,0.023231081578482846,370,48,1480,5785,7265
1248,subcell,Raw,std_ctrl__tvn_efaar_e0.2_c96,0.2974111111044083,-0.004885049955197952,-0.0014528681349759629,370,71,1480,5785,7265
1249,subcell,Raw,std_ctrl__tvn_efaar_e0.2_c96,0.29050707326599184,0.0054050708716401556,0.001570211319715445,370,61,1480,5657,7137
1250,subcell,Raw,std_ctrl__tvn_efaar_e0.2_c96,0.30415373625683334,0.052120345729156005,0.015852597888520687,370,67,1480,5561,7041
1251,subcell,Raw,std_ctrl__tvn_efaar_e0.2_c96,0.2824051406318888,-0.014072240903620805,-0.003974073171392851,370,56,1480,5561,7041
1252,subcell,Raw,std_ctrl__tvn_efaar_e0.2_c96,0.27757294926007836,-0.04077519518971921,-0.011318091185465722,370,62,1480,5753,7233
1253,subcell,Raw,std_ctrl__tvn_efaar_e0.2_c96,0.25509459005588175,0.04617221466042654,0.011778282170773683,370,81,1480,5849,7329
1254,subcell,Raw,std_ctrl__tvn_efaar_e0.2_c96,0.28964704633979543,-0.030651221915739203,-0.008878035894599467,370,77,1480,5689,7169
1255,subcell,Raw,std_ctrl__tvn_efaar_e0.2_c96,0.28795807822647385,-0.002189273603001873,-0.0006304190194323676,370,101,1480,5657,7137
1256,subcell,Raw,std_ctrl__tvn_efaar_e0.2_c96,0.265254550978117,-0.012352333853505598,-0.0032765127698434213,370,100,1480,5625,7105
1257,subcell,Raw,std_ctrl__tvn_efaar_e0.2_c96,0.2907574598883411,0.043312346852128814,0.01259338795252776,370,78,1480,5625,7105
1258,subcell,Raw,std_ctrl__tvn_efaar_e0.2_c96,0.26835889798367385,0.10830928122727525,0.0290657593515554,370,70,1480,5849,7329
1259,subcell,Raw,std_ctrl__tvn_efaar_e0.2_c96,0.29482626543366774,-0.00828139126483903,-0.0024415716592074894,370,66,1480,5657,7137
1260,subcell,Raw,std_ctrl__tvn_efaar_e0.2_c96,0.25491129068970686,-0.006655083453529084,-0.0016964559127868107,370,63,1480,5785,7265
1261,subcell,Raw,std_ctrl__tvn_efaar_e0.2_c96,0.2672416373405715,0.01658993816630573,0.004433522238942382,370,64,1480,5369,6849
1262,subcell,Raw,std_ctrl__tvn_efaar_e0.2_c96,0.289437923578776,0.0017877466641952077,0.0005174416823695443,370,79,1480,5689,7169
1263,subcell,Raw,std_ctrl__tvn_efaar_e0.2_c96,0.28848512072161026,0.010025602309391174,0.0028922370925315672,370,83,1480,5817,7297
1264,subcell,Raw,std_ctrl__tvn_efaar_e0.2_c96,0.303363270938594,0.03011586434106517,0.009136047113648495,370,71,1480,5753,7233
1265,subcell,Raw,std_ctrl__tvn_efaar_e0.2_c96,0.2641083796404927,0.03055727860760509,0.008070433339277672,370,56,1480,5849,7329
1266,subcell,Raw,std_ctrl__tvn_efaar_e0.2_c96,0.2608968803514273,0.00714398363251183,0.0018638430430039936,370,80,1480,5628,7108
1267,subcell,Raw,std_ctrl__tvn_efaar_e0.2_c96,0.31325286515944967,-0.012638156312023965,-0.003958938675074491,370,52,1480,5599,7079
1268,subcell,Raw,std_ctrl__tvn_efaar_e0.2_c96,0.25461805910514484,0.02881755866769542,0.007337470856117251,370,79,1480,5753,7233
1269,subcell,Raw,std_ctrl__tvn_efaar_e0.2_c96,0.2847303564873653,0.013819393407416255,0.003934800811332776,370,84,1480,5561,7041
1270,subcell,Raw,std_ctrl__tvn_efaar_e0.2_c96,0.3011751110667,0.09228165619131481,0.02779293805283826,370,68,1480,5631,7111
1271,subcell,Raw,std_ctrl__tvn_efaar_e0.2_c96,0.31615607746702973,0.06408534195015894,0.02026097033409554,370,60,1480,5689,7169
1272,subcell,Raw,std_ctrl__tvn_efaar_e0.2_c96,0.30415344046955173,0.01825576401086324,0.0055525534323042774,370,59,1480,5657,7137
1273,subcell,Raw,std_ctrl__tvn_efaar_e0.2_c96,0.29551558245062787,-0.014682533688232169,-0.004338917494728894,370,61,1480,5753,7233
1274,subcell,Raw,std_ctrl__tvn_efaar_e0.2_c96,0.2811714656305351,0.0042050644807609516,0.0011823441431264617,370,85,1480,5785,7265
1275,subcell,Raw,std_ctrl__tvn_efaar_e0.2_c96,0.3237347290224968,-0.0718257137808627,-0.023252477987694996,370,57,1480,5785,7265
1276,subcell,Raw,std_ctrl__tvn_efaar_e0.2_c96,0.32069234857445117,0.0298103711351606,0.00955995793121068,370,72,1480,5689,7169
1277,subcell,Raw,std_ctrl__tvn_efaar_e0.2_c96,0.2963777577400089,0.14742650051535394,0.04369393565419687,370,62,1480,5721,7201
1278,subcell,Raw,std_ctrl__tvn_efaar_e0.2_c96,0.25407450769093476,0.05883664834768833,0.014948892463123562,370,70,1480,5465,6945
1279,subcell,Raw,std_ctrl__tvn_efaar_e0.2_c96,0.2818907214809594,-0.011289613453204549,-0.0031824372815649755,370,57,1480,5593,7073
1280,subcell,Raw,std_ctrl__tvn_efaar_e0.2_c96,0.28267631376425184,-0.0026920506201946787,-0.0007609789457833998,370,54,1480,5881,7361
1281,subcell,Raw,std_ctrl__tvn_efaar_e0.2_c96,0.2863580281573116,0.06186948577260926,0.017716823948951233,370,88,1480,5881,7361
1282,subcell,Raw,std_ctrl__tvn_efaar_e0.2_c96,0.31793525671440603,0.023519996504135,0.007477836126464093,370,59,1480,5593,7073
1283,subcell,Raw,std_ctrl__tvn_efaar_e0.2_c96,0.2788109434257221,0.007036628198340702,0.0019618889465154105,370,78,1480,5657,7137
1284,subcell,Raw,std_ctrl__tvn_efaar_e0.2_c96,0.24565122458403768,0.08670272160976362,0.021298629738207342,370,75,1480,5669,7149
1285,subcell,Raw,std_ctrl__tvn_efaar_e0.2_c96,0.27647424126552145,0.06990073653059317,0.019325753096196864,370,75,1480,5657,7137
1286,subcell,Raw,std_ctrl__tvn_efaar_e0.2_c96,0.27555148537305885,-0.003386205602602135,-0.0009330739835755922,370,83,1480,5625,7105
1287,subcell,Raw,std_ctrl__tvn_efaar_e0.2_c96,0.2892505726832641,-0.03011773624273571,-0.008711572456134803,370,94,1480,5502,6982
1288,subcell,Raw,std_ctrl__tvn_efaar_e0.2_c96,0.2602688311123027,0.015325927422428665,0.003988861215947495,370,56,1480,5561,7041
1289,subcell,Raw,std_ctrl__tvn_efaar_e0.2_c96,0.2670786152265621,0.03416339408159587,0.009124311982751952,370,57,1480,5913,7393
1290,subcell,Raw,std_ctrl__tvn_efaar_e0.2_c96,0.2780277093763502,0.046402108017284206,0.012901071802279502,370,49,1480,5433,6913
1291,subcell,Raw,std_ctrl__tvn_efaar_e0.2_c96,0.3084726728722183,0.044568196895044446,0.01374807082130966,370,62,1480,5561,7041
1292,subcell,Raw,std_ctrl__tvn_efaar_e0.2_c96,0.25076813304145823,-0.06518337213811552,-0.016345912536421835,370,94,1480,5593,7073
1293,subcell,Raw,std_ctrl__tvn_efaar_e0.2_c96,0.27104432196907813,-0.0013792937263886924,-0.0003738497328652263,370,61,1480,5561,7041
1294,subcell,Raw,std_ctrl__tvn_efaar_e0.2_c96,0.27269634537242887,-0.035306919259650925,-0.00962806784846623,370,49,1480,5881,7361
1295,subcell,Raw,std_ctrl__tvn_efaar_e0.2_c96,0.2856374729100587,0.023123308860044815,0.006604883508101971,370,68,1480,5785,7265
1296,subcell,Raw,std_ctrl__tvn_efaar_e0.2_c96,0.27886045664409836,0.0602839555191649,0.01681081136438684,370,89,1480,5721,7201
1297,subcell,Raw,std_ctrl__tvn_efaar_e0.2_c96,0.2910936490116439,-0.002868985817285088,-0.0008351435505161698,370,89,1480,5593,7073
1298,subcell,Raw,std_ctrl__tvn_efaar_e0.2_c96,0.3314210159899217,0.09324752710311247,0.030904190171061295,370,72,1480,5849,7329
1299,subcell,Raw,std_ctrl__tvn_efaar_e0.2_c96,0.2679175633213419,-0.020645140246513042,-0.005531195669273142,370,52,1480,5753,7233
1300,subcell,Raw,std_ctrl__tvn_efaar_e0.2_c96,0.2763486109811801,-0.04636482858282019,-0.012812855977242877,370,70,1480,5753,7233
1301,subcell,Raw,std_ctrl__tvn_efaar_e0.2_c96,0.30532569067562093,0.03654106403248355,0.01115692561374013,370,59,1480,5689,7169
1302,subcell,Raw,std_ctrl__tvn_efaar_e0.2_c96,0.2935626828012952,0.060749682447663114,0.017833839758662737,370,89,1480,5785,7265
1303,subcell,Raw,std_ctrl__tvn_efaar_e0.2_c96,0.284928068917882,0.001303920788884522,0.0003715236323987482,370,54,1480,5689,7169
1304,subcell,Raw,std_ctrl__tvn_efaar_e0.2_c96,0.2722197960045374,0.062423567952610046,0.016992930933934884,370,78,1480,5465,6945
1305,subcell,Raw,std_ctrl__tvn_efaar_e0.2_c96,0.28340371649446766,0.022165241314319555,0.006281711765474881,370,92,1480,5785,7265
1306,subcell,Raw,std_ctrl__tvn_efaar_e0.2_c96,0.27111111071806837,0.005946044434312678,0.0016120387109654986,370,75,1480,5817,7297
1307,subcell,Raw,std_ctrl__tvn_efaar_e0.2_c96,0.2634752228693796,0.040412033733497964,0.010647569594538261,370,91,1480,5593,7073
1308,subcell,Raw,std_ctrl__tvn_efaar_e0.2_c96,0.29401751923228464,0.0669492116662689,0.01968424112867351,370,57,1480,5817,7297
1309,subcell,Raw,std_ctrl__tvn_efaar_e0.2_c96,0.25215455956650656,0.007789505973881788,0.001964159448084834,370,97,1480,5721,7201
1310,subcell,Raw,std_ctrl__tvn_efaar_e0.2_c96,0.27933695773772227,0.02057976526312343,0.005748689019557354,370,63,1480,5945,7425
1311,subcell,Raw,std_ctrl__tvn_efaar_e0.2_c96,0.2813810198081592,0.058481964094953966,0.016455714697422297,370,68,1480,5561,7041
1312,subcell,Raw,std_ctrl__tvn_efaar_e0.2_c96,0.26398144695294445,0.06703933416753224,0.01769714043630713,370,67,1480,6009,7489
1313,subcell,Raw,std_ctrl__tvn_efaar_e0.2_c96,0.2693340575461617,0.011536918433105134,0.0031072850531673117,370,81,1480,5497,6977
1314,subcell,Raw,std_ctrl__tvn_efaar_e0.2_c96,0.28449510872977396,0.06703405346499063,0.01907086032911999,370,51,1480,5785,7265
1315,subcell,Raw,std_ctrl__tvn_efaar_e0.2_c96,0.27261232587851386,0.04055636143302476,0.011056164019426537,370,56,1480,5369,6849
1316,subcell,Raw,std_ctrl__tvn_efaar_e0.2_c96,0.281350794796226,0.03762697242609644,0.010586378597857913,370,71,1480,5849,7329
1317,subcell,Raw,std_ctrl__tvn_efaar_e0.2_c96,0.27619725846102106,-0.023256057236722607,-0.006423259251395373,370,78,1480,5689,7169
1318,subcell,Raw,std_ctrl__tvn_efaar_e0.2_c96,0.31453325873273075,0.034232164377771504,0.010767154215214974,370,55,1480,5913,7393
1319,subcell,Raw,std_ctrl__tvn_efaar_e0.2_c96,0.27286350171828055,0.036094382760608695,0.009848839672419627,370,71,1480,5689,7169
1320,subcell,Raw,std_ctrl__tvn_efaar_e0.2_c96,0.30670397205724576,-0.007485946810050938,-0.0022959696212518908,370,62,1480,5689,7169
1321,subcell,Raw,std_ctrl__tvn_efaar_e0.2_c96,0.2745151910978231,0.032475079173725156,0.008914902565292095,370,75,1480,5721,7201
1322,subcell,Raw,std_ctrl__tvn_efaar_e0.2_c96,0.27525878084873934,0.004574224594957173,0.00125909548533623,370,65,1480,5689,7169
1323,subcell,Raw,std_ctrl__tvn_efaar_e0.2_c96,0.28681549204851453,-0.03752192317110372,-0.010761868856926673,370,85,1480,5657,7137
1324,subcell,Raw,std_ctrl__tvn_efaar_e0.2_c96,0.2938800905712401,0.0003506961864402234,0.00010306262703404136,370,85,1480,5593,7073
1325,subcell,Raw,std_ctrl__tvn_efaar_e0.2_c96,0.29953204553602863,0.060301174312757416,0.018062134090124856,370,60,1480,5465,6945
1326,subcell,Raw,std_ctrl__tvn_efaar_e0.2_c96,0.274432366856385,-0.029853461517036287,-0.008192756102976274,370,93,1480,5593,7073
1327,subcell,Raw,std_ctrl__tvn_efaar_e0.2_c96,0.27425043310842856,-0.013316703552874358,-0.003652111716952342,370,72,1480,5881,7361
1328,subcell,Raw,std_ctrl__tvn_efaar_e0.2_c96,0.295220968045865,-0.020816450224849906,-0.006145452586658754,370,64,1480,5817,7297
1329,subcell,Raw,std_ctrl__tvn_efaar_e0.2_c96,0.2969007785994861,0.03026007076884138,0.008984238571744557,370,63,1480,5823,7303
1330,subcell,Raw,std_ctrl__tvn_efaar_e0.2_c96,0.2699206988069521,0.07821783665481075,0.021112613129034546,370,114,1480,5849,7329
1331,subcell,Raw,std_ctrl__tvn_efaar_e0.2_c96,0.3046709542017783,0.009141322736904753,0.002785095520919183,370,78,1480,5721,7201
1332,subcell,Raw,std_ctrl__tvn_efaar_e0.2_c96,0.26578091519732333,0.008967154138790095,0.002383298433723097,370,74,1480,5977,7457
1333,subcell,Raw,std_ctrl__tvn_efaar_e0.2_c96,0.32820692699645465,-0.014150282717579352,-0.00464422080686776,370,78,1480,5561,7041
1334,subcell,Raw,std_ctrl__tvn_efaar_e0.2_c96,0.25363194585690807,0.012455632466181454,0.0031591462992760807,370,93,1480,5791,7271
1335,subcell,Raw,std_ctrl__tvn_efaar_e0.2_c96,0.3096393733142595,0.0258559745371514,0.00800602775211301,370,62,1480,5657,7137
1336,subcell,Raw,std_ctrl__tvn_efaar_e0.2_c96,0.2892824530494221,-0.023173250678260426,-0.00670361480133636,370,69,1480,5849,7329
1337,subcell,Raw,std_ctrl__tvn_efaar_e0.2_c96,0.25010959334094063,0.012005469077710006,0.003002682988893287,370,64,1480,5657,7137
1338,subcell,Raw,std_ctrl__tvn_efaar_e0.2_c96,0.2662404505972656,0.06212244674580952,0.01653950821380896,370,54,1480,5721,7201
1339,subcell,Raw,std_ctrl__tvn_efaar_e0.2_c96,0.27884187309113856,-0.01130357829221655,-0.003151910943633996,370,71,1480,5785,7265
1340,subcell,Raw,std_ctrl__tvn_efaar_e0.2_c96,0.27402020594339693,0.005481142936788108,0.0015019439163438727,370,87,1480,5689,7169
1341,subcell,Raw,std_ctrl__tvn_efaar_e0.2_c96,0.30091529062717404,0.06539681316184141,0.019678901038686508,370,63,1480,5529,7009
1342,subcell,Raw,std_ctrl__tvn_efaar_e0.2_c96,0.2589329491409117,0.03670537699884358,0.009504231515639555,370,71,1480,5849,7329
1343,subcell,Raw,std_ctrl__tvn_efaar_e0.2_c96,0.2769237081409092,-0.023072586547329212,-0.006389346223088463,370,103,1480,5561,7041
1344,subcell,Raw,std_ctrl__tvn_efaar_e0.2_c96,0.27417500538799777,0.03337117532781236,0.009149542175306771,370,53,1480,5785,7265
1345,subcell,Raw,std_ctrl__tvn_efaar_e0.2_c96,0.2565618344931797,-0.01782446240447852,-0.0045730767733477215,370,50,1480,5721,7201
1346,subcell,Raw,std_ctrl__tvn_efaar_e0.2_c96,0.3267369668569082,-0.003293626466167577,-0.0010761495215152312,370,86,1480,5529,7009
1347,subcell,Raw,std_ctrl__tvn_efaar_e0.2_c96,0.2966330876557526,-0.026538199757252866,-0.007872108134819061,370,65,1480,5529,7009
1348,subcell,Raw,std_ctrl__tvn_efaar_e0.2_c96,0.30957751453125304,0.019277433971360215,0.0059678600953940375,370,72,1480,5657,7137
1349,subcell,Raw,std_ctrl__tvn_efaar_e0.2_c96,0.27909368930741923,0.11138535157845406,0.031086948706834715,370,83,1480,5913,7393
1350,subcell,Raw,std_ctrl__tvn_efaar_e0.2_c96,0.2931519065335067,0.04289873946878141,0.012575847263157462,370,53,1480,5593,7073
1351,subcell,Raw,std_ctrl__tvn_efaar_e0.2_c96,0.24207485621673847,0.048930532563703694,0.011844851634967011,370,66,1480,5689,7169
1352,subcell,Raw,std_ctrl__tvn_efaar_e0.2_c96,0.2503711580072548,0.0715330439194766,0.017909811041903173,370,61,1480,5529,7009
1353,subcell,Raw,std_ctrl__tvn_efaar_e0.2_c96,0.2718349018918702,-0.0001557469295145405,-4.233745130454514e-05,370,95,1480,5689,7169
1354,subcell,Raw,std_ctrl__tvn_efaar_e0.2_c96,0.2631376645336723,0.0369376902110317,0.009719697535399172,370,58,1480,5785,7265
1355,subcell,Raw,std_ctrl__tvn_efaar_e0.2_c96,0.30807881098344053,0.0623055201520407,0.019195010566145494,370,92,1480,5849,7329
1356,subcell,Raw,std_ctrl__tvn_efaar_e0.2_c96,0.31007061786067047,0.07646950499372887,0.023710946660905136,370,82,1480,5625,7105
1357,subcell,Raw,std_ctrl__tvn_efaar_e0.2_c96,0.29409837082175394,0.027180835163896258,0.007993839339276531,370,88,1480,5721,7201
1358,subcell,Raw,std_ctrl__tvn_efaar_e0.2_c96,0.2837530358226231,0.019549800161621063,0.005547315145585585,370,119,1480,5593,7073
1359,subcell,Raw,std_ctrl__tvn_efaar_e0.2_c96,0.2630527945980174,0.07670609069921074,0.020177751521116373,370,92,1480,5433,6913
1360,subcell,Raw,std_ctrl__tvn_efaar_e0.2_c96,0.27727746955086924,-0.01856471060429272,-0.005147575979302475,370,74,1480,5593,7073
1361,subcell,Raw,std_ctrl__tvn_efaar_e0.2_c96,0.3030507890218469,0.16663593125010834,0.05049915044473557,370,62,1480,5593,7073
1362,subcell,Raw,std_ctrl__tvn_efaar_e0.2_c96,0.27656395320437577,0.010202499903887958,0.0028216437059865175,370,71,1480,5689,7169
1363,subcell,Raw,std_ctrl__tvn_efaar_e0.2_c96,0.2638567850016778,0.005169644897184813,0.001364045882171514,370,77,1480,5593,7073
1364,subcell,Raw,std_ctrl__tvn_efaar_e0.2_c96,0.2923139687793364,-0.01144807810351931,-0.0033464331453355485,370,61,1480,5721,7201
1365,subcell,Raw,std_ctrl__tvn_efaar_e0.2_c96,0.26794223539529577,0.041478292738210756,0.011113786476656654,370,76,1480,5502,6982
1366,subcell,Raw,std_ctrl__tvn_efaar_e0.2_c96,0.27573063390414465,-0.015009840933292046,-0.004138672955336994,370,67,1480,5913,7393
1367,subcell,Raw,std_ctrl__tvn_efaar_e0.2_c96,0.28732748621219106,0.07896516130541173,0.022688861296224133,370,81,1480,5529,7009
1368,subcell,Raw,std_ctrl__tvn_efaar_e0.2_c96,0.28459320656111115,-0.007614992923795756,-0.0021671752541232055,370,77,1480,5598,7078
1369,subcell,Raw,std_ctrl__tvn_efaar_e0.2_c96,0.3008623291051427,0.05062670246416289,0.015231667618281115,370,61,1480,5561,7041
1370,subcell,Raw,std_ctrl__tvn_efaar_e0.2_c96,0.271233884218471,0.05930691392268912,0.016086044624261487,370,100,1480,5753,7233
1371,subcell,Raw,std_ctrl__tvn_efaar_e0.2_c96,0.2480222012605499,-0.012366160300191614,-0.003067082298794347,370,62,1480,5721,7201
1372,subcell,Raw,std_ctrl__tvn_efaar_e0.2_c96,0.323155283542075,0.006042874002176236,0.0019527866615822952,370,61,1480,5561,7041
1373,subcell,Raw,std_ctrl__tvn_efaar_e0.2_c96,0.2527868270641678,-0.024309298167718017,-0.006145070351974225,370,43,1480,5753,7233
1374,subcell,Raw,std_ctrl__tvn_efaar_e0.2_c96,0.27172150076626694,0.02352025016062472,0.00639095767204298,370,57,1480,5817,7297
1375,subcell,Raw,std_ctrl__tvn_efaar_e0.2_c96,0.28605673169453383,0.03592063112343891,0.010275338339575887,370,66,1480,5849,7329
1376,subcell,Raw,std_ctrl__tvn_efaar_e0.2_c96,0.27150680464247867,0.00038865554301502207,0.00010552262459059606,370,84,1480,5849,7329
1377,subcell,Raw,std_ctrl__tvn_efaar_e0.2_c96,0.3114024126062315,0.044674362780319485,0.01391170435143752,370,63,1480,5689,7169
1378,subcell,Raw,std_ctrl__tvn_efaar_e0.2_c96,0.2556992168418929,-0.004790788313128915,-0.0012250008197223568,370,61,1480,5689,7169
1379,subcell,Raw,std_ctrl__tvn_efaar_e0.2_c96,0.2578169472741227,-0.04511931496100204,-0.011632524046345199,370,75,1480,5401,6881
1380,subcell,Raw,std_ctrl__tvn_efaar_e0.2_c96,0.32526086855643793,0.11304378212687634,0.03676871875949253,370,76,1480,5849,7329
1381,subcell,Raw,std_ctrl__tvn_efaar_e0.2_c96,0.29609989883730425,0.015336385246505315,0.004541102120020149,370,76,1480,5785,7265
1382,subcell,Raw,std_ctrl__tvn_efaar_e0.2_c96,0.28281697532335254,0.026974736393396367,0.00762891335692512,370,79,1480,5817,7297
1383,subcell,Raw,std_ctrl__tvn_efaar_e0.2_c96,0.25642416411703284,-0.015752782190696174,-0.004039394005766948,370,89,1480,5817,7297
1384,subcell,Raw,std_ctrl__tvn_efaar_e0.2_c96,0.29766866931539904,0.04443484190054902,0.013226860259776563,370,75,1480,5689,7169
1385,subcell,Raw,std_ctrl__tvn_efaar_e0.2_c96,0.26279520589772776,0.05238505681490438,0.013766541791636963,370,60,1480,5721,7201
1386,subcell,Raw,std_ctrl__tvn_efaar_e0.2_c96,0.2976423341410476,0.0199928495883359,0.005950718417603181,370,70,1480,5785,7265
1387,subcell,Raw,std_ctrl__tvn_efaar_e0.2_c96,0.2884508312583948,-0.0007870428344106318,-0.00022702315982170993,370,79,1480,5657,7137
1388,subcell,Raw,std_ctrl__tvn_efaar_e0.2_c96,0.2623499504774333,0.05327081132177005,0.013975594712159067,370,68,1480,5785,7265
1389,subcell,Raw,std_ctrl__tvn_efaar_e0.2_c96,0.3058601958133659,0.005111842766403823,0.0015635092294994113,370,62,1480,5625,7105
1390,subcell,Raw,std_ctrl__tvn_efaar_e0.2_c96,0.27347217722227596,-0.02555896227560016,-0.006989665061050392,370,82,1480,5689,7169
1391,subcell,Raw,std_ctrl__tvn_efaar_e0.2_c96,0.31988071164104137,0.06159668025283068,0.01970358991400116,370,82,1480,5753,7233
1392,subcell,Raw,std_ctrl__tvn_efaar_e0.2_c96,0.29331114342004266,-0.011044407373156347,-0.003239447755017238,370,65,1480,5561,7041
1393,subcell,Raw,std_ctrl__tvn_efaar_e0.2_c96,0.2584024466232187,0.016814800282020495,0.004344985532354884,370,53,1480,5561,7041
1394,subcell,Raw,std_ctrl__tvn_efaar_e0.2_c96,0.2724280706108237,0.037434121458094737,0.010198105483839983,370,62,1480,5753,7233
1395,subcell,Raw,std_ctrl__tvn_efaar_e0.2_c96,0.2962227516236785,0.03518858636342625,0.010423659878321574,370,75,1480,5721,7201
1396,subcell,Raw,std_ctrl__tvn_efaar_e0.2_c96,0.25177828843801403,0.05546802361316244,0.013965644048361387,370,111,1480,5849,7329
1397,subcell,Raw,std_ctrl__tvn_efaar_e0.2_c96,0.2669611432101825,-0.020808168487403612,-0.005554972447507362,370,87,1480,5593,7073
1398,subcell,Raw,std_ctrl__tvn_efaar_e0.2_c96,0.27341228462160716,-0.0061203133266032154,-0.0016733688492266538,370,80,1480,5849,7329
1399,subcell,Raw,std_ctrl__tvn_efaar_e0.2_c96,0.2844264142243698,0.003917042730015519,0.0011141104180619505,370,52,1480,5689,7169
1400,subcell,Raw,std_ctrl__tvn_efaar_e0.2_c96,0.26563629986585025,-0.0051993958700857915,-0.0013811482804673726,370,57,1480,5497,6977
1401,subcell,Raw,std_ctrl__tvn_efaar_e0.2_c96,0.2622142513811318,0.08618767414399148,0.022599636453947657,370,71,1480,5721,7201
1402,subcell,Raw,std_ctrl__tvn_efaar_e0.2_c96,0.270550320910556,0.07651608570236554,0.0207014515415946,370,68,1480,5689,7169
1403,subcell,Raw,std_ctrl__tvn_efaar_e0.2_c96,0.28821323807277616,0.014987712292287585,0.004319657091063356,370,68,1480,5785,7265
1404,subcell,Raw,std_ctrl__tvn_efaar_e0.2_c96,0.27389078498902386,0.01611277057731149,0.004413139381767891,370,59,1480,5817,7297
1405,subcell,Raw,std_ctrl__tvn_efaar_e0.2_c96,0.26984481675085514,0.05752176937585077,0.015521951316411401,370,58,1480,5817,7297
1406,subcell,Raw,std_ctrl__tvn_efaar_e0.2_c96,0.2579599668590932,-0.007518600516001935,-0.0019394979399346205,370,58,1480,5657,7137
1407,subcell,Raw,std_ctrl__tvn_efaar_e0.2_c96,0.28990857405824866,0.0506158901363843,0.014673980534128146,370,80,1480,5753,7233
1408,subcell,Raw,std_ctrl__tvn_efaar_e0.2_c96,0.2784482822763289,-0.025621940284039673,-0.007134385260677521,370,66,1480,5849,7329
1409,subcell,Raw,std_ctrl__tvn_efaar_e0.2_c96,0.2806535740338364,-0.020571529111108752,-0.0057734731683737805,370,65,1480,5849,7329
1410,subcell,Raw,std_ctrl__tvn_efaar_e0.2_c96,0.30379914775983813,-0.015262160050554268,-0.0046366312163326345,370,69,1480,6041,7521
1411,subcell,Raw,std_ctrl__tvn_efaar_e0.2_c96,0.2970301899507185,0.01972669085358076,0.005859422731338194,370,58,1480,5817,7297
1412,subcell,Raw,std_ctrl__tvn_efaar_e0.2_c96,0.2689937801845162,-0.012829699676623308,-0.0034511094146469686,370,65,1480,5689,7169
1413,subcell,Raw,std_ctrl__tvn_efaar_e0.2_c96,0.2881789154711469,0.021625090890889497,0.006231895239901513,370,75,1480,5721,7201
1414,subcell,Raw,std_ctrl__tvn_efaar_e0.2_c96,0.28197809299159077,0.018358025605812473,0.005176561051417794,370,94,1480,5631,7111
1415,subcell,Raw,std_ctrl__tvn_efaar_e0.2_c96,0.2562631840228292,0.0561810393884737,0.014397132035402252,370,58,1480,5785,7265
1416,subcell,Raw,std_ctrl__tvn_efaar_e0.2_c96,0.2811639706434929,0.0809750077467904,0.022767254700975185,370,70,1480,5849,7329
1417,subcell,Raw,std_ctrl__tvn_efaar_e0.2_c96,0.2996843423402214,0.06843354813066665,0.020508462865546723,370,57,1480,5753,7233
1418,subcell,Raw,std_ctrl__tvn_efaar_e0.2_c96,0.275996458199134,0.02966147321747709,0.008186461552992148,370,92,1480,5817,7297
1419,subcell,Raw,std_ctrl__tvn_efaar_e0.2_c96,0.2943124533985954,-0.012728248307563599,-0.0037460819868655624,370,61,1480,5849,7329
1420,subcell,Raw,std_ctrl__tvn_efaar_e0.2_c96,0.29080594344589067,0.05879977032830596,0.017099322684724704,370,63,1480,5785,7265
1421,subcell,Raw,std_ctrl__tvn_efaar_e0.2_c96,0.3074640058795934,-0.013720983946928202,-0.004218708688932139,370,103,1480,5657,7137
1422,subcell,Raw,std_ctrl__tvn_efaar_e0.2_c96,0.27362412487908455,0.0333665148198421,0.0091298834178443,370,73,1480,5817,7297
1423,subcell,Raw,std_ctrl__tvn_efaar_e0.2_c96,0.2667247597773423,0.03265358790512559,0.008709520389862953,370,71,1480,5823,7303
1424,subcell,Raw,std_ctrl__tvn_efaar_e0.2_c96,0.2723732140100474,0.022175846006805312,0.006040106450265438,370,44,1480,5721,7201
1425,subcell,Raw,std_ctrl__tvn_efaar_e0.2_c96,0.3015373328379219,-0.008296164568656023,-0.002501603336817006,370,86,1480,5497,6977
1426,subcell,Raw,std_ctrl__tvn_efaar_e0.2_c96,0.2840788845015381,0.0041934642884222184,0.0011912746572520201,370,63,1480,5497,6977
1427,subcell,Raw,std_ctrl__tvn_efaar_e0.2_c96,0.2629841394868138,0.038169550795095576,0.010037986470446441,370,73,1480,5721,7201
1428,subcell,Raw,std_ctrl__tvn_efaar_e0.2_c96,0.26062395356015505,0.07539092588321779,0.019648681166244845,370,94,1480,5657,7137
1429,subcell,Raw,std_ctrl__tvn_efaar_e0.2_c96,0.2949151711915945,-0.003242019922329647,-0.0009561208604004078,370,69,1480,5817,7297
1430,subcell,Raw,std_ctrl__tvn_efaar_e0.2_c96,0.27755353673238486,0.04139698251261366,0.01148987890642461,370,77,1480,5567,7047
1431,subcell,Raw,std_ctrl__tvn_efaar_e0.2_c96,0.2591791047518754,0.04239210633670806,0.0109871481688943,370,64,1480,5529,7009
1432,subcell,Raw,std_ctrl__tvn_efaar_e0.2_c96,0.2819469573292536,0.03813525664967071,0.010752119579344844,370,59,1480,5752,7232
1433,subcell,Raw,std_ctrl__tvn_efaar_e0.2_c96,0.2758308222262751,0.04698435444615693,0.012959733118654209,370,65,1480,5721,7201
1434,subcell,Raw,std_ctrl__tvn_efaar_e0.2_c96,0.2928982447111734,0.0951062347891325,0.027856449230825645,370,63,1480,5625,7105
1435,subcell,Raw,std_ctrl__tvn_efaar_e0.2_c96,0.30037537141824056,0.012100043392711202,0.0036345550282624547,370,88,1480,5785,7265
1436,subcell,Raw,std_ctrl__tvn_efaar_e0.2_c96,0.23595729726111564,0.02405653265277997,0.005676314426223739,370,92,1480,5721,7201
1437,subcell,Raw,std_ctrl__tvn_efaar_e0.2_c96,0.26869732625134013,0.0719564766843739,0.019334512891558162,370,52,1480,5753,7233
1438,subcell,Raw,std_ctrl__tvn_efaar_e0.2_c96,0.26325257055569296,0.01946018604851013,0.005122944000762325,370,64,1480,5689,7169
1439,subcell,Raw,std_ctrl__tvn_efaar_e0.2_c96,0.2741597350245668,0.0024301115879349668,0.0006662387490283798,370,58,1480,5721,7201
1440,subcell,Raw,std_ctrl__tvn_efaar_e0.2_c96,0.28496339191775466,0.045397789614789096,0.012936708114198918,370,81,1480,5657,7137
1441,subcell,Raw,std_ctrl__tvn_efaar_e0.2_c96,0.33867914818095646,0.08962462133935367,0.030353990411253074,370,76,1480,5593,7073
1442,subcell,Raw,std_ctrl__tvn_efaar_e0.2_c96,0.2908496732638251,-0.013718787871158808,-0.003990104969902266,370,57,1480,5785,7265
1443,subcell,Raw,std_ctrl__tvn_efaar_e0.2_c96,0.28468371861646713,-0.01215921792859652,-0.0034615313753808743,370,62,1480,5657,7137
1444,subcell,Raw,std_ctrl__tvn_efaar_e0.2_c96,0.26612732315366566,0.021869386108431945,0.005820041184050955,370,82,1480,5721,7201
1445,subcell,Raw,std_ctrl__tvn_efaar_e0.2_c96,0.3151745065302741,0.017832663020312074,0.005620400767547526,370,85,1480,5817,7297
1446,subcell,Raw,std_ctrl__tvn_efaar_e0.2_c96,0.2948523570028675,0.06162061825313515,0.018168984531910817,370,87,1480,5657,7137
1447,subcell,Raw,std_ctrl__tvn_efaar_e0.2_c96,0.28979690260598656,0.024229837783328725,0.007021731940254168,370,55,1480,5721,7201
1448,subcell,Raw,std_ctrl__tvn_efaar_e0.2_c96,0.29426031507854894,0.02626780848744584,0.007729573601938795,370,68,1480,5657,7137
1449,subcell,Raw,std_ctrl__tvn_efaar_e0.2_c96,0.30236582022522046,0.07331922257821358,0.022169226873137052,370,74,1480,5625,7105
1450,subcell,Raw,std_ctrl__tvn_efaar_e0.2_c96,0.2855554483686458,-0.024445356697197763,-0.006980504792199786,370,83,1480,5881,7361
1451,subcell,Raw,std_ctrl__tvn_efaar_e0.2_c96,0.29865655950608644,0.05659748791639291,0.016903211017797206,370,70,1480,5689,7169
1452,subcell,Raw,std_ctrl__tvn_efaar_e0.2_c96,0.2855439007876565,0.006798768809025614,0.0019413469662826236,370,63,1480,5913,7393
1453,subcell,Raw,std_ctrl__tvn_efaar_e0.2_c96,0.25892309229517574,0.049218883298131615,0.012743905462867616,370,56,1480,5657,7137
1454,subcell,Raw,std_ctrl__tvn_efaar_e0.2_c96,0.3029087033583324,0.05475178411138292,0.016584791931734347,370,79,1480,5785,7265
1455,subcell,Raw,std_ctrl__tvn_efaar_e0.2_c96,0.3488285172120175,0.00275646479827918,0.0009615335283308493,370,81,1480,5657,7137
1456,subcell,Raw,std_ctrl__tvn_efaar_e0.2_c96,0.27479270549022855,0.04025988835322871,0.01106312364331826,370,79,1480,5753,7233
1457,subcell,Raw,std_ctrl__tvn_efaar_e0.2_c96,0.2993543960158276,0.04813594131012996,0.014409705637547277,370,76,1480,5887,7367
1458,subcell,Raw,std_ctrl__tvn_efaar_e0.2_c96,0.2870648175529354,-0.014948081731325684,-0.0042910683549693745,370,85,1480,5721,7201
1459,subcell,Raw,std_ctrl__tvn_efaar_e0.2_c96,0.29198993143608415,0.040723177285618146,0.011890757743487142,370,85,1480,5817,7297
1460,subcell,Raw,std_ctrl__tvn_efaar_e0.2_c96,0.2811716311308762,0.0017570523835750557,0.0004940332846721923,370,40,1480,5657,7137
1461,subcell,Raw,std_ctrl__tvn_efaar_e0.2_c96,0.2882773038536913,0.009458299038708198,0.00272661294592076,370,81,1480,5785,7265
1462,subcell,Raw,std_ctrl__tvn_efaar_e0.2_c96,0.30833905046123516,-0.019540339856784005,-0.006025049837130608,370,75,1480,5817,7297
1463,subcell,Raw,std_ctrl__tvn_efaar_e0.2_c96,0.2675948855263595,0.07318175971336865,0.019583064613116433,370,79,1480,5849,7329
1464,subcell,Raw,std_ctrl__tvn_efaar_e0.2_c96,0.3143313214215126,0.04409207248783638,0.013859519409314729,370,94,1480,5721,7201
1465,subcell,Raw,std_ctrl__tvn_efaar_e0.2_c96,0.2785982740229304,0.02826150358891507,0.007873606121164592,370,78,1480,5561,7041
1466,subcell,Raw,std_ctrl__tvn_efaar_e0.2_c96,0.2812529540772686,-0.01712549249488076,-0.004816595354213306,370,57,1480,5625,7105
1467,subcell,Raw,std_ctrl__tvn_efaar_e0.2_c96,0.2651025840120716,-0.007645378608146193,-0.002026809624770171,370,75,1480,5657,7137
1468,subcell,Raw,std_ctrl__tvn_efaar_e0.2_c96,0.2925605163949665,-0.012896239169608843,-0.003772930391013757,370,90,1480,5785,7265
1469,subcell,Raw,std_ctrl__tvn_efaar_e0.2_c96,0.28540933705565,0.014710318065002847,0.004198462126810215,370,70,1480,5881,7361
1470,subcell,Raw,std_ctrl__tvn_efaar_e0.2_c96,0.2783057927975723,-0.0068782877531170334,-0.001914267326221068,370,102,1480,5689,7169
1471,subcell,Raw,std_ctrl__tvn_efaar_e0.2_c96,0.2835542759964279,-0.012241501638481185,-0.0034711301342086184,370,67,1480,5881,7361
1472,subcell,Raw,std_ctrl__tvn_efaar_e0.2_c96,0.31959145956149027,-0.004487274660824666,-0.0014340946583062462,370,67,1480,5657,7137
1473,subcell,Raw,std_ctrl__tvn_efaar_e0.2_c96,0.3116922382435738,-0.0016292601073509302,-0.0005078277295411768,370,82,1480,5497,6977
1474,subcell,Raw,std_ctrl__tvn_efaar_e0.2_c96,0.26043495787345555,0.005437475130513135,0.0014161086065531505,370,84,1480,5593,7073
1475,subcell,Raw,std_ctrl__tvn_efaar_e0.2_c96,0.2645226301785223,0.013251407304177076,0.0035052971136678014,370,84,1480,5593,7073
1476,subcell,Raw,std_ctrl__tvn_efaar_e0.2_c96,0.28314828247820034,0.011021139375913931,0.003120616685242894,370,79,1480,5657,7137
1477,subcell,Raw,std_ctrl__tvn_efaar_e0.2_c96,0.27987295643096355,-0.004685516961111639,-0.0013113494843137385,370,58,1480,5689,7169
1478,subcell,Raw,std_ctrl__tvn_efaar_e0.2_c96,0.2915201333502334,0.050195190348896156,0.014632908584050556,370,48,1480,5657,7137
1479,subcell,Raw,std_ctrl__tvn_efaar_e0.2_c96,0.29035325530925343,0.0903052296121704,0.026220417389343265,370,84,1480,5497,6977
1480,subcell,Raw,std_ctrl__tvn_efaar_e0.2_c96,0.2849039071543459,0.009965949339555115,0.002839337905341525,370,51,1480,5689,7169
1481,subcell,Raw,std_ctrl__tvn_efaar_e0.2_c96,0.3160616779905857,0.025089267244609664,0.00792975590488557,370,50,1480,6041,7521
1482,subcell,Raw,std_ctrl__tvn_efaar_e0.2_c96,0.28176275859555927,0.02276575584844566,0.006414542169371036,370,70,1480,5689,7169
1483,subcell,Raw,std_ctrl__tvn_efaar_e0.2_c96,0.2807755145432865,-0.012768908939173545,-0.0035851969775528222,370,73,1480,5753,7233
1484,subcell,Raw,std_ctrl__tvn_efaar_e0.2_c96,0.3061751566315997,0.056636904647447514,0.017340813151561222,370,67,1480,5753,7233
1485,subcell,Raw,std_ctrl__tvn_efaar_e0.2_c96,0.29440995220379307,-0.014359587611619554,-0.004227605502403092,370,62,1480,5593,7073
1486,subcell,Raw,std_ctrl__tvn_efaar_e0.2_c96,0.2679169093997409,0.02470276330458009,0.006618287998196428,370,92,1480,5529,7009
1487,subcell,Raw,std_ctrl__tvn_efaar_e0.2_c96,0.2859538743824742,0.0756896813679845,0.02164375763795014,370,86,1480,5753,7233
1488,subcell,Raw,std_ctrl__tvn_efaar_e0.2_c96,0.2737195174243093,0.010580326873527496,0.002896041966013397,370,76,1480,5849,7329
1489,subcell,Raw,std_ctrl__tvn_efaar_e0.2_c96,0.30449278762904675,0.023189256592719944,0.007060961382962546,370,61,1480,5785,7265
1490,subcell,Raw,std_ctrl__tvn_efaar_e0.2_c96,0.3098944846631758,0.03496930381913856,0.010836794386061971,370,70,1480,5497,6977
1491,subcell,Raw,std_ctrl__tvn_efaar_e0.2_c96,0.31175835309936445,-0.005892411496708345,-0.0018370085039975546,370,102,1480,5625,7105
1492,subcell,Raw,std_ctrl__tvn_efaar_e0.2_c96,0.30671898572503664,0.07066667625598888,0.02167481126579644,370,66,1480,5689,7169
1493,subcell,Raw,std_ctrl__tvn_efaar_e0.2_c96,0.27142366516972993,-0.01458427547544743,-0.003958517503390947,370,62,1480,5477,6957
1494,subcell,Raw,std_ctrl__tvn_efaar_e0.2_c96,0.3029044243506225,0.07060897838889325,0.021387771952873256,370,52,1480,5497,6977
1495,subcell,Raw,std_ctrl__tvn_efaar_e0.2_c96,0.2704830528423354,0.06978527934315705,0.018875735400192287,370,65,1480,5657,7137
1496,subcell,Raw,std_ctrl__tvn_efaar_e0.2_c96,0.25765697918330416,-0.04759984811240869,-0.012264433074227324,370,97,1480,5785,7265
1497,subcell,Raw,std_ctrl__tvn_efaar_e0.2_c96,0.30140939084226753,0.035337775344218725,0.010651137340221866,370,65,1480,5497,6977
1498,subcell,Raw,std_ctrl__tvn_efaar_e0.2_c96,0.26985055468146574,0.022055983270540883,0.005951819319600586,370,58,1480,5433,6913
1499,subcell,Raw,std_ctrl__tvn_efaar_e0.2_c96,0.2583348026105938,0.1185046288675337,0.03061386990693599,370,70,1480,5657,7137
1500,subcell,Raw,std_ctrl__tvn_efaar_e0.2_c96,0.28239279405534246,0.14725777600493914,0.04158453481241053,370,71,1480,5721,7201
1501,subcell,Raw,std_ctrl__tvn_efaar_e0.2_c96,0.27990733952179764,-0.009027488780665343,-0.002526860367158913,370,44,1480,5913,7393
1502,subcell,Raw,std_ctrl__tvn_efaar_e0.2_c96,0.2700812743535508,0.029689054178158338,0.008018457586788616,370,72,1480,5945,7425
1503,subcell,Raw,std_ctrl__tvn_efaar_e0.2_c96,0.2936602850694958,0.18740540663053612,0.05503352513468802,370,50,1480,5657,7137
1504,subcell,Raw,std_ctrl__tvn_efaar_e0.2_c96,0.28399270725820547,0.01988980601056297,0.005648559855780305,370,67,1480,5657,7137
1505,subcell,Raw,std_ctrl__tvn_efaar_e0.2_c96,0.2681960426864757,-0.010485220212737381,-0.002812094567752412,370,83,1480,5529,7009
1506,subcell,Raw,std_ctrl__tvn_efaar_e0.2_c96,0.26159285041199626,0.04372875626175349,0.011439129995483525,370,57,1480,5369,6849
1507,subcell,Raw,std_ctrl__tvn_efaar_e0.2_c96,0.29000449501788006,0.031202806488954262,0.009048954138969811,370,74,1480,5497,6977
1508,subcell,Raw,std_ctrl__tvn_efaar_e0.2_c96,0.26837353895686694,0.018100630443804385,0.004857730249554188,370,74,1480,5945,7425
1509,subcell,Raw,std_ctrl__tvn_efaar_e0.2_c96,0.3076449480626724,0.03500597577028871,0.010769411597733638,370,57,1480,5721,7201
1510,subcell,Raw,std_ctrl__tvn_efaar_e0.2_c96,0.2831681149150098,0.03610932336836379,0.010225009029076087,370,50,1480,5721,7201
1511,subcell,Raw,std_ctrl__tvn_efaar_e0.2_c96,0.32321232395003724,0.08826837504265012,0.02852942662882841,370,72,1480,5945,7425
1512,subcell,Raw,std_ctrl__tvn_efaar_e0.2_c96,0.296565536561898,0.06440661464846306,0.019100782231356847,370,58,1480,5311,6791
1513,subcell,Raw,std_ctrl__tvn_efaar_e0.2_c96,0.2751710977308671,0.10515334652324548,0.02893516179287572,370,97,1480,5724,7204
1514,subcell,Raw,std_ctrl__tvn_efaar_e0.2_c96,0.2980550127612549,0.010028837103525222,0.0029891451708717568,370,59,1480,5753,7233
1515,subcell,Raw,std_ctrl__tvn_efaar_e0.2_c96,0.3044016879556661,0.004925666336165626,0.001499381147035218,370,61,1480,5689,7169
1516,subcell,Raw,std_ctrl__tvn_efaar_e0.2_c96,0.2978409811664005,0.02472627941494181,0.00736449932154084,370,99,1480,5593,7073
1517,subcell,Raw,std_ctrl__tvn_efaar_e0.2_c96,0.2937790678886217,0.08545905914174362,0.025106082737300035,370,70,1480,5721,7201
1518,subcell,Raw,std_ctrl__tvn_efaar_e0.2_c96,0.2817562591488744,-0.0016588658765367195,-0.0004673958438027047,370,96,1480,5849,7329
1519,subcell,Raw,std_ctrl__tvn_efaar_e0.2_c96,0.24228516542769069,0.002072869364814101,0.0005022254969639766,370,96,1480,5913,7393
1520,subcell,Raw,std_ctrl__tvn_efaar_e0.2_c96,0.29373688895731415,0.06407116925067145,0.01882006592754976,370,69,1480,5657,7137
1521,subcell,Raw,std_ctrl__tvn_efaar_e0.2_c96,0.3022708579247111,-0.005393175269657714,-0.0016301997156977722,370,57,1480,5849,7329
1522,subcell,Raw,std_ctrl__tvn_efaar_e0.2_c96,0.27764373097072864,0.05404302295607216,0.01500470652646061,370,47,1480,5785,7265
1523,subcell,Raw,std_ctrl__tvn_efaar_e0.2_c96,0.2797862073267906,0.06437970059469156,0.018012552258223076,370,77,1480,5497,6977
1524,subcell,Raw,std_ctrl__tvn_efaar_e0.2_c96,0.25242691536902623,0.09227160649041433,0.023291837002519907,370,90,1480,5822,7302
1525,subcell,Raw,std_ctrl__tvn_efaar_e0.2_c96,0.26516080757546373,0.08689940143207833,0.0230423154615543,370,51,1480,5625,7105
1526,subcell,Raw,std_ctrl__tvn_efaar_e0.2_c96,0.2586325249207618,0.008284545683229233,0.002142652967874974,370,50,1480,5721,7201
1527,subcell,Raw,std_ctrl__tvn_efaar_e0.2_c96,0.27574976188850586,-0.013907683792135828,-0.003835040494102087,370,59,1480,5753,7233
1528,subcell,Raw,std_ctrl__tvn_efaar_e0.2_c96,0.31271023232109524,0.04181285770896565,0.013075308448179546,370,69,1480,5369,6849
1529,subcell,Raw,std_ctrl__tvn_efaar_e0.2_c96,0.28273618181696986,0.008425961011043504,0.002382324044401095,370,96,1480,5817,7297
1530,subcell,Raw,std_ctrl__tvn_efaar_e0.2_c96,0.2993009468015852,0.0828625429688474,0.024800837564963065,370,80,1480,5849,7329
1531,subcell,Raw,std_ctrl__tvn_efaar_e0.2_c96,0.28508147296307956,-0.03613296406259822,-0.01030083861748752,370,47,1480,5625,7105
1532,subcell,Raw,std_ctrl__tvn_efaar_e0.2_c96,0.29140316835773633,0.19704935118548303,0.05742080525828602,370,63,1480,5593,7073
1533,subcell,Raw,std_ctrl__tvn_efaar_e0.2_c96,0.25321196775375054,0.01826630752769454,0.00462524767268268,370,65,1480,5849,7329
1534,subcell,Raw,std_ctrl__tvn_efaar_e0.2_c96,0.31065872842571646,0.012645492195639884,0.003928432525814807,370,84,1480,5689,7169
1535,subcell,Raw,std_ctrl__tvn_efaar_e0.2_c96,0.2869147283380247,0.04966190064407012,0.014248730732043354,370,86,1480,5913,7393
1536,subcell,Raw,std_ctrl__tvn_efaar_e0.2_c96,0.28739540742132613,0.02008474789595918,0.005772264304513811,370,77,1480,5689,7169
1537,subcell,Raw,std_ctrl__tvn_efaar_e0.2_c96,0.29238864437510337,-0.023440819440407677,-0.00685382941922237,370,66,1480,5657,7137
1538,subcell,Raw,std_ctrl__tvn_efaar_e0.2_c96,0.2807120378614843,-0.0028184398330378603,-0.0007911699891220394,370,59,1480,5785,7265
1539,subcell,Raw,std_ctrl__tvn_efaar_e0.2_c96,0.2530638154344066,-0.03427465266425588,-0.008673674375905643,370,66,1480,5689,7169
1540,subcell,Raw,std_ctrl__tvn_efaar_e0.2_c96,0.29285524073027824,0.026856851469415424,0.007865169702332982,370,92,1480,5753,7233
1541,subcell,Raw,std_ctrl__tvn_efaar_e0.2_c96,0.29116802840729,0.02407828571334258,0.007010826978581378,370,75,1480,5849,7329
1542,subcell,Raw,std_ctrl__tvn_efaar_e0.2_c96,0.26155435106085334,0.08443815934616077,0.02208516797255801,370,85,1480,5625,7105
1543,subcell,Raw,std_ctrl__tvn_efaar_e0.2_c96,0.2870400583102111,-0.014154802459779521,-0.004062995323424633,370,64,1480,5817,7297
1544,subcell,Raw,std_ctrl__tvn_efaar_e0.2_c96,0.27960267337899664,0.0007827200599572055,0.0002188506212714032,370,60,1480,5497,6977
1545,subcell,Raw,std_ctrl__tvn_efaar_e0.2_c96,0.2875354170805507,0.018050544627238117,0.005190170877924005,370,103,1480,5465,6945
1546,subcell,Raw,std_ctrl__tvn_efaar_e0.2_c96,0.2698606140466271,-0.005729791283721842,-0.0015462449941841879,370,57,1480,5529,7009
1547,subcell,Raw,std_ctrl__tvn_efaar_e0.2_c96,0.29791113804457664,0.007671273269615636,0.0022853577500021346,370,79,1480,5529,7009
1548,subcell,Raw,std_ctrl__tvn_efaar_e0.2_c96,0.2994847893943987,0.053464224837672665,0.01601172211564518,370,63,1480,5849,7329
1549,subcell,Raw,std_ctrl__tvn_efaar_e0.2_c96,0.31561186068216635,0.011913107500186444,0.003759918024640515,370,68,1480,5689,7169
1550,subcell,Raw,std_ctrl__tvn_efaar_e0.2_c96,0.28574868904781714,-0.008662946681799255,-0.0024754256576152746,370,66,1480,5593,7073
1551,subcell,Raw,std_ctrl__tvn_efaar_e0.2_c96,0.2848948118340971,0.08212945387211754,0.023398255306934082,370,64,1480,5625,7105
1552,subcell,Raw,std_ctrl__tvn_efaar_e0.2_c96,0.27314503192402484,0.011839645273603552,0.0032339402862275723,370,79,1480,5657,7137
1553,subcell,Raw,std_ctrl__tvn_efaar_e0.2_c96,0.3036823394732251,0.020793653570621004,0.006314665362521967,370,64,1480,5817,7297
1554,subcell,Raw,std_ctrl__tvn_efaar_e0.2_c96,0.2698243762863779,0.008890129733342697,0.0023987737104041763,370,80,1480,5625,7105
1555,subcell,Raw,std_ctrl__tvn_efaar_e0.2_c96,0.25637116771428314,0.014182318230866974,0.0036359374857429325,370,91,1480,5881,7361
1556,subcell,Raw,std_ctrl__tvn_efaar_e0.2_c96,0.30583204032443223,0.018136036701019327,0.005546581107671525,370,59,1480,5881,7361
1557,subcell,Raw,std_ctrl__tvn_efaar_e0.2_c96,0.3202527683352147,0.025998672481705076,0.008326146835306617,370,114,1480,5785,7265
1558,subcell,Raw,std_ctrl__tvn_efaar_e0.2_c96,0.28736261943214486,0.08606092275150917,0.024730692192621147,370,69,1480,5689,7169
1559,subcell,Raw,std_ctrl__tvn_efaar_e0.2_c96,0.30176011119924134,0.025771089813684214,0.007776686927902984,370,52,1480,5593,7073
1560,subcell,Raw,std_ctrl__tvn_efaar_e0.2_c96,0.28084028222162816,-0.005950197632061211,-0.001671055182262534,370,73,1480,5593,7073
1561,subcell,Raw,std_ctrl__tvn_efaar_e0.2_c96,0.31754813471388726,-0.00592679758870962,-0.0018820435191215046,370,90,1480,5721,7201
1562,subcell,Raw,std_ctrl__tvn_efaar_e0.2_c96,0.31401548242946786,0.055453281750083475,0.017413189021049668,370,106,1480,5849,7329
1563,subcell,Raw,std_ctrl__tvn_efaar_e0.2_c96,0.28787177310705503,-0.008041490862836483,-0.00231491823310892,370,78,1480,5689,7169
1564,subcell,Raw,std_ctrl__tvn_efaar_e0.2_c96,0.2816608857381375,0.07420769601361875,0.020901405387782315,370,78,1480,5305,6785
1565,subcell,Raw,std_ctrl__tvn_efaar_e0.2_c96,0.33058620872290495,0.04466653556577439,0.01476614064947615,370,84,1480,5785,7265
1566,subcell,Raw,std_ctrl__tvn_efaar_e0.2_c96,0.24819394889504853,-0.030699057150236048,-0.00761932022147186,370,76,1480,5625,7105
1567,subcell,Raw,std_ctrl__tvn_efaar_e0.2_c96,0.278053074377767,0.020281555078258354,0.0056393487426717485,370,70,1480,5689,7169
1568,subcell,Raw,std_ctrl__tvn_efaar_e0.2_c96,0.2773487618614581,0.008095770365046115,0.002245351887060225,370,94,1480,5753,7233
1569,subcell,Raw,std_ctrl__tvn_efaar_e0.2_c96,0.2943261306408714,0.00548868440885019,0.001615463244365755,370,58,1480,5689,7169
1570,subcell,Raw,std_ctrl__tvn_efaar_e0.2_c96,0.28110668590176063,-0.032921613612435306,-0.009254485697129979,370,75,1480,5497,6977
1571,subcell,Raw,std_ctrl__tvn_efaar_e0.2_c96,0.30226704910379393,0.026181414583789635,0.007913778927605128,370,55,1480,5497,6977
1572,subcell,Raw,std_ctrl__tvn_efaar_e0.2_c96,0.26759336685801227,-0.06593945618662149,-0.017644961089764433,370,96,1480,5753,7233
1573,subcell,Raw,std_ctrl__tvn_efaar_e0.2_c96,0.2729557417913301,-0.03623091526736361,-0.009889436352582062,370,42,1480,5785,7265
1574,subcell,Raw,std_ctrl__tvn_efaar_e0.2_c96,0.29480665922757926,-0.018378319191630015,-0.005418050883102549,370,81,1480,5689,7169
1575,subcell,Raw,std_ctrl__tvn_efaar_e0.2_c96,0.2763205139149346,-0.014084126206636594,-0.003891732991460622,370,76,1480,5625,7105
1576,subcell,Raw,std_ctrl__tvn_efaar_e0.2_c96,0.31655229477072666,0.2040913967846697,0.0646055999951501,370,60,1480,5593,7073
1577,subcell,Raw,std_ctrl__tvn_efaar_e0.2_c96,0.28331875008588386,0.015800549419246992,0.004476591912131296,370,70,1480,5529,7009
1578,subcell,Raw,std_ctrl__tvn_efaar_e0.2_c96,0.29306122167450366,0.051884815079076316,0.015205427293429814,370,67,1480,5689,7169
1579,subcell,Raw,std_ctrl__tvn_efaar_e0.2_c96,0.25699676818801775,-0.004704615421886656,-0.0012090709589923784,370,50,1480,5529,7009
1580,subcell,Raw,std_ctrl__tvn_efaar_e0.2_c96,0.3097391266570886,-0.041217500103593055,-0.01276667248507537,370,53,1480,5625,7105
1581,subcell,Raw,std_ctrl__tvn_efaar_e0.2_c96,0.261691874024411,0.0022791846118797583,0.0005964440923304138,370,53,1480,5657,7137
1582,subcell,Raw,std_ctrl__tvn_efaar_e0.2_c96,0.27185911798128515,0.005696300313959611,0.0015485911791095776,370,58,1480,5721,7201
1583,subcell,Raw,std_ctrl__tvn_efaar_e0.2_c96,0.26053446888495774,0.13160177040718735,0.0342867973573567,370,101,1480,5849,7329
1584,subcell,Raw,std_ctrl__tvn_efaar_e0.2_c96,0.2545972518679304,0.03432320087391202,0.008738592617808948,370,82,1480,5628,7108
1585,subcell,Raw,std_ctrl__tvn_efaar_e0.2_c96,0.2628512334112047,-0.028904267941584946,-0.007597522479293546,370,120,1480,5913,7393
1586,subcell,Raw,std_ctrl__tvn_efaar_e0.2_c96,0.2770247720929939,-0.008126733987386326,-0.0022513066307160846,370,69,1480,5849,7329
1587,subcell,Raw,std_ctrl__tvn_efaar_e0.2_c96,0.2968614620050231,0.011265427603910978,0.0033442713086087573,370,57,1480,5785,7265
1588,subcell,Raw,std_ctrl__tvn_efaar_e0.2_c96,0.26215906113413157,0.08020857150835266,0.021027403801539588,370,68,1480,5689,7169
1589,subcell,Raw,std_ctrl__tvn_efaar_e0.2_c96,0.26736028795754047,-0.05189467963348508,-0.013874576490272883,370,80,1480,5625,7105
1590,subcell,Raw,std_ctrl__tvn_efaar_e0.2_c96,0.29678027782411676,-0.0018455331687325979,-0.0005477178465500829,370,100,1480,5689,7169
1591,subcell,Raw,std_ctrl__tvn_efaar_e0.2_c96,0.3066259209118461,0.03272880623476192,0.010035500352079244,370,86,1480,5785,7265
1592,subcell,Raw,std_ctrl__tvn_efaar_e0.2_c96,0.2796876259728904,0.06810928967097848,0.019049325534775875,370,74,1480,5753,7233
1593,subcell,Raw,std_ctrl__tvn_efaar_e0.2_c96,0.271022190653395,0.08131783201913761,0.02203893697301146,370,67,1480,5689,7169
1594,subcell,Raw,std_ctrl__tvn_efaar_e0.2_c96,0.2729762069448405,-0.009795513128362954,-0.002673942018858908,370,97,1480,5721,7201
1595,subcell,Raw,std_ctrl__tvn_efaar_e0.2_c96,0.30292905878493187,0.09167749230911573,0.02777177645696326,370,64,1480,5689,7169
1596,subcell,Raw,std_ctrl__tvn_efaar_e0.2_c96,0.28101436924070156,-0.02424297175761431,-0.006812623416986127,370,89,1480,5817,7297
1597,subcell,Raw,std_ctrl__tvn_efaar_e0.2_c96,0.3224437118572916,-0.03239241244070221,-0.010444729703392332,370,93,1480,5631,7111
1598,subcell,Raw,std_ctrl__tvn_efaar_e0.2_c96,0.28555979977651447,0.008631813950089997,0.002464899063295824,370,84,1480,5753,7233
1599,subcell,Raw,std_ctrl__tvn_efaar_e0.2_c96,0.2828318103268504,0.01090843426348533,0.003085252210572999,370,63,1480,5657,7137
1600,subcell,Raw,std_ctrl__tvn_efaar_e0.2_c96,0.2724724083486224,-0.030931133623077256,-0.00842788047123291,370,63,1480,5625,7105
1601,subcell,Raw,std_ctrl__tvn_efaar_e0.2_c96,0.2868707887199148,0.10605237770894836,0.030423329238988325,370,68,1480,5753,7233
1602,subcell,Raw,std_ctrl__tvn_efaar_e0.2_c96,0.2718675582759517,0.008853806810125013,0.00240706283891568,370,84,1480,5881,7361
1603,subcell,Raw,std_ctrl__tvn_efaar_e0.2_c96,0.27814660928974844,0.06067231736893879,0.016875799353921837,370,76,1480,5817,7297
1604,subcell,Raw,std_ctrl__tvn_efaar_e0.2_c96,0.24754588507978484,0.0012183514553023161,0.0003015978893410558,370,64,1480,5625,7105
1605,subcell,Raw,std_ctrl__tvn_efaar_e0.2_c96,0.2574491835043781,0.02999435945079092,0.00772202335034295,370,74,1480,5503,6983
1606,subcell,Raw,std_ctrl__tvn_efaar_e0.2_c96,0.2709760348455983,0.011913385963778849,0.003228242090049999,370,84,1480,5881,7361
1607,subcell,Raw,std_ctrl__tvn_efaar_e0.2_c96,0.26547426765189336,0.005518610076264128,0.0014650489684525788,370,73,1480,5753,7233
1608,subcell,Raw,std_ctrl__tvn_efaar_e0.2_c96,0.2964242270576776,0.03713528640725856,0.0110077985698371,370,72,1480,5785,7265
1609,subcell,Raw,std_ctrl__tvn_efaar_e0.2_c96,0.28925528320462723,0.00896757442379791,0.0025939182796142365,370,108,1480,5593,7073
1610,subcell,Raw,std_ctrl__tvn_efaar_e0.2_c96,0.28359405861217957,-0.0029947226421164707,-0.0008492855484955996,370,65,1480,5625,7105
1611,subcell,Raw,std_ctrl__tvn_efaar_e0.2_c96,0.29603759101166,0.08366327032635086,0.024767473003570205,370,48,1480,5657,7137
1612,subcell,Raw,std_ctrl__tvn_efaar_e0.2_c96,0.27938474962953863,0.08159211301279247,0.022795592065824044,370,95,1480,5657,7137
1613,subcell,Raw,std_ctrl__tvn_efaar_e0.2_c96,0.24613516518286407,0.01601323166844682,0.003941419421824629,370,49,1480,5529,7009
1614,subcell,Raw,std_ctrl__tvn_efaar_e0.2_c96,0.2760864610335252,-0.022352265038628007,-0.006171157750598198,370,88,1480,5753,7233
1615,subcell,Raw,std_ctrl__tvn_efaar_e0.2_c96,0.31407804967637193,0.07411607477931696,0.02327823221635601,370,49,1480,5977,7457
1616,subcell,Raw,std_ctrl__tvn_efaar_e0.2_c96,0.2891130933932708,0.05685927916243854,0.01643876208676415,370,72,1480,5657,7137
1617,subcell,Raw,std_ctrl__tvn_efaar_e0.2_c96,0.2948256935021506,0.05654549470369721,0.016671064690439715,370,73,1480,5689,7169
1618,subcell,Raw,std_ctrl__tvn_efaar_e0.2_c96,0.2892046249561746,-0.038155039623350165,-0.011034613924458966,370,46,1480,5753,7233
1619,subcell,Raw,std_ctrl__tvn_efaar_e0.2_c96,0.2811077857219386,0.0007631389002509097,0.00021452428644780862,370,48,1480,5785,7265
1620,subcell,Raw,std_ctrl__tvn_efaar_e0.2_c96,0.25219214890178043,0.05205990541510535,0.013129099418258855,370,52,1480,5561,7041
1621,subcell,Raw,std_ctrl__tvn_efaar_e0.2_c96,0.27665608606672853,0.006073408903157347,0.0016802455362303344,370,71,1480,5625,7105
1622,subcell,Raw,std_ctrl__tvn_efaar_e0.2_c96,0.2393437691365714,0.06104041910098064,0.014609643977304673,370,65,1480,5305,6785
1623,subcell,Raw,std_ctrl__tvn_efaar_e0.2_c96,0.2614510811226465,0.01554015168857707,0.004062989459788395,370,68,1480,5753,7233
1624,subcell,Raw,std_ctrl__tvn_efaar_e0.2_c96,0.2769008013610628,0.0267351279046709,0.007402978341293885,370,72,1480,5689,7169
1625,subcell,Raw,std_ctrl__tvn_efaar_e0.2_c96,0.29139897618313354,0.01994771895673728,0.005812744881182128,370,70,1480,5913,7393
1626,subcell,Raw,std_ctrl__tvn_efaar_e0.2_c96,0.3002202538778405,0.047916896785338364,0.014385622917932564,370,54,1480,5593,7073
1627,subcell,Raw,std_ctrl__tvn_efaar_e0.2_c96,0.278395743448852,-0.009337041975947586,-0.002599392742507066,370,61,1480,5529,7009
1628,subcell,Raw,std_ctrl__tvn_efaar_e0.2_c96,0.27039252650548923,-0.00875862935817985,-0.0023682679208834015,370,94,1480,5849,7329
1629,subcell,Raw,std_ctrl__tvn_efaar_e0.2_c96,0.28117376354412105,0.03838801119912134,0.010793701583830813,370,70,1480,5817,7297
1630,subcell,Raw,std_ctrl__tvn_efaar_e0.2_c96,0.26190761140801827,0.04403988668538584,0.011534381528449192,370,69,1480,5657,7137
1631,subcell,Raw,std_ctrl__tvn_efaar_e0.2_c96,0.28807649986203454,0.247578196384252,0.07132146025653073,370,50,1480,5881,7361
1632,subcell,Raw,std_ctrl__tvn_efaar_e0.2_c96,0.3036510000405909,-0.023273790667147846,-0.007067109810814816,370,73,1480,5721,7201
1633,subcell,Raw,std_ctrl__tvn_efaar_e0.2_c96,0.29672356119235044,-0.006984989876063837,-0.0020726110709181765,370,72,1480,5721,7201
1634,subcell,Raw,std_ctrl__tvn_efaar_e0.2_c96,0.2992289273836627,0.05432192569264926,0.016254691558426466,370,53,1480,5663,7143
1635,subcell,Raw,std_ctrl__tvn_efaar_e0.2_c96,0.30147827728093696,0.009654878228178164,0.002910736055588378,370,77,1480,5753,7233
1636,subcell,Raw,std_ctrl__tvn_efaar_e0.2_c96,0.2737042958590957,0.07014682755607858,0.0191994880429859,370,56,1480,5753,7233
1637,subcell,Raw,std_ctrl__tvn_efaar_e0.2_c96,0.29389884632521535,-0.004358884953539604,-0.0012810712591096295,370,61,1480,5881,7361
1638,subcell,Raw,std_ctrl__tvn_efaar_e0.2_c96,0.2929354184394034,0.016025119358308144,0.00469432504476738,370,58,1480,5881,7361
1639,subcell,Raw,std_ctrl__tvn_efaar_e0.2_c96,0.26704715005185786,-0.013335621553864571,-0.003561239730129662,370,69,1480,5977,7457
1640,subcell,Raw,std_ctrl__tvn_efaar_e0.2_c96,0.28385173057603313,0.06532093794261251,0.018541461277860227,370,72,1480,5625,7105
1641,subcell,Raw,std_ctrl__tvn_efaar_e0.2_c96,0.3033309707470928,-0.0074664433666699675,-0.0022648035144401933,370,78,1480,5657,7137
1642,subcell,Raw,std_ctrl__tvn_efaar_e0.2_c96,0.2903037431477471,-0.0010347457725256334,-0.0003003905709704986,370,113,1480,5593,7073
1643,subcell,Raw,std_ctrl__tvn_efaar_e0.2_c96,0.25716752302091594,0.08332188387065619,0.02142768248845306,370,104,1480,5689,7169
1644,subcell,Raw,std_ctrl__tvn_efaar_e0.2_c96,0.27339582337926394,0.048817710256712624,0.013346558091124287,370,61,1480,5561,7041
1645,subcell,Raw,std_ctrl__tvn_efaar_e0.2_c96,0.26323523607874466,-0.027381087434237485,-0.0072076670148442535,370,61,1480,5785,7265
1646,subcell,Raw,std_ctrl__tvn_efaar_e0.2_c96,0.308862286923412,0.046077361314511685,0.014231559190996432,370,71,1480,5753,7233
1647,subcell,Raw,std_ctrl__tvn_efaar_e0.2_c96,0.2929264366801427,-0.006422313818869709,-0.001881265502203143,370,70,1480,5881,7361
1648,subcell,Raw,std_ctrl__tvn_efaar_e0.2_c96,0.30960695402328037,-0.004277313985584014,-0.001324286154477844,370,87,1480,5817,7297
1649,subcell,Raw,std_ctrl__tvn_efaar_e0.2_c96,0.3032553037439329,-0.04642354022402019,-0.014078184791503929,370,101,1480,5913,7393
1650,subcell,Raw,std_ctrl__tvn_efaar_e0.2_c96,0.28364176752158243,0.01973181780900543,0.005596767679760139,370,48,1480,5625,7105
1651,subcell,Raw,std_ctrl__tvn_efaar_e0.2_c96,0.25835653659829294,-0.0175839869064655,-0.004542937956744157,370,79,1480,5689,7169
1652,subcell,Raw,std_ctrl__tvn_efaar_e0.2_c96,0.2855908147516508,0.03392321225728739,0.009688157827551893,370,77,1480,5535,7015
1653,subcell,Raw,std_ctrl__tvn_efaar_e0.2_c96,0.29587523258975845,-0.005997609699129194,-0.0017745441647124415,370,61,1480,5753,7233
1654,subcell,Raw,std_ctrl__tvn_efaar_e0.2_c96,0.25686396652162724,-0.020856339231712182,-0.005357242022178218,370,87,1480,5753,7233
1655,subcell,Raw,std_ctrl__tvn_efaar_e0.2_c96,0.2639749731707802,0.013701201727765271,0.003616774358494285,370,86,1480,5785,7265
1656,subcell,Raw,std_ctrl__tvn_efaar_e0.2_c96,0.2923929798219729,0.03732656540070483,0.010914025684031839,370,68,1480,5785,7265
1657,subcell,Raw,std_ctrl__tvn_efaar_e0.2_c96,0.2856604465760461,0.06804288831515577,0.019437161862431426,370,64,1480,5753,7233
1658,subcell,Raw,std_ctrl__tvn_efaar_e0.2_c96,0.268730610695727,0.0037545521078326885,0.0010089630808268076,370,61,1480,5657,7137
1659,subcell,Raw,std_ctrl__tvn_efaar_e0.2_c96,0.29811160724845703,-0.02042239401998462,-0.006088152705158893,370,50,1480,5785,7265
1660,subcell,Raw,std_ctrl__tvn_efaar_e0.2_c96,0.3008667518627747,-0.009614703994144234,-0.002892744760840222,370,72,1480,5625,7105
1661,subcell,Raw,std_ctrl__tvn_efaar_e0.2_c96,0.31094474528077,0.07243099898519813,0.02252203852988414,370,87,1480,5913,7393
1662,subcell,Raw,std_ctrl__tvn_efaar_e0.2_c96,0.29244194078244523,0.0026718637723498473,0.0007813650270922948,370,70,1480,5657,7137
1663,subcell,Raw,std_ctrl__tvn_efaar_e0.2_c96,0.2612735172941469,0.09250823041044647,0.02416995073799471,370,76,1480,5689,7169
1664,subcell,Raw,std_ctrl__tvn_efaar_e0.2_c96,0.29696658742278514,-0.03518301092137669,-0.010448178688579815,370,77,1480,5625,7105
1665,subcell,Raw,std_ctrl__tvn_efaar_e0.2_c96,0.2563684175406355,-0.04596712372392137,-0.011784518767996325,370,88,1480,5753,7233
1666,subcell,Raw,std_ctrl__tvn_efaar_e0.2_c96,0.31394866690542084,0.0027419316198761157,0.0008608257768059276,370,100,1480,5561,7041
1667,subcell,Raw,std_ctrl__tvn_efaar_e0.2_c96,0.28264834476488193,0.028919694760492647,0.008174103855158875,370,120,1480,5657,7137
1668,subcell,Raw,std_ctrl__tvn_efaar_e0.2_c96,0.29490126435086284,0.039937082937567245,0.011777496252773852,370,95,1480,5561,7041
1669,subcell,Raw,std_ctrl__tvn_efaar_e0.2_c96,0.26772223784023275,0.017542350044112587,0.004696477210786527,370,88,1480,5593,7073
1670,subcell,Raw,std_ctrl__tvn_efaar_e0.2_c96,0.29648711956905016,0.07718343341803424,0.02288389385256254,370,79,1480,5753,7233
1671,subcell,Raw,std_ctrl__tvn_efaar_e0.2_c96,0.28307551237798406,0.012948165309798317,0.0036653085294259973,370,54,1480,5785,7265
1672,subcell,Raw,std_ctrl__tvn_efaar_e0.2_c96,0.2903952278453018,0.010287070845795625,0.0029873162821255823,370,58,1480,5529,7009
1673,subcell,Raw,std_ctrl__tvn_efaar_e0.2_c96,0.27254735714223427,0.009478751454463334,0.0025834086579220907,370,107,1480,5657,7137
1674,subcell,Raw,std_ctrl__tvn_efaar_e0.2_c96,0.28486570173518794,0.030574291856697175,0.008709567104814483,370,55,1480,5785,7265
1675,subcell,Raw,std_ctrl__tvn_efaar_e0.2_c96,0.29548404797548233,-0.03547402762099869,-0.010482009279446761,370,57,1480,5497,6977
1676,subcell,Raw,std_ctrl__tvn_efaar_e0.2_c96,0.2741236088987656,0.03449668171268708,0.009456354886113832,370,41,1480,5817,7297
1677,subcell,Raw,std_ctrl__tvn_efaar_e0.2_c96,0.2841836869838412,0.03599396759017951,0.0102288984189541,370,70,1480,5593,7073
1678,subcell,Raw,std_ctrl__tvn_efaar_e0.2_c96,0.2913056770769275,0.13015446543657075,0.037914734678585804,370,55,1480,5625,7105
1679,subcell,Raw,std_ctrl__tvn_efaar_e0.2_c96,0.3251858000356936,-0.003609658007652421,-0.0011738095270737003,370,77,1480,5721,7201
1680,subcell,Raw,std_ctrl__tvn_efaar_e0.2_c96,0.2639376458860689,-0.0299844087759508,-0.007914014265610038,370,89,1480,5913,7393
1681,subcell,Raw,std_ctrl__tvn_efaar_e0.2_c96,0.30599131048111483,0.011946211428330364,0.0036554368902392788,370,60,1480,5593,7073
1682,subcell,Raw,std_ctrl__tvn_efaar_e0.2_c96,0.29986139105796306,0.011746763110838299,0.003522400726844338,370,73,1480,5849,7329
1683,subcell,Raw,std_ctrl__tvn_efaar_e0.2_c96,0.30081442014637105,-0.005583703799921224,-0.0016796586208423915,370,84,1480,5689,7169
1684,subcell,Raw,std_ctrl__tvn_efaar_e0.2_c96,0.28070547643530613,0.06668864832705745,0.018719868801473243,370,84,1480,5721,7201
1685,subcell,Raw,std_ctrl__tvn_efaar_e0.2_c96,0.31562063990485006,0.08247707519532287,0.02603146725062824,370,69,1480,5657,7137
1686,subcell,Raw,std_ctrl__tvn_efaar_e0.2_c96,0.26580815825993775,-0.03325742925767885,-0.008840096019443784,370,95,1480,5689,7169
1687,subcell,Raw,std_ctrl__tvn_efaar_e0.2_c96,0.3004844990480047,0.031309867647960066,0.009408129895456611,370,52,1480,5721,7201
1688,subcell,Raw,std_ctrl__tvn_efaar_e0.2_c96,0.24999721936702046,-0.016209827946121334,-0.004052411912948153,370,72,1480,5529,7009
1689,subcell,Raw,std_ctrl__tvn_efaar_e0.2_c96,0.2679302604144744,-0.020961248205764227,-0.005616152690382843,370,52,1480,5529,7009
1690,subcell,Raw,std_ctrl__tvn_efaar_e0.2_c96,0.3160688146771349,0.03763778246107151,0.011896129289546729,370,61,1480,5849,7329
1691,subcell,Raw,std_ctrl__tvn_efaar_e0.2_c96,0.2612062678346267,0.012508234585810872,0.0032672292733596556,370,86,1480,5529,7009
1692,subcell,Raw,std_ctrl__tvn_efaar_e0.2_c96,0.27932097888117946,0.02680722284803063,0.007487819726997835,370,80,1480,5497,6977
1693,subcell,Raw,std_ctrl__tvn_efaar_e0.2_c96,0.2897622150927305,0.05046297902479823,0.014622264582403531,370,79,1480,5817,7297
1694,subcell,Raw,std_ctrl__tvn_efaar_e0.2_c96,0.2728700944642199,0.027594213175481334,0.007529635555859413,370,50,1480,5753,7233
1695,subcell,Raw,std_ctrl__tvn_efaar_e0.2_c96,0.2535499952741764,0.014282412965923079,0.003621305740013632,370,86,1480,5721,7201
1696,subcell,Raw,std_ctrl__tvn_efaar_e0.2_c96,0.26929919006130243,0.0643575311277083,0.017331431007036904,370,76,1480,5689,7169
1697,subcell,Raw,std_ctrl__tvn_efaar_e0.2_c96,0.27651588435991714,0.01746818246520139,0.0048302299225255595,370,74,1480,5913,7393
1698,subcell,Raw,std_ctrl__tvn_efaar_e0.2_c96,0.29869166816785386,0.010237622239725061,0.003057892464855799,370,65,1480,5625,7105
1699,subcell,Raw,std_ctrl__tvn_efaar_e0.2_c96,0.22511135726460915,0.02289619358667457,0.005154193214489552,370,57,1480,5561,7041
1700,subcell,Raw,std_ctrl__tvn_efaar_e0.2_c96,0.2856688046329464,-0.01554733663530802,-0.004441389071834457,370,85,1480,5753,7233
1701,subcell,Raw,std_ctrl__tvn_efaar_e0.2_c96,0.2896387114609546,0.07963534151294768,0.023065477702563234,370,95,1480,5689,7169
1702,subcell,Raw,std_ctrl__tvn_efaar_e0.2_c96,0.29958186974790807,-0.030041531059535227,-0.008999898044905417,370,59,1480,5689,7169
1703,subcell,Raw,std_ctrl__tvn_efaar_e0.2_c96,0.2599617249407371,0.008662532034395494,0.0022519267700158454,370,81,1480,5529,7009
1704,subcell,Raw,std_ctrl__tvn_efaar_e0.2_c96,0.30230780475792346,0.01586747784589004,0.0047968623946360025,370,85,1480,5689,7169
1705,subcell,Raw,std_ctrl__tvn_efaar_e0.2_c96,0.2748564187893685,-0.01270008795528098,-0.0034907006936985238,370,91,1480,5817,7297
1706,subcell,Raw,std_ctrl__tvn_efaar_e0.2_c96,0.24305447790467138,0.012545635307137686,0.003049272839558762,370,40,1480,5625,7105
1707,subcell,Raw,std_ctrl__tvn_efaar_e0.2_c96,0.2727895649311163,0.0037194491044472374,0.001014626902985592,370,95,1480,5817,7297
1708,subcell,Raw,std_ctrl__tvn_efaar_e0.2_c96,0.28885998477638214,0.07239793565698252,0.020912866591717465,370,99,1480,5497,6977
1709,subcell,Raw,std_ctrl__tvn_efaar_e0.2_c96,0.2870002052721365,0.04034705279729529,0.011579612434949475,370,89,1480,5817,7297
1710,subcell,Raw,std_ctrl__tvn_efaar_e0.2_c96,0.2748534238129179,-0.027820285126014727,-0.007646500618336742,370,75,1480,5657,7137
1711,subcell,Raw,std_ctrl__tvn_efaar_e0.2_c96,0.27099685454281486,0.06096387632894234,0.01652101872588054,370,79,1480,5689,7169
1712,subcell,Raw,std_ctrl__tvn_efaar_e0.2_c96,0.2819247465211819,0.002410362117693251,0.000679540729054929,370,91,1480,5625,7105
1713,subcell,Raw,std_ctrl__tvn_efaar_e0.2_c96,0.3332734938761467,0.027214128551560576,0.009069747705173192,370,71,1480,5753,7233
1714,subcell,Raw,std_ctrl__tvn_efaar_e0.2_c96,0.2755440085306177,0.006000224754770859,0.0016533259810142052,370,87,1480,5817,7297
1715,subcell,Raw,std_ctrl__tvn_efaar_e0.2_c96,0.2935619956227578,0.012570653048606068,0.0036902659952301018,370,71,1480,5529,7009
1716,subcell,Raw,std_ctrl__tvn_efaar_e0.2_c96,0.327977899156158,-0.016533025932091678,-0.0054224671119017095,370,80,1480,5721,7201
1717,subcell,Raw,std_ctrl__tvn_efaar_e0.2_c96,0.3131986430414853,0.03611990933971212,0.011312706591979306,370,63,1480,5721,7201
1718,subcell,Raw,std_ctrl__tvn_efaar_e0.2_c96,0.2814901127135002,0.005401611123464861,0.0015205001239786203,370,80,1480,5657,7137
1719,subcell,Raw,std_ctrl__tvn_efaar_e0.2_c96,0.29907155000077323,0.00852605792852935,0.002549901360081655,370,72,1480,5689,7169
1720,subcell,Raw,std_ctrl__tvn_efaar_e0.2_c96,0.29963119495042545,0.1347575981313503,0.04037758015674571,370,61,1480,5497,6977
1721,subcell,Raw,std_ctrl__tvn_efaar_e0.2_c96,0.2643641612171702,0.003988543623370757,0.0010544279894705029,370,61,1480,5721,7201
1722,subcell,Raw,std_ctrl__tvn_efaar_e0.2_c96,0.2670016786632668,0.027559323958705414,0.007358385759799133,370,68,1480,5497,6977
1723,subcell,Raw,std_ctrl__tvn_efaar_e0.2_c96,0.28444523137359295,0.1718665187672746,0.04888661169613138,370,70,1480,5817,7297
1724,subcell,Raw,std_ctrl__tvn_efaar_e0.2_c96,0.2856612245407089,0.056818576981768024,0.01623086427727239,370,65,1480,5401,6881
1725,subcell,Raw,std_ctrl__tvn_efaar_e0.2_c96,0.273290367300394,-0.0059904611693141,-0.0016371353332605982,370,78,1480,5721,7201
1726,subcell,Raw,std_ctrl__tvn_efaar_e0.2_c96,0.2710473014950973,0.05846816825433564,0.01584763922869899,370,61,1480,5593,7073
1727,subcell,Raw,std_ctrl__tvn_efaar_e0.2_c96,0.32074308780716654,0.0408269189830447,0.01309495206027478,370,97,1480,5529,7009
1728,subcell,Raw,std_ctrl__tvn_efaar_e0.2_c96,0.26296532436384645,-0.007597519704939637,-0.0019978842335701664,370,68,1480,5785,7265
1729,subcell,Raw,std_ctrl__tvn_efaar_e0.2_c96,0.31395472634163324,0.03745310945666378,0.011758580730110114,370,51,1480,5593,7073
1730,subcell,Raw,std_ctrl__tvn_efaar_e0.2_c96,0.284888136941373,0.011136646931952019,0.0031726985962176684,370,54,1480,5593,7073
1731,subcell,Raw,std_ctrl__tvn_efaar_e0.2_c96,0.26660456408083905,0.02469267607661645,0.006583180141395691,370,70,1480,5593,7073
1732,subcell,Raw,std_ctrl__tvn_efaar_e0.2_c96,0.29228716641774605,0.03308757796491492,0.009671074406991234,370,52,1480,5433,6913
1733,subcell,Raw,std_ctrl__tvn_efaar_e0.2_c96,0.26791430452137727,0.009681818700403504,0.0025938977236206694,370,80,1480,5753,7233
1734,subcell,Raw,std_ctrl__tvn_efaar_e0.2_c96,0.2749491538993119,0.022798066853297723,0.006268309191854157,370,57,1480,5721,7201
1735,subcell,Raw,std_ctrl__tvn_efaar_e0.2_c96,0.292740030016408,-0.005823029703573632,-0.0017046338902105805,370,65,1480,5753,7233
1736,subcell,Raw,std_ctrl__tvn_efaar_e0.2_c96,0.3102980153534993,0.012886828081831997,0.003998757177994212,370,65,1480,5625,7105
1737,subcell,Raw,std_ctrl__tvn_efaar_e0.2_c96,0.29052101521539514,0.0326048908799411,0.009472405999427665,370,85,1480,5721,7201
1738,subcell,Raw,std_ctrl__tvn_efaar_e0.2_c96,0.28332290134024557,0.00545320312371973,0.001545017330609964,370,86,1480,5593,7073
1739,subcell,Raw,std_ctrl__tvn_efaar_e0.2_c96,0.29853643129061863,0.01213449526587794,0.0036225889121881067,370,92,1480,5657,7137
1740,subcell,Raw,std_ctrl__tvn_efaar_e0.2_c96,0.24739255538800134,0.03317781736940365,0.008207945021213185,370,77,1480,5529,7009
1741,subcell,Raw,std_ctrl__tvn_efaar_e0.2_c96,0.28096847107996153,0.02931561045879528,0.00823676224938344,370,81,1480,5657,7137
1742,subcell,Raw,std_ctrl__tvn_efaar_e0.2_c96,0.29760069133131256,0.004643296568522259,0.0013818482688485354,370,77,1480,5529,7009
1743,subcell,Raw,std_ctrl__tvn_efaar_e0.2_c96,0.28898235786515397,0.01179799501206833,0.0034094124166688315,370,44,1480,5625,7105
1744,subcell,Raw,std_ctrl__tvn_efaar_e0.2_c96,0.27732840318512664,0.03850620338739083,0.010678863898146814,370,92,1480,5657,7137
1745,subcell,Raw,std_ctrl__tvn_efaar_e0.2_c96,0.2714212927095969,0.1023935815580079,0.027791798271640047,370,70,1480,5785,7265
1746,subcell,Raw,std_ctrl__tvn_efaar_e0.2_c96,0.2822228122376374,-0.03251356626831772,-0.009176070108119414,370,82,1480,5721,7201
1747,subcell,Raw,std_ctrl__tvn_efaar_e0.2_c96,0.2862517901177446,0.04832007365418459,0.013831707582131607,370,57,1480,5785,7265
1748,subcell,Raw,std_ctrl__tvn_efaar_e0.2_c96,0.29955898625441907,0.043350036660521646,0.012985893036117767,370,73,1480,5817,7297
1749,subcell,Raw,std_ctrl__tvn_efaar_e0.2_c96,0.2890415680163116,0.037723805583060155,0.010903747917270197,370,68,1480,5881,7361
1750,subcell,Raw,std_ctrl__tvn_efaar_e0.2_c96,0.2726948760737286,-0.019328410756681475,-0.005270758575995378,370,59,1480,5497,6977
1751,subcell,Raw,std_ctrl__tvn_efaar_e0.2_c96,0.2815570750544072,0.00769528081582448,0.0021666607582258328,370,60,1480,5625,7105
1752,subcell,Raw,std_ctrl__tvn_efaar_e0.2_c96,0.2651934557518216,0.10800795665290555,0.028643003273476977,370,62,1480,5625,7105
1753,subcell,Raw,std_ctrl__tvn_efaar_e0.2_c96,0.28210879113667664,0.023835752566215788,0.006724275342288074,370,86,1480,5529,7009
1754,subcell,Raw,std_ctrl__tvn_efaar_e0.2_c96,0.2948570032173262,0.0034820952937676085,0.0010267201832374721,370,66,1480,5465,6945
1755,subcell,Raw,std_ctrl__tvn_efaar_e0.2_c96,0.32912504644056956,0.12097530778317646,0.039816003792300145,370,56,1480,5689,7169
1756,subcell,Raw,std_ctrl__tvn_efaar_e0.2_c96,0.3160742143659528,-0.0323734441485125,-0.01023241092556114,370,66,1480,5753,7233
1757,subcell,Raw,std_ctrl__tvn_efaar_e0.2_c96,0.3141117007336061,0.004154154025115982,0.0013048683859385368,370,64,1480,5657,7137
1758,subcell,Raw,std_ctrl__tvn_efaar_e0.2_c96,0.28192688309560265,-0.008666260057675275,-0.002443251686156308,370,66,1480,5721,7201
1759,subcell,Raw,std_ctrl__tvn_efaar_e0.2_c96,0.28649166131295806,0.011650417340427524,0.003337747418848376,370,99,1480,5625,7105
1760,subcell,Raw,std_ctrl__tvn_efaar_e0.2_c96,0.31410291051378847,0.02688169881769219,0.008443619838192183,370,100,1480,5977,7457
1761,subcell,Raw,std_ctrl__tvn_efaar_e0.2_c96,0.26165732542298636,0.13207872867643614,0.03455936689074457,370,58,1480,5689,7169
1762,subcell,Raw,std_ctrl__tvn_efaar_e0.2_c96,0.2839475401639674,0.015581970092051712,0.0044244620785465925,370,58,1480,5657,7137
1763,subcell,Raw,std_ctrl__tvn_efaar_e0.2_c96,0.27902663753985935,0.02307864145670308,0.0064395557246518615,370,61,1480,5465,6945
1764,subcell,Raw,std_ctrl__tvn_efaar_e0.2_c96,0.2689640242151319,-0.03037124868057467,-0.008168773265565877,370,67,1480,5433,6913
1765,subcell,Raw,std_ctrl__tvn_efaar_e0.2_c96,0.2824462225732878,-0.011084490906534575,-0.0031307725856986493,370,58,1480,5817,7297
1766,subcell,Raw,std_ctrl__tvn_efaar_e0.2_c96,0.2762473423186475,0.053273388884095725,0.014716632095539223,370,67,1480,5913,7393
1767,subcell,Raw,std_ctrl__tvn_efaar_e0.2_c96,0.28442216857198666,0.10143780518661741,0.02885116052636044,370,75,1480,5945,7425
1768,subcell,Raw,std_ctrl__tvn_efaar_e0.2_c96,0.26763085611499543,-0.02461165316936634,-0.006586837808122854,370,82,1480,5753,7233
1769,subcell,Raw,std_ctrl__tvn_efaar_e0.2_c96,0.28348571608020906,-0.007370637119067277,-0.0020894703416661563,370,55,1480,5817,7297
1770,subcell,Raw,std_ctrl__tvn_efaar_e0.2_c96,0.2800878824452719,0.07054436184905345,0.019758620928754408,370,64,1480,5849,7329
1771,subcell,Raw,std_ctrl__tvn_efaar_e0.2_c96,0.2923816140386039,0.028386480195634577,0.008299684896474502,370,66,1480,5913,7393
1772,subcell,Raw,std_ctrl__tvn_efaar_e0.2_c96,0.2602667075042199,-0.00388926428608548,-0.0010122460103532181,370,51,1480,5753,7233
1773,subcell,Raw,std_ctrl__tvn_efaar_e0.2_c96,0.27748389913728916,0.011840219511042728,0.0032854702765655434,370,63,1480,5881,7361
1774,subcell,Raw,std_ctrl__tvn_efaar_e0.2_c96,0.27243063212961516,-0.03649534306583685,-0.0099424493812131,370,57,1480,5849,7329
1775,subcell,Raw,std_ctrl__tvn_efaar_e0.2_c96,0.27685591503552964,-0.032121789312825964,-0.008893107372780928,370,52,1480,5913,7393
1776,subcell,Raw,std_ctrl__tvn_efaar_e0.2_c96,0.26848309860309616,0.07820053714419097,0.020995522524898908,370,77,1480,5561,7041
1777,subcell,Raw,std_ctrl__tvn_efaar_e0.2_c96,0.28758307302303093,-0.01629706204243839,-0.004686759183411425,370,81,1480,5593,7073
1778,subcell,Raw,std_ctrl__tvn_efaar_e0.2_c96,0.27320597672205,-0.008165119344825132,-0.0022307594056550552,370,86,1480,5913,7393
1779,subcell,Raw,std_ctrl__tvn_efaar_e0.2_c96,0.26425647657863865,0.03371162904351913,0.008908516310766468,370,50,1480,5881,7361
1780,subcell,Raw,std_ctrl__tvn_efaar_e0.2_c96,0.2550189324869803,0.0376654630676709,0.009605406183145216,370,56,1480,5689,7169
1781,subcell,Raw,std_ctrl__tvn_efaar_e0.2_c96,0.2806716201926086,-0.0005169010064348525,-0.00014507944295526006,370,65,1480,5689,7169
1782,subcell,Raw,std_ctrl__tvn_efaar_e0.2_c96,0.2849408923352244,-0.047404367970867764,-0.013507442910206391,370,84,1480,5721,7201
1783,subcell,Raw,std_ctrl__tvn_efaar_e0.2_c96,0.28588857541409934,0.025006834772041363,0.007149168368594669,370,61,1480,5657,7137
1784,subcell,Raw,std_ctrl__tvn_efaar_e0.2_c96,0.2939770076642222,0.006694420506260696,0.0019680057084765267,370,42,1480,5762,7242
1785,subcell,Raw,std_ctrl__tvn_efaar_e0.2_c96,0.271793856564033,0.099209095019636,0.026964422541614467,370,66,1480,5433,6913
1786,subcell,Raw,std_ctrl__tvn_efaar_e0.2_c96,0.3057707535984009,0.05534197751906152,0.0169219581716292,370,98,1480,5817,7297
1787,subcell,Raw,std_ctrl__tvn_efaar_e0.2_c96,0.29393336027318706,-0.0038288314908627307,-0.001125421306029079,370,86,1480,5657,7137
1788,subcell,Raw,std_ctrl__tvn_efaar_e0.2_c96,0.2985762765074655,0.04362727862746843,0.013026070406743253,370,93,1480,5625,7105
1789,subcell,Raw,std_ctrl__tvn_efaar_e0.2_c96,0.28482500969235297,-0.01836599009752707,-0.005231093307537806,370,84,1480,5689,7169
1790,subcell,Raw,std_ctrl__tvn_efaar_e0.2_c96,0.29235212452207937,0.05381708686528185,0.015733539680654444,370,94,1480,5471,6951
1791,subcell,Raw,std_ctrl__tvn_efaar_e0.2_c96,0.26072145122191615,-0.004462680433003925,-0.0011635165188324326,370,103,1480,5689,7169
1792,subcell,Raw,std_ctrl__tvn_efaar_e0.2_c96,0.31452335206819054,0.06691351024909396,0.021045861542194257,370,67,1480,5721,7201
1793,subcell,Raw,std_ctrl__tvn_efaar_e0.2_c96,0.2994642044809865,0.041957165753084565,0.01256466926452436,370,58,1480,5593,7073
1794,subcell,Raw,std_ctrl__tvn_efaar_e0.2_c96,0.2910454753669476,-0.015787687323368816,-0.0045949349619746095,370,62,1480,5945,7425
1795,subcell,Raw,std_ctrl__tvn_efaar_e0.2_c96,0.2843466952335226,-0.006420409767740847,-0.001825622299502138,370,70,1480,5593,7073
1796,subcell,Raw,std_ctrl__tvn_efaar_e0.2_c96,0.28493071501110556,0.028984472779422107,0.008258566553260667,370,104,1480,5753,7233
1797,subcell,Raw,std_ctrl__tvn_efaar_e0.2_c96,0.31848909918588303,0.004380662036980377,0.0013951931059956756,370,71,1480,5785,7265
1798,subcell,Raw,std_ctrl__tvn_efaar_e0.2_c96,0.3079539517998792,-0.05095940204794169,-0.015693149242022503,370,55,1480,5497,6977
1799,subcell,Raw,std_ctrl__tvn_efaar_e0.2_c96,0.26548628664396534,0.06436593034359658,0.01708827183330559,370,93,1480,5753,7233
1800,subcell,Raw,std_ctrl__tvn_efaar_e0.2_c96,0.2882277575838911,0.0339109408408828,0.00977407443612764,370,88,1480,5721,7201
1801,subcell,Raw,std_ctrl__tvn_efaar_e0.2_c96,0.283815055798938,-0.015017345673293584,-0.004262148800217759,370,73,1480,5753,7233
1802,subcell,Raw,std_ctrl__tvn_efaar_e0.2_c96,0.2617096868962861,0.008133723179145506,0.0021286741465152354,370,85,1480,5849,7329
1803,subcell,Raw,std_ctrl__tvn_efaar_e0.2_c96,0.2872174429549055,-0.02640486665872501,-0.0075839382832842365,370,70,1480,5753,7233
1804,subcell,Raw,std_ctrl__tvn_efaar_e0.2_c96,0.2944747271143484,0.03616490237222877,0.010649649757179119,370,49,1480,5657,7137
1805,subcell,Raw,std_ctrl__tvn_efaar_e0.2_c96,0.27733422432467214,0.031145092301551255,0.008637600014971035,370,50,1480,5657,7137
1806,subcell,Raw,std_ctrl__tvn_efaar_e0.2_c96,0.2861805882398999,0.0931678390998692,0.026662826998640914,370,50,1480,5625,7105
1807,subcell,Raw,std_ctrl__tvn_efaar_e0.2_c96,0.2916229890246461,0.04597351018637772,0.013406932456506487,370,92,1480,5785,7265
1808,subcell,Raw,std_ctrl__tvn_efaar_e0.2_c96,0.3033000157694279,-0.021445463783060007,-0.006504409503584795,370,97,1480,5433,6913
1809,subcell,Raw,std_ctrl__tvn_efaar_e0.2_c96,0.2917297653489705,0.05885154206095774,0.017168746555868267,370,64,1480,5689,7169
1810,subcell,Raw,std_ctrl__tvn_efaar_e0.2_c96,0.30389143446620875,0.005352551601477231,0.0016265945842273187,370,55,1480,5945,7425
1811,subcell,Raw,std_ctrl__tvn_efaar_e0.2_c96,0.2863713282866731,0.013289843312588014,0.003805830082147589,370,98,1480,5657,7137
1812,subcell,Raw,std_ctrl__tvn_efaar_e0.2_c96,0.3014431393786127,-0.030701955353368025,-0.009254893806781263,370,80,1480,5657,7137
1813,subcell,Raw,std_ctrl__tvn_efaar_e0.2_c96,0.32179047858854765,0.014129762499764319,0.004546823037141674,370,39,1480,5593,7073
1814,subcell,Raw,std_ctrl__tvn_efaar_e0.2_c96,0.29871693972192664,0.03209255051401257,0.00958658847741718,370,85,1480,5721,7201
1815,subcell,Raw,std_ctrl__tvn_efaar_e0.2_c96,0.28449150689921515,0.03014710777167614,0.008576596118617184,370,73,1480,5625,7105
1816,subcell,Raw,std_ctrl__tvn_efaar_e0.2_c96,0.2855292620635927,-0.005546959301518212,-0.0015838191960592767,370,91,1480,5849,7329
1817,subcell,Raw,std_ctrl__tvn_efaar_e0.2_c96,0.28400277758810594,0.04748703265654807,0.013486449173876746,370,58,1480,5497,6977
1818,subcell,Raw,std_ctrl__tvn_efaar_e0.2_c96,0.29006055360661975,0.027699645416720025,0.008034574484280878,370,89,1480,5657,7137
1819,subcell,Raw,std_ctrl__tvn_efaar_e0.2_c96,0.26611916421572895,-0.05613711854601304,-0.014939163068944288,370,81,1480,5785,7265
1820,subcell,Raw,std_ctrl__tvn_efaar_e0.2_c96,0.26228977920596813,-0.016296525127090487,-0.004274411977409075,370,76,1480,5753,7233
1821,subcell,Raw,std_ctrl__tvn_efaar_e0.2_c96,0.2683908812185881,-0.03888493330971236,-0.01043636151711973,370,90,1480,5753,7233
1822,subcell,Raw,std_ctrl__tvn_efaar_e0.2_c96,0.294347964340796,0.04968163241378997,0.014623687366126787,370,58,1480,5817,7297
1823,subcell,Raw,std_ctrl__tvn_efaar_e0.2_c96,0.29741018589342383,-0.017682722945093095,-0.005259021918202048,370,64,1480,5817,7297
1824,subcell,Raw,std_ctrl__tvn_efaar_e0.2_c96,0.3050403227018816,0.07680635906260416,0.02342903655401336,370,77,1480,5497,6977
1825,subcell,Raw,std_ctrl__tvn_efaar_e0.2_c96,0.2652375536715086,0.007209922935388409,0.0019123423215425238,370,83,1480,5753,7233
1826,subcell,Raw,std_ctrl__tvn_efaar_e0.2_c96,0.2998206853681119,0.09933965219153033,0.029784082604294486,370,78,1480,5529,7009
1827,subcell,Raw,std_ctrl__tvn_efaar_e0.2_c96,0.2861368454926027,0.0457534933478306,0.01309176025681503,370,69,1480,5849,7329
1828,subcell,Raw,std_ctrl__tvn_efaar_e0.2_c96,0.2786219868595066,-0.02961192175577152,-0.008250532474321311,370,55,1480,5625,7105
1829,subcell,Raw,std_ctrl__tvn_efaar_e0.2_c96,0.28985940052480286,0.015056440111397045,0.004364250704727143,370,78,1480,5689,7169
1830,subcell,Raw,std_ctrl__tvn_efaar_e0.2_c96,0.3194559673496038,0.032934195977058045,0.010521025434732507,370,57,1480,5753,7233
1831,subcell,Raw,std_ctrl__tvn_efaar_e0.2_c96,0.28900898579430173,0.05541737009398888,0.016016117926251194,370,68,1480,5881,7361
1832,subcell,Raw,std_ctrl__tvn_efaar_e0.2_c96,0.3001777864798803,0.041879152417114686,0.012571191272223016,370,66,1480,5753,7233
1833,subcell,Raw,std_ctrl__tvn_efaar_e0.2_c96,0.27248425817797234,-0.005587646535981258,-0.0015225457213175698,370,64,1480,5689,7169
1834,subcell,Raw,std_ctrl__tvn_efaar_e0.2_c96,0.2946830406104951,-0.017635564325391564,-0.0051969017182883605,370,66,1480,5721,7201
1835,subcell,Raw,std_ctrl__tvn_efaar_e0.2_c96,0.29796366395158524,-0.0007097465373575858,-0.00021147867874801694,370,53,1480,5657,7137
1836,subcell,Raw,std_ctrl__tvn_efaar_e0.2_c96,0.270107113912884,0.025680006941613435,0.006936352560262032,370,76,1480,5721,7201
1837,subcell,Raw,std_ctrl__tvn_efaar_e0.2_c96,0.25350004685139726,0.12167135229683845,0.03084369350772141,370,83,1480,5881,7361
1838,subcell,Raw,std_ctrl__tvn_efaar_e0.2_c96,0.29542203980898113,0.060072108401777416,0.01774662479967932,370,44,1480,5593,7073
1839,subcell,Raw,std_ctrl__tvn_efaar_e0.2_c96,0.3097353865696974,0.14464143946566704,0.04480057216689587,370,52,1480,5945,7425
1840,subcell,Raw,std_ctrl__tvn_efaar_e0.2_c96,0.28932327040952127,0.01360304964067439,0.003935678809582978,370,83,1480,5657,7137
1841,subcell,Raw,std_ctrl__tvn_efaar_e0.2_c96,0.29787968132618015,0.08362477930319487,0.024910122609807833,370,69,1480,5593,7073
1842,subcell,Raw,std_ctrl__tvn_efaar_e0.2_c96,0.2869250057177574,0.01120621231984952,0.003215342533947227,370,71,1480,5497,6977
1843,subcell,Raw,std_ctrl__tvn_efaar_e0.2_c96,0.28145476813358583,0.01378686922207591,0.003880380080187446,370,60,1480,5625,7105
1844,subcell,Raw,std_ctrl__tvn_efaar_e0.2_c96,0.24717862567448137,0.008783243893223307,0.0021710301544907184,370,77,1480,5817,7297
1845,subcell,Raw,std_ctrl__tvn_efaar_e0.2_c96,0.30825380613011116,0.039554901811206494,0.01219294903440723,370,51,1480,5625,7105
1846,subcell,Raw,std_ctrl__tvn_efaar_e0.2_c96,0.29107438277268344,-0.010231481094902552,-0.0029781220445491397,370,45,1480,5433,6913
1847,subcell,Raw,std_ctrl__tvn_efaar_e0.2_c96,0.2935521858414792,0.036998814158693626,0.010861082769827182,370,67,1480,5817,7297
1848,subcell,Raw,std_ctrl__tvn_efaar_e0.2_c96,0.32408424318925483,0.08090381232886787,0.026219650789726646,370,71,1480,5529,7009
1849,subcell,Raw,std_ctrl__tvn_efaar_e0.2_c96,0.25691975523231764,-0.013083064529644856,-0.0033612977366449734,370,68,1480,5689,7169
1850,subcell,Raw,std_ctrl__tvn_efaar_e0.2_c96,0.2653932575820727,-0.03409514287847301,-0.00904862103624416,370,67,1480,5433,6913
1851,subcell,Raw,std_ctrl__tvn_efaar_e0.2_c96,0.27758901592706836,0.023386814552427006,0.006491922837277054,370,63,1480,5657,7137
1852,subcell,Raw,std_ctrl__tvn_efaar_e0.2_c96,0.29230709779110026,0.08685077565120324,0.025387098171509172,370,71,1480,6041,7521
1853,subcell,Raw,std_ctrl__tvn_efaar_e0.2_c96,0.30383857529384795,0.03529221806410462,0.010723137255557352,370,83,1480,5849,7329
1854,subcell,Raw,std_ctrl__tvn_efaar_e0.2_c96,0.2875823297264671,0.02471792597051277,0.007108438736606407,370,86,1480,5849,7329
1855,subcell,Raw,std_ctrl__tvn_efaar_e0.2_c96,0.27924044623213073,-0.003094720273890126,-0.0008641710702447006,370,56,1480,5817,7297
1856,subcell,Raw,std_ctrl__tvn_efaar_e0.2_c96,0.3170499162339006,0.05306998152291784,0.016825833196375754,370,59,1480,5913,7393
1857,subcell,Raw,std_ctrl__tvn_efaar_e0.2_c96,0.2972342850504615,0.054897936347825235,0.016317548861091578,370,64,1480,5817,7297
1858,subcell,Raw,std_ctrl__tvn_efaar_e0.2_c96,0.2786468717007275,-0.02123839497844887,-0.005918012320689218,370,66,1480,5625,7105
1859,subcell,Raw,std_ctrl__tvn_efaar_e0.2_c96,0.27243142922475644,0.027640492705670674,0.007530138932282317,370,88,1480,5561,7041
1860,subcell,Raw,std_ctrl__tvn_efaar_e0.2_c96,0.29579995075576787,-0.03200554019558776,-0.009467237213766608,370,66,1480,5625,7105
1861,subcell,Raw,std_ctrl__tvn_efaar_e0.2_c96,0.28688944434795155,0.009250633810303398,0.002653909193704316,370,90,1480,5945,7425
1862,subcell,Raw,std_ctrl__tvn_efaar_e0.2_c96,0.2816408448436981,0.01665756437234072,0.004691450502864326,370,73,1480,5817,7297
1863,subcell,Raw,std_ctrl__tvn_efaar_e0.2_c96,0.25931146820495615,0.13708041203632007,0.0355465229072785,370,75,1480,5561,7041
1864,subcell,Raw,std_ctrl__tvn_efaar_e0.2_c96,0.2945034689500028,0.020255122401958283,0.0059652038113836275,370,98,1480,5625,7105
1865,subcell,Raw,std_ctrl__tvn_efaar_e0.2_c96,0.25933647021333334,0.11269928158447516,0.02922703388169631,370,69,1480,5657,7137
1866,subcell,Raw,std_ctrl__tvn_efaar_e0.2_c96,0.2905482665283135,0.06454433770780088,0.018753245435219605,370,42,1480,5945,7425
1867,subcell,Raw,std_ctrl__tvn_efaar_e0.2_c96,0.28583638070025175,-0.07970395914656118,-0.022782291209933775,370,71,1480,5753,7233
1868,subcell,Raw,std_ctrl__tvn_efaar_e0.2_c96,0.24316091702022619,-0.020905090998765957,-0.005083301097651206,370,62,1480,5913,7393
1869,subcell,Raw,std_ctrl__tvn_efaar_e0.2_c96,0.25912327760518034,-0.002916111396123347,-0.0007556323428253001,370,72,1480,5689,7169
1870,subcell,Raw,std_ctrl__tvn_efaar_e0.2_c96,0.28068861004712975,6.376890952854783e-05,1.7899206579789258e-05,370,77,1480,5785,7265
1871,subcell,Raw,std_ctrl__tvn_efaar_e0.2_c96,0.29029947851841736,-0.03334208008678637,-0.009679188461913391,370,74,1480,5593,7073
1872,subcell,Raw,std_ctrl__tvn_efaar_e0.2_c96,0.318950917325187,0.027574456794603377,0.008794898289382482,370,82,1480,5881,7361
1873,subcell,Raw,std_ctrl__tvn_efaar_e0.2_c96,0.3024955866483717,0.05588898523352307,0.016906171375396743,370,63,1480,5529,7009
1874,subcell,Raw,std_ctrl__tvn_efaar_e0.2_c96,0.2731725196696553,0.05587860861079481,0.015264500309845313,370,94,1480,5529,7009
1875,subcell,Raw,std_ctrl__tvn_efaar_e0.2_c96,0.2569680184467889,-0.04987483877705947,-0.01281623849089404,370,62,1480,5593,7073
1876,subcell,Raw,std_ctrl__tvn_efaar_e0.2_c96,0.2634633375022186,-1.9252304619042533e-05,-5.072276429542325e-06,370,61,1480,5721,7201
1877,subcell,Raw,std_ctrl__tvn_efaar_e0.2_c96,0.3136517368116601,-0.031209867507223585,-0.009789029149302474,370,70,1480,5657,7137
1878,subcell,Raw,std_ctrl__tvn_efaar_e0.2_c96,0.31886613256198665,0.11189510266973507,0.03567955864092485,370,74,1480,5817,7297
1879,subcell,Raw,std_ctrl__tvn_efaar_e0.2_c96,0.2537427735157903,0.0005657290547144478,0.00014354965940171024,370,76,1480,5593,7073
1880,subcell,Raw,std_ctrl__tvn_efaar_e0.2_c96,0.33207167021875356,0.014020478986661436,0.0046558038743676,370,74,1480,5625,7105
1881,subcell,Raw,std_ctrl__tvn_efaar_e0.2_c96,0.2661983756437676,0.003824679024768073,0.0010181233437520502,370,76,1480,5785,7265
1882,subcell,Raw,std_ctrl__tvn_efaar_e0.2_c96,0.27135493953505446,-0.015289789922619906,-0.00414896001995621,370,95,1480,5817,7297
1883,subcell,Raw,std_ctrl__tvn_efaar_e0.2_c96,0.28365191204683093,-0.010065063749484968,-0.0028549745774146566,370,79,1480,5753,7233
1884,subcell,Raw,std_ctrl__tvn_efaar_e0.2_c96,0.2823334912273207,-0.02272691406870191,-0.006416568993839922,370,72,1480,5625,7105
1885,subcell,Raw,std_ctrl__tvn_efaar_e0.2_c96,0.28786521498105105,0.0910189757796487,0.026201197030163652,370,110,1480,5881,7361
1886,subcell,Raw,std_ctrl__tvn_efaar_e0.2_c96,0.26403039083070035,0.03751913378458701,0.009906191556773842,370,84,1480,5273,6753
1887,subcell,Raw,std_ctrl__tvn_efaar_e0.2_c96,0.24898126113702718,-0.007386308834926609,-0.001839052488867593,370,70,1480,5785,7265
1888,subcell,Raw,std_ctrl__tvn_efaar_e0.2_c96,0.2643925389232132,0.055437930253812585,0.014657375132453522,370,56,1480,5657,7137
1889,subcell,Raw,std_ctrl__tvn_efaar_e0.2_c96,0.2961163152824251,0.03388027625246296,0.010032502564629982,370,75,1480,5817,7297
1890,subcell,Raw,std_ctrl__tvn_efaar_e0.2_c96,0.2473309993010245,-0.005672227262978396,-0.0014029176372149618,370,70,1480,5561,7041
1891,subcell,Raw,std_ctrl__tvn_efaar_e0.2_c96,0.27185573568785665,-0.007301727314974764,-0.0019850164510045827,370,60,1480,5433,6913
1892,subcell,Raw,std_ctrl__tvn_efaar_e0.2_c96,0.2954112227763197,0.02888932063500832,0.008534229533964972,370,109,1480,5689,7169
1893,subcell,Raw,std_ctrl__tvn_efaar_e0.2_c96,0.2855265451472853,0.01052963325952978,0.0030064898062614866,370,95,1480,5401,6881
1894,subcell,Raw,std_ctrl__tvn_efaar_e0.2_c96,0.2916164993307597,-0.05981744614767915,-0.017443754244492432,370,50,1480,5753,7233
1895,subcell,Raw,std_ctrl__tvn_efaar_e0.2_c96,0.2766614743156927,0.09889662129819227,0.02736088505319861,370,85,1480,5753,7233
1896,subcell,Raw,std_ctrl__tvn_efaar_e0.2_c96,0.2904944179768833,0.042877682819260556,0.012455727514778504,370,66,1480,5817,7297
1897,subcell,Raw,std_ctrl__tvn_efaar_e0.2_c96,0.27608512873479096,-0.015987847833605965,-0.004414007027333352,370,79,1480,5435,6915
1898,subcell,Raw,std_ctrl__tvn_efaar_e0.2_c96,0.289191338614013,0.039363779507298635,0.011383664088622547,370,106,1480,5625,7105
1899,subcell,Raw,std_ctrl__tvn_efaar_e0.2_c96,0.2823543243002163,-0.02717307255675658,-0.007672434540923755,370,49,1480,5657,7137
1900,subcell,Raw,std_ctrl__tvn_efaar_e0.2_c96,0.290070115004173,-0.013234927445522054,-0.003839056926194468,370,74,1480,5529,7009
1901,subcell,Raw,std_ctrl__tvn_efaar_e0.2_c96,0.2263682405422238,-0.016294599932903667,-0.003688579917150841,370,106,1480,5721,7201
1902,subcell,Raw,std_ctrl__tvn_efaar_e0.2_c96,0.3010586907378187,-0.015250673920461958,-0.004591347923363674,370,70,1480,5785,7265
1903,subcell,Raw,std_ctrl__tvn_efaar_e0.2_c96,0.2808835419627471,0.01632582001611518,0.004585654151572745,370,72,1480,5689,7169
1904,subcell,Raw,std_ctrl__tvn_efaar_e0.2_c96,0.2793818808966563,-0.004143284471092292,-0.001157558608623672,370,84,1480,5753,7233
1905,subcell,Raw,std_ctrl__tvn_efaar_e0.2_c96,0.26395374077180767,-0.016886990214214782,-0.004457384237418901,370,80,1480,5593,7073
1906,subcell,Raw,std_ctrl__tvn_efaar_e0.2_c96,0.26801793797036205,-0.04124077696401642,-0.01105326800219129,370,66,1480,5404,6884
1907,subcell,Raw,std_ctrl__tvn_efaar_e0.2_c96,0.3102077344209432,0.07061851562096357,0.021906409738949095,370,99,1480,5817,7297
1908,subcell,Raw,std_ctrl__tvn_efaar_e0.2_c96,0.3071072416105237,0.049307790666789204,0.015142779581586758,370,74,1480,5625,7105
1909,subcell,Raw,std_ctrl__tvn_efaar_e0.2_c96,0.28083548009210507,0.01793821507449946,0.005037687242442492,370,42,1480,5721,7201
1910,subcell,Raw,std_ctrl__tvn_efaar_e0.2_c96,0.28698254441047444,-0.016989202626389883,-0.004875604597226483,370,54,1480,5657,7137
1911,subcell,Raw,std_ctrl__tvn_efaar_e0.2_c96,0.25774775763442753,0.017197592876045508,0.004432641000510535,370,76,1480,5497,6977
1912,subcell,Raw,std_ctrl__tvn_efaar_e0.2_c96,0.28905251210402655,0.02386935286488522,0.0068994964078925155,370,75,1480,5657,7137
1913,subcell,Raw,std_ctrl__tvn_efaar_e0.2_c96,0.26280932840147525,0.0068258782644495,0.0017939044824302006,370,58,1480,5657,7137
1914,subcell,Raw,std_ctrl__tvn_efaar_e0.2_c96,0.2928128715355843,0.001255339733357752,0.000367579632077198,370,80,1480,5913,7393
1915,subcell,Raw,std_ctrl__tvn_efaar_e0.2_c96,0.27730253077779093,0.05786291135301552,0.016045531756362176,370,75,1480,5721,7201
1916,subcell,Raw,std_ctrl__tvn_efaar_e0.2_c96,0.31876325917778536,0.03613747260605815,0.011519298546355033,370,79,1480,5817,7297
1917,subcell,Raw,std_ctrl__tvn_efaar_e0.2_c96,0.27097355154254793,0.01712743418772719,0.004641081670659691,370,63,1480,5854,7334
1918,subcell,Raw,std_ctrl__tvn_efaar_e0.2_c96,0.29562262749978757,0.07000376414034792,0.02069469669004506,370,66,1480,5817,7297
1919,subcell,Raw,std_ctrl__tvn_efaar_e0.2_c96,0.293120396175762,0.08069978520435107,0.023654753010398284,370,81,1480,5849,7329
1920,subcell,Raw,std_ctrl__tvn_efaar_e0.2_c96,0.3309691976491768,-0.01790433423032542,-0.005925783134653495,370,55,1480,5817,7297
1921,subcell,Raw,std_ctrl__tvn_efaar_e0.2_c96,0.3230443618283564,-0.04542315236898894,-0.014673693269272226,370,97,1480,5817,7297
1922,subcell,Raw,std_ctrl__tvn_efaar_e0.2_c96,0.30824889754290924,-0.011270132655928083,-0.003474005966352171,370,69,1480,5817,7297
1923,subcell,Raw,std_ctrl__tvn_efaar_e0.2_c96,0.3097424165004846,0.03805417522874775,0.01178699219328521,370,50,1480,5753,7233
1924,subcell,Raw,std_ctrl__tvn_efaar_e0.2_c96,0.26399860350673704,0.009315246506005626,0.0024592120689064965,370,83,1480,5721,7201
1925,subcell,Raw,std_ctrl__tvn_efaar_e0.2_c96,0.2607250435366238,-0.039285219431168944,-0.010242640546537342,370,78,1480,5849,7329
1926,subcell,Raw,std_ctrl__tvn_efaar_e0.2_c96,0.2853245160548961,0.037990643735713196,0.010839662038506339,370,62,1480,5657,7137
1927,subcell,Raw,std_ctrl__tvn_efaar_e0.2_c96,0.31498094292288226,0.06396022734724087,0.02014625271939585,370,67,1480,5593,7073
1928,subcell,Raw,std_ctrl__tvn_efaar_e0.2_c96,0.27371345425311866,0.057775858385024484,0.01581402977100406,370,81,1480,5369,6849
1929,subcell,Raw,std_ctrl__tvn_efaar_e0.2_c96,0.27165964590196984,0.02383487519071337,0.00647497375442684,370,88,1480,5881,7361
1930,subcell,Raw,std_ctrl__tvn_efaar_e0.2_c96,0.2683055198860779,0.04242748986622127,0.0113835297260178,370,68,1480,5721,7201
1931,subcell,Raw,std_ctrl__tvn_efaar_e0.2_c96,0.2864788473488495,0.024202223253832658,0.006933425021037502,370,77,1480,5689,7169
1932,subcell,Raw,std_ctrl__tvn_efaar_e0.2_c96,0.286913896018039,0.006979720878305242,0.002002578910313006,370,51,1480,5945,7425
1933,subcell,Raw,std_ctrl__tvn_efaar_e0.2_c96,0.26531685773462255,0.09391090542202601,0.02491614633358527,370,83,1480,5753,7233
1934,subcell,Raw,std_ctrl__tvn_efaar_e0.2_c96,0.33011765534324233,-0.021009034005050536,-0.006935453046773731,370,60,1480,5689,7169
1935,subcell,Raw,std_ctrl__tvn_efaar_e0.2_c96,0.278270505655179,-0.02008492789596778,-0.005589043041658765,370,77,1480,5689,7169
1936,subcell,Raw,std_ctrl__tvn_efaar_e0.2_c96,0.2923257711560227,0.00034131040240674003,9.97738265871227e-05,370,49,1480,5593,7073
1937,subcell,Raw,std_ctrl__tvn_efaar_e0.2_c96,0.28907809813092183,-0.0015415736510977734,-0.0004456351791880856,370,94,1480,5689,7169
1938,subcell,Raw,std_ctrl__tvn_efaar_e0.2_c96,0.28516648396872896,-0.012222521904611658,-0.003485453596768879,370,68,1480,5785,7265
1939,subcell,Raw,std_ctrl__tvn_efaar_e0.2_c96,0.27439468511673526,-0.023878277031231996,-0.0065520723071150755,370,90,1480,5657,7137
1940,subcell,Raw,std_ctrl__tvn_efaar_e0.2_c96,0.276539699441854,0.0645867283095295,0.01786079443464997,370,91,1480,5849,7329
1941,subcell,Raw,std_ctrl__tvn_efaar_e0.2_c96,0.2786245187748706,-0.015589936719666825,-0.004343738616247854,370,57,1480,5689,7169
1942,subcell,Raw,std_ctrl__tvn_efaar_e0.2_c96,0.2552117041580391,-0.03967010322925327,-0.010124274649263057,370,69,1480,5625,7105
1943,subcell,Raw,std_ctrl__tvn_efaar_e0.2_c96,0.27263570875064563,0.008808810562816531,0.002401596311043659,370,111,1480,5497,6977
1944,subcell,Raw,std_ctrl__tvn_efaar_e0.2_c96,0.2886264454612476,0.011276652243677597,0.0032547400537952676,370,84,1480,5689,7169
1945,subcell,Raw,std_ctrl__tvn_efaar_e0.2_c96,0.2843237787992563,-0.002279757984274522,-0.0006481894048367076,370,76,1480,5625,7105
1946,subcell,Raw,std_ctrl__tvn_efaar_e0.2_c96,0.2922423838500439,0.016233499128986546,0.0047441164836826396,370,80,1480,5305,6785
1947,subcell,Raw,std_ctrl__tvn_efaar_e0.2_c96,0.2746511780615529,0.008287824102477939,0.0022762606533124983,370,90,1480,5721,7201
1948,subcell,Raw,std_ctrl__tvn_efaar_e0.2_c96,0.2988463616405114,0.011787652498662052,0.003522697061507838,370,64,1480,5529,7009
1949,subcell,Raw,std_ctrl__tvn_efaar_e0.2_c96,0.34352201441062113,0.0775546878627211,0.026641742601588903,370,70,1480,5689,7169
1950,subcell,Raw,std_ctrl__tvn_efaar_e0.2_c96,0.29041558947180873,0.09954985724527583,0.02891083047372119,370,96,1480,5689,7169
1951,subcell,Raw,std_ctrl__tvn_efaar_e0.2_c96,0.30353023991748784,0.05257421150393543,0.01595786303126227,370,48,1480,5689,7169
1952,subcell,Raw,std_ctrl__tvn_efaar_e0.2_c96,0.31912159855819344,0.08400569908426138,0.026808032979768057,370,65,1480,5593,7073
1953,subcell,Raw,std_ctrl__tvn_efaar_e0.2_c96,0.305258001521282,0.002891902778913606,0.0008827764628850092,370,67,1480,5785,7265
1954,subcell,Raw,std_ctrl__tvn_efaar_e0.2_c96,0.2801986241827745,0.033603290432537375,0.009415595747211163,370,79,1480,5817,7297
1955,subcell,Raw,std_ctrl__tvn_efaar_e0.2_c96,0.2931587242061674,0.011816933419175757,0.0034642371251947883,370,54,1480,5593,7073
1956,subcell,Raw,std_ctrl__tvn_efaar_e0.2_c96,0.2672589611725742,-0.009401066600332372,-0.0025125192935190133,370,62,1480,5593,7073
1957,subcell,Raw,std_ctrl__tvn_efaar_e0.2_c96,0.29295245895540295,0.14731247185842444,0.04315555086572404,370,64,1480,5721,7201
1958,subcell,Raw,std_ctrl__tvn_efaar_e0.2_c96,0.2987909588002758,0.051959494542602166,0.015525027193161798,370,68,1480,5657,7137
1959,subcell,Raw,std_ctrl__tvn_efaar_e0.2_c96,0.30117182229195216,0.00415132656069236,0.0012502625852127004,370,86,1480,5945,7425
1960,subcell,Raw,std_ctrl__tvn_efaar_e0.2_c96,0.2885886812902413,0.0341080804885026,0.009843205969518374,370,74,1480,5657,7137
1961,subcell,Raw,std_ctrl__tvn_efaar_e0.2_c96,0.2917740160065107,0.07532527809495254,0.021977958896571552,370,65,1480,5817,7297
1962,subcell,Raw,std_ctrl__tvn_efaar_e0.2_c96,0.2679034982964528,0.013932937426291564,0.003732682678049086,370,82,1480,5564,7044
1963,subcell,Raw,std_ctrl__tvn_efaar_e0.2_c96,0.27854333126875525,0.0027831121108277033,0.0007752173186443656,370,72,1480,5689,7169
1964,subcell,Raw,std_ctrl__tvn_efaar_e0.2_c96,0.281327325266401,-0.013458676884542286,-0.00378629356955302,370,57,1480,5593,7073
1965,subcell,Raw,std_ctrl__tvn_efaar_e0.2_c96,0.28411899841441113,0.021588241816743098,0.006133629642501156,370,57,1480,5727,7207
1966,subcell,Raw,std_ctrl__tvn_efaar_e0.2_c96,0.3004449409997007,-7.371157090989858e-05,-2.2146268573019734e-05,370,78,1480,5785,7265
1967,subcell,Raw,std_ctrl__tvn_efaar_e0.2_c96,0.27834252685990046,-0.030301968412251332,-0.008434326456694922,370,62,1480,5785,7265
1968,subcell,Raw,std_ctrl__tvn_efaar_e0.2_c96,0.27180585119657835,0.06700670353976133,0.01821281409150161,370,90,1480,5817,7297
1969,subcell,Raw,std_ctrl__tvn_efaar_e0.2_c96,0.2983244232871332,-0.012456860435263551,-0.0037161857053183063,370,45,1480,5689,7169
1970,subcell,Raw,std_ctrl__tvn_efaar_e0.2_c96,0.29708685992919504,0.02784178387799841,0.008271428147141834,370,79,1480,5701,7181
1971,subcell,Raw,std_ctrl__tvn_efaar_e0.2_c96,0.2715382838650663,0.031629707828134436,0.008588676582805078,370,112,1480,5689,7169
1972,subcell,Raw,std_ctrl__tvn_efaar_e0.2_c96,0.30337547994756564,0.05806973923883766,0.01761693501201236,370,55,1480,5689,7169
1973,subcell,Raw,std_ctrl__tvn_efaar_e0.2_c96,0.2971547228244351,0.04473689258617545,0.013293778916471492,370,58,1480,5721,7201
1974,subcell,Raw,std_ctrl__tvn_efaar_e0.2_c96,0.25013291191976406,0.01123250211772661,0.0028096184628518734,370,67,1480,5849,7329
1975,subcell,Raw,std_ctrl__tvn_efaar_e0.2_c96,0.2895522057887734,-0.002759078630252893,-0.0007988973033343927,370,82,1480,5721,7201
1976,subcell,Raw,std_ctrl__tvn_efaar_e0.2_c96,0.26112707530207663,-0.004526851395247586,-0.001182083465168127,370,65,1480,5497,6977
1977,subcell,Raw,std_ctrl__tvn_efaar_e0.2_c96,0.2581579626182388,-0.04248680457410793,-0.010968306907010974,370,53,1480,5753,7233
1978,subcell,Raw,std_ctrl__tvn_efaar_e0.2_c96,0.22490971615474142,0.04252256283262053,0.009563737536856841,370,67,1480,5663,7143
1979,subcell,Raw,std_ctrl__tvn_efaar_e0.2_c96,0.2728912434637317,0.0430544039568433,0.011749169832372779,370,65,1480,5561,7041
1980,subcell,Raw,std_ctrl__tvn_efaar_e0.2_c96,0.2573095428892097,-0.007972297269124564,-0.0020513481660953364,370,49,1480,5657,7137
1981,subcell,Raw,std_ctrl__tvn_efaar_e0.2_c96,0.2832834453735033,-0.05951705348899001,-0.016860195970840177,370,41,1480,5657,7137
1982,subcell,Raw,std_ctrl__tvn_efaar_e0.2_c96,0.2752554043562091,0.017034891034157364,0.004688945819770946,370,74,1480,5753,7233
1983,subcell,Raw,std_ctrl__tvn_efaar_e0.2_c96,0.2845793445572479,0.007632215703953441,0.002171970942550605,370,68,1480,5625,7105
1984,subcell,Raw,std_ctrl__tvn_efaar_e0.2_c96,0.28746626856012775,-0.004685819190033349,-0.0013470149577063271,370,60,1480,5721,7201
1985,subcell,Raw,std_ctrl__tvn_efaar_e0.2_c96,0.28870287664333916,-0.03731976808858398,-0.010774324402836485,370,76,1480,5721,7201
1986,subcell,Raw,std_ctrl__tvn_efaar_e0.2_c96,0.283907324500871,0.1027501907946163,0.029171531760453534,370,56,1480,5881,7361
1987,subcell,Raw,std_ctrl__tvn_efaar_e0.2_c96,0.2469895558827918,0.14522164757710676,0.03586823023963691,370,87,1480,5817,7297
1988,subcell,Raw,std_ctrl__tvn_efaar_e0.2_c96,0.28431137586485655,0.021087737398160403,0.005995483633547774,370,63,1480,5785,7265
1989,subcell,Raw,std_ctrl__tvn_efaar_e0.2_c96,0.27162986255858895,0.03782530293348579,0.010274481837059736,370,52,1480,5721,7201
1990,subcell,Raw,std_ctrl__tvn_efaar_e0.2_c96,0.2895002531855431,0.000501268631700719,0.0001451173957913289,370,74,1480,5785,7265
1991,subcell,Raw,std_ctrl__tvn_efaar_e0.2_c96,0.27148110037103623,0.02698667787494788,0.007326373004849548,370,65,1480,5433,6913
1992,subcell,Raw,std_ctrl__tvn_efaar_e0.2_c96,0.3419660487484352,0.024100168837705084,0.008241439511600177,370,47,1480,5497,6977
1993,subcell,Raw,std_ctrl__tvn_efaar_e0.2_c96,0.2890481132738051,-0.002567309555444355,-0.0007420759831910021,370,72,1480,5625,7105
1994,subcell,Raw,std_ctrl__tvn_efaar_e0.2_c96,0.29317636207159875,0.02558034096572093,0.007499551304881149,370,66,1480,5561,7041
1995,subcell,Raw,std_ctrl__tvn_efaar_e0.2_c96,0.3145244702378872,0.06834278399899042,0.021495477931864817,370,93,1480,5497,6977
1996,subcell,Raw,std_ctrl__tvn_efaar_e0.2_c96,0.27358889152032406,0.020256203398020593,0.005541872234074675,370,88,1480,5721,7201
1997,subcell,Raw,std_ctrl__tvn_efaar_e0.2_c96,0.2847437737410623,0.02910555633879129,0.008287625948740529,370,100,1480,5849,7329
1998,subcell,Raw,std_ctrl__tvn_efaar_e0.2_c96,0.2959012975534452,-0.028693444338439223,-0.008490427411021722,370,73,1480,5817,7297
1999,subcell,Raw,std_ctrl__tvn_efaar_e0.2_c96,0.2766554127610968,-0.03833424526257433,-0.010605376446002622,370,92,1480,5721,7201
