sample_id,family,rank_correlation_vs_matched_full,reversal_HQ_gt_Raw,reversal_MQ_gt_HQ,reversal_D20_gt_MQ,any_adjacent_reversal
0,dinov2,0.7999999999999999,True,False,False,True
1,dinov2,1.0,False,False,False,False
2,dinov2,0.0,False,True,False,True
3,dinov2,-0.7999999999999999,False,True,True,True
4,dinov2,0.19999999999999998,False,True,True,True
5,dinov2,-0.7999999999999999,True,False,True,True
6,dinov2,0.39999999999999997,False,True,False,True
7,dinov2,-0.19999999999999998,False,False,True,True
8,dinov2,-1.0,True,True,True,True
9,dinov2,-0.19999999999999998,True,False,False,True
10,dinov2,0.19999999999999998,True,True,False,True
11,dinov2,-0.19999999999999998,False,False,True,True
12,dinov2,-0.39999999999999997,True,False,True,True
13,dinov2,0.39999999999999997,False,True,False,True
14,dinov2,-0.7999999999999999,False,True,True,True
15,dinov2,0.39999999999999997,False,True,False,True
16,dinov2,0.7999999999999999,True,False,False,True
17,dinov2,0.7999999999999999,True,False,False,True
18,dinov2,0.39999999999999997,True,False,False,True
19,dinov2,-0.7999999999999999,False,True,True,True
20,dinov2,0.6000000000000001,True,False,True,True
21,dinov2,0.0,True,False,True,True
22,dinov2,-0.39999999999999997,False,True,True,True
23,dinov2,-0.7999999999999999,True,True,False,True
24,dinov2,0.39999999999999997,False,True,False,True
25,dinov2,0.6000000000000001,True,False,True,True
26,dinov2,-0.7999999999999999,True,False,True,True
27,dinov2,0.39999999999999997,False,False,True,True
28,dinov2,-1.0,True,True,True,True
29,dinov2,0.7999999999999999,True,False,False,True
30,dinov2,0.7999999999999999,False,True,False,True
31,dinov2,-0.39999999999999997,True,False,True,True
32,dinov2,-0.19999999999999998,False,False,True,True
33,dinov2,-0.39999999999999997,True,True,False,True
34,dinov2,-0.7999999999999999,True,True,False,True
35,dinov2,-0.7999999999999999,False,True,True,True
36,dinov2,-0.19999999999999998,False,False,True,True
37,dinov2,-1.0,True,True,True,True
38,dinov2,0.19999999999999998,True,True,False,True
39,dinov2,-1.0,True,True,True,True
40,dinov2,0.39999999999999997,False,True,False,True
41,dinov2,0.7999999999999999,False,False,True,True
42,dinov2,-1.0,True,True,True,True
43,dinov2,0.7999999999999999,True,False,False,True
44,dinov2,0.6000000000000001,True,False,True,True
45,dinov2,0.19999999999999998,True,True,False,True
46,dinov2,0.7999999999999999,False,False,True,True
47,dinov2,0.0,False,True,False,True
48,dinov2,-0.39999999999999997,True,True,False,True
49,dinov2,0.39999999999999997,True,False,False,True
50,dinov2,0.39999999999999997,True,False,False,True
51,dinov2,0.0,False,True,False,True
52,dinov2,0.39999999999999997,False,True,False,True
53,dinov2,0.7999999999999999,False,True,False,True
54,dinov2,-0.7999999999999999,False,True,True,True
55,dinov2,0.7999999999999999,False,True,False,True
56,dinov2,0.39999999999999997,False,True,False,True
57,dinov2,0.0,False,True,False,True
58,dinov2,0.7999999999999999,True,False,False,True
59,dinov2,-1.0,True,True,True,True
60,dinov2,-0.7999999999999999,True,True,False,True
61,dinov2,0.7999999999999999,True,False,False,True
62,dinov2,1.0,False,False,False,False
63,dinov2,0.19999999999999998,True,True,False,True
64,dinov2,0.19999999999999998,True,True,False,True
65,dinov2,-0.39999999999999997,True,True,False,True
66,dinov2,-1.0,True,True,True,True
67,dinov2,0.7999999999999999,False,False,True,True
68,dinov2,-0.39999999999999997,False,True,True,True
69,dinov2,0.6000000000000001,True,False,True,True
70,dinov2,-0.39999999999999997,True,False,True,True
71,dinov2,0.39999999999999997,False,False,True,True
72,dinov2,0.7999999999999999,True,False,False,True
73,dinov2,-0.19999999999999998,True,False,False,True
74,dinov2,0.39999999999999997,False,True,False,True
75,dinov2,-0.7999999999999999,True,True,False,True
76,dinov2,-0.19999999999999998,False,False,True,True
77,dinov2,0.39999999999999997,False,False,True,True
78,dinov2,1.0,False,False,False,False
79,dinov2,0.39999999999999997,False,True,False,True
80,dinov2,0.19999999999999998,False,True,True,True
81,dinov2,-1.0,True,True,True,True
82,dinov2,0.0,True,False,True,True
83,dinov2,-0.39999999999999997,True,True,False,True
84,dinov2,0.39999999999999997,False,True,False,True
85,dinov2,-0.39999999999999997,True,True,False,True
86,dinov2,-0.39999999999999997,False,True,True,True
87,dinov2,-0.7999999999999999,True,True,False,True
88,dinov2,1.0,False,False,False,False
89,dinov2,0.39999999999999997,False,False,True,True
90,dinov2,-0.7999999999999999,False,True,True,True
91,dinov2,0.39999999999999997,False,True,False,True
92,dinov2,-0.39999999999999997,True,True,False,True
93,dinov2,0.7999999999999999,False,False,True,True
94,dinov2,0.0,False,True,False,True
95,dinov2,0.7999999999999999,True,False,False,True
96,dinov2,1.0,False,False,False,False
97,dinov2,1.0,False,False,False,False
98,dinov2,0.7999999999999999,False,True,False,True
99,dinov2,0.6000000000000001,True,False,True,True
100,dinov2,-0.6000000000000001,False,True,False,True
101,dinov2,-0.39999999999999997,False,True,True,True
102,dinov2,0.6000000000000001,True,False,True,True
103,dinov2,0.39999999999999997,True,False,False,True
104,dinov2,0.39999999999999997,False,False,True,True
105,dinov2,0.6000000000000001,True,False,True,True
106,dinov2,0.7999999999999999,False,False,True,True
107,dinov2,0.7999999999999999,True,False,False,True
108,dinov2,-0.7999999999999999,True,True,False,True
109,dinov2,-0.7999999999999999,True,False,True,True
110,dinov2,0.39999999999999997,False,True,False,True
111,dinov2,0.39999999999999997,False,True,False,True
112,dinov2,0.39999999999999997,False,True,False,True
113,dinov2,0.39999999999999997,True,False,False,True
114,dinov2,-0.7999999999999999,True,False,True,True
115,dinov2,0.7999999999999999,False,False,True,True
116,dinov2,0.39999999999999997,True,False,False,True
117,dinov2,-0.39999999999999997,False,True,True,True
118,dinov2,0.39999999999999997,True,False,False,True
119,dinov2,0.0,False,True,False,True
120,dinov2,0.39999999999999997,False,True,False,True
121,dinov2,0.6000000000000001,True,False,True,True
122,dinov2,0.39999999999999997,True,False,False,True
123,dinov2,-0.7999999999999999,True,False,True,True
124,dinov2,0.39999999999999997,False,True,False,True
125,dinov2,-0.39999999999999997,True,False,True,True
126,dinov2,0.6000000000000001,True,False,True,True
127,dinov2,-0.39999999999999997,True,True,False,True
128,dinov2,-0.7999999999999999,False,True,True,True
129,dinov2,0.6000000000000001,True,False,True,True
130,dinov2,0.7999999999999999,True,False,False,True
131,dinov2,0.7999999999999999,True,False,False,True
132,dinov2,-0.7999999999999999,True,False,True,True
133,dinov2,-0.39999999999999997,True,True,False,True
134,dinov2,-0.7999999999999999,True,False,True,True
135,dinov2,0.19999999999999998,True,True,False,True
136,dinov2,-0.39999999999999997,True,False,True,True
137,dinov2,0.7999999999999999,True,False,False,True
138,dinov2,-0.39999999999999997,True,False,True,True
139,dinov2,0.6000000000000001,True,False,True,True
140,dinov2,0.19999999999999998,True,True,False,True
141,dinov2,0.7999999999999999,True,False,False,True
142,dinov2,0.6000000000000001,True,False,True,True
143,dinov2,0.6000000000000001,True,False,True,True
144,dinov2,0.6000000000000001,True,False,True,True
145,dinov2,-0.7999999999999999,True,True,False,True
146,dinov2,0.39999999999999997,False,False,True,True
147,dinov2,1.0,False,False,False,False
148,dinov2,-0.39999999999999997,True,True,False,True
149,dinov2,0.39999999999999997,True,False,False,True
150,dinov2,-0.7999999999999999,False,True,True,True
151,dinov2,0.7999999999999999,False,False,True,True
152,dinov2,-0.39999999999999997,True,False,True,True
153,dinov2,0.19999999999999998,True,True,False,True
154,dinov2,-0.19999999999999998,False,False,True,True
155,dinov2,0.39999999999999997,True,False,False,True
156,dinov2,0.7999999999999999,True,False,False,True
157,dinov2,0.39999999999999997,False,False,True,True
158,dinov2,0.0,True,False,True,True
159,dinov2,-0.7999999999999999,True,True,False,True
160,dinov2,-0.39999999999999997,False,True,True,True
161,dinov2,-1.0,True,True,True,True
162,dinov2,0.19999999999999998,True,True,False,True
163,dinov2,0.39999999999999997,True,False,False,True
164,dinov2,0.39999999999999997,False,False,True,True
165,dinov2,0.19999999999999998,True,True,False,True
166,dinov2,-0.19999999999999998,True,False,False,True
167,dinov2,0.39999999999999997,False,True,False,True
168,dinov2,0.19999999999999998,False,True,True,True
169,dinov2,1.0,False,False,False,False
170,dinov2,0.0,True,False,True,True
171,dinov2,-0.39999999999999997,True,False,True,True
172,dinov2,-0.7999999999999999,True,False,True,True
173,dinov2,-0.7999999999999999,True,True,False,True
174,dinov2,0.0,True,False,True,True
175,dinov2,0.39999999999999997,False,True,False,True
176,dinov2,0.19999999999999998,False,True,True,True
177,dinov2,-0.6000000000000001,False,True,False,True
178,dinov2,-0.39999999999999997,False,True,True,True
179,dinov2,0.39999999999999997,True,False,False,True
180,dinov2,1.0,False,False,False,False
181,dinov2,-0.39999999999999997,True,False,True,True
182,dinov2,-0.19999999999999998,True,False,False,True
183,dinov2,0.39999999999999997,True,False,False,True
184,dinov2,0.6000000000000001,True,False,True,True
185,dinov2,1.0,False,False,False,False
186,dinov2,0.19999999999999998,False,True,True,True
187,dinov2,0.39999999999999997,False,True,False,True
188,dinov2,0.39999999999999997,True,False,False,True
189,dinov2,-1.0,True,True,True,True
190,dinov2,-0.7999999999999999,True,True,False,True
191,dinov2,-0.7999999999999999,False,True,True,True
192,dinov2,0.39999999999999997,False,True,False,True
193,dinov2,-0.39999999999999997,True,False,True,True
194,dinov2,0.0,False,True,False,True
195,dinov2,1.0,False,False,False,False
196,dinov2,-0.39999999999999997,True,True,False,True
197,dinov2,0.7999999999999999,False,True,False,True
198,dinov2,-1.0,True,True,True,True
199,dinov2,0.39999999999999997,True,False,False,True
200,dinov2,-0.7999999999999999,True,True,False,True
201,dinov2,0.0,False,True,False,True
202,dinov2,0.7999999999999999,False,True,False,True
203,dinov2,0.19999999999999998,True,True,False,True
204,dinov2,0.39999999999999997,False,True,False,True
205,dinov2,-0.7999999999999999,True,False,True,True
206,dinov2,0.7999999999999999,True,False,False,True
207,dinov2,0.39999999999999997,False,True,False,True
208,dinov2,0.7999999999999999,False,False,True,True
209,dinov2,-0.39999999999999997,True,True,False,True
210,dinov2,1.0,False,False,False,False
211,dinov2,-0.39999999999999997,True,True,False,True
212,dinov2,0.39999999999999997,False,False,True,True
213,dinov2,-0.6000000000000001,False,True,False,True
214,dinov2,0.19999999999999998,True,True,False,True
215,dinov2,0.39999999999999997,False,True,False,True
216,dinov2,-0.39999999999999997,True,False,True,True
217,dinov2,0.19999999999999998,False,True,True,True
218,dinov2,0.7999999999999999,True,False,False,True
219,dinov2,-0.19999999999999998,False,False,True,True
220,dinov2,0.0,False,True,False,True
221,dinov2,0.7999999999999999,True,False,False,True
222,dinov2,0.7999999999999999,True,False,False,True
223,dinov2,1.0,False,False,False,False
224,dinov2,0.39999999999999997,False,True,False,True
225,dinov2,0.6000000000000001,True,False,True,True
226,dinov2,0.39999999999999997,False,True,False,True
227,dinov2,0.39999999999999997,False,True,False,True
228,dinov2,-0.6000000000000001,False,True,False,True
229,dinov2,0.7999999999999999,False,False,True,True
230,dinov2,0.7999999999999999,False,False,True,True
231,dinov2,0.39999999999999997,False,False,True,True
232,dinov2,-0.19999999999999998,True,False,False,True
233,dinov2,0.39999999999999997,False,True,False,True
234,dinov2,-0.7999999999999999,True,False,True,True
235,dinov2,0.39999999999999997,False,True,False,True
236,dinov2,-0.39999999999999997,True,False,True,True
237,dinov2,-1.0,True,True,True,True
238,dinov2,0.0,True,False,True,True
239,dinov2,-0.19999999999999998,False,False,True,True
240,dinov2,-0.19999999999999998,True,False,False,True
241,dinov2,0.19999999999999998,False,True,True,True
242,dinov2,0.19999999999999998,False,True,True,True
243,dinov2,0.7999999999999999,True,False,False,True
244,dinov2,0.39999999999999997,False,True,False,True
245,dinov2,0.39999999999999997,True,False,False,True
246,dinov2,0.7999999999999999,False,False,True,True
247,dinov2,-0.7999999999999999,True,False,True,True
248,dinov2,0.19999999999999998,True,True,False,True
249,dinov2,0.39999999999999997,True,False,False,True
250,dinov2,-1.0,True,True,True,True
251,dinov2,-0.7999999999999999,True,False,True,True
252,dinov2,0.7999999999999999,True,False,False,True
253,dinov2,-0.39999999999999997,True,False,True,True
254,dinov2,0.7999999999999999,True,False,False,True
255,dinov2,0.39999999999999997,False,False,True,True
256,dinov2,-1.0,True,True,True,True
257,dinov2,0.19999999999999998,True,True,False,True
258,dinov2,0.39999999999999997,False,True,False,True
259,dinov2,0.0,False,True,False,True
260,dinov2,0.7999999999999999,False,False,True,True
261,dinov2,0.7999999999999999,False,False,True,True
262,dinov2,-0.7999999999999999,True,True,False,True
263,dinov2,0.39999999999999997,False,False,True,True
264,dinov2,0.0,False,True,False,True
265,dinov2,0.0,False,True,False,True
266,dinov2,-0.39999999999999997,True,True,False,True
267,dinov2,1.0,False,False,False,False
268,dinov2,0.7999999999999999,True,False,False,True
269,dinov2,-0.7999999999999999,True,True,False,True
270,dinov2,-0.19999999999999998,True,False,False,True
271,dinov2,0.7999999999999999,False,True,False,True
272,dinov2,-0.19999999999999998,False,False,True,True
273,dinov2,-0.39999999999999997,False,True,True,True
274,dinov2,-0.39999999999999997,True,False,True,True
275,dinov2,0.7999999999999999,True,False,False,True
276,dinov2,0.6000000000000001,True,False,True,True
277,dinov2,0.7999999999999999,True,False,False,True
278,dinov2,-0.19999999999999998,True,False,False,True
279,dinov2,0.19999999999999998,True,True,False,True
280,dinov2,0.39999999999999997,False,True,False,True
281,dinov2,-0.19999999999999998,False,False,True,True
282,dinov2,0.7999999999999999,True,False,False,True
283,dinov2,-1.0,True,True,True,True
284,dinov2,-1.0,True,True,True,True
285,dinov2,-0.6000000000000001,False,True,False,True
286,dinov2,-0.39999999999999997,True,False,True,True
287,dinov2,0.19999999999999998,False,True,True,True
288,dinov2,0.7999999999999999,True,False,False,True
289,dinov2,0.39999999999999997,False,True,False,True
290,dinov2,0.7999999999999999,True,False,False,True
291,dinov2,-0.39999999999999997,False,True,True,True
292,dinov2,-0.19999999999999998,False,False,True,True
293,dinov2,-1.0,True,True,True,True
294,dinov2,0.0,False,True,False,True
295,dinov2,0.39999999999999997,False,True,False,True
296,dinov2,-0.6000000000000001,False,True,False,True
297,dinov2,0.0,True,False,True,True
298,dinov2,0.39999999999999997,False,True,False,True
299,dinov2,0.6000000000000001,True,False,True,True
300,dinov2,-0.19999999999999998,True,False,False,True
301,dinov2,0.39999999999999997,False,True,False,True
302,dinov2,0.6000000000000001,True,False,True,True
303,dinov2,-0.19999999999999998,False,False,True,True
304,dinov2,-0.39999999999999997,True,True,False,True
305,dinov2,1.0,False,False,False,False
306,dinov2,0.39999999999999997,False,False,True,True
307,dinov2,-0.19999999999999998,True,False,False,True
308,dinov2,1.0,False,False,False,False
309,dinov2,0.39999999999999997,False,True,False,True
310,dinov2,-0.6000000000000001,False,True,False,True
311,dinov2,0.39999999999999997,True,False,False,True
312,dinov2,0.7999999999999999,False,False,True,True
313,dinov2,0.6000000000000001,True,False,True,True
314,dinov2,0.0,False,True,False,True
315,dinov2,-0.7999999999999999,False,True,True,True
316,dinov2,0.39999999999999997,False,True,False,True
317,dinov2,0.39999999999999997,True,False,False,True
318,dinov2,0.39999999999999997,True,False,False,True
319,dinov2,0.0,False,True,False,True
320,dinov2,0.7999999999999999,True,False,False,True
321,dinov2,0.0,False,True,False,True
322,dinov2,-0.39999999999999997,True,False,True,True
323,dinov2,0.39999999999999997,False,True,False,True
324,dinov2,-1.0,True,True,True,True
325,dinov2,0.7999999999999999,False,True,False,True
326,dinov2,-0.39999999999999997,True,False,True,True
327,dinov2,0.7999999999999999,False,False,True,True
328,dinov2,0.0,False,True,False,True
329,dinov2,0.39999999999999997,False,True,False,True
330,dinov2,0.7999999999999999,True,False,False,True
331,dinov2,-1.0,True,True,True,True
332,dinov2,0.7999999999999999,False,False,True,True
333,dinov2,0.19999999999999998,True,True,False,True
334,dinov2,0.6000000000000001,True,False,True,True
335,dinov2,0.19999999999999998,True,True,False,True
336,dinov2,0.7999999999999999,True,False,False,True
337,dinov2,0.19999999999999998,False,True,True,True
338,dinov2,0.39999999999999997,False,True,False,True
339,dinov2,0.7999999999999999,False,True,False,True
340,dinov2,-0.7999999999999999,True,True,False,True
341,dinov2,0.19999999999999998,False,True,True,True
342,dinov2,-0.39999999999999997,True,True,False,True
343,dinov2,-0.39999999999999997,True,False,True,True
344,dinov2,0.7999999999999999,False,True,False,True
345,dinov2,-0.39999999999999997,True,False,True,True
346,dinov2,-0.39999999999999997,True,True,False,True
347,dinov2,-0.39999999999999997,True,True,False,True
348,dinov2,0.0,False,True,False,True
349,dinov2,0.19999999999999998,False,True,True,True
350,dinov2,1.0,False,False,False,False
351,dinov2,-0.39999999999999997,True,True,False,True
352,dinov2,0.39999999999999997,False,False,True,True
353,dinov2,-0.7999999999999999,False,True,True,True
354,dinov2,0.7999999999999999,False,False,True,True
355,dinov2,0.39999999999999997,False,False,True,True
356,dinov2,0.0,False,True,False,True
357,dinov2,0.7999999999999999,False,False,True,True
358,dinov2,-0.39999999999999997,True,False,True,True
359,dinov2,0.0,True,False,True,True
360,dinov2,-1.0,True,True,True,True
361,dinov2,0.39999999999999997,False,True,False,True
362,dinov2,-0.6000000000000001,False,True,False,True
363,dinov2,0.39999999999999997,False,False,True,True
364,dinov2,0.0,False,True,False,True
365,dinov2,0.6000000000000001,True,False,True,True
366,dinov2,0.0,True,False,True,True
367,dinov2,-0.19999999999999998,False,False,True,True
368,dinov2,0.7999999999999999,False,False,True,True
369,dinov2,-0.39999999999999997,True,False,True,True
370,dinov2,0.7999999999999999,True,False,False,True
371,dinov2,0.7999999999999999,False,True,False,True
372,dinov2,0.7999999999999999,True,False,False,True
373,dinov2,0.7999999999999999,False,True,False,True
374,dinov2,-0.7999999999999999,False,True,True,True
375,dinov2,0.39999999999999997,True,False,False,True
376,dinov2,1.0,False,False,False,False
377,dinov2,-0.19999999999999998,True,False,False,True
378,dinov2,-0.39999999999999997,True,True,False,True
379,dinov2,-0.39999999999999997,True,False,True,True
380,dinov2,0.39999999999999997,False,True,False,True
381,dinov2,0.39999999999999997,False,True,False,True
382,dinov2,0.7999999999999999,False,False,True,True
383,dinov2,0.39999999999999997,False,True,False,True
384,dinov2,-0.6000000000000001,False,True,False,True
385,dinov2,-0.7999999999999999,False,True,True,True
386,dinov2,-0.6000000000000001,False,True,False,True
387,dinov2,-0.7999999999999999,True,True,False,True
388,dinov2,1.0,False,False,False,False
389,dinov2,0.7999999999999999,False,True,False,True
390,dinov2,0.19999999999999998,False,True,True,True
391,dinov2,0.7999999999999999,True,False,False,True
392,dinov2,-0.39999999999999997,True,True,False,True
393,dinov2,0.39999999999999997,False,False,True,True
394,dinov2,0.0,False,True,False,True
395,dinov2,1.0,False,False,False,False
396,dinov2,0.19999999999999998,True,True,False,True
397,dinov2,-0.6000000000000001,False,True,False,True
398,dinov2,-0.39999999999999997,False,True,True,True
399,dinov2,0.39999999999999997,False,False,True,True
400,dinov2,0.7999999999999999,False,False,True,True
401,dinov2,0.7999999999999999,False,False,True,True
402,dinov2,0.7999999999999999,True,False,False,True
403,dinov2,-0.7999999999999999,False,True,True,True
404,dinov2,0.39999999999999997,False,False,True,True
405,dinov2,0.7999999999999999,True,False,False,True
406,dinov2,0.6000000000000001,True,False,True,True
407,dinov2,1.0,False,False,False,False
408,dinov2,0.7999999999999999,False,False,True,True
409,dinov2,0.39999999999999997,False,True,False,True
410,dinov2,0.19999999999999998,True,True,False,True
411,dinov2,-0.6000000000000001,False,True,False,True
412,dinov2,0.39999999999999997,True,False,False,True
413,dinov2,-0.6000000000000001,False,True,False,True
414,dinov2,-0.7999999999999999,True,True,False,True
415,dinov2,0.0,True,False,True,True
416,dinov2,0.7999999999999999,False,True,False,True
417,dinov2,0.7999999999999999,False,True,False,True
418,dinov2,-0.6000000000000001,False,True,False,True
419,dinov2,0.7999999999999999,True,False,False,True
420,dinov2,-0.39999999999999997,True,False,True,True
421,dinov2,-0.39999999999999997,True,False,True,True
422,dinov2,0.0,True,False,True,True
423,dinov2,0.19999999999999998,True,True,False,True
424,dinov2,0.7999999999999999,False,True,False,True
425,dinov2,0.7999999999999999,True,False,False,True
426,dinov2,0.7999999999999999,False,True,False,True
427,dinov2,-0.39999999999999997,True,True,False,True
428,dinov2,-0.19999999999999998,False,False,True,True
429,dinov2,0.39999999999999997,True,False,False,True
430,dinov2,1.0,False,False,False,False
431,dinov2,0.19999999999999998,True,True,False,True
432,dinov2,0.0,True,False,True,True
433,dinov2,-0.7999999999999999,True,False,True,True
434,dinov2,0.0,True,False,True,True
435,dinov2,0.7999999999999999,False,False,True,True
436,dinov2,0.7999999999999999,False,True,False,True
437,dinov2,-0.39999999999999997,False,True,True,True
438,dinov2,0.39999999999999997,False,True,False,True
439,dinov2,0.19999999999999998,True,True,False,True
440,dinov2,0.0,False,True,False,True
441,dinov2,0.19999999999999998,True,True,False,True
442,dinov2,0.19999999999999998,True,True,False,True
443,dinov2,-0.19999999999999998,False,False,True,True
444,dinov2,0.7999999999999999,False,False,True,True
445,dinov2,0.39999999999999997,False,True,False,True
446,dinov2,0.6000000000000001,True,False,True,True
447,dinov2,0.39999999999999997,False,True,False,True
448,dinov2,1.0,False,False,False,False
449,dinov2,0.7999999999999999,False,True,False,True
450,dinov2,-0.7999999999999999,True,True,False,True
451,dinov2,-0.39999999999999997,False,True,True,True
452,dinov2,0.7999999999999999,False,False,True,True
453,dinov2,0.0,False,True,False,True
454,dinov2,0.7999999999999999,True,False,False,True
455,dinov2,-1.0,True,True,True,True
456,dinov2,0.39999999999999997,False,True,False,True
457,dinov2,-0.19999999999999998,False,False,True,True
458,dinov2,-0.39999999999999997,True,False,True,True
459,dinov2,0.7999999999999999,True,False,False,True
460,dinov2,0.7999999999999999,False,False,True,True
461,dinov2,0.0,False,True,False,True
462,dinov2,0.39999999999999997,True,False,False,True
463,dinov2,0.6000000000000001,True,False,True,True
464,dinov2,0.39999999999999997,True,False,False,True
465,dinov2,0.6000000000000001,True,False,True,True
466,dinov2,0.39999999999999997,False,True,False,True
467,dinov2,0.7999999999999999,False,True,False,True
468,dinov2,0.0,True,False,True,True
469,dinov2,0.39999999999999997,True,False,False,True
470,dinov2,1.0,False,False,False,False
471,dinov2,0.39999999999999997,False,True,False,True
472,dinov2,-0.6000000000000001,False,True,False,True
473,dinov2,0.7999999999999999,True,False,False,True
474,dinov2,-0.19999999999999998,True,False,False,True
475,dinov2,0.0,False,True,False,True
476,dinov2,0.7999999999999999,False,True,False,True
477,dinov2,0.19999999999999998,False,True,True,True
478,dinov2,0.6000000000000001,True,False,True,True
479,dinov2,0.7999999999999999,False,False,True,True
480,dinov2,-0.39999999999999997,True,False,True,True
481,dinov2,0.19999999999999998,True,True,False,True
482,dinov2,-0.7999999999999999,True,True,False,True
483,dinov2,-0.39999999999999997,True,False,True,True
484,dinov2,0.39999999999999997,True,False,False,True
485,dinov2,-0.39999999999999997,True,False,True,True
486,dinov2,0.39999999999999997,True,False,False,True
487,dinov2,0.7999999999999999,True,False,False,True
488,dinov2,-0.7999999999999999,False,True,True,True
489,dinov2,1.0,False,False,False,False
490,dinov2,-0.7999999999999999,True,True,False,True
491,dinov2,-0.7999999999999999,True,True,False,True
492,dinov2,0.7999999999999999,False,True,False,True
493,dinov2,0.6000000000000001,True,False,True,True
494,dinov2,0.19999999999999998,False,True,True,True
495,dinov2,-0.19999999999999998,True,False,False,True
496,dinov2,0.7999999999999999,False,True,False,True
497,dinov2,-0.7999999999999999,True,True,False,True
498,dinov2,0.39999999999999997,False,True,False,True
499,dinov2,0.39999999999999997,False,True,False,True
500,dinov2,-0.6000000000000001,False,True,False,True
501,dinov2,-0.39999999999999997,True,False,True,True
502,dinov2,0.0,False,True,False,True
503,dinov2,0.39999999999999997,False,False,True,True
504,dinov2,0.39999999999999997,True,False,False,True
505,dinov2,0.19999999999999998,False,True,True,True
506,dinov2,0.0,False,True,False,True
507,dinov2,-0.39999999999999997,True,False,True,True
508,dinov2,0.39999999999999997,True,False,False,True
509,dinov2,0.19999999999999998,True,True,False,True
510,dinov2,-0.19999999999999998,False,False,True,True
511,dinov2,0.0,True,False,True,True
512,dinov2,0.39999999999999997,False,True,False,True
513,dinov2,0.19999999999999998,True,True,False,True
514,dinov2,0.7999999999999999,True,False,False,True
515,dinov2,0.7999999999999999,False,False,True,True
516,dinov2,1.0,False,False,False,False
517,dinov2,0.6000000000000001,True,False,True,True
518,dinov2,-0.19999999999999998,False,False,True,True
519,dinov2,0.6000000000000001,True,False,True,True
520,dinov2,0.19999999999999998,True,True,False,True
521,dinov2,-0.19999999999999998,True,False,False,True
522,dinov2,0.7999999999999999,False,True,False,True
523,dinov2,-0.19999999999999998,False,False,True,True
524,dinov2,-0.39999999999999997,True,False,True,True
525,dinov2,-0.6000000000000001,False,True,False,True
526,dinov2,-0.6000000000000001,False,True,False,True
527,dinov2,0.7999999999999999,False,False,True,True
528,dinov2,-0.6000000000000001,False,True,False,True
529,dinov2,1.0,False,False,False,False
530,dinov2,0.6000000000000001,True,False,True,True
531,dinov2,0.7999999999999999,False,False,True,True
532,dinov2,0.7999999999999999,False,False,True,True
533,dinov2,-0.39999999999999997,True,True,False,True
534,dinov2,0.6000000000000001,True,False,True,True
535,dinov2,-0.19999999999999998,True,False,False,True
536,dinov2,-0.6000000000000001,False,True,False,True
537,dinov2,0.39999999999999997,False,True,False,True
538,dinov2,-0.39999999999999997,True,False,True,True
539,dinov2,0.39999999999999997,False,True,False,True
540,dinov2,0.7999999999999999,True,False,False,True
541,dinov2,0.39999999999999997,False,True,False,True
542,dinov2,-1.0,True,True,True,True
543,dinov2,-0.7999999999999999,True,True,False,True
544,dinov2,0.7999999999999999,False,False,True,True
545,dinov2,1.0,False,False,False,False
546,dinov2,0.19999999999999998,True,True,False,True
547,dinov2,0.39999999999999997,False,True,False,True
548,dinov2,1.0,False,False,False,False
549,dinov2,0.39999999999999997,False,True,False,True
550,dinov2,0.39999999999999997,False,True,False,True
551,dinov2,-0.7999999999999999,False,True,True,True
552,dinov2,-0.19999999999999998,True,False,False,True
553,dinov2,0.7999999999999999,False,False,True,True
554,dinov2,-0.7999999999999999,False,True,True,True
555,dinov2,0.39999999999999997,False,True,False,True
556,dinov2,0.19999999999999998,False,True,True,True
557,dinov2,0.39999999999999997,True,False,False,True
558,dinov2,0.7999999999999999,True,False,False,True
559,dinov2,0.19999999999999998,True,True,False,True
560,dinov2,0.6000000000000001,True,False,True,True
561,dinov2,0.0,True,False,True,True
562,dinov2,0.19999999999999998,False,True,True,True
563,dinov2,0.19999999999999998,True,True,False,True
564,dinov2,-0.39999999999999997,True,False,True,True
565,dinov2,0.39999999999999997,False,True,False,True
566,dinov2,0.7999999999999999,False,True,False,True
567,dinov2,-0.7999999999999999,True,True,False,True
568,dinov2,0.39999999999999997,False,True,False,True
569,dinov2,-0.6000000000000001,False,True,False,True
570,dinov2,0.7999999999999999,True,False,False,True
571,dinov2,0.7999999999999999,True,False,False,True
572,dinov2,-0.19999999999999998,False,False,True,True
573,dinov2,-0.6000000000000001,False,True,False,True
574,dinov2,-1.0,True,True,True,True
575,dinov2,-0.7999999999999999,False,True,True,True
576,dinov2,-0.39999999999999997,True,True,False,True
577,dinov2,-0.7999999999999999,True,True,False,True
578,dinov2,1.0,False,False,False,False
579,dinov2,0.7999999999999999,True,False,False,True
580,dinov2,0.39999999999999997,False,True,False,True
581,dinov2,0.19999999999999998,True,True,False,True
582,dinov2,-0.6000000000000001,False,True,False,True
583,dinov2,0.39999999999999997,False,True,False,True
584,dinov2,0.7999999999999999,False,True,False,True
585,dinov2,0.7999999999999999,False,True,False,True
586,dinov2,1.0,False,False,False,False
587,dinov2,0.39999999999999997,False,True,False,True
588,dinov2,0.7999999999999999,True,False,False,True
589,dinov2,0.39999999999999997,True,False,False,True
590,dinov2,0.7999999999999999,False,False,True,True
591,dinov2,0.39999999999999997,False,False,True,True
592,dinov2,-1.0,True,True,True,True
593,dinov2,0.39999999999999997,False,False,True,True
594,dinov2,-0.7999999999999999,True,False,True,True
595,dinov2,-0.7999999999999999,True,True,False,True
596,dinov2,-0.7999999999999999,False,True,True,True
597,dinov2,0.7999999999999999,True,False,False,True
598,dinov2,0.39999999999999997,False,True,False,True
599,dinov2,0.6000000000000001,True,False,True,True
600,dinov2,0.19999999999999998,True,True,False,True
601,dinov2,-0.7999999999999999,False,True,True,True
602,dinov2,0.39999999999999997,False,True,False,True
603,dinov2,0.7999999999999999,False,True,False,True
604,dinov2,-0.7999999999999999,True,True,False,True
605,dinov2,0.39999999999999997,True,False,False,True
606,dinov2,0.39999999999999997,True,False,False,True
607,dinov2,-0.39999999999999997,False,True,True,True
608,dinov2,0.39999999999999997,False,True,False,True
609,dinov2,-0.39999999999999997,True,False,True,True
610,dinov2,0.0,True,False,True,True
611,dinov2,0.19999999999999998,False,True,True,True
612,dinov2,-0.19999999999999998,True,False,False,True
613,dinov2,-0.19999999999999998,True,False,False,True
614,dinov2,-0.19999999999999998,True,False,False,True
615,dinov2,1.0,False,False,False,False
616,dinov2,0.19999999999999998,True,True,False,True
617,dinov2,0.39999999999999997,False,True,False,True
618,dinov2,-0.39999999999999997,True,False,True,True
619,dinov2,0.39999999999999997,False,True,False,True
620,dinov2,1.0,False,False,False,False
621,dinov2,0.39999999999999997,False,False,True,True
622,dinov2,-0.7999999999999999,False,True,True,True
623,dinov2,-0.39999999999999997,False,True,True,True
624,dinov2,-0.39999999999999997,True,False,True,True
625,dinov2,-0.39999999999999997,False,True,True,True
626,dinov2,0.7999999999999999,False,True,False,True
627,dinov2,0.19999999999999998,True,True,False,True
628,dinov2,-0.7999999999999999,False,True,True,True
629,dinov2,-0.7999999999999999,True,True,False,True
630,dinov2,0.0,False,True,False,True
631,dinov2,0.6000000000000001,True,False,True,True
632,dinov2,-0.39999999999999997,True,False,True,True
633,dinov2,0.39999999999999997,False,True,False,True
634,dinov2,-0.7999999999999999,False,True,True,True
635,dinov2,0.6000000000000001,True,False,True,True
636,dinov2,-0.7999999999999999,True,False,True,True
637,dinov2,-0.39999999999999997,True,True,False,True
638,dinov2,-0.39999999999999997,True,False,True,True
639,dinov2,-0.7999999999999999,True,True,False,True
640,dinov2,-0.39999999999999997,True,False,True,True
641,dinov2,-0.39999999999999997,True,False,True,True
642,dinov2,0.19999999999999998,False,True,True,True
643,dinov2,-0.39999999999999997,False,True,True,True
644,dinov2,-0.39999999999999997,True,True,False,True
645,dinov2,0.39999999999999997,False,True,False,True
646,dinov2,-0.39999999999999997,True,True,False,True
647,dinov2,-0.6000000000000001,False,True,False,True
648,dinov2,-0.19999999999999998,True,False,False,True
649,dinov2,0.6000000000000001,True,False,True,True
650,dinov2,0.39999999999999997,False,True,False,True
651,dinov2,-0.39999999999999997,True,False,True,True
652,dinov2,-0.6000000000000001,False,True,False,True
653,dinov2,1.0,False,False,False,False
654,dinov2,1.0,False,False,False,False
655,dinov2,-0.7999999999999999,True,False,True,True
656,dinov2,1.0,False,False,False,False
657,dinov2,0.39999999999999997,True,False,False,True
658,dinov2,0.39999999999999997,True,False,False,True
659,dinov2,-0.39999999999999997,False,True,True,True
660,dinov2,-0.39999999999999997,False,True,True,True
661,dinov2,-0.39999999999999997,True,False,True,True
662,dinov2,-0.7999999999999999,True,False,True,True
663,dinov2,0.19999999999999998,True,True,False,True
664,dinov2,0.19999999999999998,True,True,False,True
665,dinov2,-0.6000000000000001,False,True,False,True
666,dinov2,0.7999999999999999,False,False,True,True
667,dinov2,-1.0,True,True,True,True
668,dinov2,-0.19999999999999998,False,False,True,True
669,dinov2,0.7999999999999999,False,True,False,True
670,dinov2,0.7999999999999999,False,False,True,True
671,dinov2,-0.7999999999999999,True,True,False,True
672,dinov2,0.7999999999999999,False,True,False,True
673,dinov2,0.7999999999999999,True,False,False,True
674,dinov2,0.0,False,True,False,True
675,dinov2,0.19999999999999998,False,True,True,True
676,dinov2,0.7999999999999999,False,True,False,True
677,dinov2,0.7999999999999999,False,False,True,True
678,dinov2,0.0,False,True,False,True
679,dinov2,0.39999999999999997,True,False,False,True
680,dinov2,-0.19999999999999998,True,False,False,True
681,dinov2,0.7999999999999999,True,False,False,True
682,dinov2,0.0,False,True,False,True
683,dinov2,0.39999999999999997,False,True,False,True
684,dinov2,0.39999999999999997,False,False,True,True
685,dinov2,-1.0,True,True,True,True
686,dinov2,1.0,False,False,False,False
687,dinov2,-0.19999999999999998,True,False,False,True
688,dinov2,-0.7999999999999999,True,False,True,True
689,dinov2,0.39999999999999997,True,False,False,True
690,dinov2,0.0,False,True,False,True
691,dinov2,-0.19999999999999998,False,False,True,True
692,dinov2,-0.19999999999999998,False,False,True,True
693,dinov2,-0.19999999999999998,True,False,False,True
694,dinov2,-0.19999999999999998,True,False,False,True
695,dinov2,-0.19999999999999998,True,False,False,True
696,dinov2,0.7999999999999999,True,False,False,True
697,dinov2,-0.7999999999999999,True,False,True,True
698,dinov2,0.19999999999999998,True,True,False,True
699,dinov2,0.39999999999999997,False,True,False,True
700,dinov2,1.0,False,False,False,False
701,dinov2,0.7999999999999999,False,True,False,True
702,dinov2,0.19999999999999998,True,True,False,True
703,dinov2,-0.39999999999999997,True,False,True,True
704,dinov2,0.7999999999999999,False,True,False,True
705,dinov2,0.7999999999999999,True,False,False,True
706,dinov2,0.7999999999999999,True,False,False,True
707,dinov2,0.0,False,True,False,True
708,dinov2,0.19999999999999998,True,True,False,True
709,dinov2,0.39999999999999997,False,True,False,True
710,dinov2,0.39999999999999997,False,True,False,True
711,dinov2,0.19999999999999998,True,True,False,True
712,dinov2,-0.39999999999999997,False,True,True,True
713,dinov2,0.7999999999999999,False,False,True,True
714,dinov2,-0.19999999999999998,True,False,False,True
715,dinov2,0.7999999999999999,False,False,True,True
716,dinov2,0.0,False,True,False,True
717,dinov2,1.0,False,False,False,False
718,dinov2,0.7999999999999999,False,True,False,True
719,dinov2,-0.19999999999999998,False,False,True,True
720,dinov2,0.39999999999999997,False,False,True,True
721,dinov2,0.39999999999999997,True,False,False,True
722,dinov2,0.7999999999999999,False,True,False,True
723,dinov2,-0.7999999999999999,False,True,True,True
724,dinov2,0.7999999999999999,True,False,False,True
725,dinov2,0.39999999999999997,False,True,False,True
726,dinov2,0.0,False,True,False,True
727,dinov2,1.0,False,False,False,False
728,dinov2,0.39999999999999997,False,False,True,True
729,dinov2,-0.39999999999999997,False,True,True,True
730,dinov2,-0.39999999999999997,True,False,True,True
731,dinov2,0.6000000000000001,True,False,True,True
732,dinov2,0.7999999999999999,False,True,False,True
733,dinov2,0.19999999999999998,False,True,True,True
734,dinov2,-0.39999999999999997,True,True,False,True
735,dinov2,-1.0,True,True,True,True
736,dinov2,0.19999999999999998,False,True,True,True
737,dinov2,0.0,True,False,True,True
738,dinov2,0.7999999999999999,False,True,False,True
739,dinov2,0.39999999999999997,False,False,True,True
740,dinov2,0.39999999999999997,False,True,False,True
741,dinov2,0.39999999999999997,False,True,False,True
742,dinov2,-0.39999999999999997,True,False,True,True
743,dinov2,0.39999999999999997,True,False,False,True
744,dinov2,0.6000000000000001,True,False,True,True
745,dinov2,-0.39999999999999997,True,False,True,True
746,dinov2,-0.7999999999999999,True,True,False,True
747,dinov2,0.7999999999999999,False,True,False,True
748,dinov2,-0.39999999999999997,False,True,True,True
749,dinov2,-0.6000000000000001,False,True,False,True
750,dinov2,0.7999999999999999,False,False,True,True
751,dinov2,-0.39999999999999997,True,False,True,True
752,dinov2,0.7999999999999999,False,True,False,True
753,dinov2,0.39999999999999997,True,False,False,True
754,dinov2,-0.39999999999999997,True,True,False,True
755,dinov2,-0.39999999999999997,True,True,False,True
756,dinov2,0.39999999999999997,True,False,False,True
757,dinov2,0.0,False,True,False,True
758,dinov2,0.39999999999999997,False,True,False,True
759,dinov2,-0.19999999999999998,True,False,False,True
760,dinov2,0.7999999999999999,False,True,False,True
761,dinov2,-0.7999999999999999,True,True,False,True
762,dinov2,-0.19999999999999998,True,False,False,True
763,dinov2,0.19999999999999998,True,True,False,True
764,dinov2,-0.7999999999999999,True,True,False,True
765,dinov2,0.39999999999999997,False,True,False,True
766,dinov2,0.39999999999999997,False,False,True,True
767,dinov2,0.39999999999999997,True,False,False,True
768,dinov2,-0.39999999999999997,True,False,True,True
769,dinov2,-1.0,True,True,True,True
770,dinov2,0.19999999999999998,False,True,True,True
771,dinov2,0.0,True,False,True,True
772,dinov2,-0.39999999999999997,False,True,True,True
773,dinov2,-0.39999999999999997,True,True,False,True
774,dinov2,-0.6000000000000001,False,True,False,True
775,dinov2,-0.39999999999999997,True,False,True,True
776,dinov2,0.0,True,False,True,True
777,dinov2,0.6000000000000001,True,False,True,True
778,dinov2,0.7999999999999999,True,False,False,True
779,dinov2,0.39999999999999997,True,False,False,True
780,dinov2,0.7999999999999999,True,False,False,True
781,dinov2,-0.6000000000000001,False,True,False,True
782,dinov2,1.0,False,False,False,False
783,dinov2,0.39999999999999997,False,True,False,True
784,dinov2,-0.39999999999999997,True,False,True,True
785,dinov2,0.19999999999999998,False,True,True,True
786,dinov2,0.39999999999999997,False,True,False,True
787,dinov2,0.7999999999999999,False,True,False,True
788,dinov2,-0.7999999999999999,False,True,True,True
789,dinov2,0.39999999999999997,True,False,False,True
790,dinov2,-0.39999999999999997,True,False,True,True
791,dinov2,0.39999999999999997,False,True,False,True
792,dinov2,0.19999999999999998,False,True,True,True
793,dinov2,0.7999999999999999,True,False,False,True
794,dinov2,-0.39999999999999997,True,False,True,True
795,dinov2,-0.7999999999999999,False,True,True,True
796,dinov2,-0.7999999999999999,True,True,False,True
797,dinov2,-0.19999999999999998,False,False,True,True
798,dinov2,0.6000000000000001,True,False,True,True
799,dinov2,0.7999999999999999,True,False,False,True
800,dinov2,-0.7999999999999999,True,False,True,True
801,dinov2,-0.19999999999999998,True,False,False,True
802,dinov2,-0.19999999999999998,False,False,True,True
803,dinov2,-0.39999999999999997,True,False,True,True
804,dinov2,0.7999999999999999,True,False,False,True
805,dinov2,0.39999999999999997,False,False,True,True
806,dinov2,0.7999999999999999,True,False,False,True
807,dinov2,0.7999999999999999,False,True,False,True
808,dinov2,0.39999999999999997,False,True,False,True
809,dinov2,1.0,False,False,False,False
810,dinov2,-0.6000000000000001,False,True,False,True
811,dinov2,-1.0,True,True,True,True
812,dinov2,0.39999999999999997,False,True,False,True
813,dinov2,-0.19999999999999998,True,False,False,True
814,dinov2,-0.39999999999999997,True,False,True,True
815,dinov2,0.19999999999999998,True,True,False,True
816,dinov2,-0.39999999999999997,False,True,True,True
817,dinov2,0.39999999999999997,False,True,False,True
818,dinov2,0.39999999999999997,False,True,False,True
819,dinov2,-0.7999999999999999,True,False,True,True
820,dinov2,-0.19999999999999998,True,False,False,True
821,dinov2,-0.6000000000000001,False,True,False,True
822,dinov2,-0.19999999999999998,True,False,False,True
823,dinov2,-0.39999999999999997,True,True,False,True
824,dinov2,0.39999999999999997,False,True,False,True
825,dinov2,1.0,False,False,False,False
826,dinov2,-0.6000000000000001,False,True,False,True
827,dinov2,-0.39999999999999997,False,True,True,True
828,dinov2,0.39999999999999997,True,False,False,True
829,dinov2,0.7999999999999999,False,False,True,True
830,dinov2,-0.39999999999999997,True,False,True,True
831,dinov2,0.6000000000000001,True,False,True,True
832,dinov2,0.7999999999999999,True,False,False,True
833,dinov2,-0.6000000000000001,False,True,False,True
834,dinov2,1.0,False,False,False,False
835,dinov2,-0.39999999999999997,True,False,True,True
836,dinov2,0.39999999999999997,True,False,False,True
837,dinov2,0.7999999999999999,False,True,False,True
838,dinov2,0.39999999999999997,True,False,False,True
839,dinov2,0.0,False,True,False,True
840,dinov2,0.39999999999999997,False,True,False,True
841,dinov2,1.0,False,False,False,False
842,dinov2,0.0,False,True,False,True
843,dinov2,-0.7999999999999999,True,True,False,True
844,dinov2,-0.39999999999999997,False,True,True,True
845,dinov2,-0.19999999999999998,False,False,True,True
846,dinov2,0.7999999999999999,True,False,False,True
847,dinov2,0.7999999999999999,False,True,False,True
848,dinov2,-0.39999999999999997,True,False,True,True
849,dinov2,1.0,False,False,False,False
850,dinov2,0.6000000000000001,True,False,True,True
851,dinov2,1.0,False,False,False,False
852,dinov2,-0.19999999999999998,True,False,False,True
853,dinov2,0.7999999999999999,False,True,False,True
854,dinov2,0.39999999999999997,False,True,False,True
855,dinov2,-0.39999999999999997,True,True,False,True
856,dinov2,-0.39999999999999997,True,False,True,True
857,dinov2,0.7999999999999999,False,False,True,True
858,dinov2,0.39999999999999997,True,False,False,True
859,dinov2,-1.0,True,True,True,True
860,dinov2,0.6000000000000001,True,False,True,True
861,dinov2,0.7999999999999999,True,False,False,True
862,dinov2,-0.19999999999999998,False,False,True,True
863,dinov2,0.7999999999999999,False,True,False,True
864,dinov2,0.39999999999999997,False,True,False,True
865,dinov2,0.19999999999999998,True,True,False,True
866,dinov2,0.0,True,False,True,True
867,dinov2,0.19999999999999998,False,True,True,True
868,dinov2,-0.7999999999999999,True,True,False,True
869,dinov2,0.19999999999999998,True,True,False,True
870,dinov2,0.39999999999999997,False,True,False,True
871,dinov2,-0.6000000000000001,False,True,False,True
872,dinov2,1.0,False,False,False,False
873,dinov2,0.7999999999999999,False,True,False,True
874,dinov2,-0.7999999999999999,True,False,True,True
875,dinov2,0.7999999999999999,False,True,False,True
876,dinov2,0.7999999999999999,False,False,True,True
877,dinov2,1.0,False,False,False,False
878,dinov2,-1.0,True,True,True,True
879,dinov2,-0.39999999999999997,False,True,True,True
880,dinov2,0.7999999999999999,False,True,False,True
881,dinov2,-0.39999999999999997,False,True,True,True
882,dinov2,-0.39999999999999997,True,True,False,True
883,dinov2,0.6000000000000001,True,False,True,True
884,dinov2,0.7999999999999999,False,True,False,True
885,dinov2,-0.6000000000000001,False,True,False,True
886,dinov2,-0.19999999999999998,True,False,False,True
887,dinov2,1.0,False,False,False,False
888,dinov2,0.7999999999999999,True,False,False,True
889,dinov2,-0.19999999999999998,False,False,True,True
890,dinov2,0.7999999999999999,True,False,False,True
891,dinov2,0.7999999999999999,False,False,True,True
892,dinov2,0.7999999999999999,False,False,True,True
893,dinov2,0.39999999999999997,False,True,False,True
894,dinov2,-0.19999999999999998,True,False,False,True
895,dinov2,-0.39999999999999997,True,False,True,True
896,dinov2,0.6000000000000001,True,False,True,True
897,dinov2,0.7999999999999999,True,False,False,True
898,dinov2,-0.39999999999999997,False,True,True,True
899,dinov2,-1.0,True,True,True,True
900,dinov2,-0.7999999999999999,True,True,False,True
901,dinov2,0.19999999999999998,True,True,False,True
902,dinov2,0.0,True,False,True,True
903,dinov2,-1.0,True,True,True,True
904,dinov2,0.19999999999999998,False,True,True,True
905,dinov2,0.39999999999999997,False,False,True,True
906,dinov2,0.39999999999999997,True,False,False,True
907,dinov2,-0.39999999999999997,True,False,True,True
908,dinov2,-0.7999999999999999,True,False,True,True
909,dinov2,0.39999999999999997,False,True,False,True
910,dinov2,0.7999999999999999,False,False,True,True
911,dinov2,0.0,False,True,False,True
912,dinov2,-0.7999999999999999,True,True,False,True
913,dinov2,-0.6000000000000001,False,True,False,True
914,dinov2,-0.39999999999999997,True,False,True,True
915,dinov2,-0.6000000000000001,False,True,False,True
916,dinov2,0.39999999999999997,True,False,False,True
917,dinov2,-0.39999999999999997,True,False,True,True
918,dinov2,-0.7999999999999999,False,True,True,True
919,dinov2,0.19999999999999998,True,True,False,True
920,dinov2,-0.6000000000000001,False,True,False,True
921,dinov2,0.7999999999999999,True,False,False,True
922,dinov2,-0.39999999999999997,True,False,True,True
923,dinov2,0.7999999999999999,True,False,False,True
924,dinov2,0.6000000000000001,True,False,True,True
925,dinov2,0.39999999999999997,True,False,False,True
926,dinov2,0.6000000000000001,True,False,True,True
927,dinov2,0.7999999999999999,False,True,False,True
928,dinov2,-0.39999999999999997,True,False,True,True
929,dinov2,0.39999999999999997,False,True,False,True
930,dinov2,-1.0,True,True,True,True
931,dinov2,1.0,False,False,False,False
932,dinov2,1.0,False,False,False,False
933,dinov2,0.39999999999999997,False,True,False,True
934,dinov2,0.7999999999999999,False,True,False,True
935,dinov2,-0.39999999999999997,False,True,True,True
936,dinov2,-1.0,True,True,True,True
937,dinov2,0.0,True,False,True,True
938,dinov2,0.0,True,False,True,True
939,dinov2,0.39999999999999997,False,True,False,True
940,dinov2,-0.6000000000000001,False,True,False,True
941,dinov2,1.0,False,False,False,False
942,dinov2,0.39999999999999997,False,True,False,True
943,dinov2,0.39999999999999997,False,False,True,True
944,dinov2,0.39999999999999997,False,True,False,True
945,dinov2,1.0,False,False,False,False
946,dinov2,-0.19999999999999998,True,False,False,True
947,dinov2,0.0,False,True,False,True
948,dinov2,0.39999999999999997,False,False,True,True
949,dinov2,0.7999999999999999,True,False,False,True
950,dinov2,0.6000000000000001,True,False,True,True
951,dinov2,1.0,False,False,False,False
952,dinov2,0.6000000000000001,True,False,True,True
953,dinov2,0.0,True,False,True,True
954,dinov2,0.39999999999999997,True,False,False,True
955,dinov2,0.19999999999999998,True,True,False,True
956,dinov2,0.0,False,True,False,True
957,dinov2,0.19999999999999998,False,True,True,True
958,dinov2,-0.19999999999999998,True,False,False,True
959,dinov2,-0.7999999999999999,True,True,False,True
960,dinov2,0.0,False,True,False,True
961,dinov2,-0.19999999999999998,True,False,False,True
962,dinov2,0.19999999999999998,True,True,False,True
963,dinov2,0.0,True,False,True,True
964,dinov2,0.39999999999999997,True,False,False,True
965,dinov2,0.39999999999999997,True,False,False,True
966,dinov2,-0.7999999999999999,True,True,False,True
967,dinov2,-0.19999999999999998,True,False,False,True
968,dinov2,-0.19999999999999998,False,False,True,True
969,dinov2,0.7999999999999999,False,True,False,True
970,dinov2,0.39999999999999997,True,False,False,True
971,dinov2,0.39999999999999997,True,False,False,True
972,dinov2,-0.19999999999999998,False,False,True,True
973,dinov2,-0.39999999999999997,True,True,False,True
974,dinov2,-0.39999999999999997,True,True,False,True
975,dinov2,0.39999999999999997,True,False,False,True
976,dinov2,0.19999999999999998,False,True,True,True
977,dinov2,0.7999999999999999,True,False,False,True
978,dinov2,0.39999999999999997,False,True,False,True
979,dinov2,0.7999999999999999,True,False,False,True
980,dinov2,-0.19999999999999998,True,False,False,True
981,dinov2,-0.7999999999999999,False,True,True,True
982,dinov2,0.39999999999999997,True,False,False,True
983,dinov2,0.7999999999999999,True,False,False,True
984,dinov2,0.39999999999999997,False,True,False,True
985,dinov2,0.39999999999999997,False,False,True,True
986,dinov2,0.7999999999999999,True,False,False,True
987,dinov2,0.19999999999999998,True,True,False,True
988,dinov2,0.19999999999999998,True,True,False,True
989,dinov2,0.7999999999999999,True,False,False,True
990,dinov2,0.39999999999999997,False,True,False,True
991,dinov2,1.0,False,False,False,False
992,dinov2,0.7999999999999999,False,True,False,True
993,dinov2,-0.39999999999999997,True,True,False,True
994,dinov2,1.0,False,False,False,False
995,dinov2,0.39999999999999997,False,True,False,True
996,dinov2,0.39999999999999997,False,True,False,True
997,dinov2,-0.6000000000000001,False,True,False,True
998,dinov2,0.7999999999999999,False,False,True,True
999,dinov2,-0.19999999999999998,True,False,False,True
1000,dinov2,0.7999999999999999,False,True,False,True
1001,dinov2,-0.39999999999999997,False,True,True,True
1002,dinov2,-0.7999999999999999,False,True,True,True
1003,dinov2,-0.7999999999999999,True,True,False,True
1004,dinov2,0.7999999999999999,True,False,False,True
1005,dinov2,-0.39999999999999997,False,True,True,True
1006,dinov2,0.7999999999999999,False,True,False,True
1007,dinov2,-0.39999999999999997,False,True,True,True
1008,dinov2,0.19999999999999998,True,True,False,True
1009,dinov2,-0.19999999999999998,False,False,True,True
1010,dinov2,0.7999999999999999,True,False,False,True
1011,dinov2,0.0,True,False,True,True
1012,dinov2,-0.7999999999999999,True,False,True,True
1013,dinov2,0.19999999999999998,True,True,False,True
1014,dinov2,0.7999999999999999,False,True,False,True
1015,dinov2,0.7999999999999999,True,False,False,True
1016,dinov2,-0.39999999999999997,True,True,False,True
1017,dinov2,-0.39999999999999997,True,False,True,True
1018,dinov2,0.0,False,True,False,True
1019,dinov2,0.19999999999999998,True,True,False,True
1020,dinov2,0.39999999999999997,False,True,False,True
1021,dinov2,-0.39999999999999997,True,True,False,True
1022,dinov2,0.0,False,True,False,True
1023,dinov2,0.7999999999999999,False,False,True,True
1024,dinov2,1.0,False,False,False,False
1025,dinov2,0.39999999999999997,True,False,False,True
1026,dinov2,0.7999999999999999,True,False,False,True
1027,dinov2,0.7999999999999999,True,False,False,True
1028,dinov2,0.19999999999999998,True,True,False,True
1029,dinov2,-0.39999999999999997,True,True,False,True
1030,dinov2,0.0,False,True,False,True
1031,dinov2,-0.39999999999999997,True,True,False,True
1032,dinov2,0.39999999999999997,False,True,False,True
1033,dinov2,0.0,True,False,True,True
1034,dinov2,0.39999999999999997,False,False,True,True
1035,dinov2,0.19999999999999998,True,True,False,True
1036,dinov2,0.19999999999999998,True,True,False,True
1037,dinov2,0.39999999999999997,False,True,False,True
1038,dinov2,-0.7999999999999999,True,False,True,True
1039,dinov2,0.39999999999999997,True,False,False,True
1040,dinov2,-0.19999999999999998,True,False,False,True
1041,dinov2,0.7999999999999999,False,True,False,True
1042,dinov2,0.0,True,False,True,True
1043,dinov2,-0.39999999999999997,True,False,True,True
1044,dinov2,0.7999999999999999,True,False,False,True
1045,dinov2,-0.39999999999999997,True,True,False,True
1046,dinov2,-0.39999999999999997,False,True,True,True
1047,dinov2,-1.0,True,True,True,True
1048,dinov2,1.0,False,False,False,False
1049,dinov2,0.6000000000000001,True,False,True,True
1050,dinov2,0.19999999999999998,False,True,True,True
1051,dinov2,0.19999999999999998,True,True,False,True
1052,dinov2,0.0,False,True,False,True
1053,dinov2,0.39999999999999997,False,False,True,True
1054,dinov2,0.7999999999999999,True,False,False,True
1055,dinov2,-0.7999999999999999,True,True,False,True
1056,dinov2,0.0,False,True,False,True
1057,dinov2,-0.19999999999999998,True,False,False,True
1058,dinov2,-0.39999999999999997,True,True,False,True
1059,dinov2,0.7999999999999999,True,False,False,True
1060,dinov2,0.6000000000000001,True,False,True,True
1061,dinov2,0.39999999999999997,True,False,False,True
1062,dinov2,0.39999999999999997,False,True,False,True
1063,dinov2,-0.19999999999999998,True,False,False,True
1064,dinov2,0.7999999999999999,False,False,True,True
1065,dinov2,1.0,False,False,False,False
1066,dinov2,-0.7999999999999999,False,True,True,True
1067,dinov2,0.39999999999999997,False,False,True,True
1068,dinov2,-0.39999999999999997,True,True,False,True
1069,dinov2,-0.39999999999999997,True,True,False,True
1070,dinov2,0.39999999999999997,False,True,False,True
1071,dinov2,0.0,True,False,True,True
1072,dinov2,-0.19999999999999998,True,False,False,True
1073,dinov2,0.39999999999999997,False,True,False,True
1074,dinov2,-1.0,True,True,True,True
1075,dinov2,0.39999999999999997,False,True,False,True
1076,dinov2,0.19999999999999998,True,True,False,True
1077,dinov2,-0.19999999999999998,True,False,False,True
1078,dinov2,0.7999999999999999,False,True,False,True
1079,dinov2,0.39999999999999997,False,False,True,True
1080,dinov2,-0.7999999999999999,True,True,False,True
1081,dinov2,-0.7999999999999999,True,False,True,True
1082,dinov2,-0.7999999999999999,True,False,True,True
1083,dinov2,-0.6000000000000001,False,True,False,True
1084,dinov2,-0.7999999999999999,False,True,True,True
1085,dinov2,0.7999999999999999,False,True,False,True
1086,dinov2,1.0,False,False,False,False
1087,dinov2,-0.6000000000000001,False,True,False,True
1088,dinov2,-0.39999999999999997,True,False,True,True
1089,dinov2,1.0,False,False,False,False
1090,dinov2,0.19999999999999998,False,True,True,True
1091,dinov2,0.7999999999999999,True,False,False,True
1092,dinov2,-0.7999999999999999,True,False,True,True
1093,dinov2,0.39999999999999997,False,True,False,True
1094,dinov2,1.0,False,False,False,False
1095,dinov2,-0.39999999999999997,True,False,True,True
1096,dinov2,-0.39999999999999997,False,True,True,True
1097,dinov2,-0.39999999999999997,True,True,False,True
1098,dinov2,0.39999999999999997,False,True,False,True
1099,dinov2,0.39999999999999997,False,True,False,True
1100,dinov2,-0.7999999999999999,True,True,False,True
1101,dinov2,1.0,False,False,False,False
1102,dinov2,0.7999999999999999,True,False,False,True
1103,dinov2,0.6000000000000001,True,False,True,True
1104,dinov2,-0.7999999999999999,True,False,True,True
1105,dinov2,0.0,False,True,False,True
1106,dinov2,0.7999999999999999,False,False,True,True
1107,dinov2,-0.7999999999999999,True,False,True,True
1108,dinov2,0.7999999999999999,False,True,False,True
1109,dinov2,0.7999999999999999,False,True,False,True
1110,dinov2,0.39999999999999997,False,True,False,True
1111,dinov2,0.39999999999999997,False,True,False,True
1112,dinov2,0.7999999999999999,False,False,True,True
1113,dinov2,-0.39999999999999997,False,True,True,True
1114,dinov2,-0.7999999999999999,True,False,True,True
1115,dinov2,-0.39999999999999997,True,True,False,True
1116,dinov2,0.39999999999999997,False,False,True,True
1117,dinov2,-0.39999999999999997,False,True,True,True
1118,dinov2,-0.39999999999999997,True,False,True,True
1119,dinov2,-0.39999999999999997,True,False,True,True
1120,dinov2,0.0,True,False,True,True
1121,dinov2,0.39999999999999997,False,False,True,True
1122,dinov2,-0.7999999999999999,True,False,True,True
1123,dinov2,0.19999999999999998,True,True,False,True
1124,dinov2,0.19999999999999998,True,True,False,True
1125,dinov2,0.0,True,False,True,True
1126,dinov2,0.39999999999999997,False,True,False,True
1127,dinov2,0.7999999999999999,True,False,False,True
1128,dinov2,0.6000000000000001,True,False,True,True
1129,dinov2,0.39999999999999997,False,True,False,True
1130,dinov2,0.7999999999999999,False,True,False,True
1131,dinov2,0.6000000000000001,True,False,True,True
1132,dinov2,0.7999999999999999,False,False,True,True
1133,dinov2,-0.6000000000000001,False,True,False,True
1134,dinov2,0.7999999999999999,True,False,False,True
1135,dinov2,-0.39999999999999997,True,True,False,True
1136,dinov2,-0.7999999999999999,True,True,False,True
1137,dinov2,1.0,False,False,False,False
1138,dinov2,0.19999999999999998,True,True,False,True
1139,dinov2,-0.19999999999999998,False,False,True,True
1140,dinov2,0.0,True,False,True,True
1141,dinov2,0.39999999999999997,False,True,False,True
1142,dinov2,0.7999999999999999,True,False,False,True
1143,dinov2,0.39999999999999997,False,False,True,True
1144,dinov2,-0.39999999999999997,True,True,False,True
1145,dinov2,0.19999999999999998,False,True,True,True
1146,dinov2,0.7999999999999999,True,False,False,True
1147,dinov2,0.7999999999999999,False,False,True,True
1148,dinov2,-0.7999999999999999,False,True,True,True
1149,dinov2,0.39999999999999997,False,False,True,True
1150,dinov2,0.39999999999999997,False,True,False,True
1151,dinov2,-0.7999999999999999,True,True,False,True
1152,dinov2,0.7999999999999999,False,True,False,True
1153,dinov2,0.19999999999999998,True,True,False,True
1154,dinov2,-0.19999999999999998,True,False,False,True
1155,dinov2,0.0,True,False,True,True
1156,dinov2,0.39999999999999997,True,False,False,True
1157,dinov2,0.6000000000000001,True,False,True,True
1158,dinov2,-0.19999999999999998,False,False,True,True
1159,dinov2,-0.7999999999999999,True,True,False,True
1160,dinov2,-0.6000000000000001,False,True,False,True
1161,dinov2,0.39999999999999997,False,False,True,True
1162,dinov2,-0.39999999999999997,True,True,False,True
1163,dinov2,-0.6000000000000001,False,True,False,True
1164,dinov2,0.19999999999999998,False,True,True,True
1165,dinov2,-0.19999999999999998,True,False,False,True
1166,dinov2,0.19999999999999998,True,True,False,True
1167,dinov2,-0.19999999999999998,True,False,False,True
1168,dinov2,0.39999999999999997,True,False,False,True
1169,dinov2,1.0,False,False,False,False
1170,dinov2,0.39999999999999997,True,False,False,True
1171,dinov2,0.39999999999999997,True,False,False,True
1172,dinov2,-0.7999999999999999,True,True,False,True
1173,dinov2,0.39999999999999997,False,True,False,True
1174,dinov2,0.7999999999999999,True,False,False,True
1175,dinov2,0.39999999999999997,False,True,False,True
1176,dinov2,0.39999999999999997,True,False,False,True
1177,dinov2,0.39999999999999997,False,False,True,True
1178,dinov2,-0.7999999999999999,True,True,False,True
1179,dinov2,0.0,True,False,True,True
1180,dinov2,-0.19999999999999998,False,False,True,True
1181,dinov2,-0.39999999999999997,True,False,True,True
1182,dinov2,1.0,False,False,False,False
1183,dinov2,-0.7999999999999999,True,True,False,True
1184,dinov2,-0.7999999999999999,True,True,False,True
1185,dinov2,0.7999999999999999,True,False,False,True
1186,dinov2,-0.7999999999999999,True,False,True,True
1187,dinov2,0.19999999999999998,True,True,False,True
1188,dinov2,0.39999999999999997,True,False,False,True
1189,dinov2,0.39999999999999997,True,False,False,True
1190,dinov2,0.19999999999999998,True,True,False,True
1191,dinov2,0.0,True,False,True,True
1192,dinov2,0.19999999999999998,True,True,False,True
1193,dinov2,0.19999999999999998,False,True,True,True
1194,dinov2,0.19999999999999998,True,True,False,True
1195,dinov2,0.0,False,True,False,True
1196,dinov2,0.19999999999999998,False,True,True,True
1197,dinov2,-0.6000000000000001,False,True,False,True
1198,dinov2,-0.19999999999999998,False,False,True,True
1199,dinov2,-0.7999999999999999,True,True,False,True
1200,dinov2,0.39999999999999997,True,False,False,True
1201,dinov2,0.7999999999999999,True,False,False,True
1202,dinov2,-0.39999999999999997,True,False,True,True
1203,dinov2,0.39999999999999997,False,True,False,True
1204,dinov2,0.39999999999999997,False,True,False,True
1205,dinov2,0.7999999999999999,False,True,False,True
1206,dinov2,-0.39999999999999997,True,True,False,True
1207,dinov2,0.39999999999999997,True,False,False,True
1208,dinov2,0.39999999999999997,False,False,True,True
1209,dinov2,0.39999999999999997,False,True,False,True
1210,dinov2,0.0,True,False,True,True
1211,dinov2,0.39999999999999997,False,False,True,True
1212,dinov2,0.39999999999999997,False,True,False,True
1213,dinov2,-0.39999999999999997,False,True,True,True
1214,dinov2,0.19999999999999998,False,True,True,True
1215,dinov2,0.0,False,True,False,True
1216,dinov2,0.39999999999999997,True,False,False,True
1217,dinov2,0.0,True,False,True,True
1218,dinov2,0.39999999999999997,True,False,False,True
1219,dinov2,0.7999999999999999,True,False,False,True
1220,dinov2,0.39999999999999997,True,False,False,True
1221,dinov2,-0.39999999999999997,True,False,True,True
1222,dinov2,0.19999999999999998,False,True,True,True
1223,dinov2,-0.39999999999999997,True,False,True,True
1224,dinov2,-0.7999999999999999,False,True,True,True
1225,dinov2,0.0,False,True,False,True
1226,dinov2,0.39999999999999997,False,True,False,True
1227,dinov2,-0.39999999999999997,True,False,True,True
1228,dinov2,-0.7999999999999999,True,True,False,True
1229,dinov2,-0.39999999999999997,True,True,False,True
1230,dinov2,0.6000000000000001,True,False,True,True
1231,dinov2,-0.39999999999999997,True,False,True,True
1232,dinov2,0.39999999999999997,False,True,False,True
1233,dinov2,0.19999999999999998,True,True,False,True
1234,dinov2,-0.7999999999999999,False,True,True,True
1235,dinov2,0.6000000000000001,True,False,True,True
1236,dinov2,0.39999999999999997,False,False,True,True
1237,dinov2,0.7999999999999999,True,False,False,True
1238,dinov2,0.19999999999999998,False,True,True,True
1239,dinov2,0.7999999999999999,False,True,False,True
1240,dinov2,-0.7999999999999999,True,False,True,True
1241,dinov2,-0.19999999999999998,True,False,False,True
1242,dinov2,-0.7999999999999999,True,True,False,True
1243,dinov2,0.6000000000000001,True,False,True,True
1244,dinov2,0.19999999999999998,False,True,True,True
1245,dinov2,-0.7999999999999999,True,False,True,True
1246,dinov2,-0.19999999999999998,True,False,False,True
1247,dinov2,0.7999999999999999,True,False,False,True
1248,dinov2,-0.39999999999999997,True,True,False,True
1249,dinov2,0.7999999999999999,False,False,True,True
1250,dinov2,-0.39999999999999997,True,False,True,True
1251,dinov2,-0.7999999999999999,True,True,False,True
1252,dinov2,0.39999999999999997,False,False,True,True
1253,dinov2,-0.39999999999999997,True,True,False,True
1254,dinov2,-0.19999999999999998,False,False,True,True
1255,dinov2,-0.6000000000000001,False,True,False,True
1256,dinov2,-0.6000000000000001,False,True,False,True
1257,dinov2,0.39999999999999997,False,True,False,True
1258,dinov2,0.19999999999999998,False,True,True,True
1259,dinov2,-0.7999999999999999,True,False,True,True
1260,dinov2,0.6000000000000001,True,False,True,True
1261,dinov2,0.39999999999999997,True,False,False,True
1262,dinov2,0.0,False,True,False,True
1263,dinov2,1.0,False,False,False,False
1264,dinov2,0.39999999999999997,False,False,True,True
1265,dinov2,-0.6000000000000001,False,True,False,True
1266,dinov2,-0.19999999999999998,False,False,True,True
1267,dinov2,-0.19999999999999998,False,False,True,True
1268,dinov2,-0.39999999999999997,True,True,False,True
1269,dinov2,-0.7999999999999999,True,False,True,True
1270,dinov2,1.0,False,False,False,False
1271,dinov2,0.7999999999999999,True,False,False,True
1272,dinov2,0.6000000000000001,True,False,True,True
1273,dinov2,-0.7999999999999999,True,True,False,True
1274,dinov2,1.0,False,False,False,False
1275,dinov2,-0.19999999999999998,True,False,False,True
1276,dinov2,-0.19999999999999998,False,False,True,True
1277,dinov2,1.0,False,False,False,False
1278,dinov2,0.7999999999999999,False,True,False,True
1279,dinov2,1.0,False,False,False,False
1280,dinov2,-0.39999999999999997,True,False,True,True
1281,dinov2,0.7999999999999999,False,False,True,True
1282,dinov2,-0.39999999999999997,True,True,False,True
1283,dinov2,0.7999999999999999,False,True,False,True
1284,dinov2,0.39999999999999997,True,False,False,True
1285,dinov2,-0.39999999999999997,True,False,True,True
1286,dinov2,0.6000000000000001,True,False,True,True
1287,dinov2,-0.6000000000000001,False,True,False,True
1288,dinov2,0.19999999999999998,True,True,False,True
1289,dinov2,0.19999999999999998,True,True,False,True
1290,dinov2,0.7999999999999999,True,False,False,True
1291,dinov2,-0.39999999999999997,True,True,False,True
1292,dinov2,-0.6000000000000001,False,True,False,True
1293,dinov2,-0.39999999999999997,True,True,False,True
1294,dinov2,-0.39999999999999997,False,True,True,True
1295,dinov2,0.7999999999999999,True,False,False,True
1296,dinov2,0.0,True,False,True,True
1297,dinov2,-0.7999999999999999,False,True,True,True
1298,dinov2,-0.7999999999999999,True,False,True,True
1299,dinov2,-0.7999999999999999,True,False,True,True
1300,dinov2,-1.0,True,True,True,True
1301,dinov2,1.0,False,False,False,False
1302,dinov2,0.7999999999999999,True,False,False,True
1303,dinov2,0.7999999999999999,False,True,False,True
1304,dinov2,0.6000000000000001,True,False,True,True
1305,dinov2,0.6000000000000001,True,False,True,True
1306,dinov2,0.7999999999999999,False,True,False,True
1307,dinov2,0.39999999999999997,False,True,False,True
1308,dinov2,0.6000000000000001,True,False,True,True
1309,dinov2,0.39999999999999997,True,False,False,True
1310,dinov2,0.7999999999999999,False,True,False,True
1311,dinov2,0.39999999999999997,True,False,False,True
1312,dinov2,-0.19999999999999998,True,False,False,True
1313,dinov2,-0.39999999999999997,True,False,True,True
1314,dinov2,0.6000000000000001,True,False,True,True
1315,dinov2,0.0,False,True,False,True
1316,dinov2,0.7999999999999999,False,True,False,True
1317,dinov2,-0.7999999999999999,False,True,True,True
1318,dinov2,0.0,False,True,False,True
1319,dinov2,0.7999999999999999,False,True,False,True
1320,dinov2,0.7999999999999999,False,False,True,True
1321,dinov2,0.19999999999999998,False,True,True,True
1322,dinov2,0.6000000000000001,True,False,True,True
1323,dinov2,0.7999999999999999,True,False,False,True
1324,dinov2,0.7999999999999999,True,False,False,True
1325,dinov2,0.39999999999999997,True,False,False,True
1326,dinov2,-0.19999999999999998,False,False,True,True
1327,dinov2,0.39999999999999997,False,True,False,True
1328,dinov2,-0.7999999999999999,True,False,True,True
1329,dinov2,-0.6000000000000001,False,True,False,True
1330,dinov2,0.39999999999999997,True,False,False,True
1331,dinov2,1.0,False,False,False,False
1332,dinov2,0.19999999999999998,False,True,True,True
1333,dinov2,0.39999999999999997,False,True,False,True
1334,dinov2,1.0,False,False,False,False
1335,dinov2,0.39999999999999997,True,False,False,True
1336,dinov2,-0.39999999999999997,False,True,True,True
1337,dinov2,-0.19999999999999998,True,False,False,True
1338,dinov2,0.7999999999999999,True,False,False,True
1339,dinov2,-0.7999999999999999,True,False,True,True
1340,dinov2,0.7999999999999999,False,False,True,True
1341,dinov2,-0.19999999999999998,False,False,True,True
1342,dinov2,-0.39999999999999997,True,True,False,True
1343,dinov2,0.39999999999999997,False,True,False,True
1344,dinov2,1.0,False,False,False,False
1345,dinov2,-0.7999999999999999,True,False,True,True
1346,dinov2,-0.7999999999999999,False,True,True,True
1347,dinov2,-0.39999999999999997,False,True,True,True
1348,dinov2,0.19999999999999998,True,True,False,True
1349,dinov2,0.19999999999999998,True,True,False,True
1350,dinov2,-0.7999999999999999,True,False,True,True
1351,dinov2,-0.7999999999999999,True,False,True,True
1352,dinov2,0.39999999999999997,True,False,False,True
1353,dinov2,0.7999999999999999,False,False,True,True
1354,dinov2,1.0,False,False,False,False
1355,dinov2,0.7999999999999999,False,True,False,True
1356,dinov2,0.7999999999999999,False,True,False,True
1357,dinov2,0.7999999999999999,False,False,True,True
1358,dinov2,0.7999999999999999,True,False,False,True
1359,dinov2,0.7999999999999999,False,True,False,True
1360,dinov2,0.0,False,True,False,True
1361,dinov2,-0.7999999999999999,True,False,True,True
1362,dinov2,0.39999999999999997,False,True,False,True
1363,dinov2,0.39999999999999997,False,True,False,True
1364,dinov2,-0.19999999999999998,False,False,True,True
1365,dinov2,0.19999999999999998,False,True,True,True
1366,dinov2,0.39999999999999997,False,False,True,True
1367,dinov2,0.7999999999999999,False,False,True,True
1368,dinov2,0.6000000000000001,True,False,True,True
1369,dinov2,0.39999999999999997,True,False,False,True
1370,dinov2,1.0,False,False,False,False
1371,dinov2,-0.7999999999999999,True,True,False,True
1372,dinov2,-1.0,True,True,True,True
1373,dinov2,-0.6000000000000001,False,True,False,True
1374,dinov2,0.39999999999999997,False,True,False,True
1375,dinov2,0.39999999999999997,True,False,False,True
1376,dinov2,-0.39999999999999997,True,False,True,True
1377,dinov2,-0.39999999999999997,True,False,True,True
1378,dinov2,-0.7999999999999999,True,False,True,True
1379,dinov2,-0.39999999999999997,True,False,True,True
1380,dinov2,0.6000000000000001,True,False,True,True
1381,dinov2,0.39999999999999997,True,False,False,True
1382,dinov2,-0.19999999999999998,True,False,False,True
1383,dinov2,0.39999999999999997,False,True,False,True
1384,dinov2,-0.39999999999999997,False,True,True,True
1385,dinov2,0.7999999999999999,False,True,False,True
1386,dinov2,0.19999999999999998,False,True,True,True
1387,dinov2,-0.19999999999999998,True,False,False,True
1388,dinov2,0.7999999999999999,True,False,False,True
1389,dinov2,-0.6000000000000001,False,True,False,True
1390,dinov2,-0.39999999999999997,False,True,True,True
1391,dinov2,0.39999999999999997,False,True,False,True
1392,dinov2,0.39999999999999997,False,True,False,True
1393,dinov2,0.7999999999999999,False,False,True,True
1394,dinov2,1.0,False,False,False,False
1395,dinov2,0.7999999999999999,True,False,False,True
1396,dinov2,0.7999999999999999,True,False,False,True
1397,dinov2,0.7999999999999999,False,True,False,True
1398,dinov2,0.6000000000000001,True,False,True,True
1399,dinov2,0.6000000000000001,True,False,True,True
1400,dinov2,-0.19999999999999998,False,False,True,True
1401,dinov2,1.0,False,False,False,False
1402,dinov2,0.7999999999999999,True,False,False,True
1403,dinov2,-0.39999999999999997,True,True,False,True
1404,dinov2,-0.6000000000000001,False,True,False,True
1405,dinov2,-0.39999999999999997,True,True,False,True
1406,dinov2,-0.39999999999999997,True,False,True,True
1407,dinov2,0.6000000000000001,True,False,True,True
1408,dinov2,1.0,False,False,False,False
1409,dinov2,0.7999999999999999,False,True,False,True
1410,dinov2,1.0,False,False,False,False
1411,dinov2,0.39999999999999997,False,True,False,True
1412,dinov2,0.0,True,False,True,True
1413,dinov2,-0.7999999999999999,True,True,False,True
1414,dinov2,-0.19999999999999998,False,False,True,True
1415,dinov2,0.7999999999999999,False,True,False,True
1416,dinov2,0.39999999999999997,False,True,False,True
1417,dinov2,0.7999999999999999,True,False,False,True
1418,dinov2,-1.0,True,True,True,True
1419,dinov2,-0.39999999999999997,True,True,False,True
1420,dinov2,-0.39999999999999997,True,False,True,True
1421,dinov2,-0.39999999999999997,False,True,True,True
1422,dinov2,1.0,False,False,False,False
1423,dinov2,-0.39999999999999997,True,True,False,True
1424,dinov2,0.7999999999999999,True,False,False,True
1425,dinov2,-0.7999999999999999,True,True,False,True
1426,dinov2,-0.19999999999999998,True,False,False,True
1427,dinov2,0.6000000000000001,True,False,True,True
1428,dinov2,-0.19999999999999998,True,False,False,True
1429,dinov2,0.19999999999999998,False,True,True,True
1430,dinov2,-0.39999999999999997,True,False,True,True
1431,dinov2,-0.6000000000000001,False,True,False,True
1432,dinov2,-0.6000000000000001,False,True,False,True
1433,dinov2,0.7999999999999999,False,False,True,True
1434,dinov2,1.0,False,False,False,False
1435,dinov2,-0.39999999999999997,True,False,True,True
1436,dinov2,-0.39999999999999997,True,False,True,True
1437,dinov2,-1.0,True,True,True,True
1438,dinov2,0.7999999999999999,False,False,True,True
1439,dinov2,-0.39999999999999997,False,True,True,True
1440,dinov2,0.39999999999999997,False,True,False,True
1441,dinov2,0.39999999999999997,False,True,False,True
1442,dinov2,0.39999999999999997,False,True,False,True
1443,dinov2,0.39999999999999997,True,False,False,True
1444,dinov2,-0.6000000000000001,False,True,False,True
1445,dinov2,-0.19999999999999998,True,False,False,True
1446,dinov2,-0.7999999999999999,True,False,True,True
1447,dinov2,0.19999999999999998,False,True,True,True
1448,dinov2,-0.7999999999999999,True,True,False,True
1449,dinov2,-1.0,True,True,True,True
1450,dinov2,-0.7999999999999999,False,True,True,True
1451,dinov2,1.0,False,False,False,False
1452,dinov2,0.39999999999999997,True,False,False,True
1453,dinov2,0.19999999999999998,False,True,True,True
1454,dinov2,0.0,False,True,False,True
1455,dinov2,0.7999999999999999,True,False,False,True
1456,dinov2,-0.7999999999999999,False,True,True,True
1457,dinov2,-0.7999999999999999,True,False,True,True
1458,dinov2,-0.6000000000000001,False,True,False,True
1459,dinov2,0.39999999999999997,False,True,False,True
1460,dinov2,-0.19999999999999998,True,False,False,True
1461,dinov2,-0.39999999999999997,True,True,False,True
1462,dinov2,-0.19999999999999998,False,False,True,True
1463,dinov2,0.0,True,False,True,True
1464,dinov2,0.39999999999999997,False,True,False,True
1465,dinov2,0.6000000000000001,True,False,True,True
1466,dinov2,-0.6000000000000001,False,True,False,True
1467,dinov2,0.6000000000000001,True,False,True,True
1468,dinov2,0.6000000000000001,True,False,True,True
1469,dinov2,-0.7999999999999999,True,True,False,True
1470,dinov2,0.7999999999999999,False,True,False,True
1471,dinov2,0.39999999999999997,False,True,False,True
1472,dinov2,-0.39999999999999997,True,False,True,True
1473,dinov2,-0.39999999999999997,True,False,True,True
1474,dinov2,0.39999999999999997,False,True,False,True
1475,dinov2,0.19999999999999998,False,True,True,True
1476,dinov2,0.39999999999999997,False,False,True,True
1477,dinov2,-0.39999999999999997,True,False,True,True
1478,dinov2,0.39999999999999997,True,False,False,True
1479,dinov2,0.19999999999999998,False,True,True,True
1480,dinov2,0.7999999999999999,False,True,False,True
1481,dinov2,-0.39999999999999997,True,False,True,True
1482,dinov2,0.39999999999999997,True,False,False,True
1483,dinov2,-0.39999999999999997,True,True,False,True
1484,dinov2,0.7999999999999999,False,False,True,True
1485,dinov2,-0.39999999999999997,True,False,True,True
1486,dinov2,0.7999999999999999,False,True,False,True
1487,dinov2,0.7999999999999999,False,True,False,True
1488,dinov2,0.39999999999999997,False,True,False,True
1489,dinov2,0.7999999999999999,True,False,False,True
1490,dinov2,-0.39999999999999997,True,False,True,True
1491,dinov2,0.39999999999999997,False,True,False,True
1492,dinov2,1.0,False,False,False,False
1493,dinov2,-0.39999999999999997,True,True,False,True
1494,dinov2,-0.7999999999999999,True,False,True,True
1495,dinov2,-0.6000000000000001,False,True,False,True
1496,dinov2,0.19999999999999998,True,True,False,True
1497,dinov2,-0.39999999999999997,True,True,False,True
1498,dinov2,-0.7999999999999999,True,True,False,True
1499,dinov2,0.39999999999999997,False,True,False,True
1500,dinov2,0.39999999999999997,False,True,False,True
1501,dinov2,-0.6000000000000001,False,True,False,True
1502,dinov2,0.7999999999999999,True,False,False,True
1503,dinov2,0.19999999999999998,True,True,False,True
1504,dinov2,0.19999999999999998,True,True,False,True
1505,dinov2,0.6000000000000001,True,False,True,True
1506,dinov2,0.39999999999999997,False,False,True,True
1507,dinov2,0.0,False,True,False,True
1508,dinov2,-0.39999999999999997,True,True,False,True
1509,dinov2,0.0,False,True,False,True
1510,dinov2,0.0,False,True,False,True
1511,dinov2,0.39999999999999997,False,True,False,True
1512,dinov2,1.0,False,False,False,False
1513,dinov2,1.0,False,False,False,False
1514,dinov2,-0.39999999999999997,True,False,True,True
1515,dinov2,1.0,False,False,False,False
1516,dinov2,-0.6000000000000001,False,True,False,True
1517,dinov2,0.7999999999999999,False,False,True,True
1518,dinov2,-0.39999999999999997,True,False,True,True
1519,dinov2,0.7999999999999999,True,False,False,True
1520,dinov2,-0.19999999999999998,True,False,False,True
1521,dinov2,-0.19999999999999998,True,False,False,True
1522,dinov2,0.7999999999999999,False,False,True,True
1523,dinov2,0.7999999999999999,True,False,False,True
1524,dinov2,-0.19999999999999998,False,False,True,True
1525,dinov2,0.7999999999999999,True,False,False,True
1526,dinov2,0.7999999999999999,False,False,True,True
1527,dinov2,0.39999999999999997,True,False,False,True
1528,dinov2,0.19999999999999998,False,True,True,True
1529,dinov2,0.7999999999999999,False,True,False,True
1530,dinov2,0.19999999999999998,False,True,True,True
1531,dinov2,-0.19999999999999998,True,False,False,True
1532,dinov2,0.7999999999999999,True,False,False,True
1533,dinov2,-0.39999999999999997,False,True,True,True
1534,dinov2,0.39999999999999997,True,False,False,True
1535,dinov2,0.19999999999999998,False,True,True,True
1536,dinov2,0.0,False,True,False,True
1537,dinov2,-0.19999999999999998,True,False,False,True
1538,dinov2,0.39999999999999997,True,False,False,True
1539,dinov2,-0.39999999999999997,True,False,True,True
1540,dinov2,0.7999999999999999,False,True,False,True
1541,dinov2,-0.19999999999999998,True,False,False,True
1542,dinov2,-0.19999999999999998,False,False,True,True
1543,dinov2,0.7999999999999999,False,False,True,True
1544,dinov2,-0.7999999999999999,True,False,True,True
1545,dinov2,0.39999999999999997,True,False,False,True
1546,dinov2,1.0,False,False,False,False
1547,dinov2,0.7999999999999999,True,False,False,True
1548,dinov2,-0.39999999999999997,True,False,True,True
1549,dinov2,0.19999999999999998,True,True,False,True
1550,dinov2,0.7999999999999999,True,False,False,True
1551,dinov2,0.39999999999999997,False,True,False,True
1552,dinov2,0.39999999999999997,False,True,False,True
1553,dinov2,0.19999999999999998,True,True,False,True
1554,dinov2,-1.0,True,True,True,True
1555,dinov2,-0.7999999999999999,True,False,True,True
1556,dinov2,0.7999999999999999,True,False,False,True
1557,dinov2,0.39999999999999997,True,False,False,True
1558,dinov2,-0.39999999999999997,False,True,True,True
1559,dinov2,0.6000000000000001,True,False,True,True
1560,dinov2,-1.0,True,True,True,True
1561,dinov2,-0.39999999999999997,False,True,True,True
1562,dinov2,0.39999999999999997,False,True,False,True
1563,dinov2,0.7999999999999999,True,False,False,True
1564,dinov2,0.7999999999999999,False,True,False,True
1565,dinov2,-0.19999999999999998,True,False,False,True
1566,dinov2,0.0,False,True,False,True
1567,dinov2,-0.7999999999999999,True,False,True,True
1568,dinov2,0.7999999999999999,False,False,True,True
1569,dinov2,0.19999999999999998,True,True,False,True
1570,dinov2,-0.6000000000000001,False,True,False,True
1571,dinov2,0.19999999999999998,False,True,True,True
1572,dinov2,-0.19999999999999998,True,False,False,True
1573,dinov2,0.0,False,True,False,True
1574,dinov2,0.7999999999999999,False,False,True,True
1575,dinov2,0.39999999999999997,True,False,False,True
1576,dinov2,1.0,False,False,False,False
1577,dinov2,-0.7999999999999999,True,True,False,True
1578,dinov2,0.7999999999999999,True,False,False,True
1579,dinov2,0.7999999999999999,False,True,False,True
1580,dinov2,-0.7999999999999999,True,False,True,True
1581,dinov2,0.19999999999999998,True,True,False,True
1582,dinov2,0.19999999999999998,True,True,False,True
1583,dinov2,0.39999999999999997,False,True,False,True
1584,dinov2,1.0,False,False,False,False
1585,dinov2,-0.6000000000000001,False,True,False,True
1586,dinov2,-0.39999999999999997,False,True,True,True
1587,dinov2,0.7999999999999999,True,False,False,True
1588,dinov2,0.0,True,False,True,True
1589,dinov2,-0.39999999999999997,True,True,False,True
1590,dinov2,0.39999999999999997,False,True,False,True
1591,dinov2,0.19999999999999998,True,True,False,True
1592,dinov2,-0.39999999999999997,True,False,True,True
1593,dinov2,-0.7999999999999999,True,True,False,True
1594,dinov2,-0.39999999999999997,True,False,True,True
1595,dinov2,0.39999999999999997,False,False,True,True
1596,dinov2,0.0,False,True,False,True
1597,dinov2,-0.39999999999999997,True,True,False,True
1598,dinov2,-0.19999999999999998,False,False,True,True
1599,dinov2,-0.6000000000000001,False,True,False,True
1600,dinov2,0.19999999999999998,True,True,False,True
1601,dinov2,-0.7999999999999999,False,True,True,True
1602,dinov2,-0.19999999999999998,True,False,False,True
1603,dinov2,-0.19999999999999998,True,False,False,True
1604,dinov2,-0.6000000000000001,False,True,False,True
1605,dinov2,0.39999999999999997,False,True,False,True
1606,dinov2,0.6000000000000001,True,False,True,True
1607,dinov2,0.7999999999999999,False,True,False,True
1608,dinov2,-0.7999999999999999,False,True,True,True
1609,dinov2,-1.0,True,True,True,True
1610,dinov2,0.19999999999999998,False,True,True,True
1611,dinov2,0.39999999999999997,False,True,False,True
1612,dinov2,-0.6000000000000001,False,True,False,True
1613,dinov2,0.39999999999999997,False,True,False,True
1614,dinov2,0.19999999999999998,True,True,False,True
1615,dinov2,0.39999999999999997,False,False,True,True
1616,dinov2,-0.39999999999999997,True,True,False,True
1617,dinov2,0.7999999999999999,False,False,True,True
1618,dinov2,-0.19999999999999998,False,False,True,True
1619,dinov2,0.39999999999999997,True,False,False,True
1620,dinov2,-0.39999999999999997,False,True,True,True
1621,dinov2,-1.0,True,True,True,True
1622,dinov2,0.39999999999999997,False,True,False,True
1623,dinov2,0.19999999999999998,True,True,False,True
1624,dinov2,0.39999999999999997,True,False,False,True
1625,dinov2,-1.0,True,True,True,True
1626,dinov2,-0.7999999999999999,True,True,False,True
1627,dinov2,-0.6000000000000001,False,True,False,True
1628,dinov2,-0.39999999999999997,True,False,True,True
1629,dinov2,0.39999999999999997,False,True,False,True
1630,dinov2,-0.7999999999999999,True,True,False,True
1631,dinov2,0.39999999999999997,True,False,False,True
1632,dinov2,-0.7999999999999999,False,True,True,True
1633,dinov2,0.7999999999999999,False,False,True,True
1634,dinov2,0.7999999999999999,False,False,True,True
1635,dinov2,-0.39999999999999997,True,False,True,True
1636,dinov2,-0.7999999999999999,False,True,True,True
1637,dinov2,-0.19999999999999998,True,False,False,True
1638,dinov2,0.19999999999999998,True,True,False,True
1639,dinov2,-0.39999999999999997,False,True,True,True
1640,dinov2,0.39999999999999997,False,True,False,True
1641,dinov2,0.19999999999999998,False,True,True,True
1642,dinov2,0.7999999999999999,True,False,False,True
1643,dinov2,-0.19999999999999998,False,False,True,True
1644,dinov2,-0.39999999999999997,True,False,True,True
1645,dinov2,0.19999999999999998,False,True,True,True
1646,dinov2,-0.7999999999999999,True,True,False,True
1647,dinov2,0.7999999999999999,False,True,False,True
1648,dinov2,-0.39999999999999997,True,True,False,True
1649,dinov2,-0.39999999999999997,True,True,False,True
1650,dinov2,-0.39999999999999997,True,True,False,True
1651,dinov2,-0.19999999999999998,True,False,False,True
1652,dinov2,-0.39999999999999997,False,True,True,True
1653,dinov2,-1.0,True,True,True,True
1654,dinov2,-0.39999999999999997,True,False,True,True
1655,dinov2,-0.39999999999999997,True,True,False,True
1656,dinov2,1.0,False,False,False,False
1657,dinov2,0.39999999999999997,True,False,False,True
1658,dinov2,0.19999999999999998,True,True,False,True
1659,dinov2,0.19999999999999998,True,True,False,True
1660,dinov2,-0.39999999999999997,True,False,True,True
1661,dinov2,0.6000000000000001,True,False,True,True
1662,dinov2,-0.19999999999999998,True,False,False,True
1663,dinov2,0.7999999999999999,False,True,False,True
1664,dinov2,-0.39999999999999997,True,False,True,True
1665,dinov2,-0.7999999999999999,True,False,True,True
1666,dinov2,0.19999999999999998,True,True,False,True
1667,dinov2,0.7999999999999999,False,False,True,True
1668,dinov2,-0.7999999999999999,True,True,False,True
1669,dinov2,1.0,False,False,False,False
1670,dinov2,-0.7999999999999999,True,False,True,True
1671,dinov2,0.39999999999999997,False,False,True,True
1672,dinov2,0.0,True,False,True,True
1673,dinov2,-0.19999999999999998,True,False,False,True
1674,dinov2,0.7999999999999999,True,False,False,True
1675,dinov2,0.39999999999999997,False,True,False,True
1676,dinov2,-0.19999999999999998,True,False,False,True
1677,dinov2,-0.6000000000000001,False,True,False,True
1678,dinov2,1.0,False,False,False,False
1679,dinov2,0.39999999999999997,False,True,False,True
1680,dinov2,0.6000000000000001,True,False,True,True
1681,dinov2,-0.39999999999999997,True,False,True,True
1682,dinov2,-0.6000000000000001,False,True,False,True
1683,dinov2,0.39999999999999997,False,True,False,True
1684,dinov2,0.39999999999999997,True,False,False,True
1685,dinov2,0.19999999999999998,True,True,False,True
1686,dinov2,-0.7999999999999999,True,True,False,True
1687,dinov2,0.39999999999999997,False,True,False,True
1688,dinov2,0.7999999999999999,False,False,True,True
1689,dinov2,0.0,False,True,False,True
1690,dinov2,0.7999999999999999,True,False,False,True
1691,dinov2,-0.19999999999999998,True,False,False,True
1692,dinov2,0.7999999999999999,False,False,True,True
1693,dinov2,1.0,False,False,False,False
1694,dinov2,0.7999999999999999,False,True,False,True
1695,dinov2,-0.39999999999999997,True,False,True,True
1696,dinov2,0.39999999999999997,False,False,True,True
1697,dinov2,-0.7999999999999999,True,False,True,True
1698,dinov2,-0.39999999999999997,True,False,True,True
1699,dinov2,-0.39999999999999997,True,False,True,True
1700,dinov2,0.7999999999999999,False,True,False,True
1701,dinov2,-0.7999999999999999,True,False,True,True
1702,dinov2,-0.19999999999999998,False,False,True,True
1703,dinov2,0.19999999999999998,False,True,True,True
1704,dinov2,0.39999999999999997,False,True,False,True
1705,dinov2,0.39999999999999997,False,False,True,True
1706,dinov2,-0.7999999999999999,True,True,False,True
1707,dinov2,0.7999999999999999,False,True,False,True
1708,dinov2,1.0,False,False,False,False
1709,dinov2,-0.6000000000000001,False,True,False,True
1710,dinov2,-0.7999999999999999,False,True,True,True
1711,dinov2,0.7999999999999999,False,True,False,True
1712,dinov2,0.7999999999999999,False,True,False,True
1713,dinov2,0.39999999999999997,False,True,False,True
1714,dinov2,0.7999999999999999,True,False,False,True
1715,dinov2,-0.7999999999999999,False,True,True,True
1716,dinov2,0.7999999999999999,True,False,False,True
1717,dinov2,0.39999999999999997,False,True,False,True
1718,dinov2,-1.0,True,True,True,True
1719,dinov2,0.7999999999999999,False,False,True,True
1720,dinov2,0.7999999999999999,False,True,False,True
1721,dinov2,-0.19999999999999998,False,False,True,True
1722,dinov2,0.7999999999999999,True,False,False,True
1723,dinov2,0.7999999999999999,True,False,False,True
1724,dinov2,0.39999999999999997,False,True,False,True
1725,dinov2,-0.7999999999999999,True,True,False,True
1726,dinov2,-0.39999999999999997,True,True,False,True
1727,dinov2,0.7999999999999999,False,True,False,True
1728,dinov2,-0.7999999999999999,True,False,True,True
1729,dinov2,-0.39999999999999997,True,True,False,True
1730,dinov2,-0.7999999999999999,True,True,False,True
1731,dinov2,-0.7999999999999999,True,False,True,True
1732,dinov2,0.0,False,True,False,True
1733,dinov2,-0.6000000000000001,False,True,False,True
1734,dinov2,-0.39999999999999997,True,True,False,True
1735,dinov2,-0.19999999999999998,False,False,True,True
1736,dinov2,-0.39999999999999997,False,True,True,True
1737,dinov2,-0.39999999999999997,True,False,True,True
1738,dinov2,0.7999999999999999,False,False,True,True
1739,dinov2,0.39999999999999997,True,False,False,True
1740,dinov2,0.7999999999999999,False,True,False,True
1741,dinov2,0.39999999999999997,True,False,False,True
1742,dinov2,1.0,False,False,False,False
1743,dinov2,1.0,False,False,False,False
1744,dinov2,0.7999999999999999,False,False,True,True
1745,dinov2,0.7999999999999999,False,True,False,True
1746,dinov2,-0.39999999999999997,True,True,False,True
1747,dinov2,0.0,True,False,True,True
1748,dinov2,0.39999999999999997,False,True,False,True
1749,dinov2,0.39999999999999997,True,False,False,True
1750,dinov2,0.19999999999999998,True,True,False,True
1751,dinov2,-0.7999999999999999,True,True,False,True
1752,dinov2,-0.39999999999999997,True,False,True,True
1753,dinov2,-0.39999999999999997,True,True,False,True
1754,dinov2,-0.19999999999999998,False,False,True,True
1755,dinov2,-0.6000000000000001,False,True,False,True
1756,dinov2,-0.19999999999999998,True,False,False,True
1757,dinov2,0.19999999999999998,False,True,True,True
1758,dinov2,-0.7999999999999999,True,True,False,True
1759,dinov2,-0.7999999999999999,True,True,False,True
1760,dinov2,0.0,False,True,False,True
1761,dinov2,1.0,False,False,False,False
1762,dinov2,-0.19999999999999998,False,False,True,True
1763,dinov2,-0.39999999999999997,True,False,True,True
1764,dinov2,-0.6000000000000001,False,True,False,True
1765,dinov2,-0.39999999999999997,True,False,True,True
1766,dinov2,0.0,False,True,False,True
1767,dinov2,1.0,False,False,False,False
1768,dinov2,0.0,False,True,False,True
1769,dinov2,-0.7999999999999999,True,False,True,True
1770,dinov2,0.19999999999999998,False,True,True,True
1771,dinov2,0.7999999999999999,False,True,False,True
1772,dinov2,-0.7999999999999999,True,False,True,True
1773,dinov2,-1.0,True,True,True,True
1774,dinov2,0.39999999999999997,False,False,True,True
1775,dinov2,0.39999999999999997,False,True,False,True
1776,dinov2,0.39999999999999997,False,True,False,True
1777,dinov2,0.7999999999999999,True,False,False,True
1778,dinov2,0.39999999999999997,False,True,False,True
1779,dinov2,-0.39999999999999997,False,True,True,True
1780,dinov2,0.39999999999999997,False,True,False,True
1781,dinov2,0.7999999999999999,True,False,False,True
1782,dinov2,0.39999999999999997,True,False,False,True
1783,dinov2,0.19999999999999998,False,True,True,True
1784,dinov2,0.6000000000000001,True,False,True,True
1785,dinov2,0.7999999999999999,False,True,False,True
1786,dinov2,0.0,False,True,False,True
1787,dinov2,-0.6000000000000001,False,True,False,True
1788,dinov2,0.6000000000000001,True,False,True,True
1789,dinov2,-0.6000000000000001,False,True,False,True
1790,dinov2,-0.39999999999999997,True,False,True,True
1791,dinov2,-0.19999999999999998,True,False,False,True
1792,dinov2,-0.39999999999999997,False,True,True,True
1793,dinov2,0.7999999999999999,True,False,False,True
1794,dinov2,0.0,False,True,False,True
1795,dinov2,-0.7999999999999999,True,False,True,True
1796,dinov2,0.7999999999999999,True,False,False,True
1797,dinov2,0.19999999999999998,True,True,False,True
1798,dinov2,0.0,True,False,True,True
1799,dinov2,0.7999999999999999,False,False,True,True
1800,dinov2,0.7999999999999999,False,True,False,True
1801,dinov2,-0.7999999999999999,True,True,False,True
1802,dinov2,0.7999999999999999,False,True,False,True
1803,dinov2,0.7999999999999999,False,True,False,True
1804,dinov2,-0.6000000000000001,False,True,False,True
1805,dinov2,-0.7999999999999999,False,True,True,True
1806,dinov2,1.0,False,False,False,False
1807,dinov2,0.0,False,True,False,True
1808,dinov2,0.7999999999999999,False,False,True,True
1809,dinov2,0.19999999999999998,True,True,False,True
1810,dinov2,-0.7999999999999999,True,False,True,True
1811,dinov2,0.39999999999999997,False,True,False,True
1812,dinov2,0.0,False,True,False,True
1813,dinov2,0.19999999999999998,False,True,True,True
1814,dinov2,0.0,True,False,True,True
1815,dinov2,-0.39999999999999997,True,False,True,True
1816,dinov2,0.39999999999999997,False,False,True,True
1817,dinov2,0.39999999999999997,False,False,True,True
1818,dinov2,0.39999999999999997,False,False,True,True
1819,dinov2,0.7999999999999999,False,False,True,True
1820,dinov2,-0.39999999999999997,True,False,True,True
1821,dinov2,-0.39999999999999997,False,True,True,True
1822,dinov2,-0.39999999999999997,True,False,True,True
1823,dinov2,-0.39999999999999997,True,False,True,True
1824,dinov2,-0.7999999999999999,True,True,False,True
1825,dinov2,0.39999999999999997,True,False,False,True
1826,dinov2,0.39999999999999997,True,False,False,True
1827,dinov2,0.39999999999999997,True,False,False,True
1828,dinov2,-0.6000000000000001,False,True,False,True
1829,dinov2,0.7999999999999999,True,False,False,True
1830,dinov2,-0.39999999999999997,True,False,True,True
1831,dinov2,0.7999999999999999,False,True,False,True
1832,dinov2,0.6000000000000001,True,False,True,True
1833,dinov2,-0.19999999999999998,True,False,False,True
1834,dinov2,-1.0,True,True,True,True
1835,dinov2,0.0,False,True,False,True
1836,dinov2,0.19999999999999998,True,True,False,True
1837,dinov2,-0.7999999999999999,True,True,False,True
1838,dinov2,0.7999999999999999,False,False,True,True
1839,dinov2,0.39999999999999997,True,False,False,True
1840,dinov2,-0.6000000000000001,False,True,False,True
1841,dinov2,-0.39999999999999997,True,True,False,True
1842,dinov2,-0.39999999999999997,True,True,False,True
1843,dinov2,1.0,False,False,False,False
1844,dinov2,0.7999999999999999,True,False,False,True
1845,dinov2,0.19999999999999998,False,True,True,True
1846,dinov2,0.19999999999999998,True,True,False,True
1847,dinov2,0.19999999999999998,True,True,False,True
1848,dinov2,1.0,False,False,False,False
1849,dinov2,0.39999999999999997,False,True,False,True
1850,dinov2,0.39999999999999997,False,False,True,True
1851,dinov2,0.0,True,False,True,True
1852,dinov2,-0.7999999999999999,True,False,True,True
1853,dinov2,-0.7999999999999999,False,True,True,True
1854,dinov2,-0.6000000000000001,False,True,False,True
1855,dinov2,-0.39999999999999997,True,False,True,True
1856,dinov2,-0.39999999999999997,True,False,True,True
1857,dinov2,0.0,False,True,False,True
1858,dinov2,0.7999999999999999,False,True,False,True
1859,dinov2,0.39999999999999997,True,False,False,True
1860,dinov2,-1.0,True,True,True,True
1861,dinov2,-0.7999999999999999,True,False,True,True
1862,dinov2,-0.19999999999999998,True,False,False,True
1863,dinov2,-0.19999999999999998,True,False,False,True
1864,dinov2,0.7999999999999999,False,True,False,True
1865,dinov2,0.7999999999999999,False,True,False,True
1866,dinov2,0.0,False,True,False,True
1867,dinov2,-0.19999999999999998,False,False,True,True
1868,dinov2,0.0,True,False,True,True
1869,dinov2,0.19999999999999998,False,True,True,True
1870,dinov2,-0.39999999999999997,True,True,False,True
1871,dinov2,-0.39999999999999997,True,False,True,True
1872,dinov2,0.7999999999999999,False,True,False,True
1873,dinov2,-1.0,True,True,True,True
1874,dinov2,0.39999999999999997,True,False,False,True
1875,dinov2,-0.7999999999999999,False,True,True,True
1876,dinov2,1.0,False,False,False,False
1877,dinov2,0.39999999999999997,False,True,False,True
1878,dinov2,0.39999999999999997,False,True,False,True
1879,dinov2,0.0,False,True,False,True
1880,dinov2,-0.39999999999999997,True,False,True,True
1881,dinov2,-0.39999999999999997,True,False,True,True
1882,dinov2,0.7999999999999999,False,False,True,True
1883,dinov2,0.39999999999999997,True,False,False,True
1884,dinov2,0.7999999999999999,True,False,False,True
1885,dinov2,0.7999999999999999,False,True,False,True
1886,dinov2,0.0,True,False,True,True
1887,dinov2,-0.39999999999999997,True,False,True,True
1888,dinov2,0.7999999999999999,True,False,False,True
1889,dinov2,0.6000000000000001,True,False,True,True
1890,dinov2,-0.39999999999999997,True,True,False,True
1891,dinov2,0.0,False,True,False,True
1892,dinov2,0.19999999999999998,True,True,False,True
1893,dinov2,0.0,True,False,True,True
1894,dinov2,-0.39999999999999997,False,True,True,True
1895,dinov2,-0.6000000000000001,False,True,False,True
1896,dinov2,-0.39999999999999997,True,False,True,True
1897,dinov2,0.0,False,True,False,True
1898,dinov2,-0.7999999999999999,True,True,False,True
1899,dinov2,-1.0,True,True,True,True
1900,dinov2,0.6000000000000001,True,False,True,True
1901,dinov2,0.39999999999999997,False,False,True,True
1902,dinov2,0.39999999999999997,True,False,False,True
1903,dinov2,0.7999999999999999,True,False,False,True
1904,dinov2,0.7999999999999999,False,False,True,True
1905,dinov2,0.6000000000000001,True,False,True,True
1906,dinov2,-0.39999999999999997,True,False,True,True
1907,dinov2,-0.7999999999999999,True,True,False,True
1908,dinov2,0.7999999999999999,False,False,True,True
1909,dinov2,-0.19999999999999998,True,False,False,True
1910,dinov2,0.39999999999999997,False,True,False,True
1911,dinov2,0.19999999999999998,False,True,True,True
1912,dinov2,0.39999999999999997,True,False,False,True
1913,dinov2,0.7999999999999999,True,False,False,True
1914,dinov2,0.7999999999999999,True,False,False,True
1915,dinov2,-1.0,True,True,True,True
1916,dinov2,0.7999999999999999,False,False,True,True
1917,dinov2,1.0,False,False,False,False
1918,dinov2,0.7999999999999999,True,False,False,True
1919,dinov2,0.7999999999999999,False,False,True,True
1920,dinov2,-0.7999999999999999,True,True,False,True
1921,dinov2,0.7999999999999999,False,True,False,True
1922,dinov2,-0.7999999999999999,False,True,True,True
1923,dinov2,0.7999999999999999,False,False,True,True
1924,dinov2,-0.19999999999999998,True,False,False,True
1925,dinov2,-0.7999999999999999,False,True,True,True
1926,dinov2,0.39999999999999997,True,False,False,True
1927,dinov2,0.39999999999999997,False,True,False,True
1928,dinov2,0.39999999999999997,False,True,False,True
1929,dinov2,0.7999999999999999,False,True,False,True
1930,dinov2,0.39999999999999997,False,False,True,True
1931,dinov2,-0.6000000000000001,False,True,False,True
1932,dinov2,1.0,False,False,False,False
1933,dinov2,0.39999999999999997,False,True,False,True
1934,dinov2,0.39999999999999997,False,True,False,True
1935,dinov2,-0.7999999999999999,True,True,False,True
1936,dinov2,0.7999999999999999,False,False,True,True
1937,dinov2,-1.0,True,True,True,True
1938,dinov2,0.39999999999999997,False,True,False,True
1939,dinov2,1.0,False,False,False,False
1940,dinov2,0.19999999999999998,True,True,False,True
1941,dinov2,-0.39999999999999997,True,True,False,True
1942,dinov2,-0.39999999999999997,True,False,True,True
1943,dinov2,0.19999999999999998,True,True,False,True
1944,dinov2,-1.0,True,True,True,True
1945,dinov2,0.19999999999999998,False,True,True,True
1946,dinov2,0.7999999999999999,True,False,False,True
1947,dinov2,0.39999999999999997,True,False,False,True
1948,dinov2,1.0,False,False,False,False
1949,dinov2,0.39999999999999997,True,False,False,True
1950,dinov2,0.39999999999999997,False,True,False,True
1951,dinov2,1.0,False,False,False,False
1952,dinov2,1.0,False,False,False,False
1953,dinov2,0.0,False,True,False,True
1954,dinov2,0.39999999999999997,False,False,True,True
1955,dinov2,0.7999999999999999,False,False,True,True
1956,dinov2,0.39999999999999997,True,False,False,True
1957,dinov2,-1.0,True,True,True,True
1958,dinov2,0.19999999999999998,True,True,False,True
1959,dinov2,-0.7999999999999999,False,True,True,True
1960,dinov2,-0.39999999999999997,True,True,False,True
1961,dinov2,-0.39999999999999997,False,True,True,True
1962,dinov2,0.7999999999999999,False,False,True,True
1963,dinov2,-0.7999999999999999,True,True,False,True
1964,dinov2,-0.39999999999999997,True,False,True,True
1965,dinov2,0.39999999999999997,False,True,False,True
1966,dinov2,0.39999999999999997,True,False,False,True
1967,dinov2,1.0,False,False,False,False
1968,dinov2,-0.7999999999999999,True,True,False,True
1969,dinov2,-0.6000000000000001,False,True,False,True
1970,dinov2,0.0,False,True,False,True
1971,dinov2,0.39999999999999997,True,False,False,True
1972,dinov2,0.7999999999999999,False,False,True,True
1973,dinov2,-0.7999999999999999,True,False,True,True
1974,dinov2,0.19999999999999998,False,True,True,True
1975,dinov2,-0.39999999999999997,True,False,True,True
1976,dinov2,-0.39999999999999997,True,True,False,True
1977,dinov2,-0.7999999999999999,False,True,True,True
1978,dinov2,0.39999999999999997,True,False,False,True
1979,dinov2,-0.19999999999999998,True,False,False,True
1980,dinov2,0.39999999999999997,True,False,False,True
1981,dinov2,-0.7999999999999999,False,True,True,True
1982,dinov2,1.0,False,False,False,False
1983,dinov2,1.0,False,False,False,False
1984,dinov2,-0.19999999999999998,True,False,False,True
1985,dinov2,0.39999999999999997,False,True,False,True
1986,dinov2,0.7999999999999999,False,False,True,True
1987,dinov2,0.0,False,True,False,True
1988,dinov2,0.19999999999999998,False,True,True,True
1989,dinov2,0.0,True,False,True,True
1990,dinov2,0.0,False,True,False,True
1991,dinov2,0.7999999999999999,True,False,False,True
1992,dinov2,0.6000000000000001,True,False,True,True
1993,dinov2,-0.7999999999999999,False,True,True,True
1994,dinov2,0.6000000000000001,True,False,True,True
1995,dinov2,0.6000000000000001,True,False,True,True
1996,dinov2,0.0,True,False,True,True
1997,dinov2,-0.39999999999999997,False,True,True,True
1998,dinov2,0.39999999999999997,False,True,False,True
1999,dinov2,0.39999999999999997,True,False,False,True
0,morphem,1.0,False,False,False,False
1,morphem,0.39999999999999997,True,False,False,True
2,morphem,-1.0,True,True,True,True
3,morphem,-0.7999999999999999,True,False,True,True
4,morphem,-0.19999999999999998,False,False,True,True
5,morphem,-0.7999999999999999,True,True,False,True
6,morphem,0.39999999999999997,False,True,False,True
7,morphem,-0.19999999999999998,True,False,False,True
8,morphem,1.0,False,False,False,False
9,morphem,-0.39999999999999997,True,True,False,True
10,morphem,0.39999999999999997,True,False,False,True
11,morphem,-0.7999999999999999,True,True,False,True
12,morphem,-0.7999999999999999,True,True,False,True
13,morphem,0.39999999999999997,False,True,False,True
14,morphem,0.6000000000000001,True,False,True,True
15,morphem,0.39999999999999997,False,True,False,True
16,morphem,0.39999999999999997,False,True,False,True
17,morphem,1.0,False,False,False,False
18,morphem,0.39999999999999997,False,True,False,True
19,morphem,0.0,False,True,False,True
20,morphem,0.7999999999999999,False,True,False,True
21,morphem,-0.7999999999999999,True,True,False,True
22,morphem,-0.39999999999999997,True,False,True,True
23,morphem,0.39999999999999997,False,True,False,True
24,morphem,0.7999999999999999,True,False,False,True
25,morphem,0.39999999999999997,False,True,False,True
26,morphem,0.6000000000000001,True,False,True,True
27,morphem,0.39999999999999997,True,False,False,True
28,morphem,0.6000000000000001,True,False,True,True
29,morphem,0.39999999999999997,True,False,False,True
30,morphem,0.7999999999999999,False,True,False,True
31,morphem,0.6000000000000001,True,False,True,True
32,morphem,1.0,False,False,False,False
33,morphem,-1.0,True,True,True,True
34,morphem,-0.39999999999999997,True,False,True,True
35,morphem,0.7999999999999999,False,True,False,True
36,morphem,0.7999999999999999,True,False,False,True
37,morphem,0.19999999999999998,True,True,False,True
38,morphem,1.0,False,False,False,False
39,morphem,0.7999999999999999,True,False,False,True
40,morphem,0.7999999999999999,False,True,False,True
41,morphem,-0.7999999999999999,False,True,True,True
42,morphem,-0.7999999999999999,False,True,True,True
43,morphem,0.7999999999999999,False,True,False,True
44,morphem,0.6000000000000001,True,False,True,True
45,morphem,1.0,False,False,False,False
46,morphem,0.7999999999999999,False,True,False,True
47,morphem,0.39999999999999997,False,True,False,True
48,morphem,-0.7999999999999999,True,True,False,True
49,morphem,0.39999999999999997,False,True,False,True
50,morphem,-0.39999999999999997,True,True,False,True
51,morphem,0.7999999999999999,True,False,False,True
52,morphem,-0.7999999999999999,False,True,True,True
53,morphem,0.39999999999999997,False,False,True,True
54,morphem,-0.7999999999999999,True,False,True,True
55,morphem,0.7999999999999999,False,True,False,True
56,morphem,0.39999999999999997,False,True,False,True
57,morphem,0.7999999999999999,True,False,False,True
58,morphem,0.39999999999999997,False,True,False,True
59,morphem,0.0,True,False,True,True
60,morphem,0.19999999999999998,True,True,False,True
61,morphem,0.6000000000000001,True,False,True,True
62,morphem,1.0,False,False,False,False
63,morphem,0.0,False,True,False,True
64,morphem,-0.19999999999999998,True,False,False,True
65,morphem,0.7999999999999999,True,False,False,True
66,morphem,-0.39999999999999997,True,False,True,True
67,morphem,0.19999999999999998,False,True,True,True
68,morphem,0.39999999999999997,False,False,True,True
69,morphem,0.39999999999999997,False,True,False,True
70,morphem,1.0,False,False,False,False
71,morphem,0.19999999999999998,False,True,True,True
72,morphem,0.39999999999999997,False,True,False,True
73,morphem,0.7999999999999999,True,False,False,True
74,morphem,-0.19999999999999998,False,False,True,True
75,morphem,0.19999999999999998,True,True,False,True
76,morphem,-0.19999999999999998,True,False,False,True
77,morphem,-0.39999999999999997,False,True,True,True
78,morphem,0.0,False,True,False,True
79,morphem,0.7999999999999999,False,True,False,True
80,morphem,0.39999999999999997,False,True,False,True
81,morphem,1.0,False,False,False,False
82,morphem,-0.6000000000000001,False,True,False,True
83,morphem,0.7999999999999999,True,False,False,True
84,morphem,-1.0,True,True,True,True
85,morphem,1.0,False,False,False,False
86,morphem,1.0,False,False,False,False
87,morphem,0.6000000000000001,True,False,True,True
88,morphem,1.0,False,False,False,False
89,morphem,0.7999999999999999,True,False,False,True
90,morphem,1.0,False,False,False,False
91,morphem,0.39999999999999997,True,False,False,True
92,morphem,-1.0,True,True,True,True
93,morphem,-0.6000000000000001,False,True,False,True
94,morphem,-0.19999999999999998,False,False,True,True
95,morphem,0.6000000000000001,True,False,True,True
96,morphem,0.7999999999999999,False,True,False,True
97,morphem,1.0,False,False,False,False
98,morphem,0.7999999999999999,False,False,True,True
99,morphem,1.0,False,False,False,False
100,morphem,0.7999999999999999,True,False,False,True
101,morphem,0.7999999999999999,True,False,False,True
102,morphem,0.0,False,True,False,True
103,morphem,0.39999999999999997,True,False,False,True
104,morphem,1.0,False,False,False,False
105,morphem,0.39999999999999997,False,True,False,True
106,morphem,-0.39999999999999997,False,True,True,True
107,morphem,0.39999999999999997,False,False,True,True
108,morphem,0.39999999999999997,False,True,False,True
109,morphem,-0.7999999999999999,False,True,True,True
110,morphem,1.0,False,False,False,False
111,morphem,0.39999999999999997,True,False,False,True
112,morphem,-0.7999999999999999,True,True,False,True
113,morphem,0.7999999999999999,False,False,True,True
114,morphem,0.39999999999999997,True,False,False,True
115,morphem,0.0,False,True,False,True
116,morphem,0.7999999999999999,True,False,False,True
117,morphem,0.7999999999999999,False,True,False,True
118,morphem,-0.6000000000000001,False,True,False,True
119,morphem,0.19999999999999998,True,True,False,True
120,morphem,0.7999999999999999,False,True,False,True
121,morphem,0.7999999999999999,True,False,False,True
122,morphem,-0.39999999999999997,False,True,True,True
123,morphem,0.7999999999999999,False,False,True,True
124,morphem,0.39999999999999997,True,False,False,True
125,morphem,-1.0,True,True,True,True
126,morphem,0.6000000000000001,True,False,True,True
127,morphem,0.6000000000000001,True,False,True,True
128,morphem,1.0,False,False,False,False
129,morphem,-0.39999999999999997,True,False,True,True
130,morphem,-0.7999999999999999,True,True,False,True
131,morphem,0.7999999999999999,True,False,False,True
132,morphem,0.0,False,True,False,True
133,morphem,0.7999999999999999,True,False,False,True
134,morphem,1.0,False,False,False,False
135,morphem,-0.7999999999999999,True,True,False,True
136,morphem,0.7999999999999999,True,False,False,True
137,morphem,0.39999999999999997,True,False,False,True
138,morphem,0.19999999999999998,True,True,False,True
139,morphem,1.0,False,False,False,False
140,morphem,-0.39999999999999997,True,True,False,True
141,morphem,-1.0,True,True,True,True
142,morphem,0.39999999999999997,False,True,False,True
143,morphem,0.7999999999999999,False,False,True,True
144,morphem,0.7999999999999999,True,False,False,True
145,morphem,0.7999999999999999,True,False,False,True
146,morphem,0.7999999999999999,True,False,False,True
147,morphem,-0.19999999999999998,True,False,False,True
148,morphem,-0.7999999999999999,True,True,False,True
149,morphem,0.0,True,False,True,True
150,morphem,0.6000000000000001,True,False,True,True
151,morphem,1.0,False,False,False,False
152,morphem,0.7999999999999999,False,True,False,True
153,morphem,0.39999999999999997,True,False,False,True
154,morphem,0.6000000000000001,True,False,True,True
155,morphem,-0.39999999999999997,True,True,False,True
156,morphem,0.39999999999999997,True,False,False,True
157,morphem,0.7999999999999999,True,False,False,True
158,morphem,0.7999999999999999,False,False,True,True
159,morphem,0.39999999999999997,False,False,True,True
160,morphem,0.7999999999999999,False,True,False,True
161,morphem,-0.6000000000000001,False,True,False,True
162,morphem,-0.39999999999999997,True,True,False,True
163,morphem,0.7999999999999999,True,False,False,True
164,morphem,0.39999999999999997,False,True,False,True
165,morphem,-0.39999999999999997,True,False,True,True
166,morphem,0.19999999999999998,False,True,True,True
167,morphem,0.7999999999999999,False,False,True,True
168,morphem,0.7999999999999999,False,False,True,True
169,morphem,1.0,False,False,False,False
170,morphem,-0.39999999999999997,False,True,True,True
171,morphem,-0.19999999999999998,True,False,False,True
172,morphem,0.39999999999999997,False,True,False,True
173,morphem,0.0,True,False,True,True
174,morphem,0.39999999999999997,False,True,False,True
175,morphem,0.39999999999999997,False,True,False,True
176,morphem,0.7999999999999999,False,False,True,True
177,morphem,1.0,False,False,False,False
178,morphem,1.0,False,False,False,False
179,morphem,0.7999999999999999,True,False,False,True
180,morphem,-1.0,True,True,True,True
181,morphem,0.39999999999999997,False,True,False,True
182,morphem,-0.39999999999999997,True,True,False,True
183,morphem,1.0,False,False,False,False
184,morphem,0.0,False,True,False,True
185,morphem,0.7999999999999999,True,False,False,True
186,morphem,0.39999999999999997,False,True,False,True
187,morphem,0.39999999999999997,False,True,False,True
188,morphem,-0.39999999999999997,True,True,False,True
189,morphem,-0.39999999999999997,True,False,True,True
190,morphem,-0.39999999999999997,True,True,False,True
191,morphem,-1.0,True,True,True,True
192,morphem,0.39999999999999997,False,True,False,True
193,morphem,-0.39999999999999997,True,False,True,True
194,morphem,0.39999999999999997,True,False,False,True
195,morphem,0.19999999999999998,True,True,False,True
196,morphem,0.39999999999999997,False,True,False,True
197,morphem,-0.39999999999999997,True,True,False,True
198,morphem,-0.39999999999999997,True,True,False,True
199,morphem,-0.7999999999999999,True,False,True,True
200,morphem,0.6000000000000001,True,False,True,True
201,morphem,0.7999999999999999,True,False,False,True
202,morphem,1.0,False,False,False,False
203,morphem,1.0,False,False,False,False
204,morphem,0.19999999999999998,True,True,False,True
205,morphem,0.39999999999999997,False,True,False,True
206,morphem,-0.19999999999999998,True,False,False,True
207,morphem,0.19999999999999998,True,True,False,True
208,morphem,-0.39999999999999997,True,True,False,True
209,morphem,0.39999999999999997,True,False,False,True
210,morphem,-0.39999999999999997,False,True,True,True
211,morphem,-0.19999999999999998,True,False,False,True
212,morphem,0.0,True,False,True,True
213,morphem,0.7999999999999999,True,False,False,True
214,morphem,0.6000000000000001,True,False,True,True
215,morphem,1.0,False,False,False,False
216,morphem,-0.39999999999999997,True,False,True,True
217,morphem,0.0,False,True,False,True
218,morphem,0.39999999999999997,False,True,False,True
219,morphem,0.7999999999999999,False,True,False,True
220,morphem,0.7999999999999999,False,True,False,True
221,morphem,-0.6000000000000001,False,True,False,True
222,morphem,0.39999999999999997,False,True,False,True
223,morphem,0.7999999999999999,True,False,False,True
224,morphem,0.7999999999999999,False,True,False,True
225,morphem,-1.0,True,True,True,True
226,morphem,-0.7999999999999999,True,True,False,True
227,morphem,0.7999999999999999,False,True,False,True
228,morphem,0.39999999999999997,False,True,False,True
229,morphem,0.39999999999999997,False,True,False,True
230,morphem,0.7999999999999999,False,True,False,True
231,morphem,0.39999999999999997,False,False,True,True
232,morphem,0.7999999999999999,False,False,True,True
233,morphem,0.39999999999999997,False,True,False,True
234,morphem,0.7999999999999999,False,True,False,True
235,morphem,1.0,False,False,False,False
236,morphem,-0.19999999999999998,False,False,True,True
237,morphem,0.39999999999999997,True,False,False,True
238,morphem,1.0,False,False,False,False
239,morphem,-0.7999999999999999,True,True,False,True
240,morphem,0.7999999999999999,False,True,False,True
241,morphem,-0.7999999999999999,False,True,True,True
242,morphem,1.0,False,False,False,False
243,morphem,1.0,False,False,False,False
244,morphem,0.7999999999999999,True,False,False,True
245,morphem,-0.39999999999999997,False,True,True,True
246,morphem,0.39999999999999997,False,True,False,True
247,morphem,1.0,False,False,False,False
248,morphem,1.0,False,False,False,False
249,morphem,0.0,True,False,True,True
250,morphem,0.39999999999999997,False,False,True,True
251,morphem,1.0,False,False,False,False
252,morphem,1.0,False,False,False,False
253,morphem,0.19999999999999998,False,True,True,True
254,morphem,0.0,True,False,True,True
255,morphem,1.0,False,False,False,False
256,morphem,0.7999999999999999,False,True,False,True
257,morphem,-0.39999999999999997,False,True,True,True
258,morphem,0.39999999999999997,True,False,False,True
259,morphem,1.0,False,False,False,False
260,morphem,0.19999999999999998,False,True,True,True
261,morphem,0.0,False,True,False,True
262,morphem,-0.39999999999999997,True,False,True,True
263,morphem,0.39999999999999997,False,True,False,True
264,morphem,-0.39999999999999997,True,False,True,True
265,morphem,-0.39999999999999997,False,True,True,True
266,morphem,0.19999999999999998,False,True,True,True
267,morphem,-0.39999999999999997,True,False,True,True
268,morphem,0.7999999999999999,False,True,False,True
269,morphem,0.7999999999999999,False,False,True,True
270,morphem,-0.39999999999999997,True,True,False,True
271,morphem,0.7999999999999999,True,False,False,True
272,morphem,0.7999999999999999,False,True,False,True
273,morphem,-0.39999999999999997,True,True,False,True
274,morphem,0.39999999999999997,False,False,True,True
275,morphem,0.39999999999999997,False,True,False,True
276,morphem,0.19999999999999998,True,True,False,True
277,morphem,-0.39999999999999997,True,False,True,True
278,morphem,-0.7999999999999999,True,False,True,True
279,morphem,-0.7999999999999999,True,True,False,True
280,morphem,0.7999999999999999,False,True,False,True
281,morphem,-0.39999999999999997,True,False,True,True
282,morphem,-0.39999999999999997,True,True,False,True
283,morphem,0.39999999999999997,False,False,True,True
284,morphem,-0.7999999999999999,True,True,False,True
285,morphem,0.7999999999999999,False,True,False,True
286,morphem,0.6000000000000001,True,False,True,True
287,morphem,-0.7999999999999999,False,True,True,True
288,morphem,0.39999999999999997,False,True,False,True
289,morphem,0.7999999999999999,False,False,True,True
290,morphem,1.0,False,False,False,False
291,morphem,0.7999999999999999,True,False,False,True
292,morphem,-0.6000000000000001,False,True,False,True
293,morphem,0.6000000000000001,True,False,True,True
294,morphem,-1.0,True,True,True,True
295,morphem,0.7999999999999999,False,False,True,True
296,morphem,0.19999999999999998,True,True,False,True
297,morphem,0.39999999999999997,True,False,False,True
298,morphem,-1.0,True,True,True,True
299,morphem,-0.19999999999999998,False,False,True,True
300,morphem,0.0,True,False,True,True
301,morphem,0.7999999999999999,True,False,False,True
302,morphem,1.0,False,False,False,False
303,morphem,0.19999999999999998,False,True,True,True
304,morphem,0.39999999999999997,False,True,False,True
305,morphem,0.19999999999999998,False,True,True,True
306,morphem,0.7999999999999999,False,False,True,True
307,morphem,-0.39999999999999997,True,False,True,True
308,morphem,0.39999999999999997,True,False,False,True
309,morphem,0.6000000000000001,True,False,True,True
310,morphem,0.39999999999999997,True,False,False,True
311,morphem,-0.39999999999999997,False,True,True,True
312,morphem,0.39999999999999997,False,True,False,True
313,morphem,1.0,False,False,False,False
314,morphem,-1.0,True,True,True,True
315,morphem,-0.39999999999999997,True,False,True,True
316,morphem,0.39999999999999997,False,True,False,True
317,morphem,0.39999999999999997,True,False,False,True
318,morphem,0.39999999999999997,True,False,False,True
319,morphem,-0.19999999999999998,True,False,False,True
320,morphem,0.7999999999999999,False,False,True,True
321,morphem,0.7999999999999999,False,False,True,True
322,morphem,0.39999999999999997,False,False,True,True
323,morphem,0.39999999999999997,True,False,False,True
324,morphem,-1.0,True,True,True,True
325,morphem,-0.19999999999999998,False,False,True,True
326,morphem,-0.19999999999999998,False,False,True,True
327,morphem,0.39999999999999997,False,False,True,True
328,morphem,0.7999999999999999,True,False,False,True
329,morphem,1.0,False,False,False,False
330,morphem,0.39999999999999997,True,False,False,True
331,morphem,-0.7999999999999999,False,True,True,True
332,morphem,0.7999999999999999,False,True,False,True
333,morphem,0.0,False,True,False,True
334,morphem,0.19999999999999998,False,True,True,True
335,morphem,0.6000000000000001,True,False,True,True
336,morphem,-0.39999999999999997,False,True,True,True
337,morphem,-0.19999999999999998,False,False,True,True
338,morphem,0.39999999999999997,True,False,False,True
339,morphem,-0.19999999999999998,True,False,False,True
340,morphem,1.0,False,False,False,False
341,morphem,-1.0,True,True,True,True
342,morphem,0.39999999999999997,False,False,True,True
343,morphem,0.7999999999999999,False,True,False,True
344,morphem,1.0,False,False,False,False
345,morphem,0.39999999999999997,False,True,False,True
346,morphem,0.7999999999999999,False,True,False,True
347,morphem,1.0,False,False,False,False
348,morphem,1.0,False,False,False,False
349,morphem,0.19999999999999998,False,True,True,True
350,morphem,0.7999999999999999,False,False,True,True
351,morphem,-0.19999999999999998,True,False,False,True
352,morphem,-0.39999999999999997,True,True,False,True
353,morphem,0.6000000000000001,True,False,True,True
354,morphem,0.7999999999999999,True,False,False,True
355,morphem,0.7999999999999999,True,False,False,True
356,morphem,-0.7999999999999999,True,False,True,True
357,morphem,0.7999999999999999,True,False,False,True
358,morphem,0.19999999999999998,False,True,True,True
359,morphem,0.39999999999999997,True,False,False,True
360,morphem,0.39999999999999997,False,False,True,True
361,morphem,0.7999999999999999,False,True,False,True
362,morphem,1.0,False,False,False,False
363,morphem,0.19999999999999998,True,True,False,True
364,morphem,-0.39999999999999997,True,True,False,True
365,morphem,0.7999999999999999,False,True,False,True
366,morphem,-1.0,True,True,True,True
367,morphem,0.39999999999999997,False,True,False,True
368,morphem,0.39999999999999997,False,False,True,True
369,morphem,0.39999999999999997,True,False,False,True
370,morphem,-0.39999999999999997,True,True,False,True
371,morphem,-0.19999999999999998,False,False,True,True
372,morphem,-0.39999999999999997,False,True,True,True
373,morphem,0.39999999999999997,False,True,False,True
374,morphem,-0.19999999999999998,False,False,True,True
375,morphem,0.0,False,True,False,True
376,morphem,0.7999999999999999,False,True,False,True
377,morphem,-0.7999999999999999,True,False,True,True
378,morphem,0.7999999999999999,False,False,True,True
379,morphem,0.19999999999999998,False,True,True,True
380,morphem,0.7999999999999999,True,False,False,True
381,morphem,0.6000000000000001,True,False,True,True
382,morphem,0.0,False,True,False,True
383,morphem,0.19999999999999998,True,True,False,True
384,morphem,-0.7999999999999999,True,True,False,True
385,morphem,0.7999999999999999,False,False,True,True
386,morphem,0.6000000000000001,True,False,True,True
387,morphem,0.0,True,False,True,True
388,morphem,0.7999999999999999,True,False,False,True
389,morphem,0.7999999999999999,True,False,False,True
390,morphem,0.6000000000000001,True,False,True,True
391,morphem,1.0,False,False,False,False
392,morphem,-0.19999999999999998,True,False,False,True
393,morphem,1.0,False,False,False,False
394,morphem,1.0,False,False,False,False
395,morphem,1.0,False,False,False,False
396,morphem,0.7999999999999999,False,False,True,True
397,morphem,-0.39999999999999997,True,False,True,True
398,morphem,-0.39999999999999997,False,True,True,True
399,morphem,0.39999999999999997,False,True,False,True
400,morphem,0.7999999999999999,False,False,True,True
401,morphem,0.7999999999999999,True,False,False,True
402,morphem,0.19999999999999998,True,True,False,True
403,morphem,0.7999999999999999,False,False,True,True
404,morphem,-0.7999999999999999,True,False,True,True
405,morphem,0.7999999999999999,True,False,False,True
406,morphem,0.7999999999999999,False,True,False,True
407,morphem,1.0,False,False,False,False
408,morphem,-0.7999999999999999,False,True,True,True
409,morphem,0.6000000000000001,True,False,True,True
410,morphem,0.39999999999999997,False,False,True,True
411,morphem,-0.7999999999999999,True,False,True,True
412,morphem,0.39999999999999997,True,False,False,True
413,morphem,-0.7999999999999999,True,True,False,True
414,morphem,0.39999999999999997,True,False,False,True
415,morphem,-0.7999999999999999,True,False,True,True
416,morphem,0.7999999999999999,False,False,True,True
417,morphem,-0.39999999999999997,True,False,True,True
418,morphem,-0.39999999999999997,True,False,True,True
419,morphem,0.7999999999999999,True,False,False,True
420,morphem,0.19999999999999998,False,True,True,True
421,morphem,0.0,False,True,False,True
422,morphem,-1.0,True,True,True,True
423,morphem,-0.6000000000000001,False,True,False,True
424,morphem,0.7999999999999999,False,True,False,True
425,morphem,0.7999999999999999,False,True,False,True
426,morphem,0.39999999999999997,True,False,False,True
427,morphem,1.0,False,False,False,False
428,morphem,-0.7999999999999999,True,True,False,True
429,morphem,0.39999999999999997,True,False,False,True
430,morphem,0.7999999999999999,True,False,False,True
431,morphem,1.0,False,False,False,False
432,morphem,0.39999999999999997,False,True,False,True
433,morphem,0.39999999999999997,True,False,False,True
434,morphem,-0.39999999999999997,True,True,False,True
435,morphem,0.7999999999999999,True,False,False,True
436,morphem,0.19999999999999998,True,True,False,True
437,morphem,0.19999999999999998,False,True,True,True
438,morphem,0.7999999999999999,True,False,False,True
439,morphem,0.7999999999999999,False,True,False,True
440,morphem,-0.39999999999999997,True,True,False,True
441,morphem,0.39999999999999997,False,True,False,True
442,morphem,-0.19999999999999998,False,False,True,True
443,morphem,-0.7999999999999999,False,True,True,True
444,morphem,0.39999999999999997,False,True,False,True
445,morphem,-0.7999999999999999,True,False,True,True
446,morphem,-0.39999999999999997,False,True,True,True
447,morphem,0.7999999999999999,False,True,False,True
448,morphem,0.0,False,True,False,True
449,morphem,-0.19999999999999998,True,False,False,True
450,morphem,-0.39999999999999997,False,True,True,True
451,morphem,0.39999999999999997,True,False,False,True
452,morphem,0.7999999999999999,False,True,False,True
453,morphem,1.0,False,False,False,False
454,morphem,-0.39999999999999997,True,False,True,True
455,morphem,-0.39999999999999997,True,False,True,True
456,morphem,0.19999999999999998,True,True,False,True
457,morphem,-0.7999999999999999,True,False,True,True
458,morphem,0.7999999999999999,False,True,False,True
459,morphem,0.7999999999999999,True,False,False,True
460,morphem,0.7999999999999999,True,False,False,True
461,morphem,0.39999999999999997,True,False,False,True
462,morphem,1.0,False,False,False,False
463,morphem,0.7999999999999999,True,False,False,True
464,morphem,0.7999999999999999,False,True,False,True
465,morphem,0.7999999999999999,True,False,False,True
466,morphem,0.7999999999999999,True,False,False,True
467,morphem,-0.7999999999999999,True,False,True,True
468,morphem,-0.19999999999999998,True,False,False,True
469,morphem,0.7999999999999999,True,False,False,True
470,morphem,0.7999999999999999,True,False,False,True
471,morphem,0.6000000000000001,True,False,True,True
472,morphem,0.7999999999999999,True,False,False,True
473,morphem,0.39999999999999997,True,False,False,True
474,morphem,0.7999999999999999,False,False,True,True
475,morphem,0.39999999999999997,False,True,False,True
476,morphem,-0.39999999999999997,True,False,True,True
477,morphem,0.0,True,False,True,True
478,morphem,0.0,False,True,False,True
479,morphem,-0.39999999999999997,True,False,True,True
480,morphem,0.39999999999999997,False,True,False,True
481,morphem,0.39999999999999997,True,False,False,True
482,morphem,0.7999999999999999,True,False,False,True
483,morphem,0.6000000000000001,True,False,True,True
484,morphem,0.39999999999999997,False,True,False,True
485,morphem,0.39999999999999997,True,False,False,True
486,morphem,0.39999999999999997,False,True,False,True
487,morphem,0.39999999999999997,False,True,False,True
488,morphem,-0.39999999999999997,True,False,True,True
489,morphem,1.0,False,False,False,False
490,morphem,-0.19999999999999998,False,False,True,True
491,morphem,-0.7999999999999999,True,True,False,True
492,morphem,-0.19999999999999998,True,False,False,True
493,morphem,-0.39999999999999997,False,True,True,True
494,morphem,0.7999999999999999,False,True,False,True
495,morphem,0.7999999999999999,False,False,True,True
496,morphem,0.39999999999999997,True,False,False,True
497,morphem,0.0,False,True,False,True
498,morphem,-0.7999999999999999,True,True,False,True
499,morphem,0.39999999999999997,False,True,False,True
500,morphem,-0.7999999999999999,False,True,True,True
501,morphem,-0.19999999999999998,False,False,True,True
502,morphem,-0.7999999999999999,True,True,False,True
503,morphem,0.39999999999999997,False,True,False,True
504,morphem,0.19999999999999998,False,True,True,True
505,morphem,-1.0,True,True,True,True
506,morphem,0.0,True,False,True,True
507,morphem,0.7999999999999999,False,False,True,True
508,morphem,1.0,False,False,False,False
509,morphem,0.7999999999999999,True,False,False,True
510,morphem,0.39999999999999997,False,True,False,True
511,morphem,0.0,False,True,False,True
512,morphem,0.7999999999999999,True,False,False,True
513,morphem,0.39999999999999997,False,False,True,True
514,morphem,1.0,False,False,False,False
515,morphem,-0.19999999999999998,True,False,False,True
516,morphem,0.39999999999999997,True,False,False,True
517,morphem,-0.39999999999999997,True,False,True,True
518,morphem,0.7999999999999999,True,False,False,True
519,morphem,0.7999999999999999,False,False,True,True
520,morphem,0.7999999999999999,True,False,False,True
521,morphem,-0.39999999999999997,False,True,True,True
522,morphem,0.7999999999999999,True,False,False,True
523,morphem,0.39999999999999997,False,True,False,True
524,morphem,-0.7999999999999999,True,False,True,True
525,morphem,0.39999999999999997,False,True,False,True
526,morphem,0.0,True,False,True,True
527,morphem,0.39999999999999997,True,False,False,True
528,morphem,-0.7999999999999999,True,False,True,True
529,morphem,0.7999999999999999,True,False,False,True
530,morphem,-0.39999999999999997,True,False,True,True
531,morphem,1.0,False,False,False,False
532,morphem,-0.19999999999999998,True,False,False,True
533,morphem,0.7999999999999999,True,False,False,True
534,morphem,0.7999999999999999,False,True,False,True
535,morphem,-0.19999999999999998,True,False,False,True
536,morphem,0.7999999999999999,True,False,False,True
537,morphem,0.7999999999999999,False,False,True,True
538,morphem,-0.7999999999999999,True,True,False,True
539,morphem,0.19999999999999998,True,True,False,True
540,morphem,-0.7999999999999999,True,False,True,True
541,morphem,0.39999999999999997,False,True,False,True
542,morphem,0.39999999999999997,False,False,True,True
543,morphem,0.7999999999999999,True,False,False,True
544,morphem,-0.39999999999999997,True,False,True,True
545,morphem,-0.7999999999999999,False,True,True,True
546,morphem,1.0,False,False,False,False
547,morphem,0.39999999999999997,False,True,False,True
548,morphem,0.19999999999999998,False,True,True,True
549,morphem,0.7999999999999999,True,False,False,True
550,morphem,0.39999999999999997,False,True,False,True
551,morphem,0.19999999999999998,True,True,False,True
552,morphem,0.39999999999999997,True,False,False,True
553,morphem,0.19999999999999998,False,True,True,True
554,morphem,0.39999999999999997,False,False,True,True
555,morphem,0.39999999999999997,False,True,False,True
556,morphem,-0.6000000000000001,False,True,False,True
557,morphem,0.7999999999999999,True,False,False,True
558,morphem,0.39999999999999997,False,True,False,True
559,morphem,0.39999999999999997,False,False,True,True
560,morphem,0.0,False,True,False,True
561,morphem,1.0,False,False,False,False
562,morphem,0.6000000000000001,True,False,True,True
563,morphem,0.7999999999999999,False,False,True,True
564,morphem,1.0,False,False,False,False
565,morphem,-0.39999999999999997,True,False,True,True
566,morphem,0.7999999999999999,False,False,True,True
567,morphem,-0.7999999999999999,True,True,False,True
568,morphem,0.7999999999999999,True,False,False,True
569,morphem,0.7999999999999999,False,False,True,True
570,morphem,0.7999999999999999,False,True,False,True
571,morphem,0.7999999999999999,True,False,False,True
572,morphem,0.39999999999999997,True,False,False,True
573,morphem,0.7999999999999999,False,False,True,True
574,morphem,0.7999999999999999,False,True,False,True
575,morphem,-0.39999999999999997,True,False,True,True
576,morphem,-0.39999999999999997,True,False,True,True
577,morphem,1.0,False,False,False,False
578,morphem,-0.7999999999999999,False,True,True,True
579,morphem,1.0,False,False,False,False
580,morphem,-0.7999999999999999,True,True,False,True
581,morphem,1.0,False,False,False,False
582,morphem,0.7999999999999999,True,False,False,True
583,morphem,0.7999999999999999,False,True,False,True
584,morphem,-0.39999999999999997,True,False,True,True
585,morphem,0.39999999999999997,True,False,False,True
586,morphem,0.7999999999999999,True,False,False,True
587,morphem,1.0,False,False,False,False
588,morphem,0.39999999999999997,False,True,False,True
589,morphem,0.7999999999999999,False,False,True,True
590,morphem,1.0,False,False,False,False
591,morphem,0.39999999999999997,False,True,False,True
592,morphem,0.19999999999999998,False,True,True,True
593,morphem,0.0,True,False,True,True
594,morphem,1.0,False,False,False,False
595,morphem,0.39999999999999997,False,True,False,True
596,morphem,0.6000000000000001,True,False,True,True
597,morphem,0.7999999999999999,True,False,False,True
598,morphem,0.39999999999999997,False,True,False,True
599,morphem,0.7999999999999999,False,True,False,True
600,morphem,0.7999999999999999,False,True,False,True
601,morphem,1.0,False,False,False,False
602,morphem,0.7999999999999999,False,True,False,True
603,morphem,0.0,False,True,False,True
604,morphem,0.39999999999999997,False,True,False,True
605,morphem,0.7999999999999999,False,True,False,True
606,morphem,-0.7999999999999999,True,True,False,True
607,morphem,0.0,True,False,True,True
608,morphem,0.39999999999999997,True,False,False,True
609,morphem,0.39999999999999997,False,True,False,True
610,morphem,0.6000000000000001,True,False,True,True
611,morphem,0.6000000000000001,True,False,True,True
612,morphem,0.7999999999999999,False,True,False,True
613,morphem,0.39999999999999997,True,False,False,True
614,morphem,1.0,False,False,False,False
615,morphem,0.39999999999999997,True,False,False,True
616,morphem,0.7999999999999999,False,True,False,True
617,morphem,-1.0,True,True,True,True
618,morphem,1.0,False,False,False,False
619,morphem,0.7999999999999999,True,False,False,True
620,morphem,-0.39999999999999997,True,True,False,True
621,morphem,0.7999999999999999,True,False,False,True
622,morphem,0.6000000000000001,True,False,True,True
623,morphem,-0.7999999999999999,True,True,False,True
624,morphem,0.19999999999999998,True,True,False,True
625,morphem,-0.39999999999999997,True,False,True,True
626,morphem,0.7999999999999999,False,False,True,True
627,morphem,0.7999999999999999,False,True,False,True
628,morphem,0.39999999999999997,False,True,False,True
629,morphem,1.0,False,False,False,False
630,morphem,0.39999999999999997,False,False,True,True
631,morphem,0.0,True,False,True,True
632,morphem,-1.0,True,True,True,True
633,morphem,0.7999999999999999,True,False,False,True
634,morphem,0.7999999999999999,False,True,False,True
635,morphem,0.7999999999999999,True,False,False,True
636,morphem,0.7999999999999999,False,False,True,True
637,morphem,0.6000000000000001,True,False,True,True
638,morphem,-0.7999999999999999,True,True,False,True
639,morphem,0.19999999999999998,False,True,True,True
640,morphem,0.0,False,True,False,True
641,morphem,0.6000000000000001,True,False,True,True
642,morphem,0.7999999999999999,True,False,False,True
643,morphem,-0.19999999999999998,False,False,True,True
644,morphem,0.39999999999999997,False,True,False,True
645,morphem,-0.7999999999999999,False,True,True,True
646,morphem,0.39999999999999997,False,True,False,True
647,morphem,-0.39999999999999997,True,False,True,True
648,morphem,0.39999999999999997,True,False,False,True
649,morphem,0.0,False,True,False,True
650,morphem,-0.7999999999999999,True,False,True,True
651,morphem,-0.19999999999999998,False,False,True,True
652,morphem,-0.7999999999999999,True,False,True,True
653,morphem,1.0,False,False,False,False
654,morphem,0.19999999999999998,True,True,False,True
655,morphem,0.39999999999999997,False,True,False,True
656,morphem,0.7999999999999999,False,True,False,True
657,morphem,0.19999999999999998,False,True,True,True
658,morphem,-0.39999999999999997,True,False,True,True
659,morphem,0.39999999999999997,True,False,False,True
660,morphem,-0.7999999999999999,True,False,True,True
661,morphem,0.19999999999999998,True,True,False,True
662,morphem,0.0,False,True,False,True
663,morphem,0.6000000000000001,True,False,True,True
664,morphem,0.7999999999999999,True,False,False,True
665,morphem,0.7999999999999999,False,True,False,True
666,morphem,0.7999999999999999,True,False,False,True
667,morphem,0.19999999999999998,True,True,False,True
668,morphem,0.7999999999999999,False,False,True,True
669,morphem,0.7999999999999999,True,False,False,True
670,morphem,0.7999999999999999,True,False,False,True
671,morphem,-0.19999999999999998,True,False,False,True
672,morphem,0.7999999999999999,True,False,False,True
673,morphem,0.7999999999999999,True,False,False,True
674,morphem,0.6000000000000001,True,False,True,True
675,morphem,0.0,True,False,True,True
676,morphem,1.0,False,False,False,False
677,morphem,-0.19999999999999998,False,False,True,True
678,morphem,-1.0,True,True,True,True
679,morphem,-0.19999999999999998,True,False,False,True
680,morphem,-0.19999999999999998,False,False,True,True
681,morphem,1.0,False,False,False,False
682,morphem,0.39999999999999997,True,False,False,True
683,morphem,0.39999999999999997,False,False,True,True
684,morphem,0.19999999999999998,True,True,False,True
685,morphem,0.19999999999999998,True,True,False,True
686,morphem,-0.19999999999999998,True,False,False,True
687,morphem,0.39999999999999997,True,False,False,True
688,morphem,-0.19999999999999998,True,False,False,True
689,morphem,0.39999999999999997,False,True,False,True
690,morphem,-0.39999999999999997,False,True,True,True
691,morphem,0.7999999999999999,False,False,True,True
692,morphem,0.39999999999999997,False,True,False,True
693,morphem,0.6000000000000001,True,False,True,True
694,morphem,1.0,False,False,False,False
695,morphem,1.0,False,False,False,False
696,morphem,0.7999999999999999,False,False,True,True
697,morphem,0.0,False,True,False,True
698,morphem,-0.39999999999999997,True,True,False,True
699,morphem,0.39999999999999997,False,True,False,True
700,morphem,1.0,False,False,False,False
701,morphem,0.7999999999999999,False,False,True,True
702,morphem,0.7999999999999999,False,False,True,True
703,morphem,0.7999999999999999,True,False,False,True
704,morphem,0.19999999999999998,True,True,False,True
705,morphem,0.39999999999999997,False,True,False,True
706,morphem,1.0,False,False,False,False
707,morphem,0.39999999999999997,False,True,False,True
708,morphem,1.0,False,False,False,False
709,morphem,1.0,False,False,False,False
710,morphem,0.6000000000000001,True,False,True,True
711,morphem,0.7999999999999999,False,False,True,True
712,morphem,-0.39999999999999997,False,True,True,True
713,morphem,1.0,False,False,False,False
714,morphem,0.6000000000000001,True,False,True,True
715,morphem,0.6000000000000001,True,False,True,True
716,morphem,-0.7999999999999999,False,True,True,True
717,morphem,-0.39999999999999997,False,True,True,True
718,morphem,0.7999999999999999,True,False,False,True
719,morphem,-0.7999999999999999,False,True,True,True
720,morphem,0.39999999999999997,True,False,False,True
721,morphem,0.7999999999999999,True,False,False,True
722,morphem,0.7999999999999999,False,True,False,True
723,morphem,-1.0,True,True,True,True
724,morphem,-0.7999999999999999,True,True,False,True
725,morphem,0.39999999999999997,True,False,False,True
726,morphem,-0.19999999999999998,True,False,False,True
727,morphem,-0.39999999999999997,True,True,False,True
728,morphem,0.6000000000000001,True,False,True,True
729,morphem,0.39999999999999997,True,False,False,True
730,morphem,-0.39999999999999997,False,True,True,True
731,morphem,-1.0,True,True,True,True
732,morphem,0.39999999999999997,True,False,False,True
733,morphem,0.19999999999999998,False,True,True,True
734,morphem,0.7999999999999999,False,False,True,True
735,morphem,0.39999999999999997,False,True,False,True
736,morphem,0.7999999999999999,True,False,False,True
737,morphem,0.7999999999999999,False,True,False,True
738,morphem,0.7999999999999999,True,False,False,True
739,morphem,0.7999999999999999,False,False,True,True
740,morphem,0.39999999999999997,False,True,False,True
741,morphem,0.0,True,False,True,True
742,morphem,-1.0,True,True,True,True
743,morphem,0.7999999999999999,False,True,False,True
744,morphem,0.6000000000000001,True,False,True,True
745,morphem,-0.19999999999999998,False,False,True,True
746,morphem,0.7999999999999999,False,False,True,True
747,morphem,1.0,False,False,False,False
748,morphem,-0.6000000000000001,False,True,False,True
749,morphem,-0.7999999999999999,False,True,True,True
750,morphem,-0.39999999999999997,False,True,True,True
751,morphem,-0.6000000000000001,False,True,False,True
752,morphem,0.7999999999999999,False,True,False,True
753,morphem,-0.7999999999999999,False,True,True,True
754,morphem,-0.39999999999999997,False,True,True,True
755,morphem,0.19999999999999998,True,True,False,True
756,morphem,1.0,False,False,False,False
757,morphem,0.7999999999999999,True,False,False,True
758,morphem,1.0,False,False,False,False
759,morphem,-0.39999999999999997,True,True,False,True
760,morphem,0.6000000000000001,True,False,True,True
761,morphem,0.19999999999999998,False,True,True,True
762,morphem,1.0,False,False,False,False
763,morphem,0.7999999999999999,True,False,False,True
764,morphem,-0.7999999999999999,True,False,True,True
765,morphem,1.0,False,False,False,False
766,morphem,0.7999999999999999,False,False,True,True
767,morphem,0.7999999999999999,True,False,False,True
768,morphem,-0.19999999999999998,True,False,False,True
769,morphem,-0.7999999999999999,True,True,False,True
770,morphem,-0.7999999999999999,True,True,False,True
771,morphem,-0.39999999999999997,True,False,True,True
772,morphem,-0.7999999999999999,True,False,True,True
773,morphem,0.7999999999999999,True,False,False,True
774,morphem,-0.6000000000000001,False,True,False,True
775,morphem,0.7999999999999999,False,True,False,True
776,morphem,-1.0,True,True,True,True
777,morphem,0.39999999999999997,False,True,False,True
778,morphem,0.39999999999999997,False,True,False,True
779,morphem,0.7999999999999999,True,False,False,True
780,morphem,0.19999999999999998,True,True,False,True
781,morphem,0.19999999999999998,True,True,False,True
782,morphem,0.7999999999999999,False,True,False,True
783,morphem,-0.19999999999999998,False,False,True,True
784,morphem,0.39999999999999997,False,True,False,True
785,morphem,0.6000000000000001,True,False,True,True
786,morphem,-0.7999999999999999,True,False,True,True
787,morphem,-0.39999999999999997,True,True,False,True
788,morphem,-0.39999999999999997,True,False,True,True
789,morphem,0.19999999999999998,True,True,False,True
790,morphem,0.7999999999999999,True,False,False,True
791,morphem,0.19999999999999998,True,True,False,True
792,morphem,0.7999999999999999,True,False,False,True
793,morphem,0.19999999999999998,True,True,False,True
794,morphem,1.0,False,False,False,False
795,morphem,0.0,True,False,True,True
796,morphem,0.19999999999999998,True,True,False,True
797,morphem,0.7999999999999999,True,False,False,True
798,morphem,-0.39999999999999997,True,False,True,True
799,morphem,-0.39999999999999997,False,True,True,True
800,morphem,0.39999999999999997,True,False,False,True
801,morphem,0.39999999999999997,False,True,False,True
802,morphem,0.7999999999999999,False,False,True,True
803,morphem,-1.0,True,True,True,True
804,morphem,0.39999999999999997,False,False,True,True
805,morphem,1.0,False,False,False,False
806,morphem,0.7999999999999999,False,True,False,True
807,morphem,1.0,False,False,False,False
808,morphem,0.7999999999999999,True,False,False,True
809,morphem,0.39999999999999997,False,False,True,True
810,morphem,0.19999999999999998,False,True,True,True
811,morphem,-0.39999999999999997,True,False,True,True
812,morphem,0.7999999999999999,False,False,True,True
813,morphem,0.19999999999999998,True,True,False,True
814,morphem,0.7999999999999999,False,True,False,True
815,morphem,0.6000000000000001,True,False,True,True
816,morphem,1.0,False,False,False,False
817,morphem,-0.39999999999999997,True,False,True,True
818,morphem,-0.19999999999999998,True,False,False,True
819,morphem,0.39999999999999997,False,False,True,True
820,morphem,1.0,False,False,False,False
821,morphem,-1.0,True,True,True,True
822,morphem,0.19999999999999998,True,True,False,True
823,morphem,0.39999999999999997,False,True,False,True
824,morphem,-0.39999999999999997,True,False,True,True
825,morphem,-0.19999999999999998,True,False,False,True
826,morphem,0.19999999999999998,True,True,False,True
827,morphem,0.7999999999999999,True,False,False,True
828,morphem,0.7999999999999999,False,True,False,True
829,morphem,0.0,False,True,False,True
830,morphem,0.39999999999999997,True,False,False,True
831,morphem,0.6000000000000001,True,False,True,True
832,morphem,1.0,False,False,False,False
833,morphem,1.0,False,False,False,False
834,morphem,-0.39999999999999997,False,True,True,True
835,morphem,1.0,False,False,False,False
836,morphem,0.7999999999999999,False,True,False,True
837,morphem,-0.39999999999999997,False,True,True,True
838,morphem,0.0,True,False,True,True
839,morphem,-0.7999999999999999,False,True,True,True
840,morphem,-0.19999999999999998,True,False,False,True
841,morphem,0.39999999999999997,True,False,False,True
842,morphem,-0.7999999999999999,True,True,False,True
843,morphem,1.0,False,False,False,False
844,morphem,-0.39999999999999997,True,False,True,True
845,morphem,0.7999999999999999,True,False,False,True
846,morphem,0.0,False,True,False,True
847,morphem,1.0,False,False,False,False
848,morphem,-1.0,True,True,True,True
849,morphem,0.6000000000000001,True,False,True,True
850,morphem,0.19999999999999998,True,True,False,True
851,morphem,0.7999999999999999,False,False,True,True
852,morphem,0.39999999999999997,False,True,False,True
853,morphem,1.0,False,False,False,False
854,morphem,-0.39999999999999997,True,False,True,True
855,morphem,0.7999999999999999,False,True,False,True
856,morphem,0.19999999999999998,False,True,True,True
857,morphem,0.7999999999999999,False,False,True,True
858,morphem,1.0,False,False,False,False
859,morphem,-0.39999999999999997,False,True,True,True
860,morphem,1.0,False,False,False,False
861,morphem,0.7999999999999999,False,True,False,True
862,morphem,1.0,False,False,False,False
863,morphem,0.7999999999999999,True,False,False,True
864,morphem,-0.7999999999999999,True,True,False,True
865,morphem,0.7999999999999999,False,True,False,True
866,morphem,-0.7999999999999999,False,True,True,True
867,morphem,0.39999999999999997,True,False,False,True
868,morphem,1.0,False,False,False,False
869,morphem,-1.0,True,True,True,True
870,morphem,0.7999999999999999,False,True,False,True
871,morphem,0.7999999999999999,True,False,False,True
872,morphem,-0.39999999999999997,True,True,False,True
873,morphem,1.0,False,False,False,False
874,morphem,0.19999999999999998,True,True,False,True
875,morphem,-0.39999999999999997,True,True,False,True
876,morphem,-0.19999999999999998,False,False,True,True
877,morphem,1.0,False,False,False,False
878,morphem,1.0,False,False,False,False
879,morphem,0.7999999999999999,True,False,False,True
880,morphem,0.39999999999999997,True,False,False,True
881,morphem,1.0,False,False,False,False
882,morphem,0.19999999999999998,False,True,True,True
883,morphem,-0.19999999999999998,False,False,True,True
884,morphem,0.39999999999999997,False,True,False,True
885,morphem,0.39999999999999997,False,True,False,True
886,morphem,0.7999999999999999,True,False,False,True
887,morphem,0.7999999999999999,True,False,False,True
888,morphem,-0.39999999999999997,False,True,True,True
889,morphem,-0.7999999999999999,True,True,False,True
890,morphem,-0.39999999999999997,True,False,True,True
891,morphem,1.0,False,False,False,False
892,morphem,1.0,False,False,False,False
893,morphem,0.19999999999999998,True,True,False,True
894,morphem,0.6000000000000001,True,False,True,True
895,morphem,0.39999999999999997,False,True,False,True
896,morphem,0.39999999999999997,True,False,False,True
897,morphem,0.7999999999999999,False,True,False,True
898,morphem,-0.7999999999999999,False,True,True,True
899,morphem,-0.39999999999999997,True,False,True,True
900,morphem,1.0,False,False,False,False
901,morphem,0.7999999999999999,False,False,True,True
902,morphem,0.0,False,True,False,True
903,morphem,-0.7999999999999999,True,False,True,True
904,morphem,-0.19999999999999998,True,False,False,True
905,morphem,0.7999999999999999,False,True,False,True
906,morphem,-0.39999999999999997,False,True,True,True
907,morphem,0.0,True,False,True,True
908,morphem,0.39999999999999997,False,True,False,True
909,morphem,-0.6000000000000001,False,True,False,True
910,morphem,0.19999999999999998,False,True,True,True
911,morphem,0.19999999999999998,True,True,False,True
912,morphem,0.39999999999999997,False,True,False,True
913,morphem,1.0,False,False,False,False
914,morphem,-0.19999999999999998,True,False,False,True
915,morphem,0.7999999999999999,False,False,True,True
916,morphem,0.7999999999999999,True,False,False,True
917,morphem,0.39999999999999997,False,False,True,True
918,morphem,-1.0,True,True,True,True
919,morphem,0.39999999999999997,False,True,False,True
920,morphem,0.19999999999999998,True,True,False,True
921,morphem,0.39999999999999997,False,True,False,True
922,morphem,1.0,False,False,False,False
923,morphem,0.39999999999999997,True,False,False,True
924,morphem,0.7999999999999999,False,False,True,True
925,morphem,0.7999999999999999,False,False,True,True
926,morphem,0.6000000000000001,True,False,True,True
927,morphem,1.0,False,False,False,False
928,morphem,0.7999999999999999,True,False,False,True
929,morphem,-0.7999999999999999,True,True,False,True
930,morphem,-1.0,True,True,True,True
931,morphem,0.7999999999999999,True,False,False,True
932,morphem,-0.19999999999999998,False,False,True,True
933,morphem,0.6000000000000001,True,False,True,True
934,morphem,0.39999999999999997,False,True,False,True
935,morphem,0.19999999999999998,True,True,False,True
936,morphem,1.0,False,False,False,False
937,morphem,-1.0,True,True,True,True
938,morphem,0.7999999999999999,True,False,False,True
939,morphem,-0.7999999999999999,True,False,True,True
940,morphem,0.6000000000000001,True,False,True,True
941,morphem,0.39999999999999997,True,False,False,True
942,morphem,0.7999999999999999,False,True,False,True
943,morphem,0.39999999999999997,False,False,True,True
944,morphem,0.7999999999999999,False,False,True,True
945,morphem,-1.0,True,True,True,True
946,morphem,-0.39999999999999997,True,True,False,True
947,morphem,1.0,False,False,False,False
948,morphem,0.0,True,False,True,True
949,morphem,-0.39999999999999997,True,True,False,True
950,morphem,1.0,False,False,False,False
951,morphem,0.7999999999999999,False,True,False,True
952,morphem,0.7999999999999999,False,True,False,True
953,morphem,0.39999999999999997,False,False,True,True
954,morphem,0.7999999999999999,True,False,False,True
955,morphem,0.39999999999999997,True,False,False,True
956,morphem,0.39999999999999997,False,True,False,True
957,morphem,0.6000000000000001,True,False,True,True
958,morphem,0.7999999999999999,True,False,False,True
959,morphem,1.0,False,False,False,False
960,morphem,-0.6000000000000001,False,True,False,True
961,morphem,0.39999999999999997,False,True,False,True
962,morphem,-0.19999999999999998,True,False,False,True
963,morphem,0.39999999999999997,True,False,False,True
964,morphem,-0.19999999999999998,False,False,True,True
965,morphem,-0.19999999999999998,False,False,True,True
966,morphem,0.6000000000000001,True,False,True,True
967,morphem,-0.39999999999999997,False,True,True,True
968,morphem,0.19999999999999998,True,True,False,True
969,morphem,0.7999999999999999,False,True,False,True
970,morphem,1.0,False,False,False,False
971,morphem,0.39999999999999997,False,True,False,True
972,morphem,-0.6000000000000001,False,True,False,True
973,morphem,-0.19999999999999998,True,False,False,True
974,morphem,0.7999999999999999,True,False,False,True
975,morphem,-0.7999999999999999,False,True,True,True
976,morphem,0.7999999999999999,True,False,False,True
977,morphem,1.0,False,False,False,False
978,morphem,-1.0,True,True,True,True
979,morphem,0.7999999999999999,False,False,True,True
980,morphem,-0.19999999999999998,True,False,False,True
981,morphem,1.0,False,False,False,False
982,morphem,0.39999999999999997,False,False,True,True
983,morphem,0.7999999999999999,False,False,True,True
984,morphem,-0.39999999999999997,False,True,True,True
985,morphem,-0.6000000000000001,False,True,False,True
986,morphem,0.7999999999999999,False,True,False,True
987,morphem,0.7999999999999999,True,False,False,True
988,morphem,0.39999999999999997,False,True,False,True
989,morphem,0.7999999999999999,True,False,False,True
990,morphem,1.0,False,False,False,False
991,morphem,0.7999999999999999,True,False,False,True
992,morphem,0.0,True,False,True,True
993,morphem,0.7999999999999999,True,False,False,True
994,morphem,1.0,False,False,False,False
995,morphem,0.39999999999999997,True,False,False,True
996,morphem,-0.7999999999999999,False,True,True,True
997,morphem,0.39999999999999997,False,True,False,True
998,morphem,0.19999999999999998,True,True,False,True
999,morphem,0.7999999999999999,False,False,True,True
1000,morphem,0.19999999999999998,True,True,False,True
1001,morphem,-0.39999999999999997,True,False,True,True
1002,morphem,0.19999999999999998,True,True,False,True
1003,morphem,0.0,True,False,True,True
1004,morphem,1.0,False,False,False,False
1005,morphem,0.7999999999999999,True,False,False,True
1006,morphem,0.6000000000000001,True,False,True,True
1007,morphem,0.39999999999999997,True,False,False,True
1008,morphem,0.7999999999999999,True,False,False,True
1009,morphem,-0.7999999999999999,True,True,False,True
1010,morphem,-0.39999999999999997,True,False,True,True
1011,morphem,0.0,False,True,False,True
1012,morphem,0.0,True,False,True,True
1013,morphem,0.19999999999999998,False,True,True,True
1014,morphem,-0.19999999999999998,True,False,False,True
1015,morphem,0.39999999999999997,False,True,False,True
1016,morphem,0.6000000000000001,True,False,True,True
1017,morphem,-0.7999999999999999,False,True,True,True
1018,morphem,0.19999999999999998,False,True,True,True
1019,morphem,1.0,False,False,False,False
1020,morphem,0.7999999999999999,False,False,True,True
1021,morphem,0.7999999999999999,False,False,True,True
1022,morphem,0.7999999999999999,True,False,False,True
1023,morphem,-0.39999999999999997,True,False,True,True
1024,morphem,0.39999999999999997,False,True,False,True
1025,morphem,-0.19999999999999998,False,False,True,True
1026,morphem,0.39999999999999997,False,True,False,True
1027,morphem,0.7999999999999999,True,False,False,True
1028,morphem,0.6000000000000001,True,False,True,True
1029,morphem,-0.7999999999999999,True,False,True,True
1030,morphem,1.0,False,False,False,False
1031,morphem,-0.7999999999999999,True,False,True,True
1032,morphem,0.7999999999999999,False,True,False,True
1033,morphem,-0.19999999999999998,False,False,True,True
1034,morphem,-0.6000000000000001,False,True,False,True
1035,morphem,0.19999999999999998,True,True,False,True
1036,morphem,0.6000000000000001,True,False,True,True
1037,morphem,1.0,False,False,False,False
1038,morphem,-0.7999999999999999,False,True,True,True
1039,morphem,0.7999999999999999,True,False,False,True
1040,morphem,-0.19999999999999998,False,False,True,True
1041,morphem,-0.39999999999999997,False,True,True,True
1042,morphem,-0.39999999999999997,True,False,True,True
1043,morphem,-0.7999999999999999,True,False,True,True
1044,morphem,0.7999999999999999,False,True,False,True
1045,morphem,-0.7999999999999999,True,True,False,True
1046,morphem,0.7999999999999999,False,True,False,True
1047,morphem,-0.39999999999999997,True,True,False,True
1048,morphem,0.7999999999999999,True,False,False,True
1049,morphem,0.19999999999999998,False,True,True,True
1050,morphem,-0.6000000000000001,False,True,False,True
1051,morphem,0.39999999999999997,False,True,False,True
1052,morphem,0.7999999999999999,True,False,False,True
1053,morphem,0.7999999999999999,False,False,True,True
1054,morphem,1.0,False,False,False,False
1055,morphem,0.39999999999999997,True,False,False,True
1056,morphem,-0.39999999999999997,True,True,False,True
1057,morphem,0.7999999999999999,False,True,False,True
1058,morphem,0.6000000000000001,True,False,True,True
1059,morphem,0.0,False,True,False,True
1060,morphem,-0.39999999999999997,True,True,False,True
1061,morphem,1.0,False,False,False,False
1062,morphem,0.7999999999999999,False,True,False,True
1063,morphem,1.0,False,False,False,False
1064,morphem,0.0,False,True,False,True
1065,morphem,0.7999999999999999,True,False,False,True
1066,morphem,0.7999999999999999,False,True,False,True
1067,morphem,-0.19999999999999998,True,False,False,True
1068,morphem,0.0,False,True,False,True
1069,morphem,0.19999999999999998,True,True,False,True
1070,morphem,0.39999999999999997,True,False,False,True
1071,morphem,-0.7999999999999999,False,True,True,True
1072,morphem,0.7999999999999999,False,False,True,True
1073,morphem,0.7999999999999999,False,True,False,True
1074,morphem,0.7999999999999999,False,True,False,True
1075,morphem,0.39999999999999997,False,False,True,True
1076,morphem,0.6000000000000001,True,False,True,True
1077,morphem,-0.7999999999999999,False,True,True,True
1078,morphem,0.7999999999999999,False,True,False,True
1079,morphem,0.39999999999999997,False,True,False,True
1080,morphem,-0.39999999999999997,True,True,False,True
1081,morphem,0.7999999999999999,False,False,True,True
1082,morphem,0.7999999999999999,False,True,False,True
1083,morphem,-0.39999999999999997,True,False,True,True
1084,morphem,0.0,False,True,False,True
1085,morphem,0.39999999999999997,False,False,True,True
1086,morphem,1.0,False,False,False,False
1087,morphem,0.39999999999999997,True,False,False,True
1088,morphem,0.39999999999999997,False,False,True,True
1089,morphem,1.0,False,False,False,False
1090,morphem,0.19999999999999998,True,True,False,True
1091,morphem,1.0,False,False,False,False
1092,morphem,0.7999999999999999,False,False,True,True
1093,morphem,0.39999999999999997,True,False,False,True
1094,morphem,0.39999999999999997,False,True,False,True
1095,morphem,1.0,False,False,False,False
1096,morphem,-0.19999999999999998,True,False,False,True
1097,morphem,1.0,False,False,False,False
1098,morphem,-0.6000000000000001,False,True,False,True
1099,morphem,1.0,False,False,False,False
1100,morphem,0.7999999999999999,False,True,False,True
1101,morphem,0.7999999999999999,False,True,False,True
1102,morphem,0.7999999999999999,False,False,True,True
1103,morphem,0.39999999999999997,False,True,False,True
1104,morphem,-0.7999999999999999,True,True,False,True
1105,morphem,1.0,False,False,False,False
1106,morphem,0.6000000000000001,True,False,True,True
1107,morphem,0.39999999999999997,False,True,False,True
1108,morphem,1.0,False,False,False,False
1109,morphem,0.19999999999999998,False,True,True,True
1110,morphem,0.6000000000000001,True,False,True,True
1111,morphem,0.7999999999999999,True,False,False,True
1112,morphem,-0.7999999999999999,True,True,False,True
1113,morphem,-0.19999999999999998,True,False,False,True
1114,morphem,-0.19999999999999998,False,False,True,True
1115,morphem,0.7999999999999999,False,False,True,True
1116,morphem,0.7999999999999999,False,True,False,True
1117,morphem,1.0,False,False,False,False
1118,morphem,0.39999999999999997,False,True,False,True
1119,morphem,-0.19999999999999998,True,False,False,True
1120,morphem,-0.39999999999999997,False,True,True,True
1121,morphem,0.7999999999999999,False,False,True,True
1122,morphem,0.39999999999999997,True,False,False,True
1123,morphem,0.39999999999999997,True,False,False,True
1124,morphem,1.0,False,False,False,False
1125,morphem,0.7999999999999999,False,True,False,True
1126,morphem,0.39999999999999997,False,True,False,True
1127,morphem,0.7999999999999999,True,False,False,True
1128,morphem,0.39999999999999997,False,True,False,True
1129,morphem,0.19999999999999998,True,True,False,True
1130,morphem,0.39999999999999997,False,True,False,True
1131,morphem,0.39999999999999997,False,False,True,True
1132,morphem,1.0,False,False,False,False
1133,morphem,0.0,False,True,False,True
1134,morphem,-1.0,True,True,True,True
1135,morphem,0.7999999999999999,False,True,False,True
1136,morphem,0.39999999999999997,False,True,False,True
1137,morphem,0.7999999999999999,True,False,False,True
1138,morphem,-0.39999999999999997,True,True,False,True
1139,morphem,0.7999999999999999,False,True,False,True
1140,morphem,0.39999999999999997,True,False,False,True
1141,morphem,-0.39999999999999997,True,False,True,True
1142,morphem,0.7999999999999999,False,True,False,True
1143,morphem,0.39999999999999997,False,True,False,True
1144,morphem,0.7999999999999999,False,False,True,True
1145,morphem,0.7999999999999999,False,False,True,True
1146,morphem,-0.19999999999999998,True,False,False,True
1147,morphem,-0.7999999999999999,True,True,False,True
1148,morphem,0.19999999999999998,False,True,True,True
1149,morphem,-0.39999999999999997,True,False,True,True
1150,morphem,-0.7999999999999999,True,True,False,True
1151,morphem,0.7999999999999999,False,False,True,True
1152,morphem,1.0,False,False,False,False
1153,morphem,0.7999999999999999,True,False,False,True
1154,morphem,-0.39999999999999997,True,False,True,True
1155,morphem,-0.7999999999999999,True,False,True,True
1156,morphem,0.39999999999999997,False,True,False,True
1157,morphem,0.7999999999999999,True,False,False,True
1158,morphem,0.0,True,False,True,True
1159,morphem,0.0,True,False,True,True
1160,morphem,0.39999999999999997,True,False,False,True
1161,morphem,0.39999999999999997,True,False,False,True
1162,morphem,0.0,True,False,True,True
1163,morphem,1.0,False,False,False,False
1164,morphem,1.0,False,False,False,False
1165,morphem,0.39999999999999997,False,False,True,True
1166,morphem,-0.7999999999999999,False,True,True,True
1167,morphem,0.19999999999999998,True,True,False,True
1168,morphem,0.19999999999999998,True,True,False,True
1169,morphem,0.7999999999999999,True,False,False,True
1170,morphem,-0.7999999999999999,True,True,False,True
1171,morphem,0.19999999999999998,True,True,False,True
1172,morphem,-0.19999999999999998,False,False,True,True
1173,morphem,-1.0,True,True,True,True
1174,morphem,1.0,False,False,False,False
1175,morphem,-0.19999999999999998,True,False,False,True
1176,morphem,1.0,False,False,False,False
1177,morphem,0.19999999999999998,False,True,True,True
1178,morphem,0.39999999999999997,True,False,False,True
1179,morphem,0.7999999999999999,True,False,False,True
1180,morphem,-0.7999999999999999,True,False,True,True
1181,morphem,-0.7999999999999999,True,True,False,True
1182,morphem,0.39999999999999997,False,True,False,True
1183,morphem,-0.6000000000000001,False,True,False,True
1184,morphem,-0.6000000000000001,False,True,False,True
1185,morphem,0.39999999999999997,False,True,False,True
1186,morphem,-0.19999999999999998,True,False,False,True
1187,morphem,0.39999999999999997,False,False,True,True
1188,morphem,0.39999999999999997,False,True,False,True
1189,morphem,0.39999999999999997,True,False,False,True
1190,morphem,1.0,False,False,False,False
1191,morphem,0.19999999999999998,False,True,True,True
1192,morphem,-0.19999999999999998,True,False,False,True
1193,morphem,0.7999999999999999,False,True,False,True
1194,morphem,1.0,False,False,False,False
1195,morphem,0.6000000000000001,True,False,True,True
1196,morphem,0.39999999999999997,False,True,False,True
1197,morphem,0.7999999999999999,True,False,False,True
1198,morphem,0.0,True,False,True,True
1199,morphem,0.0,False,True,False,True
1200,morphem,0.7999999999999999,True,False,False,True
1201,morphem,0.39999999999999997,False,True,False,True
1202,morphem,1.0,False,False,False,False
1203,morphem,1.0,False,False,False,False
1204,morphem,1.0,False,False,False,False
1205,morphem,0.7999999999999999,False,True,False,True
1206,morphem,1.0,False,False,False,False
1207,morphem,1.0,False,False,False,False
1208,morphem,0.7999999999999999,False,True,False,True
1209,morphem,0.39999999999999997,False,True,False,True
1210,morphem,0.6000000000000001,True,False,True,True
1211,morphem,0.39999999999999997,False,True,False,True
1212,morphem,0.39999999999999997,True,False,False,True
1213,morphem,-0.39999999999999997,True,True,False,True
1214,morphem,-0.39999999999999997,True,False,True,True
1215,morphem,-0.39999999999999997,False,True,True,True
1216,morphem,0.0,True,False,True,True
1217,morphem,0.7999999999999999,False,True,False,True
1218,morphem,-0.39999999999999997,True,True,False,True
1219,morphem,0.39999999999999997,False,True,False,True
1220,morphem,0.7999999999999999,True,False,False,True
1221,morphem,-1.0,True,True,True,True
1222,morphem,0.7999999999999999,False,True,False,True
1223,morphem,-0.39999999999999997,True,True,False,True
1224,morphem,0.39999999999999997,True,False,False,True
1225,morphem,0.39999999999999997,False,False,True,True
1226,morphem,0.7999999999999999,True,False,False,True
1227,morphem,1.0,False,False,False,False
1228,morphem,-0.19999999999999998,False,False,True,True
1229,morphem,0.39999999999999997,False,True,False,True
1230,morphem,1.0,False,False,False,False
1231,morphem,-0.39999999999999997,False,True,True,True
1232,morphem,0.6000000000000001,True,False,True,True
1233,morphem,0.7999999999999999,False,True,False,True
1234,morphem,0.6000000000000001,True,False,True,True
1235,morphem,-0.39999999999999997,True,False,True,True
1236,morphem,-0.39999999999999997,True,False,True,True
1237,morphem,1.0,False,False,False,False
1238,morphem,-0.39999999999999997,True,False,True,True
1239,morphem,0.19999999999999998,False,True,True,True
1240,morphem,0.19999999999999998,False,True,True,True
1241,morphem,0.6000000000000001,True,False,True,True
1242,morphem,0.39999999999999997,False,True,False,True
1243,morphem,0.39999999999999997,False,True,False,True
1244,morphem,-0.6000000000000001,False,True,False,True
1245,morphem,0.19999999999999998,False,True,True,True
1246,morphem,-0.39999999999999997,True,False,True,True
1247,morphem,0.39999999999999997,False,True,False,True
1248,morphem,0.0,True,False,True,True
1249,morphem,1.0,False,False,False,False
1250,morphem,0.7999999999999999,True,False,False,True
1251,morphem,1.0,False,False,False,False
1252,morphem,-0.19999999999999998,True,False,False,True
1253,morphem,0.39999999999999997,True,False,False,True
1254,morphem,0.0,False,True,False,True
1255,morphem,0.39999999999999997,False,False,True,True
1256,morphem,0.39999999999999997,False,False,True,True
1257,morphem,0.39999999999999997,True,False,False,True
1258,morphem,0.0,False,True,False,True
1259,morphem,0.39999999999999997,True,False,False,True
1260,morphem,-0.39999999999999997,True,True,False,True
1261,morphem,1.0,False,False,False,False
1262,morphem,-0.39999999999999997,False,True,True,True
1263,morphem,0.19999999999999998,True,True,False,True
1264,morphem,0.7999999999999999,False,True,False,True
1265,morphem,-0.39999999999999997,True,True,False,True
1266,morphem,0.6000000000000001,True,False,True,True
1267,morphem,0.39999999999999997,True,False,False,True
1268,morphem,1.0,False,False,False,False
1269,morphem,0.0,True,False,True,True
1270,morphem,0.7999999999999999,True,False,False,True
1271,morphem,1.0,False,False,False,False
1272,morphem,-0.7999999999999999,False,True,True,True
1273,morphem,-1.0,True,True,True,True
1274,morphem,-1.0,True,True,True,True
1275,morphem,0.7999999999999999,False,False,True,True
1276,morphem,-0.39999999999999997,True,False,True,True
1277,morphem,0.7999999999999999,False,False,True,True
1278,morphem,1.0,False,False,False,False
1279,morphem,-0.39999999999999997,False,True,True,True
1280,morphem,0.7999999999999999,False,False,True,True
1281,morphem,0.19999999999999998,True,True,False,True
1282,morphem,0.0,False,True,False,True
1283,morphem,0.0,False,True,False,True
1284,morphem,1.0,False,False,False,False
1285,morphem,0.7999999999999999,True,False,False,True
1286,morphem,-1.0,True,True,True,True
1287,morphem,-0.39999999999999997,True,False,True,True
1288,morphem,-0.39999999999999997,True,True,False,True
1289,morphem,0.7999999999999999,False,False,True,True
1290,morphem,0.7999999999999999,False,True,False,True
1291,morphem,-0.39999999999999997,True,False,True,True
1292,morphem,1.0,False,False,False,False
1293,morphem,0.19999999999999998,True,True,False,True
1294,morphem,0.7999999999999999,False,False,True,True
1295,morphem,-0.19999999999999998,False,False,True,True
1296,morphem,0.39999999999999997,False,True,False,True
1297,morphem,0.39999999999999997,True,False,False,True
1298,morphem,1.0,False,False,False,False
1299,morphem,-0.7999999999999999,False,True,True,True
1300,morphem,0.19999999999999998,False,True,True,True
1301,morphem,0.7999999999999999,False,False,True,True
1302,morphem,0.7999999999999999,True,False,False,True
1303,morphem,-0.7999999999999999,True,False,True,True
1304,morphem,0.39999999999999997,False,True,False,True
1305,morphem,0.19999999999999998,True,True,False,True
1306,morphem,0.7999999999999999,False,True,False,True
1307,morphem,0.0,False,True,False,True
1308,morphem,-0.39999999999999997,True,False,True,True
1309,morphem,1.0,False,False,False,False
1310,morphem,0.39999999999999997,False,True,False,True
1311,morphem,0.7999999999999999,False,False,True,True
1312,morphem,0.39999999999999997,False,False,True,True
1313,morphem,0.39999999999999997,True,False,False,True
1314,morphem,1.0,False,False,False,False
1315,morphem,0.39999999999999997,False,True,False,True
1316,morphem,-0.7999999999999999,True,True,False,True
1317,morphem,0.39999999999999997,False,True,False,True
1318,morphem,0.7999999999999999,False,True,False,True
1319,morphem,0.39999999999999997,False,True,False,True
1320,morphem,0.7999999999999999,False,False,True,True
1321,morphem,0.7999999999999999,False,True,False,True
1322,morphem,0.7999999999999999,False,True,False,True
1323,morphem,1.0,False,False,False,False
1324,morphem,1.0,False,False,False,False
1325,morphem,0.7999999999999999,False,False,True,True
1326,morphem,-0.19999999999999998,True,False,False,True
1327,morphem,-0.7999999999999999,True,True,False,True
1328,morphem,-0.7999999999999999,True,True,False,True
1329,morphem,0.19999999999999998,True,True,False,True
1330,morphem,0.7999999999999999,False,True,False,True
1331,morphem,-1.0,True,True,True,True
1332,morphem,0.0,True,False,True,True
1333,morphem,0.39999999999999997,False,False,True,True
1334,morphem,-0.39999999999999997,True,False,True,True
1335,morphem,0.7999999999999999,True,False,False,True
1336,morphem,0.6000000000000001,True,False,True,True
1337,morphem,0.6000000000000001,True,False,True,True
1338,morphem,-0.39999999999999997,False,True,True,True
1339,morphem,0.6000000000000001,True,False,True,True
1340,morphem,0.39999999999999997,True,False,False,True
1341,morphem,0.6000000000000001,True,False,True,True
1342,morphem,0.7999999999999999,True,False,False,True
1343,morphem,0.39999999999999997,True,False,False,True
1344,morphem,0.39999999999999997,False,True,False,True
1345,morphem,0.7999999999999999,True,False,False,True
1346,morphem,0.19999999999999998,True,True,False,True
1347,morphem,0.19999999999999998,False,True,True,True
1348,morphem,0.7999999999999999,False,False,True,True
1349,morphem,1.0,False,False,False,False
1350,morphem,0.39999999999999997,True,False,False,True
1351,morphem,0.39999999999999997,True,False,False,True
1352,morphem,0.7999999999999999,False,True,False,True
1353,morphem,1.0,False,False,False,False
1354,morphem,0.7999999999999999,True,False,False,True
1355,morphem,0.7999999999999999,False,True,False,True
1356,morphem,-0.19999999999999998,True,False,False,True
1357,morphem,-0.39999999999999997,True,True,False,True
1358,morphem,0.19999999999999998,True,True,False,True
1359,morphem,-0.19999999999999998,True,False,False,True
1360,morphem,0.39999999999999997,False,True,False,True
1361,morphem,0.39999999999999997,False,False,True,True
1362,morphem,0.7999999999999999,False,True,False,True
1363,morphem,1.0,False,False,False,False
1364,morphem,0.39999999999999997,False,False,True,True
1365,morphem,0.19999999999999998,True,True,False,True
1366,morphem,-1.0,True,True,True,True
1367,morphem,1.0,False,False,False,False
1368,morphem,1.0,False,False,False,False
1369,morphem,-0.7999999999999999,True,True,False,True
1370,morphem,0.7999999999999999,False,False,True,True
1371,morphem,-0.39999999999999997,True,False,True,True
1372,morphem,1.0,False,False,False,False
1373,morphem,-0.7999999999999999,True,False,True,True
1374,morphem,0.19999999999999998,False,True,True,True
1375,morphem,0.6000000000000001,True,False,True,True
1376,morphem,0.39999999999999997,False,True,False,True
1377,morphem,0.6000000000000001,True,False,True,True
1378,morphem,1.0,False,False,False,False
1379,morphem,-0.7999999999999999,False,True,True,True
1380,morphem,0.19999999999999998,True,True,False,True
1381,morphem,0.7999999999999999,True,False,False,True
1382,morphem,1.0,False,False,False,False
1383,morphem,-1.0,True,True,True,True
1384,morphem,0.39999999999999997,False,True,False,True
1385,morphem,0.7999999999999999,True,False,False,True
1386,morphem,0.7999999999999999,False,False,True,True
1387,morphem,0.19999999999999998,False,True,True,True
1388,morphem,0.39999999999999997,True,False,False,True
1389,morphem,0.19999999999999998,True,True,False,True
1390,morphem,0.39999999999999997,False,True,False,True
1391,morphem,-0.7999999999999999,True,False,True,True
1392,morphem,0.7999999999999999,False,False,True,True
1393,morphem,-0.39999999999999997,True,False,True,True
1394,morphem,-0.39999999999999997,False,True,True,True
1395,morphem,1.0,False,False,False,False
1396,morphem,-0.39999999999999997,False,True,True,True
1397,morphem,-0.7999999999999999,True,True,False,True
1398,morphem,-0.39999999999999997,True,False,True,True
1399,morphem,0.39999999999999997,False,True,False,True
1400,morphem,0.39999999999999997,True,False,False,True
1401,morphem,0.7999999999999999,False,True,False,True
1402,morphem,0.7999999999999999,False,False,True,True
1403,morphem,0.19999999999999998,True,True,False,True
1404,morphem,0.19999999999999998,True,True,False,True
1405,morphem,1.0,False,False,False,False
1406,morphem,-1.0,True,True,True,True
1407,morphem,0.6000000000000001,True,False,True,True
1408,morphem,-1.0,True,True,True,True
1409,morphem,0.39999999999999997,False,True,False,True
1410,morphem,0.7999999999999999,False,True,False,True
1411,morphem,0.7999999999999999,False,False,True,True
1412,morphem,0.6000000000000001,True,False,True,True
1413,morphem,-0.39999999999999997,True,False,True,True
1414,morphem,0.7999999999999999,False,False,True,True
1415,morphem,0.7999999999999999,True,False,False,True
1416,morphem,0.19999999999999998,True,True,False,True
1417,morphem,0.7999999999999999,True,False,False,True
1418,morphem,-0.7999999999999999,False,True,True,True
1419,morphem,0.19999999999999998,False,True,True,True
1420,morphem,-0.19999999999999998,True,False,False,True
1421,morphem,0.7999999999999999,False,True,False,True
1422,morphem,-0.39999999999999997,True,False,True,True
1423,morphem,0.19999999999999998,True,True,False,True
1424,morphem,0.39999999999999997,True,False,False,True
1425,morphem,0.0,True,False,True,True
1426,morphem,-0.19999999999999998,True,False,False,True
1427,morphem,0.7999999999999999,True,False,False,True
1428,morphem,0.39999999999999997,True,False,False,True
1429,morphem,-0.19999999999999998,True,False,False,True
1430,morphem,0.7999999999999999,True,False,False,True
1431,morphem,1.0,False,False,False,False
1432,morphem,-0.19999999999999998,False,False,True,True
1433,morphem,0.0,False,True,False,True
1434,morphem,0.39999999999999997,False,True,False,True
1435,morphem,0.39999999999999997,False,True,False,True
1436,morphem,1.0,False,False,False,False
1437,morphem,0.39999999999999997,True,False,False,True
1438,morphem,-0.39999999999999997,True,True,False,True
1439,morphem,0.7999999999999999,False,False,True,True
1440,morphem,0.0,False,True,False,True
1441,morphem,1.0,False,False,False,False
1442,morphem,-0.19999999999999998,True,False,False,True
1443,morphem,0.39999999999999997,False,True,False,True
1444,morphem,0.0,False,True,False,True
1445,morphem,-1.0,True,True,True,True
1446,morphem,-0.7999999999999999,True,False,True,True
1447,morphem,0.19999999999999998,True,True,False,True
1448,morphem,-0.7999999999999999,True,False,True,True
1449,morphem,1.0,False,False,False,False
1450,morphem,0.6000000000000001,True,False,True,True
1451,morphem,0.7999999999999999,True,False,False,True
1452,morphem,0.19999999999999998,True,True,False,True
1453,morphem,-0.7999999999999999,False,True,True,True
1454,morphem,1.0,False,False,False,False
1455,morphem,1.0,False,False,False,False
1456,morphem,-0.39999999999999997,False,True,True,True
1457,morphem,1.0,False,False,False,False
1458,morphem,0.19999999999999998,False,True,True,True
1459,morphem,0.7999999999999999,True,False,False,True
1460,morphem,0.39999999999999997,False,True,False,True
1461,morphem,0.7999999999999999,True,False,False,True
1462,morphem,0.39999999999999997,False,True,False,True
1463,morphem,-1.0,True,True,True,True
1464,morphem,0.39999999999999997,False,True,False,True
1465,morphem,0.7999999999999999,True,False,False,True
1466,morphem,-0.19999999999999998,True,False,False,True
1467,morphem,0.39999999999999997,False,False,True,True
1468,morphem,0.19999999999999998,False,True,True,True
1469,morphem,-0.6000000000000001,False,True,False,True
1470,morphem,0.7999999999999999,False,False,True,True
1471,morphem,0.39999999999999997,False,True,False,True
1472,morphem,1.0,False,False,False,False
1473,morphem,0.7999999999999999,False,True,False,True
1474,morphem,0.6000000000000001,True,False,True,True
1475,morphem,1.0,False,False,False,False
1476,morphem,-1.0,True,True,True,True
1477,morphem,0.19999999999999998,False,True,True,True
1478,morphem,0.19999999999999998,True,True,False,True
1479,morphem,0.7999999999999999,False,True,False,True
1480,morphem,0.0,False,True,False,True
1481,morphem,0.7999999999999999,False,True,False,True
1482,morphem,0.19999999999999998,True,True,False,True
1483,morphem,0.0,False,True,False,True
1484,morphem,-0.39999999999999997,True,False,True,True
1485,morphem,0.6000000000000001,True,False,True,True
1486,morphem,0.0,True,False,True,True
1487,morphem,0.7999999999999999,True,False,False,True
1488,morphem,0.19999999999999998,True,True,False,True
1489,morphem,1.0,False,False,False,False
1490,morphem,-0.7999999999999999,True,False,True,True
1491,morphem,0.19999999999999998,True,True,False,True
1492,morphem,0.7999999999999999,True,False,False,True
1493,morphem,0.39999999999999997,False,True,False,True
1494,morphem,0.7999999999999999,False,False,True,True
1495,morphem,-0.6000000000000001,False,True,False,True
1496,morphem,-0.7999999999999999,True,True,False,True
1497,morphem,0.7999999999999999,False,False,True,True
1498,morphem,-0.19999999999999998,False,False,True,True
1499,morphem,0.39999999999999997,True,False,False,True
1500,morphem,0.0,False,True,False,True
1501,morphem,0.39999999999999997,True,False,False,True
1502,morphem,0.6000000000000001,True,False,True,True
1503,morphem,0.7999999999999999,True,False,False,True
1504,morphem,-0.7999999999999999,True,True,False,True
1505,morphem,0.7999999999999999,True,False,False,True
1506,morphem,0.7999999999999999,False,False,True,True
1507,morphem,0.7999999999999999,False,False,True,True
1508,morphem,0.7999999999999999,False,False,True,True
1509,morphem,0.39999999999999997,True,False,False,True
1510,morphem,0.39999999999999997,False,True,False,True
1511,morphem,-0.7999999999999999,False,True,True,True
1512,morphem,0.39999999999999997,False,True,False,True
1513,morphem,1.0,False,False,False,False
1514,morphem,-0.7999999999999999,True,False,True,True
1515,morphem,0.39999999999999997,False,True,False,True
1516,morphem,-1.0,True,True,True,True
1517,morphem,0.19999999999999998,False,True,True,True
1518,morphem,0.39999999999999997,False,True,False,True
1519,morphem,-0.19999999999999998,True,False,False,True
1520,morphem,0.19999999999999998,True,True,False,True
1521,morphem,-0.6000000000000001,False,True,False,True
1522,morphem,0.7999999999999999,False,True,False,True
1523,morphem,-0.19999999999999998,True,False,False,True
1524,morphem,0.19999999999999998,False,True,True,True
1525,morphem,0.39999999999999997,False,True,False,True
1526,morphem,0.39999999999999997,False,False,True,True
1527,morphem,0.7999999999999999,False,True,False,True
1528,morphem,0.0,False,True,False,True
1529,morphem,-0.39999999999999997,True,False,True,True
1530,morphem,0.19999999999999998,True,True,False,True
1531,morphem,-0.7999999999999999,False,True,True,True
1532,morphem,0.7999999999999999,True,False,False,True
1533,morphem,0.39999999999999997,False,True,False,True
1534,morphem,0.7999999999999999,False,False,True,True
1535,morphem,-0.7999999999999999,True,True,False,True
1536,morphem,0.7999999999999999,False,True,False,True
1537,morphem,-0.39999999999999997,True,True,False,True
1538,morphem,0.7999999999999999,False,False,True,True
1539,morphem,-1.0,True,True,True,True
1540,morphem,0.19999999999999998,True,True,False,True
1541,morphem,-0.19999999999999998,False,False,True,True
1542,morphem,0.19999999999999998,False,True,True,True
1543,morphem,0.39999999999999997,False,True,False,True
1544,morphem,0.7999999999999999,False,True,False,True
1545,morphem,-0.7999999999999999,True,False,True,True
1546,morphem,0.39999999999999997,False,True,False,True
1547,morphem,0.19999999999999998,True,True,False,True
1548,morphem,1.0,False,False,False,False
1549,morphem,0.39999999999999997,True,False,False,True
1550,morphem,-0.19999999999999998,False,False,True,True
1551,morphem,0.19999999999999998,True,True,False,True
1552,morphem,0.39999999999999997,False,True,False,True
1553,morphem,0.19999999999999998,True,True,False,True
1554,morphem,0.0,False,True,False,True
1555,morphem,0.39999999999999997,False,True,False,True
1556,morphem,0.39999999999999997,False,True,False,True
1557,morphem,0.0,True,False,True,True
1558,morphem,0.0,False,True,False,True
1559,morphem,0.39999999999999997,True,False,False,True
1560,morphem,1.0,False,False,False,False
1561,morphem,0.6000000000000001,True,False,True,True
1562,morphem,0.39999999999999997,False,False,True,True
1563,morphem,0.19999999999999998,True,True,False,True
1564,morphem,0.7999999999999999,False,False,True,True
1565,morphem,0.6000000000000001,True,False,True,True
1566,morphem,-0.7999999999999999,False,True,True,True
1567,morphem,-0.19999999999999998,False,False,True,True
1568,morphem,0.7999999999999999,True,False,False,True
1569,morphem,-0.39999999999999997,True,True,False,True
1570,morphem,0.19999999999999998,False,True,True,True
1571,morphem,0.39999999999999997,False,True,False,True
1572,morphem,0.0,True,False,True,True
1573,morphem,1.0,False,False,False,False
1574,morphem,-0.39999999999999997,True,False,True,True
1575,morphem,0.39999999999999997,False,True,False,True
1576,morphem,-0.6000000000000001,False,True,False,True
1577,morphem,-0.39999999999999997,True,False,True,True
1578,morphem,0.39999999999999997,True,False,False,True
1579,morphem,0.39999999999999997,True,False,False,True
1580,morphem,1.0,False,False,False,False
1581,morphem,0.7999999999999999,False,False,True,True
1582,morphem,-0.19999999999999998,True,False,False,True
1583,morphem,0.39999999999999997,False,True,False,True
1584,morphem,1.0,False,False,False,False
1585,morphem,0.7999999999999999,False,True,False,True
1586,morphem,-1.0,True,True,True,True
1587,morphem,0.39999999999999997,True,False,False,True
1588,morphem,0.19999999999999998,True,True,False,True
1589,morphem,-0.39999999999999997,True,False,True,True
1590,morphem,0.39999999999999997,False,False,True,True
1591,morphem,0.7999999999999999,True,False,False,True
1592,morphem,0.7999999999999999,False,True,False,True
1593,morphem,-0.39999999999999997,True,True,False,True
1594,morphem,-0.19999999999999998,False,False,True,True
1595,morphem,0.7999999999999999,True,False,False,True
1596,morphem,0.6000000000000001,True,False,True,True
1597,morphem,-0.19999999999999998,True,False,False,True
1598,morphem,0.39999999999999997,False,False,True,True
1599,morphem,-0.6000000000000001,False,True,False,True
1600,morphem,-0.39999999999999997,True,False,True,True
1601,morphem,-0.7999999999999999,True,False,True,True
1602,morphem,0.7999999999999999,True,False,False,True
1603,morphem,-0.19999999999999998,True,False,False,True
1604,morphem,-0.39999999999999997,True,False,True,True
1605,morphem,0.6000000000000001,True,False,True,True
1606,morphem,-0.6000000000000001,False,True,False,True
1607,morphem,1.0,False,False,False,False
1608,morphem,0.39999999999999997,False,True,False,True
1609,morphem,-1.0,True,True,True,True
1610,morphem,0.19999999999999998,True,True,False,True
1611,morphem,-0.19999999999999998,True,False,False,True
1612,morphem,0.0,False,True,False,True
1613,morphem,0.7999999999999999,False,False,True,True
1614,morphem,1.0,False,False,False,False
1615,morphem,-0.7999999999999999,False,True,True,True
1616,morphem,0.39999999999999997,False,False,True,True
1617,morphem,1.0,False,False,False,False
1618,morphem,0.7999999999999999,False,False,True,True
1619,morphem,0.0,True,False,True,True
1620,morphem,0.39999999999999997,False,True,False,True
1621,morphem,0.7999999999999999,True,False,False,True
1622,morphem,0.39999999999999997,False,True,False,True
1623,morphem,0.19999999999999998,True,True,False,True
1624,morphem,0.39999999999999997,False,True,False,True
1625,morphem,0.7999999999999999,False,True,False,True
1626,morphem,0.7999999999999999,True,False,False,True
1627,morphem,0.19999999999999998,True,True,False,True
1628,morphem,0.19999999999999998,False,True,True,True
1629,morphem,0.39999999999999997,False,True,False,True
1630,morphem,-0.39999999999999997,True,True,False,True
1631,morphem,0.7999999999999999,True,False,False,True
1632,morphem,-0.6000000000000001,False,True,False,True
1633,morphem,1.0,False,False,False,False
1634,morphem,0.7999999999999999,True,False,False,True
1635,morphem,1.0,False,False,False,False
1636,morphem,0.19999999999999998,False,True,True,True
1637,morphem,1.0,False,False,False,False
1638,morphem,0.7999999999999999,False,True,False,True
1639,morphem,0.0,True,False,True,True
1640,morphem,0.7999999999999999,True,False,False,True
1641,morphem,-0.19999999999999998,False,False,True,True
1642,morphem,-0.39999999999999997,False,True,True,True
1643,morphem,-0.7999999999999999,True,False,True,True
1644,morphem,0.7999999999999999,True,False,False,True
1645,morphem,0.39999999999999997,True,False,False,True
1646,morphem,-1.0,True,True,True,True
1647,morphem,-0.39999999999999997,True,False,True,True
1648,morphem,0.7999999999999999,True,False,False,True
1649,morphem,0.6000000000000001,True,False,True,True
1650,morphem,0.19999999999999998,False,True,True,True
1651,morphem,0.7999999999999999,True,False,False,True
1652,morphem,0.39999999999999997,False,True,False,True
1653,morphem,-0.39999999999999997,False,True,True,True
1654,morphem,0.6000000000000001,True,False,True,True
1655,morphem,0.7999999999999999,True,False,False,True
1656,morphem,0.7999999999999999,True,False,False,True
1657,morphem,-0.19999999999999998,False,False,True,True
1658,morphem,-0.7999999999999999,True,True,False,True
1659,morphem,0.19999999999999998,True,True,False,True
1660,morphem,0.39999999999999997,False,True,False,True
1661,morphem,-0.39999999999999997,True,False,True,True
1662,morphem,1.0,False,False,False,False
1663,morphem,0.39999999999999997,False,True,False,True
1664,morphem,0.39999999999999997,True,False,False,True
1665,morphem,-0.7999999999999999,True,False,True,True
1666,morphem,-0.6000000000000001,False,True,False,True
1667,morphem,0.0,True,False,True,True
1668,morphem,0.19999999999999998,False,True,True,True
1669,morphem,0.39999999999999997,False,True,False,True
1670,morphem,0.39999999999999997,False,True,False,True
1671,morphem,0.7999999999999999,False,False,True,True
1672,morphem,0.39999999999999997,False,False,True,True
1673,morphem,0.39999999999999997,False,False,True,True
1674,morphem,-0.39999999999999997,True,True,False,True
1675,morphem,-0.6000000000000001,False,True,False,True
1676,morphem,0.7999999999999999,False,True,False,True
1677,morphem,0.39999999999999997,False,True,False,True
1678,morphem,0.39999999999999997,True,False,False,True
1679,morphem,0.39999999999999997,True,False,False,True
1680,morphem,1.0,False,False,False,False
1681,morphem,-0.39999999999999997,True,False,True,True
1682,morphem,0.6000000000000001,True,False,True,True
1683,morphem,0.7999999999999999,True,False,False,True
1684,morphem,0.39999999999999997,True,False,False,True
1685,morphem,0.39999999999999997,True,False,False,True
1686,morphem,0.7999999999999999,True,False,False,True
1687,morphem,-0.7999999999999999,True,False,True,True
1688,morphem,0.7999999999999999,True,False,False,True
1689,morphem,-0.39999999999999997,True,False,True,True
1690,morphem,0.39999999999999997,False,True,False,True
1691,morphem,0.7999999999999999,True,False,False,True
1692,morphem,0.19999999999999998,False,True,True,True
1693,morphem,0.7999999999999999,False,False,True,True
1694,morphem,-1.0,True,True,True,True
1695,morphem,-1.0,True,True,True,True
1696,morphem,0.19999999999999998,True,True,False,True
1697,morphem,0.7999999999999999,False,False,True,True
1698,morphem,0.7999999999999999,False,False,True,True
1699,morphem,-0.7999999999999999,True,True,False,True
1700,morphem,-0.39999999999999997,False,True,True,True
1701,morphem,0.39999999999999997,True,False,False,True
1702,morphem,0.7999999999999999,False,False,True,True
1703,morphem,0.0,False,True,False,True
1704,morphem,0.39999999999999997,False,False,True,True
1705,morphem,0.7999999999999999,False,True,False,True
1706,morphem,0.7999999999999999,True,False,False,True
1707,morphem,-0.39999999999999997,True,True,False,True
1708,morphem,0.7999999999999999,False,True,False,True
1709,morphem,0.39999999999999997,False,True,False,True
1710,morphem,-0.39999999999999997,False,True,True,True
1711,morphem,-0.7999999999999999,False,True,True,True
1712,morphem,0.0,True,False,True,True
1713,morphem,0.7999999999999999,True,False,False,True
1714,morphem,0.7999999999999999,False,True,False,True
1715,morphem,0.19999999999999998,False,True,True,True
1716,morphem,-0.39999999999999997,True,False,True,True
1717,morphem,1.0,False,False,False,False
1718,morphem,0.7999999999999999,True,False,False,True
1719,morphem,-0.39999999999999997,True,True,False,True
1720,morphem,0.7999999999999999,False,True,False,True
1721,morphem,-0.39999999999999997,True,False,True,True
1722,morphem,0.19999999999999998,True,True,False,True
1723,morphem,0.7999999999999999,True,False,False,True
1724,morphem,0.39999999999999997,False,True,False,True
1725,morphem,0.19999999999999998,False,True,True,True
1726,morphem,0.6000000000000001,True,False,True,True
1727,morphem,0.0,False,True,False,True
1728,morphem,-0.39999999999999997,True,False,True,True
1729,morphem,-0.7999999999999999,True,False,True,True
1730,morphem,0.7999999999999999,False,False,True,True
1731,morphem,0.39999999999999997,True,False,False,True
1732,morphem,-1.0,True,True,True,True
1733,morphem,0.7999999999999999,True,False,False,True
1734,morphem,-0.7999999999999999,False,True,True,True
1735,morphem,0.0,True,False,True,True
1736,morphem,1.0,False,False,False,False
1737,morphem,0.39999999999999997,True,False,False,True
1738,morphem,-0.39999999999999997,True,True,False,True
1739,morphem,-0.7999999999999999,True,False,True,True
1740,morphem,0.19999999999999998,True,True,False,True
1741,morphem,1.0,False,False,False,False
1742,morphem,0.39999999999999997,False,True,False,True
1743,morphem,-0.19999999999999998,False,False,True,True
1744,morphem,1.0,False,False,False,False
1745,morphem,-0.39999999999999997,True,True,False,True
1746,morphem,1.0,False,False,False,False
1747,morphem,0.7999999999999999,False,True,False,True
1748,morphem,0.39999999999999997,False,True,False,True
1749,morphem,0.7999999999999999,False,False,True,True
1750,morphem,-0.19999999999999998,True,False,False,True
1751,morphem,1.0,False,False,False,False
1752,morphem,0.7999999999999999,True,False,False,True
1753,morphem,-0.19999999999999998,False,False,True,True
1754,morphem,-0.39999999999999997,False,True,True,True
1755,morphem,0.19999999999999998,True,True,False,True
1756,morphem,0.7999999999999999,False,True,False,True
1757,morphem,0.7999999999999999,False,True,False,True
1758,morphem,-0.7999999999999999,False,True,True,True
1759,morphem,0.39999999999999997,True,False,False,True
1760,morphem,0.39999999999999997,False,False,True,True
1761,morphem,-1.0,True,True,True,True
1762,morphem,0.7999999999999999,False,True,False,True
1763,morphem,-0.19999999999999998,False,False,True,True
1764,morphem,0.19999999999999998,False,True,True,True
1765,morphem,0.39999999999999997,False,True,False,True
1766,morphem,-0.39999999999999997,True,True,False,True
1767,morphem,1.0,False,False,False,False
1768,morphem,0.0,True,False,True,True
1769,morphem,0.7999999999999999,False,False,True,True
1770,morphem,1.0,False,False,False,False
1771,morphem,0.19999999999999998,True,True,False,True
1772,morphem,0.39999999999999997,False,False,True,True
1773,morphem,-0.39999999999999997,True,True,False,True
1774,morphem,-0.39999999999999997,True,False,True,True
1775,morphem,0.6000000000000001,True,False,True,True
1776,morphem,0.0,False,True,False,True
1777,morphem,0.39999999999999997,True,False,False,True
1778,morphem,0.0,False,True,False,True
1779,morphem,0.39999999999999997,False,False,True,True
1780,morphem,0.7999999999999999,False,True,False,True
1781,morphem,-0.6000000000000001,False,True,False,True
1782,morphem,1.0,False,False,False,False
1783,morphem,1.0,False,False,False,False
1784,morphem,-1.0,True,True,True,True
1785,morphem,1.0,False,False,False,False
1786,morphem,1.0,False,False,False,False
1787,morphem,1.0,False,False,False,False
1788,morphem,-0.7999999999999999,True,False,True,True
1789,morphem,0.7999999999999999,True,False,False,True
1790,morphem,-0.19999999999999998,True,False,False,True
1791,morphem,-0.39999999999999997,False,True,True,True
1792,morphem,0.39999999999999997,False,True,False,True
1793,morphem,0.7999999999999999,False,True,False,True
1794,morphem,0.7999999999999999,False,False,True,True
1795,morphem,1.0,False,False,False,False
1796,morphem,0.7999999999999999,False,True,False,True
1797,morphem,0.7999999999999999,False,False,True,True
1798,morphem,0.39999999999999997,False,True,False,True
1799,morphem,0.19999999999999998,False,True,True,True
1800,morphem,0.39999999999999997,False,True,False,True
1801,morphem,-0.39999999999999997,True,True,False,True
1802,morphem,1.0,False,False,False,False
1803,morphem,0.7999999999999999,True,False,False,True
1804,morphem,0.6000000000000001,True,False,True,True
1805,morphem,0.7999999999999999,False,False,True,True
1806,morphem,0.7999999999999999,False,True,False,True
1807,morphem,0.39999999999999997,False,True,False,True
1808,morphem,-0.39999999999999997,True,True,False,True
1809,morphem,0.0,True,False,True,True
1810,morphem,-0.39999999999999997,False,True,True,True
1811,morphem,0.7999999999999999,False,False,True,True
1812,morphem,0.7999999999999999,False,True,False,True
1813,morphem,-0.7999999999999999,False,True,True,True
1814,morphem,-0.39999999999999997,False,True,True,True
1815,morphem,0.7999999999999999,False,True,False,True
1816,morphem,-0.39999999999999997,False,True,True,True
1817,morphem,1.0,False,False,False,False
1818,morphem,0.19999999999999998,False,True,True,True
1819,morphem,-0.39999999999999997,True,True,False,True
1820,morphem,0.7999999999999999,False,False,True,True
1821,morphem,-0.7999999999999999,False,True,True,True
1822,morphem,0.19999999999999998,False,True,True,True
1823,morphem,-0.7999999999999999,True,True,False,True
1824,morphem,1.0,False,False,False,False
1825,morphem,0.0,False,True,False,True
1826,morphem,0.0,False,True,False,True
1827,morphem,1.0,False,False,False,False
1828,morphem,-0.19999999999999998,False,False,True,True
1829,morphem,0.7999999999999999,True,False,False,True
1830,morphem,0.7999999999999999,False,True,False,True
1831,morphem,0.39999999999999997,True,False,False,True
1832,morphem,1.0,False,False,False,False
1833,morphem,1.0,False,False,False,False
1834,morphem,0.6000000000000001,True,False,True,True
1835,morphem,-0.39999999999999997,False,True,True,True
1836,morphem,1.0,False,False,False,False
1837,morphem,0.39999999999999997,True,False,False,True
1838,morphem,0.7999999999999999,True,False,False,True
1839,morphem,0.7999999999999999,True,False,False,True
1840,morphem,0.39999999999999997,True,False,False,True
1841,morphem,-0.39999999999999997,True,False,True,True
1842,morphem,0.7999999999999999,True,False,False,True
1843,morphem,0.0,False,True,False,True
1844,morphem,0.19999999999999998,False,True,True,True
1845,morphem,0.39999999999999997,True,False,False,True
1846,morphem,-0.19999999999999998,True,False,False,True
1847,morphem,0.39999999999999997,True,False,False,True
1848,morphem,1.0,False,False,False,False
1849,morphem,0.0,True,False,True,True
1850,morphem,-0.19999999999999998,False,False,True,True
1851,morphem,0.7999999999999999,False,False,True,True
1852,morphem,0.0,False,True,False,True
1853,morphem,1.0,False,False,False,False
1854,morphem,0.39999999999999997,False,True,False,True
1855,morphem,1.0,False,False,False,False
1856,morphem,0.6000000000000001,True,False,True,True
1857,morphem,-0.19999999999999998,False,False,True,True
1858,morphem,0.6000000000000001,True,False,True,True
1859,morphem,0.19999999999999998,True,True,False,True
1860,morphem,-0.7999999999999999,True,False,True,True
1861,morphem,0.7999999999999999,True,False,False,True
1862,morphem,-0.6000000000000001,False,True,False,True
1863,morphem,0.7999999999999999,True,False,False,True
1864,morphem,-0.7999999999999999,True,True,False,True
1865,morphem,1.0,False,False,False,False
1866,morphem,0.19999999999999998,False,True,True,True
1867,morphem,-0.39999999999999997,True,False,True,True
1868,morphem,0.39999999999999997,False,False,True,True
1869,morphem,-0.7999999999999999,True,False,True,True
1870,morphem,-0.39999999999999997,True,True,False,True
1871,morphem,0.7999999999999999,False,True,False,True
1872,morphem,0.7999999999999999,True,False,False,True
1873,morphem,1.0,False,False,False,False
1874,morphem,0.7999999999999999,True,False,False,True
1875,morphem,0.39999999999999997,False,False,True,True
1876,morphem,0.6000000000000001,True,False,True,True
1877,morphem,0.7999999999999999,True,False,False,True
1878,morphem,0.39999999999999997,True,False,False,True
1879,morphem,0.7999999999999999,False,True,False,True
1880,morphem,0.39999999999999997,True,False,False,True
1881,morphem,0.39999999999999997,False,True,False,True
1882,morphem,0.39999999999999997,True,False,False,True
1883,morphem,0.7999999999999999,False,False,True,True
1884,morphem,0.19999999999999998,True,True,False,True
1885,morphem,1.0,False,False,False,False
1886,morphem,0.7999999999999999,False,True,False,True
1887,morphem,-0.39999999999999997,True,False,True,True
1888,morphem,1.0,False,False,False,False
1889,morphem,-0.6000000000000001,False,True,False,True
1890,morphem,0.39999999999999997,False,True,False,True
1891,morphem,-0.6000000000000001,False,True,False,True
1892,morphem,1.0,False,False,False,False
1893,morphem,1.0,False,False,False,False
1894,morphem,-0.6000000000000001,False,True,False,True
1895,morphem,-0.19999999999999998,False,False,True,True
1896,morphem,0.19999999999999998,True,True,False,True
1897,morphem,0.7999999999999999,False,True,False,True
1898,morphem,-0.7999999999999999,True,False,True,True
1899,morphem,1.0,False,False,False,False
1900,morphem,0.39999999999999997,False,True,False,True
1901,morphem,0.7999999999999999,False,False,True,True
1902,morphem,0.7999999999999999,False,True,False,True
1903,morphem,1.0,False,False,False,False
1904,morphem,-0.6000000000000001,False,True,False,True
1905,morphem,-0.39999999999999997,False,True,True,True
1906,morphem,-0.19999999999999998,False,False,True,True
1907,morphem,0.19999999999999998,True,True,False,True
1908,morphem,0.7999999999999999,True,False,False,True
1909,morphem,-0.7999999999999999,False,True,True,True
1910,morphem,0.39999999999999997,True,False,False,True
1911,morphem,1.0,False,False,False,False
1912,morphem,0.39999999999999997,False,False,True,True
1913,morphem,0.7999999999999999,False,True,False,True
1914,morphem,-0.6000000000000001,False,True,False,True
1915,morphem,1.0,False,False,False,False
1916,morphem,0.7999999999999999,True,False,False,True
1917,morphem,0.6000000000000001,True,False,True,True
1918,morphem,0.7999999999999999,True,False,False,True
1919,morphem,0.7999999999999999,True,False,False,True
1920,morphem,1.0,False,False,False,False
1921,morphem,0.6000000000000001,True,False,True,True
1922,morphem,-0.19999999999999998,True,False,False,True
1923,morphem,0.7999999999999999,False,False,True,True
1924,morphem,0.0,True,False,True,True
1925,morphem,1.0,False,False,False,False
1926,morphem,1.0,False,False,False,False
1927,morphem,0.39999999999999997,True,False,False,True
1928,morphem,-0.19999999999999998,True,False,False,True
1929,morphem,-0.39999999999999997,False,True,True,True
1930,morphem,0.7999999999999999,False,True,False,True
1931,morphem,0.39999999999999997,True,False,False,True
1932,morphem,0.7999999999999999,True,False,False,True
1933,morphem,0.39999999999999997,False,False,True,True
1934,morphem,0.39999999999999997,False,True,False,True
1935,morphem,0.7999999999999999,False,True,False,True
1936,morphem,0.19999999999999998,True,True,False,True
1937,morphem,-0.39999999999999997,True,False,True,True
1938,morphem,0.7999999999999999,True,False,False,True
1939,morphem,0.0,False,True,False,True
1940,morphem,0.0,True,False,True,True
1941,morphem,0.39999999999999997,False,True,False,True
1942,morphem,-0.39999999999999997,False,True,True,True
1943,morphem,0.39999999999999997,False,False,True,True
1944,morphem,0.39999999999999997,False,True,False,True
1945,morphem,0.39999999999999997,True,False,False,True
1946,morphem,0.0,False,True,False,True
1947,morphem,0.39999999999999997,False,True,False,True
1948,morphem,1.0,False,False,False,False
1949,morphem,1.0,False,False,False,False
1950,morphem,0.6000000000000001,True,False,True,True
1951,morphem,0.7999999999999999,True,False,False,True
1952,morphem,0.0,False,True,False,True
1953,morphem,0.39999999999999997,False,False,True,True
1954,morphem,0.6000000000000001,True,False,True,True
1955,morphem,0.19999999999999998,True,True,False,True
1956,morphem,-0.7999999999999999,True,True,False,True
1957,morphem,0.7999999999999999,False,False,True,True
1958,morphem,0.7999999999999999,True,False,False,True
1959,morphem,-0.19999999999999998,True,False,False,True
1960,morphem,-0.39999999999999997,True,True,False,True
1961,morphem,-0.39999999999999997,True,False,True,True
1962,morphem,-0.39999999999999997,True,True,False,True
1963,morphem,0.6000000000000001,True,False,True,True
1964,morphem,1.0,False,False,False,False
1965,morphem,1.0,False,False,False,False
1966,morphem,1.0,False,False,False,False
1967,morphem,0.39999999999999997,False,False,True,True
1968,morphem,0.19999999999999998,True,True,False,True
1969,morphem,-1.0,True,True,True,True
1970,morphem,0.7999999999999999,True,False,False,True
1971,morphem,0.7999999999999999,False,False,True,True
1972,morphem,0.39999999999999997,True,False,False,True
1973,morphem,0.39999999999999997,True,False,False,True
1974,morphem,1.0,False,False,False,False
1975,morphem,1.0,False,False,False,False
1976,morphem,0.7999999999999999,False,True,False,True
1977,morphem,-0.39999999999999997,True,False,True,True
1978,morphem,-0.39999999999999997,True,False,True,True
1979,morphem,0.39999999999999997,False,True,False,True
1980,morphem,0.39999999999999997,True,False,False,True
1981,morphem,-0.7999999999999999,True,True,False,True
1982,morphem,0.7999999999999999,False,True,False,True
1983,morphem,0.7999999999999999,True,False,False,True
1984,morphem,-0.7999999999999999,False,True,True,True
1985,morphem,0.6000000000000001,True,False,True,True
1986,morphem,0.39999999999999997,False,True,False,True
1987,morphem,0.39999999999999997,True,False,False,True
1988,morphem,-0.7999999999999999,False,True,True,True
1989,morphem,0.6000000000000001,True,False,True,True
1990,morphem,1.0,False,False,False,False
1991,morphem,0.0,True,False,True,True
1992,morphem,0.6000000000000001,True,False,True,True
1993,morphem,0.7999999999999999,True,False,False,True
1994,morphem,-0.19999999999999998,True,False,False,True
1995,morphem,0.7999999999999999,False,True,False,True
1996,morphem,-0.39999999999999997,True,True,False,True
1997,morphem,1.0,False,False,False,False
1998,morphem,0.0,False,True,False,True
1999,morphem,-0.39999999999999997,True,True,False,True
0,openphenom,0.19999999999999998,False,True,False,True
1,openphenom,0.39999999999999997,True,False,True,True
2,openphenom,0.0,True,True,False,True
3,openphenom,0.7999999999999999,True,False,False,True
4,openphenom,0.39999999999999997,True,True,False,True
5,openphenom,-0.7999999999999999,True,True,True,True
6,openphenom,-0.39999999999999997,False,True,True,True
7,openphenom,-0.39999999999999997,False,True,False,True
8,openphenom,0.39999999999999997,True,True,False,True
9,openphenom,-0.7999999999999999,False,True,True,True
10,openphenom,1.0,True,False,False,True
11,openphenom,0.39999999999999997,True,True,False,True
12,openphenom,0.6000000000000001,False,False,True,True
13,openphenom,0.39999999999999997,False,True,False,True
14,openphenom,-0.39999999999999997,False,True,False,True
15,openphenom,-0.39999999999999997,False,False,True,True
16,openphenom,0.0,True,True,False,True
17,openphenom,-0.19999999999999998,True,False,True,True
18,openphenom,0.39999999999999997,False,True,False,True
19,openphenom,0.6000000000000001,False,False,True,True
20,openphenom,0.7999999999999999,False,False,False,False
21,openphenom,0.39999999999999997,True,True,False,True
22,openphenom,-0.7999999999999999,True,True,True,True
23,openphenom,0.7999999999999999,False,False,False,False
24,openphenom,0.7999999999999999,False,False,False,False
25,openphenom,0.7999999999999999,False,False,False,False
26,openphenom,0.39999999999999997,True,True,False,True
27,openphenom,0.7999999999999999,False,False,False,False
28,openphenom,0.6000000000000001,False,False,True,True
29,openphenom,-0.6000000000000001,True,True,False,True
30,openphenom,0.7999999999999999,True,False,False,True
31,openphenom,0.0,True,True,False,True
32,openphenom,-0.6000000000000001,True,True,False,True
33,openphenom,0.39999999999999997,True,True,False,True
34,openphenom,-0.6000000000000001,True,True,False,True
35,openphenom,-0.6000000000000001,True,True,False,True
36,openphenom,-0.39999999999999997,True,False,True,True
37,openphenom,0.6000000000000001,False,False,True,True
38,openphenom,0.39999999999999997,False,True,False,True
39,openphenom,0.6000000000000001,False,False,True,True
40,openphenom,0.19999999999999998,False,True,False,True
41,openphenom,-1.0,False,True,True,True
42,openphenom,-0.39999999999999997,False,True,False,True
43,openphenom,0.19999999999999998,True,False,True,True
44,openphenom,0.6000000000000001,False,False,True,True
45,openphenom,0.7999999999999999,False,False,False,False
46,openphenom,0.7999999999999999,False,False,False,False
47,openphenom,0.39999999999999997,True,True,False,True
48,openphenom,-0.6000000000000001,True,True,False,True
49,openphenom,-0.19999999999999998,False,True,False,True
50,openphenom,-0.39999999999999997,False,True,True,True
51,openphenom,0.39999999999999997,True,False,False,True
52,openphenom,0.7999999999999999,True,False,True,True
53,openphenom,-0.19999999999999998,True,False,True,True
54,openphenom,-0.19999999999999998,False,True,False,True
55,openphenom,-0.39999999999999997,False,True,True,True
56,openphenom,0.19999999999999998,False,True,False,True
57,openphenom,0.0,False,False,True,True
58,openphenom,-0.39999999999999997,True,False,True,True
59,openphenom,-0.39999999999999997,False,True,False,True
60,openphenom,0.19999999999999998,True,False,True,True
61,openphenom,-0.6000000000000001,True,True,False,True
62,openphenom,0.7999999999999999,False,False,False,False
63,openphenom,-0.39999999999999997,True,False,True,True
64,openphenom,0.39999999999999997,True,True,False,True
65,openphenom,0.19999999999999998,False,True,False,True
66,openphenom,0.6000000000000001,False,False,True,True
67,openphenom,0.6000000000000001,False,False,True,True
68,openphenom,-0.39999999999999997,False,True,False,True
69,openphenom,1.0,True,False,False,True
70,openphenom,0.7999999999999999,False,False,False,False
71,openphenom,0.7999999999999999,True,False,False,True
72,openphenom,-1.0,False,True,True,True
73,openphenom,0.7999999999999999,True,False,True,True
74,openphenom,0.19999999999999998,True,False,True,True
75,openphenom,0.39999999999999997,False,True,False,True
76,openphenom,0.39999999999999997,True,False,True,True
77,openphenom,-0.7999999999999999,False,True,True,True
78,openphenom,-0.39999999999999997,False,True,True,True
79,openphenom,-0.7999999999999999,False,True,True,True
80,openphenom,-0.6000000000000001,True,True,False,True
81,openphenom,-0.39999999999999997,True,False,True,True
82,openphenom,-0.7999999999999999,False,True,True,True
83,openphenom,-0.39999999999999997,False,True,False,True
84,openphenom,0.0,False,False,True,True
85,openphenom,-1.0,False,True,True,True
86,openphenom,-0.19999999999999998,True,False,True,True
87,openphenom,0.7999999999999999,True,False,False,True
88,openphenom,0.39999999999999997,False,True,False,True
89,openphenom,0.7999999999999999,False,False,False,False
90,openphenom,0.7999999999999999,True,False,True,True
91,openphenom,0.39999999999999997,True,False,False,True
92,openphenom,0.19999999999999998,False,True,False,True
93,openphenom,0.19999999999999998,True,False,True,True
94,openphenom,0.7999999999999999,True,False,False,True
95,openphenom,0.0,True,True,False,True
96,openphenom,-0.7999999999999999,True,True,True,True
97,openphenom,0.7999999999999999,True,False,True,True
98,openphenom,0.19999999999999998,False,True,False,True
99,openphenom,1.0,True,False,False,True
100,openphenom,0.7999999999999999,True,False,True,True
101,openphenom,-0.39999999999999997,False,True,False,True
102,openphenom,0.19999999999999998,False,True,False,True
103,openphenom,0.7999999999999999,True,False,True,True
104,openphenom,-0.19999999999999998,False,True,False,True
105,openphenom,0.7999999999999999,True,False,False,True
106,openphenom,0.0,False,False,True,True
107,openphenom,0.7999999999999999,False,False,False,False
108,openphenom,0.19999999999999998,False,True,False,True
109,openphenom,0.39999999999999997,True,False,False,True
110,openphenom,0.19999999999999998,True,False,True,True
111,openphenom,-0.19999999999999998,True,False,True,True
112,openphenom,-0.19999999999999998,False,True,False,True
113,openphenom,0.6000000000000001,False,False,True,True
114,openphenom,-0.19999999999999998,False,True,False,True
115,openphenom,0.7999999999999999,False,False,False,False
116,openphenom,0.39999999999999997,False,True,False,True
117,openphenom,-0.6000000000000001,True,True,False,True
118,openphenom,0.19999999999999998,True,False,True,True
119,openphenom,0.19999999999999998,False,True,False,True
120,openphenom,1.0,True,False,False,True
121,openphenom,0.6000000000000001,False,False,True,True
122,openphenom,-0.39999999999999997,True,False,True,True
123,openphenom,0.7999999999999999,False,False,False,False
124,openphenom,0.0,False,False,True,True
125,openphenom,0.0,False,False,True,True
126,openphenom,0.39999999999999997,True,False,True,True
127,openphenom,0.19999999999999998,False,True,False,True
128,openphenom,0.39999999999999997,False,True,False,True
129,openphenom,0.39999999999999997,True,False,True,True
130,openphenom,0.6000000000000001,False,False,True,True
131,openphenom,1.0,True,False,False,True
132,openphenom,0.39999999999999997,True,False,False,True
133,openphenom,0.19999999999999998,False,True,False,True
134,openphenom,0.0,False,False,True,True
135,openphenom,-0.7999999999999999,True,True,True,True
136,openphenom,-0.7999999999999999,False,True,True,True
137,openphenom,1.0,True,False,False,True
138,openphenom,0.39999999999999997,True,False,True,True
139,openphenom,0.39999999999999997,False,True,False,True
140,openphenom,1.0,True,False,False,True
141,openphenom,-0.39999999999999997,False,True,False,True
142,openphenom,0.7999999999999999,True,False,True,True
143,openphenom,0.0,False,False,True,True
144,openphenom,-0.7999999999999999,False,True,False,True
145,openphenom,0.39999999999999997,True,False,True,True
146,openphenom,0.6000000000000001,False,False,True,True
147,openphenom,0.19999999999999998,False,True,False,True
148,openphenom,-0.39999999999999997,False,True,True,True
149,openphenom,0.7999999999999999,True,False,False,True
150,openphenom,0.6000000000000001,False,False,True,True
151,openphenom,0.19999999999999998,False,True,False,True
152,openphenom,0.39999999999999997,False,True,False,True
153,openphenom,-0.6000000000000001,True,True,False,True
154,openphenom,-0.6000000000000001,True,True,False,True
155,openphenom,0.39999999999999997,True,True,False,True
156,openphenom,0.7999999999999999,False,False,False,False
157,openphenom,1.0,True,False,False,True
158,openphenom,1.0,True,False,False,True
159,openphenom,-0.39999999999999997,True,False,True,True
160,openphenom,-0.39999999999999997,False,True,False,True
161,openphenom,-0.19999999999999998,True,False,True,True
162,openphenom,-0.39999999999999997,True,False,True,True
163,openphenom,1.0,True,False,False,True
164,openphenom,0.19999999999999998,False,True,False,True
165,openphenom,-0.7999999999999999,False,True,True,True
166,openphenom,-0.19999999999999998,False,True,False,True
167,openphenom,0.39999999999999997,False,True,False,True
168,openphenom,-0.6000000000000001,True,True,False,True
169,openphenom,0.19999999999999998,True,False,True,True
170,openphenom,-0.39999999999999997,False,True,True,True
171,openphenom,-0.7999999999999999,True,True,True,True
172,openphenom,-0.39999999999999997,False,True,False,True
173,openphenom,0.7999999999999999,True,False,True,True
174,openphenom,0.39999999999999997,False,True,False,True
175,openphenom,0.7999999999999999,True,False,True,True
176,openphenom,-0.39999999999999997,False,True,True,True
177,openphenom,0.39999999999999997,False,True,False,True
178,openphenom,0.7999999999999999,True,False,True,True
179,openphenom,-0.6000000000000001,True,True,False,True
180,openphenom,-0.7999999999999999,False,True,True,True
181,openphenom,-0.7999999999999999,False,True,False,True
182,openphenom,0.0,True,True,False,True
183,openphenom,0.7999999999999999,True,False,False,True
184,openphenom,0.39999999999999997,True,True,False,True
185,openphenom,1.0,True,False,False,True
186,openphenom,0.7999999999999999,True,False,False,True
187,openphenom,0.6000000000000001,False,False,True,True
188,openphenom,1.0,True,False,False,True
189,openphenom,0.39999999999999997,False,True,False,True
190,openphenom,0.7999999999999999,True,False,True,True
191,openphenom,1.0,True,False,False,True
192,openphenom,0.19999999999999998,True,False,True,True
193,openphenom,1.0,True,False,False,True
194,openphenom,0.7999999999999999,False,False,False,False
195,openphenom,0.7999999999999999,True,False,False,True
196,openphenom,0.6000000000000001,False,False,True,True
197,openphenom,0.7999999999999999,True,False,False,True
198,openphenom,0.6000000000000001,False,False,True,True
199,openphenom,0.0,False,False,True,True
200,openphenom,0.7999999999999999,True,False,True,True
201,openphenom,-0.39999999999999997,True,False,True,True
202,openphenom,0.6000000000000001,False,False,True,True
203,openphenom,-0.39999999999999997,False,True,False,True
204,openphenom,0.7999999999999999,True,False,False,True
205,openphenom,0.7999999999999999,True,False,False,True
206,openphenom,-1.0,False,True,True,True
207,openphenom,0.0,True,True,False,True
208,openphenom,-0.7999999999999999,True,True,True,True
209,openphenom,0.7999999999999999,True,False,False,True
210,openphenom,-0.39999999999999997,False,True,False,True
211,openphenom,0.39999999999999997,True,False,True,True
212,openphenom,0.39999999999999997,True,False,True,True
213,openphenom,-0.39999999999999997,False,False,True,True
214,openphenom,1.0,True,False,False,True
215,openphenom,-0.19999999999999998,False,True,False,True
216,openphenom,-0.7999999999999999,False,True,False,True
217,openphenom,0.0,True,True,False,True
218,openphenom,-0.7999999999999999,False,True,True,True
219,openphenom,0.7999999999999999,True,False,False,True
220,openphenom,-0.6000000000000001,True,True,False,True
221,openphenom,-0.6000000000000001,True,True,False,True
222,openphenom,-0.7999999999999999,False,True,False,True
223,openphenom,0.7999999999999999,True,False,True,True
224,openphenom,0.39999999999999997,False,True,False,True
225,openphenom,0.39999999999999997,True,True,False,True
226,openphenom,0.39999999999999997,True,False,True,True
227,openphenom,1.0,True,False,False,True
228,openphenom,-0.19999999999999998,False,True,False,True
229,openphenom,0.39999999999999997,True,True,False,True
230,openphenom,0.7999999999999999,True,False,False,True
231,openphenom,0.0,False,False,True,True
232,openphenom,0.7999999999999999,True,False,True,True
233,openphenom,0.19999999999999998,True,False,True,True
234,openphenom,-0.19999999999999998,True,False,True,True
235,openphenom,1.0,True,False,False,True
236,openphenom,1.0,True,False,False,True
237,openphenom,-1.0,False,True,True,True
238,openphenom,0.39999999999999997,True,False,False,True
239,openphenom,-0.7999999999999999,False,True,False,True
240,openphenom,0.6000000000000001,False,False,True,True
241,openphenom,-0.19999999999999998,False,True,False,True
242,openphenom,0.39999999999999997,True,False,True,True
243,openphenom,0.7999999999999999,False,False,False,False
244,openphenom,0.7999999999999999,True,False,False,True
245,openphenom,0.39999999999999997,True,True,False,True
246,openphenom,-0.39999999999999997,False,False,True,True
247,openphenom,-0.39999999999999997,False,False,True,True
248,openphenom,0.39999999999999997,False,True,False,True
249,openphenom,0.39999999999999997,True,False,True,True
250,openphenom,0.6000000000000001,False,False,True,True
251,openphenom,0.39999999999999997,True,False,True,True
252,openphenom,0.0,False,False,True,True
253,openphenom,0.0,True,True,False,True
254,openphenom,0.6000000000000001,False,False,True,True
255,openphenom,0.6000000000000001,False,False,True,True
256,openphenom,0.0,True,True,False,True
257,openphenom,-1.0,False,True,True,True
258,openphenom,-0.19999999999999998,False,True,False,True
259,openphenom,0.7999999999999999,False,False,False,False
260,openphenom,-0.19999999999999998,True,False,True,True
261,openphenom,-0.6000000000000001,True,True,False,True
262,openphenom,0.7999999999999999,True,False,False,True
263,openphenom,0.19999999999999998,False,True,False,True
264,openphenom,-0.7999999999999999,True,True,True,True
265,openphenom,-0.6000000000000001,True,True,False,True
266,openphenom,-0.39999999999999997,False,True,False,True
267,openphenom,-0.39999999999999997,True,False,True,True
268,openphenom,-0.7999999999999999,False,True,True,True
269,openphenom,0.7999999999999999,False,False,False,False
270,openphenom,-0.39999999999999997,True,False,True,True
271,openphenom,-0.39999999999999997,False,True,True,True
272,openphenom,0.7999999999999999,True,False,False,True
273,openphenom,0.39999999999999997,False,True,False,True
274,openphenom,-1.0,False,True,True,True
275,openphenom,0.7999999999999999,False,False,False,False
276,openphenom,-0.19999999999999998,True,False,True,True
277,openphenom,-0.39999999999999997,False,True,True,True
278,openphenom,-1.0,False,True,True,True
279,openphenom,-0.7999999999999999,False,True,False,True
280,openphenom,-0.19999999999999998,True,False,True,True
281,openphenom,0.19999999999999998,True,False,True,True
282,openphenom,-0.7999999999999999,False,True,True,True
283,openphenom,-0.39999999999999997,True,False,True,True
284,openphenom,0.39999999999999997,True,False,False,True
285,openphenom,-0.7999999999999999,False,True,True,True
286,openphenom,0.39999999999999997,True,False,False,True
287,openphenom,0.39999999999999997,True,True,False,True
288,openphenom,1.0,True,False,False,True
289,openphenom,0.7999999999999999,False,False,False,False
290,openphenom,0.7999999999999999,True,False,False,True
291,openphenom,-0.7999999999999999,True,True,True,True
292,openphenom,0.7999999999999999,True,False,True,True
293,openphenom,-0.39999999999999997,False,False,True,True
294,openphenom,0.39999999999999997,False,True,False,True
295,openphenom,0.39999999999999997,True,False,False,True
296,openphenom,0.39999999999999997,False,True,False,True
297,openphenom,-0.7999999999999999,False,True,False,True
298,openphenom,-1.0,False,True,True,True
299,openphenom,-0.39999999999999997,False,True,True,True
300,openphenom,0.39999999999999997,True,True,False,True
301,openphenom,0.0,True,True,False,True
302,openphenom,0.7999999999999999,False,False,False,False
303,openphenom,-0.39999999999999997,False,True,True,True
304,openphenom,0.39999999999999997,False,True,False,True
305,openphenom,0.7999999999999999,True,False,False,True
306,openphenom,0.6000000000000001,False,False,True,True
307,openphenom,-0.39999999999999997,False,False,True,True
308,openphenom,-0.19999999999999998,False,True,False,True
309,openphenom,0.7999999999999999,False,False,False,False
310,openphenom,0.0,True,True,False,True
311,openphenom,0.0,True,True,False,True
312,openphenom,-0.39999999999999997,False,True,False,True
313,openphenom,-1.0,False,True,True,True
314,openphenom,-0.7999999999999999,False,True,True,True
315,openphenom,0.7999999999999999,False,False,False,False
316,openphenom,0.6000000000000001,False,False,True,True
317,openphenom,0.39999999999999997,False,True,False,True
318,openphenom,0.7999999999999999,False,False,False,False
319,openphenom,0.39999999999999997,True,False,True,True
320,openphenom,0.6000000000000001,False,False,True,True
321,openphenom,0.0,False,False,True,True
322,openphenom,-0.7999999999999999,False,True,False,True
323,openphenom,0.39999999999999997,True,True,False,True
324,openphenom,0.0,True,True,False,True
325,openphenom,0.39999999999999997,False,True,False,True
326,openphenom,-0.39999999999999997,True,False,True,True
327,openphenom,1.0,True,False,False,True
328,openphenom,0.39999999999999997,True,False,False,True
329,openphenom,-0.6000000000000001,True,True,False,True
330,openphenom,0.7999999999999999,True,False,False,True
331,openphenom,-0.39999999999999997,False,True,True,True
332,openphenom,0.39999999999999997,False,True,False,True
333,openphenom,-0.19999999999999998,True,False,True,True
334,openphenom,-0.39999999999999997,False,True,True,True
335,openphenom,0.19999999999999998,False,True,False,True
336,openphenom,0.7999999999999999,True,False,False,True
337,openphenom,0.19999999999999998,True,False,True,True
338,openphenom,0.39999999999999997,True,True,False,True
339,openphenom,0.0,False,False,True,True
340,openphenom,0.6000000000000001,False,False,True,True
341,openphenom,-0.19999999999999998,False,True,False,True
342,openphenom,0.39999999999999997,True,False,True,True
343,openphenom,-0.39999999999999997,False,True,True,True
344,openphenom,-0.19999999999999998,False,True,False,True
345,openphenom,0.0,True,True,False,True
346,openphenom,-0.7999999999999999,False,True,False,True
347,openphenom,0.7999999999999999,True,False,True,True
348,openphenom,0.7999999999999999,False,False,False,False
349,openphenom,0.39999999999999997,True,False,False,True
350,openphenom,-0.6000000000000001,True,True,False,True
351,openphenom,0.7999999999999999,False,False,False,False
352,openphenom,-0.39999999999999997,False,True,False,True
353,openphenom,0.39999999999999997,True,False,False,True
354,openphenom,-0.19999999999999998,False,True,False,True
355,openphenom,0.6000000000000001,False,False,True,True
356,openphenom,-0.7999999999999999,False,True,True,True
357,openphenom,0.39999999999999997,True,True,False,True
358,openphenom,-0.7999999999999999,True,True,True,True
359,openphenom,-0.39999999999999997,True,False,True,True
360,openphenom,0.7999999999999999,True,False,False,True
361,openphenom,0.39999999999999997,True,True,False,True
362,openphenom,1.0,True,False,False,True
363,openphenom,-0.39999999999999997,True,False,True,True
364,openphenom,1.0,True,False,False,True
365,openphenom,0.7999999999999999,True,False,True,True
366,openphenom,-0.7999999999999999,True,True,True,True
367,openphenom,-0.39999999999999997,False,True,False,True
368,openphenom,0.19999999999999998,True,False,True,True
369,openphenom,-1.0,False,True,True,True
370,openphenom,0.19999999999999998,False,True,False,True
371,openphenom,0.39999999999999997,True,True,False,True
372,openphenom,-0.39999999999999997,False,False,True,True
373,openphenom,0.19999999999999998,False,True,False,True
374,openphenom,-0.6000000000000001,True,True,False,True
375,openphenom,0.0,True,True,False,True
376,openphenom,0.7999999999999999,True,False,False,True
377,openphenom,0.39999999999999997,True,False,True,True
378,openphenom,-0.39999999999999997,True,False,True,True
379,openphenom,-0.7999999999999999,False,True,False,True
380,openphenom,-0.7999999999999999,False,True,True,True
381,openphenom,-0.7999999999999999,False,True,True,True
382,openphenom,-0.7999999999999999,False,True,True,True
383,openphenom,-0.7999999999999999,False,True,False,True
384,openphenom,0.39999999999999997,True,False,False,True
385,openphenom,-0.7999999999999999,True,True,True,True
386,openphenom,0.6000000000000001,False,False,True,True
387,openphenom,-0.19999999999999998,False,True,False,True
388,openphenom,-0.7999999999999999,False,True,False,True
389,openphenom,0.7999999999999999,True,False,True,True
390,openphenom,0.7999999999999999,True,False,False,True
391,openphenom,0.7999999999999999,True,False,False,True
392,openphenom,-0.19999999999999998,False,True,False,True
393,openphenom,0.6000000000000001,False,False,True,True
394,openphenom,0.39999999999999997,False,True,False,True
395,openphenom,0.39999999999999997,False,True,False,True
396,openphenom,0.39999999999999997,True,False,True,True
397,openphenom,0.7999999999999999,True,False,True,True
398,openphenom,0.39999999999999997,True,True,False,True
399,openphenom,0.39999999999999997,True,False,False,True
400,openphenom,0.7999999999999999,True,False,True,True
401,openphenom,0.0,True,True,False,True
402,openphenom,-0.19999999999999998,False,True,False,True
403,openphenom,0.7999999999999999,True,False,True,True
404,openphenom,0.0,False,False,True,True
405,openphenom,0.19999999999999998,True,False,True,True
406,openphenom,0.7999999999999999,False,False,False,False
407,openphenom,-0.39999999999999997,False,True,False,True
408,openphenom,0.0,True,True,False,True
409,openphenom,0.7999999999999999,True,False,False,True
410,openphenom,0.7999999999999999,False,False,False,False
411,openphenom,-0.7999999999999999,False,True,True,True
412,openphenom,-1.0,False,True,True,True
413,openphenom,0.39999999999999997,False,True,False,True
414,openphenom,0.39999999999999997,True,True,False,True
415,openphenom,0.39999999999999997,True,False,True,True
416,openphenom,0.0,False,False,True,True
417,openphenom,0.39999999999999997,True,False,False,True
418,openphenom,0.7999999999999999,True,False,True,True
419,openphenom,0.39999999999999997,False,True,False,True
420,openphenom,-0.39999999999999997,False,False,True,True
421,openphenom,0.39999999999999997,False,True,False,True
422,openphenom,0.39999999999999997,False,True,False,True
423,openphenom,0.39999999999999997,True,True,False,True
424,openphenom,0.0,True,True,False,True
425,openphenom,-0.39999999999999997,False,True,False,True
426,openphenom,-0.39999999999999997,False,False,True,True
427,openphenom,-0.39999999999999997,False,True,True,True
428,openphenom,0.19999999999999998,True,False,True,True
429,openphenom,0.19999999999999998,False,True,False,True
430,openphenom,0.39999999999999997,False,True,False,True
431,openphenom,0.6000000000000001,False,False,True,True
432,openphenom,0.0,False,False,True,True
433,openphenom,0.19999999999999998,True,False,True,True
434,openphenom,0.39999999999999997,False,True,False,True
435,openphenom,-0.7999999999999999,False,True,False,True
436,openphenom,0.39999999999999997,True,False,True,True
437,openphenom,-0.6000000000000001,True,True,False,True
438,openphenom,1.0,True,False,False,True
439,openphenom,0.39999999999999997,True,True,False,True
440,openphenom,-0.39999999999999997,False,True,False,True
441,openphenom,-0.6000000000000001,True,True,False,True
442,openphenom,-0.39999999999999997,True,False,True,True
443,openphenom,0.7999999999999999,False,False,False,False
444,openphenom,-0.7999999999999999,True,True,True,True
445,openphenom,-0.19999999999999998,False,True,False,True
446,openphenom,-0.19999999999999998,True,False,True,True
447,openphenom,-0.39999999999999997,True,False,True,True
448,openphenom,0.39999999999999997,True,True,False,True
449,openphenom,-0.39999999999999997,False,True,False,True
450,openphenom,-0.7999999999999999,True,True,True,True
451,openphenom,0.39999999999999997,False,True,False,True
452,openphenom,0.39999999999999997,True,False,False,True
453,openphenom,0.6000000000000001,False,False,True,True
454,openphenom,0.7999999999999999,True,False,False,True
455,openphenom,0.0,False,False,True,True
456,openphenom,-0.6000000000000001,True,True,False,True
457,openphenom,-0.7999999999999999,False,True,True,True
458,openphenom,-0.7999999999999999,True,True,True,True
459,openphenom,-0.19999999999999998,True,False,True,True
460,openphenom,0.39999999999999997,True,False,True,True
461,openphenom,0.39999999999999997,True,False,False,True
462,openphenom,0.39999999999999997,True,True,False,True
463,openphenom,1.0,True,False,False,True
464,openphenom,-0.7999999999999999,True,True,True,True
465,openphenom,0.7999999999999999,False,False,False,False
466,openphenom,0.7999999999999999,True,False,True,True
467,openphenom,-0.39999999999999997,True,False,True,True
468,openphenom,0.7999999999999999,True,False,False,True
469,openphenom,0.7999999999999999,False,False,False,False
470,openphenom,-0.7999999999999999,False,True,False,True
471,openphenom,0.39999999999999997,True,False,True,True
472,openphenom,1.0,True,False,False,True
473,openphenom,0.19999999999999998,False,True,False,True
474,openphenom,0.6000000000000001,False,False,True,True
475,openphenom,0.7999999999999999,True,False,True,True
476,openphenom,0.7999999999999999,False,False,False,False
477,openphenom,-0.7999999999999999,False,True,True,True
478,openphenom,0.39999999999999997,False,True,False,True
479,openphenom,-0.7999999999999999,False,True,False,True
480,openphenom,0.39999999999999997,False,True,False,True
481,openphenom,-0.39999999999999997,False,True,True,True
482,openphenom,-0.39999999999999997,False,True,False,True
483,openphenom,-0.6000000000000001,True,True,False,True
484,openphenom,0.7999999999999999,True,False,False,True
485,openphenom,0.19999999999999998,False,True,False,True
486,openphenom,1.0,True,False,False,True
487,openphenom,-0.6000000000000001,True,True,False,True
488,openphenom,0.39999999999999997,True,False,True,True
489,openphenom,0.6000000000000001,False,False,True,True
490,openphenom,-1.0,False,True,True,True
491,openphenom,0.39999999999999997,True,False,False,True
492,openphenom,0.0,False,False,True,True
493,openphenom,-0.39999999999999997,False,False,True,True
494,openphenom,1.0,True,False,False,True
495,openphenom,0.39999999999999997,True,True,False,True
496,openphenom,0.39999999999999997,False,True,False,True
497,openphenom,-0.39999999999999997,True,False,True,True
498,openphenom,0.7999999999999999,True,False,False,True
499,openphenom,0.39999999999999997,False,True,False,True
500,openphenom,0.39999999999999997,True,False,True,True
501,openphenom,0.39999999999999997,True,True,False,True
502,openphenom,0.0,True,True,False,True
503,openphenom,-0.19999999999999998,True,False,True,True
504,openphenom,0.0,True,True,False,True
505,openphenom,0.39999999999999997,False,True,False,True
506,openphenom,0.39999999999999997,True,True,False,True
507,openphenom,0.39999999999999997,True,False,False,True
508,openphenom,0.39999999999999997,True,True,False,True
509,openphenom,0.39999999999999997,False,True,False,True
510,openphenom,0.7999999999999999,False,False,False,False
511,openphenom,-0.7999999999999999,False,True,False,True
512,openphenom,-0.7999999999999999,False,True,True,True
513,openphenom,-0.19999999999999998,False,True,False,True
514,openphenom,0.39999999999999997,False,True,False,True
515,openphenom,-0.19999999999999998,False,True,False,True
516,openphenom,0.7999999999999999,False,False,False,False
517,openphenom,0.39999999999999997,True,True,False,True
518,openphenom,-1.0,False,True,True,True
519,openphenom,0.6000000000000001,False,False,True,True
520,openphenom,-0.7999999999999999,False,True,True,True
521,openphenom,-0.39999999999999997,False,True,False,True
522,openphenom,0.39999999999999997,False,True,False,True
523,openphenom,-1.0,False,True,True,True
524,openphenom,0.39999999999999997,False,True,False,True
525,openphenom,-0.19999999999999998,True,False,True,True
526,openphenom,0.7999999999999999,True,False,True,True
527,openphenom,-0.39999999999999997,False,False,True,True
528,openphenom,-0.19999999999999998,False,True,False,True
529,openphenom,1.0,True,False,False,True
530,openphenom,-0.39999999999999997,False,True,False,True
531,openphenom,0.0,True,True,False,True
532,openphenom,0.7999999999999999,True,False,False,True
533,openphenom,0.39999999999999997,True,False,False,True
534,openphenom,0.6000000000000001,False,False,True,True
535,openphenom,-0.7999999999999999,True,True,True,True
536,openphenom,0.19999999999999998,False,True,False,True
537,openphenom,-0.39999999999999997,False,True,True,True
538,openphenom,-0.39999999999999997,False,True,False,True
539,openphenom,-0.7999999999999999,True,True,True,True
540,openphenom,-1.0,False,True,True,True
541,openphenom,0.7999999999999999,False,False,False,False
542,openphenom,0.7999999999999999,False,False,False,False
543,openphenom,-0.39999999999999997,False,True,True,True
544,openphenom,0.39999999999999997,True,True,False,True
545,openphenom,-0.19999999999999998,True,False,True,True
546,openphenom,0.7999999999999999,True,False,False,True
547,openphenom,-0.6000000000000001,True,True,False,True
548,openphenom,-0.19999999999999998,False,True,False,True
549,openphenom,0.6000000000000001,False,False,True,True
550,openphenom,0.7999999999999999,True,False,False,True
551,openphenom,-0.39999999999999997,False,True,False,True
552,openphenom,0.0,False,False,True,True
553,openphenom,0.7999999999999999,False,False,False,False
554,openphenom,-1.0,False,True,True,True
555,openphenom,0.39999999999999997,True,True,False,True
556,openphenom,-0.7999999999999999,True,True,True,True
557,openphenom,0.0,False,False,True,True
558,openphenom,-0.7999999999999999,False,True,False,True
559,openphenom,0.6000000000000001,False,False,True,True
560,openphenom,0.39999999999999997,False,True,False,True
561,openphenom,-0.19999999999999998,True,False,True,True
562,openphenom,-0.19999999999999998,True,False,True,True
563,openphenom,0.39999999999999997,False,True,False,True
564,openphenom,0.6000000000000001,False,False,True,True
565,openphenom,-1.0,False,True,True,True
566,openphenom,-0.6000000000000001,True,True,False,True
567,openphenom,-0.7999999999999999,False,True,True,True
568,openphenom,-0.39999999999999997,False,True,True,True
569,openphenom,-0.7999999999999999,False,True,False,True
570,openphenom,0.39999999999999997,True,False,False,True
571,openphenom,0.39999999999999997,True,True,False,True
572,openphenom,-0.39999999999999997,False,True,True,True
573,openphenom,0.39999999999999997,True,False,True,True
574,openphenom,1.0,True,False,False,True
575,openphenom,-1.0,False,True,True,True
576,openphenom,0.6000000000000001,False,False,True,True
577,openphenom,0.7999999999999999,False,False,False,False
578,openphenom,0.7999999999999999,False,False,False,False
579,openphenom,0.7999999999999999,True,False,False,True
580,openphenom,0.39999999999999997,True,True,False,True
581,openphenom,0.7999999999999999,False,False,False,False
582,openphenom,-1.0,False,True,True,True
583,openphenom,0.39999999999999997,True,True,False,True
584,openphenom,-0.6000000000000001,True,True,False,True
585,openphenom,0.6000000000000001,False,False,True,True
586,openphenom,-0.39999999999999997,False,True,True,True
587,openphenom,0.39999999999999997,False,True,False,True
588,openphenom,1.0,True,False,False,True
589,openphenom,0.7999999999999999,False,False,False,False
590,openphenom,0.6000000000000001,False,False,True,True
591,openphenom,1.0,True,False,False,True
592,openphenom,-0.39999999999999997,False,False,True,True
593,openphenom,0.0,False,False,True,True
594,openphenom,1.0,True,False,False,True
595,openphenom,0.0,False,False,True,True
596,openphenom,0.39999999999999997,True,False,False,True
597,openphenom,-0.39999999999999997,True,False,True,True
598,openphenom,0.7999999999999999,True,False,True,True
599,openphenom,0.39999999999999997,True,True,False,True
600,openphenom,0.19999999999999998,False,True,False,True
601,openphenom,0.7999999999999999,True,False,False,True
602,openphenom,0.0,False,False,True,True
603,openphenom,0.39999999999999997,True,True,False,True
604,openphenom,0.0,True,True,False,True
605,openphenom,0.39999999999999997,True,False,True,True
606,openphenom,0.39999999999999997,True,False,False,True
607,openphenom,0.0,True,True,False,True
608,openphenom,0.7999999999999999,False,False,False,False
609,openphenom,-0.19999999999999998,True,False,True,True
610,openphenom,-0.39999999999999997,False,True,False,True
611,openphenom,-0.39999999999999997,False,True,True,True
612,openphenom,0.39999999999999997,False,True,False,True
613,openphenom,0.39999999999999997,False,True,False,True
614,openphenom,-0.19999999999999998,False,True,False,True
615,openphenom,0.7999999999999999,False,False,False,False
616,openphenom,-0.7999999999999999,False,True,False,True
617,openphenom,0.39999999999999997,True,False,True,True
618,openphenom,0.39999999999999997,True,False,False,True
619,openphenom,0.6000000000000001,False,False,True,True
620,openphenom,-0.39999999999999997,False,True,True,True
621,openphenom,0.19999999999999998,False,True,False,True
622,openphenom,0.39999999999999997,True,False,True,True
623,openphenom,-0.19999999999999998,False,True,False,True
624,openphenom,-0.6000000000000001,True,True,False,True
625,openphenom,0.7999999999999999,False,False,False,False
626,openphenom,0.7999999999999999,False,False,False,False
627,openphenom,-0.19999999999999998,False,True,False,True
628,openphenom,-0.7999999999999999,False,True,False,True
629,openphenom,0.6000000000000001,False,False,True,True
630,openphenom,0.39999999999999997,False,True,False,True
631,openphenom,-0.7999999999999999,True,True,True,True
632,openphenom,-0.39999999999999997,False,True,True,True
633,openphenom,-0.6000000000000001,True,True,False,True
634,openphenom,0.6000000000000001,False,False,True,True
635,openphenom,0.7999999999999999,False,False,False,False
636,openphenom,-0.19999999999999998,True,False,True,True
637,openphenom,0.39999999999999997,True,False,False,True
638,openphenom,-0.39999999999999997,False,False,True,True
639,openphenom,-0.39999999999999997,False,True,True,True
640,openphenom,0.0,False,False,True,True
641,openphenom,-0.39999999999999997,False,False,True,True
642,openphenom,0.0,True,True,False,True
643,openphenom,0.0,True,True,False,True
644,openphenom,-0.39999999999999997,False,True,False,True
645,openphenom,-0.7999999999999999,False,True,False,True
646,openphenom,0.7999999999999999,False,False,False,False
647,openphenom,0.39999999999999997,True,True,False,True
648,openphenom,0.7999999999999999,False,False,False,False
649,openphenom,-0.7999999999999999,True,True,True,True
650,openphenom,-0.6000000000000001,True,True,False,True
651,openphenom,-0.7999999999999999,True,True,True,True
652,openphenom,0.19999999999999998,True,False,True,True
653,openphenom,0.7999999999999999,False,False,False,False
654,openphenom,-0.7999999999999999,True,True,True,True
655,openphenom,0.39999999999999997,False,True,False,True
656,openphenom,1.0,True,False,False,True
657,openphenom,-0.19999999999999998,True,False,True,True
658,openphenom,0.6000000000000001,False,False,True,True
659,openphenom,0.7999999999999999,False,False,False,False
660,openphenom,0.39999999999999997,False,True,False,True
661,openphenom,1.0,True,False,False,True
662,openphenom,0.39999999999999997,True,False,False,True
663,openphenom,-0.39999999999999997,True,False,True,True
664,openphenom,0.19999999999999998,False,True,False,True
665,openphenom,1.0,True,False,False,True
666,openphenom,0.39999999999999997,True,True,False,True
667,openphenom,0.19999999999999998,True,False,True,True
668,openphenom,0.39999999999999997,True,True,False,True
669,openphenom,0.7999999999999999,True,False,False,True
670,openphenom,0.39999999999999997,True,False,False,True
671,openphenom,-0.7999999999999999,True,True,True,True
672,openphenom,0.7999999999999999,True,False,False,True
673,openphenom,0.39999999999999997,True,True,False,True
674,openphenom,-0.6000000000000001,True,True,False,True
675,openphenom,1.0,True,False,False,True
676,openphenom,-0.39999999999999997,False,True,True,True
677,openphenom,-0.39999999999999997,False,True,True,True
678,openphenom,-0.39999999999999997,False,False,True,True
679,openphenom,-1.0,False,True,True,True
680,openphenom,0.7999999999999999,False,False,False,False
681,openphenom,-1.0,False,True,True,True
682,openphenom,0.7999999999999999,False,False,False,False
683,openphenom,-0.6000000000000001,True,True,False,True
684,openphenom,-0.39999999999999997,True,False,True,True
685,openphenom,-1.0,False,True,True,True
686,openphenom,0.7999999999999999,False,False,False,False
687,openphenom,-0.39999999999999997,True,False,True,True
688,openphenom,-0.7999999999999999,True,True,True,True
689,openphenom,0.39999999999999997,True,False,True,True
690,openphenom,0.19999999999999998,True,False,True,True
691,openphenom,-0.7999999999999999,True,True,True,True
692,openphenom,0.0,False,False,True,True
693,openphenom,-0.39999999999999997,True,False,True,True
694,openphenom,-0.7999999999999999,True,True,True,True
695,openphenom,0.7999999999999999,True,False,True,True
696,openphenom,-0.39999999999999997,False,True,True,True
697,openphenom,1.0,True,False,False,True
698,openphenom,0.39999999999999997,True,True,False,True
699,openphenom,0.7999999999999999,True,False,False,True
700,openphenom,1.0,True,False,False,True
701,openphenom,-0.39999999999999997,False,True,False,True
702,openphenom,-0.39999999999999997,False,True,True,True
703,openphenom,0.39999999999999997,False,True,False,True
704,openphenom,0.7999999999999999,True,False,True,True
705,openphenom,0.39999999999999997,True,True,False,True
706,openphenom,0.7999999999999999,True,False,True,True
707,openphenom,-0.6000000000000001,True,True,False,True
708,openphenom,0.7999999999999999,True,False,True,True
709,openphenom,0.7999999999999999,False,False,False,False
710,openphenom,0.7999999999999999,True,False,False,True
711,openphenom,0.6000000000000001,False,False,True,True
712,openphenom,0.39999999999999997,False,True,False,True
713,openphenom,0.7999999999999999,True,False,True,True
714,openphenom,0.7999999999999999,True,False,True,True
715,openphenom,0.39999999999999997,True,False,True,True
716,openphenom,-0.39999999999999997,False,False,True,True
717,openphenom,0.39999999999999997,True,True,False,True
718,openphenom,0.39999999999999997,False,True,False,True
719,openphenom,0.0,True,True,False,True
720,openphenom,-0.7999999999999999,False,True,True,True
721,openphenom,1.0,True,False,False,True
722,openphenom,1.0,True,False,False,True
723,openphenom,-0.19999999999999998,True,False,True,True
724,openphenom,0.7999999999999999,True,False,False,True
725,openphenom,-0.7999999999999999,False,True,False,True
726,openphenom,0.0,False,False,True,True
727,openphenom,0.39999999999999997,False,True,False,True
728,openphenom,0.39999999999999997,False,True,False,True
729,openphenom,0.19999999999999998,False,True,False,True
730,openphenom,-0.39999999999999997,True,False,True,True
731,openphenom,0.39999999999999997,True,False,False,True
732,openphenom,0.19999999999999998,False,True,False,True
733,openphenom,0.39999999999999997,True,False,True,True
734,openphenom,-0.6000000000000001,True,True,False,True
735,openphenom,0.39999999999999997,True,False,False,True
736,openphenom,0.39999999999999997,True,False,True,True
737,openphenom,-0.7999999999999999,False,True,True,True
738,openphenom,0.6000000000000001,False,False,True,True
739,openphenom,0.6000000000000001,False,False,True,True
740,openphenom,1.0,True,False,False,True
741,openphenom,0.6000000000000001,False,False,True,True
742,openphenom,-0.6000000000000001,True,True,False,True
743,openphenom,0.0,True,True,False,True
744,openphenom,-0.19999999999999998,False,True,False,True
745,openphenom,0.7999999999999999,True,False,True,True
746,openphenom,-0.6000000000000001,True,True,False,True
747,openphenom,0.39999999999999997,True,True,False,True
748,openphenom,-1.0,False,True,True,True
749,openphenom,-0.6000000000000001,True,True,False,True
750,openphenom,-0.39999999999999997,False,True,True,True
751,openphenom,0.7999999999999999,True,False,True,True
752,openphenom,1.0,True,False,False,True
753,openphenom,1.0,True,False,False,True
754,openphenom,-0.7999999999999999,True,True,True,True
755,openphenom,0.0,True,True,False,True
756,openphenom,0.0,False,False,True,True
757,openphenom,-0.19999999999999998,False,True,False,True
758,openphenom,0.19999999999999998,False,True,False,True
759,openphenom,0.39999999999999997,False,True,False,True
760,openphenom,0.7999999999999999,True,False,False,True
761,openphenom,0.7999999999999999,True,False,False,True
762,openphenom,0.39999999999999997,True,True,False,True
763,openphenom,0.7999999999999999,True,False,False,True
764,openphenom,-0.19999999999999998,True,False,True,True
765,openphenom,-0.39999999999999997,False,True,False,True
766,openphenom,0.0,True,True,False,True
767,openphenom,0.39999999999999997,True,False,False,True
768,openphenom,-0.7999999999999999,False,True,True,True
769,openphenom,0.6000000000000001,False,False,True,True
770,openphenom,-0.39999999999999997,False,True,True,True
771,openphenom,0.39999999999999997,True,False,False,True
772,openphenom,0.39999999999999997,False,True,False,True
773,openphenom,0.39999999999999997,True,False,True,True
774,openphenom,-0.7999999999999999,False,True,True,True
775,openphenom,-0.7999999999999999,True,True,True,True
776,openphenom,0.0,True,True,False,True
777,openphenom,0.7999999999999999,False,False,False,False
778,openphenom,-0.39999999999999997,False,True,True,True
779,openphenom,0.7999999999999999,True,False,True,True
780,openphenom,1.0,True,False,False,True
781,openphenom,0.0,False,False,True,True
782,openphenom,0.19999999999999998,True,False,True,True
783,openphenom,0.7999999999999999,False,False,False,False
784,openphenom,0.7999999999999999,True,False,True,True
785,openphenom,0.39999999999999997,True,False,True,True
786,openphenom,0.39999999999999997,True,False,True,True
787,openphenom,0.7999999999999999,True,False,True,True
788,openphenom,-0.19999999999999998,False,True,False,True
789,openphenom,0.39999999999999997,True,True,False,True
790,openphenom,-0.19999999999999998,False,True,False,True
791,openphenom,1.0,True,False,False,True
792,openphenom,0.39999999999999997,False,True,False,True
793,openphenom,0.6000000000000001,False,False,True,True
794,openphenom,0.7999999999999999,True,False,False,True
795,openphenom,-0.39999999999999997,False,False,True,True
796,openphenom,0.0,False,False,True,True
797,openphenom,-0.7999999999999999,False,True,True,True
798,openphenom,0.39999999999999997,True,True,False,True
799,openphenom,0.39999999999999997,False,True,False,True
800,openphenom,0.0,True,True,False,True
801,openphenom,0.6000000000000001,False,False,True,True
802,openphenom,0.39999999999999997,True,False,False,True
803,openphenom,0.19999999999999998,True,False,True,True
804,openphenom,-0.19999999999999998,False,True,False,True
805,openphenom,0.7999999999999999,True,False,True,True
806,openphenom,-0.19999999999999998,False,True,False,True
807,openphenom,0.6000000000000001,False,False,True,True
808,openphenom,0.7999999999999999,True,False,False,True
809,openphenom,-0.7999999999999999,False,True,False,True
810,openphenom,0.6000000000000001,False,False,True,True
811,openphenom,-0.19999999999999998,False,True,False,True
812,openphenom,0.19999999999999998,True,False,True,True
813,openphenom,1.0,True,False,False,True
814,openphenom,0.7999999999999999,True,False,False,True
815,openphenom,-0.7999999999999999,False,True,True,True
816,openphenom,-0.7999999999999999,True,True,True,True
817,openphenom,0.7999999999999999,False,False,False,False
818,openphenom,-0.39999999999999997,False,True,True,True
819,openphenom,-0.7999999999999999,True,True,True,True
820,openphenom,1.0,True,False,False,True
821,openphenom,-0.7999999999999999,False,True,False,True
822,openphenom,0.7999999999999999,True,False,True,True
823,openphenom,-0.39999999999999997,True,False,True,True
824,openphenom,-0.39999999999999997,False,True,True,True
825,openphenom,-1.0,False,True,True,True
826,openphenom,0.6000000000000001,False,False,True,True
827,openphenom,0.39999999999999997,True,False,False,True
828,openphenom,1.0,True,False,False,True
829,openphenom,0.39999999999999997,False,True,False,True
830,openphenom,0.39999999999999997,False,True,False,True
831,openphenom,0.19999999999999998,True,False,True,True
832,openphenom,0.7999999999999999,False,False,False,False
833,openphenom,0.7999999999999999,True,False,True,True
834,openphenom,-0.19999999999999998,False,True,False,True
835,openphenom,0.39999999999999997,True,True,False,True
836,openphenom,0.7999999999999999,False,False,False,False
837,openphenom,0.39999999999999997,True,True,False,True
838,openphenom,-0.19999999999999998,True,False,True,True
839,openphenom,-0.19999999999999998,True,False,True,True
840,openphenom,0.0,False,False,True,True
841,openphenom,0.6000000000000001,False,False,True,True
842,openphenom,-0.39999999999999997,False,True,False,True
843,openphenom,-0.39999999999999997,False,True,True,True
844,openphenom,0.39999999999999997,True,False,False,True
845,openphenom,0.19999999999999998,False,True,False,True
846,openphenom,0.7999999999999999,True,False,False,True
847,openphenom,0.7999999999999999,True,False,False,True
848,openphenom,0.19999999999999998,False,True,False,True
849,openphenom,-0.39999999999999997,True,False,True,True
850,openphenom,0.7999999999999999,True,False,False,True
851,openphenom,0.39999999999999997,True,False,True,True
852,openphenom,-0.7999999999999999,False,True,False,True
853,openphenom,0.7999999999999999,False,False,False,False
854,openphenom,-0.19999999999999998,False,True,False,True
855,openphenom,0.39999999999999997,True,True,False,True
856,openphenom,0.7999999999999999,True,False,True,True
857,openphenom,-0.7999999999999999,True,True,True,True
858,openphenom,0.7999999999999999,False,False,False,False
859,openphenom,0.39999999999999997,False,True,False,True
860,openphenom,0.19999999999999998,False,True,False,True
861,openphenom,0.39999999999999997,False,True,False,True
862,openphenom,0.0,True,True,False,True
863,openphenom,1.0,True,False,False,True
864,openphenom,0.7999999999999999,True,False,True,True
865,openphenom,0.7999999999999999,False,False,False,False
866,openphenom,-0.39999999999999997,False,False,True,True
867,openphenom,-0.6000000000000001,True,True,False,True
868,openphenom,0.39999999999999997,True,False,False,True
869,openphenom,0.39999999999999997,True,True,False,True
870,openphenom,0.7999999999999999,False,False,False,False
871,openphenom,0.0,True,True,False,True
872,openphenom,-0.7999999999999999,False,True,False,True
873,openphenom,-0.39999999999999997,False,False,True,True
874,openphenom,-0.7999999999999999,True,True,True,True
875,openphenom,0.7999999999999999,False,False,False,False
876,openphenom,0.7999999999999999,True,False,True,True
877,openphenom,0.0,True,True,False,True
878,openphenom,1.0,True,False,False,True
879,openphenom,-1.0,False,True,True,True
880,openphenom,0.0,True,True,False,True
881,openphenom,0.19999999999999998,True,False,True,True
882,openphenom,-0.39999999999999997,False,True,False,True
883,openphenom,0.7999999999999999,False,False,False,False
884,openphenom,1.0,True,False,False,True
885,openphenom,0.39999999999999997,False,True,False,True
886,openphenom,-0.39999999999999997,False,True,False,True
887,openphenom,0.7999999999999999,False,False,False,False
888,openphenom,0.6000000000000001,False,False,True,True
889,openphenom,-0.7999999999999999,False,True,True,True
890,openphenom,1.0,True,False,False,True
891,openphenom,1.0,True,False,False,True
892,openphenom,-0.7999999999999999,False,True,False,True
893,openphenom,0.0,True,True,False,True
894,openphenom,-0.39999999999999997,True,False,True,True
895,openphenom,0.0,True,True,False,True
896,openphenom,0.39999999999999997,True,False,True,True
897,openphenom,0.39999999999999997,True,False,True,True
898,openphenom,-0.39999999999999997,False,False,True,True
899,openphenom,0.39999999999999997,False,True,False,True
900,openphenom,0.6000000000000001,False,False,True,True
901,openphenom,0.7999999999999999,True,False,True,True
902,openphenom,0.0,False,False,True,True
903,openphenom,0.0,True,True,False,True
904,openphenom,0.7999999999999999,True,False,False,True
905,openphenom,-0.6000000000000001,True,True,False,True
906,openphenom,-0.19999999999999998,False,True,False,True
907,openphenom,1.0,True,False,False,True
908,openphenom,0.39999999999999997,True,True,False,True
909,openphenom,0.39999999999999997,True,False,True,True
910,openphenom,-0.19999999999999998,True,False,True,True
911,openphenom,0.39999999999999997,True,True,False,True
912,openphenom,0.19999999999999998,False,True,False,True
913,openphenom,0.39999999999999997,True,True,False,True
914,openphenom,-0.39999999999999997,False,True,True,True
915,openphenom,-0.7999999999999999,False,True,True,True
916,openphenom,0.39999999999999997,True,True,False,True
917,openphenom,0.0,True,True,False,True
918,openphenom,-0.39999999999999997,False,True,True,True
919,openphenom,0.39999999999999997,True,False,True,True
920,openphenom,-0.39999999999999997,False,True,True,True
921,openphenom,0.19999999999999998,False,True,False,True
922,openphenom,-0.39999999999999997,False,False,True,True
923,openphenom,-0.7999999999999999,False,True,True,True
924,openphenom,0.0,False,False,True,True
925,openphenom,0.19999999999999998,False,True,False,True
926,openphenom,0.7999999999999999,True,False,False,True
927,openphenom,-0.19999999999999998,True,False,True,True
928,openphenom,0.39999999999999997,True,False,False,True
929,openphenom,0.19999999999999998,False,True,False,True
930,openphenom,-0.7999999999999999,True,True,True,True
931,openphenom,0.7999999999999999,True,False,True,True
932,openphenom,0.19999999999999998,False,True,False,True
933,openphenom,0.19999999999999998,True,False,True,True
934,openphenom,0.39999999999999997,False,True,False,True
935,openphenom,0.0,False,False,True,True
936,openphenom,0.19999999999999998,True,False,True,True
937,openphenom,-0.6000000000000001,True,True,False,True
938,openphenom,0.19999999999999998,False,True,False,True
939,openphenom,0.7999999999999999,False,False,False,False
940,openphenom,-0.39999999999999997,False,True,True,True
941,openphenom,0.39999999999999997,False,True,False,True
942,openphenom,0.39999999999999997,True,True,False,True
943,openphenom,-1.0,False,True,True,True
944,openphenom,0.7999999999999999,True,False,True,True
945,openphenom,0.39999999999999997,True,False,True,True
946,openphenom,-0.39999999999999997,False,True,False,True
947,openphenom,0.19999999999999998,True,False,True,True
948,openphenom,0.7999999999999999,True,False,True,True
949,openphenom,-0.39999999999999997,False,False,True,True
950,openphenom,0.6000000000000001,False,False,True,True
951,openphenom,-0.19999999999999998,False,True,False,True
952,openphenom,-0.7999999999999999,False,True,True,True
953,openphenom,0.7999999999999999,True,False,False,True
954,openphenom,0.7999999999999999,False,False,False,False
955,openphenom,0.0,True,True,False,True
956,openphenom,0.7999999999999999,True,False,False,True
957,openphenom,-0.19999999999999998,True,False,True,True
958,openphenom,0.19999999999999998,False,True,False,True
959,openphenom,0.7999999999999999,True,False,True,True
960,openphenom,0.39999999999999997,True,False,False,True
961,openphenom,1.0,True,False,False,True
962,openphenom,0.19999999999999998,False,True,False,True
963,openphenom,-0.39999999999999997,False,True,True,True
964,openphenom,0.39999999999999997,False,True,False,True
965,openphenom,0.7999999999999999,True,False,True,True
966,openphenom,-1.0,False,True,True,True
967,openphenom,-1.0,False,True,True,True
968,openphenom,-1.0,False,True,True,True
969,openphenom,-0.39999999999999997,False,True,False,True
970,openphenom,0.0,False,False,True,True
971,openphenom,-0.6000000000000001,True,True,False,True
972,openphenom,1.0,True,False,False,True
973,openphenom,-0.7999999999999999,False,True,True,True
974,openphenom,1.0,True,False,False,True
975,openphenom,0.39999999999999997,True,True,False,True
976,openphenom,0.7999999999999999,True,False,True,True
977,openphenom,0.39999999999999997,False,True,False,True
978,openphenom,0.39999999999999997,True,False,True,True
979,openphenom,0.39999999999999997,False,True,False,True
980,openphenom,0.39999999999999997,False,True,False,True
981,openphenom,-0.7999999999999999,True,True,True,True
982,openphenom,-0.7999999999999999,False,True,True,True
983,openphenom,0.7999999999999999,True,False,False,True
984,openphenom,-0.7999999999999999,True,True,True,True
985,openphenom,-0.39999999999999997,False,False,True,True
986,openphenom,-0.7999999999999999,True,True,True,True
987,openphenom,0.7999999999999999,True,False,False,True
988,openphenom,1.0,True,False,False,True
989,openphenom,0.6000000000000001,False,False,True,True
990,openphenom,-0.39999999999999997,True,False,True,True
991,openphenom,-0.39999999999999997,False,True,True,True
992,openphenom,0.7999999999999999,True,False,True,True
993,openphenom,0.7999999999999999,True,False,True,True
994,openphenom,0.39999999999999997,False,True,False,True
995,openphenom,0.7999999999999999,True,False,False,True
996,openphenom,0.7999999999999999,False,False,False,False
997,openphenom,0.0,False,False,True,True
998,openphenom,0.39999999999999997,True,True,False,True
999,openphenom,-0.39999999999999997,False,True,False,True
1000,openphenom,0.7999999999999999,False,False,False,False
1001,openphenom,0.7999999999999999,False,False,False,False
1002,openphenom,-0.7999999999999999,False,True,False,True
1003,openphenom,0.39999999999999997,True,False,False,True
1004,openphenom,0.7999999999999999,True,False,False,True
1005,openphenom,0.0,True,True,False,True
1006,openphenom,0.7999999999999999,True,False,True,True
1007,openphenom,-0.39999999999999997,False,True,False,True
1008,openphenom,1.0,True,False,False,True
1009,openphenom,-0.39999999999999997,True,False,True,True
1010,openphenom,-0.39999999999999997,True,False,True,True
1011,openphenom,-1.0,False,True,True,True
1012,openphenom,0.39999999999999997,True,False,True,True
1013,openphenom,-0.39999999999999997,False,True,True,True
1014,openphenom,-0.7999999999999999,False,True,True,True
1015,openphenom,0.39999999999999997,True,True,False,True
1016,openphenom,0.39999999999999997,True,False,True,True
1017,openphenom,0.6000000000000001,False,False,True,True
1018,openphenom,1.0,True,False,False,True
1019,openphenom,0.39999999999999997,False,True,False,True
1020,openphenom,0.0,False,False,True,True
1021,openphenom,-0.39999999999999997,False,True,False,True
1022,openphenom,0.39999999999999997,False,True,False,True
1023,openphenom,-0.7999999999999999,False,True,False,True
1024,openphenom,0.7999999999999999,False,False,False,False
1025,openphenom,0.6000000000000001,False,False,True,True
1026,openphenom,0.7999999999999999,True,False,False,True
1027,openphenom,0.39999999999999997,True,True,False,True
1028,openphenom,0.39999999999999997,True,False,True,True
1029,openphenom,0.6000000000000001,False,False,True,True
1030,openphenom,0.39999999999999997,False,True,False,True
1031,openphenom,-0.39999999999999997,False,False,True,True
1032,openphenom,0.19999999999999998,False,True,False,True
1033,openphenom,-1.0,False,True,True,True
1034,openphenom,-0.39999999999999997,False,True,True,True
1035,openphenom,1.0,True,False,False,True
1036,openphenom,-0.6000000000000001,True,True,False,True
1037,openphenom,0.39999999999999997,True,True,False,True
1038,openphenom,-1.0,False,True,True,True
1039,openphenom,-0.39999999999999997,False,True,False,True
1040,openphenom,-0.39999999999999997,True,False,True,True
1041,openphenom,0.19999999999999998,True,False,True,True
1042,openphenom,1.0,True,False,False,True
1043,openphenom,-0.39999999999999997,True,False,True,True
1044,openphenom,0.39999999999999997,True,False,False,True
1045,openphenom,0.7999999999999999,True,False,False,True
1046,openphenom,0.6000000000000001,False,False,True,True
1047,openphenom,0.39999999999999997,True,False,False,True
1048,openphenom,-0.19999999999999998,True,False,True,True
1049,openphenom,0.0,True,True,False,True
1050,openphenom,0.7999999999999999,True,False,False,True
1051,openphenom,-0.7999999999999999,False,True,False,True
1052,openphenom,0.19999999999999998,False,True,False,True
1053,openphenom,-0.7999999999999999,False,True,False,True
1054,openphenom,0.7999999999999999,True,False,False,True
1055,openphenom,-0.39999999999999997,False,True,False,True
1056,openphenom,0.39999999999999997,True,True,False,True
1057,openphenom,0.7999999999999999,False,False,False,False
1058,openphenom,1.0,True,False,False,True
1059,openphenom,0.39999999999999997,True,False,True,True
1060,openphenom,-0.7999999999999999,True,True,True,True
1061,openphenom,-0.39999999999999997,False,True,False,True
1062,openphenom,0.39999999999999997,False,True,False,True
1063,openphenom,1.0,True,False,False,True
1064,openphenom,0.19999999999999998,False,True,False,True
1065,openphenom,0.0,False,False,True,True
1066,openphenom,-0.19999999999999998,False,True,False,True
1067,openphenom,0.19999999999999998,True,False,True,True
1068,openphenom,-0.7999999999999999,True,True,True,True
1069,openphenom,-0.19999999999999998,True,False,True,True
1070,openphenom,-0.7999999999999999,False,True,False,True
1071,openphenom,0.0,True,True,False,True
1072,openphenom,0.7999999999999999,True,False,False,True
1073,openphenom,-0.19999999999999998,False,True,False,True
1074,openphenom,0.7999999999999999,False,False,False,False
1075,openphenom,1.0,True,False,False,True
1076,openphenom,0.7999999999999999,True,False,True,True
1077,openphenom,0.39999999999999997,False,True,False,True
1078,openphenom,0.39999999999999997,True,True,False,True
1079,openphenom,0.0,True,True,False,True
1080,openphenom,-1.0,False,True,True,True
1081,openphenom,-0.19999999999999998,True,False,True,True
1082,openphenom,-0.19999999999999998,True,False,True,True
1083,openphenom,0.19999999999999998,False,True,False,True
1084,openphenom,-0.6000000000000001,True,True,False,True
1085,openphenom,-1.0,False,True,True,True
1086,openphenom,0.39999999999999997,True,False,True,True
1087,openphenom,-0.6000000000000001,True,True,False,True
1088,openphenom,-0.6000000000000001,True,True,False,True
1089,openphenom,0.6000000000000001,False,False,True,True
1090,openphenom,-0.39999999999999997,False,False,True,True
1091,openphenom,0.7999999999999999,True,False,False,True
1092,openphenom,0.7999999999999999,False,False,False,False
1093,openphenom,0.39999999999999997,False,True,False,True
1094,openphenom,0.39999999999999997,True,True,False,True
1095,openphenom,0.7999999999999999,True,False,False,True
1096,openphenom,-1.0,False,True,True,True
1097,openphenom,0.6000000000000001,False,False,True,True
1098,openphenom,0.7999999999999999,True,False,False,True
1099,openphenom,0.7999999999999999,False,False,False,False
1100,openphenom,0.39999999999999997,False,True,False,True
1101,openphenom,0.7999999999999999,True,False,True,True
1102,openphenom,0.7999999999999999,True,False,True,True
1103,openphenom,1.0,True,False,False,True
1104,openphenom,0.0,False,False,True,True
1105,openphenom,0.7999999999999999,False,False,False,False
1106,openphenom,0.7999999999999999,True,False,True,True
1107,openphenom,-0.6000000000000001,True,True,False,True
1108,openphenom,0.39999999999999997,False,True,False,True
1109,openphenom,0.0,False,False,True,True
1110,openphenom,-0.7999999999999999,False,True,False,True
1111,openphenom,0.7999999999999999,False,False,False,False
1112,openphenom,0.39999999999999997,False,True,False,True
1113,openphenom,-0.19999999999999998,True,False,True,True
1114,openphenom,0.39999999999999997,True,False,True,True
1115,openphenom,0.39999999999999997,True,False,False,True
1116,openphenom,0.39999999999999997,True,True,False,True
1117,openphenom,-0.39999999999999997,False,True,False,True
1118,openphenom,0.0,False,False,True,True
1119,openphenom,-1.0,False,True,True,True
1120,openphenom,-0.7999999999999999,False,True,True,True
1121,openphenom,-0.7999999999999999,False,True,False,True
1122,openphenom,0.39999999999999997,False,True,False,True
1123,openphenom,-0.7999999999999999,False,True,False,True
1124,openphenom,0.6000000000000001,False,False,True,True
1125,openphenom,0.39999999999999997,True,False,True,True
1126,openphenom,-0.19999999999999998,True,False,True,True
1127,openphenom,-0.19999999999999998,False,True,False,True
1128,openphenom,-0.6000000000000001,True,True,False,True
1129,openphenom,-0.39999999999999997,False,True,True,True
1130,openphenom,1.0,True,False,False,True
1131,openphenom,0.7999999999999999,False,False,False,False
1132,openphenom,0.39999999999999997,True,True,False,True
1133,openphenom,0.0,True,True,False,True
1134,openphenom,0.7999999999999999,False,False,False,False
1135,openphenom,0.7999999999999999,False,False,False,False
1136,openphenom,0.39999999999999997,False,True,False,True
1137,openphenom,-0.19999999999999998,True,False,True,True
1138,openphenom,-0.7999999999999999,True,True,True,True
1139,openphenom,0.39999999999999997,True,False,False,True
1140,openphenom,1.0,True,False,False,True
1141,openphenom,0.7999999999999999,False,False,False,False
1142,openphenom,0.7999999999999999,True,False,False,True
1143,openphenom,0.19999999999999998,True,False,True,True
1144,openphenom,0.19999999999999998,True,False,True,True
1145,openphenom,-0.7999999999999999,True,True,True,True
1146,openphenom,0.39999999999999997,False,True,False,True
1147,openphenom,0.7999999999999999,True,False,True,True
1148,openphenom,-0.19999999999999998,True,False,True,True
1149,openphenom,-0.39999999999999997,False,True,True,True
1150,openphenom,0.19999999999999998,False,True,False,True
1151,openphenom,-0.7999999999999999,False,True,False,True
1152,openphenom,-0.39999999999999997,False,True,True,True
1153,openphenom,0.39999999999999997,False,True,False,True
1154,openphenom,1.0,True,False,False,True
1155,openphenom,-0.7999999999999999,False,True,True,True
1156,openphenom,-0.7999999999999999,False,True,True,True
1157,openphenom,0.7999999999999999,True,False,True,True
1158,openphenom,0.19999999999999998,False,True,False,True
1159,openphenom,0.39999999999999997,True,True,False,True
1160,openphenom,-1.0,False,True,True,True
1161,openphenom,0.7999999999999999,True,False,False,True
1162,openphenom,0.6000000000000001,False,False,True,True
1163,openphenom,0.39999999999999997,True,True,False,True
1164,openphenom,0.39999999999999997,True,False,False,True
1165,openphenom,-0.39999999999999997,False,False,True,True
1166,openphenom,0.39999999999999997,True,False,True,True
1167,openphenom,-0.19999999999999998,True,False,True,True
1168,openphenom,1.0,True,False,False,True
1169,openphenom,0.0,False,False,True,True
1170,openphenom,-0.19999999999999998,False,True,False,True
1171,openphenom,-0.39999999999999997,True,False,True,True
1172,openphenom,0.19999999999999998,False,True,False,True
1173,openphenom,-0.39999999999999997,False,True,True,True
1174,openphenom,0.39999999999999997,True,True,False,True
1175,openphenom,0.7999999999999999,False,False,False,False
1176,openphenom,0.19999999999999998,False,True,False,True
1177,openphenom,-0.19999999999999998,True,False,True,True
1178,openphenom,1.0,True,False,False,True
1179,openphenom,0.0,True,True,False,True
1180,openphenom,0.7999999999999999,False,False,False,False
1181,openphenom,-0.19999999999999998,True,False,True,True
1182,openphenom,0.7999999999999999,False,False,False,False
1183,openphenom,0.0,True,True,False,True
1184,openphenom,0.6000000000000001,False,False,True,True
1185,openphenom,0.39999999999999997,True,False,False,True
1186,openphenom,0.39999999999999997,False,True,False,True
1187,openphenom,0.7999999999999999,False,False,False,False
1188,openphenom,-0.6000000000000001,True,True,False,True
1189,openphenom,1.0,True,False,False,True
1190,openphenom,0.39999999999999997,True,False,True,True
1191,openphenom,-0.19999999999999998,True,False,True,True
1192,openphenom,-0.7999999999999999,False,True,True,True
1193,openphenom,0.0,True,True,False,True
1194,openphenom,-1.0,False,True,True,True
1195,openphenom,0.39999999999999997,True,False,False,True
1196,openphenom,0.6000000000000001,False,False,True,True
1197,openphenom,-0.39999999999999997,False,False,True,True
1198,openphenom,-0.6000000000000001,True,True,False,True
1199,openphenom,0.19999999999999998,False,True,False,True
1200,openphenom,0.39999999999999997,True,True,False,True
1201,openphenom,0.0,False,False,True,True
1202,openphenom,0.39999999999999997,True,False,True,True
1203,openphenom,0.7999999999999999,True,False,False,True
1204,openphenom,-0.7999999999999999,False,True,True,True
1205,openphenom,1.0,True,False,False,True
1206,openphenom,0.0,False,False,True,True
1207,openphenom,0.39999999999999997,False,True,False,True
1208,openphenom,1.0,True,False,False,True
1209,openphenom,1.0,True,False,False,True
1210,openphenom,0.7999999999999999,True,False,True,True
1211,openphenom,1.0,True,False,False,True
1212,openphenom,0.7999999999999999,True,False,False,True
1213,openphenom,0.19999999999999998,False,True,False,True
1214,openphenom,0.7999999999999999,True,False,False,True
1215,openphenom,0.39999999999999997,False,True,False,True
1216,openphenom,-0.7999999999999999,True,True,True,True
1217,openphenom,-0.7999999999999999,True,True,True,True
1218,openphenom,-0.7999999999999999,False,True,True,True
1219,openphenom,0.7999999999999999,False,False,False,False
1220,openphenom,-0.6000000000000001,True,True,False,True
1221,openphenom,0.39999999999999997,True,True,False,True
1222,openphenom,0.39999999999999997,True,False,False,True
1223,openphenom,0.6000000000000001,False,False,True,True
1224,openphenom,0.39999999999999997,True,False,False,True
1225,openphenom,0.7999999999999999,True,False,True,True
1226,openphenom,0.7999999999999999,True,False,False,True
1227,openphenom,0.0,True,True,False,True
1228,openphenom,0.7999999999999999,True,False,False,True
1229,openphenom,-0.7999999999999999,False,True,False,True
1230,openphenom,0.7999999999999999,True,False,True,True
1231,openphenom,0.7999999999999999,True,False,True,True
1232,openphenom,0.7999999999999999,False,False,False,False
1233,openphenom,-0.39999999999999997,False,True,False,True
1234,openphenom,0.7999999999999999,True,False,False,True
1235,openphenom,0.7999999999999999,False,False,False,False
1236,openphenom,0.39999999999999997,True,True,False,True
1237,openphenom,-0.39999999999999997,True,False,True,True
1238,openphenom,0.7999999999999999,False,False,False,False
1239,openphenom,0.7999999999999999,True,False,True,True
1240,openphenom,0.7999999999999999,True,False,False,True
1241,openphenom,0.6000000000000001,False,False,True,True
1242,openphenom,0.19999999999999998,True,False,True,True
1243,openphenom,0.7999999999999999,True,False,True,True
1244,openphenom,-0.39999999999999997,False,True,False,True
1245,openphenom,0.39999999999999997,True,True,False,True
1246,openphenom,0.7999999999999999,True,False,False,True
1247,openphenom,0.7999999999999999,False,False,False,False
1248,openphenom,0.39999999999999997,True,False,False,True
1249,openphenom,-0.39999999999999997,True,False,True,True
1250,openphenom,0.7999999999999999,True,False,True,True
1251,openphenom,0.39999999999999997,True,True,False,True
1252,openphenom,0.7999999999999999,True,False,True,True
1253,openphenom,-0.19999999999999998,True,False,True,True
1254,openphenom,-0.19999999999999998,True,False,True,True
1255,openphenom,-0.7999999999999999,False,True,False,True
1256,openphenom,-0.7999999999999999,True,True,True,True
1257,openphenom,-0.39999999999999997,False,True,True,True
1258,openphenom,-0.39999999999999997,True,False,True,True
1259,openphenom,-1.0,False,True,True,True
1260,openphenom,-0.7999999999999999,False,True,False,True
1261,openphenom,0.6000000000000001,False,False,True,True
1262,openphenom,-1.0,False,True,True,True
1263,openphenom,1.0,True,False,False,True
1264,openphenom,0.0,True,True,False,True
1265,openphenom,0.0,False,False,True,True
1266,openphenom,-1.0,False,True,True,True
1267,openphenom,-0.6000000000000001,True,True,False,True
1268,openphenom,-0.39999999999999997,False,False,True,True
1269,openphenom,-0.7999999999999999,True,True,True,True
1270,openphenom,-0.39999999999999997,False,True,True,True
1271,openphenom,0.0,False,False,True,True
1272,openphenom,0.7999999999999999,True,False,True,True
1273,openphenom,-0.7999999999999999,False,True,False,True
1274,openphenom,-0.39999999999999997,True,False,True,True
1275,openphenom,0.39999999999999997,False,True,False,True
1276,openphenom,1.0,True,False,False,True
1277,openphenom,-0.6000000000000001,True,True,False,True
1278,openphenom,0.19999999999999998,False,True,False,True
1279,openphenom,0.19999999999999998,False,True,False,True
1280,openphenom,-0.7999999999999999,True,True,True,True
1281,openphenom,0.39999999999999997,True,True,False,True
1282,openphenom,0.0,True,True,False,True
1283,openphenom,-0.19999999999999998,True,False,True,True
1284,openphenom,1.0,True,False,False,True
1285,openphenom,-0.19999999999999998,False,True,False,True
1286,openphenom,1.0,True,False,False,True
1287,openphenom,-0.39999999999999997,False,True,True,True
1288,openphenom,1.0,True,False,False,True
1289,openphenom,0.39999999999999997,True,False,False,True
1290,openphenom,0.7999999999999999,True,False,True,True
1291,openphenom,-0.39999999999999997,False,False,True,True
1292,openphenom,-0.7999999999999999,False,True,True,True
1293,openphenom,0.19999999999999998,False,True,False,True
1294,openphenom,0.0,False,False,True,True
1295,openphenom,-0.7999999999999999,True,True,True,True
1296,openphenom,-0.39999999999999997,False,True,False,True
1297,openphenom,-1.0,False,True,True,True
1298,openphenom,0.39999999999999997,False,True,False,True
1299,openphenom,-1.0,False,True,True,True
1300,openphenom,-0.7999999999999999,False,True,False,True
1301,openphenom,0.7999999999999999,False,False,False,False
1302,openphenom,0.39999999999999997,True,True,False,True
1303,openphenom,0.6000000000000001,False,False,True,True
1304,openphenom,0.39999999999999997,True,False,False,True
1305,openphenom,0.7999999999999999,True,False,True,True
1306,openphenom,0.39999999999999997,True,True,False,True
1307,openphenom,-0.39999999999999997,False,False,True,True
1308,openphenom,0.19999999999999998,False,True,False,True
1309,openphenom,0.7999999999999999,False,False,False,False
1310,openphenom,0.19999999999999998,True,False,True,True
1311,openphenom,0.7999999999999999,True,False,False,True
1312,openphenom,0.39999999999999997,True,False,True,True
1313,openphenom,-0.39999999999999997,True,False,True,True
1314,openphenom,1.0,True,False,False,True
1315,openphenom,0.0,False,False,True,True
1316,openphenom,-0.19999999999999998,False,True,False,True
1317,openphenom,-0.19999999999999998,True,False,True,True
1318,openphenom,0.39999999999999997,True,True,False,True
1319,openphenom,0.19999999999999998,False,True,False,True
1320,openphenom,-1.0,False,True,True,True
1321,openphenom,0.39999999999999997,True,True,False,True
1322,openphenom,0.39999999999999997,True,False,False,True
1323,openphenom,-0.19999999999999998,False,True,False,True
1324,openphenom,0.39999999999999997,True,False,True,True
1325,openphenom,-0.7999999999999999,False,True,False,True
1326,openphenom,-0.7999999999999999,True,True,True,True
1327,openphenom,0.19999999999999998,False,True,False,True
1328,openphenom,0.0,False,False,True,True
1329,openphenom,1.0,True,False,False,True
1330,openphenom,-0.7999999999999999,False,True,False,True
1331,openphenom,-0.7999999999999999,False,True,False,True
1332,openphenom,0.0,True,True,False,True
1333,openphenom,0.39999999999999997,True,True,False,True
1334,openphenom,0.7999999999999999,False,False,False,False
1335,openphenom,0.0,True,True,False,True
1336,openphenom,-0.39999999999999997,True,False,True,True
1337,openphenom,-0.39999999999999997,False,False,True,True
1338,openphenom,-0.39999999999999997,False,True,True,True
1339,openphenom,-0.39999999999999997,False,True,True,True
1340,openphenom,-0.39999999999999997,True,False,True,True
1341,openphenom,0.7999999999999999,True,False,True,True
1342,openphenom,0.7999999999999999,False,False,False,False
1343,openphenom,0.7999999999999999,False,False,False,False
1344,openphenom,0.39999999999999997,True,False,False,True
1345,openphenom,0.39999999999999997,True,False,False,True
1346,openphenom,0.39999999999999997,True,True,False,True
1347,openphenom,0.19999999999999998,False,True,False,True
1348,openphenom,0.19999999999999998,False,True,False,True
1349,openphenom,0.39999999999999997,False,True,False,True
1350,openphenom,0.0,False,False,True,True
1351,openphenom,0.39999999999999997,True,False,True,True
1352,openphenom,0.19999999999999998,False,True,False,True
1353,openphenom,0.19999999999999998,False,True,False,True
1354,openphenom,0.39999999999999997,True,False,False,True
1355,openphenom,0.19999999999999998,False,True,False,True
1356,openphenom,1.0,True,False,False,True
1357,openphenom,0.0,False,False,True,True
1358,openphenom,0.6000000000000001,False,False,True,True
1359,openphenom,1.0,True,False,False,True
1360,openphenom,0.0,False,False,True,True
1361,openphenom,-0.7999999999999999,False,True,True,True
1362,openphenom,1.0,True,False,False,True
1363,openphenom,0.6000000000000001,False,False,True,True
1364,openphenom,-0.39999999999999997,False,True,True,True
1365,openphenom,-0.39999999999999997,False,True,False,True
1366,openphenom,-0.7999999999999999,True,True,True,True
1367,openphenom,0.7999999999999999,False,False,False,False
1368,openphenom,0.7999999999999999,True,False,True,True
1369,openphenom,0.6000000000000001,False,False,True,True
1370,openphenom,1.0,True,False,False,True
1371,openphenom,0.39999999999999997,True,False,False,True
1372,openphenom,-0.39999999999999997,False,True,False,True
1373,openphenom,0.39999999999999997,False,True,False,True
1374,openphenom,0.7999999999999999,False,False,False,False
1375,openphenom,0.39999999999999997,True,False,True,True
1376,openphenom,-0.39999999999999997,False,False,True,True
1377,openphenom,-0.19999999999999998,True,False,True,True
1378,openphenom,-0.19999999999999998,False,True,False,True
1379,openphenom,0.39999999999999997,True,False,True,True
1380,openphenom,0.19999999999999998,True,False,True,True
1381,openphenom,-1.0,False,True,True,True
1382,openphenom,0.19999999999999998,True,False,True,True
1383,openphenom,0.39999999999999997,True,False,False,True
1384,openphenom,0.19999999999999998,False,True,False,True
1385,openphenom,0.39999999999999997,True,True,False,True
1386,openphenom,1.0,True,False,False,True
1387,openphenom,0.39999999999999997,False,True,False,True
1388,openphenom,1.0,True,False,False,True
1389,openphenom,0.19999999999999998,False,True,False,True
1390,openphenom,-0.39999999999999997,True,False,True,True
1391,openphenom,0.0,False,False,True,True
1392,openphenom,0.7999999999999999,False,False,False,False
1393,openphenom,0.7999999999999999,True,False,False,True
1394,openphenom,-0.7999999999999999,False,True,True,True
1395,openphenom,1.0,True,False,False,True
1396,openphenom,-0.39999999999999997,False,True,True,True
1397,openphenom,0.39999999999999997,False,True,False,True
1398,openphenom,-0.7999999999999999,False,True,False,True
1399,openphenom,-0.19999999999999998,False,True,False,True
1400,openphenom,0.7999999999999999,False,False,False,False
1401,openphenom,1.0,True,False,False,True
1402,openphenom,0.7999999999999999,True,False,True,True
1403,openphenom,-0.19999999999999998,False,True,False,True
1404,openphenom,0.39999999999999997,True,True,False,True
1405,openphenom,0.7999999999999999,False,False,False,False
1406,openphenom,-1.0,False,True,True,True
1407,openphenom,0.0,False,False,True,True
1408,openphenom,-0.39999999999999997,False,True,False,True
1409,openphenom,0.39999999999999997,True,False,True,True
1410,openphenom,0.39999999999999997,True,True,False,True
1411,openphenom,-0.39999999999999997,False,True,False,True
1412,openphenom,-0.39999999999999997,False,True,True,True
1413,openphenom,-0.39999999999999997,False,True,True,True
1414,openphenom,0.39999999999999997,True,False,False,True
1415,openphenom,0.39999999999999997,True,False,True,True
1416,openphenom,0.6000000000000001,False,False,True,True
1417,openphenom,0.7999999999999999,True,False,False,True
1418,openphenom,0.7999999999999999,False,False,False,False
1419,openphenom,0.7999999999999999,True,False,True,True
1420,openphenom,-0.39999999999999997,False,True,True,True
1421,openphenom,0.39999999999999997,True,False,False,True
1422,openphenom,0.19999999999999998,False,True,False,True
1423,openphenom,-0.7999999999999999,False,True,False,True
1424,openphenom,0.0,False,False,True,True
1425,openphenom,0.19999999999999998,True,False,True,True
1426,openphenom,0.6000000000000001,False,False,True,True
1427,openphenom,0.39999999999999997,False,True,False,True
1428,openphenom,-0.7999999999999999,False,True,True,True
1429,openphenom,0.19999999999999998,True,False,True,True
1430,openphenom,0.39999999999999997,True,False,True,True
1431,openphenom,-0.19999999999999998,False,True,False,True
1432,openphenom,0.39999999999999997,False,True,False,True
1433,openphenom,-0.7999999999999999,False,True,False,True
1434,openphenom,0.19999999999999998,False,True,False,True
1435,openphenom,0.7999999999999999,False,False,False,False
1436,openphenom,0.39999999999999997,True,True,False,True
1437,openphenom,0.7999999999999999,True,False,False,True
1438,openphenom,0.6000000000000001,False,False,True,True
1439,openphenom,0.0,False,False,True,True
1440,openphenom,-0.39999999999999997,True,False,True,True
1441,openphenom,1.0,True,False,False,True
1442,openphenom,0.7999999999999999,False,False,False,False
1443,openphenom,0.7999999999999999,True,False,True,True
1444,openphenom,-0.39999999999999997,False,False,True,True
1445,openphenom,-1.0,False,True,True,True
1446,openphenom,0.0,False,False,True,True
1447,openphenom,-0.19999999999999998,False,True,False,True
1448,openphenom,0.39999999999999997,False,True,False,True
1449,openphenom,0.0,False,False,True,True
1450,openphenom,0.19999999999999998,False,True,False,True
1451,openphenom,-0.7999999999999999,True,True,True,True
1452,openphenom,-0.7999999999999999,True,True,True,True
1453,openphenom,0.19999999999999998,True,False,True,True
1454,openphenom,0.39999999999999997,True,True,False,True
1455,openphenom,0.7999999999999999,True,False,False,True
1456,openphenom,-0.19999999999999998,False,True,False,True
1457,openphenom,0.39999999999999997,True,False,True,True
1458,openphenom,0.7999999999999999,False,False,False,False
1459,openphenom,-0.39999999999999997,False,True,False,True
1460,openphenom,0.39999999999999997,True,False,True,True
1461,openphenom,0.7999999999999999,True,False,False,True
1462,openphenom,0.7999999999999999,True,False,True,True
1463,openphenom,0.6000000000000001,False,False,True,True
1464,openphenom,0.7999999999999999,True,False,False,True
1465,openphenom,0.19999999999999998,False,True,False,True
1466,openphenom,0.7999999999999999,False,False,False,False
1467,openphenom,0.7999999999999999,True,False,True,True
1468,openphenom,0.6000000000000001,False,False,True,True
1469,openphenom,0.39999999999999997,True,True,False,True
1470,openphenom,-0.19999999999999998,False,True,False,True
1471,openphenom,-0.19999999999999998,False,True,False,True
1472,openphenom,0.7999999999999999,False,False,False,False
1473,openphenom,-0.39999999999999997,False,True,True,True
1474,openphenom,0.39999999999999997,True,True,False,True
1475,openphenom,0.0,False,False,True,True
1476,openphenom,-0.39999999999999997,False,True,True,True
1477,openphenom,0.19999999999999998,False,True,False,True
1478,openphenom,0.7999999999999999,True,False,True,True
1479,openphenom,0.19999999999999998,False,True,False,True
1480,openphenom,-0.19999999999999998,False,True,False,True
1481,openphenom,0.39999999999999997,False,True,False,True
1482,openphenom,1.0,True,False,False,True
1483,openphenom,-0.7999999999999999,False,True,False,True
1484,openphenom,0.39999999999999997,False,True,False,True
1485,openphenom,-0.19999999999999998,True,False,True,True
1486,openphenom,-0.39999999999999997,False,True,False,True
1487,openphenom,0.7999999999999999,True,False,False,True
1488,openphenom,-1.0,False,True,True,True
1489,openphenom,0.39999999999999997,True,True,False,True
1490,openphenom,-0.39999999999999997,False,False,True,True
1491,openphenom,1.0,True,False,False,True
1492,openphenom,0.39999999999999997,True,True,False,True
1493,openphenom,-0.7999999999999999,True,True,True,True
1494,openphenom,-0.39999999999999997,False,True,False,True
1495,openphenom,-0.39999999999999997,False,False,True,True
1496,openphenom,-0.6000000000000001,True,True,False,True
1497,openphenom,0.0,True,True,False,True
1498,openphenom,-0.39999999999999997,False,False,True,True
1499,openphenom,0.7999999999999999,True,False,False,True
1500,openphenom,0.7999999999999999,True,False,False,True
1501,openphenom,0.7999999999999999,True,False,True,True
1502,openphenom,0.19999999999999998,False,True,False,True
1503,openphenom,0.7999999999999999,False,False,False,False
1504,openphenom,1.0,True,False,False,True
1505,openphenom,0.7999999999999999,True,False,False,True
1506,openphenom,1.0,True,False,False,True
1507,openphenom,-0.39999999999999997,True,False,True,True
1508,openphenom,-0.19999999999999998,True,False,True,True
1509,openphenom,0.6000000000000001,False,False,True,True
1510,openphenom,0.19999999999999998,False,True,False,True
1511,openphenom,0.0,True,True,False,True
1512,openphenom,0.39999999999999997,True,True,False,True
1513,openphenom,0.7999999999999999,False,False,False,False
1514,openphenom,0.39999999999999997,True,False,True,True
1515,openphenom,0.39999999999999997,True,False,False,True
1516,openphenom,-0.39999999999999997,False,False,True,True
1517,openphenom,0.6000000000000001,False,False,True,True
1518,openphenom,-1.0,False,True,True,True
1519,openphenom,-0.39999999999999997,False,False,True,True
1520,openphenom,0.19999999999999998,False,True,False,True
1521,openphenom,0.0,True,True,False,True
1522,openphenom,0.19999999999999998,False,True,False,True
1523,openphenom,0.7999999999999999,True,False,False,True
1524,openphenom,0.19999999999999998,True,False,True,True
1525,openphenom,-0.39999999999999997,False,True,True,True
1526,openphenom,-0.19999999999999998,False,True,False,True
1527,openphenom,0.7999999999999999,True,False,False,True
1528,openphenom,0.19999999999999998,False,True,False,True
1529,openphenom,0.0,True,True,False,True
1530,openphenom,-0.7999999999999999,True,True,True,True
1531,openphenom,0.0,False,False,True,True
1532,openphenom,0.7999999999999999,False,False,False,False
1533,openphenom,0.39999999999999997,True,False,True,True
1534,openphenom,0.19999999999999998,False,True,False,True
1535,openphenom,0.39999999999999997,True,False,False,True
1536,openphenom,0.6000000000000001,False,False,True,True
1537,openphenom,0.0,True,True,False,True
1538,openphenom,0.7999999999999999,True,False,True,True
1539,openphenom,0.39999999999999997,True,True,False,True
1540,openphenom,0.0,True,True,False,True
1541,openphenom,0.0,False,False,True,True
1542,openphenom,-0.6000000000000001,True,True,False,True
1543,openphenom,-0.39999999999999997,False,False,True,True
1544,openphenom,0.19999999999999998,True,False,True,True
1545,openphenom,0.6000000000000001,False,False,True,True
1546,openphenom,1.0,True,False,False,True
1547,openphenom,0.7999999999999999,True,False,True,True
1548,openphenom,0.39999999999999997,False,True,False,True
1549,openphenom,0.7999999999999999,True,False,True,True
1550,openphenom,-0.19999999999999998,True,False,True,True
1551,openphenom,0.0,True,True,False,True
1552,openphenom,0.6000000000000001,False,False,True,True
1553,openphenom,0.7999999999999999,True,False,True,True
1554,openphenom,0.19999999999999998,True,False,True,True
1555,openphenom,-0.39999999999999997,False,False,True,True
1556,openphenom,0.39999999999999997,True,False,False,True
1557,openphenom,0.6000000000000001,False,False,True,True
1558,openphenom,-0.7999999999999999,False,True,True,True
1559,openphenom,0.39999999999999997,True,False,False,True
1560,openphenom,0.39999999999999997,True,False,False,True
1561,openphenom,-0.19999999999999998,False,True,False,True
1562,openphenom,1.0,True,False,False,True
1563,openphenom,0.0,False,False,True,True
1564,openphenom,0.39999999999999997,False,True,False,True
1565,openphenom,0.39999999999999997,True,True,False,True
1566,openphenom,-0.6000000000000001,True,True,False,True
1567,openphenom,0.19999999999999998,False,True,False,True
1568,openphenom,1.0,True,False,False,True
1569,openphenom,0.0,False,False,True,True
1570,openphenom,-0.19999999999999998,True,False,True,True
1571,openphenom,0.6000000000000001,False,False,True,True
1572,openphenom,0.39999999999999997,False,True,False,True
1573,openphenom,1.0,True,False,False,True
1574,openphenom,0.7999999999999999,False,False,False,False
1575,openphenom,0.39999999999999997,False,True,False,True
1576,openphenom,0.7999999999999999,False,False,False,False
1577,openphenom,0.19999999999999998,True,False,True,True
1578,openphenom,0.0,False,False,True,True
1579,openphenom,1.0,True,False,False,True
1580,openphenom,-0.39999999999999997,False,False,True,True
1581,openphenom,-1.0,False,True,True,True
1582,openphenom,-0.39999999999999997,False,False,True,True
1583,openphenom,1.0,True,False,False,True
1584,openphenom,0.6000000000000001,False,False,True,True
1585,openphenom,0.0,True,True,False,True
1586,openphenom,-0.7999999999999999,False,True,False,True
1587,openphenom,-0.7999999999999999,False,True,False,True
1588,openphenom,0.7999999999999999,False,False,False,False
1589,openphenom,0.19999999999999998,False,True,False,True
1590,openphenom,0.39999999999999997,True,True,False,True
1591,openphenom,-0.6000000000000001,True,True,False,True
1592,openphenom,0.7999999999999999,False,False,False,False
1593,openphenom,0.19999999999999998,True,False,True,True
1594,openphenom,0.19999999999999998,True,False,True,True
1595,openphenom,0.7999999999999999,True,False,True,True
1596,openphenom,0.6000000000000001,False,False,True,True
1597,openphenom,-0.19999999999999998,True,False,True,True
1598,openphenom,0.39999999999999997,True,False,True,True
1599,openphenom,-0.7999999999999999,True,True,True,True
1600,openphenom,-0.39999999999999997,True,False,True,True
1601,openphenom,-0.39999999999999997,False,True,True,True
1602,openphenom,0.7999999999999999,True,False,True,True
1603,openphenom,0.7999999999999999,False,False,False,False
1604,openphenom,1.0,True,False,False,True
1605,openphenom,0.7999999999999999,True,False,False,True
1606,openphenom,-0.39999999999999997,False,False,True,True
1607,openphenom,-0.39999999999999997,False,True,True,True
1608,openphenom,1.0,True,False,False,True
1609,openphenom,-0.39999999999999997,False,False,True,True
1610,openphenom,-0.39999999999999997,True,False,True,True
1611,openphenom,0.6000000000000001,False,False,True,True
1612,openphenom,-0.7999999999999999,False,True,False,True
1613,openphenom,-0.19999999999999998,False,True,False,True
1614,openphenom,-0.19999999999999998,True,False,True,True
1615,openphenom,0.39999999999999997,True,True,False,True
1616,openphenom,-0.39999999999999997,False,True,True,True
1617,openphenom,0.0,False,False,True,True
1618,openphenom,0.7999999999999999,True,False,False,True
1619,openphenom,0.19999999999999998,True,False,True,True
1620,openphenom,0.6000000000000001,False,False,True,True
1621,openphenom,0.0,False,False,True,True
1622,openphenom,1.0,True,False,False,True
1623,openphenom,-0.7999999999999999,True,True,True,True
1624,openphenom,0.39999999999999997,True,False,False,True
1625,openphenom,0.6000000000000001,False,False,True,True
1626,openphenom,-0.19999999999999998,True,False,True,True
1627,openphenom,-0.19999999999999998,False,True,False,True
1628,openphenom,-0.19999999999999998,False,True,False,True
1629,openphenom,0.7999999999999999,True,False,False,True
1630,openphenom,0.39999999999999997,False,True,False,True
1631,openphenom,0.0,False,False,True,True
1632,openphenom,0.39999999999999997,True,True,False,True
1633,openphenom,-0.19999999999999998,True,False,True,True
1634,openphenom,0.0,False,False,True,True
1635,openphenom,-0.19999999999999998,False,True,False,True
1636,openphenom,-0.7999999999999999,True,True,True,True
1637,openphenom,0.6000000000000001,False,False,True,True
1638,openphenom,0.7999999999999999,True,False,False,True
1639,openphenom,0.39999999999999997,False,True,False,True
1640,openphenom,-0.19999999999999998,True,False,True,True
1641,openphenom,0.19999999999999998,False,True,False,True
1642,openphenom,-0.7999999999999999,False,True,False,True
1643,openphenom,0.19999999999999998,True,False,True,True
1644,openphenom,-0.39999999999999997,False,True,False,True
1645,openphenom,0.0,True,True,False,True
1646,openphenom,-0.7999999999999999,True,True,True,True
1647,openphenom,0.19999999999999998,True,False,True,True
1648,openphenom,0.39999999999999997,True,False,False,True
1649,openphenom,0.39999999999999997,False,True,False,True
1650,openphenom,0.19999999999999998,False,True,False,True
1651,openphenom,-0.39999999999999997,False,True,False,True
1652,openphenom,-0.39999999999999997,False,True,True,True
1653,openphenom,0.0,False,False,True,True
1654,openphenom,0.19999999999999998,True,False,True,True
1655,openphenom,0.39999999999999997,False,True,False,True
1656,openphenom,0.7999999999999999,True,False,False,True
1657,openphenom,-0.19999999999999998,True,False,True,True
1658,openphenom,-0.19999999999999998,False,True,False,True
1659,openphenom,-0.7999999999999999,True,True,True,True
1660,openphenom,-0.39999999999999997,False,True,True,True
1661,openphenom,-1.0,False,True,True,True
1662,openphenom,0.39999999999999997,True,False,True,True
1663,openphenom,1.0,True,False,False,True
1664,openphenom,-0.39999999999999997,False,False,True,True
1665,openphenom,0.19999999999999998,True,False,True,True
1666,openphenom,0.0,True,True,False,True
1667,openphenom,0.7999999999999999,True,False,True,True
1668,openphenom,0.39999999999999997,True,False,True,True
1669,openphenom,0.7999999999999999,True,False,True,True
1670,openphenom,0.19999999999999998,True,False,True,True
1671,openphenom,-0.7999999999999999,False,True,False,True
1672,openphenom,0.19999999999999998,False,True,False,True
1673,openphenom,0.39999999999999997,True,False,False,True
1674,openphenom,0.39999999999999997,False,True,False,True
1675,openphenom,-1.0,False,True,True,True
1676,openphenom,-0.19999999999999998,True,False,True,True
1677,openphenom,0.7999999999999999,True,False,False,True
1678,openphenom,0.19999999999999998,False,True,False,True
1679,openphenom,0.19999999999999998,False,True,False,True
1680,openphenom,1.0,True,False,False,True
1681,openphenom,0.7999999999999999,False,False,False,False
1682,openphenom,0.39999999999999997,False,True,False,True
1683,openphenom,1.0,True,False,False,True
1684,openphenom,0.7999999999999999,False,False,False,False
1685,openphenom,-0.19999999999999998,False,True,False,True
1686,openphenom,-0.39999999999999997,False,True,False,True
1687,openphenom,0.7999999999999999,True,False,False,True
1688,openphenom,0.7999999999999999,True,False,True,True
1689,openphenom,0.39999999999999997,True,False,True,True
1690,openphenom,-0.39999999999999997,True,False,True,True
1691,openphenom,0.7999999999999999,True,False,True,True
1692,openphenom,-0.39999999999999997,True,False,True,True
1693,openphenom,0.7999999999999999,False,False,False,False
1694,openphenom,-0.7999999999999999,True,True,True,True
1695,openphenom,-0.7999999999999999,False,True,False,True
1696,openphenom,0.7999999999999999,True,False,False,True
1697,openphenom,-0.6000000000000001,True,True,False,True
1698,openphenom,-0.19999999999999998,True,False,True,True
1699,openphenom,0.0,True,True,False,True
1700,openphenom,-0.39999999999999997,False,False,True,True
1701,openphenom,0.7999999999999999,True,False,True,True
1702,openphenom,-0.19999999999999998,False,True,False,True
1703,openphenom,0.7999999999999999,False,False,False,False
1704,openphenom,0.19999999999999998,True,False,True,True
1705,openphenom,0.19999999999999998,True,False,True,True
1706,openphenom,-0.39999999999999997,False,False,True,True
1707,openphenom,-0.39999999999999997,False,False,True,True
1708,openphenom,0.39999999999999997,False,True,False,True
1709,openphenom,0.7999999999999999,False,False,False,False
1710,openphenom,-0.39999999999999997,False,True,False,True
1711,openphenom,0.39999999999999997,True,True,False,True
1712,openphenom,-0.7999999999999999,False,True,True,True
1713,openphenom,0.0,False,False,True,True
1714,openphenom,0.6000000000000001,False,False,True,True
1715,openphenom,-0.19999999999999998,True,False,True,True
1716,openphenom,-0.7999999999999999,False,True,False,True
1717,openphenom,0.19999999999999998,True,False,True,True
1718,openphenom,0.39999999999999997,True,False,False,True
1719,openphenom,-0.39999999999999997,False,True,True,True
1720,openphenom,1.0,True,False,False,True
1721,openphenom,0.7999999999999999,True,False,False,True
1722,openphenom,0.19999999999999998,False,True,False,True
1723,openphenom,0.39999999999999997,False,True,False,True
1724,openphenom,-0.6000000000000001,True,True,False,True
1725,openphenom,1.0,True,False,False,True
1726,openphenom,-0.6000000000000001,True,True,False,True
1727,openphenom,-0.39999999999999997,False,True,True,True
1728,openphenom,0.39999999999999997,True,False,True,True
1729,openphenom,0.0,False,False,True,True
1730,openphenom,-0.39999999999999997,True,False,True,True
1731,openphenom,0.39999999999999997,False,True,False,True
1732,openphenom,0.7999999999999999,False,False,False,False
1733,openphenom,-1.0,False,True,True,True
1734,openphenom,0.7999999999999999,False,False,False,False
1735,openphenom,-0.6000000000000001,True,True,False,True
1736,openphenom,0.39999999999999997,True,False,True,True
1737,openphenom,0.6000000000000001,False,False,True,True
1738,openphenom,-0.7999999999999999,True,True,True,True
1739,openphenom,0.19999999999999998,True,False,True,True
1740,openphenom,0.7999999999999999,True,False,False,True
1741,openphenom,-0.19999999999999998,True,False,True,True
1742,openphenom,0.6000000000000001,False,False,True,True
1743,openphenom,1.0,True,False,False,True
1744,openphenom,0.19999999999999998,False,True,False,True
1745,openphenom,0.7999999999999999,True,False,False,True
1746,openphenom,0.39999999999999997,False,True,False,True
1747,openphenom,-0.39999999999999997,False,True,False,True
1748,openphenom,1.0,True,False,False,True
1749,openphenom,-1.0,False,True,True,True
1750,openphenom,0.0,False,False,True,True
1751,openphenom,-0.19999999999999998,True,False,True,True
1752,openphenom,0.7999999999999999,True,False,True,True
1753,openphenom,-0.39999999999999997,False,True,True,True
1754,openphenom,0.19999999999999998,False,True,False,True
1755,openphenom,-0.39999999999999997,False,False,True,True
1756,openphenom,0.7999999999999999,True,False,True,True
1757,openphenom,0.39999999999999997,True,True,False,True
1758,openphenom,-0.7999999999999999,True,True,True,True
1759,openphenom,0.0,True,True,False,True
1760,openphenom,0.19999999999999998,True,False,True,True
1761,openphenom,-0.39999999999999997,False,True,False,True
1762,openphenom,-0.39999999999999997,False,True,True,True
1763,openphenom,0.19999999999999998,True,False,True,True
1764,openphenom,-0.39999999999999997,False,False,True,True
1765,openphenom,0.7999999999999999,False,False,False,False
1766,openphenom,0.6000000000000001,False,False,True,True
1767,openphenom,1.0,True,False,False,True
1768,openphenom,-0.7999999999999999,False,True,True,True
1769,openphenom,0.39999999999999997,True,True,False,True
1770,openphenom,0.7999999999999999,True,False,False,True
1771,openphenom,0.39999999999999997,False,True,False,True
1772,openphenom,0.39999999999999997,True,False,True,True
1773,openphenom,0.7999999999999999,True,False,True,True
1774,openphenom,-0.19999999999999998,False,True,False,True
1775,openphenom,-0.7999999999999999,False,True,True,True
1776,openphenom,0.0,True,True,False,True
1777,openphenom,-0.39999999999999997,False,True,True,True
1778,openphenom,-0.7999999999999999,False,True,True,True
1779,openphenom,-0.39999999999999997,False,True,False,True
1780,openphenom,-0.19999999999999998,False,True,False,True
1781,openphenom,-0.39999999999999997,False,False,True,True
1782,openphenom,-0.19999999999999998,False,True,False,True
1783,openphenom,0.7999999999999999,False,False,False,False
1784,openphenom,0.0,False,False,True,True
1785,openphenom,1.0,True,False,False,True
1786,openphenom,-0.39999999999999997,False,True,True,True
1787,openphenom,0.0,True,True,False,True
1788,openphenom,0.19999999999999998,True,False,True,True
1789,openphenom,-0.19999999999999998,True,False,True,True
1790,openphenom,0.39999999999999997,True,False,True,True
1791,openphenom,-0.39999999999999997,False,True,True,True
1792,openphenom,0.7999999999999999,True,False,True,True
1793,openphenom,0.39999999999999997,False,True,False,True
1794,openphenom,-0.19999999999999998,True,False,True,True
1795,openphenom,0.39999999999999997,True,False,False,True
1796,openphenom,0.7999999999999999,True,False,True,True
1797,openphenom,0.6000000000000001,False,False,True,True
1798,openphenom,0.6000000000000001,False,False,True,True
1799,openphenom,0.39999999999999997,True,True,False,True
1800,openphenom,-0.39999999999999997,False,True,False,True
1801,openphenom,-0.39999999999999997,True,False,True,True
1802,openphenom,0.7999999999999999,False,False,False,False
1803,openphenom,0.7999999999999999,True,False,True,True
1804,openphenom,-0.39999999999999997,False,True,False,True
1805,openphenom,-1.0,False,True,True,True
1806,openphenom,0.19999999999999998,False,True,False,True
1807,openphenom,0.39999999999999997,True,True,False,True
1808,openphenom,-0.39999999999999997,False,True,False,True
1809,openphenom,0.7999999999999999,True,False,False,True
1810,openphenom,0.39999999999999997,True,True,False,True
1811,openphenom,-0.7999999999999999,False,True,False,True
1812,openphenom,-0.6000000000000001,True,True,False,True
1813,openphenom,-0.39999999999999997,False,False,True,True
1814,openphenom,-0.7999999999999999,False,True,True,True
1815,openphenom,0.39999999999999997,False,True,False,True
1816,openphenom,-0.7999999999999999,True,True,True,True
1817,openphenom,0.19999999999999998,False,True,False,True
1818,openphenom,0.19999999999999998,False,True,False,True
1819,openphenom,0.39999999999999997,True,False,False,True
1820,openphenom,0.39999999999999997,True,False,False,True
1821,openphenom,-0.7999999999999999,False,True,True,True
1822,openphenom,0.19999999999999998,True,False,True,True
1823,openphenom,0.39999999999999997,False,True,False,True
1824,openphenom,-0.39999999999999997,False,False,True,True
1825,openphenom,0.6000000000000001,False,False,True,True
1826,openphenom,0.19999999999999998,False,True,False,True
1827,openphenom,0.19999999999999998,False,True,False,True
1828,openphenom,0.39999999999999997,True,False,False,True
1829,openphenom,0.7999999999999999,True,False,True,True
1830,openphenom,0.39999999999999997,True,True,False,True
1831,openphenom,0.19999999999999998,False,True,False,True
1832,openphenom,0.39999999999999997,True,False,True,True
1833,openphenom,-0.39999999999999997,False,True,True,True
1834,openphenom,-0.39999999999999997,False,True,True,True
1835,openphenom,0.7999999999999999,False,False,False,False
1836,openphenom,0.6000000000000001,False,False,True,True
1837,openphenom,-0.19999999999999998,False,True,False,True
1838,openphenom,0.6000000000000001,False,False,True,True
1839,openphenom,0.19999999999999998,False,True,False,True
1840,openphenom,0.39999999999999997,True,True,False,True
1841,openphenom,0.0,True,True,False,True
1842,openphenom,-0.39999999999999997,False,False,True,True
1843,openphenom,0.39999999999999997,False,True,False,True
1844,openphenom,-0.39999999999999997,False,True,True,True
1845,openphenom,0.19999999999999998,False,True,False,True
1846,openphenom,-0.39999999999999997,True,False,True,True
1847,openphenom,0.39999999999999997,False,True,False,True
1848,openphenom,0.7999999999999999,False,False,False,False
1849,openphenom,-0.6000000000000001,True,True,False,True
1850,openphenom,-0.39999999999999997,False,False,True,True
1851,openphenom,0.7999999999999999,False,False,False,False
1852,openphenom,-0.39999999999999997,False,True,False,True
1853,openphenom,0.39999999999999997,True,False,False,True
1854,openphenom,-0.7999999999999999,True,True,True,True
1855,openphenom,0.19999999999999998,False,True,False,True
1856,openphenom,0.7999999999999999,True,False,True,True
1857,openphenom,0.7999999999999999,True,False,True,True
1858,openphenom,-0.39999999999999997,False,True,False,True
1859,openphenom,0.7999999999999999,True,False,False,True
1860,openphenom,-0.6000000000000001,True,True,False,True
1861,openphenom,1.0,True,False,False,True
1862,openphenom,-0.19999999999999998,False,True,False,True
1863,openphenom,1.0,True,False,False,True
1864,openphenom,0.6000000000000001,False,False,True,True
1865,openphenom,0.39999999999999997,False,True,False,True
1866,openphenom,0.19999999999999998,False,True,False,True
1867,openphenom,-0.39999999999999997,True,False,True,True
1868,openphenom,0.7999999999999999,True,False,True,True
1869,openphenom,0.39999999999999997,True,False,True,True
1870,openphenom,0.7999999999999999,True,False,False,True
1871,openphenom,-0.6000000000000001,True,True,False,True
1872,openphenom,0.7999999999999999,False,False,False,False
1873,openphenom,-0.39999999999999997,False,True,False,True
1874,openphenom,0.7999999999999999,False,False,False,False
1875,openphenom,-1.0,False,True,True,True
1876,openphenom,-0.39999999999999997,True,False,True,True
1877,openphenom,0.6000000000000001,False,False,True,True
1878,openphenom,1.0,True,False,False,True
1879,openphenom,0.39999999999999997,True,False,False,True
1880,openphenom,0.39999999999999997,True,True,False,True
1881,openphenom,0.39999999999999997,True,False,True,True
1882,openphenom,0.0,False,False,True,True
1883,openphenom,0.7999999999999999,True,False,True,True
1884,openphenom,0.0,True,True,False,True
1885,openphenom,0.39999999999999997,True,False,True,True
1886,openphenom,1.0,True,False,False,True
1887,openphenom,0.19999999999999998,False,True,False,True
1888,openphenom,1.0,True,False,False,True
1889,openphenom,1.0,True,False,False,True
1890,openphenom,0.19999999999999998,False,True,False,True
1891,openphenom,0.19999999999999998,True,False,True,True
1892,openphenom,0.7999999999999999,False,False,False,False
1893,openphenom,-0.7999999999999999,False,True,False,True
1894,openphenom,0.19999999999999998,True,False,True,True
1895,openphenom,-0.39999999999999997,False,True,True,True
1896,openphenom,-0.19999999999999998,False,True,False,True
1897,openphenom,0.7999999999999999,True,False,False,True
1898,openphenom,-0.6000000000000001,True,True,False,True
1899,openphenom,-0.19999999999999998,False,True,False,True
1900,openphenom,0.19999999999999998,True,False,True,True
1901,openphenom,0.0,True,True,False,True
1902,openphenom,0.6000000000000001,False,False,True,True
1903,openphenom,0.6000000000000001,False,False,True,True
1904,openphenom,0.0,True,True,False,True
1905,openphenom,0.39999999999999997,True,True,False,True
1906,openphenom,-0.6000000000000001,True,True,False,True
1907,openphenom,0.6000000000000001,False,False,True,True
1908,openphenom,0.7999999999999999,True,False,False,True
1909,openphenom,-0.19999999999999998,False,True,False,True
1910,openphenom,-0.39999999999999997,True,False,True,True
1911,openphenom,0.39999999999999997,True,False,False,True
1912,openphenom,1.0,True,False,False,True
1913,openphenom,0.39999999999999997,False,True,False,True
1914,openphenom,0.39999999999999997,True,True,False,True
1915,openphenom,1.0,True,False,False,True
1916,openphenom,0.19999999999999998,False,True,False,True
1917,openphenom,-0.6000000000000001,True,True,False,True
1918,openphenom,0.7999999999999999,False,False,False,False
1919,openphenom,1.0,True,False,False,True
1920,openphenom,-0.39999999999999997,False,True,False,True
1921,openphenom,0.39999999999999997,False,True,False,True
1922,openphenom,-0.39999999999999997,True,False,True,True
1923,openphenom,-0.7999999999999999,False,True,False,True
1924,openphenom,-0.39999999999999997,False,False,True,True
1925,openphenom,0.0,False,False,True,True
1926,openphenom,0.7999999999999999,True,False,False,True
1927,openphenom,0.19999999999999998,True,False,True,True
1928,openphenom,-0.39999999999999997,False,True,True,True
1929,openphenom,0.39999999999999997,False,True,False,True
1930,openphenom,-0.7999999999999999,True,True,True,True
1931,openphenom,0.39999999999999997,True,True,False,True
1932,openphenom,0.39999999999999997,True,False,False,True
1933,openphenom,0.7999999999999999,False,False,False,False
1934,openphenom,0.19999999999999998,False,True,False,True
1935,openphenom,-0.39999999999999997,False,True,False,True
1936,openphenom,0.6000000000000001,False,False,True,True
1937,openphenom,0.39999999999999997,True,True,False,True
1938,openphenom,0.19999999999999998,True,False,True,True
1939,openphenom,-0.39999999999999997,False,False,True,True
1940,openphenom,0.19999999999999998,True,False,True,True
1941,openphenom,-0.7999999999999999,False,True,True,True
1942,openphenom,-0.6000000000000001,True,True,False,True
1943,openphenom,0.0,False,False,True,True
1944,openphenom,0.19999999999999998,False,True,False,True
1945,openphenom,-0.39999999999999997,True,False,True,True
1946,openphenom,1.0,True,False,False,True
1947,openphenom,0.39999999999999997,True,True,False,True
1948,openphenom,0.19999999999999998,False,True,False,True
1949,openphenom,0.39999999999999997,True,True,False,True
1950,openphenom,-0.7999999999999999,False,True,True,True
1951,openphenom,0.7999999999999999,False,False,False,False
1952,openphenom,0.19999999999999998,False,True,False,True
1953,openphenom,0.7999999999999999,False,False,False,False
1954,openphenom,0.6000000000000001,False,False,True,True
1955,openphenom,0.7999999999999999,True,False,True,True
1956,openphenom,0.0,False,False,True,True
1957,openphenom,0.6000000000000001,False,False,True,True
1958,openphenom,0.7999999999999999,False,False,False,False
1959,openphenom,0.6000000000000001,False,False,True,True
1960,openphenom,0.7999999999999999,True,False,True,True
1961,openphenom,0.39999999999999997,True,True,False,True
1962,openphenom,0.19999999999999998,False,True,False,True
1963,openphenom,0.19999999999999998,True,False,True,True
1964,openphenom,-0.6000000000000001,True,True,False,True
1965,openphenom,0.39999999999999997,True,False,False,True
1966,openphenom,0.39999999999999997,False,True,False,True
1967,openphenom,-0.7999999999999999,False,True,False,True
1968,openphenom,0.39999999999999997,False,True,False,True
1969,openphenom,-0.39999999999999997,True,False,True,True
1970,openphenom,0.6000000000000001,False,False,True,True
1971,openphenom,0.39999999999999997,False,True,False,True
1972,openphenom,0.7999999999999999,False,False,False,False
1973,openphenom,-0.39999999999999997,True,False,True,True
1974,openphenom,1.0,True,False,False,True
1975,openphenom,0.19999999999999998,True,False,True,True
1976,openphenom,0.19999999999999998,False,True,False,True
1977,openphenom,-0.7999999999999999,True,True,True,True
1978,openphenom,0.6000000000000001,False,False,True,True
1979,openphenom,1.0,True,False,False,True
1980,openphenom,1.0,True,False,False,True
1981,openphenom,-0.39999999999999997,True,False,True,True
1982,openphenom,0.19999999999999998,True,False,True,True
1983,openphenom,0.7999999999999999,False,False,False,False
1984,openphenom,-0.39999999999999997,False,True,True,True
1985,openphenom,-0.39999999999999997,True,False,True,True
1986,openphenom,0.7999999999999999,True,False,True,True
1987,openphenom,0.7999999999999999,False,False,False,False
1988,openphenom,-0.7999999999999999,True,True,True,True
1989,openphenom,0.0,True,True,False,True
1990,openphenom,0.7999999999999999,True,False,False,True
1991,openphenom,0.7999999999999999,False,False,False,False
1992,openphenom,0.0,False,False,True,True
1993,openphenom,-0.39999999999999997,True,False,True,True
1994,openphenom,-0.7999999999999999,True,True,True,True
1995,openphenom,0.6000000000000001,False,False,True,True
1996,openphenom,0.39999999999999997,True,False,False,True
1997,openphenom,0.39999999999999997,False,True,False,True
1998,openphenom,0.39999999999999997,True,False,False,True
1999,openphenom,-0.39999999999999997,True,False,True,True
0,subcell,-0.39999999999999997,True,True,True,True
1,subcell,0.7999999999999999,True,False,False,True
2,subcell,0.6000000000000001,True,True,False,True
3,subcell,-0.39999999999999997,False,True,False,True
4,subcell,-1.0,False,True,True,True
5,subcell,-0.19999999999999998,False,True,False,True
6,subcell,-0.19999999999999998,False,True,False,True
7,subcell,0.19999999999999998,False,True,False,True
8,subcell,-0.39999999999999997,True,False,True,True
9,subcell,-0.7999999999999999,False,True,True,True
10,subcell,0.39999999999999997,False,False,False,False
11,subcell,0.7999999999999999,True,True,False,True
12,subcell,-0.19999999999999998,True,False,True,True
13,subcell,1.0,True,False,False,True
14,subcell,-0.7999999999999999,False,True,True,True
15,subcell,0.7999999999999999,True,True,False,True
16,subcell,-0.6000000000000001,False,False,True,True
17,subcell,0.19999999999999998,True,False,True,True
18,subcell,1.0,True,False,False,True
19,subcell,0.0,True,True,False,True
20,subcell,-0.39999999999999997,False,True,False,True
21,subcell,0.39999999999999997,False,False,False,False
22,subcell,-0.39999999999999997,True,True,True,True
23,subcell,0.7999999999999999,True,True,False,True
24,subcell,0.6000000000000001,True,True,False,True
25,subcell,0.19999999999999998,False,True,False,True
26,subcell,0.6000000000000001,True,True,False,True
27,subcell,0.7999999999999999,True,True,False,True
28,subcell,0.7999999999999999,True,False,False,True
29,subcell,-0.7999999999999999,False,False,True,True
30,subcell,-0.19999999999999998,True,False,True,True
31,subcell,-0.7999999999999999,False,False,True,True
32,subcell,-0.7999999999999999,False,True,True,True
33,subcell,-0.39999999999999997,True,True,True,True
34,subcell,0.7999999999999999,True,False,False,True
35,subcell,0.0,True,True,False,True
36,subcell,0.39999999999999997,False,False,False,False
37,subcell,0.39999999999999997,False,False,False,False
38,subcell,0.7999999999999999,True,True,False,True
39,subcell,0.39999999999999997,False,True,False,True
40,subcell,0.19999999999999998,False,True,False,True
41,subcell,0.7999999999999999,True,False,False,True
42,subcell,1.0,True,False,False,True
43,subcell,0.39999999999999997,False,False,False,False
44,subcell,-0.39999999999999997,True,True,True,True
45,subcell,0.7999999999999999,True,True,False,True
46,subcell,-0.39999999999999997,True,False,True,True
47,subcell,0.0,False,False,True,True
48,subcell,0.0,True,True,False,True
49,subcell,-0.39999999999999997,False,True,False,True
50,subcell,0.7999999999999999,True,True,False,True
51,subcell,1.0,True,False,False,True
52,subcell,1.0,True,False,False,True
53,subcell,-0.7999999999999999,False,True,True,True
54,subcell,-0.39999999999999997,True,True,True,True
55,subcell,0.7999999999999999,True,True,False,True
56,subcell,-0.39999999999999997,False,True,False,True
57,subcell,-0.19999999999999998,False,True,False,True
58,subcell,0.0,False,False,True,True
59,subcell,0.39999999999999997,True,False,True,True
60,subcell,0.6000000000000001,True,True,False,True
61,subcell,0.0,True,True,False,True
62,subcell,0.39999999999999997,False,True,False,True
63,subcell,-0.7999999999999999,False,True,True,True
64,subcell,-0.7999999999999999,False,False,True,True
65,subcell,0.39999999999999997,True,False,True,True
66,subcell,0.39999999999999997,False,False,False,False
67,subcell,0.0,True,True,False,True
68,subcell,0.19999999999999998,True,False,True,True
69,subcell,0.39999999999999997,True,False,True,True
70,subcell,-0.39999999999999997,True,True,True,True
71,subcell,-0.19999999999999998,False,True,False,True
72,subcell,0.7999999999999999,True,True,False,True
73,subcell,0.19999999999999998,False,True,False,True
74,subcell,0.19999999999999998,False,True,False,True
75,subcell,-0.39999999999999997,True,False,True,True
76,subcell,0.19999999999999998,False,True,False,True
77,subcell,0.0,False,False,True,True
78,subcell,-0.39999999999999997,True,False,True,True
79,subcell,-0.39999999999999997,True,False,True,True
80,subcell,-0.39999999999999997,False,True,False,True
81,subcell,-0.39999999999999997,False,True,False,True
82,subcell,0.0,False,False,True,True
83,subcell,0.7999999999999999,True,False,False,True
84,subcell,-0.6000000000000001,False,False,True,True
85,subcell,-0.39999999999999997,True,True,True,True
86,subcell,0.39999999999999997,True,False,True,True
87,subcell,0.7999999999999999,True,False,False,True
88,subcell,0.7999999999999999,True,False,False,True
89,subcell,1.0,True,False,False,True
90,subcell,-0.39999999999999997,True,True,True,True
91,subcell,1.0,True,False,False,True
92,subcell,0.7999999999999999,True,True,False,True
93,subcell,0.7999999999999999,True,True,False,True
94,subcell,-0.19999999999999998,True,False,True,True
95,subcell,-0.7999999999999999,False,True,True,True
96,subcell,-0.39999999999999997,True,True,True,True
97,subcell,0.39999999999999997,False,False,False,False
98,subcell,0.0,False,False,True,True
99,subcell,0.39999999999999997,False,True,False,True
100,subcell,-0.39999999999999997,True,True,True,True
101,subcell,0.0,False,False,True,True
102,subcell,0.7999999999999999,True,False,False,True
103,subcell,0.39999999999999997,True,False,True,True
104,subcell,0.7999999999999999,True,True,False,True
105,subcell,-0.39999999999999997,True,True,True,True
106,subcell,-1.0,False,True,True,True
107,subcell,0.39999999999999997,False,True,False,True
108,subcell,0.7999999999999999,True,False,False,True
109,subcell,0.39999999999999997,False,False,False,False
110,subcell,-0.39999999999999997,True,False,True,True
111,subcell,-0.6000000000000001,False,False,True,True
112,subcell,1.0,True,False,False,True
113,subcell,0.19999999999999998,True,False,True,True
114,subcell,0.39999999999999997,True,False,True,True
115,subcell,0.0,False,False,True,True
116,subcell,1.0,True,False,False,True
117,subcell,-0.39999999999999997,False,True,False,True
118,subcell,0.39999999999999997,False,True,False,True
119,subcell,0.6000000000000001,True,True,False,True
120,subcell,0.39999999999999997,False,False,False,False
121,subcell,0.39999999999999997,False,True,False,True
122,subcell,-0.19999999999999998,True,False,True,True
123,subcell,1.0,True,False,False,True
124,subcell,-0.19999999999999998,True,False,True,True
125,subcell,0.19999999999999998,False,True,False,True
126,subcell,-0.39999999999999997,True,True,True,True
127,subcell,0.39999999999999997,False,False,False,False
128,subcell,1.0,True,False,False,True
129,subcell,0.39999999999999997,False,False,False,False
130,subcell,-0.7999999999999999,False,True,True,True
131,subcell,0.7999999999999999,True,False,False,True
132,subcell,0.7999999999999999,True,True,False,True
133,subcell,0.0,False,False,True,True
134,subcell,0.39999999999999997,True,False,True,True
135,subcell,-0.7999999999999999,False,False,True,True
136,subcell,0.39999999999999997,False,False,False,False
137,subcell,-0.39999999999999997,True,False,True,True
138,subcell,0.39999999999999997,False,False,False,False
139,subcell,0.6000000000000001,True,True,False,True
140,subcell,0.39999999999999997,False,False,False,False
141,subcell,0.19999999999999998,False,True,False,True
142,subcell,0.6000000000000001,True,True,False,True
143,subcell,0.39999999999999997,False,True,False,True
144,subcell,-0.39999999999999997,True,True,True,True
145,subcell,0.39999999999999997,False,False,False,False
146,subcell,0.7999999999999999,True,False,False,True
147,subcell,0.7999999999999999,True,True,False,True
148,subcell,-0.19999999999999998,False,True,False,True
149,subcell,-1.0,False,True,True,True
150,subcell,0.7999999999999999,True,False,False,True
151,subcell,-0.19999999999999998,False,True,False,True
152,subcell,-0.19999999999999998,True,False,True,True
153,subcell,0.7999999999999999,True,False,False,True
154,subcell,-0.19999999999999998,False,True,False,True
155,subcell,-0.7999999999999999,False,True,True,True
156,subcell,-0.39999999999999997,True,True,True,True
157,subcell,0.0,True,True,False,True
158,subcell,-0.7999999999999999,False,True,True,True
159,subcell,-0.19999999999999998,True,False,True,True
160,subcell,0.7999999999999999,True,True,False,True
161,subcell,0.19999999999999998,True,False,True,True
162,subcell,0.6000000000000001,True,True,False,True
163,subcell,0.7999999999999999,True,False,False,True
164,subcell,0.7999999999999999,True,False,False,True
165,subcell,0.6000000000000001,True,True,False,True
166,subcell,0.0,False,False,True,True
167,subcell,0.7999999999999999,True,True,False,True
168,subcell,0.19999999999999998,True,False,True,True
169,subcell,-0.7999999999999999,False,False,True,True
170,subcell,-0.7999999999999999,False,True,True,True
171,subcell,0.19999999999999998,False,True,False,True
172,subcell,0.0,False,False,True,True
173,subcell,0.7999999999999999,True,False,False,True
174,subcell,0.7999999999999999,True,False,False,True
175,subcell,0.39999999999999997,False,False,False,False
176,subcell,-0.39999999999999997,True,False,True,True
177,subcell,-0.39999999999999997,True,True,True,True
178,subcell,1.0,True,False,False,True
179,subcell,0.7999999999999999,True,True,False,True
180,subcell,0.7999999999999999,True,False,False,True
181,subcell,-0.39999999999999997,False,True,False,True
182,subcell,0.0,True,True,False,True
183,subcell,-0.39999999999999997,True,True,True,True
184,subcell,-0.39999999999999997,False,True,False,True
185,subcell,-0.7999999999999999,False,False,True,True
186,subcell,-0.7999999999999999,False,True,True,True
187,subcell,0.39999999999999997,False,True,False,True
188,subcell,0.7999999999999999,True,True,False,True
189,subcell,-0.39999999999999997,False,True,False,True
190,subcell,0.7999999999999999,True,True,False,True
191,subcell,0.7999999999999999,True,True,False,True
192,subcell,0.19999999999999998,False,True,False,True
193,subcell,0.39999999999999997,False,True,False,True
194,subcell,0.19999999999999998,False,True,False,True
195,subcell,1.0,True,False,False,True
196,subcell,-0.7999999999999999,False,True,True,True
197,subcell,0.19999999999999998,True,False,True,True
198,subcell,0.19999999999999998,True,False,True,True
199,subcell,0.39999999999999997,False,True,False,True
200,subcell,0.39999999999999997,False,True,False,True
201,subcell,0.39999999999999997,False,False,False,False
202,subcell,-0.39999999999999997,True,False,True,True
203,subcell,0.7999999999999999,True,False,False,True
204,subcell,0.0,True,True,False,True
205,subcell,0.39999999999999997,True,False,True,True
206,subcell,-0.39999999999999997,False,True,False,True
207,subcell,1.0,True,False,False,True
208,subcell,0.7999999999999999,True,False,False,True
209,subcell,1.0,True,False,False,True
210,subcell,-0.7999999999999999,False,True,True,True
211,subcell,0.7999999999999999,True,True,False,True
212,subcell,-0.39999999999999997,True,True,True,True
213,subcell,0.19999999999999998,False,True,False,True
214,subcell,0.7999999999999999,True,True,False,True
215,subcell,0.7999999999999999,True,False,False,True
216,subcell,1.0,True,False,False,True
217,subcell,-0.7999999999999999,False,True,True,True
218,subcell,0.39999999999999997,False,True,False,True
219,subcell,0.39999999999999997,False,True,False,True
220,subcell,0.39999999999999997,True,False,True,True
221,subcell,0.39999999999999997,False,False,False,False
222,subcell,1.0,True,False,False,True
223,subcell,-1.0,False,True,True,True
224,subcell,0.19999999999999998,False,True,False,True
225,subcell,0.39999999999999997,False,False,False,False
226,subcell,-0.19999999999999998,True,False,True,True
227,subcell,0.39999999999999997,False,True,False,True
228,subcell,0.39999999999999997,True,False,True,True
229,subcell,0.39999999999999997,False,True,False,True
230,subcell,0.7999999999999999,True,True,False,True
231,subcell,-0.39999999999999997,True,True,True,True
232,subcell,-1.0,False,True,True,True
233,subcell,0.39999999999999997,True,False,True,True
234,subcell,0.7999999999999999,True,False,False,True
235,subcell,-0.7999999999999999,False,True,True,True
236,subcell,-0.7999999999999999,False,False,True,True
237,subcell,0.0,False,False,True,True
238,subcell,-0.39999999999999997,True,True,True,True
239,subcell,1.0,True,False,False,True
240,subcell,0.39999999999999997,False,True,False,True
241,subcell,-0.19999999999999998,False,True,False,True
242,subcell,0.7999999999999999,True,False,False,True
243,subcell,0.39999999999999997,True,False,True,True
244,subcell,-0.39999999999999997,False,True,False,True
245,subcell,-0.7999999999999999,False,False,True,True
246,subcell,0.7999999999999999,True,True,False,True
247,subcell,0.39999999999999997,False,False,False,False
248,subcell,0.0,False,False,True,True
249,subcell,1.0,True,False,False,True
250,subcell,0.7999999999999999,True,True,False,True
251,subcell,-0.39999999999999997,False,True,False,True
252,subcell,-0.39999999999999997,True,True,True,True
253,subcell,0.19999999999999998,True,False,True,True
254,subcell,0.39999999999999997,True,False,True,True
255,subcell,0.7999999999999999,True,False,False,True
256,subcell,-0.39999999999999997,False,True,False,True
257,subcell,0.7999999999999999,True,False,False,True
258,subcell,-0.39999999999999997,True,True,True,True
259,subcell,0.39999999999999997,False,True,False,True
260,subcell,0.7999999999999999,True,False,False,True
261,subcell,0.0,True,True,False,True
262,subcell,0.6000000000000001,True,True,False,True
263,subcell,0.7999999999999999,True,False,False,True
264,subcell,0.6000000000000001,True,True,False,True
265,subcell,0.0,False,False,True,True
266,subcell,-0.39999999999999997,True,True,True,True
267,subcell,0.0,True,True,False,True
268,subcell,-0.39999999999999997,True,True,True,True
269,subcell,0.39999999999999997,False,True,False,True
270,subcell,0.6000000000000001,True,True,False,True
271,subcell,0.39999999999999997,False,True,False,True
272,subcell,0.39999999999999997,False,False,False,False
273,subcell,0.39999999999999997,False,True,False,True
274,subcell,0.19999999999999998,False,True,False,True
275,subcell,0.39999999999999997,False,False,False,False
276,subcell,0.0,True,True,False,True
277,subcell,0.0,True,True,False,True
278,subcell,-0.7999999999999999,False,True,True,True
279,subcell,-0.7999999999999999,False,False,True,True
280,subcell,0.19999999999999998,True,False,True,True
281,subcell,0.0,True,True,False,True
282,subcell,-0.7999999999999999,False,False,True,True
283,subcell,0.7999999999999999,True,True,False,True
284,subcell,0.0,True,True,False,True
285,subcell,-0.7999999999999999,False,False,True,True
286,subcell,0.7999999999999999,True,True,False,True
287,subcell,0.7999999999999999,True,False,False,True
288,subcell,0.7999999999999999,True,True,False,True
289,subcell,1.0,True,False,False,True
290,subcell,-0.6000000000000001,False,False,True,True
291,subcell,-1.0,False,True,True,True
292,subcell,1.0,True,False,False,True
293,subcell,1.0,True,False,False,True
294,subcell,-0.39999999999999997,True,True,True,True
295,subcell,0.7999999999999999,True,False,False,True
296,subcell,0.0,True,True,False,True
297,subcell,0.7999999999999999,True,False,False,True
298,subcell,-0.6000000000000001,False,False,True,True
299,subcell,0.39999999999999997,False,False,False,False
300,subcell,0.7999999999999999,True,True,False,True
301,subcell,0.19999999999999998,True,False,True,True
302,subcell,0.7999999999999999,True,True,False,True
303,subcell,0.39999999999999997,True,False,True,True
304,subcell,0.7999999999999999,True,False,False,True
305,subcell,0.7999999999999999,True,True,False,True
306,subcell,-0.39999999999999997,True,True,True,True
307,subcell,-0.39999999999999997,False,True,False,True
308,subcell,-0.39999999999999997,True,True,True,True
309,subcell,-0.7999999999999999,False,True,True,True
310,subcell,-0.39999999999999997,False,True,False,True
311,subcell,-0.7999999999999999,False,False,True,True
312,subcell,0.0,True,True,False,True
313,subcell,0.0,True,True,False,True
314,subcell,1.0,True,False,False,True
315,subcell,-0.19999999999999998,True,False,True,True
316,subcell,-0.39999999999999997,False,True,False,True
317,subcell,1.0,True,False,False,True
318,subcell,0.39999999999999997,False,False,False,False
319,subcell,-0.7999999999999999,False,True,True,True
320,subcell,0.39999999999999997,True,False,True,True
321,subcell,0.39999999999999997,False,False,False,False
322,subcell,-0.6000000000000001,False,False,True,True
323,subcell,0.39999999999999997,True,False,True,True
324,subcell,0.39999999999999997,False,False,False,False
325,subcell,0.39999999999999997,True,False,True,True
326,subcell,0.19999999999999998,False,True,False,True
327,subcell,-0.19999999999999998,False,True,False,True
328,subcell,-0.39999999999999997,True,False,True,True
329,subcell,-0.39999999999999997,True,False,True,True
330,subcell,-0.39999999999999997,False,True,False,True
331,subcell,-0.19999999999999998,False,True,False,True
332,subcell,-0.7999999999999999,False,True,True,True
333,subcell,0.7999999999999999,True,False,False,True
334,subcell,0.7999999999999999,True,False,False,True
335,subcell,0.39999999999999997,True,False,True,True
336,subcell,-0.7999999999999999,False,True,True,True
337,subcell,0.7999999999999999,True,False,False,True
338,subcell,0.39999999999999997,False,True,False,True
339,subcell,0.39999999999999997,True,False,True,True
340,subcell,-0.39999999999999997,True,True,True,True
341,subcell,-0.39999999999999997,False,True,False,True
342,subcell,-0.39999999999999997,True,True,True,True
343,subcell,0.7999999999999999,True,True,False,True
344,subcell,0.39999999999999997,False,False,False,False
345,subcell,0.39999999999999997,True,False,True,True
346,subcell,0.39999999999999997,False,False,False,False
347,subcell,0.39999999999999997,False,False,False,False
348,subcell,1.0,True,False,False,True
349,subcell,1.0,True,False,False,True
350,subcell,0.39999999999999997,True,False,True,True
351,subcell,0.19999999999999998,True,False,True,True
352,subcell,0.39999999999999997,False,True,False,True
353,subcell,0.6000000000000001,True,True,False,True
354,subcell,0.7999999999999999,True,False,False,True
355,subcell,1.0,True,False,False,True
356,subcell,-0.39999999999999997,True,True,True,True
357,subcell,-0.19999999999999998,False,True,False,True
358,subcell,0.19999999999999998,False,True,False,True
359,subcell,-0.7999999999999999,False,False,True,True
360,subcell,-0.7999999999999999,False,True,True,True
361,subcell,0.0,False,False,True,True
362,subcell,0.7999999999999999,True,True,False,True
363,subcell,0.7999999999999999,True,True,False,True
364,subcell,0.7999999999999999,True,True,False,True
365,subcell,0.19999999999999998,True,False,True,True
366,subcell,0.0,True,True,False,True
367,subcell,-0.7999999999999999,False,True,True,True
368,subcell,0.0,True,True,False,True
369,subcell,-0.39999999999999997,False,True,False,True
370,subcell,-0.7999999999999999,False,True,True,True
371,subcell,-0.7999999999999999,False,True,True,True
372,subcell,0.0,False,False,True,True
373,subcell,0.7999999999999999,True,False,False,True
374,subcell,-0.6000000000000001,False,False,True,True
375,subcell,-0.39999999999999997,False,True,False,True
376,subcell,0.7999999999999999,True,True,False,True
377,subcell,-0.19999999999999998,True,False,True,True
378,subcell,0.39999999999999997,False,True,False,True
379,subcell,0.19999999999999998,False,True,False,True
380,subcell,0.39999999999999997,False,False,False,False
381,subcell,-0.39999999999999997,True,True,True,True
382,subcell,0.39999999999999997,True,False,True,True
383,subcell,0.7999999999999999,True,True,False,True
384,subcell,-0.39999999999999997,True,True,True,True
385,subcell,-0.7999999999999999,False,True,True,True
386,subcell,0.39999999999999997,True,False,True,True
387,subcell,-0.7999999999999999,False,True,True,True
388,subcell,0.39999999999999997,True,False,True,True
389,subcell,0.7999999999999999,True,True,False,True
390,subcell,0.7999999999999999,True,True,False,True
391,subcell,0.39999999999999997,False,False,False,False
392,subcell,-0.6000000000000001,False,False,True,True
393,subcell,1.0,True,False,False,True
394,subcell,0.0,True,True,False,True
395,subcell,0.0,False,False,True,True
396,subcell,0.39999999999999997,False,False,False,False
397,subcell,0.7999999999999999,True,False,False,True
398,subcell,-0.39999999999999997,True,False,True,True
399,subcell,0.19999999999999998,True,False,True,True
400,subcell,0.0,True,True,False,True
401,subcell,-0.7999999999999999,False,True,True,True
402,subcell,0.7999999999999999,True,False,False,True
403,subcell,0.19999999999999998,False,True,False,True
404,subcell,-0.39999999999999997,True,False,True,True
405,subcell,-0.39999999999999997,True,False,True,True
406,subcell,-0.7999999999999999,False,True,True,True
407,subcell,0.19999999999999998,False,True,False,True
408,subcell,0.39999999999999997,True,False,True,True
409,subcell,0.19999999999999998,True,False,True,True
410,subcell,-0.19999999999999998,True,False,True,True
411,subcell,0.7999999999999999,True,True,False,True
412,subcell,-0.7999999999999999,False,True,True,True
413,subcell,1.0,True,False,False,True
414,subcell,-0.39999999999999997,False,True,False,True
415,subcell,0.39999999999999997,True,False,True,True
416,subcell,1.0,True,False,False,True
417,subcell,0.7999999999999999,True,True,False,True
418,subcell,0.7999999999999999,True,False,False,True
419,subcell,0.39999999999999997,False,False,False,False
420,subcell,0.19999999999999998,False,True,False,True
421,subcell,0.0,False,False,True,True
422,subcell,1.0,True,False,False,True
423,subcell,-0.19999999999999998,True,False,True,True
424,subcell,0.6000000000000001,True,True,False,True
425,subcell,-0.39999999999999997,False,True,False,True
426,subcell,0.39999999999999997,False,True,False,True
427,subcell,-0.19999999999999998,False,True,False,True
428,subcell,0.39999999999999997,False,True,False,True
429,subcell,0.39999999999999997,False,True,False,True
430,subcell,0.7999999999999999,True,False,False,True
431,subcell,0.19999999999999998,False,True,False,True
432,subcell,-0.19999999999999998,True,False,True,True
433,subcell,-1.0,False,True,True,True
434,subcell,0.7999999999999999,True,True,False,True
435,subcell,-0.39999999999999997,True,False,True,True
436,subcell,0.7999999999999999,True,True,False,True
437,subcell,0.39999999999999997,False,False,False,False
438,subcell,-0.7999999999999999,False,True,True,True
439,subcell,-0.39999999999999997,True,False,True,True
440,subcell,0.7999999999999999,True,False,False,True
441,subcell,0.39999999999999997,True,False,True,True
442,subcell,0.39999999999999997,False,False,False,False
443,subcell,-0.19999999999999998,False,True,False,True
444,subcell,-0.19999999999999998,False,True,False,True
445,subcell,0.7999999999999999,True,False,False,True
446,subcell,-0.39999999999999997,True,True,True,True
447,subcell,0.39999999999999997,False,False,False,False
448,subcell,0.7999999999999999,True,True,False,True
449,subcell,0.39999999999999997,False,True,False,True
450,subcell,-0.39999999999999997,False,True,False,True
451,subcell,-0.19999999999999998,False,True,False,True
452,subcell,0.39999999999999997,True,False,True,True
453,subcell,0.0,False,False,True,True
454,subcell,0.0,True,True,False,True
455,subcell,0.19999999999999998,True,False,True,True
456,subcell,-0.39999999999999997,False,True,False,True
457,subcell,-0.39999999999999997,True,False,True,True
458,subcell,-0.39999999999999997,False,True,False,True
459,subcell,0.7999999999999999,True,False,False,True
460,subcell,-0.19999999999999998,True,False,True,True
461,subcell,0.39999999999999997,False,False,False,False
462,subcell,0.7999999999999999,True,False,False,True
463,subcell,-0.19999999999999998,False,True,False,True
464,subcell,0.0,True,True,False,True
465,subcell,0.7999999999999999,True,False,False,True
466,subcell,1.0,True,False,False,True
467,subcell,0.0,True,True,False,True
468,subcell,0.39999999999999997,False,True,False,True
469,subcell,0.39999999999999997,True,False,True,True
470,subcell,0.7999999999999999,True,False,False,True
471,subcell,-0.39999999999999997,True,True,True,True
472,subcell,0.7999999999999999,True,False,False,True
473,subcell,0.19999999999999998,False,True,False,True
474,subcell,0.7999999999999999,True,True,False,True
475,subcell,0.7999999999999999,True,False,False,True
476,subcell,0.0,False,False,True,True
477,subcell,-0.6000000000000001,False,False,True,True
478,subcell,0.39999999999999997,False,False,False,False
479,subcell,0.39999999999999997,True,False,True,True
480,subcell,0.7999999999999999,True,True,False,True
481,subcell,0.6000000000000001,True,True,False,True
482,subcell,-0.39999999999999997,True,False,True,True
483,subcell,0.7999999999999999,True,True,False,True
484,subcell,0.0,True,True,False,True
485,subcell,0.6000000000000001,True,True,False,True
486,subcell,0.7999999999999999,True,False,False,True
487,subcell,-0.7999999999999999,False,False,True,True
488,subcell,-0.7999999999999999,False,True,True,True
489,subcell,-0.7999999999999999,False,True,True,True
490,subcell,0.0,False,False,True,True
491,subcell,0.0,False,False,True,True
492,subcell,1.0,True,False,False,True
493,subcell,-0.39999999999999997,True,False,True,True
494,subcell,-0.6000000000000001,False,False,True,True
495,subcell,0.39999999999999997,False,False,False,False
496,subcell,0.19999999999999998,True,False,True,True
497,subcell,0.0,False,False,True,True
498,subcell,-0.7999999999999999,False,False,True,True
499,subcell,0.7999999999999999,True,True,False,True
500,subcell,-0.19999999999999998,True,False,True,True
501,subcell,0.39999999999999997,False,True,False,True
502,subcell,-0.19999999999999998,True,False,True,True
503,subcell,0.39999999999999997,True,False,True,True
504,subcell,-0.7999999999999999,False,True,True,True
505,subcell,0.0,False,False,True,True
506,subcell,-0.19999999999999998,False,True,False,True
507,subcell,-0.39999999999999997,False,True,False,True
508,subcell,0.0,True,True,False,True
509,subcell,-0.39999999999999997,False,True,False,True
510,subcell,0.7999999999999999,True,False,False,True
511,subcell,0.6000000000000001,True,True,False,True
512,subcell,0.39999999999999997,False,True,False,True
513,subcell,0.39999999999999997,True,False,True,True
514,subcell,-1.0,False,True,True,True
515,subcell,-0.19999999999999998,False,True,False,True
516,subcell,0.7999999999999999,True,True,False,True
517,subcell,0.7999999999999999,True,False,False,True
518,subcell,-0.7999999999999999,False,True,True,True
519,subcell,-0.19999999999999998,True,False,True,True
520,subcell,0.0,True,True,False,True
521,subcell,0.7999999999999999,True,True,False,True
522,subcell,0.7999999999999999,True,True,False,True
523,subcell,0.19999999999999998,True,False,True,True
524,subcell,0.7999999999999999,True,False,False,True
525,subcell,0.6000000000000001,True,True,False,True
526,subcell,-0.7999999999999999,False,True,True,True
527,subcell,-0.7999999999999999,False,True,True,True
528,subcell,-0.39999999999999997,True,True,True,True
529,subcell,0.39999999999999997,True,False,True,True
530,subcell,1.0,True,False,False,True
531,subcell,0.7999999999999999,True,False,False,True
532,subcell,0.19999999999999998,False,True,False,True
533,subcell,-0.7999999999999999,False,True,True,True
534,subcell,0.7999999999999999,True,True,False,True
535,subcell,-0.7999999999999999,False,False,True,True
536,subcell,0.39999999999999997,True,False,True,True
537,subcell,-0.19999999999999998,False,True,False,True
538,subcell,0.19999999999999998,False,True,False,True
539,subcell,0.0,True,True,False,True
540,subcell,0.0,False,False,True,True
541,subcell,-0.7999999999999999,False,True,True,True
542,subcell,0.7999999999999999,True,False,False,True
543,subcell,-0.39999999999999997,True,True,True,True
544,subcell,0.0,True,True,False,True
545,subcell,0.6000000000000001,True,True,False,True
546,subcell,0.0,True,True,False,True
547,subcell,0.7999999999999999,True,False,False,True
548,subcell,-0.7999999999999999,False,True,True,True
549,subcell,0.7999999999999999,True,False,False,True
550,subcell,-0.39999999999999997,False,True,False,True
551,subcell,-0.39999999999999997,True,False,True,True
552,subcell,0.0,True,True,False,True
553,subcell,-0.39999999999999997,True,False,True,True
554,subcell,-0.7999999999999999,False,True,True,True
555,subcell,0.7999999999999999,True,True,False,True
556,subcell,-0.39999999999999997,False,True,False,True
557,subcell,0.0,False,False,True,True
558,subcell,0.39999999999999997,False,False,False,False
559,subcell,1.0,True,False,False,True
560,subcell,1.0,True,False,False,True
561,subcell,0.19999999999999998,True,False,True,True
562,subcell,-0.39999999999999997,True,False,True,True
563,subcell,-0.19999999999999998,False,True,False,True
564,subcell,-0.39999999999999997,True,True,True,True
565,subcell,-0.7999999999999999,False,True,True,True
566,subcell,0.19999999999999998,False,True,False,True
567,subcell,0.0,True,True,False,True
568,subcell,0.6000000000000001,True,True,False,True
569,subcell,0.7999999999999999,True,False,False,True
570,subcell,0.7999999999999999,True,False,False,True
571,subcell,0.39999999999999997,False,True,False,True
572,subcell,0.39999999999999997,True,False,True,True
573,subcell,-1.0,False,True,True,True
574,subcell,-1.0,False,True,True,True
575,subcell,0.39999999999999997,True,False,True,True
576,subcell,0.7999999999999999,True,False,False,True
577,subcell,0.19999999999999998,False,True,False,True
578,subcell,0.39999999999999997,False,True,False,True
579,subcell,-0.7999999999999999,False,True,True,True
580,subcell,0.7999999999999999,True,False,False,True
581,subcell,-1.0,False,True,True,True
582,subcell,-0.7999999999999999,False,True,True,True
583,subcell,0.6000000000000001,True,True,False,True
584,subcell,0.7999999999999999,True,False,False,True
585,subcell,-0.19999999999999998,False,True,False,True
586,subcell,0.39999999999999997,False,True,False,True
587,subcell,0.39999999999999997,False,True,False,True
588,subcell,0.39999999999999997,True,False,True,True
589,subcell,0.39999999999999997,False,True,False,True
590,subcell,-0.7999999999999999,False,True,True,True
591,subcell,0.7999999999999999,True,True,False,True
592,subcell,0.7999999999999999,True,False,False,True
593,subcell,-0.7999999999999999,False,True,True,True
594,subcell,-0.7999999999999999,False,False,True,True
595,subcell,0.39999999999999997,False,True,False,True
596,subcell,-0.6000000000000001,False,False,True,True
597,subcell,0.7999999999999999,True,True,False,True
598,subcell,0.39999999999999997,True,False,True,True
599,subcell,0.19999999999999998,True,False,True,True
600,subcell,0.19999999999999998,True,False,True,True
601,subcell,-0.19999999999999998,False,True,False,True
602,subcell,0.7999999999999999,True,True,False,True
603,subcell,0.39999999999999997,False,True,False,True
604,subcell,0.7999999999999999,True,False,False,True
605,subcell,-0.39999999999999997,True,False,True,True
606,subcell,0.0,True,True,False,True
607,subcell,-0.39999999999999997,True,True,True,True
608,subcell,-0.19999999999999998,True,False,True,True
609,subcell,-0.39999999999999997,False,True,False,True
610,subcell,-0.39999999999999997,True,False,True,True
611,subcell,0.7999999999999999,True,False,False,True
612,subcell,0.39999999999999997,True,False,True,True
613,subcell,-0.39999999999999997,True,False,True,True
614,subcell,0.39999999999999997,True,False,True,True
615,subcell,0.7999999999999999,True,False,False,True
616,subcell,0.7999999999999999,True,True,False,True
617,subcell,-0.39999999999999997,False,True,False,True
618,subcell,0.39999999999999997,False,False,False,False
619,subcell,0.39999999999999997,False,True,False,True
620,subcell,-0.39999999999999997,True,False,True,True
621,subcell,-0.39999999999999997,False,True,False,True
622,subcell,0.39999999999999997,False,False,False,False
623,subcell,0.7999999999999999,True,False,False,True
624,subcell,-0.7999999999999999,False,True,True,True
625,subcell,-0.39999999999999997,False,True,False,True
626,subcell,0.7999999999999999,True,False,False,True
627,subcell,0.0,True,True,False,True
628,subcell,-1.0,False,True,True,True
629,subcell,1.0,True,False,False,True
630,subcell,0.7999999999999999,True,False,False,True
631,subcell,1.0,True,False,False,True
632,subcell,-0.39999999999999997,True,True,True,True
633,subcell,0.7999999999999999,True,False,False,True
634,subcell,-0.39999999999999997,True,False,True,True
635,subcell,-0.19999999999999998,False,True,False,True
636,subcell,0.39999999999999997,False,True,False,True
637,subcell,-0.7999999999999999,False,False,True,True
638,subcell,-0.19999999999999998,True,False,True,True
639,subcell,-0.7999999999999999,False,False,True,True
640,subcell,-0.7999999999999999,False,True,True,True
641,subcell,0.7999999999999999,True,False,False,True
642,subcell,0.7999999999999999,True,True,False,True
643,subcell,-0.7999999999999999,False,True,True,True
644,subcell,-0.19999999999999998,True,False,True,True
645,subcell,0.39999999999999997,False,False,False,False
646,subcell,0.6000000000000001,True,True,False,True
647,subcell,1.0,True,False,False,True
648,subcell,0.7999999999999999,True,True,False,True
649,subcell,0.39999999999999997,False,True,False,True
650,subcell,0.39999999999999997,False,True,False,True
651,subcell,0.39999999999999997,False,True,False,True
652,subcell,-0.19999999999999998,False,True,False,True
653,subcell,-0.39999999999999997,True,False,True,True
654,subcell,0.39999999999999997,False,True,False,True
655,subcell,1.0,True,False,False,True
656,subcell,-1.0,False,True,True,True
657,subcell,0.7999999999999999,True,False,False,True
658,subcell,0.6000000000000001,True,True,False,True
659,subcell,-0.19999999999999998,False,True,False,True
660,subcell,0.6000000000000001,True,True,False,True
661,subcell,0.7999999999999999,True,True,False,True
662,subcell,0.0,True,True,False,True
663,subcell,-0.19999999999999998,True,False,True,True
664,subcell,0.19999999999999998,False,True,False,True
665,subcell,-0.19999999999999998,False,True,False,True
666,subcell,0.39999999999999997,True,False,True,True
667,subcell,0.6000000000000001,True,True,False,True
668,subcell,0.39999999999999997,False,False,False,False
669,subcell,0.39999999999999997,False,False,False,False
670,subcell,0.19999999999999998,False,True,False,True
671,subcell,0.39999999999999997,False,True,False,True
672,subcell,-0.7999999999999999,False,True,True,True
673,subcell,0.19999999999999998,False,True,False,True
674,subcell,0.39999999999999997,True,False,True,True
675,subcell,0.39999999999999997,True,False,True,True
676,subcell,-0.39999999999999997,True,False,True,True
677,subcell,0.19999999999999998,False,True,False,True
678,subcell,-0.39999999999999997,False,True,False,True
679,subcell,-0.6000000000000001,False,False,True,True
680,subcell,-0.39999999999999997,False,True,False,True
681,subcell,1.0,True,False,False,True
682,subcell,0.7999999999999999,True,False,False,True
683,subcell,0.7999999999999999,True,False,False,True
684,subcell,-0.7999999999999999,False,True,True,True
685,subcell,0.39999999999999997,True,False,True,True
686,subcell,0.6000000000000001,True,True,False,True
687,subcell,0.7999999999999999,True,False,False,True
688,subcell,0.0,False,False,True,True
689,subcell,0.19999999999999998,False,True,False,True
690,subcell,0.39999999999999997,True,False,True,True
691,subcell,0.7999999999999999,True,False,False,True
692,subcell,1.0,True,False,False,True
693,subcell,0.6000000000000001,True,True,False,True
694,subcell,0.39999999999999997,False,False,False,False
695,subcell,-0.39999999999999997,True,False,True,True
696,subcell,0.7999999999999999,True,False,False,True
697,subcell,-0.7999999999999999,False,True,True,True
698,subcell,0.19999999999999998,True,False,True,True
699,subcell,0.0,True,True,False,True
700,subcell,0.39999999999999997,False,True,False,True
701,subcell,-0.39999999999999997,False,True,False,True
702,subcell,0.19999999999999998,False,True,False,True
703,subcell,0.7999999999999999,True,True,False,True
704,subcell,0.19999999999999998,True,False,True,True
705,subcell,0.7999999999999999,True,True,False,True
706,subcell,-0.19999999999999998,True,False,True,True
707,subcell,-0.19999999999999998,False,True,False,True
708,subcell,0.0,True,True,False,True
709,subcell,0.7999999999999999,True,True,False,True
710,subcell,0.39999999999999997,False,False,False,False
711,subcell,-1.0,False,True,True,True
712,subcell,0.7999999999999999,True,False,False,True
713,subcell,0.39999999999999997,False,False,False,False
714,subcell,-0.7999999999999999,False,False,True,True
715,subcell,-0.39999999999999997,False,True,False,True
716,subcell,1.0,True,False,False,True
717,subcell,-0.39999999999999997,False,True,False,True
718,subcell,-0.7999999999999999,False,False,True,True
719,subcell,-0.7999999999999999,False,True,True,True
720,subcell,-1.0,False,True,True,True
721,subcell,-0.19999999999999998,True,False,True,True
722,subcell,0.39999999999999997,False,False,False,False
723,subcell,-0.7999999999999999,False,True,True,True
724,subcell,0.7999999999999999,True,False,False,True
725,subcell,0.39999999999999997,True,False,True,True
726,subcell,-0.19999999999999998,True,False,True,True
727,subcell,0.39999999999999997,False,True,False,True
728,subcell,0.7999999999999999,True,False,False,True
729,subcell,-1.0,False,True,True,True
730,subcell,-0.7999999999999999,False,True,True,True
731,subcell,-0.39999999999999997,True,True,True,True
732,subcell,-0.7999999999999999,False,True,True,True
733,subcell,-0.7999999999999999,False,True,True,True
734,subcell,-0.7999999999999999,False,True,True,True
735,subcell,0.19999999999999998,True,False,True,True
736,subcell,0.0,False,False,True,True
737,subcell,0.0,False,False,True,True
738,subcell,0.19999999999999998,False,True,False,True
739,subcell,-0.19999999999999998,False,True,False,True
740,subcell,-0.7999999999999999,False,True,True,True
741,subcell,-0.39999999999999997,True,False,True,True
742,subcell,1.0,True,False,False,True
743,subcell,0.7999999999999999,True,True,False,True
744,subcell,1.0,True,False,False,True
745,subcell,1.0,True,False,False,True
746,subcell,-1.0,False,True,True,True
747,subcell,0.0,False,False,True,True
748,subcell,0.39999999999999997,False,False,False,False
749,subcell,-0.7999999999999999,False,True,True,True
750,subcell,0.0,True,True,False,True
751,subcell,-0.7999999999999999,False,True,True,True
752,subcell,0.39999999999999997,False,False,False,False
753,subcell,0.7999999999999999,True,False,False,True
754,subcell,0.19999999999999998,False,True,False,True
755,subcell,-0.39999999999999997,False,True,False,True
756,subcell,0.7999999999999999,True,True,False,True
757,subcell,0.7999999999999999,True,False,False,True
758,subcell,0.0,True,True,False,True
759,subcell,0.39999999999999997,False,True,False,True
760,subcell,1.0,True,False,False,True
761,subcell,0.0,True,True,False,True
762,subcell,1.0,True,False,False,True
763,subcell,0.39999999999999997,False,False,False,False
764,subcell,-0.19999999999999998,True,False,True,True
765,subcell,-0.19999999999999998,False,True,False,True
766,subcell,-0.19999999999999998,False,True,False,True
767,subcell,-0.39999999999999997,False,True,False,True
768,subcell,-0.7999999999999999,False,False,True,True
769,subcell,-0.39999999999999997,True,False,True,True
770,subcell,0.0,True,True,False,True
771,subcell,0.0,False,False,True,True
772,subcell,0.6000000000000001,True,True,False,True
773,subcell,-0.39999999999999997,False,True,False,True
774,subcell,0.39999999999999997,False,False,False,False
775,subcell,0.19999999999999998,False,True,False,True
776,subcell,0.0,True,True,False,True
777,subcell,0.0,True,True,False,True
778,subcell,-0.39999999999999997,False,True,False,True
779,subcell,0.0,True,True,False,True
780,subcell,0.7999999999999999,True,False,False,True
781,subcell,0.0,False,False,True,True
782,subcell,0.19999999999999998,False,True,False,True
783,subcell,-0.39999999999999997,True,True,True,True
784,subcell,1.0,True,False,False,True
785,subcell,-0.19999999999999998,True,False,True,True
786,subcell,0.39999999999999997,True,False,True,True
787,subcell,-0.6000000000000001,False,False,True,True
788,subcell,-0.39999999999999997,False,True,False,True
789,subcell,1.0,True,False,False,True
790,subcell,-0.39999999999999997,False,True,False,True
791,subcell,0.7999999999999999,True,False,False,True
792,subcell,0.7999999999999999,True,True,False,True
793,subcell,-0.39999999999999997,False,True,False,True
794,subcell,-0.39999999999999997,True,False,True,True
795,subcell,0.39999999999999997,False,True,False,True
796,subcell,0.19999999999999998,False,True,False,True
797,subcell,0.39999999999999997,False,True,False,True
798,subcell,-0.39999999999999997,False,True,False,True
799,subcell,0.6000000000000001,True,True,False,True
800,subcell,0.19999999999999998,True,False,True,True
801,subcell,0.6000000000000001,True,True,False,True
802,subcell,0.6000000000000001,True,True,False,True
803,subcell,-0.6000000000000001,False,False,True,True
804,subcell,0.39999999999999997,False,False,False,False
805,subcell,0.0,False,False,True,True
806,subcell,0.7999999999999999,True,True,False,True
807,subcell,-0.19999999999999998,False,True,False,True
808,subcell,-0.39999999999999997,True,True,True,True
809,subcell,-0.7999999999999999,False,True,True,True
810,subcell,-0.6000000000000001,False,False,True,True
811,subcell,-0.7999999999999999,False,True,True,True
812,subcell,-0.19999999999999998,True,False,True,True
813,subcell,-0.6000000000000001,False,False,True,True
814,subcell,1.0,True,False,False,True
815,subcell,0.7999999999999999,True,False,False,True
816,subcell,0.19999999999999998,True,False,True,True
817,subcell,0.19999999999999998,False,True,False,True
818,subcell,-0.39999999999999997,False,True,False,True
819,subcell,0.39999999999999997,True,False,True,True
820,subcell,-0.7999999999999999,False,True,True,True
821,subcell,0.6000000000000001,True,True,False,True
822,subcell,-0.39999999999999997,False,True,False,True
823,subcell,0.7999999999999999,True,True,False,True
824,subcell,-0.39999999999999997,False,True,False,True
825,subcell,0.7999999999999999,True,False,False,True
826,subcell,0.19999999999999998,False,True,False,True
827,subcell,-0.39999999999999997,True,False,True,True
828,subcell,0.7999999999999999,True,False,False,True
829,subcell,-0.39999999999999997,True,False,True,True
830,subcell,0.39999999999999997,True,False,True,True
831,subcell,0.7999999999999999,True,False,False,True
832,subcell,0.0,False,False,True,True
833,subcell,0.19999999999999998,True,False,True,True
834,subcell,-0.7999999999999999,False,True,True,True
835,subcell,0.7999999999999999,True,True,False,True
836,subcell,0.7999999999999999,True,False,False,True
837,subcell,-0.39999999999999997,True,False,True,True
838,subcell,0.39999999999999997,False,True,False,True
839,subcell,0.39999999999999997,False,False,False,False
840,subcell,-0.7999999999999999,False,True,True,True
841,subcell,0.6000000000000001,True,True,False,True
842,subcell,-0.39999999999999997,False,True,False,True
843,subcell,0.39999999999999997,False,True,False,True
844,subcell,-0.39999999999999997,True,True,True,True
845,subcell,0.39999999999999997,True,False,True,True
846,subcell,-0.6000000000000001,False,False,True,True
847,subcell,0.7999999999999999,True,True,False,True
848,subcell,1.0,True,False,False,True
849,subcell,0.39999999999999997,False,False,False,False
850,subcell,0.7999999999999999,True,True,False,True
851,subcell,0.7999999999999999,True,True,False,True
852,subcell,-0.39999999999999997,True,True,True,True
853,subcell,-0.7999999999999999,False,True,True,True
854,subcell,0.7999999999999999,True,False,False,True
855,subcell,0.19999999999999998,False,True,False,True
856,subcell,0.7999999999999999,True,True,False,True
857,subcell,0.6000000000000001,True,True,False,True
858,subcell,0.19999999999999998,True,False,True,True
859,subcell,0.7999999999999999,True,False,False,True
860,subcell,0.7999999999999999,True,False,False,True
861,subcell,0.19999999999999998,False,True,False,True
862,subcell,0.39999999999999997,False,False,False,False
863,subcell,-0.6000000000000001,False,False,True,True
864,subcell,1.0,True,False,False,True
865,subcell,0.7999999999999999,True,False,False,True
866,subcell,1.0,True,False,False,True
867,subcell,0.0,False,False,True,True
868,subcell,-0.39999999999999997,True,True,True,True
869,subcell,0.7999999999999999,True,False,False,True
870,subcell,0.6000000000000001,True,True,False,True
871,subcell,-0.39999999999999997,True,True,True,True
872,subcell,0.7999999999999999,True,False,False,True
873,subcell,0.0,True,True,False,True
874,subcell,-0.7999999999999999,False,False,True,True
875,subcell,0.19999999999999998,False,True,False,True
876,subcell,-0.39999999999999997,True,False,True,True
877,subcell,0.0,False,False,True,True
878,subcell,-0.7999999999999999,False,False,True,True
879,subcell,0.7999999999999999,True,False,False,True
880,subcell,-0.6000000000000001,False,False,True,True
881,subcell,0.7999999999999999,True,False,False,True
882,subcell,0.6000000000000001,True,True,False,True
883,subcell,0.7999999999999999,True,False,False,True
884,subcell,0.7999999999999999,True,False,False,True
885,subcell,-0.39999999999999997,True,False,True,True
886,subcell,0.39999999999999997,False,False,False,False
887,subcell,0.7999999999999999,True,False,False,True
888,subcell,1.0,True,False,False,True
889,subcell,0.19999999999999998,True,False,True,True
890,subcell,0.39999999999999997,False,True,False,True
891,subcell,0.7999999999999999,True,False,False,True
892,subcell,-0.39999999999999997,False,True,False,True
893,subcell,0.39999999999999997,False,False,False,False
894,subcell,0.7999999999999999,True,True,False,True
895,subcell,-0.39999999999999997,True,False,True,True
896,subcell,0.39999999999999997,False,False,False,False
897,subcell,0.7999999999999999,True,False,False,True
898,subcell,0.6000000000000001,True,True,False,True
899,subcell,0.19999999999999998,False,True,False,True
900,subcell,0.39999999999999997,False,False,False,False
901,subcell,-1.0,False,True,True,True
902,subcell,0.39999999999999997,True,False,True,True
903,subcell,0.39999999999999997,False,True,False,True
904,subcell,-0.39999999999999997,True,True,True,True
905,subcell,0.39999999999999997,False,True,False,True
906,subcell,0.0,True,True,False,True
907,subcell,0.7999999999999999,True,True,False,True
908,subcell,0.39999999999999997,True,False,True,True
909,subcell,0.19999999999999998,False,True,False,True
910,subcell,-0.7999999999999999,False,False,True,True
911,subcell,-0.19999999999999998,False,True,False,True
912,subcell,0.39999999999999997,True,False,True,True
913,subcell,0.39999999999999997,False,True,False,True
914,subcell,-0.7999999999999999,False,False,True,True
915,subcell,0.39999999999999997,True,False,True,True
916,subcell,-0.19999999999999998,True,False,True,True
917,subcell,0.39999999999999997,True,False,True,True
918,subcell,0.0,False,False,True,True
919,subcell,-0.7999999999999999,False,True,True,True
920,subcell,-0.7999999999999999,False,True,True,True
921,subcell,1.0,True,False,False,True
922,subcell,0.19999999999999998,True,False,True,True
923,subcell,0.7999999999999999,True,True,False,True
924,subcell,-0.6000000000000001,False,False,True,True
925,subcell,-0.7999999999999999,False,False,True,True
926,subcell,-0.7999999999999999,False,True,True,True
927,subcell,-0.39999999999999997,False,True,False,True
928,subcell,0.39999999999999997,False,True,False,True
929,subcell,1.0,True,False,False,True
930,subcell,-1.0,False,True,True,True
931,subcell,-0.39999999999999997,False,True,False,True
932,subcell,1.0,True,False,False,True
933,subcell,-0.7999999999999999,False,True,True,True
934,subcell,-0.39999999999999997,False,True,False,True
935,subcell,-1.0,False,True,True,True
936,subcell,0.7999999999999999,True,False,False,True
937,subcell,0.7999999999999999,True,False,False,True
938,subcell,-0.7999999999999999,False,True,True,True
939,subcell,0.7999999999999999,True,False,False,True
940,subcell,-0.39999999999999997,False,True,False,True
941,subcell,0.19999999999999998,True,False,True,True
942,subcell,-1.0,False,True,True,True
943,subcell,0.39999999999999997,False,False,False,False
944,subcell,-0.7999999999999999,False,True,True,True
945,subcell,0.6000000000000001,True,True,False,True
946,subcell,0.7999999999999999,True,True,False,True
947,subcell,0.6000000000000001,True,True,False,True
948,subcell,0.0,True,True,False,True
949,subcell,-0.19999999999999998,False,True,False,True
950,subcell,0.0,True,True,False,True
951,subcell,0.7999999999999999,True,True,False,True
952,subcell,0.7999999999999999,True,True,False,True
953,subcell,-0.19999999999999998,True,False,True,True
954,subcell,0.7999999999999999,True,False,False,True
955,subcell,-0.39999999999999997,False,True,False,True
956,subcell,0.6000000000000001,True,True,False,True
957,subcell,-1.0,False,True,True,True
958,subcell,-0.39999999999999997,True,False,True,True
959,subcell,0.7999999999999999,True,True,False,True
960,subcell,0.0,True,True,False,True
961,subcell,0.39999999999999997,False,False,False,False
962,subcell,0.6000000000000001,True,True,False,True
963,subcell,-0.6000000000000001,False,False,True,True
964,subcell,0.6000000000000001,True,True,False,True
965,subcell,-0.39999999999999997,False,True,False,True
966,subcell,-0.39999999999999997,False,True,False,True
967,subcell,-0.7999999999999999,False,True,True,True
968,subcell,0.7999999999999999,True,True,False,True
969,subcell,0.7999999999999999,True,True,False,True
970,subcell,0.7999999999999999,True,True,False,True
971,subcell,-0.39999999999999997,True,True,True,True
972,subcell,0.39999999999999997,True,False,True,True
973,subcell,0.0,True,True,False,True
974,subcell,0.39999999999999997,False,False,False,False
975,subcell,-0.7999999999999999,False,True,True,True
976,subcell,1.0,True,False,False,True
977,subcell,0.6000000000000001,True,True,False,True
978,subcell,-0.7999999999999999,False,False,True,True
979,subcell,-0.7999999999999999,False,True,True,True
980,subcell,-0.39999999999999997,True,True,True,True
981,subcell,0.19999999999999998,False,True,False,True
982,subcell,0.7999999999999999,True,False,False,True
983,subcell,0.39999999999999997,False,False,False,False
984,subcell,-0.7999999999999999,False,True,True,True
985,subcell,0.7999999999999999,True,True,False,True
986,subcell,0.19999999999999998,False,True,False,True
987,subcell,0.7999999999999999,True,True,False,True
988,subcell,0.19999999999999998,False,True,False,True
989,subcell,0.0,False,False,True,True
990,subcell,0.7999999999999999,True,False,False,True
991,subcell,-0.39999999999999997,True,False,True,True
992,subcell,1.0,True,False,False,True
993,subcell,0.7999999999999999,True,True,False,True
994,subcell,1.0,True,False,False,True
995,subcell,0.39999999999999997,False,True,False,True
996,subcell,-0.39999999999999997,False,True,False,True
997,subcell,0.39999999999999997,False,True,False,True
998,subcell,-0.7999999999999999,False,True,True,True
999,subcell,0.0,True,True,False,True
1000,subcell,-1.0,False,True,True,True
1001,subcell,-0.39999999999999997,True,True,True,True
1002,subcell,-0.39999999999999997,False,True,False,True
1003,subcell,0.19999999999999998,True,False,True,True
1004,subcell,-0.39999999999999997,True,True,True,True
1005,subcell,1.0,True,False,False,True
1006,subcell,-0.7999999999999999,False,False,True,True
1007,subcell,-0.19999999999999998,True,False,True,True
1008,subcell,0.0,False,False,True,True
1009,subcell,-0.19999999999999998,False,True,False,True
1010,subcell,0.19999999999999998,False,True,False,True
1011,subcell,0.19999999999999998,False,True,False,True
1012,subcell,-0.39999999999999997,True,True,True,True
1013,subcell,0.7999999999999999,True,True,False,True
1014,subcell,-0.7999999999999999,False,True,True,True
1015,subcell,0.39999999999999997,False,True,False,True
1016,subcell,0.39999999999999997,True,False,True,True
1017,subcell,0.19999999999999998,False,True,False,True
1018,subcell,-0.7999999999999999,False,False,True,True
1019,subcell,0.39999999999999997,True,False,True,True
1020,subcell,0.7999999999999999,True,True,False,True
1021,subcell,0.7999999999999999,True,False,False,True
1022,subcell,0.7999999999999999,True,False,False,True
1023,subcell,0.7999999999999999,True,False,False,True
1024,subcell,0.7999999999999999,True,True,False,True
1025,subcell,0.19999999999999998,True,False,True,True
1026,subcell,-0.39999999999999997,False,True,False,True
1027,subcell,0.0,False,False,True,True
1028,subcell,-0.7999999999999999,False,False,True,True
1029,subcell,-0.39999999999999997,False,True,False,True
1030,subcell,-0.39999999999999997,True,False,True,True
1031,subcell,-0.39999999999999997,True,True,True,True
1032,subcell,0.39999999999999997,False,True,False,True
1033,subcell,-0.39999999999999997,False,True,False,True
1034,subcell,0.7999999999999999,True,True,False,True
1035,subcell,0.7999999999999999,True,False,False,True
1036,subcell,0.19999999999999998,True,False,True,True
1037,subcell,-0.19999999999999998,False,True,False,True
1038,subcell,0.7999999999999999,True,True,False,True
1039,subcell,0.39999999999999997,False,False,False,False
1040,subcell,0.39999999999999997,True,False,True,True
1041,subcell,0.7999999999999999,True,False,False,True
1042,subcell,1.0,True,False,False,True
1043,subcell,-0.7999999999999999,False,True,True,True
1044,subcell,1.0,True,False,False,True
1045,subcell,0.0,True,True,False,True
1046,subcell,1.0,True,False,False,True
1047,subcell,-0.39999999999999997,True,True,True,True
1048,subcell,-0.6000000000000001,False,False,True,True
1049,subcell,-0.39999999999999997,True,False,True,True
1050,subcell,0.39999999999999997,True,False,True,True
1051,subcell,-0.19999999999999998,True,False,True,True
1052,subcell,0.0,False,False,True,True
1053,subcell,-0.39999999999999997,True,True,True,True
1054,subcell,-0.39999999999999997,True,True,True,True
1055,subcell,-0.39999999999999997,True,True,True,True
1056,subcell,-0.39999999999999997,True,True,True,True
1057,subcell,0.7999999999999999,True,False,False,True
1058,subcell,0.19999999999999998,False,True,False,True
1059,subcell,0.7999999999999999,True,False,False,True
1060,subcell,0.39999999999999997,True,False,True,True
1061,subcell,0.39999999999999997,False,False,False,False
1062,subcell,-0.39999999999999997,False,True,False,True
1063,subcell,0.39999999999999997,True,False,True,True
1064,subcell,0.7999999999999999,True,False,False,True
1065,subcell,-0.6000000000000001,False,False,True,True
1066,subcell,-0.19999999999999998,False,True,False,True
1067,subcell,-0.19999999999999998,False,True,False,True
1068,subcell,-0.19999999999999998,False,True,False,True
1069,subcell,-1.0,False,True,True,True
1070,subcell,0.7999999999999999,True,True,False,True
1071,subcell,0.39999999999999997,True,False,True,True
1072,subcell,1.0,True,False,False,True
1073,subcell,0.39999999999999997,False,False,False,False
1074,subcell,-0.19999999999999998,False,True,False,True
1075,subcell,0.7999999999999999,True,False,False,True
1076,subcell,0.39999999999999997,True,False,True,True
1077,subcell,-0.19999999999999998,True,False,True,True
1078,subcell,0.7999999999999999,True,False,False,True
1079,subcell,0.39999999999999997,True,False,True,True
1080,subcell,-0.39999999999999997,True,True,True,True
1081,subcell,0.19999999999999998,False,True,False,True
1082,subcell,-1.0,False,True,True,True
1083,subcell,-0.39999999999999997,True,True,True,True
1084,subcell,-0.19999999999999998,True,False,True,True
1085,subcell,0.19999999999999998,False,True,False,True
1086,subcell,0.39999999999999997,False,False,False,False
1087,subcell,0.39999999999999997,False,True,False,True
1088,subcell,0.39999999999999997,False,True,False,True
1089,subcell,1.0,True,False,False,True
1090,subcell,-0.39999999999999997,True,False,True,True
1091,subcell,0.7999999999999999,True,True,False,True
1092,subcell,0.6000000000000001,True,True,False,True
1093,subcell,0.39999999999999997,False,False,False,False
1094,subcell,0.39999999999999997,False,True,False,True
1095,subcell,-0.19999999999999998,False,True,False,True
1096,subcell,-0.7999999999999999,False,True,True,True
1097,subcell,0.7999999999999999,True,False,False,True
1098,subcell,0.39999999999999997,True,False,True,True
1099,subcell,0.39999999999999997,False,True,False,True
1100,subcell,-0.39999999999999997,True,False,True,True
1101,subcell,1.0,True,False,False,True
1102,subcell,0.39999999999999997,False,True,False,True
1103,subcell,-0.39999999999999997,True,True,True,True
1104,subcell,0.7999999999999999,True,False,False,True
1105,subcell,-0.7999999999999999,False,False,True,True
1106,subcell,-0.39999999999999997,True,True,True,True
1107,subcell,-0.19999999999999998,True,False,True,True
1108,subcell,0.39999999999999997,False,False,False,False
1109,subcell,0.7999999999999999,True,True,False,True
1110,subcell,-0.39999999999999997,False,True,False,True
1111,subcell,-0.7999999999999999,False,True,True,True
1112,subcell,0.39999999999999997,False,False,False,False
1113,subcell,-0.7999999999999999,False,True,True,True
1114,subcell,-0.39999999999999997,True,True,True,True
1115,subcell,-0.19999999999999998,False,True,False,True
1116,subcell,0.19999999999999998,False,True,False,True
1117,subcell,-0.39999999999999997,True,False,True,True
1118,subcell,-0.39999999999999997,True,True,True,True
1119,subcell,0.39999999999999997,False,True,False,True
1120,subcell,1.0,True,False,False,True
1121,subcell,-0.7999999999999999,False,False,True,True
1122,subcell,-0.19999999999999998,True,False,True,True
1123,subcell,0.39999999999999997,True,False,True,True
1124,subcell,0.6000000000000001,True,True,False,True
1125,subcell,0.19999999999999998,False,True,False,True
1126,subcell,-0.7999999999999999,False,True,True,True
1127,subcell,-0.39999999999999997,True,False,True,True
1128,subcell,-0.19999999999999998,True,False,True,True
1129,subcell,0.39999999999999997,False,False,False,False
1130,subcell,-0.19999999999999998,True,False,True,True
1131,subcell,0.7999999999999999,True,False,False,True
1132,subcell,0.7999999999999999,True,True,False,True
1133,subcell,-0.6000000000000001,False,False,True,True
1134,subcell,0.7999999999999999,True,False,False,True
1135,subcell,0.39999999999999997,False,False,False,False
1136,subcell,-0.19999999999999998,True,False,True,True
1137,subcell,-0.39999999999999997,True,True,True,True
1138,subcell,-0.6000000000000001,False,False,True,True
1139,subcell,0.19999999999999998,True,False,True,True
1140,subcell,-0.19999999999999998,True,False,True,True
1141,subcell,-0.7999999999999999,False,True,True,True
1142,subcell,-0.39999999999999997,True,True,True,True
1143,subcell,1.0,True,False,False,True
1144,subcell,-0.19999999999999998,False,True,False,True
1145,subcell,0.19999999999999998,False,True,False,True
1146,subcell,0.0,True,True,False,True
1147,subcell,-0.7999999999999999,False,True,True,True
1148,subcell,-0.7999999999999999,False,True,True,True
1149,subcell,0.0,True,True,False,True
1150,subcell,0.19999999999999998,False,True,False,True
1151,subcell,-0.7999999999999999,False,False,True,True
1152,subcell,1.0,True,False,False,True
1153,subcell,0.39999999999999997,False,True,False,True
1154,subcell,0.39999999999999997,False,True,False,True
1155,subcell,-0.7999999999999999,False,False,True,True
1156,subcell,0.39999999999999997,False,True,False,True
1157,subcell,1.0,True,False,False,True
1158,subcell,-0.6000000000000001,False,False,True,True
1159,subcell,0.0,True,True,False,True
1160,subcell,0.7999999999999999,True,True,False,True
1161,subcell,0.0,True,True,False,True
1162,subcell,-0.39999999999999997,False,True,False,True
1163,subcell,0.7999999999999999,True,False,False,True
1164,subcell,0.6000000000000001,True,True,False,True
1165,subcell,0.0,False,False,True,True
1166,subcell,-0.39999999999999997,False,True,False,True
1167,subcell,-0.39999999999999997,True,True,True,True
1168,subcell,-0.7999999999999999,False,True,True,True
1169,subcell,-0.19999999999999998,False,True,False,True
1170,subcell,0.19999999999999998,False,True,False,True
1171,subcell,0.6000000000000001,True,True,False,True
1172,subcell,0.39999999999999997,False,True,False,True
1173,subcell,0.39999999999999997,False,True,False,True
1174,subcell,-0.39999999999999997,True,True,True,True
1175,subcell,1.0,True,False,False,True
1176,subcell,0.7999999999999999,True,False,False,True
1177,subcell,-0.39999999999999997,True,True,True,True
1178,subcell,0.0,False,False,True,True
1179,subcell,1.0,True,False,False,True
1180,subcell,-0.39999999999999997,True,False,True,True
1181,subcell,-0.7999999999999999,False,True,True,True
1182,subcell,0.7999999999999999,True,False,False,True
1183,subcell,-0.7999999999999999,False,True,True,True
1184,subcell,0.7999999999999999,True,False,False,True
1185,subcell,-0.39999999999999997,True,False,True,True
1186,subcell,0.39999999999999997,True,False,True,True
1187,subcell,0.39999999999999997,True,False,True,True
1188,subcell,0.0,False,False,True,True
1189,subcell,-0.39999999999999997,True,True,True,True
1190,subcell,-0.19999999999999998,False,True,False,True
1191,subcell,0.39999999999999997,False,False,False,False
1192,subcell,0.39999999999999997,False,False,False,False
1193,subcell,0.39999999999999997,False,False,False,False
1194,subcell,0.39999999999999997,False,True,False,True
1195,subcell,1.0,True,False,False,True
1196,subcell,0.39999999999999997,True,False,True,True
1197,subcell,0.39999999999999997,False,True,False,True
1198,subcell,0.7999999999999999,True,False,False,True
1199,subcell,0.0,True,True,False,True
1200,subcell,-0.39999999999999997,True,True,True,True
1201,subcell,-0.39999999999999997,False,True,False,True
1202,subcell,0.39999999999999997,False,True,False,True
1203,subcell,0.39999999999999997,False,True,False,True
1204,subcell,0.6000000000000001,True,True,False,True
1205,subcell,0.0,True,True,False,True
1206,subcell,-0.39999999999999997,True,True,True,True
1207,subcell,0.6000000000000001,True,True,False,True
1208,subcell,-0.19999999999999998,True,False,True,True
1209,subcell,-0.7999999999999999,False,False,True,True
1210,subcell,0.0,True,True,False,True
1211,subcell,-0.39999999999999997,True,False,True,True
1212,subcell,-0.39999999999999997,False,True,False,True
1213,subcell,0.39999999999999997,False,False,False,False
1214,subcell,0.7999999999999999,True,False,False,True
1215,subcell,0.7999999999999999,True,False,False,True
1216,subcell,-1.0,False,True,True,True
1217,subcell,-0.39999999999999997,True,True,True,True
1218,subcell,0.6000000000000001,True,True,False,True
1219,subcell,0.0,True,True,False,True
1220,subcell,0.39999999999999997,False,False,False,False
1221,subcell,-0.19999999999999998,True,False,True,True
1222,subcell,-0.7999999999999999,False,True,True,True
1223,subcell,-0.19999999999999998,False,True,False,True
1224,subcell,0.7999999999999999,True,False,False,True
1225,subcell,0.19999999999999998,True,False,True,True
1226,subcell,0.19999999999999998,False,True,False,True
1227,subcell,0.0,True,True,False,True
1228,subcell,-0.39999999999999997,True,True,True,True
1229,subcell,-0.7999999999999999,False,True,True,True
1230,subcell,0.19999999999999998,False,True,False,True
1231,subcell,-1.0,False,True,True,True
1232,subcell,0.39999999999999997,False,False,False,False
1233,subcell,-0.39999999999999997,False,True,False,True
1234,subcell,-0.7999999999999999,False,True,True,True
1235,subcell,0.0,False,False,True,True
1236,subcell,0.39999999999999997,False,False,False,False
1237,subcell,-0.39999999999999997,False,True,False,True
1238,subcell,-0.19999999999999998,True,False,True,True
1239,subcell,0.39999999999999997,False,False,False,False
1240,subcell,0.39999999999999997,False,True,False,True
1241,subcell,-0.39999999999999997,False,True,False,True
1242,subcell,0.7999999999999999,True,True,False,True
1243,subcell,0.39999999999999997,False,True,False,True
1244,subcell,-0.19999999999999998,True,False,True,True
1245,subcell,-0.7999999999999999,False,True,True,True
1246,subcell,-0.19999999999999998,False,True,False,True
1247,subcell,0.0,False,False,True,True
1248,subcell,0.0,False,False,True,True
1249,subcell,0.39999999999999997,False,True,False,True
1250,subcell,0.7999999999999999,True,True,False,True
1251,subcell,-0.39999999999999997,False,True,False,True
1252,subcell,-0.39999999999999997,False,True,False,True
1253,subcell,0.7999999999999999,True,True,False,True
1254,subcell,0.0,True,True,False,True
1255,subcell,0.39999999999999997,False,False,False,False
1256,subcell,-0.39999999999999997,False,True,False,True
1257,subcell,1.0,True,False,False,True
1258,subcell,0.19999999999999998,False,True,False,True
1259,subcell,-0.39999999999999997,True,True,True,True
1260,subcell,0.39999999999999997,False,True,False,True
1261,subcell,1.0,True,False,False,True
1262,subcell,1.0,True,False,False,True
1263,subcell,-0.19999999999999998,True,False,True,True
1264,subcell,0.39999999999999997,False,True,False,True
1265,subcell,0.19999999999999998,False,True,False,True
1266,subcell,-0.7999999999999999,False,True,True,True
1267,subcell,0.39999999999999997,False,True,False,True
1268,subcell,0.0,True,True,False,True
1269,subcell,1.0,True,False,False,True
1270,subcell,0.39999999999999997,False,True,False,True
1271,subcell,-0.19999999999999998,False,True,False,True
1272,subcell,-0.19999999999999998,True,False,True,True
1273,subcell,0.39999999999999997,True,False,True,True
1274,subcell,1.0,True,False,False,True
1275,subcell,-0.39999999999999997,True,True,True,True
1276,subcell,-0.39999999999999997,False,True,False,True
1277,subcell,0.39999999999999997,False,False,False,False
1278,subcell,0.39999999999999997,False,False,False,False
1279,subcell,-0.39999999999999997,False,True,False,True
1280,subcell,0.0,True,True,False,True
1281,subcell,1.0,True,False,False,True
1282,subcell,0.7999999999999999,True,False,False,True
1283,subcell,0.7999999999999999,True,True,False,True
1284,subcell,-0.19999999999999998,True,False,True,True
1285,subcell,0.7999999999999999,True,True,False,True
1286,subcell,0.6000000000000001,True,True,False,True
1287,subcell,-0.39999999999999997,True,False,True,True
1288,subcell,-0.39999999999999997,True,True,True,True
1289,subcell,-0.39999999999999997,False,True,False,True
1290,subcell,0.7999999999999999,True,True,False,True
1291,subcell,0.0,False,False,True,True
1292,subcell,-0.7999999999999999,False,False,True,True
1293,subcell,0.0,True,True,False,True
1294,subcell,-0.19999999999999998,False,True,False,True
1295,subcell,0.39999999999999997,False,True,False,True
1296,subcell,0.7999999999999999,True,False,False,True
1297,subcell,0.7999999999999999,True,False,False,True
1298,subcell,0.19999999999999998,False,True,False,True
1299,subcell,0.0,True,True,False,True
1300,subcell,-0.39999999999999997,True,False,True,True
1301,subcell,-0.19999999999999998,False,True,False,True
1302,subcell,0.7999999999999999,True,True,False,True
1303,subcell,0.39999999999999997,False,True,False,True
1304,subcell,-0.7999999999999999,False,False,True,True
1305,subcell,0.39999999999999997,True,False,True,True
1306,subcell,-0.7999999999999999,False,True,True,True
1307,subcell,0.7999999999999999,True,False,False,True
1308,subcell,-0.6000000000000001,False,False,True,True
1309,subcell,0.7999999999999999,True,True,False,True
1310,subcell,0.0,False,False,True,True
1311,subcell,-1.0,False,True,True,True
1312,subcell,-0.19999999999999998,False,True,False,True
1313,subcell,0.39999999999999997,True,False,True,True
1314,subcell,0.39999999999999997,False,True,False,True
1315,subcell,0.7999999999999999,True,False,False,True
1316,subcell,0.39999999999999997,True,False,True,True
1317,subcell,-0.39999999999999997,True,False,True,True
1318,subcell,0.6000000000000001,True,True,False,True
1319,subcell,0.39999999999999997,False,True,False,True
1320,subcell,0.0,True,True,False,True
1321,subcell,0.0,True,True,False,True
1322,subcell,-1.0,False,True,True,True
1323,subcell,-0.7999999999999999,False,False,True,True
1324,subcell,-0.19999999999999998,False,True,False,True
1325,subcell,0.7999999999999999,True,True,False,True
1326,subcell,-0.7999999999999999,False,True,True,True
1327,subcell,-0.19999999999999998,True,False,True,True
1328,subcell,0.6000000000000001,True,True,False,True
1329,subcell,-0.7999999999999999,False,True,True,True
1330,subcell,0.39999999999999997,False,False,False,False
1331,subcell,1.0,True,False,False,True
1332,subcell,0.19999999999999998,False,True,False,True
1333,subcell,0.19999999999999998,True,False,True,True
1334,subcell,-0.19999999999999998,True,False,True,True
1335,subcell,0.7999999999999999,True,True,False,True
1336,subcell,0.0,False,False,True,True
1337,subcell,0.7999999999999999,True,True,False,True
1338,subcell,0.7999999999999999,True,False,False,True
1339,subcell,0.7999999999999999,True,True,False,True
1340,subcell,1.0,True,False,False,True
1341,subcell,0.7999999999999999,True,False,False,True
1342,subcell,1.0,True,False,False,True
1343,subcell,-0.39999999999999997,True,True,True,True
1344,subcell,-0.6000000000000001,False,False,True,True
1345,subcell,0.39999999999999997,False,False,False,False
1346,subcell,0.7999999999999999,True,False,False,True
1347,subcell,0.19999999999999998,True,False,True,True
1348,subcell,1.0,True,False,False,True
1349,subcell,0.39999999999999997,False,False,False,False
1350,subcell,0.7999999999999999,True,False,False,True
1351,subcell,0.0,False,False,True,True
1352,subcell,0.19999999999999998,False,True,False,True
1353,subcell,0.7999999999999999,True,True,False,True
1354,subcell,0.7999999999999999,True,False,False,True
1355,subcell,0.19999999999999998,True,False,True,True
1356,subcell,0.7999999999999999,True,True,False,True
1357,subcell,0.7999999999999999,True,True,False,True
1358,subcell,0.7999999999999999,True,True,False,True
1359,subcell,-0.39999999999999997,True,True,True,True
1360,subcell,-1.0,False,True,True,True
1361,subcell,0.0,False,False,True,True
1362,subcell,0.6000000000000001,True,True,False,True
1363,subcell,0.39999999999999997,True,False,True,True
1364,subcell,-0.7999999999999999,False,True,True,True
1365,subcell,0.19999999999999998,True,False,True,True
1366,subcell,1.0,True,False,False,True
1367,subcell,0.19999999999999998,False,True,False,True
1368,subcell,0.7999999999999999,True,True,False,True
1369,subcell,0.6000000000000001,True,True,False,True
1370,subcell,0.7999999999999999,True,True,False,True
1371,subcell,0.39999999999999997,True,False,True,True
1372,subcell,-0.7999999999999999,False,True,True,True
1373,subcell,0.39999999999999997,False,True,False,True
1374,subcell,0.6000000000000001,True,True,False,True
1375,subcell,0.39999999999999997,False,False,False,False
1376,subcell,-0.7999999999999999,False,True,True,True
1377,subcell,0.7999999999999999,True,False,False,True
1378,subcell,-1.0,False,True,True,True
1379,subcell,0.39999999999999997,True,False,True,True
1380,subcell,0.39999999999999997,False,False,False,False
1381,subcell,1.0,True,False,False,True
1382,subcell,-0.39999999999999997,True,True,True,True
1383,subcell,0.6000000000000001,True,True,False,True
1384,subcell,0.7999999999999999,True,False,False,True
1385,subcell,0.6000000000000001,True,True,False,True
1386,subcell,0.7999999999999999,True,True,False,True
1387,subcell,0.19999999999999998,False,True,False,True
1388,subcell,-0.7999999999999999,False,False,True,True
1389,subcell,0.6000000000000001,True,True,False,True
1390,subcell,0.0,True,True,False,True
1391,subcell,0.39999999999999997,False,False,False,False
1392,subcell,1.0,True,False,False,True
1393,subcell,-0.6000000000000001,False,False,True,True
1394,subcell,0.7999999999999999,True,True,False,True
1395,subcell,-0.6000000000000001,False,False,True,True
1396,subcell,0.7999999999999999,True,True,False,True
1397,subcell,-1.0,False,True,True,True
1398,subcell,0.0,True,True,False,True
1399,subcell,-0.39999999999999997,True,False,True,True
1400,subcell,0.7999999999999999,True,True,False,True
1401,subcell,0.39999999999999997,False,False,False,False
1402,subcell,-0.7999999999999999,False,True,True,True
1403,subcell,0.7999999999999999,True,True,False,True
1404,subcell,-0.19999999999999998,True,False,True,True
1405,subcell,0.7999999999999999,True,False,False,True
1406,subcell,0.0,True,True,False,True
1407,subcell,0.39999999999999997,True,False,True,True
1408,subcell,0.6000000000000001,True,True,False,True
1409,subcell,0.19999999999999998,True,False,True,True
1410,subcell,-0.39999999999999997,True,True,True,True
1411,subcell,0.0,False,False,True,True
1412,subcell,0.7999999999999999,True,False,False,True
1413,subcell,-0.6000000000000001,False,False,True,True
1414,subcell,0.0,False,False,True,True
1415,subcell,-0.39999999999999997,False,True,False,True
1416,subcell,0.39999999999999997,False,False,False,False
1417,subcell,0.39999999999999997,False,True,False,True
1418,subcell,0.19999999999999998,True,False,True,True
1419,subcell,-0.39999999999999997,True,True,True,True
1420,subcell,0.19999999999999998,True,False,True,True
1421,subcell,-0.39999999999999997,True,False,True,True
1422,subcell,-0.7999999999999999,False,True,True,True
1423,subcell,1.0,True,False,False,True
1424,subcell,0.39999999999999997,True,False,True,True
1425,subcell,0.6000000000000001,True,True,False,True
1426,subcell,0.7999999999999999,True,False,False,True
1427,subcell,0.0,True,True,False,True
1428,subcell,0.39999999999999997,False,False,False,False
1429,subcell,-0.39999999999999997,True,False,True,True
1430,subcell,0.7999999999999999,True,True,False,True
1431,subcell,-0.7999999999999999,False,True,True,True
1432,subcell,0.39999999999999997,False,True,False,True
1433,subcell,0.39999999999999997,False,False,False,False
1434,subcell,0.0,True,True,False,True
1435,subcell,-0.6000000000000001,False,False,True,True
1436,subcell,-0.39999999999999997,True,True,True,True
1437,subcell,0.39999999999999997,True,False,True,True
1438,subcell,-0.7999999999999999,False,False,True,True
1439,subcell,0.39999999999999997,False,False,False,False
1440,subcell,-0.39999999999999997,True,False,True,True
1441,subcell,0.7999999999999999,True,True,False,True
1442,subcell,-0.39999999999999997,True,True,True,True
1443,subcell,-0.39999999999999997,True,True,True,True
1444,subcell,-0.6000000000000001,False,False,True,True
1445,subcell,0.39999999999999997,True,False,True,True
1446,subcell,0.39999999999999997,False,True,False,True
1447,subcell,0.19999999999999998,True,False,True,True
1448,subcell,0.39999999999999997,False,True,False,True
1449,subcell,0.0,False,False,True,True
1450,subcell,0.39999999999999997,False,False,False,False
1451,subcell,-0.39999999999999997,False,True,False,True
1452,subcell,-0.7999999999999999,False,False,True,True
1453,subcell,0.39999999999999997,True,False,True,True
1454,subcell,-0.19999999999999998,True,False,True,True
1455,subcell,0.7999999999999999,True,False,False,True
1456,subcell,-0.7999999999999999,False,True,True,True
1457,subcell,0.19999999999999998,False,True,False,True
1458,subcell,-1.0,False,True,True,True
1459,subcell,0.7999999999999999,True,False,False,True
1460,subcell,0.7999999999999999,True,True,False,True
1461,subcell,-0.7999999999999999,False,False,True,True
1462,subcell,0.6000000000000001,True,True,False,True
1463,subcell,0.0,False,False,True,True
1464,subcell,-0.7999999999999999,False,False,True,True
1465,subcell,-0.6000000000000001,False,False,True,True
1466,subcell,-1.0,False,True,True,True
1467,subcell,0.39999999999999997,False,False,False,False
1468,subcell,0.7999999999999999,True,True,False,True
1469,subcell,0.39999999999999997,False,True,False,True
1470,subcell,-0.7999999999999999,False,True,True,True
1471,subcell,-1.0,False,True,True,True
1472,subcell,0.7999999999999999,True,True,False,True
1473,subcell,0.6000000000000001,True,True,False,True
1474,subcell,-1.0,False,True,True,True
1475,subcell,1.0,True,False,False,True
1476,subcell,-0.7999999999999999,False,False,True,True
1477,subcell,-0.7999999999999999,False,True,True,True
1478,subcell,0.39999999999999997,False,True,False,True
1479,subcell,0.7999999999999999,True,True,False,True
1480,subcell,1.0,True,False,False,True
1481,subcell,0.39999999999999997,False,True,False,True
1482,subcell,0.7999999999999999,True,False,False,True
1483,subcell,-0.19999999999999998,True,False,True,True
1484,subcell,0.7999999999999999,True,True,False,True
1485,subcell,-0.39999999999999997,False,True,False,True
1486,subcell,-0.7999999999999999,False,False,True,True
1487,subcell,0.7999999999999999,True,False,False,True
1488,subcell,0.19999999999999998,False,True,False,True
1489,subcell,-0.7999999999999999,False,True,True,True
1490,subcell,0.39999999999999997,False,False,False,False
1491,subcell,-0.7999999999999999,False,True,True,True
1492,subcell,0.39999999999999997,False,False,False,False
1493,subcell,-0.19999999999999998,True,False,True,True
1494,subcell,0.39999999999999997,False,False,False,False
1495,subcell,0.7999999999999999,True,False,False,True
1496,subcell,0.6000000000000001,True,True,False,True
1497,subcell,0.6000000000000001,True,True,False,True
1498,subcell,-0.7999999999999999,False,True,True,True
1499,subcell,0.39999999999999997,True,False,True,True
1500,subcell,0.6000000000000001,True,True,False,True
1501,subcell,-0.39999999999999997,True,True,True,True
1502,subcell,0.19999999999999998,False,True,False,True
1503,subcell,-0.6000000000000001,False,False,True,True
1504,subcell,0.39999999999999997,False,False,False,False
1505,subcell,-0.39999999999999997,True,False,True,True
1506,subcell,0.7999999999999999,True,False,False,True
1507,subcell,0.39999999999999997,False,False,False,False
1508,subcell,-0.7999999999999999,False,False,True,True
1509,subcell,0.7999999999999999,True,False,False,True
1510,subcell,-0.39999999999999997,True,True,True,True
1511,subcell,0.7999999999999999,True,False,False,True
1512,subcell,0.39999999999999997,False,True,False,True
1513,subcell,0.7999999999999999,True,False,False,True
1514,subcell,-0.39999999999999997,False,True,False,True
1515,subcell,1.0,True,False,False,True
1516,subcell,0.39999999999999997,False,True,False,True
1517,subcell,0.39999999999999997,False,False,False,False
1518,subcell,0.7999999999999999,True,False,False,True
1519,subcell,0.19999999999999998,True,False,True,True
1520,subcell,0.7999999999999999,True,False,False,True
1521,subcell,0.0,True,True,False,True
1522,subcell,0.39999999999999997,False,True,False,True
1523,subcell,0.39999999999999997,False,True,False,True
1524,subcell,0.7999999999999999,True,False,False,True
1525,subcell,-0.7999999999999999,False,True,True,True
1526,subcell,-0.19999999999999998,False,True,False,True
1527,subcell,-0.39999999999999997,True,True,True,True
1528,subcell,-0.19999999999999998,False,True,False,True
1529,subcell,-0.7999999999999999,False,True,True,True
1530,subcell,-0.7999999999999999,False,True,True,True
1531,subcell,0.7999999999999999,True,False,False,True
1532,subcell,0.39999999999999997,False,False,False,False
1533,subcell,-0.7999999999999999,False,False,True,True
1534,subcell,0.39999999999999997,False,True,False,True
1535,subcell,0.0,True,True,False,True
1536,subcell,-0.19999999999999998,True,False,True,True
1537,subcell,-0.7999999999999999,False,False,True,True
1538,subcell,0.6000000000000001,True,True,False,True
1539,subcell,-0.39999999999999997,True,True,True,True
1540,subcell,0.0,False,False,True,True
1541,subcell,0.7999999999999999,True,False,False,True
1542,subcell,0.7999999999999999,True,False,False,True
1543,subcell,-0.39999999999999997,False,True,False,True
1544,subcell,-0.19999999999999998,True,False,True,True
1545,subcell,-0.39999999999999997,False,True,False,True
1546,subcell,-0.19999999999999998,True,False,True,True
1547,subcell,-0.19999999999999998,False,True,False,True
1548,subcell,0.7999999999999999,True,False,False,True
1549,subcell,0.19999999999999998,False,True,False,True
1550,subcell,0.39999999999999997,False,True,False,True
1551,subcell,0.39999999999999997,True,False,True,True
1552,subcell,0.0,True,True,False,True
1553,subcell,0.7999999999999999,True,False,False,True
1554,subcell,0.19999999999999998,True,False,True,True
1555,subcell,0.6000000000000001,True,True,False,True
1556,subcell,-0.7999999999999999,False,True,True,True
1557,subcell,0.7999999999999999,True,True,False,True
1558,subcell,0.39999999999999997,True,False,True,True
1559,subcell,1.0,True,False,False,True
1560,subcell,-0.19999999999999998,False,True,False,True
1561,subcell,-0.19999999999999998,True,False,True,True
1562,subcell,0.7999999999999999,True,True,False,True
1563,subcell,0.7999999999999999,True,False,False,True
1564,subcell,0.0,False,False,True,True
1565,subcell,0.7999999999999999,True,True,False,True
1566,subcell,0.0,True,True,False,True
1567,subcell,0.7999999999999999,True,True,False,True
1568,subcell,-0.7999999999999999,False,True,True,True
1569,subcell,-0.39999999999999997,True,True,True,True
1570,subcell,-0.39999999999999997,True,False,True,True
1571,subcell,-0.39999999999999997,True,True,True,True
1572,subcell,0.0,True,True,False,True
1573,subcell,1.0,True,False,False,True
1574,subcell,0.7999999999999999,True,False,False,True
1575,subcell,0.19999999999999998,True,False,True,True
1576,subcell,0.19999999999999998,False,True,False,True
1577,subcell,0.39999999999999997,True,False,True,True
1578,subcell,0.7999999999999999,True,False,False,True
1579,subcell,-0.19999999999999998,True,False,True,True
1580,subcell,0.7999999999999999,True,False,False,True
1581,subcell,-0.39999999999999997,True,True,True,True
1582,subcell,0.0,False,False,True,True
1583,subcell,0.0,False,False,True,True
1584,subcell,-0.7999999999999999,False,True,True,True
1585,subcell,0.19999999999999998,True,False,True,True
1586,subcell,0.39999999999999997,True,False,True,True
1587,subcell,0.39999999999999997,True,False,True,True
1588,subcell,0.39999999999999997,False,True,False,True
1589,subcell,0.0,True,True,False,True
1590,subcell,0.7999999999999999,True,True,False,True
1591,subcell,0.39999999999999997,False,True,False,True
1592,subcell,0.7999999999999999,True,False,False,True
1593,subcell,-0.7999999999999999,False,True,True,True
1594,subcell,0.19999999999999998,True,False,True,True
1595,subcell,-0.39999999999999997,False,True,False,True
1596,subcell,-0.19999999999999998,True,False,True,True
1597,subcell,0.39999999999999997,False,True,False,True
1598,subcell,0.6000000000000001,True,True,False,True
1599,subcell,0.19999999999999998,True,False,True,True
1600,subcell,0.6000000000000001,True,True,False,True
1601,subcell,-0.19999999999999998,True,False,True,True
1602,subcell,-0.7999999999999999,False,False,True,True
1603,subcell,0.39999999999999997,True,False,True,True
1604,subcell,-0.7999999999999999,False,True,True,True
1605,subcell,0.19999999999999998,False,True,False,True
1606,subcell,0.39999999999999997,False,False,False,False
1607,subcell,0.7999999999999999,True,True,False,True
1608,subcell,-0.39999999999999997,False,True,False,True
1609,subcell,-0.39999999999999997,True,False,True,True
1610,subcell,-0.39999999999999997,False,True,False,True
1611,subcell,0.19999999999999998,False,True,False,True
1612,subcell,0.19999999999999998,False,True,False,True
1613,subcell,0.7999999999999999,True,False,False,True
1614,subcell,0.0,True,True,False,True
1615,subcell,1.0,True,False,False,True
1616,subcell,0.19999999999999998,True,False,True,True
1617,subcell,-0.39999999999999997,False,True,False,True
1618,subcell,-0.7999999999999999,False,True,True,True
1619,subcell,0.6000000000000001,True,True,False,True
1620,subcell,0.39999999999999997,False,False,False,False
1621,subcell,-1.0,False,True,True,True
1622,subcell,0.19999999999999998,False,True,False,True
1623,subcell,-0.7999999999999999,False,True,True,True
1624,subcell,0.7999999999999999,True,True,False,True
1625,subcell,-1.0,False,True,True,True
1626,subcell,0.0,False,False,True,True
1627,subcell,-0.19999999999999998,True,False,True,True
1628,subcell,0.19999999999999998,False,True,False,True
1629,subcell,0.39999999999999997,False,False,False,False
1630,subcell,-0.7999999999999999,False,True,True,True
1631,subcell,0.0,False,False,True,True
1632,subcell,0.7999999999999999,True,False,False,True
1633,subcell,-0.7999999999999999,False,True,True,True
1634,subcell,1.0,True,False,False,True
1635,subcell,0.0,True,True,False,True
1636,subcell,0.39999999999999997,True,False,True,True
1637,subcell,0.19999999999999998,False,True,False,True
1638,subcell,0.39999999999999997,False,True,False,True
1639,subcell,-0.6000000000000001,False,False,True,True
1640,subcell,0.7999999999999999,True,True,False,True
1641,subcell,0.7999999999999999,True,True,False,True
1642,subcell,0.19999999999999998,False,True,False,True
1643,subcell,0.7999999999999999,True,False,False,True
1644,subcell,1.0,True,False,False,True
1645,subcell,0.0,True,True,False,True
1646,subcell,0.39999999999999997,True,False,True,True
1647,subcell,0.7999999999999999,True,False,False,True
1648,subcell,0.0,True,True,False,True
1649,subcell,0.6000000000000001,True,True,False,True
1650,subcell,0.7999999999999999,True,False,False,True
1651,subcell,0.6000000000000001,True,True,False,True
1652,subcell,-0.39999999999999997,False,True,False,True
1653,subcell,-0.7999999999999999,False,False,True,True
1654,subcell,-0.7999999999999999,False,True,True,True
1655,subcell,1.0,True,False,False,True
1656,subcell,0.19999999999999998,False,True,False,True
1657,subcell,0.6000000000000001,True,True,False,True
1658,subcell,0.7999999999999999,True,True,False,True
1659,subcell,-0.7999999999999999,False,True,True,True
1660,subcell,-0.6000000000000001,False,False,True,True
1661,subcell,0.7999999999999999,True,False,False,True
1662,subcell,0.39999999999999997,False,True,False,True
1663,subcell,0.39999999999999997,False,True,False,True
1664,subcell,-0.39999999999999997,True,False,True,True
1665,subcell,-0.7999999999999999,False,False,True,True
1666,subcell,0.7999999999999999,True,True,False,True
1667,subcell,-1.0,False,True,True,True
1668,subcell,0.7999999999999999,True,True,False,True
1669,subcell,-0.39999999999999997,False,True,False,True
1670,subcell,-0.7999999999999999,False,False,True,True
1671,subcell,-0.7999999999999999,False,True,True,True
1672,subcell,1.0,True,False,False,True
1673,subcell,-0.39999999999999997,True,True,True,True
1674,subcell,-0.39999999999999997,True,True,True,True
1675,subcell,0.0,True,True,False,True
1676,subcell,-0.39999999999999997,True,True,True,True
1677,subcell,0.39999999999999997,False,False,False,False
1678,subcell,0.0,True,True,False,True
1679,subcell,-0.19999999999999998,False,True,False,True
1680,subcell,-0.39999999999999997,True,True,True,True
1681,subcell,0.19999999999999998,False,True,False,True
1682,subcell,0.7999999999999999,True,False,False,True
1683,subcell,-0.7999999999999999,False,False,True,True
1684,subcell,0.39999999999999997,False,False,False,False
1685,subcell,0.19999999999999998,False,True,False,True
1686,subcell,-0.19999999999999998,True,False,True,True
1687,subcell,0.19999999999999998,False,True,False,True
1688,subcell,1.0,True,False,False,True
1689,subcell,0.39999999999999997,True,False,True,True
1690,subcell,0.39999999999999997,False,False,False,False
1691,subcell,-0.19999999999999998,False,True,False,True
1692,subcell,0.19999999999999998,False,True,False,True
1693,subcell,0.39999999999999997,False,False,False,False
1694,subcell,-0.19999999999999998,True,False,True,True
1695,subcell,0.0,False,False,True,True
1696,subcell,0.39999999999999997,False,False,False,False
1697,subcell,0.7999999999999999,True,True,False,True
1698,subcell,1.0,True,False,False,True
1699,subcell,-0.19999999999999998,True,False,True,True
1700,subcell,0.6000000000000001,True,True,False,True
1701,subcell,0.7999999999999999,True,False,False,True
1702,subcell,0.0,True,True,False,True
1703,subcell,-0.39999999999999997,False,True,False,True
1704,subcell,-0.19999999999999998,False,True,False,True
1705,subcell,-0.39999999999999997,True,False,True,True
1706,subcell,0.39999999999999997,True,False,True,True
1707,subcell,-0.39999999999999997,True,True,True,True
1708,subcell,-0.7999999999999999,False,True,True,True
1709,subcell,0.0,False,False,True,True
1710,subcell,-0.7999999999999999,False,True,True,True
1711,subcell,0.7999999999999999,True,False,False,True
1712,subcell,0.7999999999999999,True,False,False,True
1713,subcell,0.7999999999999999,True,False,False,True
1714,subcell,0.0,True,True,False,True
1715,subcell,-1.0,False,True,True,True
1716,subcell,0.7999999999999999,True,False,False,True
1717,subcell,0.19999999999999998,False,True,False,True
1718,subcell,-0.39999999999999997,False,True,False,True
1719,subcell,0.39999999999999997,True,False,True,True
1720,subcell,0.7999999999999999,True,False,False,True
1721,subcell,-0.39999999999999997,True,True,True,True
1722,subcell,0.39999999999999997,False,True,False,True
1723,subcell,0.7999999999999999,True,False,False,True
1724,subcell,0.39999999999999997,False,True,False,True
1725,subcell,0.39999999999999997,True,False,True,True
1726,subcell,0.39999999999999997,False,False,False,False
1727,subcell,0.7999999999999999,True,False,False,True
1728,subcell,-0.19999999999999998,True,False,True,True
1729,subcell,0.7999999999999999,True,False,False,True
1730,subcell,0.19999999999999998,False,True,False,True
1731,subcell,0.39999999999999997,False,True,False,True
1732,subcell,1.0,True,False,False,True
1733,subcell,0.7999999999999999,True,False,False,True
1734,subcell,-0.39999999999999997,True,True,True,True
1735,subcell,-0.39999999999999997,True,True,True,True
1736,subcell,1.0,True,False,False,True
1737,subcell,-0.39999999999999997,False,True,False,True
1738,subcell,0.19999999999999998,True,False,True,True
1739,subcell,-0.39999999999999997,False,True,False,True
1740,subcell,0.7999999999999999,True,True,False,True
1741,subcell,1.0,True,False,False,True
1742,subcell,-0.39999999999999997,True,False,True,True
1743,subcell,0.0,False,False,True,True
1744,subcell,-0.7999999999999999,False,True,True,True
1745,subcell,0.19999999999999998,False,True,False,True
1746,subcell,0.0,True,True,False,True
1747,subcell,0.39999999999999997,False,False,False,False
1748,subcell,0.7999999999999999,True,False,False,True
1749,subcell,-0.39999999999999997,True,True,True,True
1750,subcell,-0.7999999999999999,False,False,True,True
1751,subcell,0.19999999999999998,True,False,True,True
1752,subcell,0.39999999999999997,False,False,False,False
1753,subcell,0.0,False,False,True,True
1754,subcell,1.0,True,False,False,True
1755,subcell,0.19999999999999998,False,True,False,True
1756,subcell,0.6000000000000001,True,True,False,True
1757,subcell,-0.39999999999999997,False,True,False,True
1758,subcell,0.39999999999999997,False,False,False,False
1759,subcell,1.0,True,False,False,True
1760,subcell,0.0,False,False,True,True
1761,subcell,0.39999999999999997,False,False,False,False
1762,subcell,-0.7999999999999999,False,False,True,True
1763,subcell,0.7999999999999999,True,True,False,True
1764,subcell,-0.7999999999999999,False,True,True,True
1765,subcell,0.0,True,True,False,True
1766,subcell,0.39999999999999997,False,True,False,True
1767,subcell,-0.7999999999999999,False,True,True,True
1768,subcell,-0.7999999999999999,False,True,True,True
1769,subcell,0.39999999999999997,False,False,False,False
1770,subcell,0.39999999999999997,True,False,True,True
1771,subcell,0.39999999999999997,True,False,True,True
1772,subcell,0.7999999999999999,True,True,False,True
1773,subcell,0.39999999999999997,False,False,False,False
1774,subcell,-0.39999999999999997,False,True,False,True
1775,subcell,0.7999999999999999,True,True,False,True
1776,subcell,0.39999999999999997,False,True,False,True
1777,subcell,-0.39999999999999997,True,True,True,True
1778,subcell,-0.19999999999999998,False,True,False,True
1779,subcell,-0.19999999999999998,False,True,False,True
1780,subcell,0.39999999999999997,False,False,False,False
1781,subcell,-1.0,False,True,True,True
1782,subcell,0.0,True,True,False,True
1783,subcell,0.39999999999999997,True,False,True,True
1784,subcell,-0.39999999999999997,False,True,False,True
1785,subcell,1.0,True,False,False,True
1786,subcell,0.39999999999999997,False,False,False,False
1787,subcell,0.19999999999999998,True,False,True,True
1788,subcell,0.39999999999999997,True,False,True,True
1789,subcell,-0.39999999999999997,True,False,True,True
1790,subcell,0.39999999999999997,False,True,False,True
1791,subcell,1.0,True,False,False,True
1792,subcell,0.39999999999999997,False,False,False,False
1793,subcell,-0.19999999999999998,False,True,False,True
1794,subcell,0.6000000000000001,True,True,False,True
1795,subcell,-0.39999999999999997,True,False,True,True
1796,subcell,0.6000000000000001,True,True,False,True
1797,subcell,0.6000000000000001,True,True,False,True
1798,subcell,-1.0,False,True,True,True
1799,subcell,0.39999999999999997,False,True,False,True
1800,subcell,0.39999999999999997,False,True,False,True
1801,subcell,-0.39999999999999997,False,True,False,True
1802,subcell,-0.6000000000000001,False,False,True,True
1803,subcell,0.6000000000000001,True,True,False,True
1804,subcell,0.39999999999999997,True,False,True,True
1805,subcell,-0.6000000000000001,False,False,True,True
1806,subcell,-0.6000000000000001,False,False,True,True
1807,subcell,-1.0,False,True,True,True
1808,subcell,0.7999999999999999,True,True,False,True
1809,subcell,-0.19999999999999998,False,True,False,True
1810,subcell,0.6000000000000001,True,True,False,True
1811,subcell,-0.19999999999999998,True,False,True,True
1812,subcell,-0.39999999999999997,True,True,True,True
1813,subcell,0.0,True,True,False,True
1814,subcell,0.39999999999999997,False,False,False,False
1815,subcell,0.7999999999999999,True,True,False,True
1816,subcell,0.7999999999999999,True,False,False,True
1817,subcell,1.0,True,False,False,True
1818,subcell,0.7999999999999999,True,True,False,True
1819,subcell,0.0,True,True,False,True
1820,subcell,0.7999999999999999,True,True,False,True
1821,subcell,-0.39999999999999997,True,True,True,True
1822,subcell,0.19999999999999998,False,True,False,True
1823,subcell,-0.19999999999999998,False,True,False,True
1824,subcell,0.7999999999999999,True,True,False,True
1825,subcell,0.0,True,True,False,True
1826,subcell,0.7999999999999999,True,True,False,True
1827,subcell,0.39999999999999997,False,True,False,True
1828,subcell,-1.0,False,True,True,True
1829,subcell,0.7999999999999999,True,True,False,True
1830,subcell,-0.39999999999999997,True,True,True,True
1831,subcell,0.39999999999999997,False,False,False,False
1832,subcell,-0.7999999999999999,False,False,True,True
1833,subcell,0.0,True,True,False,True
1834,subcell,-0.7999999999999999,False,True,True,True
1835,subcell,-0.39999999999999997,True,True,True,True
1836,subcell,-0.39999999999999997,True,False,True,True
1837,subcell,0.39999999999999997,False,False,False,False
1838,subcell,-0.19999999999999998,True,False,True,True
1839,subcell,0.19999999999999998,False,True,False,True
1840,subcell,0.0,False,False,True,True
1841,subcell,0.7999999999999999,True,False,False,True
1842,subcell,-0.39999999999999997,False,True,False,True
1843,subcell,-0.39999999999999997,False,True,False,True
1844,subcell,-0.6000000000000001,False,False,True,True
1845,subcell,0.0,True,True,False,True
1846,subcell,-0.7999999999999999,False,True,True,True
1847,subcell,-0.7999999999999999,False,False,True,True
1848,subcell,-0.39999999999999997,False,True,False,True
1849,subcell,0.39999999999999997,False,True,False,True
1850,subcell,-0.39999999999999997,True,False,True,True
1851,subcell,0.39999999999999997,False,False,False,False
1852,subcell,0.39999999999999997,True,False,True,True
1853,subcell,-0.7999999999999999,False,True,True,True
1854,subcell,0.7999999999999999,True,True,False,True
1855,subcell,-0.6000000000000001,False,False,True,True
1856,subcell,-0.39999999999999997,True,False,True,True
1857,subcell,0.7999999999999999,True,False,False,True
1858,subcell,0.6000000000000001,True,True,False,True
1859,subcell,0.6000000000000001,True,True,False,True
1860,subcell,0.39999999999999997,True,False,True,True
1861,subcell,0.0,False,False,True,True
1862,subcell,-0.7999999999999999,False,True,True,True
1863,subcell,0.0,True,True,False,True
1864,subcell,1.0,True,False,False,True
1865,subcell,0.7999999999999999,True,False,False,True
1866,subcell,0.39999999999999997,False,False,False,False
1867,subcell,-0.39999999999999997,True,True,True,True
1868,subcell,-0.7999999999999999,False,True,True,True
1869,subcell,-0.7999999999999999,False,False,True,True
1870,subcell,-0.39999999999999997,True,True,True,True
1871,subcell,0.7999999999999999,True,True,False,True
1872,subcell,-0.19999999999999998,True,False,True,True
1873,subcell,0.39999999999999997,False,False,False,False
1874,subcell,0.39999999999999997,False,True,False,True
1875,subcell,-0.39999999999999997,True,True,True,True
1876,subcell,0.7999999999999999,True,False,False,True
1877,subcell,0.7999999999999999,True,False,False,True
1878,subcell,-0.7999999999999999,False,False,True,True
1879,subcell,0.7999999999999999,True,True,False,True
1880,subcell,0.7999999999999999,True,True,False,True
1881,subcell,-1.0,False,True,True,True
1882,subcell,0.0,True,True,False,True
1883,subcell,0.0,True,True,False,True
1884,subcell,-0.39999999999999997,True,True,True,True
1885,subcell,-1.0,False,True,True,True
1886,subcell,-1.0,False,True,True,True
1887,subcell,0.39999999999999997,True,False,True,True
1888,subcell,0.7999999999999999,True,False,False,True
1889,subcell,0.19999999999999998,False,True,False,True
1890,subcell,-0.6000000000000001,False,False,True,True
1891,subcell,-0.39999999999999997,True,False,True,True
1892,subcell,1.0,True,False,False,True
1893,subcell,0.39999999999999997,False,False,False,False
1894,subcell,0.6000000000000001,True,True,False,True
1895,subcell,0.7999999999999999,True,False,False,True
1896,subcell,-0.39999999999999997,False,True,False,True
1897,subcell,0.0,True,True,False,True
1898,subcell,0.7999999999999999,True,False,False,True
1899,subcell,0.19999999999999998,False,True,False,True
1900,subcell,0.6000000000000001,True,True,False,True
1901,subcell,-0.39999999999999997,False,True,False,True
1902,subcell,0.7999999999999999,True,True,False,True
1903,subcell,0.39999999999999997,False,True,False,True
1904,subcell,-0.7999999999999999,False,True,True,True
1905,subcell,0.0,True,True,False,True
1906,subcell,0.39999999999999997,False,True,False,True
1907,subcell,0.39999999999999997,True,False,True,True
1908,subcell,0.7999999999999999,True,False,False,True
1909,subcell,0.7999999999999999,True,True,False,True
1910,subcell,-0.39999999999999997,True,True,True,True
1911,subcell,0.0,True,True,False,True
1912,subcell,-0.39999999999999997,True,True,True,True
1913,subcell,-0.7999999999999999,False,True,True,True
1914,subcell,-1.0,False,True,True,True
1915,subcell,0.39999999999999997,True,False,True,True
1916,subcell,0.39999999999999997,True,False,True,True
1917,subcell,-0.7999999999999999,False,True,True,True
1918,subcell,0.39999999999999997,True,False,True,True
1919,subcell,-0.39999999999999997,True,False,True,True
1920,subcell,0.19999999999999998,True,False,True,True
1921,subcell,-0.39999999999999997,True,False,True,True
1922,subcell,0.0,True,True,False,True
1923,subcell,0.7999999999999999,True,True,False,True
1924,subcell,-0.19999999999999998,True,False,True,True
1925,subcell,-0.7999999999999999,False,True,True,True
1926,subcell,-1.0,False,True,True,True
1927,subcell,0.39999999999999997,False,False,False,False
1928,subcell,0.19999999999999998,True,False,True,True
1929,subcell,-0.39999999999999997,True,True,True,True
1930,subcell,0.19999999999999998,False,True,False,True
1931,subcell,-0.39999999999999997,False,True,False,True
1932,subcell,0.0,False,False,True,True
1933,subcell,0.6000000000000001,True,True,False,True
1934,subcell,0.7999999999999999,True,True,False,True
1935,subcell,-0.39999999999999997,True,True,True,True
1936,subcell,0.39999999999999997,False,True,False,True
1937,subcell,-0.6000000000000001,False,False,True,True
1938,subcell,0.7999999999999999,True,True,False,True
1939,subcell,-0.6000000000000001,False,False,True,True
1940,subcell,0.39999999999999997,False,False,False,False
1941,subcell,-1.0,False,True,True,True
1942,subcell,0.0,True,True,False,True
1943,subcell,0.7999999999999999,True,False,False,True
1944,subcell,0.7999999999999999,True,False,False,True
1945,subcell,0.0,True,True,False,True
1946,subcell,1.0,True,False,False,True
1947,subcell,-0.19999999999999998,True,False,True,True
1948,subcell,0.0,True,True,False,True
1949,subcell,1.0,True,False,False,True
1950,subcell,0.0,False,False,True,True
1951,subcell,0.7999999999999999,True,False,False,True
1952,subcell,0.7999999999999999,True,False,False,True
1953,subcell,0.6000000000000001,True,True,False,True
1954,subcell,-0.6000000000000001,False,False,True,True
1955,subcell,-0.19999999999999998,False,True,False,True
1956,subcell,-0.7999999999999999,False,False,True,True
1957,subcell,0.7999999999999999,True,False,False,True
1958,subcell,0.19999999999999998,False,True,False,True
1959,subcell,1.0,True,False,False,True
1960,subcell,0.7999999999999999,True,True,False,True
1961,subcell,0.39999999999999997,True,False,True,True
1962,subcell,-0.7999999999999999,False,True,True,True
1963,subcell,-0.39999999999999997,False,True,False,True
1964,subcell,0.0,True,True,False,True
1965,subcell,0.0,True,True,False,True
1966,subcell,0.19999999999999998,True,False,True,True
1967,subcell,-0.7999999999999999,False,True,True,True
1968,subcell,0.7999999999999999,True,False,False,True
1969,subcell,1.0,True,False,False,True
1970,subcell,0.39999999999999997,False,False,False,False
1971,subcell,0.39999999999999997,False,False,False,False
1972,subcell,0.7999999999999999,True,True,False,True
1973,subcell,-0.39999999999999997,True,False,True,True
1974,subcell,1.0,True,False,False,True
1975,subcell,0.7999999999999999,True,True,False,True
1976,subcell,0.19999999999999998,True,False,True,True
1977,subcell,-0.39999999999999997,False,True,False,True
1978,subcell,-0.39999999999999997,False,True,False,True
1979,subcell,0.19999999999999998,False,True,False,True
1980,subcell,-0.39999999999999997,False,True,False,True
1981,subcell,0.0,True,True,False,True
1982,subcell,0.7999999999999999,True,True,False,True
1983,subcell,0.19999999999999998,False,True,False,True
1984,subcell,-0.7999999999999999,False,True,True,True
1985,subcell,-0.39999999999999997,True,True,True,True
1986,subcell,1.0,True,False,False,True
1987,subcell,0.7999999999999999,True,False,False,True
1988,subcell,-0.39999999999999997,True,False,True,True
1989,subcell,0.39999999999999997,False,True,False,True
1990,subcell,0.6000000000000001,True,True,False,True
1991,subcell,0.6000000000000001,True,True,False,True
1992,subcell,0.6000000000000001,True,True,False,True
1993,subcell,-1.0,False,True,True,True
1994,subcell,0.39999999999999997,False,True,False,True
1995,subcell,-0.7999999999999999,False,True,True,True
1996,subcell,0.19999999999999998,False,True,False,True
1997,subcell,-0.7999999999999999,False,True,True,True
1998,subcell,-0.39999999999999997,False,True,False,True
1999,subcell,0.6000000000000001,True,True,False,True
